country,iso3,fuel_type,year,capacity_gw,generation_twh,capacity_factor,cf_low,cf_high,years_used,proxy_fuel,source_id,note
AW,ABW,oil,2024,0.24,0.83,0.3948,0.36,0.4307,5,yes,ember_yearly_electricity,"implied by the country's own published capacity and generation for that fuel; Ember publishes no oil line: 'Other Fossil' is oil products plus other fossil fuels, and stands in for oil utilisation"
AF,AFG,hydro,2024,0.47,0.75,0.1822,0.1797,0.3229,5,no,ember_yearly_electricity,implied by the country's own published capacity and generation for that fuel
AF,AFG,oil,2024,0.24,0.1,0.0476,0.0476,0.0815,5,yes,ember_yearly_electricity,"implied by the country's own published capacity and generation for that fuel; Ember publishes no oil line: 'Other Fossil' is oil products plus other fossil fuels, and stands in for oil utilisation"
AF,AFG,solar,2024,0.06,0.11,0.2093,0.1598,0.2093,5,no,ember_yearly_electricity,implied by the country's own published capacity and generation for that fuel
AO,AGO,bioenergy,2024,0.05,0.05,0.1142,0.1142,0.1142,5,no,ember_yearly_electricity,implied by the country's own published capacity and generation for that fuel
AO,AGO,gas,2024,0.72,1.4,0.222,0.2204,0.2648,5,no,ember_yearly_electricity,implied by the country's own published capacity and generation for that fuel
AO,AGO,hydro,2024,3.73,11.0,0.3367,0.3367,0.3868,5,no,ember_yearly_electricity,implied by the country's own published capacity and generation for that fuel
AO,AGO,oil,2024,1.64,2.7,0.1879,0.1705,0.1879,5,yes,ember_yearly_electricity,"implied by the country's own published capacity and generation for that fuel; Ember publishes no oil line: 'Other Fossil' is oil products plus other fossil fuels, and stands in for oil utilisation"
AO,AGO,solar,2024,0.36,0.44,0.1395,0.1395,0.1535,3,no,ember_yearly_electricity,implied by the country's own published capacity and generation for that fuel
AE,ARE,coal,2021,1.2,3.01,0.2863,0.1389,0.2863,2,no,ember_yearly_electricity,implied by the country's own published capacity and generation for that fuel
AE,ARE,gas,2024,41.7,121.01,0.3313,0.3242,0.3969,5,no,ember_yearly_electricity,implied by the country's own published capacity and generation for that fuel
AE,ARE,nuclear,2024,5.56,40.63,0.8342,0.1339,0.9428,5,no,ember_yearly_electricity,implied by the country's own published capacity and generation for that fuel
AE,ARE,solar,2024,6.5,15.21,0.2671,0.2378,0.2767,5,no,ember_yearly_electricity,implied by the country's own published capacity and generation for that fuel
AE,ARE,wind,2024,0.11,0.2,0.2076,0.0685,0.2076,2,no,ember_yearly_electricity,implied by the country's own published capacity and generation for that fuel
AR,ARG,bioenergy,2025,0.43,2.95,0.7832,0.721,0.7901,5,no,ember_yearly_electricity,implied by the country's own published capacity and generation for that fuel
AR,ARG,coal,2025,0.65,1.34,0.2353,0.2301,0.5126,5,no,ember_yearly_electricity,implied by the country's own published capacity and generation for that fuel
AR,ARG,gas,2025,22.94,82.15,0.4088,0.3948,0.4838,5,no,ember_yearly_electricity,implied by the country's own published capacity and generation for that fuel
AR,ARG,hydro,2025,9.19,26.25,0.3261,0.2161,0.3682,5,no,ember_yearly_electricity,implied by the country's own published capacity and generation for that fuel
AR,ARG,nuclear,2025,1.75,10.76,0.7019,0.4873,0.7019,5,no,ember_yearly_electricity,implied by the country's own published capacity and generation for that fuel
AR,ARG,oil,2025,4.45,5.92,0.1519,0.1519,0.4266,5,yes,ember_yearly_electricity,"implied by the country's own published capacity and generation for that fuel; Ember publishes no oil line: 'Other Fossil' is oil products plus other fossil fuels, and stands in for oil utilisation"
AR,ARG,solar,2025,2.59,5.14,0.2265,0.2265,0.3024,5,no,ember_yearly_electricity,implied by the country's own published capacity and generation for that fuel
AR,ARG,wind,2025,4.5,18.62,0.4723,0.4273,0.4883,5,no,ember_yearly_electricity,implied by the country's own published capacity and generation for that fuel
AM,ARM,gas,2025,1.83,3.31,0.2065,0.2065,0.242,5,no,ember_yearly_electricity,implied by the country's own published capacity and generation for that fuel
AM,ARM,hydro,2025,1.34,1.9,0.1619,0.1385,0.241,5,no,ember_yearly_electricity,implied by the country's own published capacity and generation for that fuel
AM,ARM,nuclear,2025,0.45,2.68,0.6799,0.4693,0.6799,5,no,ember_yearly_electricity,implied by the country's own published capacity and generation for that fuel
AM,ARM,solar,2025,0.71,0.73,0.1174,0.1174,0.2473,5,no,ember_yearly_electricity,implied by the country's own published capacity and generation for that fuel
AS,ASM,oil,2024,0.05,0.17,0.3881,0.3881,0.3881,3,yes,ember_yearly_electricity,"implied by the country's own published capacity and generation for that fuel; Ember publishes no oil line: 'Other Fossil' is oil products plus other fossil fuels, and stands in for oil utilisation"
AU,AUS,bioenergy,2025,0.87,3.04,0.3989,0.3631,0.4383,5,no,ember_yearly_electricity,implied by the country's own published capacity and generation for that fuel
AU,AUS,coal,2025,22.63,122.32,0.617,0.6045,0.6367,5,no,ember_yearly_electricity,implied by the country's own published capacity and generation for that fuel
AU,AUS,gas,2025,25.21,47.05,0.2131,0.2131,0.232,5,no,ember_yearly_electricity,implied by the country's own published capacity and generation for that fuel
AU,AUS,hydro,2025,7.71,12.22,0.1809,0.1809,0.2467,5,no,ember_yearly_electricity,implied by the country's own published capacity and generation for that fuel
AU,AUS,oil,2025,2.14,6.36,0.3393,0.2419,0.3393,5,yes,ember_yearly_electricity,"implied by the country's own published capacity and generation for that fuel; Ember publishes no oil line: 'Other Fossil' is oil products plus other fossil fuels, and stands in for oil utilisation"
AU,AUS,solar,2025,41.07,56.42,0.1568,0.1459,0.1675,5,no,ember_yearly_electricity,implied by the country's own published capacity and generation for that fuel
AU,AUS,wind,2025,16.35,39.29,0.2743,0.2402,0.2897,5,no,ember_yearly_electricity,implied by the country's own published capacity and generation for that fuel
AT,AUT,bioenergy,2025,0.96,4.66,0.5541,0.5312,0.5732,5,no,ember_yearly_electricity,implied by the country's own published capacity and generation for that fuel
AT,AUT,coal,2019,0.25,1.5,0.6849,0.3349,0.6849,5,no,ember_yearly_electricity,implied by the country's own published capacity and generation for that fuel
AT,AUT,gas,2025,4.99,8.8,0.2013,0.1716,0.2482,5,no,ember_yearly_electricity,implied by the country's own published capacity and generation for that fuel
AT,AUT,hydro,2025,15.75,37.93,0.2749,0.265,0.3435,5,no,ember_yearly_electricity,implied by the country's own published capacity and generation for that fuel
AT,AUT,oil,2025,0.54,3.27,0.6913,0.5816,0.6913,5,yes,ember_yearly_electricity,"implied by the country's own published capacity and generation for that fuel; Ember publishes no oil line: 'Other Fossil' is oil products plus other fossil fuels, and stands in for oil utilisation"
AT,AUT,solar,2025,10.3,10.31,0.1143,0.1044,0.1231,5,no,ember_yearly_electricity,implied by the country's own published capacity and generation for that fuel
AT,AUT,wind,2025,4.29,8.31,0.2211,0.2211,0.2551,5,no,ember_yearly_electricity,implied by the country's own published capacity and generation for that fuel
AZ,AZE,gas,2025,7.14,24.64,0.3939,0.3939,0.5341,5,no,ember_yearly_electricity,implied by the country's own published capacity and generation for that fuel
AZ,AZE,hydro,2025,1.44,2.53,0.2006,0.126,0.2429,5,no,ember_yearly_electricity,implied by the country's own published capacity and generation for that fuel
AZ,AZE,solar,2024,0.28,0.08,0.0326,0.0285,0.137,4,no,ember_yearly_electricity,implied by the country's own published capacity and generation for that fuel
AZ,AZE,wind,2025,0.06,0.09,0.1712,0.1305,0.1712,5,no,ember_yearly_electricity,implied by the country's own published capacity and generation for that fuel
BI,BDI,hydro,2024,0.06,0.36,0.6849,0.4947,0.704,5,no,ember_yearly_electricity,implied by the country's own published capacity and generation for that fuel
BI,BDI,oil,2024,0.05,0.12,0.274,0.2055,0.274,5,yes,ember_yearly_electricity,"implied by the country's own published capacity and generation for that fuel; Ember publishes no oil line: 'Other Fossil' is oil products plus other fossil fuels, and stands in for oil utilisation"
BE,BEL,bioenergy,2023,0.64,3.79,0.676,0.676,0.8534,5,no,ember_yearly_electricity,implied by the country's own published capacity and generation for that fuel
BE,BEL,coal,2015,0.56,2.07,0.422,0.2817,0.6136,5,no,ember_yearly_electricity,implied by the country's own published capacity and generation for that fuel
BE,BEL,gas,2025,7.26,13.04,0.205,0.205,0.3694,5,no,ember_yearly_electricity,implied by the country's own published capacity and generation for that fuel
BE,BEL,hydro,2025,0.11,0.49,0.5085,0.2568,0.5232,5,no,ember_yearly_electricity,implied by the country's own published capacity and generation for that fuel
BE,BEL,nuclear,2024,3.93,31.25,0.9077,0.6617,0.9672,4,no,ember_yearly_electricity,implied by the country's own published capacity and generation for that fuel
BE,BEL,oil,2025,0.5,0.41,0.0936,0.0936,0.9292,5,yes,ember_yearly_electricity,"implied by the country's own published capacity and generation for that fuel; Ember publishes no oil line: 'Other Fossil' is oil products plus other fossil fuels, and stands in for oil utilisation"
BE,BEL,solar,2025,10.4,10.46,0.1148,0.1014,0.1158,5,no,ember_yearly_electricity,implied by the country's own published capacity and generation for that fuel
BE,BEL,wind,2025,5.85,13.39,0.2613,0.2613,0.3234,5,no,ember_yearly_electricity,implied by the country's own published capacity and generation for that fuel
BJ,BEN,gas,2024,0.13,0.73,0.641,0.641,0.7815,5,no,ember_yearly_electricity,implied by the country's own published capacity and generation for that fuel
BJ,BEN,oil,2024,0.17,0.24,0.1612,0.1477,0.1612,5,yes,ember_yearly_electricity,"implied by the country's own published capacity and generation for that fuel; Ember publishes no oil line: 'Other Fossil' is oil products plus other fossil fuels, and stands in for oil utilisation"
BF,BFA,oil,2024,0.4,1.4,0.3995,0.3995,0.4331,5,yes,ember_yearly_electricity,"implied by the country's own published capacity and generation for that fuel; Ember publishes no oil line: 'Other Fossil' is oil products plus other fossil fuels, and stands in for oil utilisation"
BF,BFA,solar,2024,0.21,0.11,0.0598,0.0571,0.1712,5,no,ember_yearly_electricity,implied by the country's own published capacity and generation for that fuel
BD,BGD,coal,2025,7.36,22.24,0.3449,0.2267,0.3841,5,no,ember_yearly_electricity,implied by the country's own published capacity and generation for that fuel
BD,BGD,gas,2025,13.05,66.48,0.5815,0.5815,0.7021,5,no,ember_yearly_electricity,implied by the country's own published capacity and generation for that fuel
BD,BGD,hydro,2025,0.23,0.65,0.3226,0.3226,0.3623,5,no,ember_yearly_electricity,implied by the country's own published capacity and generation for that fuel
BD,BGD,oil,2025,7.83,12.47,0.1818,0.1818,0.3928,5,yes,ember_yearly_electricity,"implied by the country's own published capacity and generation for that fuel; Ember publishes no oil line: 'Other Fossil' is oil products plus other fossil fuels, and stands in for oil utilisation"
BD,BGD,solar,2025,1.15,1.56,0.1549,0.1365,0.191,5,no,ember_yearly_electricity,implied by the country's own published capacity and generation for that fuel
BG,BGR,bioenergy,2017,0.05,0.4,0.9132,0.6164,0.9132,3,no,ember_yearly_electricity,implied by the country's own published capacity and generation for that fuel
BG,BGR,coal,2025,4.66,8.55,0.2094,0.2094,0.4868,5,no,ember_yearly_electricity,implied by the country's own published capacity and generation for that fuel
BG,BGR,gas,2025,1.18,1.85,0.179,0.179,0.2951,5,no,ember_yearly_electricity,implied by the country's own published capacity and generation for that fuel
BG,BGR,hydro,2025,2.55,2.53,0.1133,0.1133,0.2192,5,no,ember_yearly_electricity,implied by the country's own published capacity and generation for that fuel
BG,BGR,nuclear,2025,2.01,14.85,0.8434,0.8434,0.9365,5,no,ember_yearly_electricity,implied by the country's own published capacity and generation for that fuel
BG,BGR,solar,2025,5.91,6.91,0.1335,0.1321,0.1374,5,no,ember_yearly_electricity,implied by the country's own published capacity and generation for that fuel
BG,BGR,wind,2025,0.71,1.32,0.2122,0.2122,0.2577,5,no,ember_yearly_electricity,implied by the country's own published capacity and generation for that fuel
BH,BHR,gas,2024,9.28,37.85,0.4656,0.4656,0.5446,5,no,ember_yearly_electricity,implied by the country's own published capacity and generation for that fuel
BH,BHR,solar,2024,0.07,0.1,0.1631,0.1631,0.1826,3,no,ember_yearly_electricity,implied by the country's own published capacity and generation for that fuel
BS,BHS,oil,2024,0.93,2.23,0.2737,0.2492,0.2737,5,yes,ember_yearly_electricity,"implied by the country's own published capacity and generation for that fuel; Ember publishes no oil line: 'Other Fossil' is oil products plus other fossil fuels, and stands in for oil utilisation"
BA,BIH,coal,2025,2.09,8.08,0.4413,0.4413,0.6117,5,no,ember_yearly_electricity,implied by the country's own published capacity and generation for that fuel
BA,BIH,hydro,2025,1.88,5.29,0.3212,0.2922,0.4188,5,no,ember_yearly_electricity,implied by the country's own published capacity and generation for that fuel
BA,BIH,solar,2025,0.67,0.59,0.1005,0.073,0.1359,5,no,ember_yearly_electricity,implied by the country's own published capacity and generation for that fuel
BA,BIH,wind,2025,0.24,0.37,0.176,0.176,0.318,5,no,ember_yearly_electricity,implied by the country's own published capacity and generation for that fuel
BY,BLR,bioenergy,2025,0.1,0.46,0.5251,0.4077,0.6279,5,no,ember_yearly_electricity,implied by the country's own published capacity and generation for that fuel
BY,BLR,gas,2025,9.76,25.25,0.2953,0.2953,0.3796,5,no,ember_yearly_electricity,implied by the country's own published capacity and generation for that fuel
BY,BLR,hydro,2024,0.09,0.4,0.5074,0.4224,0.5074,5,no,ember_yearly_electricity,implied by the country's own published capacity and generation for that fuel
BY,BLR,nuclear,2025,2.34,16.97,0.8279,0.4566,0.8279,4,no,ember_yearly_electricity,implied by the country's own published capacity and generation for that fuel
BY,BLR,solar,2024,0.26,0.26,0.1142,0.0888,0.1284,5,no,ember_yearly_electricity,implied by the country's own published capacity and generation for that fuel
BY,BLR,wind,2025,0.12,0.41,0.39,0.1712,0.39,5,no,ember_yearly_electricity,implied by the country's own published capacity and generation for that fuel
BZ,BLZ,hydro,2024,0.06,0.24,0.4566,0.3044,0.4566,5,no,ember_yearly_electricity,implied by the country's own published capacity and generation for that fuel
BZ,BLZ,oil,2024,0.15,0.06,0.0457,0.0457,0.0685,5,yes,ember_yearly_electricity,"implied by the country's own published capacity and generation for that fuel; Ember publishes no oil line: 'Other Fossil' is oil products plus other fossil fuels, and stands in for oil utilisation"
BM,BMU,oil,2024,0.11,0.6,0.6227,0.6019,0.6538,5,yes,ember_yearly_electricity,"implied by the country's own published capacity and generation for that fuel; Ember publishes no oil line: 'Other Fossil' is oil products plus other fossil fuels, and stands in for oil utilisation"
BO,BOL,bioenergy,2025,0.26,0.44,0.1932,0.1776,0.3751,5,no,ember_yearly_electricity,implied by the country's own published capacity and generation for that fuel
BO,BOL,gas,2025,2.35,8.51,0.4134,0.3081,0.5123,5,no,ember_yearly_electricity,implied by the country's own published capacity and generation for that fuel
BO,BOL,hydro,2025,0.72,3.8,0.6025,0.4397,0.6025,5,no,ember_yearly_electricity,implied by the country's own published capacity and generation for that fuel
BO,BOL,oil,2022,0.14,0.23,0.1875,0.1712,0.2365,5,yes,ember_yearly_electricity,"implied by the country's own published capacity and generation for that fuel; Ember publishes no oil line: 'Other Fossil' is oil products plus other fossil fuels, and stands in for oil utilisation"
BO,BOL,solar,2025,0.19,0.4,0.2403,0.235,0.2537,5,no,ember_yearly_electricity,implied by the country's own published capacity and generation for that fuel
BO,BOL,wind,2025,0.14,0.28,0.2283,0.1142,0.3914,5,no,ember_yearly_electricity,implied by the country's own published capacity and generation for that fuel
BR,BRA,bioenergy,2025,18.36,55.12,0.3427,0.3427,0.3906,5,no,ember_yearly_electricity,implied by the country's own published capacity and generation for that fuel
BR,BRA,coal,2025,3.0,17.19,0.6541,0.4778,0.8702,5,no,ember_yearly_electricity,implied by the country's own published capacity and generation for that fuel
BR,BRA,gas,2025,19.45,54.85,0.3219,0.2479,0.5805,5,no,ember_yearly_electricity,implied by the country's own published capacity and generation for that fuel
BR,BRA,hydro,2025,110.27,388.63,0.4023,0.3786,0.4442,5,no,ember_yearly_electricity,implied by the country's own published capacity and generation for that fuel
BR,BRA,nuclear,2025,1.99,15.87,0.9104,0.8318,0.9104,5,no,ember_yearly_electricity,implied by the country's own published capacity and generation for that fuel
BR,BRA,oil,2025,8.01,12.65,0.1803,0.1712,0.2697,5,yes,ember_yearly_electricity,"implied by the country's own published capacity and generation for that fuel; Ember publishes no oil line: 'Other Fossil' is oil products plus other fossil fuels, and stands in for oil utilisation"
BR,BRA,solar,2025,64.69,88.64,0.1564,0.1336,0.1564,5,no,ember_yearly_electricity,implied by the country's own published capacity and generation for that fuel
BR,BRA,wind,2025,34.87,117.58,0.3849,0.3757,0.393,5,no,ember_yearly_electricity,implied by the country's own published capacity and generation for that fuel
BB,BRB,oil,2024,0.3,0.98,0.3729,0.3729,0.4259,5,yes,ember_yearly_electricity,"implied by the country's own published capacity and generation for that fuel; Ember publishes no oil line: 'Other Fossil' is oil products plus other fossil fuels, and stands in for oil utilisation"
BB,BRB,solar,2024,0.07,0.1,0.1631,0.1305,0.1631,5,no,ember_yearly_electricity,implied by the country's own published capacity and generation for that fuel
BN,BRN,coal,2024,0.22,1.1,0.5708,0.5708,0.6434,5,no,ember_yearly_electricity,implied by the country's own published capacity and generation for that fuel
BN,BRN,gas,2024,1.14,4.4,0.4406,0.4406,0.5154,5,no,ember_yearly_electricity,implied by the country's own published capacity and generation for that fuel
BT,BTN,hydro,2024,2.45,11.0,0.5125,0.5125,0.5571,5,no,ember_yearly_electricity,implied by the country's own published capacity and generation for that fuel
BW,BWA,coal,2024,0.73,3.37,0.527,0.3315,0.527,5,no,ember_yearly_electricity,implied by the country's own published capacity and generation for that fuel
BW,BWA,oil,2024,0.07,0.05,0.0815,0.0489,0.1631,5,yes,ember_yearly_electricity,"implied by the country's own published capacity and generation for that fuel; Ember publishes no oil line: 'Other Fossil' is oil products plus other fossil fuels, and stands in for oil utilisation"
BW,BWA,solar,2024,0.07,0.01,0.0163,0.0163,0.0163,1,no,ember_yearly_electricity,implied by the country's own published capacity and generation for that fuel
CA,CAN,bioenergy,2025,2.67,10.45,0.4468,0.4055,0.4511,5,no,ember_yearly_electricity,implied by the country's own published capacity and generation for that fuel
CA,CAN,coal,2025,3.38,26.05,0.8798,0.6197,0.8798,5,no,ember_yearly_electricity,implied by the country's own published capacity and generation for that fuel
CA,CAN,gas,2025,27.19,116.61,0.4896,0.4142,0.4939,5,no,ember_yearly_electricity,implied by the country's own published capacity and generation for that fuel
CA,CAN,hydro,2025,84.13,344.74,0.4678,0.4678,0.5437,5,no,ember_yearly_electricity,implied by the country's own published capacity and generation for that fuel
CA,CAN,nuclear,2025,12.67,85.32,0.7687,0.7555,0.8021,5,no,ember_yearly_electricity,implied by the country's own published capacity and generation for that fuel
CA,CAN,oil,2025,2.28,7.61,0.381,0.3304,0.403,5,yes,ember_yearly_electricity,"implied by the country's own published capacity and generation for that fuel; Ember publishes no oil line: 'Other Fossil' is oil products plus other fossil fuels, and stands in for oil utilisation"
CA,CAN,solar,2025,5.93,10.17,0.1958,0.1515,0.1958,5,no,ember_yearly_electricity,implied by the country's own published capacity and generation for that fuel
CA,CAN,wind,2025,17.74,51.48,0.3313,0.2865,0.3313,5,no,ember_yearly_electricity,implied by the country's own published capacity and generation for that fuel
CH,CHE,bioenergy,2015,0.06,0.52,0.9893,0.9893,0.9893,1,no,ember_yearly_electricity,implied by the country's own published capacity and generation for that fuel
CH,CHE,gas,2025,0.22,0.27,0.1401,0.1401,0.2482,5,no,ember_yearly_electricity,implied by the country's own published capacity and generation for that fuel
CH,CHE,hydro,2025,16.05,33.99,0.2418,0.2132,0.32,5,no,ember_yearly_electricity,implied by the country's own published capacity and generation for that fuel
CH,CHE,nuclear,2025,2.97,19.42,0.7464,0.7464,0.9371,5,no,ember_yearly_electricity,implied by the country's own published capacity and generation for that fuel
CH,CHE,oil,2025,0.27,1.23,0.52,0.4904,0.52,5,yes,ember_yearly_electricity,"implied by the country's own published capacity and generation for that fuel; Ember publishes no oil line: 'Other Fossil' is oil products plus other fossil fuels, and stands in for oil utilisation"
CH,CHE,solar,2025,9.11,7.89,0.0989,0.0833,0.0989,5,no,ember_yearly_electricity,implied by the country's own published capacity and generation for that fuel
CH,CHE,wind,2025,0.11,0.14,0.1453,0.1453,0.2156,5,no,ember_yearly_electricity,implied by the country's own published capacity and generation for that fuel
CL,CHL,bioenergy,2025,0.77,5.03,0.7457,0.7457,0.7457,1,no,ember_yearly_electricity,implied by the country's own published capacity and generation for that fuel
CL,CHL,coal,2025,3.12,15.72,0.5752,0.4037,0.6024,5,no,ember_yearly_electricity,implied by the country's own published capacity and generation for that fuel
CL,CHL,gas,2025,5.0,13.54,0.3091,0.2893,0.3826,5,no,ember_yearly_electricity,implied by the country's own published capacity and generation for that fuel
CL,CHL,hydro,2025,7.64,19.68,0.2941,0.2941,0.3979,5,no,ember_yearly_electricity,implied by the country's own published capacity and generation for that fuel
CL,CHL,oil,2025,1.99,0.5,0.0287,0.0184,0.1773,5,yes,ember_yearly_electricity,"implied by the country's own published capacity and generation for that fuel; Ember publishes no oil line: 'Other Fossil' is oil products plus other fossil fuels, and stands in for oil utilisation"
CL,CHL,solar,2025,12.14,22.18,0.2086,0.2086,0.2603,5,no,ember_yearly_electricity,implied by the country's own published capacity and generation for that fuel
CL,CHL,wind,2025,5.88,11.58,0.2248,0.2248,0.277,5,no,ember_yearly_electricity,implied by the country's own published capacity and generation for that fuel
CN,CHN,bioenergy,2013,4.39,37.13,0.9655,0.5177,0.9912,3,no,ember_yearly_electricity,implied by the country's own published capacity and generation for that fuel
CN,CHN,coal,2025,1243.29,5772.31,0.53,0.53,0.5728,5,no,ember_yearly_electricity,implied by the country's own published capacity and generation for that fuel
CN,CHN,gas,2025,160.51,317.89,0.2261,0.2261,0.312,5,no,ember_yearly_electricity,implied by the country's own published capacity and generation for that fuel
CN,CHN,hydro,2025,382.08,1394.79,0.4167,0.3776,0.4186,5,no,ember_yearly_electricity,implied by the country's own published capacity and generation for that fuel
CN,CHN,nuclear,2025,62.48,487.06,0.8899,0.8461,0.8899,5,no,ember_yearly_electricity,implied by the country's own published capacity and generation for that fuel
CN,CHN,oil,2025,16.57,88.71,0.6111,0.5198,0.6426,5,yes,ember_yearly_electricity,"implied by the country's own published capacity and generation for that fuel; Ember publishes no oil line: 'Other Fossil' is oil products plus other fossil fuels, and stands in for oil utilisation"
CN,CHN,solar,2025,1202.18,1174.94,0.1116,0.108,0.1241,5,no,ember_yearly_electricity,implied by the country's own published capacity and generation for that fuel
CN,CHN,wind,2025,640.63,1135.43,0.2023,0.2023,0.2379,5,no,ember_yearly_electricity,implied by the country's own published capacity and generation for that fuel
CI,CIV,gas,2024,1.47,7.65,0.5941,0.5941,0.9661,3,no,ember_yearly_electricity,implied by the country's own published capacity and generation for that fuel
CI,CIV,hydro,2024,0.99,3.0,0.3459,0.3386,0.4346,5,no,ember_yearly_electricity,implied by the country's own published capacity and generation for that fuel
CI,CIV,oil,2024,0.2,0.02,0.0114,0.0114,0.0114,5,yes,ember_yearly_electricity,"implied by the country's own published capacity and generation for that fuel; Ember publishes no oil line: 'Other Fossil' is oil products plus other fossil fuels, and stands in for oil utilisation"
CM,CMR,gas,2024,0.22,1.6,0.8302,0.825,0.8302,2,no,ember_yearly_electricity,implied by the country's own published capacity and generation for that fuel
CM,CMR,hydro,2024,1.41,5.23,0.4234,0.4234,0.7371,5,no,ember_yearly_electricity,implied by the country's own published capacity and generation for that fuel
CM,CMR,oil,2024,0.15,0.35,0.2664,0.2588,0.6621,5,yes,ember_yearly_electricity,"implied by the country's own published capacity and generation for that fuel; Ember publishes no oil line: 'Other Fossil' is oil products plus other fossil fuels, and stands in for oil utilisation"
CM,CMR,solar,2024,0.09,0.04,0.0507,0.0254,0.0507,4,no,ember_yearly_electricity,implied by the country's own published capacity and generation for that fuel
CD,COD,hydro,2024,3.25,13.4,0.4707,0.4707,0.5743,5,no,ember_yearly_electricity,implied by the country's own published capacity and generation for that fuel
CG,COG,gas,2024,0.53,4.03,0.868,0.6095,0.868,5,no,ember_yearly_electricity,implied by the country's own published capacity and generation for that fuel
CG,COG,hydro,2024,0.21,1.1,0.598,0.5708,0.6632,5,no,ember_yearly_electricity,implied by the country's own published capacity and generation for that fuel
CG,COG,oil,2024,0.06,0.29,0.5518,0.3615,0.5518,5,yes,ember_yearly_electricity,"implied by the country's own published capacity and generation for that fuel; Ember publishes no oil line: 'Other Fossil' is oil products plus other fossil fuels, and stands in for oil utilisation"
CO,COL,bioenergy,2025,0.42,2.35,0.6387,0.6387,0.7306,5,no,ember_yearly_electricity,implied by the country's own published capacity and generation for that fuel
CO,COL,coal,2025,1.61,5.53,0.3921,0.3148,0.7948,5,no,ember_yearly_electricity,implied by the country's own published capacity and generation for that fuel
CO,COL,gas,2025,4.31,12.43,0.3292,0.3292,0.5242,5,no,ember_yearly_electricity,implied by the country's own published capacity and generation for that fuel
CO,COL,hydro,2025,13.22,62.5,0.5397,0.4221,0.5799,5,no,ember_yearly_electricity,implied by the country's own published capacity and generation for that fuel
CO,COL,oil,2025,1.41,2.8,0.2267,0.2121,0.2633,5,yes,ember_yearly_electricity,"implied by the country's own published capacity and generation for that fuel; Ember publishes no oil line: 'Other Fossil' is oil products plus other fossil fuels, and stands in for oil utilisation"
CO,COL,solar,2025,1.73,4.6,0.3035,0.232,0.3035,5,no,ember_yearly_electricity,implied by the country's own published capacity and generation for that fuel
CV,CPV,oil,2024,0.16,0.36,0.2568,0.2417,0.2854,5,yes,ember_yearly_electricity,"implied by the country's own published capacity and generation for that fuel; Ember publishes no oil line: 'Other Fossil' is oil products plus other fossil fuels, and stands in for oil utilisation"
CR,CRI,bioenergy,2025,0.08,0.06,0.0856,0.0856,0.2711,5,no,ember_yearly_electricity,implied by the country's own published capacity and generation for that fuel
CR,CRI,hydro,2025,2.34,9.58,0.4674,0.3886,0.4674,5,no,ember_yearly_electricity,implied by the country's own published capacity and generation for that fuel
CR,CRI,oil,2024,0.52,0.01,0.0022,0.0022,0.0049,3,yes,ember_yearly_electricity,"implied by the country's own published capacity and generation for that fuel; Ember publishes no oil line: 'Other Fossil' is oil products plus other fossil fuels, and stands in for oil utilisation"
CR,CRI,solar,2025,0.08,0.09,0.1284,0.1284,0.1468,5,no,ember_yearly_electricity,implied by the country's own published capacity and generation for that fuel
CR,CRI,wind,2025,0.44,1.55,0.4021,0.3539,0.4595,5,no,ember_yearly_electricity,implied by the country's own published capacity and generation for that fuel
CU,CUB,bioenergy,2024,0.44,0.35,0.0908,0.0726,0.1308,5,no,ember_yearly_electricity,implied by the country's own published capacity and generation for that fuel
CU,CUB,gas,2024,0.58,2.65,0.5216,0.311,0.5216,5,no,ember_yearly_electricity,implied by the country's own published capacity and generation for that fuel
CU,CUB,hydro,2024,0.07,0.12,0.1957,0.1794,0.1957,5,no,ember_yearly_electricity,implied by the country's own published capacity and generation for that fuel
CU,CUB,oil,2024,5.32,16.0,0.3433,0.3036,0.3545,5,yes,ember_yearly_electricity,"implied by the country's own published capacity and generation for that fuel; Ember publishes no oil line: 'Other Fossil' is oil products plus other fossil fuels, and stands in for oil utilisation"
CU,CUB,solar,2024,0.39,0.24,0.0702,0.0702,0.1196,5,no,ember_yearly_electricity,implied by the country's own published capacity and generation for that fuel
KY,CYM,oil,2024,0.21,0.68,0.3696,0.3696,0.4086,5,yes,ember_yearly_electricity,"implied by the country's own published capacity and generation for that fuel; Ember publishes no oil line: 'Other Fossil' is oil products plus other fossil fuels, and stands in for oil utilisation"
CY,CYP,oil,2025,1.85,4.27,0.2635,0.2616,0.2715,5,yes,ember_yearly_electricity,"implied by the country's own published capacity and generation for that fuel; Ember publishes no oil line: 'Other Fossil' is oil products plus other fossil fuels, and stands in for oil utilisation"
CY,CYP,solar,2025,0.86,1.37,0.1819,0.1631,0.1819,5,no,ember_yearly_electricity,implied by the country's own published capacity and generation for that fuel
CY,CYP,wind,2025,0.17,0.21,0.141,0.141,0.1784,5,no,ember_yearly_electricity,implied by the country's own published capacity and generation for that fuel
CZ,CZE,bioenergy,2025,0.83,6.05,0.8321,0.7399,0.8321,5,no,ember_yearly_electricity,implied by the country's own published capacity and generation for that fuel
CZ,CZE,coal,2025,6.86,26.6,0.4426,0.4058,0.5613,5,no,ember_yearly_electricity,implied by the country's own published capacity and generation for that fuel
CZ,CZE,gas,2025,1.82,4.08,0.2559,0.2442,0.4852,5,no,ember_yearly_electricity,implied by the country's own published capacity and generation for that fuel
CZ,CZE,hydro,2025,1.12,1.71,0.1743,0.1743,0.2711,5,no,ember_yearly_electricity,implied by the country's own published capacity and generation for that fuel
CZ,CZE,nuclear,2025,4.35,31.94,0.8382,0.7903,0.8382,5,no,ember_yearly_electricity,implied by the country's own published capacity and generation for that fuel
CZ,CZE,oil,2025,0.08,0.16,0.2283,0.2283,0.7135,2,yes,ember_yearly_electricity,"implied by the country's own published capacity and generation for that fuel; Ember publishes no oil line: 'Other Fossil' is oil products plus other fossil fuels, and stands in for oil utilisation"
CZ,CZE,solar,2025,4.54,4.39,0.1104,0.1018,0.1251,5,no,ember_yearly_electricity,implied by the country's own published capacity and generation for that fuel
CZ,CZE,wind,2025,0.37,0.57,0.1759,0.1759,0.235,5,no,ember_yearly_electricity,implied by the country's own published capacity and generation for that fuel
DE,DEU,bioenergy,2025,8.98,50.53,0.6423,0.6326,0.6634,5,no,ember_yearly_electricity,implied by the country's own published capacity and generation for that fuel
DE,DEU,coal,2025,31.97,103.15,0.3683,0.3646,0.5242,5,no,ember_yearly_electricity,implied by the country's own published capacity and generation for that fuel
DE,DEU,gas,2025,32.44,82.67,0.2909,0.2743,0.3642,5,no,ember_yearly_electricity,implied by the country's own published capacity and generation for that fuel
DE,DEU,hydro,2025,5.69,19.56,0.3924,0.3611,0.4946,5,no,ember_yearly_electricity,implied by the country's own published capacity and generation for that fuel
DE,DEU,nuclear,2022,4.2,34.71,0.9434,0.8033,0.9731,5,no,ember_yearly_electricity,implied by the country's own published capacity and generation for that fuel
DE,DEU,oil,2025,4.13,18.91,0.5227,0.5227,0.6629,5,yes,ember_yearly_electricity,"implied by the country's own published capacity and generation for that fuel; Ember publishes no oil line: 'Other Fossil' is oil products plus other fossil fuels, and stands in for oil utilisation"
DE,DEU,solar,2025,106.27,89.62,0.0963,0.0928,0.1125,5,no,ember_yearly_electricity,implied by the country's own published capacity and generation for that fuel
DE,DEU,wind,2025,77.81,136.03,0.1996,0.1996,0.231,5,no,ember_yearly_electricity,implied by the country's own published capacity and generation for that fuel
DJ,DJI,oil,2024,0.12,0.13,0.1237,0.1237,0.1237,5,yes,ember_yearly_electricity,"implied by the country's own published capacity and generation for that fuel; Ember publishes no oil line: 'Other Fossil' is oil products plus other fossil fuels, and stands in for oil utilisation"
DJ,DJI,wind,2024,0.08,0.07,0.0999,0.0999,0.0999,2,no,ember_yearly_electricity,implied by the country's own published capacity and generation for that fuel
DK,DNK,bioenergy,2025,1.79,7.63,0.4866,0.396,0.5027,5,no,ember_yearly_electricity,implied by the country's own published capacity and generation for that fuel
DK,DNK,coal,2025,0.41,0.15,0.0418,0.0418,0.4872,5,no,ember_yearly_electricity,implied by the country's own published capacity and generation for that fuel
DK,DNK,gas,2025,1.08,0.13,0.0137,0.0137,0.2442,5,no,ember_yearly_electricity,implied by the country's own published capacity and generation for that fuel
DK,DNK,oil,2025,0.65,1.71,0.3003,0.1598,0.3003,5,yes,ember_yearly_electricity,"implied by the country's own published capacity and generation for that fuel; Ember publishes no oil line: 'Other Fossil' is oil products plus other fossil fuels, and stands in for oil utilisation"
DK,DNK,solar,2025,5.05,4.61,0.1042,0.088,0.1184,5,no,ember_yearly_electricity,implied by the country's own published capacity and generation for that fuel
DK,DNK,wind,2025,7.55,20.28,0.3066,0.2617,0.3131,5,no,ember_yearly_electricity,implied by the country's own published capacity and generation for that fuel
DO,DOM,bioenergy,2025,0.08,0.2,0.2854,0.2854,0.3425,5,no,ember_yearly_electricity,implied by the country's own published capacity and generation for that fuel
DO,DOM,coal,2025,1.06,6.59,0.7097,0.6203,0.8314,5,no,ember_yearly_electricity,implied by the country's own published capacity and generation for that fuel
DO,DOM,gas,2025,2.24,6.07,0.3093,0.3093,0.5177,5,no,ember_yearly_electricity,implied by the country's own published capacity and generation for that fuel
DO,DOM,hydro,2025,0.63,1.53,0.2772,0.2664,0.2772,5,no,ember_yearly_electricity,implied by the country's own published capacity and generation for that fuel
DO,DOM,oil,2025,2.45,4.62,0.2153,0.2153,0.3503,5,yes,ember_yearly_electricity,"implied by the country's own published capacity and generation for that fuel; Ember publishes no oil line: 'Other Fossil' is oil products plus other fossil fuels, and stands in for oil utilisation"
DO,DOM,solar,2025,2.08,2.25,0.1235,0.1235,0.1913,5,no,ember_yearly_electricity,implied by the country's own published capacity and generation for that fuel
DO,DOM,wind,2025,0.48,1.42,0.3377,0.318,0.3764,5,no,ember_yearly_electricity,implied by the country's own published capacity and generation for that fuel
DZ,DZA,gas,2024,25.83,95.0,0.4199,0.4199,0.4419,5,no,ember_yearly_electricity,implied by the country's own published capacity and generation for that fuel
DZ,DZA,hydro,2024,0.13,0.02,0.0176,0.0088,0.0272,5,no,ember_yearly_electricity,implied by the country's own published capacity and generation for that fuel
DZ,DZA,oil,2024,1.56,0.33,0.0241,0.0241,0.0285,5,yes,ember_yearly_electricity,"implied by the country's own published capacity and generation for that fuel; Ember publishes no oil line: 'Other Fossil' is oil products plus other fossil fuels, and stands in for oil utilisation"
DZ,DZA,solar,2024,0.46,0.99,0.2457,0.2106,0.253,5,no,ember_yearly_electricity,implied by the country's own published capacity and generation for that fuel
EC,ECU,bioenergy,2025,0.17,0.32,0.2149,0.2149,0.312,5,no,ember_yearly_electricity,implied by the country's own published capacity and generation for that fuel
EC,ECU,gas,2025,0.81,0.98,0.1381,0.1381,0.4607,5,no,ember_yearly_electricity,implied by the country's own published capacity and generation for that fuel
EC,ECU,hydro,2025,5.39,28.51,0.6038,0.4844,0.6038,5,no,ember_yearly_electricity,implied by the country's own published capacity and generation for that fuel
EC,ECU,oil,2025,3.51,6.56,0.2133,0.1779,0.3051,5,yes,ember_yearly_electricity,"implied by the country's own published capacity and generation for that fuel; Ember publishes no oil line: 'Other Fossil' is oil products plus other fossil fuels, and stands in for oil utilisation"
EC,ECU,solar,2025,0.13,0.04,0.0351,0.0351,0.0571,2,no,ember_yearly_electricity,implied by the country's own published capacity and generation for that fuel
EC,ECU,wind,2025,0.07,0.19,0.3098,0.3098,0.3751,3,no,ember_yearly_electricity,implied by the country's own published capacity and generation for that fuel
EG,EGY,gas,2025,53.43,195.65,0.418,0.3794,0.418,5,no,ember_yearly_electricity,implied by the country's own published capacity and generation for that fuel
EG,EGY,hydro,2025,2.83,15.07,0.6079,0.5797,0.6079,5,no,ember_yearly_electricity,implied by the country's own published capacity and generation for that fuel
EG,EGY,oil,2021,0.79,4.85,0.7008,0.7008,0.7008,1,yes,ember_yearly_electricity,"implied by the country's own published capacity and generation for that fuel; Ember publishes no oil line: 'Other Fossil' is oil products plus other fossil fuels, and stands in for oil utilisation"
EG,EGY,solar,2025,3.27,7.61,0.2657,0.2657,0.3418,5,no,ember_yearly_electricity,implied by the country's own published capacity and generation for that fuel
EG,EGY,wind,2025,3.03,9.3,0.3504,0.3186,0.4107,5,no,ember_yearly_electricity,implied by the country's own published capacity and generation for that fuel
ER,ERI,oil,2024,0.21,0.4,0.2174,0.1957,0.2392,5,yes,ember_yearly_electricity,"implied by the country's own published capacity and generation for that fuel; Ember publishes no oil line: 'Other Fossil' is oil products plus other fossil fuels, and stands in for oil utilisation"
ES,ESP,bioenergy,2025,1.16,6.41,0.6308,0.5857,0.6949,5,no,ember_yearly_electricity,implied by the country's own published capacity and generation for that fuel
ES,ESP,coal,2025,0.61,0.92,0.1722,0.1389,0.3094,5,no,ember_yearly_electricity,implied by the country's own published capacity and generation for that fuel
ES,ESP,gas,2025,27.89,62.06,0.254,0.2181,0.3587,5,no,ember_yearly_electricity,implied by the country's own published capacity and generation for that fuel
ES,ESP,hydro,2025,16.79,32.77,0.2228,0.1195,0.2337,5,no,ember_yearly_electricity,implied by the country's own published capacity and generation for that fuel
ES,ESP,nuclear,2025,7.12,54.1,0.8674,0.8674,0.9394,5,no,ember_yearly_electricity,implied by the country's own published capacity and generation for that fuel
ES,ESP,oil,2025,3.5,10.03,0.3271,0.3271,0.394,5,yes,ember_yearly_electricity,"implied by the country's own published capacity and generation for that fuel; Ember publishes no oil line: 'Other Fossil' is oil products plus other fossil fuels, and stands in for oil utilisation"
ES,ESP,solar,2025,47.21,62.92,0.1521,0.1521,0.1926,5,no,ember_yearly_electricity,implied by the country's own published capacity and generation for that fuel
ES,ESP,wind,2025,33.3,58.76,0.2014,0.2014,0.2538,5,no,ember_yearly_electricity,implied by the country's own published capacity and generation for that fuel
EE,EST,bioenergy,2025,0.98,1.33,0.1549,0.1549,0.9622,5,no,ember_yearly_electricity,implied by the country's own published capacity and generation for that fuel
EE,EST,gas,2025,0.21,0.08,0.0435,0.0109,0.0435,5,no,ember_yearly_electricity,implied by the country's own published capacity and generation for that fuel
EE,EST,oil,2025,0.75,2.38,0.3623,0.2398,0.4909,5,yes,ember_yearly_electricity,"implied by the country's own published capacity and generation for that fuel; Ember publishes no oil line: 'Other Fossil' is oil products plus other fossil fuels, and stands in for oil utilisation"
EE,EST,solar,2025,0.98,1.22,0.1421,0.1015,0.1421,5,no,ember_yearly_electricity,implied by the country's own published capacity and generation for that fuel
EE,EST,wind,2025,0.71,1.15,0.1849,0.1737,0.2604,5,no,ember_yearly_electricity,implied by the country's own published capacity and generation for that fuel
ET,ETH,bioenergy,2025,0.31,0.01,0.0037,0.0037,0.0074,5,no,ember_yearly_electricity,implied by the country's own published capacity and generation for that fuel
ET,ETH,hydro,2025,9.21,32.19,0.399,0.3972,0.534,5,no,ember_yearly_electricity,implied by the country's own published capacity and generation for that fuel
ET,ETH,oil,2020,0.1,0.01,0.0114,0.0114,0.0114,2,yes,ember_yearly_electricity,"implied by the country's own published capacity and generation for that fuel; Ember publishes no oil line: 'Other Fossil' is oil products plus other fossil fuels, and stands in for oil utilisation"
ET,ETH,wind,2025,0.5,1.1,0.2511,0.1598,0.2925,5,no,ember_yearly_electricity,implied by the country's own published capacity and generation for that fuel
FI,FIN,bioenergy,2025,3.66,10.34,0.3225,0.3225,0.6226,5,no,ember_yearly_electricity,implied by the country's own published capacity and generation for that fuel
FI,FIN,coal,2025,0.9,0.16,0.0203,0.0203,0.247,5,no,ember_yearly_electricity,implied by the country's own published capacity and generation for that fuel
FI,FIN,gas,2025,1.43,0.95,0.0758,0.0527,0.2934,5,no,ember_yearly_electricity,implied by the country's own published capacity and generation for that fuel
FI,FIN,hydro,2025,3.22,12.44,0.441,0.441,0.5686,5,no,ember_yearly_electricity,implied by the country's own published capacity and generation for that fuel
FI,FIN,nuclear,2025,4.37,32.82,0.8573,0.8516,0.9656,4,no,ember_yearly_electricity,implied by the country's own published capacity and generation for that fuel
FI,FIN,oil,2025,1.47,1.9,0.1475,0.1475,0.2974,5,yes,ember_yearly_electricity,"implied by the country's own published capacity and generation for that fuel; Ember publishes no oil line: 'Other Fossil' is oil products plus other fossil fuels, and stands in for oil utilisation"
FI,FIN,solar,2025,1.57,0.98,0.0713,0.0685,0.088,5,no,ember_yearly_electricity,implied by the country's own published capacity and generation for that fuel
FI,FIN,wind,2025,9.38,22.58,0.2748,0.2416,0.298,5,no,ember_yearly_electricity,implied by the country's own published capacity and generation for that fuel
FJ,FJI,bioenergy,2024,0.07,0.12,0.1957,0.0652,0.2093,5,no,ember_yearly_electricity,implied by the country's own published capacity and generation for that fuel
FJ,FJI,hydro,2024,0.14,0.6,0.4892,0.4485,0.4892,5,no,ember_yearly_electricity,implied by the country's own published capacity and generation for that fuel
FJ,FJI,oil,2024,0.24,0.42,0.1998,0.1998,0.282,5,yes,ember_yearly_electricity,"implied by the country's own published capacity and generation for that fuel; Ember publishes no oil line: 'Other Fossil' is oil products plus other fossil fuels, and stands in for oil utilisation"
FR,FRA,bioenergy,2025,1.67,10.27,0.702,0.6961,0.744,5,no,ember_yearly_electricity,implied by the country's own published capacity and generation for that fuel
FR,FRA,coal,2025,1.91,1.74,0.104,0.061,0.2902,5,no,ember_yearly_electricity,implied by the country's own published capacity and generation for that fuel
FR,FRA,gas,2025,17.52,17.25,0.1124,0.1124,0.2813,5,no,ember_yearly_electricity,implied by the country's own published capacity and generation for that fuel
FR,FRA,hydro,2025,24.31,59.41,0.279,0.2147,0.3341,5,no,ember_yearly_electricity,implied by the country's own published capacity and generation for that fuel
FR,FRA,nuclear,2025,61.4,392.07,0.7289,0.548,0.7289,5,no,ember_yearly_electricity,implied by the country's own published capacity and generation for that fuel
FR,FRA,oil,2025,3.16,10.36,0.3743,0.3407,0.3775,5,yes,ember_yearly_electricity,"implied by the country's own published capacity and generation for that fuel; Ember publishes no oil line: 'Other Fossil' is oil products plus other fossil fuels, and stands in for oil utilisation"
FR,FRA,solar,2025,31.23,32.01,0.117,0.1124,0.1314,5,no,ember_yearly_electricity,implied by the country's own published capacity and generation for that fuel
FR,FRA,wind,2025,25.65,46.46,0.2068,0.2068,0.2495,5,no,ember_yearly_electricity,implied by the country's own published capacity and generation for that fuel
FO,FRO,oil,2023,0.11,0.26,0.2698,0.2594,0.3282,5,yes,ember_yearly_electricity,"implied by the country's own published capacity and generation for that fuel; Ember publishes no oil line: 'Other Fossil' is oil products plus other fossil fuels, and stands in for oil utilisation"
FO,FRO,wind,2023,0.07,0.09,0.1468,0.1468,0.2055,2,no,ember_yearly_electricity,implied by the country's own published capacity and generation for that fuel
GA,GAB,gas,2024,0.5,1.15,0.2626,0.2511,0.2626,5,no,ember_yearly_electricity,implied by the country's own published capacity and generation for that fuel
GA,GAB,hydro,2024,0.32,0.91,0.3246,0.3246,0.5422,5,no,ember_yearly_electricity,implied by the country's own published capacity and generation for that fuel
GA,GAB,oil,2024,0.19,0.53,0.3184,0.2403,0.3244,5,yes,ember_yearly_electricity,"implied by the country's own published capacity and generation for that fuel; Ember publishes no oil line: 'Other Fossil' is oil products plus other fossil fuels, and stands in for oil utilisation"
GB,GBR,bioenergy,2025,7.01,41.21,0.6711,0.5801,0.6848,5,no,ember_yearly_electricity,implied by the country's own published capacity and generation for that fuel
GB,GBR,coal,2023,2.17,3.78,0.1989,0.0819,0.1989,5,no,ember_yearly_electricity,implied by the country's own published capacity and generation for that fuel
GB,GBR,gas,2025,38.39,90.91,0.2703,0.2584,0.393,5,no,ember_yearly_electricity,implied by the country's own published capacity and generation for that fuel
GB,GBR,hydro,2025,2.19,5.55,0.2893,0.2825,0.3002,5,no,ember_yearly_electricity,implied by the country's own published capacity and generation for that fuel
GB,GBR,nuclear,2025,5.88,36.38,0.7063,0.6721,0.9202,5,no,ember_yearly_electricity,implied by the country's own published capacity and generation for that fuel
GB,GBR,oil,2025,2.21,12.77,0.6596,0.5,0.6596,5,yes,ember_yearly_electricity,"implied by the country's own published capacity and generation for that fuel; Ember publishes no oil line: 'Other Fossil' is oil products plus other fossil fuels, and stands in for oil utilisation"
GB,GBR,solar,2025,21.66,19.32,0.1018,0.0889,0.1028,5,no,ember_yearly_electricity,implied by the country's own published capacity and generation for that fuel
GB,GBR,wind,2025,33.4,85.84,0.2934,0.2878,0.3184,5,no,ember_yearly_electricity,implied by the country's own published capacity and generation for that fuel
GE,GEO,gas,2025,2.04,2.75,0.1539,0.1332,0.1931,5,no,ember_yearly_electricity,implied by the country's own published capacity and generation for that fuel
GE,GEO,hydro,2025,3.52,10.64,0.3451,0.3451,0.3682,5,no,ember_yearly_electricity,implied by the country's own published capacity and generation for that fuel
GE,GEO,solar,2025,0.32,0.03,0.0107,0.0107,0.0571,3,no,ember_yearly_electricity,implied by the country's own published capacity and generation for that fuel
GH,GHA,gas,2024,3.06,14.91,0.5562,0.4626,0.5562,5,no,ember_yearly_electricity,implied by the country's own published capacity and generation for that fuel
GH,GHA,hydro,2024,1.58,8.6,0.6214,0.5267,0.664,5,no,ember_yearly_electricity,implied by the country's own published capacity and generation for that fuel
GH,GHA,oil,2024,0.37,0.57,0.1759,0.1671,0.2144,5,yes,ember_yearly_electricity,"implied by the country's own published capacity and generation for that fuel; Ember publishes no oil line: 'Other Fossil' is oil products plus other fossil fuels, and stands in for oil utilisation"
GH,GHA,solar,2024,0.19,0.17,0.1021,0.0623,0.1074,5,no,ember_yearly_electricity,implied by the country's own published capacity and generation for that fuel
GN,GIN,hydro,2024,0.81,3.0,0.4228,0.2883,0.4228,5,no,ember_yearly_electricity,implied by the country's own published capacity and generation for that fuel
GN,GIN,oil,2024,0.43,1.0,0.2655,0.2602,0.2914,5,yes,ember_yearly_electricity,"implied by the country's own published capacity and generation for that fuel; Ember publishes no oil line: 'Other Fossil' is oil products plus other fossil fuels, and stands in for oil utilisation"
GP,GLP,bioenergy,2023,0.05,0.26,0.5936,0.1826,0.5936,4,no,ember_yearly_electricity,implied by the country's own published capacity and generation for that fuel
GP,GLP,coal,2023,0.06,0.22,0.4186,0.4186,0.5327,5,no,ember_yearly_electricity,implied by the country's own published capacity and generation for that fuel
GP,GLP,oil,2023,0.3,0.86,0.3272,0.3223,0.3843,5,yes,ember_yearly_electricity,"implied by the country's own published capacity and generation for that fuel; Ember publishes no oil line: 'Other Fossil' is oil products plus other fossil fuels, and stands in for oil utilisation"
GP,GLP,solar,2023,0.09,0.11,0.1395,0.1395,0.1427,5,no,ember_yearly_electricity,implied by the country's own published capacity and generation for that fuel
GP,GLP,wind,2023,0.06,0.1,0.1903,0.137,0.2511,4,no,ember_yearly_electricity,implied by the country's own published capacity and generation for that fuel
GM,GMB,oil,2024,0.16,0.51,0.3639,0.3567,0.3914,5,yes,ember_yearly_electricity,"implied by the country's own published capacity and generation for that fuel; Ember publishes no oil line: 'Other Fossil' is oil products plus other fossil fuels, and stands in for oil utilisation"
GQ,GNQ,gas,2024,0.16,1.08,0.7705,0.6493,0.7705,5,no,ember_yearly_electricity,implied by the country's own published capacity and generation for that fuel
GQ,GNQ,hydro,2024,0.13,0.4,0.3512,0.3073,0.4303,5,no,ember_yearly_electricity,implied by the country's own published capacity and generation for that fuel
GQ,GNQ,oil,2024,0.12,0.01,0.0095,0.0095,0.0095,5,yes,ember_yearly_electricity,"implied by the country's own published capacity and generation for that fuel; Ember publishes no oil line: 'Other Fossil' is oil products plus other fossil fuels, and stands in for oil utilisation"
GR,GRC,bioenergy,2025,0.18,0.71,0.4503,0.4503,0.5403,5,no,ember_yearly_electricity,implied by the country's own published capacity and generation for that fuel
GR,GRC,coal,2025,1.65,2.74,0.1896,0.1819,0.2962,5,no,ember_yearly_electricity,implied by the country's own published capacity and generation for that fuel
GR,GRC,gas,2025,6.97,23.33,0.3821,0.2995,0.4881,5,no,ember_yearly_electricity,implied by the country's own published capacity and generation for that fuel
GR,GRC,hydro,2025,3.49,3.42,0.1119,0.1119,0.1969,5,no,ember_yearly_electricity,implied by the country's own published capacity and generation for that fuel
GR,GRC,oil,2025,1.44,4.18,0.3314,0.3155,0.3425,5,yes,ember_yearly_electricity,"implied by the country's own published capacity and generation for that fuel; Ember publishes no oil line: 'Other Fossil' is oil products plus other fossil fuels, and stands in for oil utilisation"
GR,GRC,solar,2025,11.08,11.46,0.1181,0.1181,0.1598,5,no,ember_yearly_electricity,implied by the country's own published capacity and generation for that fuel
GR,GRC,wind,2025,5.71,12.08,0.2415,0.2405,0.2668,5,no,ember_yearly_electricity,implied by the country's own published capacity and generation for that fuel
GD,GRD,oil,2024,0.07,0.24,0.3914,0.3914,0.5023,5,yes,ember_yearly_electricity,"implied by the country's own published capacity and generation for that fuel; Ember publishes no oil line: 'Other Fossil' is oil products plus other fossil fuels, and stands in for oil utilisation"
GL,GRL,hydro,2024,0.09,0.47,0.5961,0.5454,0.6088,5,no,ember_yearly_electricity,implied by the country's own published capacity and generation for that fuel
GL,GRL,oil,2024,0.1,0.1,0.1142,0.0799,0.1256,5,yes,ember_yearly_electricity,"implied by the country's own published capacity and generation for that fuel; Ember publishes no oil line: 'Other Fossil' is oil products plus other fossil fuels, and stands in for oil utilisation"
GT,GTM,bioenergy,2024,0.87,3.5,0.4592,0.304,0.5052,5,no,ember_yearly_electricity,implied by the country's own published capacity and generation for that fuel
GT,GTM,coal,2024,0.44,2.5,0.6486,0.3295,0.8665,5,no,ember_yearly_electricity,implied by the country's own published capacity and generation for that fuel
GT,GTM,hydro,2024,1.58,6.3,0.4552,0.4082,0.5119,5,no,ember_yearly_electricity,implied by the country's own published capacity and generation for that fuel
GT,GTM,oil,2024,0.63,2.5,0.453,0.0571,0.453,5,yes,ember_yearly_electricity,"implied by the country's own published capacity and generation for that fuel; Ember publishes no oil line: 'Other Fossil' is oil products plus other fossil fuels, and stands in for oil utilisation"
GT,GTM,solar,2024,0.1,0.28,0.3196,0.2626,0.3196,5,no,ember_yearly_electricity,implied by the country's own published capacity and generation for that fuel
GT,GTM,wind,2024,0.11,0.37,0.384,0.3217,0.384,5,no,ember_yearly_electricity,implied by the country's own published capacity and generation for that fuel
GF,GUF,hydro,2023,0.12,0.52,0.4947,0.39,0.5613,5,no,ember_yearly_electricity,implied by the country's own published capacity and generation for that fuel
GF,GUF,solar,2023,0.07,0.06,0.0978,0.0951,0.1142,5,no,ember_yearly_electricity,implied by the country's own published capacity and generation for that fuel
GU,GUM,oil,2024,0.44,1.7,0.4411,0.4411,0.4512,5,yes,ember_yearly_electricity,"implied by the country's own published capacity and generation for that fuel; Ember publishes no oil line: 'Other Fossil' is oil products plus other fossil fuels, and stands in for oil utilisation"
GU,GUM,solar,2024,0.1,0.16,0.1826,0.1598,0.1826,3,no,ember_yearly_electricity,implied by the country's own published capacity and generation for that fuel
GY,GUY,oil,2024,0.32,1.33,0.4745,0.3924,0.4745,5,yes,ember_yearly_electricity,"implied by the country's own published capacity and generation for that fuel; Ember publishes no oil line: 'Other Fossil' is oil products plus other fossil fuels, and stands in for oil utilisation"
HK,HKG,bioenergy,2024,0.06,0.16,0.3044,0.2854,0.3196,5,no,ember_yearly_electricity,implied by the country's own published capacity and generation for that fuel
HK,HKG,coal,2024,4.11,12.6,0.35,0.2266,0.35,5,no,ember_yearly_electricity,implied by the country's own published capacity and generation for that fuel
HK,HKG,gas,2024,5.8,24.0,0.4724,0.4724,0.5776,5,no,ember_yearly_electricity,implied by the country's own published capacity and generation for that fuel
HK,HKG,oil,2024,0.3,0.45,0.1712,0.0609,0.1712,5,yes,ember_yearly_electricity,"implied by the country's own published capacity and generation for that fuel; Ember publishes no oil line: 'Other Fossil' is oil products plus other fossil fuels, and stands in for oil utilisation"
HK,HKG,solar,2024,0.41,0.23,0.064,0.0634,0.137,5,no,ember_yearly_electricity,implied by the country's own published capacity and generation for that fuel
HN,HND,bioenergy,2024,0.22,0.84,0.4359,0.3684,0.4359,5,no,ember_yearly_electricity,implied by the country's own published capacity and generation for that fuel
HN,HND,coal,2016,0.07,0.04,0.0652,0.0652,0.1468,2,no,ember_yearly_electricity,implied by the country's own published capacity and generation for that fuel
HN,HND,hydro,2024,0.91,3.8,0.4767,0.3669,0.5063,5,no,ember_yearly_electricity,implied by the country's own published capacity and generation for that fuel
HN,HND,oil,2024,0.87,5.5,0.7217,0.555,0.74,5,yes,ember_yearly_electricity,"implied by the country's own published capacity and generation for that fuel; Ember publishes no oil line: 'Other Fossil' is oil products plus other fossil fuels, and stands in for oil utilisation"
HN,HND,solar,2024,0.55,1.18,0.2449,0.224,0.2455,5,no,ember_yearly_electricity,implied by the country's own published capacity and generation for that fuel
HN,HND,wind,2024,0.24,0.75,0.3567,0.3282,0.3662,5,no,ember_yearly_electricity,implied by the country's own published capacity and generation for that fuel
HR,HRV,bioenergy,2025,0.16,1.0,0.7135,0.7135,0.8371,5,no,ember_yearly_electricity,implied by the country's own published capacity and generation for that fuel
HR,HRV,coal,2025,0.34,0.73,0.2451,0.2451,0.5238,5,no,ember_yearly_electricity,implied by the country's own published capacity and generation for that fuel
HR,HRV,gas,2025,0.35,2.76,0.9002,0.9002,0.9002,1,no,ember_yearly_electricity,implied by the country's own published capacity and generation for that fuel
HR,HRV,hydro,2025,2.19,5.78,0.3013,0.282,0.4253,5,no,ember_yearly_electricity,implied by the country's own published capacity and generation for that fuel
HR,HRV,oil,2024,1.11,0.01,0.001,0.001,0.0066,5,yes,ember_yearly_electricity,"implied by the country's own published capacity and generation for that fuel; Ember publishes no oil line: 'Other Fossil' is oil products plus other fossil fuels, and stands in for oil utilisation"
HR,HRV,solar,2025,1.32,1.29,0.1116,0.0778,0.1223,5,no,ember_yearly_electricity,implied by the country's own published capacity and generation for that fuel
HR,HRV,wind,2025,1.38,3.14,0.2597,0.2353,0.2597,5,no,ember_yearly_electricity,implied by the country's own published capacity and generation for that fuel
HT,HTI,hydro,2024,0.08,0.16,0.2283,0.1855,0.2711,5,no,ember_yearly_electricity,implied by the country's own published capacity and generation for that fuel
HT,HTI,oil,2024,0.4,0.7,0.1998,0.1884,0.2568,5,yes,ember_yearly_electricity,"implied by the country's own published capacity and generation for that fuel; Ember publishes no oil line: 'Other Fossil' is oil products plus other fossil fuels, and stands in for oil utilisation"
HU,HUN,bioenergy,2025,0.62,2.39,0.4401,0.3369,0.4896,5,no,ember_yearly_electricity,implied by the country's own published capacity and generation for that fuel
HU,HUN,coal,2025,1.01,1.38,0.156,0.156,0.3041,5,no,ember_yearly_electricity,implied by the country's own published capacity and generation for that fuel
HU,HUN,gas,2025,4.18,8.15,0.2226,0.1815,0.2226,5,no,ember_yearly_electricity,implied by the country's own published capacity and generation for that fuel
HU,HUN,hydro,2025,0.06,0.23,0.4376,0.3425,0.4376,5,no,ember_yearly_electricity,implied by the country's own published capacity and generation for that fuel
HU,HUN,nuclear,2025,2.03,16.1,0.9054,0.8891,0.9054,5,no,ember_yearly_electricity,implied by the country's own published capacity and generation for that fuel
HU,HUN,oil,2025,0.45,0.4,0.1015,0.1015,0.137,5,yes,ember_yearly_electricity,"implied by the country's own published capacity and generation for that fuel; Ember publishes no oil line: 'Other Fossil' is oil products plus other fossil fuels, and stands in for oil utilisation"
HU,HUN,solar,2025,8.18,10.98,0.1532,0.1273,0.1532,5,no,ember_yearly_electricity,implied by the country's own published capacity and generation for that fuel
HU,HUN,wind,2025,0.32,0.6,0.214,0.214,0.2461,5,no,ember_yearly_electricity,implied by the country's own published capacity and generation for that fuel
ID,IDN,bioenergy,2024,3.06,21.33,0.7957,0.7499,0.7957,5,no,ember_yearly_electricity,implied by the country's own published capacity and generation for that fuel
ID,IDN,coal,2024,56.69,228.43,0.46,0.46,0.5534,5,no,ember_yearly_electricity,implied by the country's own published capacity and generation for that fuel
ID,IDN,gas,2024,23.58,68.78,0.333,0.3049,0.3376,5,no,ember_yearly_electricity,implied by the country's own published capacity and generation for that fuel
ID,IDN,hydro,2024,7.05,27.29,0.4419,0.4272,0.4658,5,no,ember_yearly_electricity,implied by the country's own published capacity and generation for that fuel
ID,IDN,oil,2024,5.84,7.12,0.1392,0.1392,0.1612,5,yes,ember_yearly_electricity,"implied by the country's own published capacity and generation for that fuel; Ember publishes no oil line: 'Other Fossil' is oil products plus other fossil fuels, and stands in for oil utilisation"
ID,IDN,solar,2024,0.94,1.35,0.1639,0.0986,0.1639,5,no,ember_yearly_electricity,implied by the country's own published capacity and generation for that fuel
ID,IDN,wind,2024,0.15,0.47,0.3577,0.274,0.3653,5,no,ember_yearly_electricity,implied by the country's own published capacity and generation for that fuel
IN,IND,bioenergy,2025,10.96,23.04,0.24,0.2324,0.2554,5,no,ember_yearly_electricity,implied by the country's own published capacity and generation for that fuel
IN,IND,coal,2025,250.65,1474.15,0.6714,0.6204,0.7175,5,no,ember_yearly_electricity,implied by the country's own published capacity and generation for that fuel
IN,IND,gas,2025,26.62,48.54,0.2082,0.1699,0.2224,5,no,ember_yearly_electricity,implied by the country's own published capacity and generation for that fuel
IN,IND,hydro,2025,49.12,177.97,0.4136,0.3604,0.4233,5,no,ember_yearly_electricity,implied by the country's own published capacity and generation for that fuel
IN,IND,nuclear,2025,8.78,53.83,0.6999,0.6999,0.7777,5,no,ember_yearly_electricity,implied by the country's own published capacity and generation for that fuel
IN,IND,oil,2025,19.32,4.1,0.0242,0.0203,0.0243,5,yes,ember_yearly_electricity,"implied by the country's own published capacity and generation for that fuel; Ember publishes no oil line: 'Other Fossil' is oil products plus other fossil fuels, and stands in for oil utilisation"
IN,IND,solar,2025,135.5,195.99,0.1651,0.1498,0.1804,5,no,ember_yearly_electricity,implied by the country's own published capacity and generation for that fuel
IN,IND,wind,2025,54.51,103.98,0.2178,0.1907,0.2178,5,no,ember_yearly_electricity,implied by the country's own published capacity and generation for that fuel
IE,IRL,bioenergy,2025,0.16,1.02,0.7277,0.7135,0.7277,2,no,ember_yearly_electricity,implied by the country's own published capacity and generation for that fuel
IE,IRL,coal,2024,0.92,0.63,0.0782,0.0782,0.3375,5,no,ember_yearly_electricity,implied by the country's own published capacity and generation for that fuel
IE,IRL,gas,2025,4.88,14.99,0.3507,0.3507,0.4547,5,no,ember_yearly_electricity,implied by the country's own published capacity and generation for that fuel
IE,IRL,hydro,2025,0.24,0.65,0.3092,0.3092,0.4471,5,no,ember_yearly_electricity,implied by the country's own published capacity and generation for that fuel
IE,IRL,oil,2025,1.59,0.92,0.0661,0.0661,0.2327,5,yes,ember_yearly_electricity,"implied by the country's own published capacity and generation for that fuel; Ember publishes no oil line: 'Other Fossil' is oil products plus other fossil fuels, and stands in for oil utilisation"
IE,IRL,solar,2025,2.49,1.49,0.0683,0.0365,0.0835,5,no,ember_yearly_electricity,implied by the country's own published capacity and generation for that fuel
IE,IRL,wind,2025,5.13,11.76,0.2617,0.2615,0.2864,5,no,ember_yearly_electricity,implied by the country's own published capacity and generation for that fuel
IR,IRN,gas,2025,76.57,354.39,0.5283,0.5042,0.5283,5,no,ember_yearly_electricity,implied by the country's own published capacity and generation for that fuel
IR,IRN,hydro,2025,11.78,13.03,0.1263,0.1263,0.223,5,no,ember_yearly_electricity,implied by the country's own published capacity and generation for that fuel
IR,IRN,nuclear,2025,1.02,7.35,0.8226,0.3962,0.8226,5,no,ember_yearly_electricity,implied by the country's own published capacity and generation for that fuel
IR,IRN,solar,2025,1.78,0.9,0.0577,0.0577,0.1539,5,no,ember_yearly_electricity,implied by the country's own published capacity and generation for that fuel
IR,IRN,wind,2025,0.38,1.25,0.3755,0.3755,0.4161,5,no,ember_yearly_electricity,implied by the country's own published capacity and generation for that fuel
IQ,IRQ,gas,2024,34.62,79.3,0.2615,0.2589,0.3256,5,no,ember_yearly_electricity,implied by the country's own published capacity and generation for that fuel
IQ,IRQ,hydro,2024,1.56,2.0,0.1464,0.101,0.3044,5,no,ember_yearly_electricity,implied by the country's own published capacity and generation for that fuel
IQ,IRQ,oil,2024,10.02,68.0,0.7747,0.5413,0.7747,5,yes,ember_yearly_electricity,"implied by the country's own published capacity and generation for that fuel; Ember publishes no oil line: 'Other Fossil' is oil products plus other fossil fuels, and stands in for oil utilisation"
IS,ISL,hydro,2024,2.13,13.46,0.7214,0.699,0.7542,5,no,ember_yearly_electricity,implied by the country's own published capacity and generation for that fuel
IS,ISL,oil,2003,0.15,0.01,0.0076,0.0076,0.0076,2,yes,ember_yearly_electricity,"implied by the country's own published capacity and generation for that fuel; Ember publishes no oil line: 'Other Fossil' is oil products plus other fossil fuels, and stands in for oil utilisation"
IL,ISR,bioenergy,2025,0.05,0.16,0.3653,0.2511,0.3653,2,no,ember_yearly_electricity,implied by the country's own published capacity and generation for that fuel
IL,ISR,coal,2025,4.32,2.8,0.074,0.074,0.4413,5,no,ember_yearly_electricity,implied by the country's own published capacity and generation for that fuel
IL,ISR,gas,2025,13.74,65.4,0.5434,0.4726,0.5434,5,no,ember_yearly_electricity,implied by the country's own published capacity and generation for that fuel
IL,ISR,solar,2025,7.36,13.28,0.206,0.1738,0.2141,5,no,ember_yearly_electricity,implied by the country's own published capacity and generation for that fuel
IL,ISR,wind,2025,0.35,0.46,0.15,0.15,0.2365,4,no,ember_yearly_electricity,implied by the country's own published capacity and generation for that fuel
IT,ITA,bioenergy,2025,2.96,15.61,0.602,0.602,0.7301,5,no,ember_yearly_electricity,implied by the country's own published capacity and generation for that fuel
IT,ITA,coal,2025,5.19,3.58,0.0787,0.0787,0.4183,5,no,ember_yearly_electricity,implied by the country's own published capacity and generation for that fuel
IT,ITA,gas,2025,58.56,125.53,0.2447,0.2377,0.2955,5,no,ember_yearly_electricity,implied by the country's own published capacity and generation for that fuel
IT,ITA,hydro,2025,19.35,41.7,0.246,0.1713,0.3139,5,no,ember_yearly_electricity,implied by the country's own published capacity and generation for that fuel
IT,ITA,oil,2025,3.49,6.72,0.2198,0.2198,0.5112,5,yes,ember_yearly_electricity,"implied by the country's own published capacity and generation for that fuel; Ember publishes no oil line: 'Other Fossil' is oil products plus other fossil fuels, and stands in for oil utilisation"
IT,ITA,solar,2025,41.19,44.63,0.1237,0.1159,0.1307,5,no,ember_yearly_electricity,implied by the country's own published capacity and generation for that fuel
IT,ITA,wind,2025,13.57,21.48,0.1807,0.1807,0.2188,5,no,ember_yearly_electricity,implied by the country's own published capacity and generation for that fuel
JM,JAM,gas,2024,0.46,2.8,0.6949,0.5931,0.6973,5,no,ember_yearly_electricity,implied by the country's own published capacity and generation for that fuel
JM,JAM,oil,2024,0.89,1.5,0.1924,0.1552,0.195,5,yes,ember_yearly_electricity,"implied by the country's own published capacity and generation for that fuel; Ember publishes no oil line: 'Other Fossil' is oil products plus other fossil fuels, and stands in for oil utilisation"
JM,JAM,solar,2024,0.12,0.15,0.1427,0.1245,0.1427,5,no,ember_yearly_electricity,implied by the country's own published capacity and generation for that fuel
JM,JAM,wind,2024,0.1,0.29,0.3311,0.2968,0.3311,5,no,ember_yearly_electricity,implied by the country's own published capacity and generation for that fuel
JO,JOR,gas,2024,4.0,14.67,0.4187,0.4187,0.4706,5,no,ember_yearly_electricity,implied by the country's own published capacity and generation for that fuel
JO,JOR,oil,2024,0.52,3.3,0.7244,0.1888,0.8518,4,yes,ember_yearly_electricity,"implied by the country's own published capacity and generation for that fuel; Ember publishes no oil line: 'Other Fossil' is oil products plus other fossil fuels, and stands in for oil utilisation"
JO,JOR,solar,2024,2.2,3.93,0.2039,0.1868,0.2075,5,no,ember_yearly_electricity,implied by the country's own published capacity and generation for that fuel
JO,JOR,wind,2024,0.63,1.75,0.3171,0.2899,0.3171,5,no,ember_yearly_electricity,implied by the country's own published capacity and generation for that fuel
JP,JPN,coal,2025,54.58,330.12,0.6905,0.671,0.7862,5,no,ember_yearly_electricity,implied by the country's own published capacity and generation for that fuel
JP,JPN,gas,2025,82.36,337.64,0.468,0.468,0.5587,5,no,ember_yearly_electricity,implied by the country's own published capacity and generation for that fuel
JP,JPN,hydro,2025,28.3,73.9,0.2981,0.2981,0.3243,5,no,ember_yearly_electricity,implied by the country's own published capacity and generation for that fuel
JP,JPN,nuclear,2025,33.08,94.09,0.3247,0.1787,0.3247,5,no,ember_yearly_electricity,implied by the country's own published capacity and generation for that fuel
JP,JPN,oil,2025,20.08,25.39,0.1443,0.1076,0.1677,5,yes,ember_yearly_electricity,"implied by the country's own published capacity and generation for that fuel; Ember publishes no oil line: 'Other Fossil' is oil products plus other fossil fuels, and stands in for oil utilisation"
JP,JPN,solar,2025,92.21,101.06,0.1251,0.1226,0.1263,5,no,ember_yearly_electricity,implied by the country's own published capacity and generation for that fuel
JP,JPN,wind,2025,6.24,12.85,0.2351,0.2117,0.2556,5,no,ember_yearly_electricity,implied by the country's own published capacity and generation for that fuel
KZ,KAZ,coal,2025,13.25,67.12,0.5783,0.5509,0.6231,5,no,ember_yearly_electricity,implied by the country's own published capacity and generation for that fuel
KZ,KAZ,gas,2025,4.92,36.37,0.8439,0.7313,0.9279,5,no,ember_yearly_electricity,implied by the country's own published capacity and generation for that fuel
KZ,KAZ,hydro,2025,2.85,10.51,0.421,0.3464,0.457,5,no,ember_yearly_electricity,implied by the country's own published capacity and generation for that fuel
KZ,KAZ,solar,2025,1.33,2.04,0.1751,0.1736,0.1789,5,no,ember_yearly_electricity,implied by the country's own published capacity and generation for that fuel
KZ,KAZ,wind,2025,1.91,5.83,0.3484,0.2376,0.3688,5,no,ember_yearly_electricity,implied by the country's own published capacity and generation for that fuel
KE,KEN,bioenergy,2025,0.17,0.3,0.2015,0.1343,0.2968,5,no,ember_yearly_electricity,implied by the country's own published capacity and generation for that fuel
KE,KEN,hydro,2025,0.89,2.94,0.3771,0.3425,0.4872,5,no,ember_yearly_electricity,implied by the country's own published capacity and generation for that fuel
KE,KEN,oil,2025,0.57,1.4,0.2804,0.2247,0.2818,5,yes,ember_yearly_electricity,"implied by the country's own published capacity and generation for that fuel; Ember publishes no oil line: 'Other Fossil' is oil products plus other fossil fuels, and stands in for oil utilisation"
KE,KEN,solar,2025,0.55,0.65,0.1349,0.1142,0.1776,5,no,ember_yearly_electricity,implied by the country's own published capacity and generation for that fuel
KE,KEN,wind,2025,0.44,2.3,0.5967,0.5163,0.5967,5,no,ember_yearly_electricity,implied by the country's own published capacity and generation for that fuel
KG,KGZ,coal,2025,0.81,1.95,0.2748,0.2156,0.2776,5,no,ember_yearly_electricity,implied by the country's own published capacity and generation for that fuel
KG,KGZ,hydro,2025,3.43,13.37,0.445,0.4275,0.5322,5,no,ember_yearly_electricity,implied by the country's own published capacity and generation for that fuel
KH,KHM,bioenergy,2025,0.07,0.06,0.0978,0.0143,0.1305,5,no,ember_yearly_electricity,implied by the country's own published capacity and generation for that fuel
KH,KHM,coal,2025,1.46,10.05,0.7858,0.2455,0.7858,5,no,ember_yearly_electricity,implied by the country's own published capacity and generation for that fuel
KH,KHM,hydro,2025,1.8,5.31,0.3368,0.2771,0.5064,5,no,ember_yearly_electricity,implied by the country's own published capacity and generation for that fuel
KH,KHM,oil,2025,0.82,0.45,0.0626,0.0089,0.1029,5,yes,ember_yearly_electricity,"implied by the country's own published capacity and generation for that fuel; Ember publishes no oil line: 'Other Fossil' is oil products plus other fossil fuels, and stands in for oil utilisation"
KH,KHM,solar,2025,1.48,1.89,0.1458,0.1259,0.191,5,no,ember_yearly_electricity,implied by the country's own published capacity and generation for that fuel
KN,KNA,oil,2024,0.08,0.21,0.2997,0.2997,0.3425,5,yes,ember_yearly_electricity,"implied by the country's own published capacity and generation for that fuel; Ember publishes no oil line: 'Other Fossil' is oil products plus other fossil fuels, and stands in for oil utilisation"
KR,KOR,bioenergy,2025,2.71,19.69,0.8294,0.7416,0.8632,5,no,ember_yearly_electricity,implied by the country's own published capacity and generation for that fuel
KR,KOR,coal,2025,41.74,194.53,0.532,0.5287,0.6398,5,no,ember_yearly_electricity,implied by the country's own published capacity and generation for that fuel
KR,KOR,gas,2025,50.26,174.58,0.3965,0.3965,0.4708,5,no,ember_yearly_electricity,implied by the country's own published capacity and generation for that fuel
KR,KOR,hydro,2025,1.83,3.8,0.237,0.1913,0.2697,5,no,ember_yearly_electricity,implied by the country's own published capacity and generation for that fuel
KR,KOR,nuclear,2025,26.05,184.67,0.8093,0.7758,0.8359,5,no,ember_yearly_electricity,implied by the country's own published capacity and generation for that fuel
KR,KOR,oil,2025,3.49,5.95,0.1946,0.1876,0.2303,5,yes,ember_yearly_electricity,"implied by the country's own published capacity and generation for that fuel; Ember publishes no oil line: 'Other Fossil' is oil products plus other fossil fuels, and stands in for oil utilisation"
KR,KOR,solar,2025,30.35,37.8,0.1422,0.14,0.1709,5,no,ember_yearly_electricity,implied by the country's own published capacity and generation for that fuel
KR,KOR,wind,2025,2.45,3.64,0.1696,0.1696,0.2123,5,no,ember_yearly_electricity,implied by the country's own published capacity and generation for that fuel
KW,KWT,gas,2025,11.72,55.52,0.5408,0.4015,0.5593,5,no,ember_yearly_electricity,implied by the country's own published capacity and generation for that fuel
KW,KWT,oil,2025,8.5,31.63,0.4248,0.4248,0.5356,5,yes,ember_yearly_electricity,"implied by the country's own published capacity and generation for that fuel; Ember publishes no oil line: 'Other Fossil' is oil products plus other fossil fuels, and stands in for oil utilisation"
KW,KWT,solar,2025,0.1,0.21,0.2397,0.1998,0.2397,5,no,ember_yearly_electricity,implied by the country's own published capacity and generation for that fuel
LA,LAO,bioenergy,2024,0.12,0.04,0.0381,0.0381,0.0571,5,no,ember_yearly_electricity,implied by the country's own published capacity and generation for that fuel
LA,LAO,coal,2024,1.88,12.18,0.7396,0.6892,0.7396,5,no,ember_yearly_electricity,implied by the country's own published capacity and generation for that fuel
LA,LAO,hydro,2024,10.19,40.0,0.4481,0.4058,0.4669,5,no,ember_yearly_electricity,implied by the country's own published capacity and generation for that fuel
LA,LAO,solar,2024,0.06,0.09,0.1712,0.1332,0.1712,4,no,ember_yearly_electricity,implied by the country's own published capacity and generation for that fuel
LB,LBN,gas,2010,0.47,0.99,0.2405,0.0461,0.2405,2,no,ember_yearly_electricity,implied by the country's own published capacity and generation for that fuel
LB,LBN,hydro,2024,0.28,0.7,0.2854,0.2487,0.4281,5,no,ember_yearly_electricity,implied by the country's own published capacity and generation for that fuel
LB,LBN,oil,2024,1.95,3.0,0.1756,0.1393,0.9964,5,yes,ember_yearly_electricity,"implied by the country's own published capacity and generation for that fuel; Ember publishes no oil line: 'Other Fossil' is oil products plus other fossil fuels, and stands in for oil utilisation"
LB,LBN,solar,2024,1.08,1.6,0.1691,0.148,0.1776,5,no,ember_yearly_electricity,implied by the country's own published capacity and generation for that fuel
LR,LBR,hydro,2024,0.09,0.3,0.3805,0.1649,0.4439,5,no,ember_yearly_electricity,implied by the country's own published capacity and generation for that fuel
LR,LBR,oil,2024,0.1,0.26,0.2968,0.2854,0.3653,5,yes,ember_yearly_electricity,"implied by the country's own published capacity and generation for that fuel; Ember publishes no oil line: 'Other Fossil' is oil products plus other fossil fuels, and stands in for oil utilisation"
LY,LBY,gas,2024,11.88,25.78,0.2477,0.243,0.299,5,no,ember_yearly_electricity,implied by the country's own published capacity and generation for that fuel
LY,LBY,oil,2024,2.39,8.8,0.4203,0.3902,0.4698,5,yes,ember_yearly_electricity,"implied by the country's own published capacity and generation for that fuel; Ember publishes no oil line: 'Other Fossil' is oil products plus other fossil fuels, and stands in for oil utilisation"
LC,LCA,oil,2024,0.09,0.39,0.4947,0.4693,0.4947,5,yes,ember_yearly_electricity,"implied by the country's own published capacity and generation for that fuel; Ember publishes no oil line: 'Other Fossil' is oil products plus other fossil fuels, and stands in for oil utilisation"
LK,LKA,coal,2025,0.9,4.62,0.586,0.586,0.775,5,no,ember_yearly_electricity,implied by the country's own published capacity and generation for that fuel
LK,LKA,hydro,2025,1.97,6.59,0.3819,0.369,0.4585,5,no,ember_yearly_electricity,implied by the country's own published capacity and generation for that fuel
LK,LKA,oil,2025,0.49,1.81,0.4217,0.4217,0.7641,5,yes,ember_yearly_electricity,"implied by the country's own published capacity and generation for that fuel; Ember publishes no oil line: 'Other Fossil' is oil products plus other fossil fuels, and stands in for oil utilisation"
LK,LKA,solar,2025,2.51,3.03,0.1378,0.099,0.1378,5,no,ember_yearly_electricity,implied by the country's own published capacity and generation for that fuel
LK,LKA,wind,2025,0.27,0.93,0.3932,0.2968,0.3932,5,no,ember_yearly_electricity,implied by the country's own published capacity and generation for that fuel
LS,LSO,hydro,2022,0.07,0.48,0.7828,0.636,0.8643,5,no,ember_yearly_electricity,implied by the country's own published capacity and generation for that fuel
LT,LTU,bioenergy,2025,0.18,0.89,0.5644,0.5644,0.8752,5,no,ember_yearly_electricity,implied by the country's own published capacity and generation for that fuel
LT,LTU,gas,2025,1.68,1.48,0.1006,0.0337,0.1006,5,no,ember_yearly_electricity,implied by the country's own published capacity and generation for that fuel
LT,LTU,hydro,2025,0.12,0.35,0.333,0.333,0.4376,5,no,ember_yearly_electricity,implied by the country's own published capacity and generation for that fuel
LT,LTU,nuclear,2008,1.18,9.89,0.9568,0.7273,0.9568,4,no,ember_yearly_electricity,implied by the country's own published capacity and generation for that fuel
LT,LTU,solar,2025,3.3,1.67,0.0578,0.0516,0.0619,5,no,ember_yearly_electricity,implied by the country's own published capacity and generation for that fuel
LT,LTU,wind,2025,2.51,3.98,0.181,0.181,0.2317,5,no,ember_yearly_electricity,implied by the country's own published capacity and generation for that fuel
LU,LUX,bioenergy,2025,0.08,0.42,0.5993,0.5422,0.8904,5,no,ember_yearly_electricity,implied by the country's own published capacity and generation for that fuel
LU,LUX,solar,2025,0.77,0.47,0.0697,0.0697,0.0999,5,no,ember_yearly_electricity,implied by the country's own published capacity and generation for that fuel
LU,LUX,wind,2025,0.23,0.47,0.2333,0.2082,0.2718,5,no,ember_yearly_electricity,implied by the country's own published capacity and generation for that fuel
LV,LVA,bioenergy,2025,0.11,0.66,0.6849,0.5444,0.6849,5,no,ember_yearly_electricity,implied by the country's own published capacity and generation for that fuel
LV,LVA,gas,2025,1.07,1.65,0.176,0.1267,0.2171,5,no,ember_yearly_electricity,implied by the country's own published capacity and generation for that fuel
LV,LVA,hydro,2025,1.59,2.97,0.2132,0.1946,0.2721,5,no,ember_yearly_electricity,implied by the country's own published capacity and generation for that fuel
LV,LVA,solar,2025,0.92,0.82,0.1017,0.083,0.1017,4,no,ember_yearly_electricity,implied by the country's own published capacity and generation for that fuel
LV,LVA,wind,2025,0.13,0.23,0.202,0.1998,0.2711,5,no,ember_yearly_electricity,implied by the country's own published capacity and generation for that fuel
MO,MAC,gas,2024,0.14,0.49,0.3995,0.1712,0.3995,5,no,ember_yearly_electricity,implied by the country's own published capacity and generation for that fuel
MO,MAC,oil,2024,0.27,0.05,0.0211,0.0169,0.0676,5,yes,ember_yearly_electricity,"implied by the country's own published capacity and generation for that fuel; Ember publishes no oil line: 'Other Fossil' is oil products plus other fossil fuels, and stands in for oil utilisation"
MA,MAR,coal,2025,4.09,27.52,0.7681,0.7275,0.7771,5,no,ember_yearly_electricity,implied by the country's own published capacity and generation for that fuel
MA,MAR,gas,2025,0.87,4.78,0.6272,0.0905,0.6272,5,no,ember_yearly_electricity,implied by the country's own published capacity and generation for that fuel
MA,MAR,hydro,2025,1.31,0.92,0.0802,0.0453,0.1054,5,no,ember_yearly_electricity,implied by the country's own published capacity and generation for that fuel
MA,MAR,oil,2025,1.03,1.57,0.174,0.1529,0.4644,5,yes,ember_yearly_electricity,"implied by the country's own published capacity and generation for that fuel; Ember publishes no oil line: 'Other Fossil' is oil products plus other fossil fuels, and stands in for oil utilisation"
MA,MAR,solar,2025,1.09,2.58,0.2702,0.1947,0.2896,5,no,ember_yearly_electricity,implied by the country's own published capacity and generation for that fuel
MA,MAR,wind,2025,2.45,6.74,0.314,0.314,0.3968,5,no,ember_yearly_electricity,implied by the country's own published capacity and generation for that fuel
MD,MDA,gas,2025,1.38,1.85,0.153,0.153,0.5112,5,no,ember_yearly_electricity,implied by the country's own published capacity and generation for that fuel
MD,MDA,hydro,2025,0.06,0.35,0.6659,0.5518,0.6659,5,no,ember_yearly_electricity,implied by the country's own published capacity and generation for that fuel
MD,MDA,solar,2025,0.71,0.23,0.037,0.0285,0.0951,4,no,ember_yearly_electricity,implied by the country's own published capacity and generation for that fuel
MD,MDA,wind,2025,0.25,0.23,0.105,0.105,0.1549,5,no,ember_yearly_electricity,implied by the country's own published capacity and generation for that fuel
MG,MDG,coal,2024,0.12,0.5,0.4756,0.1998,0.4852,5,no,ember_yearly_electricity,implied by the country's own published capacity and generation for that fuel
MG,MDG,hydro,2024,0.19,0.9,0.5407,0.4927,0.5888,5,no,ember_yearly_electricity,implied by the country's own published capacity and generation for that fuel
MG,MDG,oil,2024,0.5,0.9,0.2055,0.2009,0.2785,5,yes,ember_yearly_electricity,"implied by the country's own published capacity and generation for that fuel; Ember publishes no oil line: 'Other Fossil' is oil products plus other fossil fuels, and stands in for oil utilisation"
MG,MDG,solar,2024,0.06,0.1,0.1903,0.1522,0.1903,3,no,ember_yearly_electricity,implied by the country's own published capacity and generation for that fuel
MV,MDV,oil,2024,0.53,0.79,0.1702,0.168,0.1702,5,yes,ember_yearly_electricity,"implied by the country's own published capacity and generation for that fuel; Ember publishes no oil line: 'Other Fossil' is oil products plus other fossil fuels, and stands in for oil utilisation"
MV,MDV,solar,2024,0.07,0.06,0.0978,0.0978,0.137,3,no,ember_yearly_electricity,implied by the country's own published capacity and generation for that fuel
MX,MEX,bioenergy,2025,0.89,5.96,0.7645,0.7645,0.8691,5,no,ember_yearly_electricity,implied by the country's own published capacity and generation for that fuel
MX,MEX,coal,2025,5.38,10.88,0.2309,0.1566,0.2871,5,no,ember_yearly_electricity,implied by the country's own published capacity and generation for that fuel
MX,MEX,gas,2025,47.24,219.92,0.5314,0.5216,0.5646,5,no,ember_yearly_electricity,implied by the country's own published capacity and generation for that fuel
MX,MEX,hydro,2025,12.84,28.75,0.2556,0.1832,0.3161,5,no,ember_yearly_electricity,implied by the country's own published capacity and generation for that fuel
MX,MEX,nuclear,2025,1.61,10.16,0.7204,0.7204,0.8785,5,no,ember_yearly_electricity,implied by the country's own published capacity and generation for that fuel
MX,MEX,oil,2025,39.93,33.58,0.096,0.0931,0.1372,5,yes,ember_yearly_electricity,"implied by the country's own published capacity and generation for that fuel; Ember publishes no oil line: 'Other Fossil' is oil products plus other fossil fuels, and stands in for oil utilisation"
MX,MEX,solar,2025,12.93,26.34,0.2325,0.2325,0.2581,5,no,ember_yearly_electricity,implied by the country's own published capacity and generation for that fuel
MX,MEX,wind,2025,7.51,21.38,0.325,0.3002,0.325,5,no,ember_yearly_electricity,implied by the country's own published capacity and generation for that fuel
MK,MKD,coal,2025,0.82,2.07,0.2882,0.2882,0.3856,5,no,ember_yearly_electricity,implied by the country's own published capacity and generation for that fuel
MK,MKD,gas,2025,0.22,1.09,0.5656,0.5137,0.8043,5,no,ember_yearly_electricity,implied by the country's own published capacity and generation for that fuel
MK,MKD,hydro,2025,0.72,1.24,0.1966,0.1966,0.2568,5,no,ember_yearly_electricity,implied by the country's own published capacity and generation for that fuel
MK,MKD,oil,2025,0.2,0.17,0.097,0.0799,0.3253,5,yes,ember_yearly_electricity,"implied by the country's own published capacity and generation for that fuel; Ember publishes no oil line: 'Other Fossil' is oil products plus other fossil fuels, and stands in for oil utilisation"
MK,MKD,solar,2025,1.06,2.21,0.238,0.0768,0.238,5,no,ember_yearly_electricity,implied by the country's own published capacity and generation for that fuel
MK,MKD,wind,2025,0.1,0.3,0.3425,0.2609,0.3425,3,no,ember_yearly_electricity,implied by the country's own published capacity and generation for that fuel
ML,MLI,hydro,2024,0.46,0.92,0.2283,0.2283,0.5137,5,no,ember_yearly_electricity,implied by the country's own published capacity and generation for that fuel
ML,MLI,oil,2024,0.61,4.8,0.8983,0.5541,0.902,5,yes,ember_yearly_electricity,"implied by the country's own published capacity and generation for that fuel; Ember publishes no oil line: 'Other Fossil' is oil products plus other fossil fuels, and stands in for oil utilisation"
ML,MLI,solar,2024,0.14,0.17,0.1386,0.1386,0.1903,5,no,ember_yearly_electricity,implied by the country's own published capacity and generation for that fuel
MT,MLT,gas,2025,0.36,1.82,0.5771,0.5771,0.6374,5,no,ember_yearly_electricity,implied by the country's own published capacity and generation for that fuel
MT,MLT,oil,2025,0.19,0.02,0.012,0.006,0.036,5,yes,ember_yearly_electricity,"implied by the country's own published capacity and generation for that fuel; Ember publishes no oil line: 'Other Fossil' is oil products plus other fossil fuels, and stands in for oil utilisation"
MT,MLT,solar,2025,0.25,0.34,0.1553,0.1539,0.1576,5,no,ember_yearly_electricity,implied by the country's own published capacity and generation for that fuel
MM,MMR,bioenergy,2024,0.06,0.27,0.5137,0.4947,0.5137,5,no,ember_yearly_electricity,implied by the country's own published capacity and generation for that fuel
MM,MMR,coal,2024,0.19,1.2,0.721,0.6729,0.721,2,no,ember_yearly_electricity,implied by the country's own published capacity and generation for that fuel
MM,MMR,gas,2024,2.44,10.0,0.4678,0.3746,0.5366,5,no,ember_yearly_electricity,implied by the country's own published capacity and generation for that fuel
MM,MMR,hydro,2024,3.27,10.0,0.3491,0.3072,0.3491,5,no,ember_yearly_electricity,implied by the country's own published capacity and generation for that fuel
MM,MMR,solar,2024,0.22,0.12,0.0623,0.0623,0.1142,5,no,ember_yearly_electricity,implied by the country's own published capacity and generation for that fuel
ME,MNE,coal,2025,0.22,0.6,0.3113,0.3113,0.851,5,no,ember_yearly_electricity,implied by the country's own published capacity and generation for that fuel
ME,MNE,hydro,2025,0.7,1.44,0.2348,0.2348,0.362,5,no,ember_yearly_electricity,implied by the country's own published capacity and generation for that fuel
ME,MNE,solar,2025,0.1,0.14,0.1598,0.1142,0.1598,2,no,ember_yearly_electricity,implied by the country's own published capacity and generation for that fuel
ME,MNE,wind,2025,0.12,0.28,0.2664,0.2568,0.3044,5,no,ember_yearly_electricity,implied by the country's own published capacity and generation for that fuel
MN,MNG,coal,2025,1.3,8.31,0.7297,0.7297,0.8574,5,no,ember_yearly_electricity,implied by the country's own published capacity and generation for that fuel
MN,MNG,oil,2025,0.1,0.57,0.6507,0.6507,0.6507,1,yes,ember_yearly_electricity,"implied by the country's own published capacity and generation for that fuel; Ember publishes no oil line: 'Other Fossil' is oil products plus other fossil fuels, and stands in for oil utilisation"
MN,MNG,solar,2025,0.13,0.21,0.1844,0.1712,0.2169,5,no,ember_yearly_electricity,implied by the country's own published capacity and generation for that fuel
MN,MNG,wind,2025,0.16,0.54,0.3853,0.3639,0.4138,5,no,ember_yearly_electricity,implied by the country's own published capacity and generation for that fuel
MZ,MOZ,bioenergy,2024,0.07,0.13,0.212,0.1794,0.212,5,no,ember_yearly_electricity,implied by the country's own published capacity and generation for that fuel
MZ,MOZ,gas,2024,0.66,3.13,0.5414,0.5189,0.5414,5,no,ember_yearly_electricity,implied by the country's own published capacity and generation for that fuel
MZ,MOZ,hydro,2024,2.19,16.3,0.8496,0.8064,0.859,5,no,ember_yearly_electricity,implied by the country's own published capacity and generation for that fuel
MZ,MOZ,solar,2024,0.18,0.08,0.0507,0.0499,0.1598,5,no,ember_yearly_electricity,implied by the country's own published capacity and generation for that fuel
MR,MRT,oil,2024,0.24,1.6,0.761,0.5375,0.7801,5,yes,ember_yearly_electricity,"implied by the country's own published capacity and generation for that fuel; Ember publishes no oil line: 'Other Fossil' is oil products plus other fossil fuels, and stands in for oil utilisation"
MR,MRT,solar,2024,0.16,0.16,0.1142,0.1142,0.1776,5,no,ember_yearly_electricity,implied by the country's own published capacity and generation for that fuel
MR,MRT,wind,2024,0.14,0.1,0.0815,0.0815,0.0815,2,no,ember_yearly_electricity,implied by the country's own published capacity and generation for that fuel
MQ,MTQ,oil,2023,0.28,1.12,0.4566,0.4485,0.4729,5,yes,ember_yearly_electricity,"implied by the country's own published capacity and generation for that fuel; Ember publishes no oil line: 'Other Fossil' is oil products plus other fossil fuels, and stands in for oil utilisation"
MQ,MTQ,solar,2023,0.1,0.11,0.1256,0.1027,0.1284,5,no,ember_yearly_electricity,implied by the country's own published capacity and generation for that fuel
MU,MUS,bioenergy,2024,0.09,0.32,0.4059,0.3805,0.52,5,no,ember_yearly_electricity,implied by the country's own published capacity and generation for that fuel
MU,MUS,coal,2024,0.19,1.34,0.8051,0.5888,0.8051,5,no,ember_yearly_electricity,implied by the country's own published capacity and generation for that fuel
MU,MUS,hydro,2024,0.06,0.11,0.2093,0.1712,0.2473,5,no,ember_yearly_electricity,implied by the country's own published capacity and generation for that fuel
MU,MUS,oil,2024,0.46,1.46,0.3623,0.2631,0.3971,5,yes,ember_yearly_electricity,"implied by the country's own published capacity and generation for that fuel; Ember publishes no oil line: 'Other Fossil' is oil products plus other fossil fuels, and stands in for oil utilisation"
MU,MUS,solar,2024,0.16,0.17,0.1213,0.1213,0.166,5,no,ember_yearly_electricity,implied by the country's own published capacity and generation for that fuel
MW,MWI,hydro,2024,0.39,1.69,0.4947,0.4947,0.5183,5,no,ember_yearly_electricity,implied by the country's own published capacity and generation for that fuel
MW,MWI,oil,2024,0.13,0.08,0.0702,0.0088,0.0702,5,yes,ember_yearly_electricity,"implied by the country's own published capacity and generation for that fuel; Ember publishes no oil line: 'Other Fossil' is oil products plus other fossil fuels, and stands in for oil utilisation"
MW,MWI,solar,2024,0.1,0.01,0.0114,0.0114,0.019,4,no,ember_yearly_electricity,implied by the country's own published capacity and generation for that fuel
MY,MYS,bioenergy,2025,0.93,1.78,0.2185,0.151,0.2185,5,no,ember_yearly_electricity,implied by the country's own published capacity and generation for that fuel
MY,MYS,coal,2025,13.28,89.6,0.7702,0.6686,0.7702,5,no,ember_yearly_electricity,implied by the country's own published capacity and generation for that fuel
MY,MYS,gas,2025,17.99,67.89,0.4308,0.4086,0.4849,5,no,ember_yearly_electricity,implied by the country's own published capacity and generation for that fuel
MY,MYS,hydro,2025,6.27,35.24,0.6416,0.5543,0.6416,5,no,ember_yearly_electricity,implied by the country's own published capacity and generation for that fuel
MY,MYS,oil,2025,0.49,2.07,0.4822,0.2679,0.4822,5,yes,ember_yearly_electricity,"implied by the country's own published capacity and generation for that fuel; Ember publishes no oil line: 'Other Fossil' is oil products plus other fossil fuels, and stands in for oil utilisation"
MY,MYS,solar,2025,3.07,4.51,0.1677,0.1474,0.1677,5,no,ember_yearly_electricity,implied by the country's own published capacity and generation for that fuel
NA,NAM,coal,2024,0.12,0.04,0.0381,0.019,0.0571,5,no,ember_yearly_electricity,implied by the country's own published capacity and generation for that fuel
NA,NAM,hydro,2024,0.35,1.0,0.3262,0.2544,0.4892,5,no,ember_yearly_electricity,implied by the country's own published capacity and generation for that fuel
NA,NAM,oil,2023,0.07,0.01,0.0163,0.0114,0.019,3,yes,ember_yearly_electricity,"implied by the country's own published capacity and generation for that fuel; Ember publishes no oil line: 'Other Fossil' is oil products plus other fossil fuels, and stands in for oil utilisation"
NA,NAM,solar,2024,0.24,0.58,0.2759,0.2283,0.2884,5,no,ember_yearly_electricity,implied by the country's own published capacity and generation for that fuel
NC,NCL,coal,2023,0.37,1.14,0.3517,0.3517,0.472,5,no,ember_yearly_electricity,implied by the country's own published capacity and generation for that fuel
NC,NCL,hydro,2024,0.08,0.54,0.7705,0.4424,0.7705,5,no,ember_yearly_electricity,implied by the country's own published capacity and generation for that fuel
NC,NCL,oil,2024,0.55,1.14,0.2366,0.2033,0.3113,5,yes,ember_yearly_electricity,"implied by the country's own published capacity and generation for that fuel; Ember publishes no oil line: 'Other Fossil' is oil products plus other fossil fuels, and stands in for oil utilisation"
NC,NCL,solar,2024,0.21,0.26,0.1413,0.1209,0.1427,5,no,ember_yearly_electricity,implied by the country's own published capacity and generation for that fuel
NC,NCL,wind,2024,0.06,0.04,0.0761,0.0761,0.0761,3,no,ember_yearly_electricity,implied by the country's own published capacity and generation for that fuel
NE,NER,oil,2024,0.39,0.7,0.2049,0.1535,0.2137,5,yes,ember_yearly_electricity,"implied by the country's own published capacity and generation for that fuel; Ember publishes no oil line: 'Other Fossil' is oil products plus other fossil fuels, and stands in for oil utilisation"
NE,NER,solar,2024,0.08,0.03,0.0428,0.0285,0.0457,3,no,ember_yearly_electricity,implied by the country's own published capacity and generation for that fuel
NG,NGA,gas,2025,11.91,28.53,0.2735,0.27,0.3185,5,no,ember_yearly_electricity,implied by the country's own published capacity and generation for that fuel
NG,NGA,hydro,2025,2.9,12.82,0.5046,0.3586,0.5046,5,no,ember_yearly_electricity,implied by the country's own published capacity and generation for that fuel
NG,NGA,solar,2025,0.28,0.13,0.053,0.053,0.1142,5,no,ember_yearly_electricity,implied by the country's own published capacity and generation for that fuel
NI,NIC,bioenergy,2024,0.22,0.89,0.4618,0.3788,0.4618,5,no,ember_yearly_electricity,implied by the country's own published capacity and generation for that fuel
NI,NIC,hydro,2024,0.16,0.65,0.4638,0.4067,0.4638,5,no,ember_yearly_electricity,implied by the country's own published capacity and generation for that fuel
NI,NIC,oil,2024,0.38,1.7,0.5107,0.2892,0.5107,5,yes,ember_yearly_electricity,"implied by the country's own published capacity and generation for that fuel; Ember publishes no oil line: 'Other Fossil' is oil products plus other fossil fuels, and stands in for oil utilisation"
NI,NIC,wind,2024,0.19,0.56,0.3365,0.3304,0.3965,5,no,ember_yearly_electricity,implied by the country's own published capacity and generation for that fuel
NL,NLD,coal,2025,3.5,9.55,0.3115,0.2436,0.4121,5,no,ember_yearly_electricity,implied by the country's own published capacity and generation for that fuel
NL,NLD,gas,2025,14.93,47.09,0.3601,0.3386,0.4335,5,no,ember_yearly_electricity,implied by the country's own published capacity and generation for that fuel
NL,NLD,nuclear,2025,0.51,3.99,0.8931,0.7991,0.9311,5,no,ember_yearly_electricity,implied by the country's own published capacity and generation for that fuel
NL,NLD,oil,2025,1.07,5.23,0.558,0.462,0.6338,5,yes,ember_yearly_electricity,"implied by the country's own published capacity and generation for that fuel; Ember publishes no oil line: 'Other Fossil' is oil products plus other fossil fuels, and stands in for oil utilisation"
NL,NLD,solar,2025,25.88,28.5,0.1257,0.087,0.1257,5,no,ember_yearly_electricity,implied by the country's own published capacity and generation for that fuel
NL,NLD,wind,2025,11.78,33.7,0.3266,0.2705,0.3267,5,no,ember_yearly_electricity,implied by the country's own published capacity and generation for that fuel
NO,NOR,bioenergy,2025,0.05,0.24,0.5479,0.5479,0.5479,2,no,ember_yearly_electricity,implied by the country's own published capacity and generation for that fuel
NO,NOR,gas,2025,0.34,0.9,0.3022,0.046,0.499,5,no,ember_yearly_electricity,implied by the country's own published capacity and generation for that fuel
NO,NOR,hydro,2025,34.65,144.78,0.477,0.4272,0.4822,5,no,ember_yearly_electricity,implied by the country's own published capacity and generation for that fuel
NO,NOR,oil,2025,0.14,0.71,0.5789,0.5789,0.742,5,yes,ember_yearly_electricity,"implied by the country's own published capacity and generation for that fuel; Ember publishes no oil line: 'Other Fossil' is oil products plus other fossil fuels, and stands in for oil utilisation"
NO,NOR,solar,2025,0.9,0.53,0.0672,0.0571,0.0766,5,no,ember_yearly_electricity,implied by the country's own published capacity and generation for that fuel
NO,NOR,wind,2025,5.16,13.58,0.3004,0.2658,0.3339,5,no,ember_yearly_electricity,implied by the country's own published capacity and generation for that fuel
NP,NPL,hydro,2024,3.29,11.0,0.3817,0.3817,0.5522,5,no,ember_yearly_electricity,implied by the country's own published capacity and generation for that fuel
NP,NPL,oil,2013,0.05,0.01,0.0228,0.0228,0.0457,3,yes,ember_yearly_electricity,"implied by the country's own published capacity and generation for that fuel; Ember publishes no oil line: 'Other Fossil' is oil products plus other fossil fuels, and stands in for oil utilisation"
NP,NPL,solar,2024,0.17,0.12,0.0806,0.0806,0.1522,5,no,ember_yearly_electricity,implied by the country's own published capacity and generation for that fuel
NZ,NZL,bioenergy,2025,0.13,0.57,0.5005,0.5005,0.6523,5,no,ember_yearly_electricity,implied by the country's own published capacity and generation for that fuel
NZ,NZL,coal,2025,0.75,0.49,0.0746,0.0746,0.3957,5,no,ember_yearly_electricity,implied by the country's own published capacity and generation for that fuel
NZ,NZL,gas,2025,1.42,3.84,0.3087,0.2701,0.3738,5,no,ember_yearly_electricity,implied by the country's own published capacity and generation for that fuel
NZ,NZL,hydro,2025,5.5,23.77,0.4934,0.4867,0.5432,5,no,ember_yearly_electricity,implied by the country's own published capacity and generation for that fuel
NZ,NZL,solar,2025,0.84,0.37,0.0503,0.0503,0.1262,5,no,ember_yearly_electricity,implied by the country's own published capacity and generation for that fuel
NZ,NZL,wind,2025,1.26,4.22,0.3823,0.3287,0.3905,5,no,ember_yearly_electricity,implied by the country's own published capacity and generation for that fuel
OM,OMN,gas,2025,13.48,48.54,0.4111,0.3318,0.4111,5,no,ember_yearly_electricity,implied by the country's own published capacity and generation for that fuel
OM,OMN,oil,2020,0.14,0.9,0.7339,0.7339,0.9214,3,yes,ember_yearly_electricity,"implied by the country's own published capacity and generation for that fuel; Ember publishes no oil line: 'Other Fossil' is oil products plus other fossil fuels, and stands in for oil utilisation"
OM,OMN,solar,2025,1.67,2.3,0.1572,0.1572,0.4281,5,no,ember_yearly_electricity,implied by the country's own published capacity and generation for that fuel
OM,OMN,wind,2025,0.05,0.1,0.2283,0.2283,0.2283,5,no,ember_yearly_electricity,implied by the country's own published capacity and generation for that fuel
PK,PAK,bioenergy,2025,0.43,0.55,0.146,0.146,0.223,5,no,ember_yearly_electricity,implied by the country's own published capacity and generation for that fuel
PK,PAK,coal,2025,8.48,28.82,0.388,0.2928,0.5925,5,no,ember_yearly_electricity,implied by the country's own published capacity and generation for that fuel
PK,PAK,gas,2025,17.79,38.73,0.2485,0.2485,0.3471,5,no,ember_yearly_electricity,implied by the country's own published capacity and generation for that fuel
PK,PAK,hydro,2025,11.52,41.24,0.4087,0.372,0.4107,5,no,ember_yearly_electricity,implied by the country's own published capacity and generation for that fuel
PK,PAK,nuclear,2025,3.62,25.43,0.8019,0.7109,0.8035,5,no,ember_yearly_electricity,implied by the country's own published capacity and generation for that fuel
PK,PAK,oil,2025,3.87,1.28,0.0378,0.0378,0.4139,5,yes,ember_yearly_electricity,"implied by the country's own published capacity and generation for that fuel; Ember publishes no oil line: 'Other Fossil' is oil products plus other fossil fuels, and stands in for oil utilisation"
PK,PAK,solar,2024,3.72,19.84,0.6088,0.404,0.6088,5,no,ember_yearly_electricity,implied by the country's own published capacity and generation for that fuel
PK,PAK,wind,2025,1.85,4.46,0.2752,0.24,0.3186,5,no,ember_yearly_electricity,implied by the country's own published capacity and generation for that fuel
PA,PAN,bioenergy,2024,0.1,0.05,0.0571,0.0457,0.0978,5,no,ember_yearly_electricity,implied by the country's own published capacity and generation for that fuel
PA,PAN,coal,2024,0.31,0.5,0.1841,0.1619,0.1841,5,no,ember_yearly_electricity,implied by the country's own published capacity and generation for that fuel
PA,PAN,gas,2024,1.2,2.8,0.2664,0.2664,0.6009,5,no,ember_yearly_electricity,implied by the country's own published capacity and generation for that fuel
PA,PAN,hydro,2024,1.85,7.13,0.44,0.3795,0.526,5,no,ember_yearly_electricity,implied by the country's own published capacity and generation for that fuel
PA,PAN,oil,2024,0.78,1.0,0.1464,0.0713,0.2795,5,yes,ember_yearly_electricity,"implied by the country's own published capacity and generation for that fuel; Ember publishes no oil line: 'Other Fossil' is oil products plus other fossil fuels, and stands in for oil utilisation"
PA,PAN,solar,2024,0.74,0.99,0.1527,0.1347,0.1528,5,no,ember_yearly_electricity,implied by the country's own published capacity and generation for that fuel
PA,PAN,wind,2024,0.34,0.96,0.3223,0.1947,0.3223,5,no,ember_yearly_electricity,implied by the country's own published capacity and generation for that fuel
PE,PER,bioenergy,2025,0.24,0.65,0.3092,0.3092,0.4029,5,no,ember_yearly_electricity,implied by the country's own published capacity and generation for that fuel
PE,PER,coal,2021,0.14,0.14,0.1142,0.106,0.6197,5,no,ember_yearly_electricity,implied by the country's own published capacity and generation for that fuel
PE,PER,gas,2025,4.91,21.83,0.5075,0.369,0.6191,5,no,ember_yearly_electricity,implied by the country's own published capacity and generation for that fuel
PE,PER,hydro,2025,5.77,33.88,0.6703,0.6115,0.6703,5,no,ember_yearly_electricity,implied by the country's own published capacity and generation for that fuel
PE,PER,oil,2025,2.98,0.13,0.005,0.005,0.0366,5,yes,ember_yearly_electricity,"implied by the country's own published capacity and generation for that fuel; Ember publishes no oil line: 'Other Fossil' is oil products plus other fossil fuels, and stands in for oil utilisation"
PE,PER,solar,2025,1.02,1.83,0.2048,0.2046,0.2906,5,no,ember_yearly_electricity,implied by the country's own published capacity and generation for that fuel
PE,PER,wind,2025,1.34,2.11,0.1798,0.1798,0.5067,5,no,ember_yearly_electricity,implied by the country's own published capacity and generation for that fuel
PH,PHL,bioenergy,2025,0.81,1.45,0.2044,0.1884,0.2854,5,no,ember_yearly_electricity,implied by the country's own published capacity and generation for that fuel
PH,PHL,coal,2025,12.64,72.23,0.6523,0.6278,0.7253,5,no,ember_yearly_electricity,implied by the country's own published capacity and generation for that fuel
PH,PHL,gas,2025,4.19,21.25,0.5789,0.5732,0.6423,5,no,ember_yearly_electricity,implied by the country's own published capacity and generation for that fuel
PH,PHL,hydro,2025,3.15,12.7,0.4602,0.344,0.4602,5,no,ember_yearly_electricity,implied by the country's own published capacity and generation for that fuel
PH,PHL,oil,2025,4.19,0.94,0.0256,0.0256,0.0644,5,yes,ember_yearly_electricity,"implied by the country's own published capacity and generation for that fuel; Ember publishes no oil line: 'Other Fossil' is oil products plus other fossil fuels, and stands in for oil utilisation"
PH,PHL,solar,2025,3.89,3.0,0.088,0.0794,0.1252,5,no,ember_yearly_electricity,implied by the country's own published capacity and generation for that fuel
PH,PHL,wind,2025,0.52,1.46,0.3205,0.275,0.3892,5,no,ember_yearly_electricity,implied by the country's own published capacity and generation for that fuel
PG,PNG,gas,2024,0.26,0.91,0.3995,0.3927,0.4457,5,no,ember_yearly_electricity,implied by the country's own published capacity and generation for that fuel
PG,PNG,hydro,2024,0.31,1.0,0.3682,0.3682,0.4804,5,no,ember_yearly_electricity,implied by the country's own published capacity and generation for that fuel
PG,PNG,oil,2024,0.49,2.7,0.629,0.5032,0.6313,5,yes,ember_yearly_electricity,"implied by the country's own published capacity and generation for that fuel; Ember publishes no oil line: 'Other Fossil' is oil products plus other fossil fuels, and stands in for oil utilisation"
PL,POL,bioenergy,2025,1.02,8.48,0.9491,0.8539,0.9505,4,no,ember_yearly_electricity,implied by the country's own published capacity and generation for that fuel
PL,POL,coal,2025,27.26,87.4,0.366,0.366,0.4998,5,no,ember_yearly_electricity,implied by the country's own published capacity and generation for that fuel
PL,POL,gas,2025,4.93,24.81,0.5745,0.4065,0.5901,5,no,ember_yearly_electricity,implied by the country's own published capacity and generation for that fuel
PL,POL,hydro,2025,0.99,1.7,0.196,0.196,0.2779,5,no,ember_yearly_electricity,implied by the country's own published capacity and generation for that fuel
PL,POL,solar,2025,25.42,19.55,0.0878,0.0633,0.0928,5,no,ember_yearly_electricity,implied by the country's own published capacity and generation for that fuel
PL,POL,wind,2025,10.6,23.98,0.2582,0.2582,0.2955,5,no,ember_yearly_electricity,implied by the country's own published capacity and generation for that fuel
PR,PRI,gas,2025,1.45,5.75,0.4527,0.4251,0.4527,5,no,ember_yearly_electricity,implied by the country's own published capacity and generation for that fuel
PR,PRI,hydro,2025,0.1,0.01,0.0114,0.0114,0.0571,5,no,ember_yearly_electricity,implied by the country's own published capacity and generation for that fuel
PR,PRI,oil,2025,3.97,9.57,0.2752,0.2752,0.3181,5,yes,ember_yearly_electricity,"implied by the country's own published capacity and generation for that fuel; Ember publishes no oil line: 'Other Fossil' is oil products plus other fossil fuels, and stands in for oil utilisation"
PR,PRI,solar,2025,1.36,0.95,0.0797,0.0797,0.1584,5,no,ember_yearly_electricity,implied by the country's own published capacity and generation for that fuel
PR,PRI,wind,2025,0.13,0.23,0.202,0.1581,0.202,5,no,ember_yearly_electricity,implied by the country's own published capacity and generation for that fuel
KP,PRK,coal,2024,3.38,9.23,0.3117,0.302,0.3516,5,no,ember_yearly_electricity,implied by the country's own published capacity and generation for that fuel
KP,PRK,hydro,2024,4.97,17.0,0.3905,0.3007,0.3905,5,no,ember_yearly_electricity,implied by the country's own published capacity and generation for that fuel
KP,PRK,solar,2024,0.14,0.17,0.1386,0.1317,0.1484,5,no,ember_yearly_electricity,implied by the country's own published capacity and generation for that fuel
PT,PRT,bioenergy,2025,0.66,3.43,0.5933,0.5933,0.7003,5,no,ember_yearly_electricity,implied by the country's own published capacity and generation for that fuel
PT,PRT,coal,2020,1.98,2.36,0.1361,0.1361,0.8458,5,no,ember_yearly_electricity,implied by the country's own published capacity and generation for that fuel
PT,PRT,gas,2025,4.19,8.42,0.2294,0.1534,0.4738,5,no,ember_yearly_electricity,implied by the country's own published capacity and generation for that fuel
PT,PRT,hydro,2025,8.37,15.2,0.2073,0.0912,0.2073,5,no,ember_yearly_electricity,implied by the country's own published capacity and generation for that fuel
PT,PRT,oil,2025,0.47,1.35,0.3279,0.3182,0.3328,5,yes,ember_yearly_electricity,"implied by the country's own published capacity and generation for that fuel; Ember publishes no oil line: 'Other Fossil' is oil products plus other fossil fuels, and stands in for oil utilisation"
PT,PRT,solar,2025,6.95,8.86,0.1455,0.1393,0.1458,5,no,ember_yearly_electricity,implied by the country's own published capacity and generation for that fuel
PT,PRT,wind,2025,5.61,13.68,0.2784,0.271,0.2923,5,no,ember_yearly_electricity,implied by the country's own published capacity and generation for that fuel
PY,PRY,hydro,2025,8.82,45.11,0.5838,0.5251,0.6834,5,no,ember_yearly_electricity,implied by the country's own published capacity and generation for that fuel
PS,PSE,solar,2024,0.3,0.39,0.1484,0.1395,0.2043,5,no,ember_yearly_electricity,implied by the country's own published capacity and generation for that fuel
PF,PYF,hydro,2024,0.05,0.19,0.4338,0.3196,0.4338,5,no,ember_yearly_electricity,implied by the country's own published capacity and generation for that fuel
PF,PYF,oil,2024,0.22,0.47,0.2439,0.2439,0.2501,5,yes,ember_yearly_electricity,"implied by the country's own published capacity and generation for that fuel; Ember publishes no oil line: 'Other Fossil' is oil products plus other fossil fuels, and stands in for oil utilisation"
PF,PYF,solar,2024,0.08,0.06,0.0856,0.0856,0.1142,4,no,ember_yearly_electricity,implied by the country's own published capacity and generation for that fuel
QA,QAT,gas,2025,12.58,53.9,0.4891,0.4686,0.4936,5,no,ember_yearly_electricity,implied by the country's own published capacity and generation for that fuel
QA,QAT,solar,2025,1.68,2.15,0.1461,0.0832,0.303,4,no,ember_yearly_electricity,implied by the country's own published capacity and generation for that fuel
RE,REU,bioenergy,2023,0.3,1.04,0.3957,0.3044,0.3957,5,no,ember_yearly_electricity,implied by the country's own published capacity and generation for that fuel
RE,REU,coal,2023,0.16,0.4,0.2854,0.2854,0.7319,4,no,ember_yearly_electricity,implied by the country's own published capacity and generation for that fuel
RE,REU,hydro,2023,0.13,0.39,0.3425,0.3161,0.5532,5,no,ember_yearly_electricity,implied by the country's own published capacity and generation for that fuel
RE,REU,oil,2022,0.29,1.33,0.5235,0.3228,0.5235,5,yes,ember_yearly_electricity,"implied by the country's own published capacity and generation for that fuel; Ember publishes no oil line: 'Other Fossil' is oil products plus other fossil fuels, and stands in for oil utilisation"
RE,REU,solar,2023,0.27,0.29,0.1226,0.1226,0.1484,5,no,ember_yearly_electricity,implied by the country's own published capacity and generation for that fuel
RO,ROU,bioenergy,2025,0.16,0.49,0.3496,0.3139,0.53,5,no,ember_yearly_electricity,implied by the country's own published capacity and generation for that fuel
RO,ROU,coal,2025,2.52,7.56,0.3425,0.3133,0.3766,5,no,ember_yearly_electricity,implied by the country's own published capacity and generation for that fuel
RO,ROU,gas,2025,3.55,8.43,0.2711,0.2711,0.346,5,no,ember_yearly_electricity,implied by the country's own published capacity and generation for that fuel
RO,ROU,hydro,2025,6.62,12.08,0.2083,0.2083,0.3138,5,no,ember_yearly_electricity,implied by the country's own published capacity and generation for that fuel
RO,ROU,nuclear,2025,1.3,10.2,0.8957,0.8957,0.9905,5,no,ember_yearly_electricity,implied by the country's own published capacity and generation for that fuel
RO,ROU,oil,2025,1.23,0.18,0.0167,0.0167,0.0316,5,yes,ember_yearly_electricity,"implied by the country's own published capacity and generation for that fuel; Ember publishes no oil line: 'Other Fossil' is oil products plus other fossil fuels, and stands in for oil utilisation"
RO,ROU,solar,2025,6.24,4.87,0.0891,0.0851,0.1396,5,no,ember_yearly_electricity,implied by the country's own published capacity and generation for that fuel
RO,ROU,wind,2025,3.28,5.97,0.2078,0.2078,0.2844,5,no,ember_yearly_electricity,implied by the country's own published capacity and generation for that fuel
RU,RUS,bioenergy,2025,0.16,0.77,0.5494,0.5494,0.7464,5,no,ember_yearly_electricity,implied by the country's own published capacity and generation for that fuel
RU,RUS,coal,2025,37.19,219.52,0.6738,0.55,0.6738,5,no,ember_yearly_electricity,implied by the country's own published capacity and generation for that fuel
RU,RUS,gas,2025,113.04,533.17,0.5384,0.5384,0.5639,5,no,ember_yearly_electricity,implied by the country's own published capacity and generation for that fuel
RU,RUS,hydro,2025,51.83,199.73,0.4399,0.4228,0.4781,5,no,ember_yearly_electricity,implied by the country's own published capacity and generation for that fuel
RU,RUS,nuclear,2025,28.65,218.65,0.8712,0.8369,0.8712,5,no,ember_yearly_electricity,implied by the country's own published capacity and generation for that fuel
RU,RUS,solar,2025,2.43,2.84,0.1334,0.1274,0.158,5,no,ember_yearly_electricity,implied by the country's own published capacity and generation for that fuel
RU,RUS,wind,2025,2.88,3.64,0.1443,0.1437,0.2143,5,no,ember_yearly_electricity,implied by the country's own published capacity and generation for that fuel
RW,RWA,coal,2024,0.09,0.17,0.2156,0.1142,0.3881,3,no,ember_yearly_electricity,implied by the country's own published capacity and generation for that fuel
RW,RWA,gas,2024,0.09,0.3,0.3805,0.3805,0.3805,1,no,ember_yearly_electricity,implied by the country's own published capacity and generation for that fuel
RW,RWA,hydro,2024,0.15,0.52,0.3957,0.3957,0.5327,5,no,ember_yearly_electricity,implied by the country's own published capacity and generation for that fuel
RW,RWA,oil,2023,0.07,0.09,0.1468,0.1468,0.3098,5,yes,ember_yearly_electricity,"implied by the country's own published capacity and generation for that fuel; Ember publishes no oil line: 'Other Fossil' is oil products plus other fossil fuels, and stands in for oil utilisation"
SA,SAU,gas,2024,69.42,287.98,0.4736,0.4018,0.4736,5,no,ember_yearly_electricity,implied by the country's own published capacity and generation for that fuel
SA,SAU,oil,2024,28.33,156.84,0.632,0.6018,0.6474,5,yes,ember_yearly_electricity,"implied by the country's own published capacity and generation for that fuel; Ember publishes no oil line: 'Other Fossil' is oil products plus other fossil fuels, and stands in for oil utilisation"
SA,SAU,solar,2024,6.2,8.23,0.1515,0.1464,0.3165,5,no,ember_yearly_electricity,implied by the country's own published capacity and generation for that fuel
SA,SAU,wind,2024,0.4,1.59,0.4538,0.2255,0.4538,3,no,ember_yearly_electricity,implied by the country's own published capacity and generation for that fuel
SD,SDN,bioenergy,2024,0.2,0.11,0.0628,0.0628,0.0628,5,no,ember_yearly_electricity,implied by the country's own published capacity and generation for that fuel
SD,SDN,hydro,2024,1.48,11.5,0.887,0.8446,0.9102,5,no,ember_yearly_electricity,implied by the country's own published capacity and generation for that fuel
SD,SDN,oil,2024,1.34,3.0,0.2556,0.2351,0.5631,5,yes,ember_yearly_electricity,"implied by the country's own published capacity and generation for that fuel; Ember publishes no oil line: 'Other Fossil' is oil products plus other fossil fuels, and stands in for oil utilisation"
SD,SDN,solar,2024,0.19,0.16,0.0961,0.0245,0.0961,5,no,ember_yearly_electricity,implied by the country's own published capacity and generation for that fuel
SN,SEN,bioenergy,2024,0.05,0.11,0.2511,0.2283,0.2511,5,no,ember_yearly_electricity,implied by the country's own published capacity and generation for that fuel
SN,SEN,coal,2024,0.16,0.1,0.0713,0.0642,0.3353,4,no,ember_yearly_electricity,implied by the country's own published capacity and generation for that fuel
SN,SEN,gas,2023,0.28,0.02,0.0082,0.0082,0.0428,5,no,ember_yearly_electricity,implied by the country's own published capacity and generation for that fuel
SN,SEN,oil,2024,1.29,6.0,0.531,0.531,0.883,4,yes,ember_yearly_electricity,"implied by the country's own published capacity and generation for that fuel; Ember publishes no oil line: 'Other Fossil' is oil products plus other fossil fuels, and stands in for oil utilisation"
SN,SEN,solar,2024,0.27,0.68,0.2875,0.268,0.2928,5,no,ember_yearly_electricity,implied by the country's own published capacity and generation for that fuel
SN,SEN,wind,2024,0.16,0.41,0.2925,0.157,0.2925,5,no,ember_yearly_electricity,implied by the country's own published capacity and generation for that fuel
SG,SGP,gas,2025,11.7,54.81,0.5348,0.5348,0.5748,5,no,ember_yearly_electricity,implied by the country's own published capacity and generation for that fuel
SG,SGP,oil,2025,0.21,1.47,0.7991,0.2557,0.7991,5,yes,ember_yearly_electricity,"implied by the country's own published capacity and generation for that fuel; Ember publishes no oil line: 'Other Fossil' is oil products plus other fossil fuels, and stands in for oil utilisation"
SG,SGP,solar,2025,1.52,1.64,0.1232,0.0951,0.1232,5,no,ember_yearly_electricity,implied by the country's own published capacity and generation for that fuel
SB,SLB,oil,2024,0.06,0.1,0.1903,0.1903,0.2283,5,yes,ember_yearly_electricity,"implied by the country's own published capacity and generation for that fuel; Ember publishes no oil line: 'Other Fossil' is oil products plus other fossil fuels, and stands in for oil utilisation"
SL,SLE,hydro,2024,0.06,0.18,0.3425,0.3425,0.3425,5,no,ember_yearly_electricity,implied by the country's own published capacity and generation for that fuel
SL,SLE,oil,2024,0.14,0.01,0.0082,0.0082,0.0082,5,yes,ember_yearly_electricity,"implied by the country's own published capacity and generation for that fuel; Ember publishes no oil line: 'Other Fossil' is oil products plus other fossil fuels, and stands in for oil utilisation"
SV,SLV,bioenergy,2025,0.3,0.78,0.2968,0.2968,0.3425,5,no,ember_yearly_electricity,implied by the country's own published capacity and generation for that fuel
SV,SLV,hydro,2025,0.64,1.96,0.3496,0.2658,0.4486,5,no,ember_yearly_electricity,implied by the country's own published capacity and generation for that fuel
SV,SLV,oil,2025,0.55,0.85,0.1764,0.1245,0.2055,5,yes,ember_yearly_electricity,"implied by the country's own published capacity and generation for that fuel; Ember publishes no oil line: 'Other Fossil' is oil products plus other fossil fuels, and stands in for oil utilisation"
SV,SLV,solar,2025,0.74,1.33,0.2052,0.1928,0.3573,5,no,ember_yearly_electricity,implied by the country's own published capacity and generation for that fuel
SV,SLV,wind,2025,0.05,0.2,0.4566,0.2968,0.4566,5,no,ember_yearly_electricity,implied by the country's own published capacity and generation for that fuel
SO,SOM,oil,2024,0.06,0.34,0.6469,0.6469,0.6469,5,yes,ember_yearly_electricity,"implied by the country's own published capacity and generation for that fuel; Ember publishes no oil line: 'Other Fossil' is oil products plus other fossil fuels, and stands in for oil utilisation"
SO,SOM,solar,2024,0.05,0.08,0.1826,0.1598,0.1826,2,no,ember_yearly_electricity,implied by the country's own published capacity and generation for that fuel
RS,SRB,bioenergy,2025,0.05,0.41,0.9361,0.7763,0.9361,2,no,ember_yearly_electricity,implied by the country's own published capacity and generation for that fuel
RS,SRB,coal,2025,4.82,23.85,0.5649,0.5509,0.607,5,no,ember_yearly_electricity,implied by the country's own published capacity and generation for that fuel
RS,SRB,gas,2025,0.59,2.51,0.4856,0.2806,0.4856,5,no,ember_yearly_electricity,implied by the country's own published capacity and generation for that fuel
RS,SRB,hydro,2025,2.51,8.16,0.3711,0.3711,0.563,5,no,ember_yearly_electricity,implied by the country's own published capacity and generation for that fuel
RS,SRB,solar,2025,0.43,0.16,0.0425,0.0163,0.0609,5,no,ember_yearly_electricity,implied by the country's own published capacity and generation for that fuel
RS,SRB,wind,2025,0.8,1.47,0.2098,0.2098,0.3082,5,no,ember_yearly_electricity,implied by the country's own published capacity and generation for that fuel
SS,SSD,oil,2024,0.2,0.55,0.3139,0.3139,0.3924,5,yes,ember_yearly_electricity,"implied by the country's own published capacity and generation for that fuel; Ember publishes no oil line: 'Other Fossil' is oil products plus other fossil fuels, and stands in for oil utilisation"
SR,SUR,hydro,2024,0.18,0.9,0.5708,0.5708,0.6279,5,no,ember_yearly_electricity,implied by the country's own published capacity and generation for that fuel
SR,SUR,oil,2024,0.51,0.8,0.1791,0.1768,0.2574,5,yes,ember_yearly_electricity,"implied by the country's own published capacity and generation for that fuel; Ember publishes no oil line: 'Other Fossil' is oil products plus other fossil fuels, and stands in for oil utilisation"
SK,SVK,bioenergy,2025,0.34,1.58,0.5305,0.5305,0.8752,5,no,ember_yearly_electricity,implied by the country's own published capacity and generation for that fuel
SK,SVK,coal,2025,0.27,0.31,0.1311,0.1311,0.2842,5,no,ember_yearly_electricity,implied by the country's own published capacity and generation for that fuel
SK,SVK,gas,2025,1.99,3.28,0.1882,0.1142,0.232,5,no,ember_yearly_electricity,implied by the country's own published capacity and generation for that fuel
SK,SVK,hydro,2025,1.61,3.16,0.2241,0.2241,0.3425,5,no,ember_yearly_electricity,implied by the country's own published capacity and generation for that fuel
SK,SVK,nuclear,2025,2.47,19.32,0.8929,0.8425,0.9087,4,no,ember_yearly_electricity,implied by the country's own published capacity and generation for that fuel
SK,SVK,solar,2025,1.03,0.7,0.0776,0.0776,0.1416,5,no,ember_yearly_electricity,implied by the country's own published capacity and generation for that fuel
SI,SVN,bioenergy,2025,0.07,0.29,0.4729,0.4077,0.4729,5,no,ember_yearly_electricity,implied by the country's own published capacity and generation for that fuel
SI,SVN,coal,2025,1.07,2.18,0.2326,0.2326,0.4107,5,no,ember_yearly_electricity,implied by the country's own published capacity and generation for that fuel
SI,SVN,gas,2025,0.54,0.97,0.2051,0.1015,0.2051,5,no,ember_yearly_electricity,implied by the country's own published capacity and generation for that fuel
SI,SVN,hydro,2025,1.14,4.06,0.4066,0.3073,0.521,5,no,ember_yearly_electricity,implied by the country's own published capacity and generation for that fuel
SI,SVN,nuclear,2025,0.7,5.83,0.9508,0.9265,0.9524,5,no,ember_yearly_electricity,implied by the country's own published capacity and generation for that fuel
SI,SVN,solar,2025,1.57,1.54,0.112,0.1021,0.1178,5,no,ember_yearly_electricity,implied by the country's own published capacity and generation for that fuel
SE,SWE,bioenergy,2025,3.19,9.96,0.3564,0.3564,0.4681,5,no,ember_yearly_electricity,implied by the country's own published capacity and generation for that fuel
SE,SWE,coal,2019,0.14,0.21,0.1712,0.1712,0.318,5,no,ember_yearly_electricity,implied by the country's own published capacity and generation for that fuel
SE,SWE,gas,2025,0.25,0.11,0.0502,0.0502,0.1324,5,no,ember_yearly_electricity,implied by the country's own published capacity and generation for that fuel
SE,SWE,hydro,2025,16.31,68.24,0.4776,0.4533,0.514,5,no,ember_yearly_electricity,implied by the country's own published capacity and generation for that fuel
SE,SWE,nuclear,2025,7.0,46.67,0.7611,0.7611,0.8763,5,no,ember_yearly_electricity,implied by the country's own published capacity and generation for that fuel
SE,SWE,oil,2025,4.78,1.97,0.047,0.0439,0.0762,5,yes,ember_yearly_electricity,"implied by the country's own published capacity and generation for that fuel; Ember publishes no oil line: 'Other Fossil' is oil products plus other fossil fuels, and stands in for oil utilisation"
SE,SWE,solar,2025,5.5,4.43,0.0919,0.0885,0.1072,5,no,ember_yearly_electricity,implied by the country's own published capacity and generation for that fuel
SE,SWE,wind,2025,17.38,38.9,0.2555,0.241,0.2745,5,no,ember_yearly_electricity,implied by the country's own published capacity and generation for that fuel
SZ,SWZ,bioenergy,2024,0.11,0.21,0.2179,0.2076,0.2491,5,no,ember_yearly_electricity,implied by the country's own published capacity and generation for that fuel
SZ,SWZ,hydro,2024,0.06,0.35,0.6659,0.4376,0.761,5,no,ember_yearly_electricity,implied by the country's own published capacity and generation for that fuel
SC,SYC,oil,2024,0.11,0.53,0.55,0.5396,0.55,5,yes,ember_yearly_electricity,"implied by the country's own published capacity and generation for that fuel; Ember publishes no oil line: 'Other Fossil' is oil products plus other fossil fuels, and stands in for oil utilisation"
SY,SYR,gas,2024,7.83,13.0,0.1895,0.1193,0.2006,5,no,ember_yearly_electricity,implied by the country's own published capacity and generation for that fuel
SY,SYR,hydro,2024,1.49,0.75,0.0575,0.0575,0.0575,5,no,ember_yearly_electricity,implied by the country's own published capacity and generation for that fuel
SY,SYR,oil,2015,0.68,5.3,0.8897,0.8226,0.8897,2,yes,ember_yearly_electricity,"implied by the country's own published capacity and generation for that fuel; Ember publishes no oil line: 'Other Fossil' is oil products plus other fossil fuels, and stands in for oil utilisation"
SY,SYR,solar,2024,1.61,0.1,0.0071,0.0071,0.0368,3,no,ember_yearly_electricity,implied by the country's own published capacity and generation for that fuel
TC,TCA,oil,2024,0.1,0.26,0.2968,0.2968,0.3298,5,yes,ember_yearly_electricity,"implied by the country's own published capacity and generation for that fuel; Ember publishes no oil line: 'Other Fossil' is oil products plus other fossil fuels, and stands in for oil utilisation"
TD,TCD,oil,2024,0.16,0.35,0.2497,0.2354,0.2925,5,yes,ember_yearly_electricity,"implied by the country's own published capacity and generation for that fuel; Ember publishes no oil line: 'Other Fossil' is oil products plus other fossil fuels, and stands in for oil utilisation"
TG,TGO,gas,2024,0.07,0.5,0.8154,0.7828,0.848,3,no,ember_yearly_electricity,implied by the country's own published capacity and generation for that fuel
TG,TGO,hydro,2024,0.07,0.08,0.1305,0.1305,0.1468,5,no,ember_yearly_electricity,implied by the country's own published capacity and generation for that fuel
TG,TGO,oil,2022,0.15,0.07,0.0533,0.0152,0.137,5,yes,ember_yearly_electricity,"implied by the country's own published capacity and generation for that fuel; Ember publishes no oil line: 'Other Fossil' is oil products plus other fossil fuels, and stands in for oil utilisation"
TG,TGO,solar,2024,0.07,0.13,0.212,0.1332,0.212,4,no,ember_yearly_electricity,implied by the country's own published capacity and generation for that fuel
TH,THA,bioenergy,2025,4.31,10.19,0.2699,0.2699,0.3776,5,no,ember_yearly_electricity,implied by the country's own published capacity and generation for that fuel
TH,THA,coal,2025,5.84,33.56,0.656,0.5658,0.6704,5,no,ember_yearly_electricity,implied by the country's own published capacity and generation for that fuel
TH,THA,gas,2025,38.83,123.34,0.3626,0.3626,0.4091,5,no,ember_yearly_electricity,implied by the country's own published capacity and generation for that fuel
TH,THA,hydro,2025,3.13,7.62,0.2779,0.1666,0.2779,5,no,ember_yearly_electricity,implied by the country's own published capacity and generation for that fuel
TH,THA,solar,2025,6.84,9.98,0.1666,0.1666,0.1855,5,no,ember_yearly_electricity,implied by the country's own published capacity and generation for that fuel
TH,THA,wind,2025,1.54,3.41,0.2528,0.2202,0.2772,5,no,ember_yearly_electricity,implied by the country's own published capacity and generation for that fuel
TJ,TJK,coal,2025,0.4,1.12,0.3196,0.2854,0.4994,5,no,ember_yearly_electricity,implied by the country's own published capacity and generation for that fuel
TJ,TJK,gas,2025,0.21,0.27,0.1468,0.1087,0.1685,5,no,ember_yearly_electricity,implied by the country's own published capacity and generation for that fuel
TJ,TJK,hydro,2025,5.84,22.55,0.4408,0.3724,0.4408,5,no,ember_yearly_electricity,implied by the country's own published capacity and generation for that fuel
TM,TKM,gas,2024,7.09,33.0,0.5313,0.451,0.5353,5,no,ember_yearly_electricity,implied by the country's own published capacity and generation for that fuel
TL,TLS,oil,2024,0.35,0.51,0.1663,0.1631,0.1663,5,yes,ember_yearly_electricity,"implied by the country's own published capacity and generation for that fuel; Ember publishes no oil line: 'Other Fossil' is oil products plus other fossil fuels, and stands in for oil utilisation"
TT,TTO,gas,2024,2.06,9.5,0.5264,0.5087,0.5264,5,no,ember_yearly_electricity,implied by the country's own published capacity and generation for that fuel
TN,TUN,gas,2025,5.45,21.18,0.4436,0.4231,0.4788,5,no,ember_yearly_electricity,implied by the country's own published capacity and generation for that fuel
TN,TUN,hydro,2025,0.07,0.01,0.0163,0.0163,0.0489,5,no,ember_yearly_electricity,implied by the country's own published capacity and generation for that fuel
TN,TUN,solar,2025,0.89,0.56,0.0718,0.0718,0.2511,5,no,ember_yearly_electricity,implied by the country's own published capacity and generation for that fuel
TN,TUN,wind,2025,0.25,0.33,0.1507,0.1461,0.1963,5,no,ember_yearly_electricity,implied by the country's own published capacity and generation for that fuel
TR,TUR,bioenergy,2025,1.99,8.48,0.4865,0.4589,0.4979,5,no,ember_yearly_electricity,implied by the country's own published capacity and generation for that fuel
TR,TUR,coal,2025,21.02,121.4,0.6593,0.6052,0.6593,5,no,ember_yearly_electricity,implied by the country's own published capacity and generation for that fuel
TR,TUR,gas,2025,26.94,78.36,0.332,0.2681,0.4548,5,no,ember_yearly_electricity,implied by the country's own published capacity and generation for that fuel
TR,TUR,hydro,2025,32.29,57.27,0.2025,0.2012,0.2644,5,no,ember_yearly_electricity,implied by the country's own published capacity and generation for that fuel
TR,TUR,oil,2025,0.57,1.03,0.2063,0.0701,0.2063,5,yes,ember_yearly_electricity,"implied by the country's own published capacity and generation for that fuel; Ember publishes no oil line: 'Other Fossil' is oil products plus other fossil fuels, and stands in for oil utilisation"
TR,TUR,solar,2025,25.47,37.25,0.167,0.1346,0.1939,5,no,ember_yearly_electricity,implied by the country's own published capacity and generation for that fuel
TR,TUR,wind,2025,14.78,39.42,0.3045,0.3045,0.3474,5,no,ember_yearly_electricity,implied by the country's own published capacity and generation for that fuel
TW,TWN,coal,2025,16.55,104.55,0.7211,0.6983,0.7662,5,no,ember_yearly_electricity,implied by the country's own published capacity and generation for that fuel
TW,TWN,gas,2025,21.61,140.64,0.7429,0.6798,0.7429,5,no,ember_yearly_electricity,implied by the country's own published capacity and generation for that fuel
TW,TWN,hydro,2025,2.12,5.53,0.2978,0.1895,0.3175,5,no,ember_yearly_electricity,implied by the country's own published capacity and generation for that fuel
TW,TWN,nuclear,2022,2.89,23.75,0.9381,0.7006,0.9534,4,no,ember_yearly_electricity,implied by the country's own published capacity and generation for that fuel
TW,TWN,oil,2025,2.56,4.66,0.2078,0.1801,0.2577,5,yes,ember_yearly_electricity,"implied by the country's own published capacity and generation for that fuel; Ember publishes no oil line: 'Other Fossil' is oil products plus other fossil fuels, and stands in for oil utilisation"
TW,TWN,solar,2025,15.47,16.14,0.1191,0.1182,0.1254,5,no,ember_yearly_electricity,implied by the country's own published capacity and generation for that fuel
TW,TWN,wind,2025,4.52,12.0,0.3031,0.2377,0.3031,5,no,ember_yearly_electricity,implied by the country's own published capacity and generation for that fuel
TZ,TZA,bioenergy,2024,0.07,0.07,0.1142,0.1142,0.1142,5,no,ember_yearly_electricity,implied by the country's own published capacity and generation for that fuel
TZ,TZA,gas,2024,1.15,5.55,0.5509,0.5509,0.7326,5,no,ember_yearly_electricity,implied by the country's own published capacity and generation for that fuel
TZ,TZA,hydro,2024,1.39,2.8,0.23,0.23,0.5974,5,no,ember_yearly_electricity,implied by the country's own published capacity and generation for that fuel
TZ,TZA,oil,2024,0.13,0.38,0.3337,0.0176,0.3425,5,yes,ember_yearly_electricity,"implied by the country's own published capacity and generation for that fuel; Ember publishes no oil line: 'Other Fossil' is oil products plus other fossil fuels, and stands in for oil utilisation"
UG,UGA,bioenergy,2024,0.11,0.47,0.4878,0.2698,0.4878,5,no,ember_yearly_electricity,implied by the country's own published capacity and generation for that fuel
UG,UGA,hydro,2024,1.71,5.0,0.3338,0.3338,0.5168,5,no,ember_yearly_electricity,implied by the country's own published capacity and generation for that fuel
UG,UGA,oil,2024,0.1,0.17,0.1941,0.137,0.1941,5,yes,ember_yearly_electricity,"implied by the country's own published capacity and generation for that fuel; Ember publishes no oil line: 'Other Fossil' is oil products plus other fossil fuels, and stands in for oil utilisation"
UG,UGA,solar,2024,0.1,0.17,0.1941,0.1712,0.2283,5,no,ember_yearly_electricity,implied by the country's own published capacity and generation for that fuel
UA,UKR,bioenergy,2022,0.27,0.78,0.3298,0.26,0.4131,5,no,ember_yearly_electricity,implied by the country's own published capacity and generation for that fuel
UA,UKR,coal,2022,21.48,23.32,0.1239,0.1239,0.2557,5,no,ember_yearly_electricity,implied by the country's own published capacity and generation for that fuel
UA,UKR,gas,2022,9.26,7.18,0.0885,0.0885,0.1792,5,no,ember_yearly_electricity,implied by the country's own published capacity and generation for that fuel
UA,UKR,hydro,2022,4.82,11.02,0.261,0.1542,0.261,5,no,ember_yearly_electricity,implied by the country's own published capacity and generation for that fuel
UA,UKR,nuclear,2022,13.84,62.18,0.5129,0.5129,0.7111,5,no,ember_yearly_electricity,implied by the country's own published capacity and generation for that fuel
UA,UKR,solar,2022,8.06,5.08,0.0719,0.0563,0.0921,5,no,ember_yearly_electricity,implied by the country's own published capacity and generation for that fuel
UA,UKR,wind,2022,1.76,1.42,0.0921,0.0921,0.2658,5,no,ember_yearly_electricity,implied by the country's own published capacity and generation for that fuel
UY,URY,bioenergy,2025,0.74,2.97,0.4582,0.4582,0.7583,5,no,ember_yearly_electricity,implied by the country's own published capacity and generation for that fuel
UY,URY,gas,2021,1.11,0.01,0.001,0.001,0.0123,4,no,ember_yearly_electricity,implied by the country's own published capacity and generation for that fuel
UY,URY,hydro,2025,1.54,3.25,0.2409,0.2409,0.4218,5,no,ember_yearly_electricity,implied by the country's own published capacity and generation for that fuel
UY,URY,oil,2025,0.07,0.26,0.424,0.2446,0.424,2,yes,ember_yearly_electricity,"implied by the country's own published capacity and generation for that fuel; Ember publishes no oil line: 'Other Fossil' is oil products plus other fossil fuels, and stands in for oil utilisation"
UY,URY,solar,2025,0.34,0.61,0.2048,0.1865,0.2048,5,no,ember_yearly_electricity,implied by the country's own published capacity and generation for that fuel
UY,URY,wind,2025,1.52,4.85,0.3642,0.3575,0.3875,5,no,ember_yearly_electricity,implied by the country's own published capacity and generation for that fuel
US,USA,bioenergy,2025,9.72,46.19,0.5425,0.5369,0.6024,5,no,ember_yearly_electricity,implied by the country's own published capacity and generation for that fuel
US,USA,coal,2025,188.86,737.15,0.4456,0.3858,0.4553,5,no,ember_yearly_electricity,implied by the country's own published capacity and generation for that fuel
US,USA,gas,2025,549.79,1807.34,0.3753,0.3406,0.3909,5,no,ember_yearly_electricity,implied by the country's own published capacity and generation for that fuel
US,USA,hydro,2025,84.15,241.7,0.3279,0.3216,0.3365,5,no,ember_yearly_electricity,implied by the country's own published capacity and generation for that fuel
US,USA,nuclear,2025,96.89,784.78,0.9246,0.9218,0.9315,5,no,ember_yearly_electricity,implied by the country's own published capacity and generation for that fuel
US,USA,oil,2025,32.51,31.72,0.1114,0.1052,0.1282,5,yes,ember_yearly_electricity,"implied by the country's own published capacity and generation for that fuel; Ember publishes no oil line: 'Other Fossil' is oil products plus other fossil fuels, and stands in for oil utilisation"
US,USA,solar,2025,211.61,388.82,0.2098,0.1949,0.2098,5,no,ember_yearly_electricity,implied by the country's own published capacity and generation for that fuel
US,USA,wind,2025,158.83,464.39,0.3338,0.325,0.3504,5,no,ember_yearly_electricity,implied by the country's own published capacity and generation for that fuel
UZ,UZB,coal,2025,2.39,5.7,0.2723,0.2274,0.2723,5,no,ember_yearly_electricity,implied by the country's own published capacity and generation for that fuel
UZ,UZB,gas,2025,14.49,62.7,0.494,0.4863,0.5805,5,no,ember_yearly_electricity,implied by the country's own published capacity and generation for that fuel
UZ,UZB,hydro,2025,2.44,6.3,0.2947,0.2768,0.3917,5,no,ember_yearly_electricity,implied by the country's own published capacity and generation for that fuel
UZ,UZB,solar,2025,5.93,6.5,0.1251,0.059,0.2511,4,no,ember_yearly_electricity,implied by the country's own published capacity and generation for that fuel
UZ,UZB,wind,2025,1.65,4.0,0.2767,0.2767,0.4338,2,no,ember_yearly_electricity,implied by the country's own published capacity and generation for that fuel
VC,VCT,oil,2024,0.05,0.13,0.2968,0.2968,0.2968,3,yes,ember_yearly_electricity,"implied by the country's own published capacity and generation for that fuel; Ember publishes no oil line: 'Other Fossil' is oil products plus other fossil fuels, and stands in for oil utilisation"
VE,VEN,gas,2024,12.41,3.6,0.0331,0.0331,0.1114,5,no,ember_yearly_electricity,implied by the country's own published capacity and generation for that fuel
VE,VEN,hydro,2024,16.91,73.0,0.4928,0.424,0.4928,5,no,ember_yearly_electricity,implied by the country's own published capacity and generation for that fuel
VE,VEN,oil,2024,4.66,3.5,0.0857,0.0799,0.1652,5,yes,ember_yearly_electricity,"implied by the country's own published capacity and generation for that fuel; Ember publishes no oil line: 'Other Fossil' is oil products plus other fossil fuels, and stands in for oil utilisation"
VE,VEN,wind,2024,0.05,0.02,0.0457,0.0457,0.0457,5,no,ember_yearly_electricity,implied by the country's own published capacity and generation for that fuel
VG,VGB,oil,2023,0.06,0.17,0.3234,0.3044,0.3234,5,yes,ember_yearly_electricity,"implied by the country's own published capacity and generation for that fuel; Ember publishes no oil line: 'Other Fossil' is oil products plus other fossil fuels, and stands in for oil utilisation"
VI,VIR,oil,2023,0.33,0.66,0.2283,0.2179,0.2283,5,yes,ember_yearly_electricity,"implied by the country's own published capacity and generation for that fuel; Ember publishes no oil line: 'Other Fossil' is oil products plus other fossil fuels, and stands in for oil utilisation"
VN,VNM,bioenergy,2025,0.42,1.03,0.28,0.0987,0.28,5,no,ember_yearly_electricity,implied by the country's own published capacity and generation for that fuel
VN,VNM,coal,2025,27.72,149.22,0.6145,0.4862,0.6445,5,no,ember_yearly_electricity,implied by the country's own published capacity and generation for that fuel
VN,VNM,gas,2025,9.11,19.34,0.2423,0.2423,0.4453,5,no,ember_yearly_electricity,implied by the country's own published capacity and generation for that fuel
VN,VNM,hydro,2025,24.68,102.35,0.4734,0.4015,0.486,5,no,ember_yearly_electricity,implied by the country's own published capacity and generation for that fuel
VN,VNM,oil,2025,0.66,0.62,0.1072,0.1072,0.294,5,yes,ember_yearly_electricity,"implied by the country's own published capacity and generation for that fuel; Ember publishes no oil line: 'Other Fossil' is oil products plus other fossil fuels, and stands in for oil utilisation"
VN,VNM,solar,2025,19.25,23.07,0.1368,0.1368,0.1792,5,no,ember_yearly_electricity,implied by the country's own published capacity and generation for that fuel
VN,VNM,wind,2025,6.24,14.37,0.2629,0.0925,0.2629,5,no,ember_yearly_electricity,implied by the country's own published capacity and generation for that fuel
WS,WSM,oil,2024,0.05,0.09,0.2055,0.2055,0.2511,5,yes,ember_yearly_electricity,"implied by the country's own published capacity and generation for that fuel; Ember publishes no oil line: 'Other Fossil' is oil products plus other fossil fuels, and stands in for oil utilisation"
YE,YEM,gas,2024,0.84,0.06,0.0082,0.0082,0.124,5,no,ember_yearly_electricity,implied by the country's own published capacity and generation for that fuel
YE,YEM,oil,2024,1.4,4.6,0.3751,0.146,0.3751,5,yes,ember_yearly_electricity,"implied by the country's own published capacity and generation for that fuel; Ember publishes no oil line: 'Other Fossil' is oil products plus other fossil fuels, and stands in for oil utilisation"
YE,YEM,solar,2024,0.4,0.59,0.1684,0.1684,0.2239,5,no,ember_yearly_electricity,implied by the country's own published capacity and generation for that fuel
ZA,ZAF,bioenergy,2025,0.26,0.47,0.2064,0.1581,0.2064,5,no,ember_yearly_electricity,implied by the country's own published capacity and generation for that fuel
ZA,ZAF,coal,2025,47.49,197.5,0.4747,0.4747,0.5204,5,no,ember_yearly_electricity,implied by the country's own published capacity and generation for that fuel
ZA,ZAF,gas,2012,0.28,1.78,0.7257,0.3629,0.7257,2,no,ember_yearly_electricity,implied by the country's own published capacity and generation for that fuel
ZA,ZAF,hydro,2025,0.75,1.83,0.2785,0.1674,0.4718,5,no,ember_yearly_electricity,implied by the country's own published capacity and generation for that fuel
ZA,ZAF,nuclear,2025,1.93,10.21,0.6039,0.4614,0.7305,5,no,ember_yearly_electricity,implied by the country's own published capacity and generation for that fuel
ZA,ZAF,oil,2025,2.42,1.95,0.092,0.0915,0.1736,5,yes,ember_yearly_electricity,"implied by the country's own published capacity and generation for that fuel; Ember publishes no oil line: 'Other Fossil' is oil products plus other fossil fuels, and stands in for oil utilisation"
ZA,ZAF,solar,2025,11.26,19.48,0.1975,0.1975,0.2306,5,no,ember_yearly_electricity,implied by the country's own published capacity and generation for that fuel
ZA,ZAF,wind,2025,4.33,11.32,0.2984,0.2984,0.3966,5,no,ember_yearly_electricity,implied by the country's own published capacity and generation for that fuel
ZM,ZMB,coal,2024,0.33,2.13,0.7368,0.4497,0.7472,5,no,ember_yearly_electricity,implied by the country's own published capacity and generation for that fuel
ZM,ZMB,hydro,2024,3.17,17.0,0.6122,0.6084,0.6769,5,no,ember_yearly_electricity,implied by the country's own published capacity and generation for that fuel
ZM,ZMB,oil,2024,0.21,0.34,0.1848,0.006,0.1923,4,yes,ember_yearly_electricity,"implied by the country's own published capacity and generation for that fuel; Ember publishes no oil line: 'Other Fossil' is oil products plus other fossil fuels, and stands in for oil utilisation"
ZM,ZMB,solar,2024,0.19,0.17,0.1021,0.1021,0.1903,5,no,ember_yearly_electricity,implied by the country's own published capacity and generation for that fuel
ZW,ZWE,bioenergy,2024,0.1,0.12,0.137,0.1142,0.137,5,no,ember_yearly_electricity,implied by the country's own published capacity and generation for that fuel
ZW,ZWE,coal,2024,1.67,4.4,0.3008,0.3008,0.3759,5,no,ember_yearly_electricity,implied by the country's own published capacity and generation for that fuel
ZW,ZWE,hydro,2024,1.08,5.7,0.6025,0.4027,0.6268,5,no,ember_yearly_electricity,implied by the country's own published capacity and generation for that fuel
ZW,ZWE,solar,2024,0.1,0.04,0.0457,0.0457,0.0685,2,no,ember_yearly_electricity,implied by the country's own published capacity and generation for that fuel
