country,scenario,calendar_year,grid_gco2_per_kwh,basis,r_power
AE,S1,2000,676.77,observed,0.043056459
AE,S1,2001,676.63,observed,0.043056459
AE,S1,2002,676.84,observed,0.043056459
AE,S1,2003,676.64,observed,0.043056459
AE,S1,2004,676.78,observed,0.043056459
AE,S1,2005,676.77,observed,0.043056459
AE,S1,2006,676.81,observed,0.043056459
AE,S1,2007,676.74,observed,0.043056459
AE,S1,2008,676.73,observed,0.043056459
AE,S1,2009,676.66,observed,0.043056459
AE,S1,2010,676.64,observed,0.043056459
AE,S1,2011,676.59,observed,0.043056459
AE,S1,2012,676.58,observed,0.043056459
AE,S1,2013,676.15,observed,0.043056459
AE,S1,2014,675.05,observed,0.043056459
AE,S1,2015,675.22,observed,0.043056459
AE,S1,2016,675.26,observed,0.043056459
AE,S1,2017,673.26,observed,0.043056459
AE,S1,2018,671.2,observed,0.043056459
AE,S1,2019,660.09,observed,0.043056459
AE,S1,2020,645.69,observed,0.043056459
AE,S1,2021,605.3,observed,0.043056459
AE,S1,2022,558.49,observed,0.043056459
AE,S1,2023,483.79,observed,0.043056459
AE,S1,2024,467.51,observed,0.043056459
AE,S1,2025,447.3807,pathway,0.043056459
AE,S1,2026,428.118,pathway,0.043056459
AE,S1,2027,409.6848,pathway,0.043056459
AE,S1,2028,392.0452,pathway,0.043056459
AE,S1,2029,375.1651,pathway,0.043056459
AE,S1,2030,359.0119,pathway,0.043056459
AE,S1,2031,343.5541,pathway,0.043056459
AE,S1,2032,328.7619,pathway,0.043056459
AE,S1,2033,314.6065,pathway,0.043056459
AE,S1,2034,301.0607,pathway,0.043056459
AE,S1,2035,288.0981,pathway,0.043056459
AE,S1,2036,275.6936,pathway,0.043056459
AE,S1,2037,263.8232,pathway,0.043056459
AE,S1,2038,252.4639,pathway,0.043056459
AE,S1,2039,241.5937,pathway,0.043056459
AE,S1,2040,231.1915,pathway,0.043056459
AE,S1,2041,221.2373,pathway,0.043056459
AE,S1,2042,211.7116,pathway,0.043056459
AE,S1,2043,202.596,pathway,0.043056459
AE,S1,2044,193.8729,pathway,0.043056459
AE,S1,2045,185.5255,pathway,0.043056459
AE,S1,2046,177.5374,pathway,0.043056459
AE,S1,2047,169.8933,pathway,0.043056459
AE,S1,2048,162.5783,pathway,0.043056459
AE,S1,2049,155.5782,pathway,0.043056459
AE,S1,2050,148.8796,pathway,0.043056459
AE,S1,2051,142.4693,pathway,0.043056459
AE,S1,2052,136.3351,pathway,0.043056459
AE,S1,2053,130.465,pathway,0.043056459
AE,S1,2054,124.8476,pathway,0.043056459
AE,S1,2055,119.4722,pathway,0.043056459
AE,S1,2056,114.3281,pathway,0.043056459
AE,S1,2057,109.4055,pathway,0.043056459
AE,S1,2058,104.6949,pathway,0.043056459
AE,S1,2059,100.1871,pathway,0.043056459
AE,S1,2060,95.8734,pathway,0.043056459
AE,S1,2061,91.7455,pathway,0.043056459
AE,S1,2062,87.7952,pathway,0.043056459
AE,S1,2063,84.0151,pathway,0.043056459
AE,S1,2064,80.3977,pathway,0.043056459
AE,S1,2065,76.936,pathway,0.043056459
AE,S1,2066,73.6234,pathway,0.043056459
AE,S1,2067,70.4535,pathway,0.043056459
AE,S1,2068,67.42,pathway,0.043056459
AE,S1,2069,64.5171,pathway,0.043056459
AE,S1,2070,61.7393,pathway,0.043056459
AE,S1,2071,59.081,pathway,0.043056459
AE,S1,2072,56.5372,pathway,0.043056459
AE,S1,2073,54.1029,pathway,0.043056459
AE,S1,2074,51.7734,pathway,0.043056459
AE,S1,2075,49.5442,pathway,0.043056459
AE,S1,2076,47.411,pathway,0.043056459
AE,S1,2077,45.3697,pathway,0.043056459
AE,S1,2078,43.4162,pathway,0.043056459
AE,S1,2079,41.5469,pathway,0.043056459
AE,S1,2080,39.758,pathway,0.043056459
AE,S1,2081,38.0462,pathway,0.043056459
AE,S1,2082,36.408,pathway,0.043056459
AE,S1,2083,34.8404,pathway,0.043056459
AE,S1,2084,33.3403,pathway,0.043056459
AE,S1,2085,31.9048,pathway,0.043056459
AE,S1,2086,30.5311,pathway,0.043056459
AE,S1,2087,29.2165,pathway,0.043056459
AE,S1,2088,27.9586,pathway,0.043056459
AE,S1,2089,26.7548,pathway,0.043056459
AE,S1,2090,25.6028,pathway,0.043056459
AE,S1,2091,24.5004,pathway,0.043056459
AE,S1,2092,23.4455,pathway,0.043056459
AE,S1,2093,22.4361,pathway,0.043056459
AE,S1,2094,21.47,pathway,0.043056459
AE,S1,2095,20.5456,pathway,0.043056459
AE,S1,2096,19.661,pathway,0.043056459
AE,S1,2097,18.8145,pathway,0.043056459
AE,S1,2098,18.0044,pathway,0.043056459
AE,S1,2099,17.2292,pathway,0.043056459
AE,S1,2100,16.4874,pathway,0.043056459
AE,S2,2000,676.77,observed,0.043056459
AE,S2,2001,676.63,observed,0.043056459
AE,S2,2002,676.84,observed,0.043056459
AE,S2,2003,676.64,observed,0.043056459
AE,S2,2004,676.78,observed,0.043056459
AE,S2,2005,676.77,observed,0.043056459
AE,S2,2006,676.81,observed,0.043056459
AE,S2,2007,676.74,observed,0.043056459
AE,S2,2008,676.73,observed,0.043056459
AE,S2,2009,676.66,observed,0.043056459
AE,S2,2010,676.64,observed,0.043056459
AE,S2,2011,676.59,observed,0.043056459
AE,S2,2012,676.58,observed,0.043056459
AE,S2,2013,676.15,observed,0.043056459
AE,S2,2014,675.05,observed,0.043056459
AE,S2,2015,675.22,observed,0.043056459
AE,S2,2016,675.26,observed,0.043056459
AE,S2,2017,673.26,observed,0.043056459
AE,S2,2018,671.2,observed,0.043056459
AE,S2,2019,660.09,observed,0.043056459
AE,S2,2020,645.69,observed,0.043056459
AE,S2,2021,605.3,observed,0.043056459
AE,S2,2022,558.49,observed,0.043056459
AE,S2,2023,483.79,observed,0.043056459
AE,S2,2024,467.51,observed,0.043056459
AE,S2,2025,447.3807,pathway,0.043056459
AE,S2,2026,428.118,pathway,0.043056459
AE,S2,2027,409.6848,pathway,0.043056459
AE,S2,2028,392.0452,pathway,0.043056459
AE,S2,2029,375.1651,pathway,0.043056459
AE,S2,2030,359.0119,pathway,0.043056459
AE,S2,2031,343.5541,pathway,0.043056459
AE,S2,2032,328.7619,pathway,0.043056459
AE,S2,2033,314.6065,pathway,0.043056459
AE,S2,2034,301.0607,pathway,0.043056459
AE,S2,2035,288.0981,pathway,0.043056459
AE,S2,2036,275.6936,pathway,0.043056459
AE,S2,2037,263.8232,pathway,0.043056459
AE,S2,2038,252.4639,pathway,0.043056459
AE,S2,2039,241.5937,pathway,0.043056459
AE,S2,2040,231.1915,pathway,0.043056459
AE,S2,2041,221.2373,pathway,0.043056459
AE,S2,2042,211.7116,pathway,0.043056459
AE,S2,2043,202.596,pathway,0.043056459
AE,S2,2044,193.8729,pathway,0.043056459
AE,S2,2045,185.5255,pathway,0.043056459
AE,S2,2046,177.5374,pathway,0.043056459
AE,S2,2047,169.8933,pathway,0.043056459
AE,S2,2048,162.5783,pathway,0.043056459
AE,S2,2049,155.5782,pathway,0.043056459
AE,S2,2050,148.8796,pathway,0.043056459
AE,S2,2051,142.4693,pathway,0.043056459
AE,S2,2052,136.3351,pathway,0.043056459
AE,S2,2053,130.465,pathway,0.043056459
AE,S2,2054,124.8476,pathway,0.043056459
AE,S2,2055,119.4722,pathway,0.043056459
AE,S2,2056,114.3281,pathway,0.043056459
AE,S2,2057,109.4055,pathway,0.043056459
AE,S2,2058,104.6949,pathway,0.043056459
AE,S2,2059,100.1871,pathway,0.043056459
AE,S2,2060,95.8734,pathway,0.043056459
AE,S2,2061,91.7455,pathway,0.043056459
AE,S2,2062,87.7952,pathway,0.043056459
AE,S2,2063,84.0151,pathway,0.043056459
AE,S2,2064,80.3977,pathway,0.043056459
AE,S2,2065,76.936,pathway,0.043056459
AE,S2,2066,73.6234,pathway,0.043056459
AE,S2,2067,70.4535,pathway,0.043056459
AE,S2,2068,67.42,pathway,0.043056459
AE,S2,2069,64.5171,pathway,0.043056459
AE,S2,2070,61.7393,pathway,0.043056459
AE,S2,2071,59.081,pathway,0.043056459
AE,S2,2072,56.5372,pathway,0.043056459
AE,S2,2073,54.1029,pathway,0.043056459
AE,S2,2074,51.7734,pathway,0.043056459
AE,S2,2075,49.5442,pathway,0.043056459
AE,S2,2076,47.411,pathway,0.043056459
AE,S2,2077,45.3697,pathway,0.043056459
AE,S2,2078,43.4162,pathway,0.043056459
AE,S2,2079,41.5469,pathway,0.043056459
AE,S2,2080,39.758,pathway,0.043056459
AE,S2,2081,38.0462,pathway,0.043056459
AE,S2,2082,36.408,pathway,0.043056459
AE,S2,2083,34.8404,pathway,0.043056459
AE,S2,2084,33.3403,pathway,0.043056459
AE,S2,2085,31.9048,pathway,0.043056459
AE,S2,2086,30.5311,pathway,0.043056459
AE,S2,2087,29.2165,pathway,0.043056459
AE,S2,2088,27.9586,pathway,0.043056459
AE,S2,2089,26.7548,pathway,0.043056459
AE,S2,2090,25.6028,pathway,0.043056459
AE,S2,2091,24.5004,pathway,0.043056459
AE,S2,2092,23.4455,pathway,0.043056459
AE,S2,2093,22.4361,pathway,0.043056459
AE,S2,2094,21.47,pathway,0.043056459
AE,S2,2095,20.5456,pathway,0.043056459
AE,S2,2096,19.661,pathway,0.043056459
AE,S2,2097,18.8145,pathway,0.043056459
AE,S2,2098,18.0044,pathway,0.043056459
AE,S2,2099,17.2292,pathway,0.043056459
AE,S2,2100,16.4874,pathway,0.043056459
AL,S1,2000,48.63,observed,-0.006470462
AL,S1,2001,51.49,observed,-0.006470462
AL,S1,2002,62.0,observed,-0.006470462
AL,S1,2003,36.33,observed,-0.006470462
AL,S1,2004,39.64,observed,-0.006470462
AL,S1,2005,33.4,observed,-0.006470462
AL,S1,2006,35.71,observed,-0.006470462
AL,S1,2007,42.4,observed,-0.006470462
AL,S1,2008,23.94,observed,-0.006470462
AL,S1,2009,23.08,observed,-0.006470462
AL,S1,2010,23.78,observed,-0.006470462
AL,S1,2011,33.41,observed,-0.006470462
AL,S1,2012,23.31,observed,-0.006470462
AL,S1,2013,24.43,observed,-0.006470462
AL,S1,2014,23.31,observed,-0.006470462
AL,S1,2015,23.77,observed,-0.006470462
AL,S1,2016,23.14,observed,-0.006470462
AL,S1,2017,24.28,observed,-0.006470462
AL,S1,2018,23.39,observed,-0.006470462
AL,S1,2019,23.08,observed,-0.006470462
AL,S1,2020,24.48,observed,-0.006470462
AL,S1,2021,23.49,observed,-0.006470462
AL,S1,2022,24.39,observed,-0.006470462
AL,S1,2023,24.42,observed,-0.006470462
AL,S1,2024,25.18,observed,-0.006470462
AL,S1,2025,25.3429,pathway,-0.006470462
AL,S1,2026,25.5069,pathway,-0.006470462
AL,S1,2027,25.6719,pathway,-0.006470462
AL,S1,2028,25.8381,pathway,-0.006470462
AL,S1,2029,26.0052,pathway,-0.006470462
AL,S1,2030,26.1735,pathway,-0.006470462
AL,S1,2031,26.3429,pathway,-0.006470462
AL,S1,2032,26.5133,pathway,-0.006470462
AL,S1,2033,26.6849,pathway,-0.006470462
AL,S1,2034,26.8575,pathway,-0.006470462
AL,S1,2035,27.0313,pathway,-0.006470462
AL,S1,2036,27.2062,pathway,-0.006470462
AL,S1,2037,27.3823,pathway,-0.006470462
AL,S1,2038,27.5594,pathway,-0.006470462
AL,S1,2039,27.7378,pathway,-0.006470462
AL,S1,2040,27.9172,pathway,-0.006470462
AL,S1,2041,28.0979,pathway,-0.006470462
AL,S1,2042,28.2797,pathway,-0.006470462
AL,S1,2043,28.4627,pathway,-0.006470462
AL,S1,2044,28.6468,pathway,-0.006470462
AL,S1,2045,28.8322,pathway,-0.006470462
AL,S1,2046,29.0187,pathway,-0.006470462
AL,S1,2047,29.2065,pathway,-0.006470462
AL,S1,2048,29.3955,pathway,-0.006470462
AL,S1,2049,29.5857,pathway,-0.006470462
AL,S1,2050,29.7771,pathway,-0.006470462
AL,S1,2051,29.9698,pathway,-0.006470462
AL,S1,2052,30.1637,pathway,-0.006470462
AL,S1,2053,30.3589,pathway,-0.006470462
AL,S1,2054,30.5553,pathway,-0.006470462
AL,S1,2055,30.753,pathway,-0.006470462
AL,S1,2056,30.952,pathway,-0.006470462
AL,S1,2057,31.1523,pathway,-0.006470462
AL,S1,2058,31.3538,pathway,-0.006470462
AL,S1,2059,31.5567,pathway,-0.006470462
AL,S1,2060,31.7609,pathway,-0.006470462
AL,S1,2061,31.9664,pathway,-0.006470462
AL,S1,2062,32.1733,pathway,-0.006470462
AL,S1,2063,32.3814,pathway,-0.006470462
AL,S1,2064,32.591,pathway,-0.006470462
AL,S1,2065,32.8018,pathway,-0.006470462
AL,S1,2066,33.0141,pathway,-0.006470462
AL,S1,2067,33.2277,pathway,-0.006470462
AL,S1,2068,33.4427,pathway,-0.006470462
AL,S1,2069,33.6591,pathway,-0.006470462
AL,S1,2070,33.8769,pathway,-0.006470462
AL,S1,2071,34.0961,pathway,-0.006470462
AL,S1,2072,34.3167,pathway,-0.006470462
AL,S1,2073,34.5387,pathway,-0.006470462
AL,S1,2074,34.7622,pathway,-0.006470462
AL,S1,2075,34.9871,pathway,-0.006470462
AL,S1,2076,35.2135,pathway,-0.006470462
AL,S1,2077,35.4414,pathway,-0.006470462
AL,S1,2078,35.6707,pathway,-0.006470462
AL,S1,2079,35.9015,pathway,-0.006470462
AL,S1,2080,36.1338,pathway,-0.006470462
AL,S1,2081,36.3676,pathway,-0.006470462
AL,S1,2082,36.6029,pathway,-0.006470462
AL,S1,2083,36.8398,pathway,-0.006470462
AL,S1,2084,37.0781,pathway,-0.006470462
AL,S1,2085,37.318,pathway,-0.006470462
AL,S1,2086,37.5595,pathway,-0.006470462
AL,S1,2087,37.8025,pathway,-0.006470462
AL,S1,2088,38.0471,pathway,-0.006470462
AL,S1,2089,38.2933,pathway,-0.006470462
AL,S1,2090,38.5411,pathway,-0.006470462
AL,S1,2091,38.7905,pathway,-0.006470462
AL,S1,2092,39.0415,pathway,-0.006470462
AL,S1,2093,39.2941,pathway,-0.006470462
AL,S1,2094,39.5483,pathway,-0.006470462
AL,S1,2095,39.8042,pathway,-0.006470462
AL,S1,2096,40.0618,pathway,-0.006470462
AL,S1,2097,40.321,pathway,-0.006470462
AL,S1,2098,40.5819,pathway,-0.006470462
AL,S1,2099,40.8445,pathway,-0.006470462
AL,S1,2100,41.1088,pathway,-0.006470462
AO,S1,2000,256.94,observed,0.04774892
AO,S1,2001,262.2,observed,0.04774892
AO,S1,2002,250.0,observed,0.04774892
AO,S1,2003,261.31,observed,0.04774892
AO,S1,2004,160.71,observed,0.04774892
AO,S1,2005,121.67,observed,0.04774892
AO,S1,2006,117.45,observed,0.04774892
AO,S1,2007,169.75,observed,0.04774892
AO,S1,2008,162.96,observed,0.04774892
AO,S1,2009,236.25,observed,0.04774892
AO,S1,2010,227.11,observed,0.04774892
AO,S1,2011,208.48,observed,0.04774892
AO,S1,2012,207.25,observed,0.04774892
AO,S1,2013,289.57,observed,0.04774892
AO,S1,2014,324.27,observed,0.04774892
AO,S1,2015,312.88,observed,0.04774892
AO,S1,2016,286.89,observed,0.04774892
AO,S1,2017,205.37,observed,0.04774892
AO,S1,2018,154.49,observed,0.04774892
AO,S1,2019,186.47,observed,0.04774892
AO,S1,2020,171.33,observed,0.04774892
AO,S1,2021,172.7,observed,0.04774892
AO,S1,2022,172.16,observed,0.04774892
AO,S1,2023,183.49,observed,0.04774892
AO,S1,2024,185.38,observed,0.04774892
AO,S1,2025,176.5283,pathway,0.04774892
AO,S1,2026,168.0993,pathway,0.04774892
AO,S1,2027,160.0727,pathway,0.04774892
AO,S1,2028,152.4294,pathway,0.04774892
AO,S1,2029,145.1511,pathway,0.04774892
AO,S1,2030,138.2203,pathway,0.04774892
AO,S1,2031,131.6204,pathway,0.04774892
AO,S1,2032,125.3357,pathway,0.04774892
AO,S1,2033,119.351,pathway,0.04774892
AO,S1,2034,113.6521,pathway,0.04774892
AO,S1,2035,108.2254,pathway,0.04774892
AO,S1,2036,103.0577,pathway,0.04774892
AO,S1,2037,98.1368,pathway,0.04774892
AO,S1,2038,93.4509,pathway,0.04774892
AO,S1,2039,88.9887,pathway,0.04774892
AO,S1,2040,84.7396,pathway,0.04774892
AO,S1,2041,80.6934,pathway,0.04774892
AO,S1,2042,76.8404,pathway,0.04774892
AO,S1,2043,73.1713,pathway,0.04774892
AO,S1,2044,69.6775,pathway,0.04774892
AO,S1,2045,66.3504,pathway,0.04774892
AO,S1,2046,63.1823,pathway,0.04774892
AO,S1,2047,60.1654,pathway,0.04774892
AO,S1,2048,57.2926,pathway,0.04774892
AO,S1,2049,54.5569,pathway,0.04774892
AO,S1,2050,51.9519,pathway,0.04774892
AO,S1,2051,49.4712,pathway,0.04774892
AO,S1,2052,47.109,pathway,0.04774892
AO,S1,2053,44.8596,pathway,0.04774892
AO,S1,2054,42.7176,pathway,0.04774892
AO,S1,2055,40.6779,pathway,0.04774892
AO,S1,2056,38.7356,pathway,0.04774892
AO,S1,2057,36.886,pathway,0.04774892
AO,S1,2058,35.1247,pathway,0.04774892
AO,S1,2059,33.4476,pathway,0.04774892
AO,S1,2060,31.8505,pathway,0.04774892
AO,S1,2061,30.3297,pathway,0.04774892
AO,S1,2062,28.8814,pathway,0.04774892
AO,S1,2063,27.5024,pathway,0.04774892
AO,S1,2064,26.1892,pathway,0.04774892
AO,S1,2065,24.9387,pathway,0.04774892
AO,S1,2066,23.7479,pathway,0.04774892
AO,S1,2067,22.6139,pathway,0.04774892
AO,S1,2068,21.5341,pathway,0.04774892
AO,S1,2069,20.5059,pathway,0.04774892
AO,S1,2070,19.5268,pathway,0.04774892
AO,S1,2071,18.5944,pathway,0.04774892
AO,S1,2072,17.7065,pathway,0.04774892
AO,S1,2073,16.8611,pathway,0.04774892
AO,S1,2074,16.056,pathway,0.04774892
AO,S1,2075,15.2893,pathway,0.04774892
AO,S1,2076,14.5593,pathway,0.04774892
AO,S1,2077,13.8641,pathway,0.04774892
AO,S1,2078,13.2021,pathway,0.04774892
AO,S1,2079,12.5717,pathway,0.04774892
AO,S1,2080,11.9714,pathway,0.04774892
AO,S1,2081,11.3998,pathway,0.04774892
AO,S1,2082,10.8555,pathway,0.04774892
AO,S1,2083,10.3371,pathway,0.04774892
AO,S1,2084,9.8435,pathway,0.04774892
AO,S1,2085,9.3735,pathway,0.04774892
AO,S1,2086,8.9259,pathway,0.04774892
AO,S1,2087,8.4997,pathway,0.04774892
AO,S1,2088,8.0939,pathway,0.04774892
AO,S1,2089,7.7074,pathway,0.04774892
AO,S1,2090,7.3394,pathway,0.04774892
AO,S1,2091,6.9889,pathway,0.04774892
AO,S1,2092,6.6552,pathway,0.04774892
AO,S1,2093,6.3375,pathway,0.04774892
AO,S1,2094,6.0348,pathway,0.04774892
AO,S1,2095,5.7467,pathway,0.04774892
AO,S1,2096,5.4723,pathway,0.04774892
AO,S1,2097,5.211,pathway,0.04774892
AO,S1,2098,4.9622,pathway,0.04774892
AO,S1,2099,4.7252,pathway,0.04774892
AO,S1,2100,4.4996,pathway,0.04774892
AO,S2,2000,256.94,observed,0.04774892
AO,S2,2001,262.2,observed,0.04774892
AO,S2,2002,250.0,observed,0.04774892
AO,S2,2003,261.31,observed,0.04774892
AO,S2,2004,160.71,observed,0.04774892
AO,S2,2005,121.67,observed,0.04774892
AO,S2,2006,117.45,observed,0.04774892
AO,S2,2007,169.75,observed,0.04774892
AO,S2,2008,162.96,observed,0.04774892
AO,S2,2009,236.25,observed,0.04774892
AO,S2,2010,227.11,observed,0.04774892
AO,S2,2011,208.48,observed,0.04774892
AO,S2,2012,207.25,observed,0.04774892
AO,S2,2013,289.57,observed,0.04774892
AO,S2,2014,324.27,observed,0.04774892
AO,S2,2015,312.88,observed,0.04774892
AO,S2,2016,286.89,observed,0.04774892
AO,S2,2017,205.37,observed,0.04774892
AO,S2,2018,154.49,observed,0.04774892
AO,S2,2019,186.47,observed,0.04774892
AO,S2,2020,171.33,observed,0.04774892
AO,S2,2021,172.7,observed,0.04774892
AO,S2,2022,172.16,observed,0.04774892
AO,S2,2023,183.49,observed,0.04774892
AO,S2,2024,185.38,observed,0.04774892
AO,S2,2025,176.5283,pathway,0.04774892
AO,S2,2026,168.0993,pathway,0.04774892
AO,S2,2027,160.0727,pathway,0.04774892
AO,S2,2028,152.4294,pathway,0.04774892
AO,S2,2029,145.1511,pathway,0.04774892
AO,S2,2030,138.2203,pathway,0.04774892
AO,S2,2031,131.6204,pathway,0.04774892
AO,S2,2032,125.3357,pathway,0.04774892
AO,S2,2033,119.351,pathway,0.04774892
AO,S2,2034,113.6521,pathway,0.04774892
AO,S2,2035,108.2254,pathway,0.04774892
AO,S2,2036,103.0577,pathway,0.04774892
AO,S2,2037,98.1368,pathway,0.04774892
AO,S2,2038,93.4509,pathway,0.04774892
AO,S2,2039,88.9887,pathway,0.04774892
AO,S2,2040,84.7396,pathway,0.04774892
AO,S2,2041,80.6934,pathway,0.04774892
AO,S2,2042,76.8404,pathway,0.04774892
AO,S2,2043,73.1713,pathway,0.04774892
AO,S2,2044,69.6775,pathway,0.04774892
AO,S2,2045,66.3504,pathway,0.04774892
AO,S2,2046,63.1823,pathway,0.04774892
AO,S2,2047,60.1654,pathway,0.04774892
AO,S2,2048,57.2926,pathway,0.04774892
AO,S2,2049,54.5569,pathway,0.04774892
AO,S2,2050,51.9519,pathway,0.04774892
AO,S2,2051,49.4712,pathway,0.04774892
AO,S2,2052,47.109,pathway,0.04774892
AO,S2,2053,44.8596,pathway,0.04774892
AO,S2,2054,42.7176,pathway,0.04774892
AO,S2,2055,40.6779,pathway,0.04774892
AO,S2,2056,38.7356,pathway,0.04774892
AO,S2,2057,36.886,pathway,0.04774892
AO,S2,2058,35.1247,pathway,0.04774892
AO,S2,2059,33.4476,pathway,0.04774892
AO,S2,2060,31.8505,pathway,0.04774892
AO,S2,2061,30.3297,pathway,0.04774892
AO,S2,2062,28.8814,pathway,0.04774892
AO,S2,2063,27.5024,pathway,0.04774892
AO,S2,2064,26.1892,pathway,0.04774892
AO,S2,2065,24.9387,pathway,0.04774892
AO,S2,2066,23.7479,pathway,0.04774892
AO,S2,2067,22.6139,pathway,0.04774892
AO,S2,2068,21.5341,pathway,0.04774892
AO,S2,2069,20.5059,pathway,0.04774892
AO,S2,2070,19.5268,pathway,0.04774892
AO,S2,2071,18.5944,pathway,0.04774892
AO,S2,2072,17.7065,pathway,0.04774892
AO,S2,2073,16.8611,pathway,0.04774892
AO,S2,2074,16.056,pathway,0.04774892
AO,S2,2075,15.2893,pathway,0.04774892
AO,S2,2076,14.5593,pathway,0.04774892
AO,S2,2077,13.8641,pathway,0.04774892
AO,S2,2078,13.2021,pathway,0.04774892
AO,S2,2079,12.5717,pathway,0.04774892
AO,S2,2080,11.9714,pathway,0.04774892
AO,S2,2081,11.3998,pathway,0.04774892
AO,S2,2082,10.8555,pathway,0.04774892
AO,S2,2083,10.3371,pathway,0.04774892
AO,S2,2084,9.8435,pathway,0.04774892
AO,S2,2085,9.3735,pathway,0.04774892
AO,S2,2086,8.9259,pathway,0.04774892
AO,S2,2087,8.4997,pathway,0.04774892
AO,S2,2088,8.0939,pathway,0.04774892
AO,S2,2089,7.7074,pathway,0.04774892
AO,S2,2090,7.3394,pathway,0.04774892
AO,S2,2091,6.9889,pathway,0.04774892
AO,S2,2092,6.6552,pathway,0.04774892
AO,S2,2093,6.3375,pathway,0.04774892
AO,S2,2094,6.0348,pathway,0.04774892
AO,S2,2095,5.7467,pathway,0.04774892
AO,S2,2096,5.4723,pathway,0.04774892
AO,S2,2097,5.211,pathway,0.04774892
AO,S2,2098,4.9622,pathway,0.04774892
AO,S2,2099,4.7252,pathway,0.04774892
AO,S2,2100,4.4996,pathway,0.04774892
AR,S1,2000,355.47,observed,0.024037194
AR,S1,2001,302.09,observed,0.024037194
AR,S1,2002,294.83,observed,0.024037194
AR,S1,2003,316.39,observed,0.024037194
AR,S1,2004,357.67,observed,0.024037194
AR,S1,2005,357.16,observed,0.024037194
AR,S1,2006,349.91,observed,0.024037194
AR,S1,2007,388.04,observed,0.024037194
AR,S1,2008,400.62,observed,0.024037194
AR,S1,2009,382.36,observed,0.024037194
AR,S1,2010,401.59,observed,0.024037194
AR,S1,2011,419.88,observed,0.024037194
AR,S1,2012,432.14,observed,0.024037194
AR,S1,2013,422.23,observed,0.024037194
AR,S1,2014,424.14,observed,0.024037194
AR,S1,2015,426.56,observed,0.024037194
AR,S1,2016,431.92,observed,0.024037194
AR,S1,2017,425.38,observed,0.024037194
AR,S1,2018,414.29,observed,0.024037194
AR,S1,2019,397.62,observed,0.024037194
AR,S1,2020,394.7,observed,0.024037194
AR,S1,2021,406.99,observed,0.024037194
AR,S1,2022,392.69,observed,0.024037194
AR,S1,2023,350.9,observed,0.024037194
AR,S1,2024,344.83,observed,0.024037194
AR,S1,2025,346.0,observed,0.024037194
AR,S1,2026,337.6831,pathway,0.024037194
AR,S1,2027,329.5662,pathway,0.024037194
AR,S1,2028,321.6443,pathway,0.024037194
AR,S1,2029,313.9129,pathway,0.024037194
AR,S1,2030,306.3673,pathway,0.024037194
AR,S1,2031,299.0031,pathway,0.024037194
AR,S1,2032,291.8159,pathway,0.024037194
AR,S1,2033,284.8015,pathway,0.024037194
AR,S1,2034,277.9556,pathway,0.024037194
AR,S1,2035,271.2744,pathway,0.024037194
AR,S1,2036,264.7537,pathway,0.024037194
AR,S1,2037,258.3898,pathway,0.024037194
AR,S1,2038,252.1788,pathway,0.024037194
AR,S1,2039,246.1171,pathway,0.024037194
AR,S1,2040,240.2012,pathway,0.024037194
AR,S1,2041,234.4274,pathway,0.024037194
AR,S1,2042,228.7924,pathway,0.024037194
AR,S1,2043,223.2929,pathway,0.024037194
AR,S1,2044,217.9256,pathway,0.024037194
AR,S1,2045,212.6872,pathway,0.024037194
AR,S1,2046,207.5748,pathway,0.024037194
AR,S1,2047,202.5853,pathway,0.024037194
AR,S1,2048,197.7157,pathway,0.024037194
AR,S1,2049,192.9632,pathway,0.024037194
AR,S1,2050,188.3249,pathway,0.024037194
AR,S1,2051,183.7981,pathway,0.024037194
AR,S1,2052,179.3801,pathway,0.024037194
AR,S1,2053,175.0683,pathway,0.024037194
AR,S1,2054,170.8602,pathway,0.024037194
AR,S1,2055,166.7532,pathway,0.024037194
AR,S1,2056,162.7449,pathway,0.024037194
AR,S1,2057,158.833,pathway,0.024037194
AR,S1,2058,155.0151,pathway,0.024037194
AR,S1,2059,151.2889,pathway,0.024037194
AR,S1,2060,147.6524,pathway,0.024037194
AR,S1,2061,144.1032,pathway,0.024037194
AR,S1,2062,140.6394,pathway,0.024037194
AR,S1,2063,137.2588,pathway,0.024037194
AR,S1,2064,133.9595,pathway,0.024037194
AR,S1,2065,130.7395,pathway,0.024037194
AR,S1,2066,127.5969,pathway,0.024037194
AR,S1,2067,124.5298,pathway,0.024037194
AR,S1,2068,121.5365,pathway,0.024037194
AR,S1,2069,118.6151,pathway,0.024037194
AR,S1,2070,115.7639,pathway,0.024037194
AR,S1,2071,112.9813,pathway,0.024037194
AR,S1,2072,110.2655,pathway,0.024037194
AR,S1,2073,107.615,pathway,0.024037194
AR,S1,2074,105.0283,pathway,0.024037194
AR,S1,2075,102.5037,pathway,0.024037194
AR,S1,2076,100.0398,pathway,0.024037194
AR,S1,2077,97.6351,pathway,0.024037194
AR,S1,2078,95.2882,pathway,0.024037194
AR,S1,2079,92.9978,pathway,0.024037194
AR,S1,2080,90.7624,pathway,0.024037194
AR,S1,2081,88.5807,pathway,0.024037194
AR,S1,2082,86.4515,pathway,0.024037194
AR,S1,2083,84.3734,pathway,0.024037194
AR,S1,2084,82.3453,pathway,0.024037194
AR,S1,2085,80.366,pathway,0.024037194
AR,S1,2086,78.4342,pathway,0.024037194
AR,S1,2087,76.5488,pathway,0.024037194
AR,S1,2088,74.7088,pathway,0.024037194
AR,S1,2089,72.913,pathway,0.024037194
AR,S1,2090,71.1604,pathway,0.024037194
AR,S1,2091,69.4499,pathway,0.024037194
AR,S1,2092,67.7805,pathway,0.024037194
AR,S1,2093,66.1513,pathway,0.024037194
AR,S1,2094,64.5612,pathway,0.024037194
AR,S1,2095,63.0093,pathway,0.024037194
AR,S1,2096,61.4948,pathway,0.024037194
AR,S1,2097,60.0166,pathway,0.024037194
AR,S1,2098,58.574,pathway,0.024037194
AR,S1,2099,57.166,pathway,0.024037194
AR,S1,2100,55.7919,pathway,0.024037194
AU,S1,2000,805.98,observed,0.034560879
AU,S1,2001,803.13,observed,0.034560879
AU,S1,2002,794.67,observed,0.034560879
AU,S1,2003,792.17,observed,0.034560879
AU,S1,2004,792.83,observed,0.034560879
AU,S1,2005,791.8,observed,0.034560879
AU,S1,2006,790.5,observed,0.034560879
AU,S1,2007,791.15,observed,0.034560879
AU,S1,2008,791.51,observed,0.034560879
AU,S1,2009,785.11,observed,0.034560879
AU,S1,2010,775.67,observed,0.034560879
AU,S1,2011,749.42,observed,0.034560879
AU,S1,2012,746.99,observed,0.034560879
AU,S1,2013,726.16,observed,0.034560879
AU,S1,2014,734.18,observed,0.034560879
AU,S1,2015,729.71,observed,0.034560879
AU,S1,2016,713.51,observed,0.034560879
AU,S1,2017,718.08,observed,0.034560879
AU,S1,2018,688.42,observed,0.034560879
AU,S1,2019,670.1,observed,0.034560879
AU,S1,2020,642.32,observed,0.034560879
AU,S1,2021,605.91,observed,0.034560879
AU,S1,2022,577.86,observed,0.034560879
AU,S1,2023,556.7,observed,0.034560879
AU,S1,2024,553.83,observed,0.034560879
AU,S1,2025,525.18,observed,0.034560879
AU,S1,2026,507.0293,pathway,0.034560879
AU,S1,2027,489.5059,pathway,0.034560879
AU,S1,2028,472.5882,pathway,0.034560879
AU,S1,2029,456.2551,pathway,0.034560879
AU,S1,2030,440.4865,pathway,0.034560879
AU,S1,2031,425.2629,pathway,0.034560879
AU,S1,2032,410.5655,pathway,0.034560879
AU,S1,2033,396.376,pathway,0.034560879
AU,S1,2034,382.6769,pathway,0.034560879
AU,S1,2035,369.4512,pathway,0.034560879
AU,S1,2036,356.6827,pathway,0.034560879
AU,S1,2037,344.3554,pathway,0.034560879
AU,S1,2038,332.4542,pathway,0.034560879
AU,S1,2039,320.9643,pathway,0.034560879
AU,S1,2040,309.8715,pathway,0.034560879
AU,S1,2041,299.162,pathway,0.034560879
AU,S1,2042,288.8227,pathway,0.034560879
AU,S1,2043,278.8408,pathway,0.034560879
AU,S1,2044,269.2038,pathway,0.034560879
AU,S1,2045,259.8999,pathway,0.034560879
AU,S1,2046,250.9175,pathway,0.034560879
AU,S1,2047,242.2456,pathway,0.034560879
AU,S1,2048,233.8733,pathway,0.034560879
AU,S1,2049,225.7905,pathway,0.034560879
AU,S1,2050,217.987,pathway,0.034560879
AU,S1,2051,210.4531,pathway,0.034560879
AU,S1,2052,203.1797,pathway,0.034560879
AU,S1,2053,196.1576,pathway,0.034560879
AU,S1,2054,189.3782,pathway,0.034560879
AU,S1,2055,182.8332,pathway,0.034560879
AU,S1,2056,176.5143,pathway,0.034560879
AU,S1,2057,170.4138,pathway,0.034560879
AU,S1,2058,164.5241,pathway,0.034560879
AU,S1,2059,158.838,pathway,0.034560879
AU,S1,2060,153.3485,pathway,0.034560879
AU,S1,2061,148.0486,pathway,0.034560879
AU,S1,2062,142.9319,pathway,0.034560879
AU,S1,2063,137.9921,pathway,0.034560879
AU,S1,2064,133.2229,pathway,0.034560879
AU,S1,2065,128.6186,pathway,0.034560879
AU,S1,2066,124.1735,pathway,0.034560879
AU,S1,2067,119.8819,pathway,0.034560879
AU,S1,2068,115.7387,pathway,0.034560879
AU,S1,2069,111.7387,pathway,0.034560879
AU,S1,2070,107.8769,pathway,0.034560879
AU,S1,2071,104.1486,pathway,0.034560879
AU,S1,2072,100.5491,pathway,0.034560879
AU,S1,2073,97.074,pathway,0.034560879
AU,S1,2074,93.7191,pathway,0.034560879
AU,S1,2075,90.4801,pathway,0.034560879
AU,S1,2076,87.353,pathway,0.034560879
AU,S1,2077,84.334,pathway,0.034560879
AU,S1,2078,81.4193,pathway,0.034560879
AU,S1,2079,78.6054,pathway,0.034560879
AU,S1,2080,75.8887,pathway,0.034560879
AU,S1,2081,73.266,pathway,0.034560879
AU,S1,2082,70.7338,pathway,0.034560879
AU,S1,2083,68.2892,pathway,0.034560879
AU,S1,2084,65.9291,pathway,0.034560879
AU,S1,2085,63.6505,pathway,0.034560879
AU,S1,2086,61.4507,pathway,0.034560879
AU,S1,2087,59.3269,pathway,0.034560879
AU,S1,2088,57.2765,pathway,0.034560879
AU,S1,2089,55.297,pathway,0.034560879
AU,S1,2090,53.3859,pathway,0.034560879
AU,S1,2091,51.5408,pathway,0.034560879
AU,S1,2092,49.7595,pathway,0.034560879
AU,S1,2093,48.0398,pathway,0.034560879
AU,S1,2094,46.3795,pathway,0.034560879
AU,S1,2095,44.7766,pathway,0.034560879
AU,S1,2096,43.229,pathway,0.034560879
AU,S1,2097,41.735,pathway,0.034560879
AU,S1,2098,40.2926,pathway,0.034560879
AU,S1,2099,38.9001,pathway,0.034560879
AU,S1,2100,37.5556,pathway,0.034560879
AU,S2,2000,805.98,observed,0.054178697
AU,S2,2001,803.13,observed,0.054178697
AU,S2,2002,794.67,observed,0.054178697
AU,S2,2003,792.17,observed,0.054178697
AU,S2,2004,792.83,observed,0.054178697
AU,S2,2005,791.8,observed,0.054178697
AU,S2,2006,790.5,observed,0.054178697
AU,S2,2007,791.15,observed,0.054178697
AU,S2,2008,791.51,observed,0.054178697
AU,S2,2009,785.11,observed,0.054178697
AU,S2,2010,775.67,observed,0.054178697
AU,S2,2011,749.42,observed,0.054178697
AU,S2,2012,746.99,observed,0.054178697
AU,S2,2013,726.16,observed,0.054178697
AU,S2,2014,734.18,observed,0.054178697
AU,S2,2015,729.71,observed,0.054178697
AU,S2,2016,713.51,observed,0.054178697
AU,S2,2017,718.08,observed,0.054178697
AU,S2,2018,688.42,observed,0.054178697
AU,S2,2019,670.1,observed,0.054178697
AU,S2,2020,642.32,observed,0.054178697
AU,S2,2021,605.91,observed,0.054178697
AU,S2,2022,577.86,observed,0.054178697
AU,S2,2023,556.7,observed,0.054178697
AU,S2,2024,553.83,observed,0.054178697
AU,S2,2025,525.18,observed,0.054178697
AU,S2,2026,496.7264,pathway,0.054178697
AU,S2,2027,469.8144,pathway,0.054178697
AU,S2,2028,444.3605,pathway,0.054178697
AU,S2,2029,420.2856,pathway,0.054178697
AU,S2,2030,397.5151,pathway,0.054178697
AU,S2,2031,375.9783,pathway,0.054178697
AU,S2,2032,355.6082,pathway,0.054178697
AU,S2,2033,336.3419,pathway,0.054178697
AU,S2,2034,318.1193,pathway,0.054178697
AU,S2,2035,300.884,pathway,0.054178697
AU,S2,2036,284.5825,pathway,0.054178697
AU,S2,2037,269.1642,pathway,0.054178697
AU,S2,2038,254.5812,pathway,0.054178697
AU,S2,2039,240.7883,pathway,0.054178697
AU,S2,2040,227.7427,pathway,0.054178697
AU,S2,2041,215.4039,pathway,0.054178697
AU,S2,2042,203.7336,pathway,0.054178697
AU,S2,2043,192.6956,pathway,0.054178697
AU,S2,2044,182.2556,pathway,0.054178697
AU,S2,2045,172.3812,pathway,0.054178697
AU,S2,2046,163.0419,pathway,0.054178697
AU,S2,2047,154.2085,pathway,0.054178697
AU,S2,2048,145.8536,pathway,0.054178697
AU,S2,2049,137.9515,pathway,0.054178697
AU,S2,2050,130.4775,pathway,0.054178697
AU,S2,2051,123.4084,pathway,0.054178697
AU,S2,2052,116.7222,pathway,0.054178697
AU,S2,2053,110.3984,pathway,0.054178697
AU,S2,2054,104.4171,pathway,0.054178697
AU,S2,2055,98.76,pathway,0.054178697
AU,S2,2056,93.4093,pathway,0.054178697
AU,S2,2057,88.3485,pathway,0.054178697
AU,S2,2058,83.5619,pathway,0.054178697
AU,S2,2059,79.0346,pathway,0.054178697
AU,S2,2060,74.7526,pathway,0.054178697
AU,S2,2061,70.7026,pathway,0.054178697
AU,S2,2062,66.872,pathway,0.054178697
AU,S2,2063,63.249,pathway,0.054178697
AU,S2,2064,59.8223,pathway,0.054178697
AU,S2,2065,56.5812,pathway,0.054178697
AU,S2,2066,53.5157,pathway,0.054178697
AU,S2,2067,50.6163,pathway,0.054178697
AU,S2,2068,47.8739,pathway,0.054178697
AU,S2,2069,45.2802,pathway,0.054178697
AU,S2,2070,42.827,pathway,0.054178697
AU,S2,2071,40.5067,pathway,0.054178697
AU,S2,2072,38.3121,pathway,0.054178697
AU,S2,2073,36.2364,pathway,0.054178697
AU,S2,2074,34.2731,pathway,0.054178697
AU,S2,2075,32.4162,pathway,0.054178697
AU,S2,2076,30.66,pathway,0.054178697
AU,S2,2077,28.9989,pathway,0.054178697
AU,S2,2078,27.4277,pathway,0.054178697
AU,S2,2079,25.9417,pathway,0.054178697
AU,S2,2080,24.5363,pathway,0.054178697
AU,S2,2081,23.2069,pathway,0.054178697
AU,S2,2082,21.9496,pathway,0.054178697
AU,S2,2083,20.7604,pathway,0.054178697
AU,S2,2084,19.6356,pathway,0.054178697
AU,S2,2085,18.5718,pathway,0.054178697
AU,S2,2086,17.5656,pathway,0.054178697
AU,S2,2087,16.6139,pathway,0.054178697
AU,S2,2088,15.7138,pathway,0.054178697
AU,S2,2089,14.8624,pathway,0.054178697
AU,S2,2090,14.0572,pathway,0.054178697
AU,S2,2091,13.2956,pathway,0.054178697
AU,S2,2092,12.5753,pathway,0.054178697
AU,S2,2093,11.894,pathway,0.054178697
AU,S2,2094,11.2496,pathway,0.054178697
AU,S2,2095,10.6401,pathway,0.054178697
AU,S2,2096,10.0636,pathway,0.054178697
AU,S2,2097,9.5184,pathway,0.054178697
AU,S2,2098,9.0027,pathway,0.054178697
AU,S2,2099,8.5149,pathway,0.054178697
AU,S2,2100,8.0536,pathway,0.054178697
BD,S1,2000,645.55,observed,-0.003191412
BD,S1,2001,647.3,observed,-0.003191412
BD,S1,2002,647.49,observed,-0.003191412
BD,S1,2003,648.23,observed,-0.003191412
BD,S1,2004,653.0,observed,-0.003191412
BD,S1,2005,654.67,observed,-0.003191412
BD,S1,2006,655.84,observed,-0.003191412
BD,S1,2007,673.12,observed,-0.003191412
BD,S1,2008,672.51,observed,-0.003191412
BD,S1,2009,681.98,observed,-0.003191412
BD,S1,2010,675.23,observed,-0.003191412
BD,S1,2011,672.55,observed,-0.003191412
BD,S1,2012,673.8,observed,-0.003191412
BD,S1,2013,673.79,observed,-0.003191412
BD,S1,2014,676.54,observed,-0.003191412
BD,S1,2015,675.83,observed,-0.003191412
BD,S1,2016,672.6,observed,-0.003191412
BD,S1,2017,672.16,observed,-0.003191412
BD,S1,2018,673.03,observed,-0.003191412
BD,S1,2019,675.24,observed,-0.003191412
BD,S1,2020,678.91,observed,-0.003191412
BD,S1,2021,679.04,observed,-0.003191412
BD,S1,2022,676.48,observed,-0.003191412
BD,S1,2023,682.72,observed,-0.003191412
BD,S1,2024,695.7,observed,-0.003191412
BD,S1,2025,696.13,observed,-0.003191412
BD,S1,2026,698.3516,pathway,-0.003191412
BD,S1,2027,700.5804,pathway,-0.003191412
BD,S1,2028,702.8162,pathway,-0.003191412
BD,S1,2029,705.0592,pathway,-0.003191412
BD,S1,2030,707.3093,pathway,-0.003191412
BD,S1,2031,709.5666,pathway,-0.003191412
BD,S1,2032,711.8312,pathway,-0.003191412
BD,S1,2033,714.1029,pathway,-0.003191412
BD,S1,2034,716.3819,pathway,-0.003191412
BD,S1,2035,718.6682,pathway,-0.003191412
BD,S1,2036,720.9617,pathway,-0.003191412
BD,S1,2037,723.2626,pathway,-0.003191412
BD,S1,2038,725.5708,pathway,-0.003191412
BD,S1,2039,727.8864,pathway,-0.003191412
BD,S1,2040,730.2094,pathway,-0.003191412
BD,S1,2041,732.5398,pathway,-0.003191412
BD,S1,2042,734.8777,pathway,-0.003191412
BD,S1,2043,737.223,pathway,-0.003191412
BD,S1,2044,739.5757,pathway,-0.003191412
BD,S1,2045,741.936,pathway,-0.003191412
BD,S1,2046,744.3039,pathway,-0.003191412
BD,S1,2047,746.6792,pathway,-0.003191412
BD,S1,2048,749.0622,pathway,-0.003191412
BD,S1,2049,751.4528,pathway,-0.003191412
BD,S1,2050,753.851,pathway,-0.003191412
BD,S1,2051,756.2568,pathway,-0.003191412
BD,S1,2052,758.6703,pathway,-0.003191412
BD,S1,2053,761.0916,pathway,-0.003191412
BD,S1,2054,763.5205,pathway,-0.003191412
BD,S1,2055,765.9572,pathway,-0.003191412
BD,S1,2056,768.4017,pathway,-0.003191412
BD,S1,2057,770.854,pathway,-0.003191412
BD,S1,2058,773.3141,pathway,-0.003191412
BD,S1,2059,775.7821,pathway,-0.003191412
BD,S1,2060,778.2579,pathway,-0.003191412
BD,S1,2061,780.7417,pathway,-0.003191412
BD,S1,2062,783.2333,pathway,-0.003191412
BD,S1,2063,785.7329,pathway,-0.003191412
BD,S1,2064,788.2405,pathway,-0.003191412
BD,S1,2065,790.7561,pathway,-0.003191412
BD,S1,2066,793.2798,pathway,-0.003191412
BD,S1,2067,795.8115,pathway,-0.003191412
BD,S1,2068,798.3512,pathway,-0.003191412
BD,S1,2069,800.8991,pathway,-0.003191412
BD,S1,2070,803.4551,pathway,-0.003191412
BD,S1,2071,806.0192,pathway,-0.003191412
BD,S1,2072,808.5916,pathway,-0.003191412
BD,S1,2073,811.1721,pathway,-0.003191412
BD,S1,2074,813.7609,pathway,-0.003191412
BD,S1,2075,816.358,pathway,-0.003191412
BD,S1,2076,818.9633,pathway,-0.003191412
BD,S1,2077,821.5769,pathway,-0.003191412
BD,S1,2078,824.1989,pathway,-0.003191412
BD,S1,2079,826.8293,pathway,-0.003191412
BD,S1,2080,829.468,pathway,-0.003191412
BD,S1,2081,832.1152,pathway,-0.003191412
BD,S1,2082,834.7708,pathway,-0.003191412
BD,S1,2083,837.4349,pathway,-0.003191412
BD,S1,2084,840.1075,pathway,-0.003191412
BD,S1,2085,842.7887,pathway,-0.003191412
BD,S1,2086,845.4784,pathway,-0.003191412
BD,S1,2087,848.1766,pathway,-0.003191412
BD,S1,2088,850.8835,pathway,-0.003191412
BD,S1,2089,853.599,pathway,-0.003191412
BD,S1,2090,856.3232,pathway,-0.003191412
BD,S1,2091,859.0561,pathway,-0.003191412
BD,S1,2092,861.7977,pathway,-0.003191412
BD,S1,2093,864.548,pathway,-0.003191412
BD,S1,2094,867.3072,pathway,-0.003191412
BD,S1,2095,870.0751,pathway,-0.003191412
BD,S1,2096,872.8519,pathway,-0.003191412
BD,S1,2097,875.6375,pathway,-0.003191412
BD,S1,2098,878.432,pathway,-0.003191412
BD,S1,2099,881.2355,pathway,-0.003191412
BD,S1,2100,884.0479,pathway,-0.003191412
BE,S1,1990,312.99,observed,0.034336137
BE,S1,1991,310.72,observed,0.034336137
BE,S1,1992,301.74,observed,0.034336137
BE,S1,1993,310.79,observed,0.034336137
BE,S1,1994,325.76,observed,0.034336137
BE,S1,1995,319.91,observed,0.034336137
BE,S1,1996,304.1,observed,0.034336137
BE,S1,1997,272.86,observed,0.034336137
BE,S1,1998,291.75,observed,0.034336137
BE,S1,1999,245.65,observed,0.034336137
BE,S1,2000,269.6,observed,0.034336137
BE,S1,2001,252.83,observed,0.034336137
BE,S1,2002,249.82,observed,0.034336137
BE,S1,2003,249.13,observed,0.034336137
BE,S1,2004,247.62,observed,0.034336137
BE,S1,2005,241.05,observed,0.034336137
BE,S1,2006,231.58,observed,0.034336137
BE,S1,2007,224.28,observed,0.034336137
BE,S1,2008,218.28,observed,0.034336137
BE,S1,2009,216.91,observed,0.034336137
BE,S1,2010,212.81,observed,0.034336137
BE,S1,2011,192.88,observed,0.034336137
BE,S1,2012,202.68,observed,0.034336137
BE,S1,2013,184.26,observed,0.034336137
BE,S1,2014,189.89,observed,0.034336137
BE,S1,2015,215.55,observed,0.034336137
BE,S1,2016,158.7,observed,0.034336137
BE,S1,2017,159.48,observed,0.034336137
BE,S1,2018,186.95,observed,0.034336137
BE,S1,2019,156.54,observed,0.034336137
BE,S1,2020,166.61,observed,0.034336137
BE,S1,2021,131.79,observed,0.034336137
BE,S1,2022,139.4,observed,0.034336137
BE,S1,2023,134.67,observed,0.034336137
BE,S1,2024,126.96,observed,0.034336137
BE,S1,2025,149.82,observed,0.034336137
BE,S1,2026,144.6758,pathway,0.034336137
BE,S1,2027,139.7082,pathway,0.034336137
BE,S1,2028,134.9111,pathway,0.034336137
BE,S1,2029,130.2788,pathway,0.034336137
BE,S1,2030,125.8055,pathway,0.034336137
BE,S1,2031,121.4858,pathway,0.034336137
BE,S1,2032,117.3145,pathway,0.034336137
BE,S1,2033,113.2864,pathway,0.034336137
BE,S1,2034,109.3965,pathway,0.034336137
BE,S1,2035,105.6403,pathway,0.034336137
BE,S1,2036,102.013,pathway,0.034336137
BE,S1,2037,98.5103,pathway,0.034336137
BE,S1,2038,95.1278,pathway,0.034336137
BE,S1,2039,91.8615,pathway,0.034336137
BE,S1,2040,88.7073,pathway,0.034336137
BE,S1,2041,85.6615,pathway,0.034336137
BE,S1,2042,82.7202,pathway,0.034336137
BE,S1,2043,79.8799,pathway,0.034336137
BE,S1,2044,77.1371,pathway,0.034336137
BE,S1,2045,74.4885,pathway,0.034336137
BE,S1,2046,71.9309,pathway,0.034336137
BE,S1,2047,69.461,pathway,0.034336137
BE,S1,2048,67.076,pathway,0.034336137
BE,S1,2049,64.7729,pathway,0.034336137
BE,S1,2050,62.5488,pathway,0.034336137
BE,S1,2051,60.4012,pathway,0.034336137
BE,S1,2052,58.3272,pathway,0.034336137
BE,S1,2053,56.3245,pathway,0.034336137
BE,S1,2054,54.3905,pathway,0.034336137
BE,S1,2055,52.523,pathway,0.034336137
BE,S1,2056,50.7195,pathway,0.034336137
BE,S1,2057,48.978,pathway,0.034336137
BE,S1,2058,47.2963,pathway,0.034336137
BE,S1,2059,45.6723,pathway,0.034336137
BE,S1,2060,44.1041,pathway,0.034336137
BE,S1,2061,42.5897,pathway,0.034336137
BE,S1,2062,41.1274,pathway,0.034336137
BE,S1,2063,39.7152,pathway,0.034336137
BE,S1,2064,38.3516,pathway,0.034336137
BE,S1,2065,37.0347,pathway,0.034336137
BE,S1,2066,35.7631,pathway,0.034336137
BE,S1,2067,34.5351,pathway,0.034336137
BE,S1,2068,33.3493,pathway,0.034336137
BE,S1,2069,32.2042,pathway,0.034336137
BE,S1,2070,31.0985,pathway,0.034336137
BE,S1,2071,30.0307,pathway,0.034336137
BE,S1,2072,28.9995,pathway,0.034336137
BE,S1,2073,28.0038,pathway,0.034336137
BE,S1,2074,27.0422,pathway,0.034336137
BE,S1,2075,26.1137,pathway,0.034336137
BE,S1,2076,25.2171,pathway,0.034336137
BE,S1,2077,24.3512,pathway,0.034336137
BE,S1,2078,23.5151,pathway,0.034336137
BE,S1,2079,22.7077,pathway,0.034336137
BE,S1,2080,21.928,pathway,0.034336137
BE,S1,2081,21.1751,pathway,0.034336137
BE,S1,2082,20.448,pathway,0.034336137
BE,S1,2083,19.7459,pathway,0.034336137
BE,S1,2084,19.0679,pathway,0.034336137
BE,S1,2085,18.4132,pathway,0.034336137
BE,S1,2086,17.7809,pathway,0.034336137
BE,S1,2087,17.1704,pathway,0.034336137
BE,S1,2088,16.5808,pathway,0.034336137
BE,S1,2089,16.0115,pathway,0.034336137
BE,S1,2090,15.4617,pathway,0.034336137
BE,S1,2091,14.9308,pathway,0.034336137
BE,S1,2092,14.4182,pathway,0.034336137
BE,S1,2093,13.9231,pathway,0.034336137
BE,S1,2094,13.445,pathway,0.034336137
BE,S1,2095,12.9834,pathway,0.034336137
BE,S1,2096,12.5376,pathway,0.034336137
BE,S1,2097,12.1071,pathway,0.034336137
BE,S1,2098,11.6914,pathway,0.034336137
BE,S1,2099,11.29,pathway,0.034336137
BE,S1,2100,10.9023,pathway,0.034336137
BE,S2,1990,312.99,observed,0.099126017
BE,S2,1991,310.72,observed,0.099126017
BE,S2,1992,301.74,observed,0.099126017
BE,S2,1993,310.79,observed,0.099126017
BE,S2,1994,325.76,observed,0.099126017
BE,S2,1995,319.91,observed,0.099126017
BE,S2,1996,304.1,observed,0.099126017
BE,S2,1997,272.86,observed,0.099126017
BE,S2,1998,291.75,observed,0.099126017
BE,S2,1999,245.65,observed,0.099126017
BE,S2,2000,269.6,observed,0.099126017
BE,S2,2001,252.83,observed,0.099126017
BE,S2,2002,249.82,observed,0.099126017
BE,S2,2003,249.13,observed,0.099126017
BE,S2,2004,247.62,observed,0.099126017
BE,S2,2005,241.05,observed,0.099126017
BE,S2,2006,231.58,observed,0.099126017
BE,S2,2007,224.28,observed,0.099126017
BE,S2,2008,218.28,observed,0.099126017
BE,S2,2009,216.91,observed,0.099126017
BE,S2,2010,212.81,observed,0.099126017
BE,S2,2011,192.88,observed,0.099126017
BE,S2,2012,202.68,observed,0.099126017
BE,S2,2013,184.26,observed,0.099126017
BE,S2,2014,189.89,observed,0.099126017
BE,S2,2015,215.55,observed,0.099126017
BE,S2,2016,158.7,observed,0.099126017
BE,S2,2017,159.48,observed,0.099126017
BE,S2,2018,186.95,observed,0.099126017
BE,S2,2019,156.54,observed,0.099126017
BE,S2,2020,166.61,observed,0.099126017
BE,S2,2021,131.79,observed,0.099126017
BE,S2,2022,139.4,observed,0.099126017
BE,S2,2023,134.67,observed,0.099126017
BE,S2,2024,126.96,observed,0.099126017
BE,S2,2025,149.82,observed,0.099126017
BE,S2,2026,134.9689,pathway,0.099126017
BE,S2,2027,121.59,pathway,0.099126017
BE,S2,2028,109.5373,pathway,0.099126017
BE,S2,2029,98.6793,pathway,0.099126017
BE,S2,2030,88.8976,pathway,0.099126017
BE,S2,2031,80.0855,pathway,0.099126017
BE,S2,2032,72.147,pathway,0.099126017
BE,S2,2033,64.9953,pathway,0.099126017
BE,S2,2034,58.5526,pathway,0.099126017
BE,S2,2035,52.7485,pathway,0.099126017
BE,S2,2036,47.5198,pathway,0.099126017
BE,S2,2037,42.8093,pathway,0.099126017
BE,S2,2038,38.5658,pathway,0.099126017
BE,S2,2039,34.7429,pathway,0.099126017
BE,S2,2040,31.299,pathway,0.099126017
BE,S2,2041,28.1965,pathway,0.099126017
BE,S2,2042,25.4015,pathway,0.099126017
BE,S2,2043,22.8835,pathway,0.099126017
BE,S2,2044,20.6152,pathway,0.099126017
BE,S2,2045,18.5717,pathway,0.099126017
BE,S2,2046,16.7307,pathway,0.099126017
BE,S2,2047,15.0723,pathway,0.099126017
BE,S2,2048,13.5782,pathway,0.099126017
BE,S2,2049,12.2323,pathway,0.099126017
BE,S2,2050,11.0197,pathway,0.099126017
BE,S2,2051,9.9274,pathway,0.099126017
BE,S2,2052,8.9433,pathway,0.099126017
BE,S2,2053,8.0568,pathway,0.099126017
BE,S2,2054,7.2582,pathway,0.099126017
BE,S2,2055,6.5387,pathway,0.099126017
BE,S2,2056,5.8905,pathway,0.099126017
BE,S2,2057,5.3066,pathway,0.099126017
BE,S2,2058,4.7806,pathway,0.099126017
BE,S2,2059,4.3067,pathway,0.099126017
BE,S2,2060,3.8798,pathway,0.099126017
BE,S2,2061,3.4952,pathway,0.099126017
BE,S2,2062,3.1488,pathway,0.099126017
BE,S2,2063,2.8366,pathway,0.099126017
BE,S2,2064,2.5555,pathway,0.099126017
BE,S2,2065,2.3021,pathway,0.099126017
BE,S2,2066,2.0739,pathway,0.099126017
BE,S2,2067,1.8684,pathway,0.099126017
BE,S2,2068,1.6832,pathway,0.099126017
BE,S2,2069,1.5163,pathway,0.099126017
BE,S2,2070,1.366,pathway,0.099126017
BE,S2,2071,1.2306,pathway,0.099126017
BE,S2,2072,1.1086,pathway,0.099126017
BE,S2,2073,0.9987,pathway,0.099126017
BE,S2,2074,0.8997,pathway,0.099126017
BE,S2,2075,0.8105,pathway,0.099126017
BE,S2,2076,0.7302,pathway,0.099126017
BE,S2,2077,0.6578,pathway,0.099126017
BE,S2,2078,0.5926,pathway,0.099126017
BE,S2,2079,0.5339,pathway,0.099126017
BE,S2,2080,0.4809,pathway,0.099126017
BE,S2,2081,0.4333,pathway,0.099126017
BE,S2,2082,0.3903,pathway,0.099126017
BE,S2,2083,0.3516,pathway,0.099126017
BE,S2,2084,0.3168,pathway,0.099126017
BE,S2,2085,0.2854,pathway,0.099126017
BE,S2,2086,0.2571,pathway,0.099126017
BE,S2,2087,0.2316,pathway,0.099126017
BE,S2,2088,0.2086,pathway,0.099126017
BE,S2,2089,0.188,pathway,0.099126017
BE,S2,2090,0.1693,pathway,0.099126017
BE,S2,2091,0.1525,pathway,0.099126017
BE,S2,2092,0.1374,pathway,0.099126017
BE,S2,2093,0.1238,pathway,0.099126017
BE,S2,2094,0.1115,pathway,0.099126017
BE,S2,2095,0.1005,pathway,0.099126017
BE,S2,2096,0.0905,pathway,0.099126017
BE,S2,2097,0.0815,pathway,0.099126017
BE,S2,2098,0.0735,pathway,0.099126017
BE,S2,2099,0.0662,pathway,0.099126017
BE,S2,2100,0.0596,pathway,0.099126017
BG,S1,1990,558.71,observed,0.054974316
BG,S1,1991,565.25,observed,0.054974316
BG,S1,1992,561.51,observed,0.054974316
BG,S1,1993,519.56,observed,0.054974316
BG,S1,1994,507.11,observed,0.054974316
BG,S1,1995,477.79,observed,0.054974316
BG,S1,1996,459.47,observed,0.054974316
BG,S1,1997,488.49,observed,0.054974316
BG,S1,1998,485.76,observed,0.054974316
BG,S1,1999,476.14,observed,0.054974316
BG,S1,2000,458.24,observed,0.054974316
BG,S1,2001,484.35,observed,0.054974316
BG,S1,2002,444.63,observed,0.054974316
BG,S1,2003,492.9,observed,0.054974316
BG,S1,2004,493.71,observed,0.054974316
BG,S1,2005,453.86,observed,0.054974316
BG,S1,2006,451.81,observed,0.054974316
BG,S1,2007,558.62,observed,0.054974316
BG,S1,2008,550.91,observed,0.054974316
BG,S1,2009,528.48,observed,0.054974316
BG,S1,2010,521.01,observed,0.054974316
BG,S1,2011,577.66,observed,0.054974316
BG,S1,2012,525.4,observed,0.054974316
BG,S1,2013,487.45,observed,0.054974316
BG,S1,2014,487.0,observed,0.054974316
BG,S1,2015,494.56,observed,0.054974316
BG,S1,2016,472.04,observed,0.054974316
BG,S1,2017,502.9,observed,0.054974316
BG,S1,2018,442.7,observed,0.054974316
BG,S1,2019,438.7,observed,0.054974316
BG,S1,2020,383.91,observed,0.054974316
BG,S1,2021,415.29,observed,0.054974316
BG,S1,2022,476.33,observed,0.054974316
BG,S1,2023,338.32,observed,0.054974316
BG,S1,2024,278.85,observed,0.054974316
BG,S1,2025,275.55,observed,0.054974316
BG,S1,2026,260.4018,pathway,0.054974316
BG,S1,2027,246.0864,pathway,0.054974316
BG,S1,2028,232.558,pathway,0.054974316
BG,S1,2029,219.7733,pathway,0.054974316
BG,S1,2030,207.6914,pathway,0.054974316
BG,S1,2031,196.2737,pathway,0.054974316
BG,S1,2032,185.4837,pathway,0.054974316
BG,S1,2033,175.2868,pathway,0.054974316
BG,S1,2034,165.6506,pathway,0.054974316
BG,S1,2035,156.544,pathway,0.054974316
BG,S1,2036,147.9381,pathway,0.054974316
BG,S1,2037,139.8053,pathway,0.054974316
BG,S1,2038,132.1196,pathway,0.054974316
BG,S1,2039,124.8565,pathway,0.054974316
BG,S1,2040,117.9926,pathway,0.054974316
BG,S1,2041,111.506,pathway,0.054974316
BG,S1,2042,105.376,pathway,0.054974316
BG,S1,2043,99.5831,pathway,0.054974316
BG,S1,2044,94.1085,pathway,0.054974316
BG,S1,2045,88.935,pathway,0.054974316
BG,S1,2046,84.0458,pathway,0.054974316
BG,S1,2047,79.4255,pathway,0.054974316
BG,S1,2048,75.0591,pathway,0.054974316
BG,S1,2049,70.9328,pathway,0.054974316
BG,S1,2050,67.0333,pathway,0.054974316
BG,S1,2051,63.3482,pathway,0.054974316
BG,S1,2052,59.8657,pathway,0.054974316
BG,S1,2053,56.5746,pathway,0.054974316
BG,S1,2054,53.4645,pathway,0.054974316
BG,S1,2055,50.5253,pathway,0.054974316
BG,S1,2056,47.7477,pathway,0.054974316
BG,S1,2057,45.1228,pathway,0.054974316
BG,S1,2058,42.6422,pathway,0.054974316
BG,S1,2059,40.298,pathway,0.054974316
BG,S1,2060,38.0826,pathway,0.054974316
BG,S1,2061,35.9891,pathway,0.054974316
BG,S1,2062,34.0106,pathway,0.054974316
BG,S1,2063,32.1409,pathway,0.054974316
BG,S1,2064,30.374,pathway,0.054974316
BG,S1,2065,28.7042,pathway,0.054974316
BG,S1,2066,27.1262,pathway,0.054974316
BG,S1,2067,25.6349,pathway,0.054974316
BG,S1,2068,24.2257,pathway,0.054974316
BG,S1,2069,22.8939,pathway,0.054974316
BG,S1,2070,21.6353,pathway,0.054974316
BG,S1,2071,20.4459,pathway,0.054974316
BG,S1,2072,19.3219,pathway,0.054974316
BG,S1,2073,18.2597,pathway,0.054974316
BG,S1,2074,17.2559,pathway,0.054974316
BG,S1,2075,16.3073,pathway,0.054974316
BG,S1,2076,15.4108,pathway,0.054974316
BG,S1,2077,14.5636,pathway,0.054974316
BG,S1,2078,13.763,pathway,0.054974316
BG,S1,2079,13.0064,pathway,0.054974316
BG,S1,2080,12.2913,pathway,0.054974316
BG,S1,2081,11.6156,pathway,0.054974316
BG,S1,2082,10.9771,pathway,0.054974316
BG,S1,2083,10.3736,pathway,0.054974316
BG,S1,2084,9.8033,pathway,0.054974316
BG,S1,2085,9.2644,pathway,0.054974316
BG,S1,2086,8.7551,pathway,0.054974316
BG,S1,2087,8.2738,pathway,0.054974316
BG,S1,2088,7.8189,pathway,0.054974316
BG,S1,2089,7.3891,pathway,0.054974316
BG,S1,2090,6.9829,pathway,0.054974316
BG,S1,2091,6.599,pathway,0.054974316
BG,S1,2092,6.2362,pathway,0.054974316
BG,S1,2093,5.8934,pathway,0.054974316
BG,S1,2094,5.5694,pathway,0.054974316
BG,S1,2095,5.2632,pathway,0.054974316
BG,S1,2096,4.9739,pathway,0.054974316
BG,S1,2097,4.7005,pathway,0.054974316
BG,S1,2098,4.4421,pathway,0.054974316
BG,S1,2099,4.1979,pathway,0.054974316
BG,S1,2100,3.9671,pathway,0.054974316
BG,S2,1990,558.71,observed,0.100918485
BG,S2,1991,565.25,observed,0.100918485
BG,S2,1992,561.51,observed,0.100918485
BG,S2,1993,519.56,observed,0.100918485
BG,S2,1994,507.11,observed,0.100918485
BG,S2,1995,477.79,observed,0.100918485
BG,S2,1996,459.47,observed,0.100918485
BG,S2,1997,488.49,observed,0.100918485
BG,S2,1998,485.76,observed,0.100918485
BG,S2,1999,476.14,observed,0.100918485
BG,S2,2000,458.24,observed,0.100918485
BG,S2,2001,484.35,observed,0.100918485
BG,S2,2002,444.63,observed,0.100918485
BG,S2,2003,492.9,observed,0.100918485
BG,S2,2004,493.71,observed,0.100918485
BG,S2,2005,453.86,observed,0.100918485
BG,S2,2006,451.81,observed,0.100918485
BG,S2,2007,558.62,observed,0.100918485
BG,S2,2008,550.91,observed,0.100918485
BG,S2,2009,528.48,observed,0.100918485
BG,S2,2010,521.01,observed,0.100918485
BG,S2,2011,577.66,observed,0.100918485
BG,S2,2012,525.4,observed,0.100918485
BG,S2,2013,487.45,observed,0.100918485
BG,S2,2014,487.0,observed,0.100918485
BG,S2,2015,494.56,observed,0.100918485
BG,S2,2016,472.04,observed,0.100918485
BG,S2,2017,502.9,observed,0.100918485
BG,S2,2018,442.7,observed,0.100918485
BG,S2,2019,438.7,observed,0.100918485
BG,S2,2020,383.91,observed,0.100918485
BG,S2,2021,415.29,observed,0.100918485
BG,S2,2022,476.33,observed,0.100918485
BG,S2,2023,338.32,observed,0.100918485
BG,S2,2024,278.85,observed,0.100918485
BG,S2,2025,275.55,observed,0.100918485
BG,S2,2026,247.7419,pathway,0.100918485
BG,S2,2027,222.7402,pathway,0.100918485
BG,S2,2028,200.2616,pathway,0.100918485
BG,S2,2029,180.0515,pathway,0.100918485
BG,S2,2030,161.881,pathway,0.100918485
BG,S2,2031,145.5442,pathway,0.100918485
BG,S2,2032,130.8561,pathway,0.100918485
BG,S2,2033,117.6503,pathway,0.100918485
BG,S2,2034,105.7772,pathway,0.100918485
BG,S2,2035,95.1023,pathway,0.100918485
BG,S2,2036,85.5047,pathway,0.100918485
BG,S2,2037,76.8757,pathway,0.100918485
BG,S2,2038,69.1175,pathway,0.100918485
BG,S2,2039,62.1423,pathway,0.100918485
BG,S2,2040,55.871,pathway,0.100918485
BG,S2,2041,50.2326,pathway,0.100918485
BG,S2,2042,45.1632,pathway,0.100918485
BG,S2,2043,40.6054,pathway,0.100918485
BG,S2,2044,36.5076,pathway,0.100918485
BG,S2,2045,32.8233,pathway,0.100918485
BG,S2,2046,29.5108,pathway,0.100918485
BG,S2,2047,26.5326,pathway,0.100918485
BG,S2,2048,23.855,pathway,0.100918485
BG,S2,2049,21.4476,pathway,0.100918485
BG,S2,2050,19.2831,pathway,0.100918485
BG,S2,2051,17.3371,pathway,0.100918485
BG,S2,2052,15.5875,pathway,0.100918485
BG,S2,2053,14.0144,pathway,0.100918485
BG,S2,2054,12.6001,pathway,0.100918485
BG,S2,2055,11.3285,pathway,0.100918485
BG,S2,2056,10.1852,pathway,0.100918485
BG,S2,2057,9.1574,pathway,0.100918485
BG,S2,2058,8.2332,pathway,0.100918485
BG,S2,2059,7.4023,pathway,0.100918485
BG,S2,2060,6.6553,pathway,0.100918485
BG,S2,2061,5.9837,pathway,0.100918485
BG,S2,2062,5.3798,pathway,0.100918485
BG,S2,2063,4.8369,pathway,0.100918485
BG,S2,2064,4.3487,pathway,0.100918485
BG,S2,2065,3.9099,pathway,0.100918485
BG,S2,2066,3.5153,pathway,0.100918485
BG,S2,2067,3.1605,pathway,0.100918485
BG,S2,2068,2.8416,pathway,0.100918485
BG,S2,2069,2.5548,pathway,0.100918485
BG,S2,2070,2.297,pathway,0.100918485
BG,S2,2071,2.0652,pathway,0.100918485
BG,S2,2072,1.8568,pathway,0.100918485
BG,S2,2073,1.6694,pathway,0.100918485
BG,S2,2074,1.5009,pathway,0.100918485
BG,S2,2075,1.3494,pathway,0.100918485
BG,S2,2076,1.2133,pathway,0.100918485
BG,S2,2077,1.0908,pathway,0.100918485
BG,S2,2078,0.9807,pathway,0.100918485
BG,S2,2079,0.8818,pathway,0.100918485
BG,S2,2080,0.7928,pathway,0.100918485
BG,S2,2081,0.7128,pathway,0.100918485
BG,S2,2082,0.6408,pathway,0.100918485
BG,S2,2083,0.5762,pathway,0.100918485
BG,S2,2084,0.518,pathway,0.100918485
BG,S2,2085,0.4657,pathway,0.100918485
BG,S2,2086,0.4187,pathway,0.100918485
BG,S2,2087,0.3765,pathway,0.100918485
BG,S2,2088,0.3385,pathway,0.100918485
BG,S2,2089,0.3043,pathway,0.100918485
BG,S2,2090,0.2736,pathway,0.100918485
BG,S2,2091,0.246,pathway,0.100918485
BG,S2,2092,0.2212,pathway,0.100918485
BG,S2,2093,0.1989,pathway,0.100918485
BG,S2,2094,0.1788,pathway,0.100918485
BG,S2,2095,0.1607,pathway,0.100918485
BG,S2,2096,0.1445,pathway,0.100918485
BG,S2,2097,0.1299,pathway,0.100918485
BG,S2,2098,0.1168,pathway,0.100918485
BG,S2,2099,0.105,pathway,0.100918485
BG,S2,2100,0.0944,pathway,0.100918485
BH,S1,2000,904.76,observed,0.000309906
BH,S1,2001,904.93,observed,0.000309906
BH,S1,2002,904.98,observed,0.000309906
BH,S1,2003,904.46,observed,0.000309906
BH,S1,2004,904.64,observed,0.000309906
BH,S1,2005,904.49,observed,0.000309906
BH,S1,2006,898.76,observed,0.000309906
BH,S1,2007,901.47,observed,0.000309906
BH,S1,2008,904.91,observed,0.000309906
BH,S1,2009,904.7,observed,0.000309906
BH,S1,2010,904.7,observed,0.000309906
BH,S1,2011,904.68,observed,0.000309906
BH,S1,2012,904.72,observed,0.000309906
BH,S1,2013,904.67,observed,0.000309906
BH,S1,2014,904.26,observed,0.000309906
BH,S1,2015,904.53,observed,0.000309906
BH,S1,2016,904.28,observed,0.000309906
BH,S1,2017,904.55,observed,0.000309906
BH,S1,2018,904.57,observed,0.000309906
BH,S1,2019,904.26,observed,0.000309906
BH,S1,2020,904.13,observed,0.000309906
BH,S1,2021,903.57,observed,0.000309906
BH,S1,2022,902.75,observed,0.000309906
BH,S1,2023,902.59,observed,0.000309906
BH,S1,2024,902.24,observed,0.000309906
BH,S1,2025,901.9604,pathway,0.000309906
BH,S1,2026,901.6809,pathway,0.000309906
BH,S1,2027,901.4014,pathway,0.000309906
BH,S1,2028,901.1221,pathway,0.000309906
BH,S1,2029,900.8428,pathway,0.000309906
BH,S1,2030,900.5636,pathway,0.000309906
BH,S1,2031,900.2846,pathway,0.000309906
BH,S1,2032,900.0055,pathway,0.000309906
BH,S1,2033,899.7266,pathway,0.000309906
BH,S1,2034,899.4478,pathway,0.000309906
BH,S1,2035,899.1691,pathway,0.000309906
BH,S1,2036,898.8904,pathway,0.000309906
BH,S1,2037,898.6118,pathway,0.000309906
BH,S1,2038,898.3333,pathway,0.000309906
BH,S1,2039,898.0549,pathway,0.000309906
BH,S1,2040,897.7766,pathway,0.000309906
BH,S1,2041,897.4984,pathway,0.000309906
BH,S1,2042,897.2203,pathway,0.000309906
BH,S1,2043,896.9422,pathway,0.000309906
BH,S1,2044,896.6642,pathway,0.000309906
BH,S1,2045,896.3864,pathway,0.000309906
BH,S1,2046,896.1086,pathway,0.000309906
BH,S1,2047,895.8309,pathway,0.000309906
BH,S1,2048,895.5532,pathway,0.000309906
BH,S1,2049,895.2757,pathway,0.000309906
BH,S1,2050,894.9982,pathway,0.000309906
BH,S1,2051,894.7209,pathway,0.000309906
BH,S1,2052,894.4436,pathway,0.000309906
BH,S1,2053,894.1664,pathway,0.000309906
BH,S1,2054,893.8893,pathway,0.000309906
BH,S1,2055,893.6123,pathway,0.000309906
BH,S1,2056,893.3353,pathway,0.000309906
BH,S1,2057,893.0585,pathway,0.000309906
BH,S1,2058,892.7817,pathway,0.000309906
BH,S1,2059,892.505,pathway,0.000309906
BH,S1,2060,892.2285,pathway,0.000309906
BH,S1,2061,891.9519,pathway,0.000309906
BH,S1,2062,891.6755,pathway,0.000309906
BH,S1,2063,891.3992,pathway,0.000309906
BH,S1,2064,891.1229,pathway,0.000309906
BH,S1,2065,890.8468,pathway,0.000309906
BH,S1,2066,890.5707,pathway,0.000309906
BH,S1,2067,890.2947,pathway,0.000309906
BH,S1,2068,890.0188,pathway,0.000309906
BH,S1,2069,889.743,pathway,0.000309906
BH,S1,2070,889.4672,pathway,0.000309906
BH,S1,2071,889.1916,pathway,0.000309906
BH,S1,2072,888.916,pathway,0.000309906
BH,S1,2073,888.6405,pathway,0.000309906
BH,S1,2074,888.3651,pathway,0.000309906
BH,S1,2075,888.0898,pathway,0.000309906
BH,S1,2076,887.8146,pathway,0.000309906
BH,S1,2077,887.5395,pathway,0.000309906
BH,S1,2078,887.2644,pathway,0.000309906
BH,S1,2079,886.9895,pathway,0.000309906
BH,S1,2080,886.7146,pathway,0.000309906
BH,S1,2081,886.4398,pathway,0.000309906
BH,S1,2082,886.1651,pathway,0.000309906
BH,S1,2083,885.8904,pathway,0.000309906
BH,S1,2084,885.6159,pathway,0.000309906
BH,S1,2085,885.3414,pathway,0.000309906
BH,S1,2086,885.0671,pathway,0.000309906
BH,S1,2087,884.7928,pathway,0.000309906
BH,S1,2088,884.5186,pathway,0.000309906
BH,S1,2089,884.2444,pathway,0.000309906
BH,S1,2090,883.9704,pathway,0.000309906
BH,S1,2091,883.6965,pathway,0.000309906
BH,S1,2092,883.4226,pathway,0.000309906
BH,S1,2093,883.1488,pathway,0.000309906
BH,S1,2094,882.8751,pathway,0.000309906
BH,S1,2095,882.6015,pathway,0.000309906
BH,S1,2096,882.328,pathway,0.000309906
BH,S1,2097,882.0546,pathway,0.000309906
BH,S1,2098,881.7812,pathway,0.000309906
BH,S1,2099,881.5079,pathway,0.000309906
BH,S1,2100,881.2348,pathway,0.000309906
BJ,S1,2000,625.0,observed,0.01107255
BJ,S1,2001,666.67,observed,0.01107255
BJ,S1,2002,666.67,observed,0.01107255
BJ,S1,2003,625.0,observed,0.01107255
BJ,S1,2004,625.0,observed,0.01107255
BJ,S1,2005,636.36,observed,0.01107255
BJ,S1,2006,666.67,observed,0.01107255
BJ,S1,2007,636.36,observed,0.01107255
BJ,S1,2008,652.17,observed,0.01107255
BJ,S1,2009,692.31,observed,0.01107255
BJ,S1,2010,636.36,observed,0.01107255
BJ,S1,2011,700.0,observed,0.01107255
BJ,S1,2012,600.0,observed,0.01107255
BJ,S1,2013,615.39,observed,0.01107255
BJ,S1,2014,647.06,observed,0.01107255
BJ,S1,2015,625.0,observed,0.01107255
BJ,S1,2016,666.67,observed,0.01107255
BJ,S1,2017,625.0,observed,0.01107255
BJ,S1,2018,631.58,observed,0.01107255
BJ,S1,2019,611.11,observed,0.01107255
BJ,S1,2020,595.96,observed,0.01107255
BJ,S1,2021,584.07,observed,0.01107255
BJ,S1,2022,595.96,observed,0.01107255
BJ,S1,2023,590.0,observed,0.01107255
BJ,S1,2024,584.16,observed,0.01107255
BJ,S1,2025,577.6919,pathway,0.01107255
BJ,S1,2026,571.2953,pathway,0.01107255
BJ,S1,2027,564.9696,pathway,0.01107255
BJ,S1,2028,558.714,pathway,0.01107255
BJ,S1,2029,552.5276,pathway,0.01107255
BJ,S1,2030,546.4097,pathway,0.01107255
BJ,S1,2031,540.3596,pathway,0.01107255
BJ,S1,2032,534.3764,pathway,0.01107255
BJ,S1,2033,528.4595,pathway,0.01107255
BJ,S1,2034,522.6081,pathway,0.01107255
BJ,S1,2035,516.8215,pathway,0.01107255
BJ,S1,2036,511.099,pathway,0.01107255
BJ,S1,2037,505.4398,pathway,0.01107255
BJ,S1,2038,499.8433,pathway,0.01107255
BJ,S1,2039,494.3087,pathway,0.01107255
BJ,S1,2040,488.8355,pathway,0.01107255
BJ,S1,2041,483.4228,pathway,0.01107255
BJ,S1,2042,478.0701,pathway,0.01107255
BJ,S1,2043,472.7767,pathway,0.01107255
BJ,S1,2044,467.5418,pathway,0.01107255
BJ,S1,2045,462.3649,pathway,0.01107255
BJ,S1,2046,457.2454,pathway,0.01107255
BJ,S1,2047,452.1825,pathway,0.01107255
BJ,S1,2048,447.1757,pathway,0.01107255
BJ,S1,2049,442.2243,pathway,0.01107255
BJ,S1,2050,437.3278,pathway,0.01107255
BJ,S1,2051,432.4854,pathway,0.01107255
BJ,S1,2052,427.6967,pathway,0.01107255
BJ,S1,2053,422.961,pathway,0.01107255
BJ,S1,2054,418.2778,pathway,0.01107255
BJ,S1,2055,413.6464,pathway,0.01107255
BJ,S1,2056,409.0662,pathway,0.01107255
BJ,S1,2057,404.5368,pathway,0.01107255
BJ,S1,2058,400.0576,pathway,0.01107255
BJ,S1,2059,395.6279,pathway,0.01107255
BJ,S1,2060,391.2473,pathway,0.01107255
BJ,S1,2061,386.9152,pathway,0.01107255
BJ,S1,2062,382.6311,pathway,0.01107255
BJ,S1,2063,378.3944,pathway,0.01107255
BJ,S1,2064,374.2046,pathway,0.01107255
BJ,S1,2065,370.0612,pathway,0.01107255
BJ,S1,2066,365.9637,pathway,0.01107255
BJ,S1,2067,361.9115,pathway,0.01107255
BJ,S1,2068,357.9042,pathway,0.01107255
BJ,S1,2069,353.9413,pathway,0.01107255
BJ,S1,2070,350.0223,pathway,0.01107255
BJ,S1,2071,346.1466,pathway,0.01107255
BJ,S1,2072,342.3139,pathway,0.01107255
BJ,S1,2073,338.5236,pathway,0.01107255
BJ,S1,2074,334.7753,pathway,0.01107255
BJ,S1,2075,331.0685,pathway,0.01107255
BJ,S1,2076,327.4027,pathway,0.01107255
BJ,S1,2077,323.7775,pathway,0.01107255
BJ,S1,2078,320.1925,pathway,0.01107255
BJ,S1,2079,316.6471,pathway,0.01107255
BJ,S1,2080,313.141,pathway,0.01107255
BJ,S1,2081,309.6738,pathway,0.01107255
BJ,S1,2082,306.2449,pathway,0.01107255
BJ,S1,2083,302.854,pathway,0.01107255
BJ,S1,2084,299.5006,pathway,0.01107255
BJ,S1,2085,296.1844,pathway,0.01107255
BJ,S1,2086,292.9049,pathway,0.01107255
BJ,S1,2087,289.6617,pathway,0.01107255
BJ,S1,2088,286.4544,pathway,0.01107255
BJ,S1,2089,283.2826,pathway,0.01107255
BJ,S1,2090,280.1459,pathway,0.01107255
BJ,S1,2091,277.044,pathway,0.01107255
BJ,S1,2092,273.9764,pathway,0.01107255
BJ,S1,2093,270.9428,pathway,0.01107255
BJ,S1,2094,267.9428,pathway,0.01107255
BJ,S1,2095,264.976,pathway,0.01107255
BJ,S1,2096,262.042,pathway,0.01107255
BJ,S1,2097,259.1405,pathway,0.01107255
BJ,S1,2098,256.2712,pathway,0.01107255
BJ,S1,2099,253.4336,pathway,0.01107255
BJ,S1,2100,250.6275,pathway,0.01107255
BN,S1,2000,901.58,observed,0.001373211
BN,S1,2001,903.1,observed,0.001373211
BN,S1,2002,904.06,observed,0.001373211
BN,S1,2003,903.13,observed,0.001373211
BN,S1,2004,901.84,observed,0.001373211
BN,S1,2005,901.84,observed,0.001373211
BN,S1,2006,903.03,observed,0.001373211
BN,S1,2007,902.66,observed,0.001373211
BN,S1,2008,903.51,observed,0.001373211
BN,S1,2009,903.32,observed,0.001373211
BN,S1,2010,902.38,observed,0.001373211
BN,S1,2011,903.49,observed,0.001373211
BN,S1,2012,903.31,observed,0.001373211
BN,S1,2013,904.55,observed,0.001373211
BN,S1,2014,904.44,observed,0.001373211
BN,S1,2015,902.38,observed,0.001373211
BN,S1,2016,901.64,observed,0.001373211
BN,S1,2017,901.44,observed,0.001373211
BN,S1,2018,902.33,observed,0.001373211
BN,S1,2019,896.55,observed,0.001373211
BN,S1,2020,895.47,observed,0.001373211
BN,S1,2021,894.74,observed,0.001373211
BN,S1,2022,892.86,observed,0.001373211
BN,S1,2023,894.64,observed,0.001373211
BN,S1,2024,892.09,observed,0.001373211
BN,S1,2025,890.865,pathway,0.001373211
BN,S1,2026,889.6416,pathway,0.001373211
BN,S1,2027,888.42,pathway,0.001373211
BN,S1,2028,887.2,pathway,0.001373211
BN,S1,2029,885.9817,pathway,0.001373211
BN,S1,2030,884.765,pathway,0.001373211
BN,S1,2031,883.5501,pathway,0.001373211
BN,S1,2032,882.3368,pathway,0.001373211
BN,S1,2033,881.1251,pathway,0.001373211
BN,S1,2034,879.9151,pathway,0.001373211
BN,S1,2035,878.7068,pathway,0.001373211
BN,S1,2036,877.5002,pathway,0.001373211
BN,S1,2037,876.2952,pathway,0.001373211
BN,S1,2038,875.0919,pathway,0.001373211
BN,S1,2039,873.8902,pathway,0.001373211
BN,S1,2040,872.6901,pathway,0.001373211
BN,S1,2041,871.4917,pathway,0.001373211
BN,S1,2042,870.295,pathway,0.001373211
BN,S1,2043,869.0999,pathway,0.001373211
BN,S1,2044,867.9064,pathway,0.001373211
BN,S1,2045,866.7146,pathway,0.001373211
BN,S1,2046,865.5244,pathway,0.001373211
BN,S1,2047,864.3359,pathway,0.001373211
BN,S1,2048,863.149,pathway,0.001373211
BN,S1,2049,861.9637,pathway,0.001373211
BN,S1,2050,860.78,pathway,0.001373211
BN,S1,2051,859.598,pathway,0.001373211
BN,S1,2052,858.4176,pathway,0.001373211
BN,S1,2053,857.2388,pathway,0.001373211
BN,S1,2054,856.0616,pathway,0.001373211
BN,S1,2055,854.8861,pathway,0.001373211
BN,S1,2056,853.7121,pathway,0.001373211
BN,S1,2057,852.5398,pathway,0.001373211
BN,S1,2058,851.3691,pathway,0.001373211
BN,S1,2059,850.2,pathway,0.001373211
BN,S1,2060,849.0325,pathway,0.001373211
BN,S1,2061,847.8666,pathway,0.001373211
BN,S1,2062,846.7023,pathway,0.001373211
BN,S1,2063,845.5396,pathway,0.001373211
BN,S1,2064,844.3785,pathway,0.001373211
BN,S1,2065,843.219,pathway,0.001373211
BN,S1,2066,842.0611,pathway,0.001373211
BN,S1,2067,840.9047,pathway,0.001373211
BN,S1,2068,839.75,pathway,0.001373211
BN,S1,2069,838.5968,pathway,0.001373211
BN,S1,2070,837.4453,pathway,0.001373211
BN,S1,2071,836.2953,pathway,0.001373211
BN,S1,2072,835.1469,pathway,0.001373211
BN,S1,2073,834.0,pathway,0.001373211
BN,S1,2074,832.8548,pathway,0.001373211
BN,S1,2075,831.7111,pathway,0.001373211
BN,S1,2076,830.569,pathway,0.001373211
BN,S1,2077,829.4284,pathway,0.001373211
BN,S1,2078,828.2894,pathway,0.001373211
BN,S1,2079,827.152,pathway,0.001373211
BN,S1,2080,826.0162,pathway,0.001373211
BN,S1,2081,824.8819,pathway,0.001373211
BN,S1,2082,823.7491,pathway,0.001373211
BN,S1,2083,822.618,pathway,0.001373211
BN,S1,2084,821.4883,pathway,0.001373211
BN,S1,2085,820.3603,pathway,0.001373211
BN,S1,2086,819.2337,pathway,0.001373211
BN,S1,2087,818.1088,pathway,0.001373211
BN,S1,2088,816.9853,pathway,0.001373211
BN,S1,2089,815.8634,pathway,0.001373211
BN,S1,2090,814.7431,pathway,0.001373211
BN,S1,2091,813.6243,pathway,0.001373211
BN,S1,2092,812.507,pathway,0.001373211
BN,S1,2093,811.3912,pathway,0.001373211
BN,S1,2094,810.277,pathway,0.001373211
BN,S1,2095,809.1643,pathway,0.001373211
BN,S1,2096,808.0532,pathway,0.001373211
BN,S1,2097,806.9436,pathway,0.001373211
BN,S1,2098,805.8355,pathway,0.001373211
BN,S1,2099,804.7289,pathway,0.001373211
BN,S1,2100,803.6238,pathway,0.001373211
BR,S1,2000,89.45,observed,0.055172008
BR,S1,2001,105.74,observed,0.055172008
BR,S1,2002,97.3,observed,0.055172008
BR,S1,2003,90.67,observed,0.055172008
BR,S1,2004,101.78,observed,0.055172008
BR,S1,2005,98.89,observed,0.055172008
BR,S1,2006,95.96,observed,0.055172008
BR,S1,2007,90.91,observed,0.055172008
BR,S1,2008,113.63,observed,0.055172008
BR,S1,2009,87.37,observed,0.055172008
BR,S1,2010,114.15,observed,0.055172008
BR,S1,2011,99.76,observed,0.055172008
BR,S1,2012,128.34,observed,0.055172008
BR,S1,2013,167.84,observed,0.055172008
BR,S1,2014,192.94,observed,0.055172008
BR,S1,2015,188.64,observed,0.055172008
BR,S1,2016,149.65,observed,0.055172008
BR,S1,2017,155.88,observed,0.055172008
BR,S1,2018,136.95,observed,0.055172008
BR,S1,2019,141.93,observed,0.055172008
BR,S1,2020,133.36,observed,0.055172008
BR,S1,2021,168.07,observed,0.055172008
BR,S1,2022,103.39,observed,0.055172008
BR,S1,2023,96.26,observed,0.055172008
BR,S1,2024,106.06,observed,0.055172008
BR,S1,2025,109.95,observed,0.055172008
BR,S1,2026,103.8838,pathway,0.055172008
BR,S1,2027,98.1524,pathway,0.055172008
BR,S1,2028,92.7371,pathway,0.055172008
BR,S1,2029,87.6206,pathway,0.055172008
BR,S1,2030,82.7864,pathway,0.055172008
BR,S1,2031,78.2189,pathway,0.055172008
BR,S1,2032,73.9034,pathway,0.055172008
BR,S1,2033,69.826,pathway,0.055172008
BR,S1,2034,65.9736,pathway,0.055172008
BR,S1,2035,62.3337,pathway,0.055172008
BR,S1,2036,58.8946,pathway,0.055172008
BR,S1,2037,55.6453,pathway,0.055172008
BR,S1,2038,52.5752,pathway,0.055172008
BR,S1,2039,49.6745,pathway,0.055172008
BR,S1,2040,46.9339,pathway,0.055172008
BR,S1,2041,44.3444,pathway,0.055172008
BR,S1,2042,41.8979,pathway,0.055172008
BR,S1,2043,39.5863,pathway,0.055172008
BR,S1,2044,37.4022,pathway,0.055172008
BR,S1,2045,35.3387,pathway,0.055172008
BR,S1,2046,33.389,pathway,0.055172008
BR,S1,2047,31.5468,pathway,0.055172008
BR,S1,2048,29.8063,pathway,0.055172008
BR,S1,2049,28.1619,pathway,0.055172008
BR,S1,2050,26.6081,pathway,0.055172008
BR,S1,2051,25.1401,pathway,0.055172008
BR,S1,2052,23.7531,pathway,0.055172008
BR,S1,2053,22.4426,pathway,0.055172008
BR,S1,2054,21.2044,pathway,0.055172008
BR,S1,2055,20.0345,pathway,0.055172008
BR,S1,2056,18.9291,pathway,0.055172008
BR,S1,2057,17.8848,pathway,0.055172008
BR,S1,2058,16.898,pathway,0.055172008
BR,S1,2059,15.9657,pathway,0.055172008
BR,S1,2060,15.0849,pathway,0.055172008
BR,S1,2061,14.2526,pathway,0.055172008
BR,S1,2062,13.4663,pathway,0.055172008
BR,S1,2063,12.7233,pathway,0.055172008
BR,S1,2064,12.0213,pathway,0.055172008
BR,S1,2065,11.3581,pathway,0.055172008
BR,S1,2066,10.7314,pathway,0.055172008
BR,S1,2067,10.1394,pathway,0.055172008
BR,S1,2068,9.58,pathway,0.055172008
BR,S1,2069,9.0514,pathway,0.055172008
BR,S1,2070,8.552,pathway,0.055172008
BR,S1,2071,8.0802,pathway,0.055172008
BR,S1,2072,7.6344,pathway,0.055172008
BR,S1,2073,7.2132,pathway,0.055172008
BR,S1,2074,6.8152,pathway,0.055172008
BR,S1,2075,6.4392,pathway,0.055172008
BR,S1,2076,6.0839,pathway,0.055172008
BR,S1,2077,5.7483,pathway,0.055172008
BR,S1,2078,5.4311,pathway,0.055172008
BR,S1,2079,5.1315,pathway,0.055172008
BR,S1,2080,4.8484,pathway,0.055172008
BR,S1,2081,4.5809,pathway,0.055172008
BR,S1,2082,4.3281,pathway,0.055172008
BR,S1,2083,4.0894,pathway,0.055172008
BR,S1,2084,3.8637,pathway,0.055172008
BR,S1,2085,3.6506,pathway,0.055172008
BR,S1,2086,3.4492,pathway,0.055172008
BR,S1,2087,3.2589,pathway,0.055172008
BR,S1,2088,3.0791,pathway,0.055172008
BR,S1,2089,2.9092,pathway,0.055172008
BR,S1,2090,2.7487,pathway,0.055172008
BR,S1,2091,2.597,pathway,0.055172008
BR,S1,2092,2.4537,pathway,0.055172008
BR,S1,2093,2.3184,pathway,0.055172008
BR,S1,2094,2.1905,pathway,0.055172008
BR,S1,2095,2.0696,pathway,0.055172008
BR,S1,2096,1.9554,pathway,0.055172008
BR,S1,2097,1.8475,pathway,0.055172008
BR,S1,2098,1.7456,pathway,0.055172008
BR,S1,2099,1.6493,pathway,0.055172008
BR,S1,2100,1.5583,pathway,0.055172008
BR,S2,2000,89.45,observed,0.094946817
BR,S2,2001,105.74,observed,0.094946817
BR,S2,2002,97.3,observed,0.094946817
BR,S2,2003,90.67,observed,0.094946817
BR,S2,2004,101.78,observed,0.094946817
BR,S2,2005,98.89,observed,0.094946817
BR,S2,2006,95.96,observed,0.094946817
BR,S2,2007,90.91,observed,0.094946817
BR,S2,2008,113.63,observed,0.094946817
BR,S2,2009,87.37,observed,0.094946817
BR,S2,2010,114.15,observed,0.094946817
BR,S2,2011,99.76,observed,0.094946817
BR,S2,2012,128.34,observed,0.094946817
BR,S2,2013,167.84,observed,0.094946817
BR,S2,2014,192.94,observed,0.094946817
BR,S2,2015,188.64,observed,0.094946817
BR,S2,2016,149.65,observed,0.094946817
BR,S2,2017,155.88,observed,0.094946817
BR,S2,2018,136.95,observed,0.094946817
BR,S2,2019,141.93,observed,0.094946817
BR,S2,2020,133.36,observed,0.094946817
BR,S2,2021,168.07,observed,0.094946817
BR,S2,2022,103.39,observed,0.094946817
BR,S2,2023,96.26,observed,0.094946817
BR,S2,2024,106.06,observed,0.094946817
BR,S2,2025,109.95,observed,0.094946817
BR,S2,2026,99.5106,pathway,0.094946817
BR,S2,2027,90.0624,pathway,0.094946817
BR,S2,2028,81.5112,pathway,0.094946817
BR,S2,2029,73.772,pathway,0.094946817
BR,S2,2030,66.7676,pathway,0.094946817
BR,S2,2031,60.4282,pathway,0.094946817
BR,S2,2032,54.6908,pathway,0.094946817
BR,S2,2033,49.498,pathway,0.094946817
BR,S2,2034,44.7984,pathway,0.094946817
BR,S2,2035,40.5449,pathway,0.094946817
BR,S2,2036,36.6953,pathway,0.094946817
BR,S2,2037,33.2112,pathway,0.094946817
BR,S2,2038,30.0579,pathway,0.094946817
BR,S2,2039,27.204,pathway,0.094946817
BR,S2,2040,24.6211,pathway,0.094946817
BR,S2,2041,22.2834,pathway,0.094946817
BR,S2,2042,20.1676,pathway,0.094946817
BR,S2,2043,18.2528,pathway,0.094946817
BR,S2,2044,16.5197,pathway,0.094946817
BR,S2,2045,14.9512,pathway,0.094946817
BR,S2,2046,13.5317,pathway,0.094946817
BR,S2,2047,12.2469,pathway,0.094946817
BR,S2,2048,11.0841,pathway,0.094946817
BR,S2,2049,10.0317,pathway,0.094946817
BR,S2,2050,9.0792,pathway,0.094946817
BR,S2,2051,8.2172,pathway,0.094946817
BR,S2,2052,7.437,pathway,0.094946817
BR,S2,2053,6.7309,pathway,0.094946817
BR,S2,2054,6.0918,pathway,0.094946817
BR,S2,2055,5.5134,pathway,0.094946817
BR,S2,2056,4.9899,pathway,0.094946817
BR,S2,2057,4.5161,pathway,0.094946817
BR,S2,2058,4.0873,pathway,0.094946817
BR,S2,2059,3.6993,pathway,0.094946817
BR,S2,2060,3.348,pathway,0.094946817
BR,S2,2061,3.0301,pathway,0.094946817
BR,S2,2062,2.7424,pathway,0.094946817
BR,S2,2063,2.4821,pathway,0.094946817
BR,S2,2064,2.2464,pathway,0.094946817
BR,S2,2065,2.0331,pathway,0.094946817
BR,S2,2066,1.8401,pathway,0.094946817
BR,S2,2067,1.6654,pathway,0.094946817
BR,S2,2068,1.5072,pathway,0.094946817
BR,S2,2069,1.3641,pathway,0.094946817
BR,S2,2070,1.2346,pathway,0.094946817
BR,S2,2071,1.1174,pathway,0.094946817
BR,S2,2072,1.0113,pathway,0.094946817
BR,S2,2073,0.9153,pathway,0.094946817
BR,S2,2074,0.8284,pathway,0.094946817
BR,S2,2075,0.7497,pathway,0.094946817
BR,S2,2076,0.6785,pathway,0.094946817
BR,S2,2077,0.6141,pathway,0.094946817
BR,S2,2078,0.5558,pathway,0.094946817
BR,S2,2079,0.503,pathway,0.094946817
BR,S2,2080,0.4553,pathway,0.094946817
BR,S2,2081,0.412,pathway,0.094946817
BR,S2,2082,0.3729,pathway,0.094946817
BR,S2,2083,0.3375,pathway,0.094946817
BR,S2,2084,0.3055,pathway,0.094946817
BR,S2,2085,0.2765,pathway,0.094946817
BR,S2,2086,0.2502,pathway,0.094946817
BR,S2,2087,0.2265,pathway,0.094946817
BR,S2,2088,0.205,pathway,0.094946817
BR,S2,2089,0.1855,pathway,0.094946817
BR,S2,2090,0.1679,pathway,0.094946817
BR,S2,2091,0.1519,pathway,0.094946817
BR,S2,2092,0.1375,pathway,0.094946817
BR,S2,2093,0.1245,pathway,0.094946817
BR,S2,2094,0.1126,pathway,0.094946817
BR,S2,2095,0.1019,pathway,0.094946817
BR,S2,2096,0.0923,pathway,0.094946817
BR,S2,2097,0.0835,pathway,0.094946817
BR,S2,2098,0.0756,pathway,0.094946817
BR,S2,2099,0.0684,pathway,0.094946817
BR,S2,2100,0.0619,pathway,0.094946817
CA,S1,2000,245.69,observed,-0.002021114
CA,S1,2001,255.65,observed,-0.002021114
CA,S1,2002,245.12,observed,-0.002021114
CA,S1,2003,251.64,observed,-0.002021114
CA,S1,2004,235.34,observed,-0.002021114
CA,S1,2005,225.01,observed,-0.002021114
CA,S1,2006,216.51,observed,-0.002021114
CA,S1,2007,227.76,observed,-0.002021114
CA,S1,2008,213.48,observed,-0.002021114
CA,S1,2009,204.33,observed,-0.002021114
CA,S1,2010,214.78,observed,-0.002021114
CA,S1,2011,206.18,observed,-0.002021114
CA,S1,2012,193.39,observed,-0.002021114
CA,S1,2013,186.96,observed,-0.002021114
CA,S1,2014,188.86,observed,-0.002021114
CA,S1,2015,184.37,observed,-0.002021114
CA,S1,2016,180.88,observed,-0.002021114
CA,S1,2017,172.06,observed,-0.002021114
CA,S1,2018,170.86,observed,-0.002021114
CA,S1,2019,169.99,observed,-0.002021114
CA,S1,2020,161.69,observed,-0.002021114
CA,S1,2021,165.37,observed,-0.002021114
CA,S1,2022,160.6,observed,-0.002021114
CA,S1,2023,174.37,observed,-0.002021114
CA,S1,2024,185.35,observed,-0.002021114
CA,S1,2025,190.72,observed,-0.002021114
CA,S1,2026,191.1055,pathway,-0.002021114
CA,S1,2027,191.4917,pathway,-0.002021114
CA,S1,2028,191.8787,pathway,-0.002021114
CA,S1,2029,192.2665,pathway,-0.002021114
CA,S1,2030,192.6551,pathway,-0.002021114
CA,S1,2031,193.0445,pathway,-0.002021114
CA,S1,2032,193.4347,pathway,-0.002021114
CA,S1,2033,193.8256,pathway,-0.002021114
CA,S1,2034,194.2174,pathway,-0.002021114
CA,S1,2035,194.6099,pathway,-0.002021114
CA,S1,2036,195.0032,pathway,-0.002021114
CA,S1,2037,195.3974,pathway,-0.002021114
CA,S1,2038,195.7923,pathway,-0.002021114
CA,S1,2039,196.188,pathway,-0.002021114
CA,S1,2040,196.5845,pathway,-0.002021114
CA,S1,2041,196.9818,pathway,-0.002021114
CA,S1,2042,197.38,pathway,-0.002021114
CA,S1,2043,197.7789,pathway,-0.002021114
CA,S1,2044,198.1786,pathway,-0.002021114
CA,S1,2045,198.5792,pathway,-0.002021114
CA,S1,2046,198.9805,pathway,-0.002021114
CA,S1,2047,199.3827,pathway,-0.002021114
CA,S1,2048,199.7857,pathway,-0.002021114
CA,S1,2049,200.1894,pathway,-0.002021114
CA,S1,2050,200.5941,pathway,-0.002021114
CA,S1,2051,200.9995,pathway,-0.002021114
CA,S1,2052,201.4057,pathway,-0.002021114
CA,S1,2053,201.8128,pathway,-0.002021114
CA,S1,2054,202.2207,pathway,-0.002021114
CA,S1,2055,202.6294,pathway,-0.002021114
CA,S1,2056,203.0389,pathway,-0.002021114
CA,S1,2057,203.4493,pathway,-0.002021114
CA,S1,2058,203.8605,pathway,-0.002021114
CA,S1,2059,204.2725,pathway,-0.002021114
CA,S1,2060,204.6854,pathway,-0.002021114
CA,S1,2061,205.0991,pathway,-0.002021114
CA,S1,2062,205.5136,pathway,-0.002021114
CA,S1,2063,205.929,pathway,-0.002021114
CA,S1,2064,206.3452,pathway,-0.002021114
CA,S1,2065,206.7622,pathway,-0.002021114
CA,S1,2066,207.1801,pathway,-0.002021114
CA,S1,2067,207.5988,pathway,-0.002021114
CA,S1,2068,208.0184,pathway,-0.002021114
CA,S1,2069,208.4388,pathway,-0.002021114
CA,S1,2070,208.8601,pathway,-0.002021114
CA,S1,2071,209.2822,pathway,-0.002021114
CA,S1,2072,209.7052,pathway,-0.002021114
CA,S1,2073,210.1291,pathway,-0.002021114
CA,S1,2074,210.5538,pathway,-0.002021114
CA,S1,2075,210.9793,pathway,-0.002021114
CA,S1,2076,211.4057,pathway,-0.002021114
CA,S1,2077,211.833,pathway,-0.002021114
CA,S1,2078,212.2611,pathway,-0.002021114
CA,S1,2079,212.6901,pathway,-0.002021114
CA,S1,2080,213.12,pathway,-0.002021114
CA,S1,2081,213.5508,pathway,-0.002021114
CA,S1,2082,213.9824,pathway,-0.002021114
CA,S1,2083,214.4149,pathway,-0.002021114
CA,S1,2084,214.8482,pathway,-0.002021114
CA,S1,2085,215.2824,pathway,-0.002021114
CA,S1,2086,215.7176,pathway,-0.002021114
CA,S1,2087,216.1535,pathway,-0.002021114
CA,S1,2088,216.5904,pathway,-0.002021114
CA,S1,2089,217.0282,pathway,-0.002021114
CA,S1,2090,217.4668,pathway,-0.002021114
CA,S1,2091,217.9063,pathway,-0.002021114
CA,S1,2092,218.3467,pathway,-0.002021114
CA,S1,2093,218.788,pathway,-0.002021114
CA,S1,2094,219.2302,pathway,-0.002021114
CA,S1,2095,219.6733,pathway,-0.002021114
CA,S1,2096,220.1173,pathway,-0.002021114
CA,S1,2097,220.5622,pathway,-0.002021114
CA,S1,2098,221.008,pathway,-0.002021114
CA,S1,2099,221.4547,pathway,-0.002021114
CA,S1,2100,221.9022,pathway,-0.002021114
CA,S2,2000,245.69,observed,0.042327918
CA,S2,2001,255.65,observed,0.042327918
CA,S2,2002,245.12,observed,0.042327918
CA,S2,2003,251.64,observed,0.042327918
CA,S2,2004,235.34,observed,0.042327918
CA,S2,2005,225.01,observed,0.042327918
CA,S2,2006,216.51,observed,0.042327918
CA,S2,2007,227.76,observed,0.042327918
CA,S2,2008,213.48,observed,0.042327918
CA,S2,2009,204.33,observed,0.042327918
CA,S2,2010,214.78,observed,0.042327918
CA,S2,2011,206.18,observed,0.042327918
CA,S2,2012,193.39,observed,0.042327918
CA,S2,2013,186.96,observed,0.042327918
CA,S2,2014,188.86,observed,0.042327918
CA,S2,2015,184.37,observed,0.042327918
CA,S2,2016,180.88,observed,0.042327918
CA,S2,2017,172.06,observed,0.042327918
CA,S2,2018,170.86,observed,0.042327918
CA,S2,2019,169.99,observed,0.042327918
CA,S2,2020,161.69,observed,0.042327918
CA,S2,2021,165.37,observed,0.042327918
CA,S2,2022,160.6,observed,0.042327918
CA,S2,2023,174.37,observed,0.042327918
CA,S2,2024,185.35,observed,0.042327918
CA,S2,2025,190.72,observed,0.042327918
CA,S2,2026,182.6472,pathway,0.042327918
CA,S2,2027,174.9161,pathway,0.042327918
CA,S2,2028,167.5123,pathway,0.042327918
CA,S2,2029,160.4219,pathway,0.042327918
CA,S2,2030,153.6315,pathway,0.042327918
CA,S2,2031,147.1286,pathway,0.042327918
CA,S2,2032,140.901,pathway,0.042327918
CA,S2,2033,134.9369,pathway,0.042327918
CA,S2,2034,129.2253,pathway,0.042327918
CA,S2,2035,123.7555,pathway,0.042327918
CA,S2,2036,118.5172,pathway,0.042327918
CA,S2,2037,113.5006,pathway,0.042327918
CA,S2,2038,108.6964,pathway,0.042327918
CA,S2,2039,104.0955,pathway,0.042327918
CA,S2,2040,99.6893,pathway,0.042327918
CA,S2,2041,95.4697,pathway,0.042327918
CA,S2,2042,91.4286,pathway,0.042327918
CA,S2,2043,87.5587,pathway,0.042327918
CA,S2,2044,83.8525,pathway,0.042327918
CA,S2,2045,80.3032,pathway,0.042327918
CA,S2,2046,76.9041,pathway,0.042327918
CA,S2,2047,73.6489,pathway,0.042327918
CA,S2,2048,70.5315,pathway,0.042327918
CA,S2,2049,67.5461,pathway,0.042327918
CA,S2,2050,64.687,pathway,0.042327918
CA,S2,2051,61.9489,pathway,0.042327918
CA,S2,2052,59.3268,pathway,0.042327918
CA,S2,2053,56.8156,pathway,0.042327918
CA,S2,2054,54.4107,pathway,0.042327918
CA,S2,2055,52.1076,pathway,0.042327918
CA,S2,2056,49.902,pathway,0.042327918
CA,S2,2057,47.7897,pathway,0.042327918
CA,S2,2058,45.7669,pathway,0.042327918
CA,S2,2059,43.8297,pathway,0.042327918
CA,S2,2060,41.9745,pathway,0.042327918
CA,S2,2061,40.1978,pathway,0.042327918
CA,S2,2062,38.4963,pathway,0.042327918
CA,S2,2063,36.8668,pathway,0.042327918
CA,S2,2064,35.3063,pathway,0.042327918
CA,S2,2065,33.8119,pathway,0.042327918
CA,S2,2066,32.3807,pathway,0.042327918
CA,S2,2067,31.0101,pathway,0.042327918
CA,S2,2068,29.6975,pathway,0.042327918
CA,S2,2069,28.4405,pathway,0.042327918
CA,S2,2070,27.2366,pathway,0.042327918
CA,S2,2071,26.0838,pathway,0.042327918
CA,S2,2072,24.9797,pathway,0.042327918
CA,S2,2073,23.9224,pathway,0.042327918
CA,S2,2074,22.9098,pathway,0.042327918
CA,S2,2075,21.94,pathway,0.042327918
CA,S2,2076,21.0114,pathway,0.042327918
CA,S2,2077,20.122,pathway,0.042327918
CA,S2,2078,19.2703,pathway,0.042327918
CA,S2,2079,18.4546,pathway,0.042327918
CA,S2,2080,17.6735,pathway,0.042327918
CA,S2,2081,16.9254,pathway,0.042327918
CA,S2,2082,16.209,pathway,0.042327918
CA,S2,2083,15.5229,pathway,0.042327918
CA,S2,2084,14.8658,pathway,0.042327918
CA,S2,2085,14.2366,pathway,0.042327918
CA,S2,2086,13.634,pathway,0.042327918
CA,S2,2087,13.0569,pathway,0.042327918
CA,S2,2088,12.5042,pathway,0.042327918
CA,S2,2089,11.9749,pathway,0.042327918
CA,S2,2090,11.4681,pathway,0.042327918
CA,S2,2091,10.9826,pathway,0.042327918
CA,S2,2092,10.5178,pathway,0.042327918
CA,S2,2093,10.0726,pathway,0.042327918
CA,S2,2094,9.6462,pathway,0.042327918
CA,S2,2095,9.2379,pathway,0.042327918
CA,S2,2096,8.8469,pathway,0.042327918
CA,S2,2097,8.4724,pathway,0.042327918
CA,S2,2098,8.1138,pathway,0.042327918
CA,S2,2099,7.7704,pathway,0.042327918
CA,S2,2100,7.4415,pathway,0.042327918
CL,S1,2000,388.13,observed,0.064576842
CL,S1,2001,336.48,observed,0.064576842
CL,S1,2002,330.11,observed,0.064576842
CL,S1,2003,355.35,observed,0.064576842
CL,S1,2004,391.77,observed,0.064576842
CL,S1,2005,347.57,observed,0.064576842
CL,S1,2006,355.38,observed,0.064576842
CL,S1,2007,456.93,observed,0.064576842
CL,S1,2008,454.42,observed,0.064576842
CL,S1,2009,435.98,observed,0.064576842
CL,S1,2010,481.66,observed,0.064576842
CL,S1,2011,493.07,observed,0.064576842
CL,S1,2012,531.41,observed,0.064576842
CL,S1,2013,551.76,observed,0.064576842
CL,S1,2014,493.66,observed,0.064576842
CL,S1,2015,491.39,observed,0.064576842
CL,S1,2016,496.39,observed,0.064576842
CL,S1,2017,487.27,observed,0.064576842
CL,S1,2018,470.28,observed,0.064576842
CL,S1,2019,456.54,observed,0.064576842
CL,S1,2020,436.83,observed,0.064576842
CL,S1,2021,430.99,observed,0.064576842
CL,S1,2022,372.8,observed,0.064576842
CL,S1,2023,303.82,observed,0.064576842
CL,S1,2024,259.87,observed,0.064576842
CL,S1,2025,289.49,observed,0.064576842
CL,S1,2026,270.7957,pathway,0.064576842
CL,S1,2027,253.3085,pathway,0.064576842
CL,S1,2028,236.9507,pathway,0.064576842
CL,S1,2029,221.6491,pathway,0.064576842
CL,S1,2030,207.3357,pathway,0.064576842
CL,S1,2031,193.9466,pathway,0.064576842
CL,S1,2032,181.4222,pathway,0.064576842
CL,S1,2033,169.7065,pathway,0.064576842
CL,S1,2034,158.7474,pathway,0.064576842
CL,S1,2035,148.496,pathway,0.064576842
CL,S1,2036,138.9066,pathway,0.064576842
CL,S1,2037,129.9364,pathway,0.064576842
CL,S1,2038,121.5456,pathway,0.064576842
CL,S1,2039,113.6965,pathway,0.064576842
CL,S1,2040,106.3544,pathway,0.064576842
CL,S1,2041,99.4863,pathway,0.064576842
CL,S1,2042,93.0618,pathway,0.064576842
CL,S1,2043,87.0522,pathway,0.064576842
CL,S1,2044,81.4306,pathway,0.064576842
CL,S1,2045,76.1721,pathway,0.064576842
CL,S1,2046,71.2531,pathway,0.064576842
CL,S1,2047,66.6518,pathway,0.064576842
CL,S1,2048,62.3477,pathway,0.064576842
CL,S1,2049,58.3215,pathway,0.064576842
CL,S1,2050,54.5552,pathway,0.064576842
CL,S1,2051,51.0322,pathway,0.064576842
CL,S1,2052,47.7367,pathway,0.064576842
CL,S1,2053,44.654,pathway,0.064576842
CL,S1,2054,41.7704,pathway,0.064576842
CL,S1,2055,39.073,pathway,0.064576842
CL,S1,2056,36.5498,pathway,0.064576842
CL,S1,2057,34.1895,pathway,0.064576842
CL,S1,2058,31.9817,pathway,0.064576842
CL,S1,2059,29.9164,pathway,0.064576842
CL,S1,2060,27.9845,pathway,0.064576842
CL,S1,2061,26.1774,pathway,0.064576842
CL,S1,2062,24.4869,pathway,0.064576842
CL,S1,2063,22.9056,pathway,0.064576842
CL,S1,2064,21.4264,pathway,0.064576842
CL,S1,2065,20.0428,pathway,0.064576842
CL,S1,2066,18.7485,pathway,0.064576842
CL,S1,2067,17.5378,pathway,0.064576842
CL,S1,2068,16.4052,pathway,0.064576842
CL,S1,2069,15.3458,pathway,0.064576842
CL,S1,2070,14.3549,pathway,0.064576842
CL,S1,2071,13.4279,pathway,0.064576842
CL,S1,2072,12.5607,pathway,0.064576842
CL,S1,2073,11.7496,pathway,0.064576842
CL,S1,2074,10.9909,pathway,0.064576842
CL,S1,2075,10.2811,pathway,0.064576842
CL,S1,2076,9.6172,pathway,0.064576842
CL,S1,2077,8.9961,pathway,0.064576842
CL,S1,2078,8.4152,pathway,0.064576842
CL,S1,2079,7.8718,pathway,0.064576842
CL,S1,2080,7.3634,pathway,0.064576842
CL,S1,2081,6.8879,pathway,0.064576842
CL,S1,2082,6.4431,pathway,0.064576842
CL,S1,2083,6.027,pathway,0.064576842
CL,S1,2084,5.6378,pathway,0.064576842
CL,S1,2085,5.2738,pathway,0.064576842
CL,S1,2086,4.9332,pathway,0.064576842
CL,S1,2087,4.6146,pathway,0.064576842
CL,S1,2088,4.3166,pathway,0.064576842
CL,S1,2089,4.0379,pathway,0.064576842
CL,S1,2090,3.7771,pathway,0.064576842
CL,S1,2091,3.5332,pathway,0.064576842
CL,S1,2092,3.305,pathway,0.064576842
CL,S1,2093,3.0916,pathway,0.064576842
CL,S1,2094,2.892,pathway,0.064576842
CL,S1,2095,2.7052,pathway,0.064576842
CL,S1,2096,2.5305,pathway,0.064576842
CL,S1,2097,2.3671,pathway,0.064576842
CL,S1,2098,2.2142,pathway,0.064576842
CL,S1,2099,2.0713,pathway,0.064576842
CL,S1,2100,1.9375,pathway,0.064576842
CN,S1,2000,783.51,observed,0.021128822
CN,S1,2001,762.88,observed,0.021128822
CN,S1,2002,773.3,observed,0.021128822
CN,S1,2003,790.92,observed,0.021128822
CN,S1,2004,778.5,observed,0.021128822
CN,S1,2005,782.08,observed,0.021128822
CN,S1,2006,786.64,observed,0.021128822
CN,S1,2007,785.24,observed,0.021128822
CN,S1,2008,747.06,observed,0.021128822
CN,S1,2009,753.13,observed,0.021128822
CN,S1,2010,740.75,observed,0.021128822
CN,S1,2011,752.36,observed,0.021128822
CN,S1,2012,720.28,observed,0.021128822
CN,S1,2013,717.51,observed,0.021128822
CN,S1,2014,693.85,observed,0.021128822
CN,S1,2015,667.85,observed,0.021128822
CN,S1,2016,651.76,observed,0.021128822
CN,S1,2017,644.21,observed,0.021128822
CN,S1,2018,636.89,observed,0.021128822
CN,S1,2019,619.63,observed,0.021128822
CN,S1,2020,606.29,observed,0.021128822
CN,S1,2021,599.05,observed,0.021128822
CN,S1,2022,586.75,observed,0.021128822
CN,S1,2023,583.04,observed,0.021128822
CN,S1,2024,555.4,observed,0.021128822
CN,S1,2025,525.34,observed,0.021128822
CN,S1,2026,514.2402,pathway,0.021128822
CN,S1,2027,503.3749,pathway,0.021128822
CN,S1,2028,492.7392,pathway,0.021128822
CN,S1,2029,482.3282,pathway,0.021128822
CN,S1,2030,472.1372,pathway,0.021128822
CN,S1,2031,462.1615,pathway,0.021128822
CN,S1,2032,452.3965,pathway,0.021128822
CN,S1,2033,442.8379,pathway,0.021128822
CN,S1,2034,433.4813,pathway,0.021128822
CN,S1,2035,424.3223,pathway,0.021128822
CN,S1,2036,415.3569,pathway,0.021128822
CN,S1,2037,406.5809,pathway,0.021128822
CN,S1,2038,397.9903,pathway,0.021128822
CN,S1,2039,389.5813,pathway,0.021128822
CN,S1,2040,381.3499,pathway,0.021128822
CN,S1,2041,373.2924,pathway,0.021128822
CN,S1,2042,365.4052,pathway,0.021128822
CN,S1,2043,357.6846,pathway,0.021128822
CN,S1,2044,350.1271,pathway,0.021128822
CN,S1,2045,342.7293,pathway,0.021128822
CN,S1,2046,335.4879,pathway,0.021128822
CN,S1,2047,328.3994,pathway,0.021128822
CN,S1,2048,321.4607,pathway,0.021128822
CN,S1,2049,314.6686,pathway,0.021128822
CN,S1,2050,308.0201,pathway,0.021128822
CN,S1,2051,301.512,pathway,0.021128822
CN,S1,2052,295.1414,pathway,0.021128822
CN,S1,2053,288.9054,pathway,0.021128822
CN,S1,2054,282.8011,pathway,0.021128822
CN,S1,2055,276.8259,pathway,0.021128822
CN,S1,2056,270.9769,pathway,0.021128822
CN,S1,2057,265.2515,pathway,0.021128822
CN,S1,2058,259.647,pathway,0.021128822
CN,S1,2059,254.161,pathway,0.021128822
CN,S1,2060,248.7909,pathway,0.021128822
CN,S1,2061,243.5342,pathway,0.021128822
CN,S1,2062,238.3886,pathway,0.021128822
CN,S1,2063,233.3517,pathway,0.021128822
CN,S1,2064,228.4213,pathway,0.021128822
CN,S1,2065,223.595,pathway,0.021128822
CN,S1,2066,218.8707,pathway,0.021128822
CN,S1,2067,214.2462,pathway,0.021128822
CN,S1,2068,209.7195,pathway,0.021128822
CN,S1,2069,205.2883,pathway,0.021128822
CN,S1,2070,200.9508,pathway,0.021128822
CN,S1,2071,196.705,pathway,0.021128822
CN,S1,2072,192.5488,pathway,0.021128822
CN,S1,2073,188.4805,pathway,0.021128822
CN,S1,2074,184.4981,pathway,0.021128822
CN,S1,2075,180.5999,pathway,0.021128822
CN,S1,2076,176.784,pathway,0.021128822
CN,S1,2077,173.0488,pathway,0.021128822
CN,S1,2078,169.3925,pathway,0.021128822
CN,S1,2079,165.8134,pathway,0.021128822
CN,S1,2080,162.31,pathway,0.021128822
CN,S1,2081,158.8806,pathway,0.021128822
CN,S1,2082,155.5236,pathway,0.021128822
CN,S1,2083,152.2376,pathway,0.021128822
CN,S1,2084,149.021,pathway,0.021128822
CN,S1,2085,145.8723,pathway,0.021128822
CN,S1,2086,142.7902,pathway,0.021128822
CN,S1,2087,139.7732,pathway,0.021128822
CN,S1,2088,136.82,pathway,0.021128822
CN,S1,2089,133.9291,pathway,0.021128822
CN,S1,2090,131.0994,pathway,0.021128822
CN,S1,2091,128.3294,pathway,0.021128822
CN,S1,2092,125.618,pathway,0.021128822
CN,S1,2093,122.9638,pathway,0.021128822
CN,S1,2094,120.3657,pathway,0.021128822
CN,S1,2095,117.8225,pathway,0.021128822
CN,S1,2096,115.3331,pathway,0.021128822
CN,S1,2097,112.8962,pathway,0.021128822
CN,S1,2098,110.5109,pathway,0.021128822
CN,S1,2099,108.1759,pathway,0.021128822
CN,S1,2100,105.8903,pathway,0.021128822
DK,S1,1990,889.75,observed,0.101463696
DK,S1,1991,894.93,observed,0.101463696
DK,S1,1992,872.22,observed,0.101463696
DK,S1,1993,863.83,observed,0.101463696
DK,S1,1994,850.92,observed,0.101463696
DK,S1,1995,813.01,observed,0.101463696
DK,S1,1996,817.16,observed,0.101463696
DK,S1,1997,761.21,observed,0.101463696
DK,S1,1998,709.19,observed,0.101463696
DK,S1,1999,673.3,observed,0.101463696
DK,S1,2000,627.89,observed,0.101463696
DK,S1,2001,630.79,observed,0.101463696
DK,S1,2002,618.67,observed,0.101463696
DK,S1,2003,651.51,observed,0.101463696
DK,S1,2004,581.26,observed,0.101463696
DK,S1,2005,552.66,observed,0.101463696
DK,S1,2006,635.34,observed,0.101463696
DK,S1,2007,597.09,observed,0.101463696
DK,S1,2008,577.3,observed,0.101463696
DK,S1,2009,582.9,observed,0.101463696
DK,S1,2010,540.39,observed,0.101463696
DK,S1,2011,486.47,observed,0.101463696
DK,S1,2012,431.14,observed,0.101463696
DK,S1,2013,472.41,observed,0.101463696
DK,S1,2014,400.75,observed,0.101463696
DK,S1,2015,313.76,observed,0.101463696
DK,S1,2016,360.86,observed,0.101463696
DK,S1,2017,282.85,observed,0.101463696
DK,S1,2018,296.92,observed,0.101463696
DK,S1,2019,204.29,observed,0.101463696
DK,S1,2020,188.94,observed,0.101463696
DK,S1,2021,222.97,observed,0.101463696
DK,S1,2022,203.64,observed,0.101463696
DK,S1,2023,151.96,observed,0.101463696
DK,S1,2024,131.77,observed,0.101463696
DK,S1,2025,114.41,observed,0.101463696
DK,S1,2026,102.8015,pathway,0.101463696
DK,S1,2027,92.3709,pathway,0.101463696
DK,S1,2028,82.9986,pathway,0.101463696
DK,S1,2029,74.5773,pathway,0.101463696
DK,S1,2030,67.0104,pathway,0.101463696
DK,S1,2031,60.2113,pathway,0.101463696
DK,S1,2032,54.102,pathway,0.101463696
DK,S1,2033,48.6126,pathway,0.101463696
DK,S1,2034,43.6802,pathway,0.101463696
DK,S1,2035,39.2482,pathway,0.101463696
DK,S1,2036,35.266,pathway,0.101463696
DK,S1,2037,31.6878,pathway,0.101463696
DK,S1,2038,28.4726,pathway,0.101463696
DK,S1,2039,25.5837,pathway,0.101463696
DK,S1,2040,22.9879,pathway,0.101463696
DK,S1,2041,20.6554,pathway,0.101463696
DK,S1,2042,18.5596,pathway,0.101463696
DK,S1,2043,16.6765,pathway,0.101463696
DK,S1,2044,14.9845,pathway,0.101463696
DK,S1,2045,13.4641,pathway,0.101463696
DK,S1,2046,12.098,pathway,0.101463696
DK,S1,2047,10.8705,pathway,0.101463696
DK,S1,2048,9.7675,pathway,0.101463696
DK,S1,2049,8.7765,pathway,0.101463696
DK,S1,2050,7.886,pathway,0.101463696
DK,S1,2051,7.0858,pathway,0.101463696
DK,S1,2052,6.3669,pathway,0.101463696
DK,S1,2053,5.7209,pathway,0.101463696
DK,S1,2054,5.1404,pathway,0.101463696
DK,S1,2055,4.6188,pathway,0.101463696
DK,S1,2056,4.1502,pathway,0.101463696
DK,S1,2057,3.7291,pathway,0.101463696
DK,S1,2058,3.3507,pathway,0.101463696
DK,S1,2059,3.0108,pathway,0.101463696
DK,S1,2060,2.7053,pathway,0.101463696
DK,S1,2061,2.4308,pathway,0.101463696
DK,S1,2062,2.1841,pathway,0.101463696
DK,S1,2063,1.9625,pathway,0.101463696
DK,S1,2064,1.7634,pathway,0.101463696
DK,S1,2065,1.5845,pathway,0.101463696
DK,S1,2066,1.4237,pathway,0.101463696
DK,S1,2067,1.2793,pathway,0.101463696
DK,S1,2068,1.1495,pathway,0.101463696
DK,S1,2069,1.0328,pathway,0.101463696
DK,S1,2070,0.928,pathway,0.101463696
DK,S1,2071,0.8339,pathway,0.101463696
DK,S1,2072,0.7493,pathway,0.101463696
DK,S1,2073,0.6732,pathway,0.101463696
DK,S1,2074,0.6049,pathway,0.101463696
DK,S1,2075,0.5436,pathway,0.101463696
DK,S1,2076,0.4884,pathway,0.101463696
DK,S1,2077,0.4389,pathway,0.101463696
DK,S1,2078,0.3943,pathway,0.101463696
DK,S1,2079,0.3543,pathway,0.101463696
DK,S1,2080,0.3184,pathway,0.101463696
DK,S1,2081,0.2861,pathway,0.101463696
DK,S1,2082,0.257,pathway,0.101463696
DK,S1,2083,0.231,pathway,0.101463696
DK,S1,2084,0.2075,pathway,0.101463696
DK,S1,2085,0.1865,pathway,0.101463696
DK,S1,2086,0.1675,pathway,0.101463696
DK,S1,2087,0.1505,pathway,0.101463696
DK,S1,2088,0.1353,pathway,0.101463696
DK,S1,2089,0.1215,pathway,0.101463696
DK,S1,2090,0.1092,pathway,0.101463696
DK,S1,2091,0.0981,pathway,0.101463696
DK,S1,2092,0.0882,pathway,0.101463696
DK,S1,2093,0.0792,pathway,0.101463696
DK,S1,2094,0.0712,pathway,0.101463696
DK,S1,2095,0.064,pathway,0.101463696
DK,S1,2096,0.0575,pathway,0.101463696
DK,S1,2097,0.0516,pathway,0.101463696
DK,S1,2098,0.0464,pathway,0.101463696
DK,S1,2099,0.0417,pathway,0.101463696
DK,S1,2100,0.0375,pathway,0.101463696
DK,S2,1990,889.75,observed,0.101463696
DK,S2,1991,894.93,observed,0.101463696
DK,S2,1992,872.22,observed,0.101463696
DK,S2,1993,863.83,observed,0.101463696
DK,S2,1994,850.92,observed,0.101463696
DK,S2,1995,813.01,observed,0.101463696
DK,S2,1996,817.16,observed,0.101463696
DK,S2,1997,761.21,observed,0.101463696
DK,S2,1998,709.19,observed,0.101463696
DK,S2,1999,673.3,observed,0.101463696
DK,S2,2000,627.89,observed,0.101463696
DK,S2,2001,630.79,observed,0.101463696
DK,S2,2002,618.67,observed,0.101463696
DK,S2,2003,651.51,observed,0.101463696
DK,S2,2004,581.26,observed,0.101463696
DK,S2,2005,552.66,observed,0.101463696
DK,S2,2006,635.34,observed,0.101463696
DK,S2,2007,597.09,observed,0.101463696
DK,S2,2008,577.3,observed,0.101463696
DK,S2,2009,582.9,observed,0.101463696
DK,S2,2010,540.39,observed,0.101463696
DK,S2,2011,486.47,observed,0.101463696
DK,S2,2012,431.14,observed,0.101463696
DK,S2,2013,472.41,observed,0.101463696
DK,S2,2014,400.75,observed,0.101463696
DK,S2,2015,313.76,observed,0.101463696
DK,S2,2016,360.86,observed,0.101463696
DK,S2,2017,282.85,observed,0.101463696
DK,S2,2018,296.92,observed,0.101463696
DK,S2,2019,204.29,observed,0.101463696
DK,S2,2020,188.94,observed,0.101463696
DK,S2,2021,222.97,observed,0.101463696
DK,S2,2022,203.64,observed,0.101463696
DK,S2,2023,151.96,observed,0.101463696
DK,S2,2024,131.77,observed,0.101463696
DK,S2,2025,114.41,observed,0.101463696
DK,S2,2026,102.8015,pathway,0.101463696
DK,S2,2027,92.3709,pathway,0.101463696
DK,S2,2028,82.9986,pathway,0.101463696
DK,S2,2029,74.5773,pathway,0.101463696
DK,S2,2030,67.0104,pathway,0.101463696
DK,S2,2031,60.2113,pathway,0.101463696
DK,S2,2032,54.102,pathway,0.101463696
DK,S2,2033,48.6126,pathway,0.101463696
DK,S2,2034,43.6802,pathway,0.101463696
DK,S2,2035,39.2482,pathway,0.101463696
DK,S2,2036,35.266,pathway,0.101463696
DK,S2,2037,31.6878,pathway,0.101463696
DK,S2,2038,28.4726,pathway,0.101463696
DK,S2,2039,25.5837,pathway,0.101463696
DK,S2,2040,22.9879,pathway,0.101463696
DK,S2,2041,20.6554,pathway,0.101463696
DK,S2,2042,18.5596,pathway,0.101463696
DK,S2,2043,16.6765,pathway,0.101463696
DK,S2,2044,14.9845,pathway,0.101463696
DK,S2,2045,13.4641,pathway,0.101463696
DK,S2,2046,12.098,pathway,0.101463696
DK,S2,2047,10.8705,pathway,0.101463696
DK,S2,2048,9.7675,pathway,0.101463696
DK,S2,2049,8.7765,pathway,0.101463696
DK,S2,2050,7.886,pathway,0.101463696
DK,S2,2051,7.0858,pathway,0.101463696
DK,S2,2052,6.3669,pathway,0.101463696
DK,S2,2053,5.7209,pathway,0.101463696
DK,S2,2054,5.1404,pathway,0.101463696
DK,S2,2055,4.6188,pathway,0.101463696
DK,S2,2056,4.1502,pathway,0.101463696
DK,S2,2057,3.7291,pathway,0.101463696
DK,S2,2058,3.3507,pathway,0.101463696
DK,S2,2059,3.0108,pathway,0.101463696
DK,S2,2060,2.7053,pathway,0.101463696
DK,S2,2061,2.4308,pathway,0.101463696
DK,S2,2062,2.1841,pathway,0.101463696
DK,S2,2063,1.9625,pathway,0.101463696
DK,S2,2064,1.7634,pathway,0.101463696
DK,S2,2065,1.5845,pathway,0.101463696
DK,S2,2066,1.4237,pathway,0.101463696
DK,S2,2067,1.2793,pathway,0.101463696
DK,S2,2068,1.1495,pathway,0.101463696
DK,S2,2069,1.0328,pathway,0.101463696
DK,S2,2070,0.928,pathway,0.101463696
DK,S2,2071,0.8339,pathway,0.101463696
DK,S2,2072,0.7493,pathway,0.101463696
DK,S2,2073,0.6732,pathway,0.101463696
DK,S2,2074,0.6049,pathway,0.101463696
DK,S2,2075,0.5436,pathway,0.101463696
DK,S2,2076,0.4884,pathway,0.101463696
DK,S2,2077,0.4389,pathway,0.101463696
DK,S2,2078,0.3943,pathway,0.101463696
DK,S2,2079,0.3543,pathway,0.101463696
DK,S2,2080,0.3184,pathway,0.101463696
DK,S2,2081,0.2861,pathway,0.101463696
DK,S2,2082,0.257,pathway,0.101463696
DK,S2,2083,0.231,pathway,0.101463696
DK,S2,2084,0.2075,pathway,0.101463696
DK,S2,2085,0.1865,pathway,0.101463696
DK,S2,2086,0.1675,pathway,0.101463696
DK,S2,2087,0.1505,pathway,0.101463696
DK,S2,2088,0.1353,pathway,0.101463696
DK,S2,2089,0.1215,pathway,0.101463696
DK,S2,2090,0.1092,pathway,0.101463696
DK,S2,2091,0.0981,pathway,0.101463696
DK,S2,2092,0.0882,pathway,0.101463696
DK,S2,2093,0.0792,pathway,0.101463696
DK,S2,2094,0.0712,pathway,0.101463696
DK,S2,2095,0.064,pathway,0.101463696
DK,S2,2096,0.0575,pathway,0.101463696
DK,S2,2097,0.0516,pathway,0.101463696
DK,S2,2098,0.0464,pathway,0.101463696
DK,S2,2099,0.0417,pathway,0.101463696
DK,S2,2100,0.0375,pathway,0.101463696
DZ,S1,2000,638.58,observed,0.000558325
DZ,S1,2001,638.24,observed,0.000558325
DZ,S1,2002,637.98,observed,0.000558325
DZ,S1,2003,634.09,observed,0.000558325
DZ,S1,2004,634.56,observed,0.000558325
DZ,S1,2005,629.31,observed,0.000558325
DZ,S1,2006,635.82,observed,0.000558325
DZ,S1,2007,635.92,observed,0.000558325
DZ,S1,2008,635.35,observed,0.000558325
DZ,S1,2009,634.55,observed,0.000558325
DZ,S1,2010,637.0,observed,0.000558325
DZ,S1,2011,633.35,observed,0.000558325
DZ,S1,2012,632.75,observed,0.000558325
DZ,S1,2013,636.0,observed,0.000558325
DZ,S1,2014,637.0,observed,0.000558325
DZ,S1,2015,637.42,observed,0.000558325
DZ,S1,2016,636.4,observed,0.000558325
DZ,S1,2017,634.15,observed,0.000558325
DZ,S1,2018,632.7,observed,0.000558325
DZ,S1,2019,632.77,observed,0.000558325
DZ,S1,2020,632.61,observed,0.000558325
DZ,S1,2021,633.53,observed,0.000558325
DZ,S1,2022,633.65,observed,0.000558325
DZ,S1,2023,633.61,observed,0.000558325
DZ,S1,2024,632.94,observed,0.000558325
DZ,S1,2025,632.5866,pathway,0.000558325
DZ,S1,2026,632.2334,pathway,0.000558325
DZ,S1,2027,631.8804,pathway,0.000558325
DZ,S1,2028,631.5276,pathway,0.000558325
DZ,S1,2029,631.175,pathway,0.000558325
DZ,S1,2030,630.8226,pathway,0.000558325
DZ,S1,2031,630.4704,pathway,0.000558325
DZ,S1,2032,630.1184,pathway,0.000558325
DZ,S1,2033,629.7666,pathway,0.000558325
DZ,S1,2034,629.415,pathway,0.000558325
DZ,S1,2035,629.0636,pathway,0.000558325
DZ,S1,2036,628.7124,pathway,0.000558325
DZ,S1,2037,628.3613,pathway,0.000558325
DZ,S1,2038,628.0105,pathway,0.000558325
DZ,S1,2039,627.6599,pathway,0.000558325
DZ,S1,2040,627.3094,pathway,0.000558325
DZ,S1,2041,626.9592,pathway,0.000558325
DZ,S1,2042,626.6091,pathway,0.000558325
DZ,S1,2043,626.2593,pathway,0.000558325
DZ,S1,2044,625.9096,pathway,0.000558325
DZ,S1,2045,625.5602,pathway,0.000558325
DZ,S1,2046,625.2109,pathway,0.000558325
DZ,S1,2047,624.8618,pathway,0.000558325
DZ,S1,2048,624.513,pathway,0.000558325
DZ,S1,2049,624.1643,pathway,0.000558325
DZ,S1,2050,623.8158,pathway,0.000558325
DZ,S1,2051,623.4675,pathway,0.000558325
DZ,S1,2052,623.1194,pathway,0.000558325
DZ,S1,2053,622.7715,pathway,0.000558325
DZ,S1,2054,622.4238,pathway,0.000558325
DZ,S1,2055,622.0763,pathway,0.000558325
DZ,S1,2056,621.729,pathway,0.000558325
DZ,S1,2057,621.3818,pathway,0.000558325
DZ,S1,2058,621.0349,pathway,0.000558325
DZ,S1,2059,620.6882,pathway,0.000558325
DZ,S1,2060,620.3416,pathway,0.000558325
DZ,S1,2061,619.9953,pathway,0.000558325
DZ,S1,2062,619.6491,pathway,0.000558325
DZ,S1,2063,619.3031,pathway,0.000558325
DZ,S1,2064,618.9574,pathway,0.000558325
DZ,S1,2065,618.6118,pathway,0.000558325
DZ,S1,2066,618.2664,pathway,0.000558325
DZ,S1,2067,617.9212,pathway,0.000558325
DZ,S1,2068,617.5762,pathway,0.000558325
DZ,S1,2069,617.2314,pathway,0.000558325
DZ,S1,2070,616.8868,pathway,0.000558325
DZ,S1,2071,616.5424,pathway,0.000558325
DZ,S1,2072,616.1981,pathway,0.000558325
DZ,S1,2073,615.8541,pathway,0.000558325
DZ,S1,2074,615.5102,pathway,0.000558325
DZ,S1,2075,615.1666,pathway,0.000558325
DZ,S1,2076,614.8231,pathway,0.000558325
DZ,S1,2077,614.4799,pathway,0.000558325
DZ,S1,2078,614.1368,pathway,0.000558325
DZ,S1,2079,613.7939,pathway,0.000558325
DZ,S1,2080,613.4512,pathway,0.000558325
DZ,S1,2081,613.1087,pathway,0.000558325
DZ,S1,2082,612.7664,pathway,0.000558325
DZ,S1,2083,612.4242,pathway,0.000558325
DZ,S1,2084,612.0823,pathway,0.000558325
DZ,S1,2085,611.7406,pathway,0.000558325
DZ,S1,2086,611.399,pathway,0.000558325
DZ,S1,2087,611.0577,pathway,0.000558325
DZ,S1,2088,610.7165,pathway,0.000558325
DZ,S1,2089,610.3755,pathway,0.000558325
DZ,S1,2090,610.0347,pathway,0.000558325
DZ,S1,2091,609.6941,pathway,0.000558325
DZ,S1,2092,609.3537,pathway,0.000558325
DZ,S1,2093,609.0135,pathway,0.000558325
DZ,S1,2094,608.6735,pathway,0.000558325
DZ,S1,2095,608.3336,pathway,0.000558325
DZ,S1,2096,607.994,pathway,0.000558325
DZ,S1,2097,607.6545,pathway,0.000558325
DZ,S1,2098,607.3153,pathway,0.000558325
DZ,S1,2099,606.9762,pathway,0.000558325
DZ,S1,2100,606.6373,pathway,0.000558325
EG,S1,2000,525.64,observed,0.005285855
EG,S1,2001,533.76,observed,0.005285855
EG,S1,2002,542.97,observed,0.005285855
EG,S1,2003,556.03,observed,0.005285855
EG,S1,2004,559.9,observed,0.005285855
EG,S1,2005,566.99,observed,0.005285855
EG,S1,2006,570.21,observed,0.005285855
EG,S1,2007,567.58,observed,0.005285855
EG,S1,2008,567.39,observed,0.005285855
EG,S1,2009,576.45,observed,0.005285855
EG,S1,2010,582.7,observed,0.005285855
EG,S1,2011,583.18,observed,0.005285855
EG,S1,2012,587.88,observed,0.005285855
EG,S1,2013,589.17,observed,0.005285855
EG,S1,2014,591.86,observed,0.005285855
EG,S1,2015,592.26,observed,0.005285855
EG,S1,2016,592.97,observed,0.005285855
EG,S1,2017,594.69,observed,0.005285855
EG,S1,2018,592.41,observed,0.005285855
EG,S1,2019,582.49,observed,0.005285855
EG,S1,2020,569.08,observed,0.005285855
EG,S1,2021,568.06,observed,0.005285855
EG,S1,2022,570.04,observed,0.005285855
EG,S1,2023,571.29,observed,0.005285855
EG,S1,2024,574.5,observed,0.005285855
EG,S1,2025,563.23,observed,0.005285855
EG,S1,2026,560.2528,pathway,0.005285855
EG,S1,2027,557.2914,pathway,0.005285855
EG,S1,2028,554.3457,pathway,0.005285855
EG,S1,2029,551.4155,pathway,0.005285855
EG,S1,2030,548.5008,pathway,0.005285855
EG,S1,2031,545.6015,pathway,0.005285855
EG,S1,2032,542.7175,pathway,0.005285855
EG,S1,2033,539.8488,pathway,0.005285855
EG,S1,2034,536.9952,pathway,0.005285855
EG,S1,2035,534.1567,pathway,0.005285855
EG,S1,2036,531.3333,pathway,0.005285855
EG,S1,2037,528.5247,pathway,0.005285855
EG,S1,2038,525.731,pathway,0.005285855
EG,S1,2039,522.9521,pathway,0.005285855
EG,S1,2040,520.1878,pathway,0.005285855
EG,S1,2041,517.4382,pathway,0.005285855
EG,S1,2042,514.7031,pathway,0.005285855
EG,S1,2043,511.9824,pathway,0.005285855
EG,S1,2044,509.2762,pathway,0.005285855
EG,S1,2045,506.5842,pathway,0.005285855
EG,S1,2046,503.9065,pathway,0.005285855
EG,S1,2047,501.2429,pathway,0.005285855
EG,S1,2048,498.5934,pathway,0.005285855
EG,S1,2049,495.9579,pathway,0.005285855
EG,S1,2050,493.3364,pathway,0.005285855
EG,S1,2051,490.7287,pathway,0.005285855
EG,S1,2052,488.1347,pathway,0.005285855
EG,S1,2053,485.5545,pathway,0.005285855
EG,S1,2054,482.988,pathway,0.005285855
EG,S1,2055,480.4349,pathway,0.005285855
EG,S1,2056,477.8954,pathway,0.005285855
EG,S1,2057,475.3694,pathway,0.005285855
EG,S1,2058,472.8566,pathway,0.005285855
EG,S1,2059,470.3572,pathway,0.005285855
EG,S1,2060,467.8709,pathway,0.005285855
EG,S1,2061,465.3978,pathway,0.005285855
EG,S1,2062,462.9378,pathway,0.005285855
EG,S1,2063,460.4908,pathway,0.005285855
EG,S1,2064,458.0567,pathway,0.005285855
EG,S1,2065,455.6355,pathway,0.005285855
EG,S1,2066,453.227,pathway,0.005285855
EG,S1,2067,450.8314,pathway,0.005285855
EG,S1,2068,448.4483,pathway,0.005285855
EG,S1,2069,446.0779,pathway,0.005285855
EG,S1,2070,443.72,pathway,0.005285855
EG,S1,2071,441.3746,pathway,0.005285855
EG,S1,2072,439.0415,pathway,0.005285855
EG,S1,2073,436.7208,pathway,0.005285855
EG,S1,2074,434.4124,pathway,0.005285855
EG,S1,2075,432.1161,pathway,0.005285855
EG,S1,2076,429.832,pathway,0.005285855
EG,S1,2077,427.56,pathway,0.005285855
EG,S1,2078,425.3,pathway,0.005285855
EG,S1,2079,423.0519,pathway,0.005285855
EG,S1,2080,420.8157,pathway,0.005285855
EG,S1,2081,418.5913,pathway,0.005285855
EG,S1,2082,416.3787,pathway,0.005285855
EG,S1,2083,414.1778,pathway,0.005285855
EG,S1,2084,411.9885,pathway,0.005285855
EG,S1,2085,409.8108,pathway,0.005285855
EG,S1,2086,407.6446,pathway,0.005285855
EG,S1,2087,405.4899,pathway,0.005285855
EG,S1,2088,403.3465,pathway,0.005285855
EG,S1,2089,401.2145,pathway,0.005285855
EG,S1,2090,399.0937,pathway,0.005285855
EG,S1,2091,396.9841,pathway,0.005285855
EG,S1,2092,394.8857,pathway,0.005285855
EG,S1,2093,392.7984,pathway,0.005285855
EG,S1,2094,390.7222,pathway,0.005285855
EG,S1,2095,388.6569,pathway,0.005285855
EG,S1,2096,386.6025,pathway,0.005285855
EG,S1,2097,384.559,pathway,0.005285855
EG,S1,2098,382.5262,pathway,0.005285855
EG,S1,2099,380.5043,pathway,0.005285855
EG,S1,2100,378.493,pathway,0.005285855
ES,S1,1990,437.22,observed,0.080030901
ES,S1,1991,427.38,observed,0.080030901
ES,S1,1992,472.58,observed,0.080030901
ES,S1,1993,443.91,observed,0.080030901
ES,S1,1994,433.92,observed,0.080030901
ES,S1,1995,465.68,observed,0.080030901
ES,S1,1996,385.66,observed,0.080030901
ES,S1,1997,430.76,observed,0.080030901
ES,S1,1998,423.65,observed,0.080030901
ES,S1,1999,483.3,observed,0.080030901
ES,S1,2000,470.89,observed,0.080030901
ES,S1,2001,422.49,observed,0.080030901
ES,S1,2002,481.89,observed,0.080030901
ES,S1,2003,429.23,observed,0.080030901
ES,S1,2004,449.12,observed,0.080030901
ES,S1,2005,475.06,observed,0.080030901
ES,S1,2006,432.76,observed,0.080030901
ES,S1,2007,438.85,observed,0.080030901
ES,S1,2008,390.23,observed,0.080030901
ES,S1,2009,355.02,observed,0.080030901
ES,S1,2010,288.25,observed,0.080030901
ES,S1,2011,337.28,observed,0.080030901
ES,S1,2012,351.11,observed,0.080030901
ES,S1,2013,286.86,observed,0.080030901
ES,S1,2014,288.99,observed,0.080030901
ES,S1,2015,328.5,observed,0.080030901
ES,S1,2016,282.93,observed,0.080030901
ES,S1,2017,329.17,observed,0.080030901
ES,S1,2018,290.86,observed,0.080030901
ES,S1,2019,246.67,observed,0.080030901
ES,S1,2020,199.1,observed,0.080030901
ES,S1,2021,193.54,observed,0.080030901
ES,S1,2022,217.13,observed,0.080030901
ES,S1,2023,169.68,observed,0.080030901
ES,S1,2024,146.22,observed,0.080030901
ES,S1,2025,153.6,observed,0.080030901
ES,S1,2026,141.3073,pathway,0.080030901
ES,S1,2027,129.9983,pathway,0.080030901
ES,S1,2028,119.5944,pathway,0.080030901
ES,S1,2029,110.0232,pathway,0.080030901
ES,S1,2030,101.2179,pathway,0.080030901
ES,S1,2031,93.1174,pathway,0.080030901
ES,S1,2032,85.6651,pathway,0.080030901
ES,S1,2033,78.8092,pathway,0.080030901
ES,S1,2034,72.5021,pathway,0.080030901
ES,S1,2035,66.6997,pathway,0.080030901
ES,S1,2036,61.3616,pathway,0.080030901
ES,S1,2037,56.4508,pathway,0.080030901
ES,S1,2038,51.933,pathway,0.080030901
ES,S1,2039,47.7767,pathway,0.080030901
ES,S1,2040,43.9531,pathway,0.080030901
ES,S1,2041,40.4355,pathway,0.080030901
ES,S1,2042,37.1994,pathway,0.080030901
ES,S1,2043,34.2223,pathway,0.080030901
ES,S1,2044,31.4835,pathway,0.080030901
ES,S1,2045,28.9638,pathway,0.080030901
ES,S1,2046,26.6458,pathway,0.080030901
ES,S1,2047,24.5133,pathway,0.080030901
ES,S1,2048,22.5515,pathway,0.080030901
ES,S1,2049,20.7467,pathway,0.080030901
ES,S1,2050,19.0863,pathway,0.080030901
ES,S1,2051,17.5588,pathway,0.080030901
ES,S1,2052,16.1536,pathway,0.080030901
ES,S1,2053,14.8608,pathway,0.080030901
ES,S1,2054,13.6715,pathway,0.080030901
ES,S1,2055,12.5773,pathway,0.080030901
ES,S1,2056,11.5708,pathway,0.080030901
ES,S1,2057,10.6447,pathway,0.080030901
ES,S1,2058,9.7928,pathway,0.080030901
ES,S1,2059,9.0091,pathway,0.080030901
ES,S1,2060,8.2881,pathway,0.080030901
ES,S1,2061,7.6248,pathway,0.080030901
ES,S1,2062,7.0146,pathway,0.080030901
ES,S1,2063,6.4532,pathway,0.080030901
ES,S1,2064,5.9367,pathway,0.080030901
ES,S1,2065,5.4616,pathway,0.080030901
ES,S1,2066,5.0245,pathway,0.080030901
ES,S1,2067,4.6224,pathway,0.080030901
ES,S1,2068,4.2525,pathway,0.080030901
ES,S1,2069,3.9121,pathway,0.080030901
ES,S1,2070,3.599,pathway,0.080030901
ES,S1,2071,3.311,pathway,0.080030901
ES,S1,2072,3.046,pathway,0.080030901
ES,S1,2073,2.8022,pathway,0.080030901
ES,S1,2074,2.578,pathway,0.080030901
ES,S1,2075,2.3717,pathway,0.080030901
ES,S1,2076,2.1819,pathway,0.080030901
ES,S1,2077,2.0072,pathway,0.080030901
ES,S1,2078,1.8466,pathway,0.080030901
ES,S1,2079,1.6988,pathway,0.080030901
ES,S1,2080,1.5629,pathway,0.080030901
ES,S1,2081,1.4378,pathway,0.080030901
ES,S1,2082,1.3227,pathway,0.080030901
ES,S1,2083,1.2169,pathway,0.080030901
ES,S1,2084,1.1195,pathway,0.080030901
ES,S1,2085,1.0299,pathway,0.080030901
ES,S1,2086,0.9475,pathway,0.080030901
ES,S1,2087,0.8716,pathway,0.080030901
ES,S1,2088,0.8019,pathway,0.080030901
ES,S1,2089,0.7377,pathway,0.080030901
ES,S1,2090,0.6787,pathway,0.080030901
ES,S1,2091,0.6243,pathway,0.080030901
ES,S1,2092,0.5744,pathway,0.080030901
ES,S1,2093,0.5284,pathway,0.080030901
ES,S1,2094,0.4861,pathway,0.080030901
ES,S1,2095,0.4472,pathway,0.080030901
ES,S1,2096,0.4114,pathway,0.080030901
ES,S1,2097,0.3785,pathway,0.080030901
ES,S1,2098,0.3482,pathway,0.080030901
ES,S1,2099,0.3203,pathway,0.080030901
ES,S1,2100,0.2947,pathway,0.080030901
ES,S2,1990,437.22,observed,0.08035421
ES,S2,1991,427.38,observed,0.08035421
ES,S2,1992,472.58,observed,0.08035421
ES,S2,1993,443.91,observed,0.08035421
ES,S2,1994,433.92,observed,0.08035421
ES,S2,1995,465.68,observed,0.08035421
ES,S2,1996,385.66,observed,0.08035421
ES,S2,1997,430.76,observed,0.08035421
ES,S2,1998,423.65,observed,0.08035421
ES,S2,1999,483.3,observed,0.08035421
ES,S2,2000,470.89,observed,0.08035421
ES,S2,2001,422.49,observed,0.08035421
ES,S2,2002,481.89,observed,0.08035421
ES,S2,2003,429.23,observed,0.08035421
ES,S2,2004,449.12,observed,0.08035421
ES,S2,2005,475.06,observed,0.08035421
ES,S2,2006,432.76,observed,0.08035421
ES,S2,2007,438.85,observed,0.08035421
ES,S2,2008,390.23,observed,0.08035421
ES,S2,2009,355.02,observed,0.08035421
ES,S2,2010,288.25,observed,0.08035421
ES,S2,2011,337.28,observed,0.08035421
ES,S2,2012,351.11,observed,0.08035421
ES,S2,2013,286.86,observed,0.08035421
ES,S2,2014,288.99,observed,0.08035421
ES,S2,2015,328.5,observed,0.08035421
ES,S2,2016,282.93,observed,0.08035421
ES,S2,2017,329.17,observed,0.08035421
ES,S2,2018,290.86,observed,0.08035421
ES,S2,2019,246.67,observed,0.08035421
ES,S2,2020,199.1,observed,0.08035421
ES,S2,2021,193.54,observed,0.08035421
ES,S2,2022,217.13,observed,0.08035421
ES,S2,2023,169.68,observed,0.08035421
ES,S2,2024,146.22,observed,0.08035421
ES,S2,2025,153.6,observed,0.08035421
ES,S2,2026,141.2576,pathway,0.08035421
ES,S2,2027,129.907,pathway,0.08035421
ES,S2,2028,119.4684,pathway,0.08035421
ES,S2,2029,109.8686,pathway,0.08035421
ES,S2,2030,101.0402,pathway,0.08035421
ES,S2,2031,92.9212,pathway,0.08035421
ES,S2,2032,85.4546,pathway,0.08035421
ES,S2,2033,78.5879,pathway,0.08035421
ES,S2,2034,72.2731,pathway,0.08035421
ES,S2,2035,66.4656,pathway,0.08035421
ES,S2,2036,61.1248,pathway,0.08035421
ES,S2,2037,56.2132,pathway,0.08035421
ES,S2,2038,51.6962,pathway,0.08035421
ES,S2,2039,47.5422,pathway,0.08035421
ES,S2,2040,43.722,pathway,0.08035421
ES,S2,2041,40.2088,pathway,0.08035421
ES,S2,2042,36.9778,pathway,0.08035421
ES,S2,2043,34.0065,pathway,0.08035421
ES,S2,2044,31.2739,pathway,0.08035421
ES,S2,2045,28.7609,pathway,0.08035421
ES,S2,2046,26.4499,pathway,0.08035421
ES,S2,2047,24.3245,pathway,0.08035421
ES,S2,2048,22.3699,pathway,0.08035421
ES,S2,2049,20.5724,pathway,0.08035421
ES,S2,2050,18.9193,pathway,0.08035421
ES,S2,2051,17.3991,pathway,0.08035421
ES,S2,2052,16.001,pathway,0.08035421
ES,S2,2053,14.7153,pathway,0.08035421
ES,S2,2054,13.5328,pathway,0.08035421
ES,S2,2055,12.4454,pathway,0.08035421
ES,S2,2056,11.4454,pathway,0.08035421
ES,S2,2057,10.5257,pathway,0.08035421
ES,S2,2058,9.6799,pathway,0.08035421
ES,S2,2059,8.9021,pathway,0.08035421
ES,S2,2060,8.1868,pathway,0.08035421
ES,S2,2061,7.5289,pathway,0.08035421
ES,S2,2062,6.9239,pathway,0.08035421
ES,S2,2063,6.3676,pathway,0.08035421
ES,S2,2064,5.8559,pathway,0.08035421
ES,S2,2065,5.3854,pathway,0.08035421
ES,S2,2066,4.9526,pathway,0.08035421
ES,S2,2067,4.5547,pathway,0.08035421
ES,S2,2068,4.1887,pathway,0.08035421
ES,S2,2069,3.8521,pathway,0.08035421
ES,S2,2070,3.5426,pathway,0.08035421
ES,S2,2071,3.2579,pathway,0.08035421
ES,S2,2072,2.9961,pathway,0.08035421
ES,S2,2073,2.7554,pathway,0.08035421
ES,S2,2074,2.534,pathway,0.08035421
ES,S2,2075,2.3303,pathway,0.08035421
ES,S2,2076,2.1431,pathway,0.08035421
ES,S2,2077,1.9709,pathway,0.08035421
ES,S2,2078,1.8125,pathway,0.08035421
ES,S2,2079,1.6669,pathway,0.08035421
ES,S2,2080,1.5329,pathway,0.08035421
ES,S2,2081,1.4098,pathway,0.08035421
ES,S2,2082,1.2965,pathway,0.08035421
ES,S2,2083,1.1923,pathway,0.08035421
ES,S2,2084,1.0965,pathway,0.08035421
ES,S2,2085,1.0084,pathway,0.08035421
ES,S2,2086,0.9274,pathway,0.08035421
ES,S2,2087,0.8528,pathway,0.08035421
ES,S2,2088,0.7843,pathway,0.08035421
ES,S2,2089,0.7213,pathway,0.08035421
ES,S2,2090,0.6633,pathway,0.08035421
ES,S2,2091,0.61,pathway,0.08035421
ES,S2,2092,0.561,pathway,0.08035421
ES,S2,2093,0.5159,pathway,0.08035421
ES,S2,2094,0.4745,pathway,0.08035421
ES,S2,2095,0.4363,pathway,0.08035421
ES,S2,2096,0.4013,pathway,0.08035421
ES,S2,2097,0.369,pathway,0.08035421
ES,S2,2098,0.3394,pathway,0.08035421
ES,S2,2099,0.3121,pathway,0.08035421
ES,S2,2100,0.287,pathway,0.08035421
FI,S1,1990,281.83,observed,0.118473099
FI,S1,1991,276.23,observed,0.118473099
FI,S1,1992,244.71,observed,0.118473099
FI,S1,1993,278.42,observed,0.118473099
FI,S1,1994,336.33,observed,0.118473099
FI,S1,1995,303.75,observed,0.118473099
FI,S1,1996,350.74,observed,0.118473099
FI,S1,1997,318.62,observed,0.118473099
FI,S1,1998,250.18,observed,0.118473099
FI,S1,1999,262.75,observed,0.118473099
FI,S1,2000,246.82,observed,0.118473099
FI,S1,2001,284.89,observed,0.118473099
FI,S1,2002,316.2,observed,0.118473099
FI,S1,2003,371.38,observed,0.118473099
FI,S1,2004,325.37,observed,0.118473099
FI,S1,2005,230.87,observed,0.118473099
FI,S1,2006,335.76,observed,0.118473099
FI,S1,2007,309.1,observed,0.118473099
FI,S1,2008,246.15,observed,0.118473099
FI,S1,2009,276.16,observed,0.118473099
FI,S1,2010,314.86,observed,0.118473099
FI,S1,2011,268.16,observed,0.118473099
FI,S1,2012,215.17,observed,0.118473099
FI,S1,2013,257.65,observed,0.118473099
FI,S1,2014,226.43,observed,0.118473099
FI,S1,2015,182.04,observed,0.118473099
FI,S1,2016,199.56,observed,0.118473099
FI,S1,2017,186.17,observed,0.118473099
FI,S1,2018,193.37,observed,0.118473099
FI,S1,2019,171.55,observed,0.118473099
FI,S1,2020,130.27,observed,0.118473099
FI,S1,2021,135.63,observed,0.118473099
FI,S1,2022,129.97,observed,0.118473099
FI,S1,2023,81.21,observed,0.118473099
FI,S1,2024,66.63,observed,0.118473099
FI,S1,2025,57.47,observed,0.118473099
FI,S1,2026,50.6614,pathway,0.118473099
FI,S1,2027,44.6593,pathway,0.118473099
FI,S1,2028,39.3684,pathway,0.118473099
FI,S1,2029,34.7043,pathway,0.118473099
FI,S1,2030,30.5928,pathway,0.118473099
FI,S1,2031,26.9684,pathway,0.118473099
FI,S1,2032,23.7733,pathway,0.118473099
FI,S1,2033,20.9568,pathway,0.118473099
FI,S1,2034,18.474,pathway,0.118473099
FI,S1,2035,16.2853,pathway,0.118473099
FI,S1,2036,14.356,pathway,0.118473099
FI,S1,2037,12.6552,pathway,0.118473099
FI,S1,2038,11.1559,pathway,0.118473099
FI,S1,2039,9.8342,pathway,0.118473099
FI,S1,2040,8.6691,pathway,0.118473099
FI,S1,2041,7.6421,pathway,0.118473099
FI,S1,2042,6.7367,pathway,0.118473099
FI,S1,2043,5.9386,pathway,0.118473099
FI,S1,2044,5.235,pathway,0.118473099
FI,S1,2045,4.6148,pathway,0.118473099
FI,S1,2046,4.0681,pathway,0.118473099
FI,S1,2047,3.5861,pathway,0.118473099
FI,S1,2048,3.1613,pathway,0.118473099
FI,S1,2049,2.7867,pathway,0.118473099
FI,S1,2050,2.4566,pathway,0.118473099
FI,S1,2051,2.1655,pathway,0.118473099
FI,S1,2052,1.909,pathway,0.118473099
FI,S1,2053,1.6828,pathway,0.118473099
FI,S1,2054,1.4834,pathway,0.118473099
FI,S1,2055,1.3077,pathway,0.118473099
FI,S1,2056,1.1528,pathway,0.118473099
FI,S1,2057,1.0162,pathway,0.118473099
FI,S1,2058,0.8958,pathway,0.118473099
FI,S1,2059,0.7897,pathway,0.118473099
FI,S1,2060,0.6961,pathway,0.118473099
FI,S1,2061,0.6137,pathway,0.118473099
FI,S1,2062,0.541,pathway,0.118473099
FI,S1,2063,0.4769,pathway,0.118473099
FI,S1,2064,0.4204,pathway,0.118473099
FI,S1,2065,0.3706,pathway,0.118473099
FI,S1,2066,0.3267,pathway,0.118473099
FI,S1,2067,0.288,pathway,0.118473099
FI,S1,2068,0.2538,pathway,0.118473099
FI,S1,2069,0.2238,pathway,0.118473099
FI,S1,2070,0.1973,pathway,0.118473099
FI,S1,2071,0.1739,pathway,0.118473099
FI,S1,2072,0.1533,pathway,0.118473099
FI,S1,2073,0.1351,pathway,0.118473099
FI,S1,2074,0.1191,pathway,0.118473099
FI,S1,2075,0.105,pathway,0.118473099
FI,S1,2076,0.0926,pathway,0.118473099
FI,S1,2077,0.0816,pathway,0.118473099
FI,S1,2078,0.0719,pathway,0.118473099
FI,S1,2079,0.0634,pathway,0.118473099
FI,S1,2080,0.0559,pathway,0.118473099
FI,S1,2081,0.0493,pathway,0.118473099
FI,S1,2082,0.0434,pathway,0.118473099
FI,S1,2083,0.0383,pathway,0.118473099
FI,S1,2084,0.0338,pathway,0.118473099
FI,S1,2085,0.0298,pathway,0.118473099
FI,S1,2086,0.0262,pathway,0.118473099
FI,S1,2087,0.0231,pathway,0.118473099
FI,S1,2088,0.0204,pathway,0.118473099
FI,S1,2089,0.018,pathway,0.118473099
FI,S1,2090,0.0158,pathway,0.118473099
FI,S1,2091,0.014,pathway,0.118473099
FI,S1,2092,0.0123,pathway,0.118473099
FI,S1,2093,0.0109,pathway,0.118473099
FI,S1,2094,0.0096,pathway,0.118473099
FI,S1,2095,0.0084,pathway,0.118473099
FI,S1,2096,0.0074,pathway,0.118473099
FI,S1,2097,0.0066,pathway,0.118473099
FI,S1,2098,0.0058,pathway,0.118473099
FI,S1,2099,0.0051,pathway,0.118473099
FI,S1,2100,0.0045,pathway,0.118473099
FI,S2,1990,281.83,observed,0.118473099
FI,S2,1991,276.23,observed,0.118473099
FI,S2,1992,244.71,observed,0.118473099
FI,S2,1993,278.42,observed,0.118473099
FI,S2,1994,336.33,observed,0.118473099
FI,S2,1995,303.75,observed,0.118473099
FI,S2,1996,350.74,observed,0.118473099
FI,S2,1997,318.62,observed,0.118473099
FI,S2,1998,250.18,observed,0.118473099
FI,S2,1999,262.75,observed,0.118473099
FI,S2,2000,246.82,observed,0.118473099
FI,S2,2001,284.89,observed,0.118473099
FI,S2,2002,316.2,observed,0.118473099
FI,S2,2003,371.38,observed,0.118473099
FI,S2,2004,325.37,observed,0.118473099
FI,S2,2005,230.87,observed,0.118473099
FI,S2,2006,335.76,observed,0.118473099
FI,S2,2007,309.1,observed,0.118473099
FI,S2,2008,246.15,observed,0.118473099
FI,S2,2009,276.16,observed,0.118473099
FI,S2,2010,314.86,observed,0.118473099
FI,S2,2011,268.16,observed,0.118473099
FI,S2,2012,215.17,observed,0.118473099
FI,S2,2013,257.65,observed,0.118473099
FI,S2,2014,226.43,observed,0.118473099
FI,S2,2015,182.04,observed,0.118473099
FI,S2,2016,199.56,observed,0.118473099
FI,S2,2017,186.17,observed,0.118473099
FI,S2,2018,193.37,observed,0.118473099
FI,S2,2019,171.55,observed,0.118473099
FI,S2,2020,130.27,observed,0.118473099
FI,S2,2021,135.63,observed,0.118473099
FI,S2,2022,129.97,observed,0.118473099
FI,S2,2023,81.21,observed,0.118473099
FI,S2,2024,66.63,observed,0.118473099
FI,S2,2025,57.47,observed,0.118473099
FI,S2,2026,50.6614,pathway,0.118473099
FI,S2,2027,44.6593,pathway,0.118473099
FI,S2,2028,39.3684,pathway,0.118473099
FI,S2,2029,34.7043,pathway,0.118473099
FI,S2,2030,30.5928,pathway,0.118473099
FI,S2,2031,26.9684,pathway,0.118473099
FI,S2,2032,23.7733,pathway,0.118473099
FI,S2,2033,20.9568,pathway,0.118473099
FI,S2,2034,18.474,pathway,0.118473099
FI,S2,2035,16.2853,pathway,0.118473099
FI,S2,2036,14.356,pathway,0.118473099
FI,S2,2037,12.6552,pathway,0.118473099
FI,S2,2038,11.1559,pathway,0.118473099
FI,S2,2039,9.8342,pathway,0.118473099
FI,S2,2040,8.6691,pathway,0.118473099
FI,S2,2041,7.6421,pathway,0.118473099
FI,S2,2042,6.7367,pathway,0.118473099
FI,S2,2043,5.9386,pathway,0.118473099
FI,S2,2044,5.235,pathway,0.118473099
FI,S2,2045,4.6148,pathway,0.118473099
FI,S2,2046,4.0681,pathway,0.118473099
FI,S2,2047,3.5861,pathway,0.118473099
FI,S2,2048,3.1613,pathway,0.118473099
FI,S2,2049,2.7867,pathway,0.118473099
FI,S2,2050,2.4566,pathway,0.118473099
FI,S2,2051,2.1655,pathway,0.118473099
FI,S2,2052,1.909,pathway,0.118473099
FI,S2,2053,1.6828,pathway,0.118473099
FI,S2,2054,1.4834,pathway,0.118473099
FI,S2,2055,1.3077,pathway,0.118473099
FI,S2,2056,1.1528,pathway,0.118473099
FI,S2,2057,1.0162,pathway,0.118473099
FI,S2,2058,0.8958,pathway,0.118473099
FI,S2,2059,0.7897,pathway,0.118473099
FI,S2,2060,0.6961,pathway,0.118473099
FI,S2,2061,0.6137,pathway,0.118473099
FI,S2,2062,0.541,pathway,0.118473099
FI,S2,2063,0.4769,pathway,0.118473099
FI,S2,2064,0.4204,pathway,0.118473099
FI,S2,2065,0.3706,pathway,0.118473099
FI,S2,2066,0.3267,pathway,0.118473099
FI,S2,2067,0.288,pathway,0.118473099
FI,S2,2068,0.2538,pathway,0.118473099
FI,S2,2069,0.2238,pathway,0.118473099
FI,S2,2070,0.1973,pathway,0.118473099
FI,S2,2071,0.1739,pathway,0.118473099
FI,S2,2072,0.1533,pathway,0.118473099
FI,S2,2073,0.1351,pathway,0.118473099
FI,S2,2074,0.1191,pathway,0.118473099
FI,S2,2075,0.105,pathway,0.118473099
FI,S2,2076,0.0926,pathway,0.118473099
FI,S2,2077,0.0816,pathway,0.118473099
FI,S2,2078,0.0719,pathway,0.118473099
FI,S2,2079,0.0634,pathway,0.118473099
FI,S2,2080,0.0559,pathway,0.118473099
FI,S2,2081,0.0493,pathway,0.118473099
FI,S2,2082,0.0434,pathway,0.118473099
FI,S2,2083,0.0383,pathway,0.118473099
FI,S2,2084,0.0338,pathway,0.118473099
FI,S2,2085,0.0298,pathway,0.118473099
FI,S2,2086,0.0262,pathway,0.118473099
FI,S2,2087,0.0231,pathway,0.118473099
FI,S2,2088,0.0204,pathway,0.118473099
FI,S2,2089,0.018,pathway,0.118473099
FI,S2,2090,0.0158,pathway,0.118473099
FI,S2,2091,0.014,pathway,0.118473099
FI,S2,2092,0.0123,pathway,0.118473099
FI,S2,2093,0.0109,pathway,0.118473099
FI,S2,2094,0.0096,pathway,0.118473099
FI,S2,2095,0.0084,pathway,0.118473099
FI,S2,2096,0.0074,pathway,0.118473099
FI,S2,2097,0.0066,pathway,0.118473099
FI,S2,2098,0.0058,pathway,0.118473099
FI,S2,2099,0.0051,pathway,0.118473099
FI,S2,2100,0.0045,pathway,0.118473099
FR,S1,1990,104.25,observed,0.040743793
FR,S1,1991,121.69,observed,0.040743793
FR,S1,1992,101.89,observed,0.040743793
FR,S1,1993,68.75,observed,0.040743793
FR,S1,1994,67.27,observed,0.040743793
FR,S1,1995,73.46,observed,0.040743793
FR,S1,1996,79.23,observed,0.040743793
FR,S1,1997,70.86,observed,0.040743793
FR,S1,1998,96.75,observed,0.040743793
FR,S1,1999,87.37,observed,0.040743793
FR,S1,2000,79.77,observed,0.040743793
FR,S1,2001,68.63,observed,0.040743793
FR,S1,2002,75.21,observed,0.040743793
FR,S1,2003,80.86,observed,0.040743793
FR,S1,2004,77.19,observed,0.040743793
FR,S1,2005,85.53,observed,0.040743793
FR,S1,2006,76.57,observed,0.040743793
FR,S1,2007,80.11,observed,0.040743793
FR,S1,2008,76.03,observed,0.040743793
FR,S1,2009,75.6,observed,0.040743793
FR,S1,2010,78.56,observed,0.040743793
FR,S1,2011,74.62,observed,0.040743793
FR,S1,2012,77.59,observed,0.040743793
FR,S1,2013,76.29,observed,0.040743793
FR,S1,2014,52.22,observed,0.040743793
FR,S1,2015,59.17,observed,0.040743793
FR,S1,2016,68.62,observed,0.040743793
FR,S1,2017,78.31,observed,0.040743793
FR,S1,2018,59.92,observed,0.040743793
FR,S1,2019,59.79,observed,0.040743793
FR,S1,2020,59.08,observed,0.040743793
FR,S1,2021,59.8,observed,0.040743793
FR,S1,2022,78.54,observed,0.040743793
FR,S1,2023,53.26,observed,0.040743793
FR,S1,2024,40.48,observed,0.040743793
FR,S1,2025,41.44,observed,0.040743793
FR,S1,2026,39.7516,pathway,0.040743793
FR,S1,2027,38.1319,pathway,0.040743793
FR,S1,2028,36.5783,pathway,0.040743793
FR,S1,2029,35.088,pathway,0.040743793
FR,S1,2030,33.6584,pathway,0.040743793
FR,S1,2031,32.287,pathway,0.040743793
FR,S1,2032,30.9715,pathway,0.040743793
FR,S1,2033,29.7096,pathway,0.040743793
FR,S1,2034,28.4991,pathway,0.040743793
FR,S1,2035,27.3379,pathway,0.040743793
FR,S1,2036,26.2241,pathway,0.040743793
FR,S1,2037,25.1556,pathway,0.040743793
FR,S1,2038,24.1307,pathway,0.040743793
FR,S1,2039,23.1475,pathway,0.040743793
FR,S1,2040,22.2044,pathway,0.040743793
FR,S1,2041,21.2997,pathway,0.040743793
FR,S1,2042,20.4319,pathway,0.040743793
FR,S1,2043,19.5994,pathway,0.040743793
FR,S1,2044,18.8009,pathway,0.040743793
FR,S1,2045,18.0348,pathway,0.040743793
FR,S1,2046,17.3,pathway,0.040743793
FR,S1,2047,16.5952,pathway,0.040743793
FR,S1,2048,15.919,pathway,0.040743793
FR,S1,2049,15.2704,pathway,0.040743793
FR,S1,2050,14.6482,pathway,0.040743793
FR,S1,2051,14.0514,pathway,0.040743793
FR,S1,2052,13.4789,pathway,0.040743793
FR,S1,2053,12.9297,pathway,0.040743793
FR,S1,2054,12.4029,pathway,0.040743793
FR,S1,2055,11.8976,pathway,0.040743793
FR,S1,2056,11.4128,pathway,0.040743793
FR,S1,2057,10.9478,pathway,0.040743793
FR,S1,2058,10.5018,pathway,0.040743793
FR,S1,2059,10.0739,pathway,0.040743793
FR,S1,2060,9.6634,pathway,0.040743793
FR,S1,2061,9.2697,pathway,0.040743793
FR,S1,2062,8.892,pathway,0.040743793
FR,S1,2063,8.5297,pathway,0.040743793
FR,S1,2064,8.1822,pathway,0.040743793
FR,S1,2065,7.8488,pathway,0.040743793
FR,S1,2066,7.529,pathway,0.040743793
FR,S1,2067,7.2223,pathway,0.040743793
FR,S1,2068,6.928,pathway,0.040743793
FR,S1,2069,6.6457,pathway,0.040743793
FR,S1,2070,6.375,pathway,0.040743793
FR,S1,2071,6.1152,pathway,0.040743793
FR,S1,2072,5.8661,pathway,0.040743793
FR,S1,2073,5.6271,pathway,0.040743793
FR,S1,2074,5.3978,pathway,0.040743793
FR,S1,2075,5.1779,pathway,0.040743793
FR,S1,2076,4.9669,pathway,0.040743793
FR,S1,2077,4.7645,pathway,0.040743793
FR,S1,2078,4.5704,pathway,0.040743793
FR,S1,2079,4.3842,pathway,0.040743793
FR,S1,2080,4.2056,pathway,0.040743793
FR,S1,2081,4.0342,pathway,0.040743793
FR,S1,2082,3.8698,pathway,0.040743793
FR,S1,2083,3.7122,pathway,0.040743793
FR,S1,2084,3.5609,pathway,0.040743793
FR,S1,2085,3.4158,pathway,0.040743793
FR,S1,2086,3.2767,pathway,0.040743793
FR,S1,2087,3.1432,pathway,0.040743793
FR,S1,2088,3.0151,pathway,0.040743793
FR,S1,2089,2.8922,pathway,0.040743793
FR,S1,2090,2.7744,pathway,0.040743793
FR,S1,2091,2.6614,pathway,0.040743793
FR,S1,2092,2.5529,pathway,0.040743793
FR,S1,2093,2.4489,pathway,0.040743793
FR,S1,2094,2.3491,pathway,0.040743793
FR,S1,2095,2.2534,pathway,0.040743793
FR,S1,2096,2.1616,pathway,0.040743793
FR,S1,2097,2.0735,pathway,0.040743793
FR,S1,2098,1.9891,pathway,0.040743793
FR,S1,2099,1.908,pathway,0.040743793
FR,S1,2100,1.8303,pathway,0.040743793
FR,S2,1990,104.25,observed,0.087897272
FR,S2,1991,121.69,observed,0.087897272
FR,S2,1992,101.89,observed,0.087897272
FR,S2,1993,68.75,observed,0.087897272
FR,S2,1994,67.27,observed,0.087897272
FR,S2,1995,73.46,observed,0.087897272
FR,S2,1996,79.23,observed,0.087897272
FR,S2,1997,70.86,observed,0.087897272
FR,S2,1998,96.75,observed,0.087897272
FR,S2,1999,87.37,observed,0.087897272
FR,S2,2000,79.77,observed,0.087897272
FR,S2,2001,68.63,observed,0.087897272
FR,S2,2002,75.21,observed,0.087897272
FR,S2,2003,80.86,observed,0.087897272
FR,S2,2004,77.19,observed,0.087897272
FR,S2,2005,85.53,observed,0.087897272
FR,S2,2006,76.57,observed,0.087897272
FR,S2,2007,80.11,observed,0.087897272
FR,S2,2008,76.03,observed,0.087897272
FR,S2,2009,75.6,observed,0.087897272
FR,S2,2010,78.56,observed,0.087897272
FR,S2,2011,74.62,observed,0.087897272
FR,S2,2012,77.59,observed,0.087897272
FR,S2,2013,76.29,observed,0.087897272
FR,S2,2014,52.22,observed,0.087897272
FR,S2,2015,59.17,observed,0.087897272
FR,S2,2016,68.62,observed,0.087897272
FR,S2,2017,78.31,observed,0.087897272
FR,S2,2018,59.92,observed,0.087897272
FR,S2,2019,59.79,observed,0.087897272
FR,S2,2020,59.08,observed,0.087897272
FR,S2,2021,59.8,observed,0.087897272
FR,S2,2022,78.54,observed,0.087897272
FR,S2,2023,53.26,observed,0.087897272
FR,S2,2024,40.48,observed,0.087897272
FR,S2,2025,41.44,observed,0.087897272
FR,S2,2026,37.7975,pathway,0.087897272
FR,S2,2027,34.4752,pathway,0.087897272
FR,S2,2028,31.445,pathway,0.087897272
FR,S2,2029,28.681,pathway,0.087897272
FR,S2,2030,26.16,pathway,0.087897272
FR,S2,2031,23.8607,pathway,0.087897272
FR,S2,2032,21.7634,pathway,0.087897272
FR,S2,2033,19.8504,pathway,0.087897272
FR,S2,2034,18.1056,pathway,0.087897272
FR,S2,2035,16.5142,pathway,0.087897272
FR,S2,2036,15.0626,pathway,0.087897272
FR,S2,2037,13.7387,pathway,0.087897272
FR,S2,2038,12.5311,pathway,0.087897272
FR,S2,2039,11.4296,pathway,0.087897272
FR,S2,2040,10.425,pathway,0.087897272
FR,S2,2041,9.5087,pathway,0.087897272
FR,S2,2042,8.6729,pathway,0.087897272
FR,S2,2043,7.9106,pathway,0.087897272
FR,S2,2044,7.2152,pathway,0.087897272
FR,S2,2045,6.581,pathway,0.087897272
FR,S2,2046,6.0026,pathway,0.087897272
FR,S2,2047,5.475,pathway,0.087897272
FR,S2,2048,4.9937,pathway,0.087897272
FR,S2,2049,4.5548,pathway,0.087897272
FR,S2,2050,4.1545,pathway,0.087897272
FR,S2,2051,3.7893,pathway,0.087897272
FR,S2,2052,3.4562,pathway,0.087897272
FR,S2,2053,3.1524,pathway,0.087897272
FR,S2,2054,2.8753,pathway,0.087897272
FR,S2,2055,2.6226,pathway,0.087897272
FR,S2,2056,2.3921,pathway,0.087897272
FR,S2,2057,2.1818,pathway,0.087897272
FR,S2,2058,1.99,pathway,0.087897272
FR,S2,2059,1.8151,pathway,0.087897272
FR,S2,2060,1.6556,pathway,0.087897272
FR,S2,2061,1.5101,pathway,0.087897272
FR,S2,2062,1.3773,pathway,0.087897272
FR,S2,2063,1.2563,pathway,0.087897272
FR,S2,2064,1.1458,pathway,0.087897272
FR,S2,2065,1.0451,pathway,0.087897272
FR,S2,2066,0.9533,pathway,0.087897272
FR,S2,2067,0.8695,pathway,0.087897272
FR,S2,2068,0.7931,pathway,0.087897272
FR,S2,2069,0.7233,pathway,0.087897272
FR,S2,2070,0.6598,pathway,0.087897272
FR,S2,2071,0.6018,pathway,0.087897272
FR,S2,2072,0.5489,pathway,0.087897272
FR,S2,2073,0.5006,pathway,0.087897272
FR,S2,2074,0.4566,pathway,0.087897272
FR,S2,2075,0.4165,pathway,0.087897272
FR,S2,2076,0.3799,pathway,0.087897272
FR,S2,2077,0.3465,pathway,0.087897272
FR,S2,2078,0.316,pathway,0.087897272
FR,S2,2079,0.2883,pathway,0.087897272
FR,S2,2080,0.2629,pathway,0.087897272
FR,S2,2081,0.2398,pathway,0.087897272
FR,S2,2082,0.2187,pathway,0.087897272
FR,S2,2083,0.1995,pathway,0.087897272
FR,S2,2084,0.182,pathway,0.087897272
FR,S2,2085,0.166,pathway,0.087897272
FR,S2,2086,0.1514,pathway,0.087897272
FR,S2,2087,0.1381,pathway,0.087897272
FR,S2,2088,0.1259,pathway,0.087897272
FR,S2,2089,0.1149,pathway,0.087897272
FR,S2,2090,0.1048,pathway,0.087897272
FR,S2,2091,0.0956,pathway,0.087897272
FR,S2,2092,0.0872,pathway,0.087897272
FR,S2,2093,0.0795,pathway,0.087897272
FR,S2,2094,0.0725,pathway,0.087897272
FR,S2,2095,0.0661,pathway,0.087897272
FR,S2,2096,0.0603,pathway,0.087897272
FR,S2,2097,0.055,pathway,0.087897272
FR,S2,2098,0.0502,pathway,0.087897272
FR,S2,2099,0.0458,pathway,0.087897272
FR,S2,2100,0.0418,pathway,0.087897272
GB,S1,1990,705.02,observed,0.051013575
GB,S1,1991,700.14,observed,0.051013575
GB,S1,1992,665.12,observed,0.051013575
GB,S1,1993,608.21,observed,0.051013575
GB,S1,1994,588.96,observed,0.051013575
GB,S1,1995,579.46,observed,0.051013575
GB,S1,1996,556.53,observed,0.051013575
GB,S1,1997,511.99,observed,0.051013575
GB,S1,1998,509.58,observed,0.051013575
GB,S1,1999,492.33,observed,0.051013575
GB,S1,2000,521.99,observed,0.051013575
GB,S1,2001,528.99,observed,0.051013575
GB,S1,2002,520.89,observed,0.051013575
GB,S1,2003,536.78,observed,0.051013575
GB,S1,2004,536.02,observed,0.051013575
GB,S1,2005,535.26,observed,0.051013575
GB,S1,2006,559.34,observed,0.051013575
GB,S1,2007,556.06,observed,0.051013575
GB,S1,2008,554.38,observed,0.051013575
GB,S1,2009,504.65,observed,0.051013575
GB,S1,2010,517.2,observed,0.051013575
GB,S1,2011,499.63,observed,0.051013575
GB,S1,2012,537.23,observed,0.051013575
GB,S1,2013,506.92,observed,0.051013575
GB,S1,2014,462.88,observed,0.051013575
GB,S1,2015,397.79,observed,0.051013575
GB,S1,2016,333.45,observed,0.051013575
GB,S1,2017,302.2,observed,0.051013575
GB,S1,2018,285.65,observed,0.051013575
GB,S1,2019,268.41,observed,0.051013575
GB,S1,2020,242.54,observed,0.051013575
GB,S1,2021,267.1,observed,0.051013575
GB,S1,2022,254.98,observed,0.051013575
GB,S1,2023,235.63,observed,0.051013575
GB,S1,2024,216.5,observed,0.051013575
GB,S1,2025,217.41,observed,0.051013575
GB,S1,2026,206.3191,pathway,0.051013575
GB,S1,2027,195.7941,pathway,0.051013575
GB,S1,2028,185.8059,pathway,0.051013575
GB,S1,2029,176.3273,pathway,0.051013575
GB,S1,2030,167.3322,pathway,0.051013575
GB,S1,2031,158.796,pathway,0.051013575
GB,S1,2032,150.6952,pathway,0.051013575
GB,S1,2033,143.0077,pathway,0.051013575
GB,S1,2034,135.7124,pathway,0.051013575
GB,S1,2035,128.7892,pathway,0.051013575
GB,S1,2036,122.2192,pathway,0.051013575
GB,S1,2037,115.9844,pathway,0.051013575
GB,S1,2038,110.0676,pathway,0.051013575
GB,S1,2039,104.4527,pathway,0.051013575
GB,S1,2040,99.1242,pathway,0.051013575
GB,S1,2041,94.0675,pathway,0.051013575
GB,S1,2042,89.2688,pathway,0.051013575
GB,S1,2043,84.7148,pathway,0.051013575
GB,S1,2044,80.3932,pathway,0.051013575
GB,S1,2045,76.2921,pathway,0.051013575
GB,S1,2046,72.4002,pathway,0.051013575
GB,S1,2047,68.7068,pathway,0.051013575
GB,S1,2048,65.2018,pathway,0.051013575
GB,S1,2049,61.8756,pathway,0.051013575
GB,S1,2050,58.7191,pathway,0.051013575
GB,S1,2051,55.7236,pathway,0.051013575
GB,S1,2052,52.881,pathway,0.051013575
GB,S1,2053,50.1833,pathway,0.051013575
GB,S1,2054,47.6233,pathway,0.051013575
GB,S1,2055,45.1939,pathway,0.051013575
GB,S1,2056,42.8884,pathway,0.051013575
GB,S1,2057,40.7005,pathway,0.051013575
GB,S1,2058,38.6242,pathway,0.051013575
GB,S1,2059,36.6538,pathway,0.051013575
GB,S1,2060,34.784,pathway,0.051013575
GB,S1,2061,33.0095,pathway,0.051013575
GB,S1,2062,31.3256,pathway,0.051013575
GB,S1,2063,29.7276,pathway,0.051013575
GB,S1,2064,28.2111,pathway,0.051013575
GB,S1,2065,26.7719,pathway,0.051013575
GB,S1,2066,25.4062,pathway,0.051013575
GB,S1,2067,24.1101,pathway,0.051013575
GB,S1,2068,22.8802,pathway,0.051013575
GB,S1,2069,21.713,pathway,0.051013575
GB,S1,2070,20.6053,pathway,0.051013575
GB,S1,2071,19.5542,pathway,0.051013575
GB,S1,2072,18.5566,pathway,0.051013575
GB,S1,2073,17.61,pathway,0.051013575
GB,S1,2074,16.7117,pathway,0.051013575
GB,S1,2075,15.8591,pathway,0.051013575
GB,S1,2076,15.0501,pathway,0.051013575
GB,S1,2077,14.2823,pathway,0.051013575
GB,S1,2078,13.5538,pathway,0.051013575
GB,S1,2079,12.8623,pathway,0.051013575
GB,S1,2080,12.2062,pathway,0.051013575
GB,S1,2081,11.5835,pathway,0.051013575
GB,S1,2082,10.9926,pathway,0.051013575
GB,S1,2083,10.4318,pathway,0.051013575
GB,S1,2084,9.8996,pathway,0.051013575
GB,S1,2085,9.3946,pathway,0.051013575
GB,S1,2086,8.9154,pathway,0.051013575
GB,S1,2087,8.4606,pathway,0.051013575
GB,S1,2088,8.029,pathway,0.051013575
GB,S1,2089,7.6194,pathway,0.051013575
GB,S1,2090,7.2307,pathway,0.051013575
GB,S1,2091,6.8618,pathway,0.051013575
GB,S1,2092,6.5118,pathway,0.051013575
GB,S1,2093,6.1796,pathway,0.051013575
GB,S1,2094,5.8643,pathway,0.051013575
GB,S1,2095,5.5652,pathway,0.051013575
GB,S1,2096,5.2813,pathway,0.051013575
GB,S1,2097,5.0119,pathway,0.051013575
GB,S1,2098,4.7562,pathway,0.051013575
GB,S1,2099,4.5136,pathway,0.051013575
GB,S1,2100,4.2833,pathway,0.051013575
GB,S2,1990,705.02,observed,0.051013575
GB,S2,1991,700.14,observed,0.051013575
GB,S2,1992,665.12,observed,0.051013575
GB,S2,1993,608.21,observed,0.051013575
GB,S2,1994,588.96,observed,0.051013575
GB,S2,1995,579.46,observed,0.051013575
GB,S2,1996,556.53,observed,0.051013575
GB,S2,1997,511.99,observed,0.051013575
GB,S2,1998,509.58,observed,0.051013575
GB,S2,1999,492.33,observed,0.051013575
GB,S2,2000,521.99,observed,0.051013575
GB,S2,2001,528.99,observed,0.051013575
GB,S2,2002,520.89,observed,0.051013575
GB,S2,2003,536.78,observed,0.051013575
GB,S2,2004,536.02,observed,0.051013575
GB,S2,2005,535.26,observed,0.051013575
GB,S2,2006,559.34,observed,0.051013575
GB,S2,2007,556.06,observed,0.051013575
GB,S2,2008,554.38,observed,0.051013575
GB,S2,2009,504.65,observed,0.051013575
GB,S2,2010,517.2,observed,0.051013575
GB,S2,2011,499.63,observed,0.051013575
GB,S2,2012,537.23,observed,0.051013575
GB,S2,2013,506.92,observed,0.051013575
GB,S2,2014,462.88,observed,0.051013575
GB,S2,2015,397.79,observed,0.051013575
GB,S2,2016,333.45,observed,0.051013575
GB,S2,2017,302.2,observed,0.051013575
GB,S2,2018,285.65,observed,0.051013575
GB,S2,2019,268.41,observed,0.051013575
GB,S2,2020,242.54,observed,0.051013575
GB,S2,2021,267.1,observed,0.051013575
GB,S2,2022,254.98,observed,0.051013575
GB,S2,2023,235.63,observed,0.051013575
GB,S2,2024,216.5,observed,0.051013575
GB,S2,2025,217.41,observed,0.051013575
GB,S2,2026,206.3191,pathway,0.051013575
GB,S2,2027,195.7941,pathway,0.051013575
GB,S2,2028,185.8059,pathway,0.051013575
GB,S2,2029,176.3273,pathway,0.051013575
GB,S2,2030,167.3322,pathway,0.051013575
GB,S2,2031,158.796,pathway,0.051013575
GB,S2,2032,150.6952,pathway,0.051013575
GB,S2,2033,143.0077,pathway,0.051013575
GB,S2,2034,135.7124,pathway,0.051013575
GB,S2,2035,128.7892,pathway,0.051013575
GB,S2,2036,122.2192,pathway,0.051013575
GB,S2,2037,115.9844,pathway,0.051013575
GB,S2,2038,110.0676,pathway,0.051013575
GB,S2,2039,104.4527,pathway,0.051013575
GB,S2,2040,99.1242,pathway,0.051013575
GB,S2,2041,94.0675,pathway,0.051013575
GB,S2,2042,89.2688,pathway,0.051013575
GB,S2,2043,84.7148,pathway,0.051013575
GB,S2,2044,80.3932,pathway,0.051013575
GB,S2,2045,76.2921,pathway,0.051013575
GB,S2,2046,72.4002,pathway,0.051013575
GB,S2,2047,68.7068,pathway,0.051013575
GB,S2,2048,65.2018,pathway,0.051013575
GB,S2,2049,61.8756,pathway,0.051013575
GB,S2,2050,58.7191,pathway,0.051013575
GB,S2,2051,55.7236,pathway,0.051013575
GB,S2,2052,52.881,pathway,0.051013575
GB,S2,2053,50.1833,pathway,0.051013575
GB,S2,2054,47.6233,pathway,0.051013575
GB,S2,2055,45.1939,pathway,0.051013575
GB,S2,2056,42.8884,pathway,0.051013575
GB,S2,2057,40.7005,pathway,0.051013575
GB,S2,2058,38.6242,pathway,0.051013575
GB,S2,2059,36.6538,pathway,0.051013575
GB,S2,2060,34.784,pathway,0.051013575
GB,S2,2061,33.0095,pathway,0.051013575
GB,S2,2062,31.3256,pathway,0.051013575
GB,S2,2063,29.7276,pathway,0.051013575
GB,S2,2064,28.2111,pathway,0.051013575
GB,S2,2065,26.7719,pathway,0.051013575
GB,S2,2066,25.4062,pathway,0.051013575
GB,S2,2067,24.1101,pathway,0.051013575
GB,S2,2068,22.8802,pathway,0.051013575
GB,S2,2069,21.713,pathway,0.051013575
GB,S2,2070,20.6053,pathway,0.051013575
GB,S2,2071,19.5542,pathway,0.051013575
GB,S2,2072,18.5566,pathway,0.051013575
GB,S2,2073,17.61,pathway,0.051013575
GB,S2,2074,16.7117,pathway,0.051013575
GB,S2,2075,15.8591,pathway,0.051013575
GB,S2,2076,15.0501,pathway,0.051013575
GB,S2,2077,14.2823,pathway,0.051013575
GB,S2,2078,13.5538,pathway,0.051013575
GB,S2,2079,12.8623,pathway,0.051013575
GB,S2,2080,12.2062,pathway,0.051013575
GB,S2,2081,11.5835,pathway,0.051013575
GB,S2,2082,10.9926,pathway,0.051013575
GB,S2,2083,10.4318,pathway,0.051013575
GB,S2,2084,9.8996,pathway,0.051013575
GB,S2,2085,9.3946,pathway,0.051013575
GB,S2,2086,8.9154,pathway,0.051013575
GB,S2,2087,8.4606,pathway,0.051013575
GB,S2,2088,8.029,pathway,0.051013575
GB,S2,2089,7.6194,pathway,0.051013575
GB,S2,2090,7.2307,pathway,0.051013575
GB,S2,2091,6.8618,pathway,0.051013575
GB,S2,2092,6.5118,pathway,0.051013575
GB,S2,2093,6.1796,pathway,0.051013575
GB,S2,2094,5.8643,pathway,0.051013575
GB,S2,2095,5.5652,pathway,0.051013575
GB,S2,2096,5.2813,pathway,0.051013575
GB,S2,2097,5.0119,pathway,0.051013575
GB,S2,2098,4.7562,pathway,0.051013575
GB,S2,2099,4.5136,pathway,0.051013575
GB,S2,2100,4.2833,pathway,0.051013575
GH,S1,2000,79.5,observed,-0.022870468
GH,S1,2001,126.76,observed,-0.022870468
GH,S1,2002,221.46,observed,-0.022870468
GH,S1,2003,241.5,observed,-0.022870468
GH,S1,2004,103.33,observed,-0.022870468
GH,S1,2005,132.05,observed,-0.022870468
GH,S1,2006,237.19,observed,-0.022870468
GH,S1,2007,321.84,observed,-0.022870468
GH,S1,2008,189.9,observed,-0.022870468
GH,S1,2009,173.38,observed,-0.022870468
GH,S1,2010,230.24,observed,-0.022870468
GH,S1,2011,253.76,observed,-0.022870468
GH,S1,2012,251.03,observed,-0.022870468
GH,S1,2013,266.36,observed,-0.022870468
GH,S1,2014,269.11,observed,-0.022870468
GH,S1,2015,369.42,observed,-0.022870468
GH,S1,2016,410.02,observed,-0.022870468
GH,S1,2017,407.52,observed,-0.022870468
GH,S1,2018,421.87,observed,-0.022870468
GH,S1,2019,416.76,observed,-0.022870468
GH,S1,2020,459.2,observed,-0.022870468
GH,S1,2021,478.26,observed,-0.022870468
GH,S1,2022,469.42,observed,-0.022870468
GH,S1,2023,452.68,observed,-0.022870468
GH,S1,2024,468.89,observed,-0.022870468
GH,S1,2025,479.6137,pathway,-0.022870468
GH,S1,2026,490.5827,pathway,-0.022870468
GH,S1,2027,501.8026,pathway,-0.022870468
GH,S1,2028,513.279,pathway,-0.022870468
GH,S1,2029,525.018,pathway,-0.022870468
GH,S1,2030,537.0254,pathway,-0.022870468
GH,S1,2031,549.3074,pathway,-0.022870468
GH,S1,2032,561.8703,pathway,-0.022870468
GH,S1,2033,574.7206,pathway,-0.022870468
GH,S1,2034,587.8647,pathway,-0.022870468
GH,S1,2035,601.3094,pathway,-0.022870468
GH,S1,2036,615.0617,pathway,-0.022870468
GH,S1,2037,629.1284,pathway,-0.022870468
GH,S1,2038,643.5169,pathway,-0.022870468
GH,S1,2039,658.2344,pathway,-0.022870468
GH,S1,2040,673.2885,pathway,-0.022870468
GH,S1,2041,688.6869,pathway,-0.022870468
GH,S1,2042,704.4375,pathway,-0.022870468
GH,S1,2043,720.5484,pathway,-0.022870468
GH,S1,2044,737.0276,pathway,-0.022870468
GH,S1,2045,753.8838,pathway,-0.022870468
GH,S1,2046,771.1255,pathway,-0.022870468
GH,S1,2047,788.7615,pathway,-0.022870468
GH,S1,2048,806.8008,pathway,-0.022870468
GH,S1,2049,825.2527,pathway,-0.022870468
GH,S1,2050,844.1266,pathway,-0.022870468
GH,S1,2051,863.4322,pathway,-0.022870468
GH,S1,2052,883.1793,pathway,-0.022870468
GH,S1,2053,903.378,pathway,-0.022870468
GH,S1,2054,924.0387,pathway,-0.022870468
GH,S1,2055,945.1719,pathway,-0.022870468
GH,S1,2056,966.7884,pathway,-0.022870468
GH,S1,2057,988.8993,pathway,-0.022870468
GH,S1,2058,1011.5159,pathway,-0.022870468
GH,S1,2059,1034.6498,pathway,-0.022870468
GH,S1,2060,1058.3127,pathway,-0.022870468
GH,S1,2061,1082.5168,pathway,-0.022870468
GH,S1,2062,1107.2745,pathway,-0.022870468
GH,S1,2063,1132.5984,pathway,-0.022870468
GH,S1,2064,1158.5014,pathway,-0.022870468
GH,S1,2065,1184.9969,pathway,-0.022870468
GH,S1,2066,1212.0983,pathway,-0.022870468
GH,S1,2067,1239.8196,pathway,-0.022870468
GH,S1,2068,1268.1748,pathway,-0.022870468
GH,S1,2069,1297.1786,pathway,-0.022870468
GH,S1,2070,1326.8457,pathway,-0.022870468
GH,S1,2071,1357.1912,pathway,-0.022870468
GH,S1,2072,1388.2308,pathway,-0.022870468
GH,S1,2073,1419.9803,pathway,-0.022870468
GH,S1,2074,1452.4559,pathway,-0.022870468
GH,S1,2075,1485.6743,pathway,-0.022870468
GH,S1,2076,1519.6524,pathway,-0.022870468
GH,S1,2077,1554.4075,pathway,-0.022870468
GH,S1,2078,1589.9575,pathway,-0.022870468
GH,S1,2079,1626.3206,pathway,-0.022870468
GH,S1,2080,1663.5153,pathway,-0.022870468
GH,S1,2081,1701.5607,pathway,-0.022870468
GH,S1,2082,1740.4762,pathway,-0.022870468
GH,S1,2083,1780.2817,pathway,-0.022870468
GH,S1,2084,1820.9976,pathway,-0.022870468
GH,S1,2085,1862.6446,pathway,-0.022870468
GH,S1,2086,1905.2442,pathway,-0.022870468
GH,S1,2087,1948.818,pathway,-0.022870468
GH,S1,2088,1993.3884,pathway,-0.022870468
GH,S1,2089,2038.9781,pathway,-0.022870468
GH,S1,2090,2085.6105,pathway,-0.022870468
GH,S1,2091,2133.3094,pathway,-0.022870468
GH,S1,2092,2182.0992,pathway,-0.022870468
GH,S1,2093,2232.0048,pathway,-0.022870468
GH,S1,2094,2283.0518,pathway,-0.022870468
GH,S1,2095,2335.2663,pathway,-0.022870468
GH,S1,2096,2388.6749,pathway,-0.022870468
GH,S1,2097,2443.305,pathway,-0.022870468
GH,S1,2098,2499.1846,pathway,-0.022870468
GH,S1,2099,2556.3421,pathway,-0.022870468
GH,S1,2100,2614.8068,pathway,-0.022870468
GR,S1,1990,884.21,observed,0.07108319
GR,S1,1991,838.59,observed,0.07108319
GR,S1,1992,870.51,observed,0.07108319
GR,S1,1993,877.02,observed,0.07108319
GR,S1,1994,875.81,observed,0.07108319
GR,S1,1995,848.8,observed,0.07108319
GR,S1,1996,835.19,observed,0.07108319
GR,S1,1997,850.5,observed,0.07108319
GR,S1,1998,850.77,observed,0.07108319
GR,S1,1999,819.8,observed,0.07108319
GR,S1,2000,822.82,observed,0.07108319
GR,S1,2001,845.64,observed,0.07108319
GR,S1,2002,827.59,observed,0.07108319
GR,S1,2003,790.33,observed,0.07108319
GR,S1,2004,786.16,observed,0.07108319
GR,S1,2005,782.56,observed,0.07108319
GR,S1,2006,743.14,observed,0.07108319
GR,S1,2007,776.92,observed,0.07108319
GR,S1,2008,758.93,observed,0.07108319
GR,S1,2009,747.1,observed,0.07108319
GR,S1,2010,707.3,observed,0.07108319
GR,S1,2011,725.06,observed,0.07108319
GR,S1,2012,704.06,observed,0.07108319
GR,S1,2013,636.69,observed,0.07108319
GR,S1,2014,667.88,observed,0.07108319
GR,S1,2015,603.53,observed,0.07108319
GR,S1,2016,571.51,observed,0.07108319
GR,S1,2017,579.75,observed,0.07108319
GR,S1,2018,545.14,observed,0.07108319
GR,S1,2019,496.98,observed,0.07108319
GR,S1,2020,423.07,observed,0.07108319
GR,S1,2021,383.11,observed,0.07108319
GR,S1,2022,376.81,observed,0.07108319
GR,S1,2023,336.4,observed,0.07108319
GR,S1,2024,321.65,observed,0.07108319
GR,S1,2025,315.09,observed,0.07108319
GR,S1,2026,292.6924,pathway,0.07108319
GR,S1,2027,271.8869,pathway,0.07108319
GR,S1,2028,252.5603,pathway,0.07108319
GR,S1,2029,234.6075,pathway,0.07108319
GR,S1,2030,217.9309,pathway,0.07108319
GR,S1,2031,202.4396,pathway,0.07108319
GR,S1,2032,188.0496,pathway,0.07108319
GR,S1,2033,174.6824,pathway,0.07108319
GR,S1,2034,162.2654,pathway,0.07108319
GR,S1,2035,150.7311,pathway,0.07108319
GR,S1,2036,140.0166,pathway,0.07108319
GR,S1,2037,130.0638,pathway,0.07108319
GR,S1,2038,120.8185,pathway,0.07108319
GR,S1,2039,112.2303,pathway,0.07108319
GR,S1,2040,104.2526,pathway,0.07108319
GR,S1,2041,96.842,pathway,0.07108319
GR,S1,2042,89.9582,pathway,0.07108319
GR,S1,2043,83.5637,pathway,0.07108319
GR,S1,2044,77.6237,pathway,0.07108319
GR,S1,2045,72.1059,pathway,0.07108319
GR,S1,2046,66.9804,pathway,0.07108319
GR,S1,2047,62.2192,pathway,0.07108319
GR,S1,2048,57.7965,pathway,0.07108319
GR,S1,2049,53.6881,pathway,0.07108319
GR,S1,2050,49.8718,pathway,0.07108319
GR,S1,2051,46.3268,pathway,0.07108319
GR,S1,2052,43.0337,pathway,0.07108319
GR,S1,2053,39.9747,pathway,0.07108319
GR,S1,2054,37.1332,pathway,0.07108319
GR,S1,2055,34.4937,pathway,0.07108319
GR,S1,2056,32.0417,pathway,0.07108319
GR,S1,2057,29.7641,pathway,0.07108319
GR,S1,2058,27.6484,pathway,0.07108319
GR,S1,2059,25.683,pathway,0.07108319
GR,S1,2060,23.8574,pathway,0.07108319
GR,S1,2061,22.1616,pathway,0.07108319
GR,S1,2062,20.5862,pathway,0.07108319
GR,S1,2063,19.1229,pathway,0.07108319
GR,S1,2064,17.7636,pathway,0.07108319
GR,S1,2065,16.5009,pathway,0.07108319
GR,S1,2066,15.328,pathway,0.07108319
GR,S1,2067,14.2384,pathway,0.07108319
GR,S1,2068,13.2263,pathway,0.07108319
GR,S1,2069,12.2861,pathway,0.07108319
GR,S1,2070,11.4128,pathway,0.07108319
GR,S1,2071,10.6015,pathway,0.07108319
GR,S1,2072,9.8479,pathway,0.07108319
GR,S1,2073,9.1479,pathway,0.07108319
GR,S1,2074,8.4977,pathway,0.07108319
GR,S1,2075,7.8936,pathway,0.07108319
GR,S1,2076,7.3325,pathway,0.07108319
GR,S1,2077,6.8113,pathway,0.07108319
GR,S1,2078,6.3271,pathway,0.07108319
GR,S1,2079,5.8774,pathway,0.07108319
GR,S1,2080,5.4596,pathway,0.07108319
GR,S1,2081,5.0715,pathway,0.07108319
GR,S1,2082,4.711,pathway,0.07108319
GR,S1,2083,4.3761,pathway,0.07108319
GR,S1,2084,4.0651,pathway,0.07108319
GR,S1,2085,3.7761,pathway,0.07108319
GR,S1,2086,3.5077,pathway,0.07108319
GR,S1,2087,3.2583,pathway,0.07108319
GR,S1,2088,3.0267,pathway,0.07108319
GR,S1,2089,2.8116,pathway,0.07108319
GR,S1,2090,2.6117,pathway,0.07108319
GR,S1,2091,2.4261,pathway,0.07108319
GR,S1,2092,2.2536,pathway,0.07108319
GR,S1,2093,2.0934,pathway,0.07108319
GR,S1,2094,1.9446,pathway,0.07108319
GR,S1,2095,1.8064,pathway,0.07108319
GR,S1,2096,1.678,pathway,0.07108319
GR,S1,2097,1.5587,pathway,0.07108319
GR,S1,2098,1.4479,pathway,0.07108319
GR,S1,2099,1.345,pathway,0.07108319
GR,S1,2100,1.2494,pathway,0.07108319
GR,S2,1990,884.21,observed,0.081227361
GR,S2,1991,838.59,observed,0.081227361
GR,S2,1992,870.51,observed,0.081227361
GR,S2,1993,877.02,observed,0.081227361
GR,S2,1994,875.81,observed,0.081227361
GR,S2,1995,848.8,observed,0.081227361
GR,S2,1996,835.19,observed,0.081227361
GR,S2,1997,850.5,observed,0.081227361
GR,S2,1998,850.77,observed,0.081227361
GR,S2,1999,819.8,observed,0.081227361
GR,S2,2000,822.82,observed,0.081227361
GR,S2,2001,845.64,observed,0.081227361
GR,S2,2002,827.59,observed,0.081227361
GR,S2,2003,790.33,observed,0.081227361
GR,S2,2004,786.16,observed,0.081227361
GR,S2,2005,782.56,observed,0.081227361
GR,S2,2006,743.14,observed,0.081227361
GR,S2,2007,776.92,observed,0.081227361
GR,S2,2008,758.93,observed,0.081227361
GR,S2,2009,747.1,observed,0.081227361
GR,S2,2010,707.3,observed,0.081227361
GR,S2,2011,725.06,observed,0.081227361
GR,S2,2012,704.06,observed,0.081227361
GR,S2,2013,636.69,observed,0.081227361
GR,S2,2014,667.88,observed,0.081227361
GR,S2,2015,603.53,observed,0.081227361
GR,S2,2016,571.51,observed,0.081227361
GR,S2,2017,579.75,observed,0.081227361
GR,S2,2018,545.14,observed,0.081227361
GR,S2,2019,496.98,observed,0.081227361
GR,S2,2020,423.07,observed,0.081227361
GR,S2,2021,383.11,observed,0.081227361
GR,S2,2022,376.81,observed,0.081227361
GR,S2,2023,336.4,observed,0.081227361
GR,S2,2024,321.65,observed,0.081227361
GR,S2,2025,315.09,observed,0.081227361
GR,S2,2026,289.4961,pathway,0.081227361
GR,S2,2027,265.9811,pathway,0.081227361
GR,S2,2028,244.3761,pathway,0.081227361
GR,S2,2029,224.5261,pathway,0.081227361
GR,S2,2030,206.2884,pathway,0.081227361
GR,S2,2031,189.5322,pathway,0.081227361
GR,S2,2032,174.137,pathway,0.081227361
GR,S2,2033,159.9923,pathway,0.081227361
GR,S2,2034,146.9965,pathway,0.081227361
GR,S2,2035,135.0564,pathway,0.081227361
GR,S2,2036,124.0861,pathway,0.081227361
GR,S2,2037,114.0069,pathway,0.081227361
GR,S2,2038,104.7465,pathway,0.081227361
GR,S2,2039,96.2382,pathway,0.081227361
GR,S2,2040,88.421,pathway,0.081227361
GR,S2,2041,81.2388,pathway,0.081227361
GR,S2,2042,74.64,pathway,0.081227361
GR,S2,2043,68.5772,pathway,0.081227361
GR,S2,2044,63.0068,pathway,0.081227361
GR,S2,2045,57.889,pathway,0.081227361
GR,S2,2046,53.1868,pathway,0.081227361
GR,S2,2047,48.8666,pathway,0.081227361
GR,S2,2048,44.8973,pathway,0.081227361
GR,S2,2049,41.2504,pathway,0.081227361
GR,S2,2050,37.8997,pathway,0.081227361
GR,S2,2051,34.8212,pathway,0.081227361
GR,S2,2052,31.9928,pathway,0.081227361
GR,S2,2053,29.3941,pathway,0.081227361
GR,S2,2054,27.0065,pathway,0.081227361
GR,S2,2055,24.8128,pathway,0.081227361
GR,S2,2056,22.7973,pathway,0.081227361
GR,S2,2057,20.9456,pathway,0.081227361
GR,S2,2058,19.2442,pathway,0.081227361
GR,S2,2059,17.6811,pathway,0.081227361
GR,S2,2060,16.2449,pathway,0.081227361
GR,S2,2061,14.9254,pathway,0.081227361
GR,S2,2062,13.713,pathway,0.081227361
GR,S2,2063,12.5991,pathway,0.081227361
GR,S2,2064,11.5757,pathway,0.081227361
GR,S2,2065,10.6355,pathway,0.081227361
GR,S2,2066,9.7716,pathway,0.081227361
GR,S2,2067,8.9779,pathway,0.081227361
GR,S2,2068,8.2486,pathway,0.081227361
GR,S2,2069,7.5786,pathway,0.081227361
GR,S2,2070,6.963,pathway,0.081227361
GR,S2,2071,6.3974,pathway,0.081227361
GR,S2,2072,5.8778,pathway,0.081227361
GR,S2,2073,5.4003,pathway,0.081227361
GR,S2,2074,4.9617,pathway,0.081227361
GR,S2,2075,4.5587,pathway,0.081227361
GR,S2,2076,4.1884,pathway,0.081227361
GR,S2,2077,3.8482,pathway,0.081227361
GR,S2,2078,3.5356,pathway,0.081227361
GR,S2,2079,3.2484,pathway,0.081227361
GR,S2,2080,2.9845,pathway,0.081227361
GR,S2,2081,2.7421,pathway,0.081227361
GR,S2,2082,2.5194,pathway,0.081227361
GR,S2,2083,2.3147,pathway,0.081227361
GR,S2,2084,2.1267,pathway,0.081227361
GR,S2,2085,1.954,pathway,0.081227361
GR,S2,2086,1.7953,pathway,0.081227361
GR,S2,2087,1.6494,pathway,0.081227361
GR,S2,2088,1.5155,pathway,0.081227361
GR,S2,2089,1.3924,pathway,0.081227361
GR,S2,2090,1.2793,pathway,0.081227361
GR,S2,2091,1.1753,pathway,0.081227361
GR,S2,2092,1.0799,pathway,0.081227361
GR,S2,2093,0.9922,pathway,0.081227361
GR,S2,2094,0.9116,pathway,0.081227361
GR,S2,2095,0.8375,pathway,0.081227361
GR,S2,2096,0.7695,pathway,0.081227361
GR,S2,2097,0.707,pathway,0.081227361
GR,S2,2098,0.6496,pathway,0.081227361
GR,S2,2099,0.5968,pathway,0.081227361
GR,S2,2100,0.5483,pathway,0.081227361
GU,S1,2000,659.79,observed,0.006745768
GU,S1,2001,656.41,observed,0.006745768
GU,S1,2002,656.98,observed,0.006745768
GU,S1,2003,657.3,observed,0.006745768
GU,S1,2004,659.57,observed,0.006745768
GU,S1,2005,657.9,observed,0.006745768
GU,S1,2006,656.09,observed,0.006745768
GU,S1,2007,659.57,observed,0.006745768
GU,S1,2008,659.57,observed,0.006745768
GU,S1,2009,657.75,observed,0.006745768
GU,S1,2010,657.75,observed,0.006745768
GU,S1,2011,657.61,observed,0.006745768
GU,S1,2012,657.3,observed,0.006745768
GU,S1,2013,655.17,observed,0.006745768
GU,S1,2014,658.82,observed,0.006745768
GU,S1,2015,649.12,observed,0.006745768
GU,S1,2016,632.18,observed,0.006745768
GU,S1,2017,638.42,observed,0.006745768
GU,S1,2018,630.06,observed,0.006745768
GU,S1,2019,628.57,observed,0.006745768
GU,S1,2020,625.73,observed,0.006745768
GU,S1,2021,626.44,observed,0.006745768
GU,S1,2022,611.11,observed,0.006745768
GU,S1,2023,611.11,observed,0.006745768
GU,S1,2024,607.53,observed,0.006745768
GU,S1,2025,603.4317,pathway,0.006745768
GU,S1,2026,599.3611,pathway,0.006745768
GU,S1,2027,595.318,pathway,0.006745768
GU,S1,2028,591.3021,pathway,0.006745768
GU,S1,2029,587.3133,pathway,0.006745768
GU,S1,2030,583.3514,pathway,0.006745768
GU,S1,2031,579.4163,pathway,0.006745768
GU,S1,2032,575.5077,pathway,0.006745768
GU,S1,2033,571.6254,pathway,0.006745768
GU,S1,2034,567.7694,pathway,0.006745768
GU,S1,2035,563.9393,pathway,0.006745768
GU,S1,2036,560.1351,pathway,0.006745768
GU,S1,2037,556.3566,pathway,0.006745768
GU,S1,2038,552.6035,pathway,0.006745768
GU,S1,2039,548.8758,pathway,0.006745768
GU,S1,2040,545.1732,pathway,0.006745768
GU,S1,2041,541.4956,pathway,0.006745768
GU,S1,2042,537.8428,pathway,0.006745768
GU,S1,2043,534.2146,pathway,0.006745768
GU,S1,2044,530.611,pathway,0.006745768
GU,S1,2045,527.0316,pathway,0.006745768
GU,S1,2046,523.4763,pathway,0.006745768
GU,S1,2047,519.9451,pathway,0.006745768
GU,S1,2048,516.4377,pathway,0.006745768
GU,S1,2049,512.9539,pathway,0.006745768
GU,S1,2050,509.4936,pathway,0.006745768
GU,S1,2051,506.0567,pathway,0.006745768
GU,S1,2052,502.643,pathway,0.006745768
GU,S1,2053,499.2522,pathway,0.006745768
GU,S1,2054,495.8844,pathway,0.006745768
GU,S1,2055,492.5393,pathway,0.006745768
GU,S1,2056,489.2167,pathway,0.006745768
GU,S1,2057,485.9166,pathway,0.006745768
GU,S1,2058,482.6387,pathway,0.006745768
GU,S1,2059,479.3829,pathway,0.006745768
GU,S1,2060,476.1491,pathway,0.006745768
GU,S1,2061,472.9371,pathway,0.006745768
GU,S1,2062,469.7468,pathway,0.006745768
GU,S1,2063,466.578,pathway,0.006745768
GU,S1,2064,463.4306,pathway,0.006745768
GU,S1,2065,460.3044,pathway,0.006745768
GU,S1,2066,457.1993,pathway,0.006745768
GU,S1,2067,454.1151,pathway,0.006745768
GU,S1,2068,451.0518,pathway,0.006745768
GU,S1,2069,448.0091,pathway,0.006745768
GU,S1,2070,444.9869,pathway,0.006745768
GU,S1,2071,441.9851,pathway,0.006745768
GU,S1,2072,439.0036,pathway,0.006745768
GU,S1,2073,436.0422,pathway,0.006745768
GU,S1,2074,433.1007,pathway,0.006745768
GU,S1,2075,430.1792,pathway,0.006745768
GU,S1,2076,427.2773,pathway,0.006745768
GU,S1,2077,424.395,pathway,0.006745768
GU,S1,2078,421.5321,pathway,0.006745768
GU,S1,2079,418.6885,pathway,0.006745768
GU,S1,2080,415.8641,pathway,0.006745768
GU,S1,2081,413.0588,pathway,0.006745768
GU,S1,2082,410.2724,pathway,0.006745768
GU,S1,2083,407.5048,pathway,0.006745768
GU,S1,2084,404.7559,pathway,0.006745768
GU,S1,2085,402.0255,pathway,0.006745768
GU,S1,2086,399.3135,pathway,0.006745768
GU,S1,2087,396.6199,pathway,0.006745768
GU,S1,2088,393.9443,pathway,0.006745768
GU,S1,2089,391.2869,pathway,0.006745768
GU,S1,2090,388.6474,pathway,0.006745768
GU,S1,2091,386.0256,pathway,0.006745768
GU,S1,2092,383.4216,pathway,0.006745768
GU,S1,2093,380.8351,pathway,0.006745768
GU,S1,2094,378.2661,pathway,0.006745768
GU,S1,2095,375.7144,pathway,0.006745768
GU,S1,2096,373.1799,pathway,0.006745768
GU,S1,2097,370.6625,pathway,0.006745768
GU,S1,2098,368.1621,pathway,0.006745768
GU,S1,2099,365.6786,pathway,0.006745768
GU,S1,2100,363.2118,pathway,0.006745768
GU,S2,2000,659.79,observed,0.075368261
GU,S2,2001,656.41,observed,0.075368261
GU,S2,2002,656.98,observed,0.075368261
GU,S2,2003,657.3,observed,0.075368261
GU,S2,2004,659.57,observed,0.075368261
GU,S2,2005,657.9,observed,0.075368261
GU,S2,2006,656.09,observed,0.075368261
GU,S2,2007,659.57,observed,0.075368261
GU,S2,2008,659.57,observed,0.075368261
GU,S2,2009,657.75,observed,0.075368261
GU,S2,2010,657.75,observed,0.075368261
GU,S2,2011,657.61,observed,0.075368261
GU,S2,2012,657.3,observed,0.075368261
GU,S2,2013,655.17,observed,0.075368261
GU,S2,2014,658.82,observed,0.075368261
GU,S2,2015,649.12,observed,0.075368261
GU,S2,2016,632.18,observed,0.075368261
GU,S2,2017,638.42,observed,0.075368261
GU,S2,2018,630.06,observed,0.075368261
GU,S2,2019,628.57,observed,0.075368261
GU,S2,2020,625.73,observed,0.075368261
GU,S2,2021,626.44,observed,0.075368261
GU,S2,2022,611.11,observed,0.075368261
GU,S2,2023,611.11,observed,0.075368261
GU,S2,2024,607.53,observed,0.075368261
GU,S2,2025,561.7415,pathway,0.075368261
GU,S2,2026,519.404,pathway,0.075368261
GU,S2,2027,480.2575,pathway,0.075368261
GU,S2,2028,444.0613,pathway,0.075368261
GU,S2,2029,410.5932,pathway,0.075368261
GU,S2,2030,379.6475,pathway,0.075368261
GU,S2,2031,351.0341,pathway,0.075368261
GU,S2,2032,324.5773,pathway,0.075368261
GU,S2,2033,300.1144,pathway,0.075368261
GU,S2,2034,277.4953,pathway,0.075368261
GU,S2,2035,256.581,pathway,0.075368261
GU,S2,2036,237.2429,pathway,0.075368261
GU,S2,2037,219.3623,pathway,0.075368261
GU,S2,2038,202.8294,pathway,0.075368261
GU,S2,2039,187.5425,pathway,0.075368261
GU,S2,2040,173.4077,pathway,0.075368261
GU,S2,2041,160.3383,pathway,0.075368261
GU,S2,2042,148.2539,pathway,0.075368261
GU,S2,2043,137.0802,pathway,0.075368261
GU,S2,2044,126.7487,pathway,0.075368261
GU,S2,2045,117.1959,pathway,0.075368261
GU,S2,2046,108.3631,pathway,0.075368261
GU,S2,2047,100.1959,pathway,0.075368261
GU,S2,2048,92.6443,pathway,0.075368261
GU,S2,2049,85.6619,pathway,0.075368261
GU,S2,2050,79.2057,pathway,0.075368261
GU,S2,2051,73.2361,pathway,0.075368261
GU,S2,2052,67.7164,pathway,0.075368261
GU,S2,2053,62.6128,pathway,0.075368261
GU,S2,2054,57.8937,pathway,0.075368261
GU,S2,2055,53.5304,pathway,0.075368261
GU,S2,2056,49.4959,pathway,0.075368261
GU,S2,2057,45.7655,pathway,0.075368261
GU,S2,2058,42.3162,pathway,0.075368261
GU,S2,2059,39.1269,pathway,0.075368261
GU,S2,2060,36.178,pathway,0.075368261
GU,S2,2061,33.4513,pathway,0.075368261
GU,S2,2062,30.9301,pathway,0.075368261
GU,S2,2063,28.599,pathway,0.075368261
GU,S2,2064,26.4435,pathway,0.075368261
GU,S2,2065,24.4505,pathway,0.075368261
GU,S2,2066,22.6077,pathway,0.075368261
GU,S2,2067,20.9038,pathway,0.075368261
GU,S2,2068,19.3284,pathway,0.075368261
GU,S2,2069,17.8716,pathway,0.075368261
GU,S2,2070,16.5247,pathway,0.075368261
GU,S2,2071,15.2792,pathway,0.075368261
GU,S2,2072,14.1277,pathway,0.075368261
GU,S2,2073,13.0629,pathway,0.075368261
GU,S2,2074,12.0783,pathway,0.075368261
GU,S2,2075,11.168,pathway,0.075368261
GU,S2,2076,10.3263,pathway,0.075368261
GU,S2,2077,9.548,pathway,0.075368261
GU,S2,2078,8.8284,pathway,0.075368261
GU,S2,2079,8.163,pathway,0.075368261
GU,S2,2080,7.5478,pathway,0.075368261
GU,S2,2081,6.9789,pathway,0.075368261
GU,S2,2082,6.4529,pathway,0.075368261
GU,S2,2083,5.9666,pathway,0.075368261
GU,S2,2084,5.5169,pathway,0.075368261
GU,S2,2085,5.1011,pathway,0.075368261
GU,S2,2086,4.7166,pathway,0.075368261
GU,S2,2087,4.3612,pathway,0.075368261
GU,S2,2088,4.0325,pathway,0.075368261
GU,S2,2089,3.7285,pathway,0.075368261
GU,S2,2090,3.4475,pathway,0.075368261
GU,S2,2091,3.1877,pathway,0.075368261
GU,S2,2092,2.9474,pathway,0.075368261
GU,S2,2093,2.7253,pathway,0.075368261
GU,S2,2094,2.5199,pathway,0.075368261
GU,S2,2095,2.33,pathway,0.075368261
GU,S2,2096,2.1544,pathway,0.075368261
GU,S2,2097,1.992,pathway,0.075368261
GU,S2,2098,1.8419,pathway,0.075368261
GU,S2,2099,1.7031,pathway,0.075368261
GU,S2,2100,1.5747,pathway,0.075368261
ID,S1,2000,630.66,observed,0.002448529
ID,S1,2001,626.04,observed,0.002448529
ID,S1,2002,643.49,observed,0.002448529
ID,S1,2003,656.53,observed,0.002448529
ID,S1,2004,653.71,observed,0.002448529
ID,S1,2005,650.54,observed,0.002448529
ID,S1,2006,668.12,observed,0.002448529
ID,S1,2007,663.14,observed,0.002448529
ID,S1,2008,652.98,observed,0.002448529
ID,S1,2009,660.65,observed,0.002448529
ID,S1,2010,636.91,observed,0.002448529
ID,S1,2011,667.24,observed,0.002448529
ID,S1,2012,687.12,observed,0.002448529
ID,S1,2013,682.17,observed,0.002448529
ID,S1,2014,691.59,observed,0.002448529
ID,S1,2015,696.32,observed,0.002448529
ID,S1,2016,689.03,observed,0.002448529
ID,S1,2017,688.49,observed,0.002448529
ID,S1,2018,684.06,observed,0.002448529
ID,S1,2019,693.81,observed,0.002448529
ID,S1,2020,685.15,observed,0.002448529
ID,S1,2021,684.41,observed,0.002448529
ID,S1,2022,675.81,observed,0.002448529
ID,S1,2023,680.8,observed,0.002448529
ID,S1,2024,680.25,observed,0.002448529
ID,S1,2025,678.5844,pathway,0.002448529
ID,S1,2026,676.9229,pathway,0.002448529
ID,S1,2027,675.2654,pathway,0.002448529
ID,S1,2028,673.612,pathway,0.002448529
ID,S1,2029,671.9626,pathway,0.002448529
ID,S1,2030,670.3173,pathway,0.002448529
ID,S1,2031,668.676,pathway,0.002448529
ID,S1,2032,667.0387,pathway,0.002448529
ID,S1,2033,665.4055,pathway,0.002448529
ID,S1,2034,663.7762,pathway,0.002448529
ID,S1,2035,662.1509,pathway,0.002448529
ID,S1,2036,660.5296,pathway,0.002448529
ID,S1,2037,658.9123,pathway,0.002448529
ID,S1,2038,657.2989,pathway,0.002448529
ID,S1,2039,655.6895,pathway,0.002448529
ID,S1,2040,654.0841,pathway,0.002448529
ID,S1,2041,652.4825,pathway,0.002448529
ID,S1,2042,650.8849,pathway,0.002448529
ID,S1,2043,649.2912,pathway,0.002448529
ID,S1,2044,647.7014,pathway,0.002448529
ID,S1,2045,646.1155,pathway,0.002448529
ID,S1,2046,644.5334,pathway,0.002448529
ID,S1,2047,642.9553,pathway,0.002448529
ID,S1,2048,641.381,pathway,0.002448529
ID,S1,2049,639.8105,pathway,0.002448529
ID,S1,2050,638.2439,pathway,0.002448529
ID,S1,2051,636.6812,pathway,0.002448529
ID,S1,2052,635.1222,pathway,0.002448529
ID,S1,2053,633.5671,pathway,0.002448529
ID,S1,2054,632.0158,pathway,0.002448529
ID,S1,2055,630.4683,pathway,0.002448529
ID,S1,2056,628.9246,pathway,0.002448529
ID,S1,2057,627.3847,pathway,0.002448529
ID,S1,2058,625.8485,pathway,0.002448529
ID,S1,2059,624.3161,pathway,0.002448529
ID,S1,2060,622.7874,pathway,0.002448529
ID,S1,2061,621.2625,pathway,0.002448529
ID,S1,2062,619.7413,pathway,0.002448529
ID,S1,2063,618.2239,pathway,0.002448529
ID,S1,2064,616.7101,pathway,0.002448529
ID,S1,2065,615.2001,pathway,0.002448529
ID,S1,2066,613.6938,pathway,0.002448529
ID,S1,2067,612.1911,pathway,0.002448529
ID,S1,2068,610.6922,pathway,0.002448529
ID,S1,2069,609.1969,pathway,0.002448529
ID,S1,2070,607.7052,pathway,0.002448529
ID,S1,2071,606.2172,pathway,0.002448529
ID,S1,2072,604.7329,pathway,0.002448529
ID,S1,2073,603.2522,pathway,0.002448529
ID,S1,2074,601.7751,pathway,0.002448529
ID,S1,2075,600.3016,pathway,0.002448529
ID,S1,2076,598.8318,pathway,0.002448529
ID,S1,2077,597.3655,pathway,0.002448529
ID,S1,2078,595.9029,pathway,0.002448529
ID,S1,2079,594.4438,pathway,0.002448529
ID,S1,2080,592.9883,pathway,0.002448529
ID,S1,2081,591.5363,pathway,0.002448529
ID,S1,2082,590.0879,pathway,0.002448529
ID,S1,2083,588.6431,pathway,0.002448529
ID,S1,2084,587.2018,pathway,0.002448529
ID,S1,2085,585.764,pathway,0.002448529
ID,S1,2086,584.3297,pathway,0.002448529
ID,S1,2087,582.899,pathway,0.002448529
ID,S1,2088,581.4717,pathway,0.002448529
ID,S1,2089,580.048,pathway,0.002448529
ID,S1,2090,578.6277,pathway,0.002448529
ID,S1,2091,577.2109,pathway,0.002448529
ID,S1,2092,575.7976,pathway,0.002448529
ID,S1,2093,574.3878,pathway,0.002448529
ID,S1,2094,572.9814,pathway,0.002448529
ID,S1,2095,571.5784,pathway,0.002448529
ID,S1,2096,570.1789,pathway,0.002448529
ID,S1,2097,568.7828,pathway,0.002448529
ID,S1,2098,567.3901,pathway,0.002448529
ID,S1,2099,566.0008,pathway,0.002448529
ID,S1,2100,564.6149,pathway,0.002448529
IN,S1,2000,740.04,observed,0.009456693
IN,S1,2001,747.39,observed,0.009456693
IN,S1,2002,755.76,observed,0.009456693
IN,S1,2003,758.01,observed,0.009456693
IN,S1,2004,723.79,observed,0.009456693
IN,S1,2005,734.03,observed,0.009456693
IN,S1,2006,723.04,observed,0.009456693
IN,S1,2007,717.87,observed,0.009456693
IN,S1,2008,733.08,observed,0.009456693
IN,S1,2009,744.55,observed,0.009456693
IN,S1,2010,739.43,observed,0.009456693
IN,S1,2011,722.11,observed,0.009456693
IN,S1,2012,742.86,observed,0.009456693
IN,S1,2013,738.99,observed,0.009456693
IN,S1,2014,743.22,observed,0.009456693
IN,S1,2015,750.63,observed,0.009456693
IN,S1,2016,751.87,observed,0.009456693
IN,S1,2017,743.09,observed,0.009456693
IN,S1,2018,737.72,observed,0.009456693
IN,S1,2019,722.66,observed,0.009456693
IN,S1,2020,709.06,observed,0.009456693
IN,S1,2021,715.34,observed,0.009456693
IN,S1,2022,705.75,observed,0.009456693
IN,S1,2023,713.36,observed,0.009456693
IN,S1,2024,705.4,observed,0.009456693
IN,S1,2025,670.13,observed,0.009456693
IN,S1,2026,663.7928,pathway,0.009456693
IN,S1,2027,657.5155,pathway,0.009456693
IN,S1,2028,651.2976,pathway,0.009456693
IN,S1,2029,645.1385,pathway,0.009456693
IN,S1,2030,639.0376,pathway,0.009456693
IN,S1,2031,632.9944,pathway,0.009456693
IN,S1,2032,627.0084,pathway,0.009456693
IN,S1,2033,621.0789,pathway,0.009456693
IN,S1,2034,615.2056,pathway,0.009456693
IN,S1,2035,609.3878,pathway,0.009456693
IN,S1,2036,603.625,pathway,0.009456693
IN,S1,2037,597.9167,pathway,0.009456693
IN,S1,2038,592.2624,pathway,0.009456693
IN,S1,2039,586.6615,pathway,0.009456693
IN,S1,2040,581.1137,pathway,0.009456693
IN,S1,2041,575.6182,pathway,0.009456693
IN,S1,2042,570.1748,pathway,0.009456693
IN,S1,2043,564.7828,pathway,0.009456693
IN,S1,2044,559.4418,pathway,0.009456693
IN,S1,2045,554.1514,pathway,0.009456693
IN,S1,2046,548.9109,pathway,0.009456693
IN,S1,2047,543.7201,pathway,0.009456693
IN,S1,2048,538.5783,pathway,0.009456693
IN,S1,2049,533.4851,pathway,0.009456693
IN,S1,2050,528.4401,pathway,0.009456693
IN,S1,2051,523.4428,pathway,0.009456693
IN,S1,2052,518.4928,pathway,0.009456693
IN,S1,2053,513.5895,pathway,0.009456693
IN,S1,2054,508.7327,pathway,0.009456693
IN,S1,2055,503.9217,pathway,0.009456693
IN,S1,2056,499.1563,pathway,0.009456693
IN,S1,2057,494.4359,pathway,0.009456693
IN,S1,2058,489.7602,pathway,0.009456693
IN,S1,2059,485.1287,pathway,0.009456693
IN,S1,2060,480.541,pathway,0.009456693
IN,S1,2061,475.9967,pathway,0.009456693
IN,S1,2062,471.4953,pathway,0.009456693
IN,S1,2063,467.0365,pathway,0.009456693
IN,S1,2064,462.6199,pathway,0.009456693
IN,S1,2065,458.245,pathway,0.009456693
IN,S1,2066,453.9116,pathway,0.009456693
IN,S1,2067,449.6191,pathway,0.009456693
IN,S1,2068,445.3671,pathway,0.009456693
IN,S1,2069,441.1554,pathway,0.009456693
IN,S1,2070,436.9836,pathway,0.009456693
IN,S1,2071,432.8512,pathway,0.009456693
IN,S1,2072,428.7578,pathway,0.009456693
IN,S1,2073,424.7032,pathway,0.009456693
IN,S1,2074,420.6869,pathway,0.009456693
IN,S1,2075,416.7086,pathway,0.009456693
IN,S1,2076,412.7679,pathway,0.009456693
IN,S1,2077,408.8645,pathway,0.009456693
IN,S1,2078,404.998,pathway,0.009456693
IN,S1,2079,401.168,pathway,0.009456693
IN,S1,2080,397.3743,pathway,0.009456693
IN,S1,2081,393.6165,pathway,0.009456693
IN,S1,2082,389.8942,pathway,0.009456693
IN,S1,2083,386.207,pathway,0.009456693
IN,S1,2084,382.5548,pathway,0.009456693
IN,S1,2085,378.9371,pathway,0.009456693
IN,S1,2086,375.3536,pathway,0.009456693
IN,S1,2087,371.804,pathway,0.009456693
IN,S1,2088,368.288,pathway,0.009456693
IN,S1,2089,364.8052,pathway,0.009456693
IN,S1,2090,361.3553,pathway,0.009456693
IN,S1,2091,357.9381,pathway,0.009456693
IN,S1,2092,354.5532,pathway,0.009456693
IN,S1,2093,351.2003,pathway,0.009456693
IN,S1,2094,347.8791,pathway,0.009456693
IN,S1,2095,344.5893,pathway,0.009456693
IN,S1,2096,341.3306,pathway,0.009456693
IN,S1,2097,338.1028,pathway,0.009456693
IN,S1,2098,334.9054,pathway,0.009456693
IN,S1,2099,331.7384,pathway,0.009456693
IN,S1,2100,328.6012,pathway,0.009456693
IT,S1,1990,564.25,observed,0.031772918
IT,S1,1991,533.76,observed,0.031772918
IT,S1,1992,527.21,observed,0.031772918
IT,S1,1993,517.57,observed,0.031772918
IT,S1,1994,517.81,observed,0.031772918
IT,S1,1995,541.64,observed,0.031772918
IT,S1,1996,525.38,observed,0.031772918
IT,S1,1997,519.84,observed,0.031772918
IT,S1,1998,519.75,observed,0.031772918
IT,S1,1999,500.87,observed,0.031772918
IT,S1,2000,501.67,observed,0.031772918
IT,S1,2001,498.68,observed,0.031772918
IT,S1,2002,523.08,observed,0.031772918
IT,S1,2003,523.25,observed,0.031772918
IT,S1,2004,510.98,observed,0.031772918
IT,S1,2005,510.17,observed,0.031772918
IT,S1,2006,506.76,observed,0.031772918
IT,S1,2007,504.75,observed,0.031772918
IT,S1,2008,485.51,observed,0.031772918
IT,S1,2009,458.58,observed,0.031772918
IT,S1,2010,446.45,observed,0.031772918
IT,S1,2011,445.59,observed,0.031772918
IT,S1,2012,438.17,observed,0.031772918
IT,S1,2013,398.96,observed,0.031772918
IT,S1,2014,379.31,observed,0.031772918
IT,S1,2015,398.68,observed,0.031772918
IT,S1,2016,389.58,observed,0.031772918
IT,S1,2017,392.82,observed,0.031772918
IT,S1,2018,366.88,observed,0.031772918
IT,S1,2019,351.32,observed,0.031772918
IT,S1,2020,334.2,observed,0.031772918
IT,S1,2021,339.1,observed,0.031772918
IT,S1,2022,377.84,observed,0.031772918
IT,S1,2023,323.23,observed,0.031772918
IT,S1,2024,281.4,observed,0.031772918
IT,S1,2025,284.78,observed,0.031772918
IT,S1,2026,275.7317,pathway,0.031772918
IT,S1,2027,266.9709,pathway,0.031772918
IT,S1,2028,258.4885,pathway,0.031772918
IT,S1,2029,250.2755,pathway,0.031772918
IT,S1,2030,242.3235,pathway,0.031772918
IT,S1,2031,234.6242,pathway,0.031772918
IT,S1,2032,227.1695,pathway,0.031772918
IT,S1,2033,219.9517,pathway,0.031772918
IT,S1,2034,212.9632,pathway,0.031772918
IT,S1,2035,206.1967,pathway,0.031772918
IT,S1,2036,199.6452,pathway,0.031772918
IT,S1,2037,193.3019,pathway,0.031772918
IT,S1,2038,187.1602,pathway,0.031772918
IT,S1,2039,181.2135,pathway,0.031772918
IT,S1,2040,175.4559,pathway,0.031772918
IT,S1,2041,169.8811,pathway,0.031772918
IT,S1,2042,164.4835,pathway,0.031772918
IT,S1,2043,159.2574,pathway,0.031772918
IT,S1,2044,154.1973,pathway,0.031772918
IT,S1,2045,149.298,pathway,0.031772918
IT,S1,2046,144.5544,pathway,0.031772918
IT,S1,2047,139.9615,pathway,0.031772918
IT,S1,2048,135.5145,pathway,0.031772918
IT,S1,2049,131.2088,pathway,0.031772918
IT,S1,2050,127.0399,pathway,0.031772918
IT,S1,2051,123.0035,pathway,0.031772918
IT,S1,2052,119.0953,pathway,0.031772918
IT,S1,2053,115.3113,pathway,0.031772918
IT,S1,2054,111.6475,pathway,0.031772918
IT,S1,2055,108.1001,pathway,0.031772918
IT,S1,2056,104.6655,pathway,0.031772918
IT,S1,2057,101.34,pathway,0.031772918
IT,S1,2058,98.1201,pathway,0.031772918
IT,S1,2059,95.0025,pathway,0.031772918
IT,S1,2060,91.984,pathway,0.031772918
IT,S1,2061,89.0614,pathway,0.031772918
IT,S1,2062,86.2317,pathway,0.031772918
IT,S1,2063,83.4918,pathway,0.031772918
IT,S1,2064,80.8391,pathway,0.031772918
IT,S1,2065,78.2706,pathway,0.031772918
IT,S1,2066,75.7837,pathway,0.031772918
IT,S1,2067,73.3758,pathway,0.031772918
IT,S1,2068,71.0445,pathway,0.031772918
IT,S1,2069,68.7872,pathway,0.031772918
IT,S1,2070,66.6016,pathway,0.031772918
IT,S1,2071,64.4855,pathway,0.031772918
IT,S1,2072,62.4366,pathway,0.031772918
IT,S1,2073,60.4528,pathway,0.031772918
IT,S1,2074,58.532,pathway,0.031772918
IT,S1,2075,56.6723,pathway,0.031772918
IT,S1,2076,54.8716,pathway,0.031772918
IT,S1,2077,53.1282,pathway,0.031772918
IT,S1,2078,51.4402,pathway,0.031772918
IT,S1,2079,49.8058,pathway,0.031772918
IT,S1,2080,48.2233,pathway,0.031772918
IT,S1,2081,46.6911,pathway,0.031772918
IT,S1,2082,45.2076,pathway,0.031772918
IT,S1,2083,43.7712,pathway,0.031772918
IT,S1,2084,42.3805,pathway,0.031772918
IT,S1,2085,41.0339,pathway,0.031772918
IT,S1,2086,39.7302,pathway,0.031772918
IT,S1,2087,38.4678,pathway,0.031772918
IT,S1,2088,37.2456,pathway,0.031772918
IT,S1,2089,36.0622,pathway,0.031772918
IT,S1,2090,34.9164,pathway,0.031772918
IT,S1,2091,33.807,pathway,0.031772918
IT,S1,2092,32.7328,pathway,0.031772918
IT,S1,2093,31.6928,pathway,0.031772918
IT,S1,2094,30.6858,pathway,0.031772918
IT,S1,2095,29.7109,pathway,0.031772918
IT,S1,2096,28.7669,pathway,0.031772918
IT,S1,2097,27.8529,pathway,0.031772918
IT,S1,2098,26.9679,pathway,0.031772918
IT,S1,2099,26.111,pathway,0.031772918
IT,S1,2100,25.2814,pathway,0.031772918
IT,S2,1990,564.25,observed,0.102300868
IT,S2,1991,533.76,observed,0.102300868
IT,S2,1992,527.21,observed,0.102300868
IT,S2,1993,517.57,observed,0.102300868
IT,S2,1994,517.81,observed,0.102300868
IT,S2,1995,541.64,observed,0.102300868
IT,S2,1996,525.38,observed,0.102300868
IT,S2,1997,519.84,observed,0.102300868
IT,S2,1998,519.75,observed,0.102300868
IT,S2,1999,500.87,observed,0.102300868
IT,S2,2000,501.67,observed,0.102300868
IT,S2,2001,498.68,observed,0.102300868
IT,S2,2002,523.08,observed,0.102300868
IT,S2,2003,523.25,observed,0.102300868
IT,S2,2004,510.98,observed,0.102300868
IT,S2,2005,510.17,observed,0.102300868
IT,S2,2006,506.76,observed,0.102300868
IT,S2,2007,504.75,observed,0.102300868
IT,S2,2008,485.51,observed,0.102300868
IT,S2,2009,458.58,observed,0.102300868
IT,S2,2010,446.45,observed,0.102300868
IT,S2,2011,445.59,observed,0.102300868
IT,S2,2012,438.17,observed,0.102300868
IT,S2,2013,398.96,observed,0.102300868
IT,S2,2014,379.31,observed,0.102300868
IT,S2,2015,398.68,observed,0.102300868
IT,S2,2016,389.58,observed,0.102300868
IT,S2,2017,392.82,observed,0.102300868
IT,S2,2018,366.88,observed,0.102300868
IT,S2,2019,351.32,observed,0.102300868
IT,S2,2020,334.2,observed,0.102300868
IT,S2,2021,339.1,observed,0.102300868
IT,S2,2022,377.84,observed,0.102300868
IT,S2,2023,323.23,observed,0.102300868
IT,S2,2024,281.4,observed,0.102300868
IT,S2,2025,284.78,observed,0.102300868
IT,S2,2026,255.6468,pathway,0.102300868
IT,S2,2027,229.4939,pathway,0.102300868
IT,S2,2028,206.0165,pathway,0.102300868
IT,S2,2029,184.9408,pathway,0.102300868
IT,S2,2030,166.0212,pathway,0.102300868
IT,S2,2031,149.0371,pathway,0.102300868
IT,S2,2032,133.7905,pathway,0.102300868
IT,S2,2033,120.1036,pathway,0.102300868
IT,S2,2034,107.8169,pathway,0.102300868
IT,S2,2035,96.7871,pathway,0.102300868
IT,S2,2036,86.8857,pathway,0.102300868
IT,S2,2037,77.9972,pathway,0.102300868
IT,S2,2038,70.018,pathway,0.102300868
IT,S2,2039,62.8551,pathway,0.102300868
IT,S2,2040,56.425,pathway,0.102300868
IT,S2,2041,50.6527,pathway,0.102300868
IT,S2,2042,45.4709,pathway,0.102300868
IT,S2,2043,40.8192,pathway,0.102300868
IT,S2,2044,36.6433,pathway,0.102300868
IT,S2,2045,32.8947,pathway,0.102300868
IT,S2,2046,29.5295,pathway,0.102300868
IT,S2,2047,26.5086,pathway,0.102300868
IT,S2,2048,23.7968,pathway,0.102300868
IT,S2,2049,21.3623,pathway,0.102300868
IT,S2,2050,19.177,pathway,0.102300868
IT,S2,2051,17.2151,pathway,0.102300868
IT,S2,2052,15.454,pathway,0.102300868
IT,S2,2053,13.8731,pathway,0.102300868
IT,S2,2054,12.4538,pathway,0.102300868
IT,S2,2055,11.1798,pathway,0.102300868
IT,S2,2056,10.0361,pathway,0.102300868
IT,S2,2057,9.0094,pathway,0.102300868
IT,S2,2058,8.0877,pathway,0.102300868
IT,S2,2059,7.2603,pathway,0.102300868
IT,S2,2060,6.5176,pathway,0.102300868
IT,S2,2061,5.8508,pathway,0.102300868
IT,S2,2062,5.2523,pathway,0.102300868
IT,S2,2063,4.715,pathway,0.102300868
IT,S2,2064,4.2326,pathway,0.102300868
IT,S2,2065,3.7996,pathway,0.102300868
IT,S2,2066,3.4109,pathway,0.102300868
IT,S2,2067,3.062,pathway,0.102300868
IT,S2,2068,2.7487,pathway,0.102300868
IT,S2,2069,2.4675,pathway,0.102300868
IT,S2,2070,2.2151,pathway,0.102300868
IT,S2,2071,1.9885,pathway,0.102300868
IT,S2,2072,1.7851,pathway,0.102300868
IT,S2,2073,1.6025,pathway,0.102300868
IT,S2,2074,1.4385,pathway,0.102300868
IT,S2,2075,1.2914,pathway,0.102300868
IT,S2,2076,1.1593,pathway,0.102300868
IT,S2,2077,1.0407,pathway,0.102300868
IT,S2,2078,0.9342,pathway,0.102300868
IT,S2,2079,0.8386,pathway,0.102300868
IT,S2,2080,0.7528,pathway,0.102300868
IT,S2,2081,0.6758,pathway,0.102300868
IT,S2,2082,0.6067,pathway,0.102300868
IT,S2,2083,0.5446,pathway,0.102300868
IT,S2,2084,0.4889,pathway,0.102300868
IT,S2,2085,0.4389,pathway,0.102300868
IT,S2,2086,0.394,pathway,0.102300868
IT,S2,2087,0.3537,pathway,0.102300868
IT,S2,2088,0.3175,pathway,0.102300868
IT,S2,2089,0.285,pathway,0.102300868
IT,S2,2090,0.2559,pathway,0.102300868
IT,S2,2091,0.2297,pathway,0.102300868
IT,S2,2092,0.2062,pathway,0.102300868
IT,S2,2093,0.1851,pathway,0.102300868
IT,S2,2094,0.1662,pathway,0.102300868
IT,S2,2095,0.1492,pathway,0.102300868
IT,S2,2096,0.1339,pathway,0.102300868
IT,S2,2097,0.1202,pathway,0.102300868
IT,S2,2098,0.1079,pathway,0.102300868
IT,S2,2099,0.0969,pathway,0.102300868
IT,S2,2100,0.087,pathway,0.102300868
JM,S1,2000,633.68,observed,0.005973192
JM,S1,2001,642.12,observed,0.005973192
JM,S1,2002,645.12,observed,0.005973192
JM,S1,2003,643.45,observed,0.005973192
JM,S1,2004,640.0,observed,0.005973192
JM,S1,2005,637.22,observed,0.005973192
JM,S1,2006,636.0,observed,0.005973192
JM,S1,2007,628.71,observed,0.005973192
JM,S1,2008,619.39,observed,0.005973192
JM,S1,2009,615.91,observed,0.005973192
JM,S1,2010,615.74,observed,0.005973192
JM,S1,2011,607.8,observed,0.005973192
JM,S1,2012,600.93,observed,0.005973192
JM,S1,2013,603.73,observed,0.005973192
JM,S1,2014,600.94,observed,0.005973192
JM,S1,2015,600.47,observed,0.005973192
JM,S1,2016,587.97,observed,0.005973192
JM,S1,2017,579.91,observed,0.005973192
JM,S1,2018,558.08,observed,0.005973192
JM,S1,2019,571.12,observed,0.005973192
JM,S1,2020,553.74,observed,0.005973192
JM,S1,2021,556.32,observed,0.005973192
JM,S1,2022,561.25,observed,0.005973192
JM,S1,2023,563.94,observed,0.005973192
JM,S1,2024,563.01,observed,0.005973192
JM,S1,2025,559.647,pathway,0.005973192
JM,S1,2026,556.3042,pathway,0.005973192
JM,S1,2027,552.9812,pathway,0.005973192
JM,S1,2028,549.6782,pathway,0.005973192
JM,S1,2029,546.3948,pathway,0.005973192
JM,S1,2030,543.1311,pathway,0.005973192
JM,S1,2031,539.8869,pathway,0.005973192
JM,S1,2032,536.6621,pathway,0.005973192
JM,S1,2033,533.4565,pathway,0.005973192
JM,S1,2034,530.27,pathway,0.005973192
JM,S1,2035,527.1026,pathway,0.005973192
JM,S1,2036,523.9541,pathway,0.005973192
JM,S1,2037,520.8245,pathway,0.005973192
JM,S1,2038,517.7135,pathway,0.005973192
JM,S1,2039,514.6211,pathway,0.005973192
JM,S1,2040,511.5471,pathway,0.005973192
JM,S1,2041,508.4916,pathway,0.005973192
JM,S1,2042,505.4543,pathway,0.005973192
JM,S1,2043,502.4351,pathway,0.005973192
JM,S1,2044,499.4339,pathway,0.005973192
JM,S1,2045,496.4507,pathway,0.005973192
JM,S1,2046,493.4853,pathway,0.005973192
JM,S1,2047,490.5376,pathway,0.005973192
JM,S1,2048,487.6076,pathway,0.005973192
JM,S1,2049,484.695,pathway,0.005973192
JM,S1,2050,481.7998,pathway,0.005973192
JM,S1,2051,478.9219,pathway,0.005973192
JM,S1,2052,476.0612,pathway,0.005973192
JM,S1,2053,473.2176,pathway,0.005973192
JM,S1,2054,470.391,pathway,0.005973192
JM,S1,2055,467.5813,pathway,0.005973192
JM,S1,2056,464.7883,pathway,0.005973192
JM,S1,2057,462.0121,pathway,0.005973192
JM,S1,2058,459.2524,pathway,0.005973192
JM,S1,2059,456.5092,pathway,0.005973192
JM,S1,2060,453.7824,pathway,0.005973192
JM,S1,2061,451.0718,pathway,0.005973192
JM,S1,2062,448.3775,pathway,0.005973192
JM,S1,2063,445.6992,pathway,0.005973192
JM,S1,2064,443.037,pathway,0.005973192
JM,S1,2065,440.3906,pathway,0.005973192
JM,S1,2066,437.7601,pathway,0.005973192
JM,S1,2067,435.1453,pathway,0.005973192
JM,S1,2068,432.5461,pathway,0.005973192
JM,S1,2069,429.9624,pathway,0.005973192
JM,S1,2070,427.3942,pathway,0.005973192
JM,S1,2071,424.8412,pathway,0.005973192
JM,S1,2072,422.3036,pathway,0.005973192
JM,S1,2073,419.7811,pathway,0.005973192
JM,S1,2074,417.2737,pathway,0.005973192
JM,S1,2075,414.7812,pathway,0.005973192
JM,S1,2076,412.3036,pathway,0.005973192
JM,S1,2077,409.8409,pathway,0.005973192
JM,S1,2078,407.3928,pathway,0.005973192
JM,S1,2079,404.9594,pathway,0.005973192
JM,S1,2080,402.5405,pathway,0.005973192
JM,S1,2081,400.136,pathway,0.005973192
JM,S1,2082,397.7459,pathway,0.005973192
JM,S1,2083,395.3701,pathway,0.005973192
JM,S1,2084,393.0085,pathway,0.005973192
JM,S1,2085,390.661,pathway,0.005973192
JM,S1,2086,388.3275,pathway,0.005973192
JM,S1,2087,386.0079,pathway,0.005973192
JM,S1,2088,383.7022,pathway,0.005973192
JM,S1,2089,381.4103,pathway,0.005973192
JM,S1,2090,379.1321,pathway,0.005973192
JM,S1,2091,376.8674,pathway,0.005973192
JM,S1,2092,374.6163,pathway,0.005973192
JM,S1,2093,372.3787,pathway,0.005973192
JM,S1,2094,370.1544,pathway,0.005973192
JM,S1,2095,367.9434,pathway,0.005973192
JM,S1,2096,365.7456,pathway,0.005973192
JM,S1,2097,363.5609,pathway,0.005973192
JM,S1,2098,361.3893,pathway,0.005973192
JM,S1,2099,359.2307,pathway,0.005973192
JM,S1,2100,357.0849,pathway,0.005973192
JM,S2,2000,633.68,observed,0.010844805
JM,S2,2001,642.12,observed,0.010844805
JM,S2,2002,645.12,observed,0.010844805
JM,S2,2003,643.45,observed,0.010844805
JM,S2,2004,640.0,observed,0.010844805
JM,S2,2005,637.22,observed,0.010844805
JM,S2,2006,636.0,observed,0.010844805
JM,S2,2007,628.71,observed,0.010844805
JM,S2,2008,619.39,observed,0.010844805
JM,S2,2009,615.91,observed,0.010844805
JM,S2,2010,615.74,observed,0.010844805
JM,S2,2011,607.8,observed,0.010844805
JM,S2,2012,600.93,observed,0.010844805
JM,S2,2013,603.73,observed,0.010844805
JM,S2,2014,600.94,observed,0.010844805
JM,S2,2015,600.47,observed,0.010844805
JM,S2,2016,587.97,observed,0.010844805
JM,S2,2017,579.91,observed,0.010844805
JM,S2,2018,558.08,observed,0.010844805
JM,S2,2019,571.12,observed,0.010844805
JM,S2,2020,553.74,observed,0.010844805
JM,S2,2021,556.32,observed,0.010844805
JM,S2,2022,561.25,observed,0.010844805
JM,S2,2023,563.94,observed,0.010844805
JM,S2,2024,563.01,observed,0.010844805
JM,S2,2025,556.9043,pathway,0.010844805
JM,S2,2026,550.8647,pathway,0.010844805
JM,S2,2027,544.8907,pathway,0.010844805
JM,S2,2028,538.9815,pathway,0.010844805
JM,S2,2029,533.1363,pathway,0.010844805
JM,S2,2030,527.3546,pathway,0.010844805
JM,S2,2031,521.6355,pathway,0.010844805
JM,S2,2032,515.9785,pathway,0.010844805
JM,S2,2033,510.3828,pathway,0.010844805
JM,S2,2034,504.8478,pathway,0.010844805
JM,S2,2035,499.3728,pathway,0.010844805
JM,S2,2036,493.9572,pathway,0.010844805
JM,S2,2037,488.6004,pathway,0.010844805
JM,S2,2038,483.3016,pathway,0.010844805
JM,S2,2039,478.0603,pathway,0.010844805
JM,S2,2040,472.8758,pathway,0.010844805
JM,S2,2041,467.7476,pathway,0.010844805
JM,S2,2042,462.6749,pathway,0.010844805
JM,S2,2043,457.6573,pathway,0.010844805
JM,S2,2044,452.6941,pathway,0.010844805
JM,S2,2045,447.7847,pathway,0.010844805
JM,S2,2046,442.9286,pathway,0.010844805
JM,S2,2047,438.1251,pathway,0.010844805
JM,S2,2048,433.3737,pathway,0.010844805
JM,S2,2049,428.6739,pathway,0.010844805
JM,S2,2050,424.025,pathway,0.010844805
JM,S2,2051,419.4265,pathway,0.010844805
JM,S2,2052,414.8779,pathway,0.010844805
JM,S2,2053,410.3787,pathway,0.010844805
JM,S2,2054,405.9282,pathway,0.010844805
JM,S2,2055,401.526,pathway,0.010844805
JM,S2,2056,397.1715,pathway,0.010844805
JM,S2,2057,392.8642,pathway,0.010844805
JM,S2,2058,388.6037,pathway,0.010844805
JM,S2,2059,384.3894,pathway,0.010844805
JM,S2,2060,380.2207,pathway,0.010844805
JM,S2,2061,376.0973,pathway,0.010844805
JM,S2,2062,372.0186,pathway,0.010844805
JM,S2,2063,367.9842,pathway,0.010844805
JM,S2,2064,363.9934,pathway,0.010844805
JM,S2,2065,360.046,pathway,0.010844805
JM,S2,2066,356.1414,pathway,0.010844805
JM,S2,2067,352.2791,pathway,0.010844805
JM,S2,2068,348.4587,pathway,0.010844805
JM,S2,2069,344.6797,pathway,0.010844805
JM,S2,2070,340.9417,pathway,0.010844805
JM,S2,2071,337.2443,pathway,0.010844805
JM,S2,2072,333.5869,pathway,0.010844805
JM,S2,2073,329.9693,pathway,0.010844805
JM,S2,2074,326.3908,pathway,0.010844805
JM,S2,2075,322.8512,pathway,0.010844805
JM,S2,2076,319.3499,pathway,0.010844805
JM,S2,2077,315.8866,pathway,0.010844805
JM,S2,2078,312.4609,pathway,0.010844805
JM,S2,2079,309.0723,pathway,0.010844805
JM,S2,2080,305.7205,pathway,0.010844805
JM,S2,2081,302.405,pathway,0.010844805
JM,S2,2082,299.1255,pathway,0.010844805
JM,S2,2083,295.8815,pathway,0.010844805
JM,S2,2084,292.6727,pathway,0.010844805
JM,S2,2085,289.4988,pathway,0.010844805
JM,S2,2086,286.3592,pathway,0.010844805
JM,S2,2087,283.2537,pathway,0.010844805
JM,S2,2088,280.1819,pathway,0.010844805
JM,S2,2089,277.1434,pathway,0.010844805
JM,S2,2090,274.1378,pathway,0.010844805
JM,S2,2091,271.1648,pathway,0.010844805
JM,S2,2092,268.2241,pathway,0.010844805
JM,S2,2093,265.3152,pathway,0.010844805
JM,S2,2094,262.438,pathway,0.010844805
JM,S2,2095,259.5919,pathway,0.010844805
JM,S2,2096,256.7766,pathway,0.010844805
JM,S2,2097,253.992,pathway,0.010844805
JM,S2,2098,251.2375,pathway,0.010844805
JM,S2,2099,248.5128,pathway,0.010844805
JM,S2,2100,245.8178,pathway,0.010844805
JO,S1,2000,658.07,observed,0.02755185
JO,S1,2001,657.83,observed,0.02755185
JO,S1,2002,656.4,observed,0.02755185
JO,S1,2003,657.53,observed,0.02755185
JO,S1,2004,670.76,observed,0.02755185
JO,S1,2005,672.54,observed,0.02755185
JO,S1,2006,678.96,observed,0.02755185
JO,S1,2007,682.78,observed,0.02755185
JO,S1,2008,684.1,observed,0.02755185
JO,S1,2009,686.28,observed,0.02755185
JO,S1,2010,679.97,observed,0.02755185
JO,S1,2011,664.62,observed,0.02755185
JO,S1,2012,661.24,observed,0.02755185
JO,S1,2013,664.54,observed,0.02755185
JO,S1,2014,657.91,observed,0.02755185
JO,S1,2015,666.84,observed,0.02755185
JO,S1,2016,659.89,observed,0.02755185
JO,S1,2017,643.41,observed,0.02755185
JO,S1,2018,621.01,observed,0.02755185
JO,S1,2019,596.69,observed,0.02755185
JO,S1,2020,566.67,observed,0.02755185
JO,S1,2021,540.26,observed,0.02755185
JO,S1,2022,539.21,observed,0.02755185
JO,S1,2023,542.28,observed,0.02755185
JO,S1,2024,529.79,observed,0.02755185
JO,S1,2025,515.1933,pathway,0.02755185
JO,S1,2026,500.9988,pathway,0.02755185
JO,S1,2027,487.1953,pathway,0.02755185
JO,S1,2028,473.7722,pathway,0.02755185
JO,S1,2029,460.7189,pathway,0.02755185
JO,S1,2030,448.0252,pathway,0.02755185
JO,S1,2031,435.6813,pathway,0.02755185
JO,S1,2032,423.6775,pathway,0.02755185
JO,S1,2033,412.0044,pathway,0.02755185
JO,S1,2034,400.6529,pathway,0.02755185
JO,S1,2035,389.6142,pathway,0.02755185
JO,S1,2036,378.8796,pathway,0.02755185
JO,S1,2037,368.4408,pathway,0.02755185
JO,S1,2038,358.2895,pathway,0.02755185
JO,S1,2039,348.418,pathway,0.02755185
JO,S1,2040,338.8184,pathway,0.02755185
JO,S1,2041,329.4834,pathway,0.02755185
JO,S1,2042,320.4055,pathway,0.02755185
JO,S1,2043,311.5777,pathway,0.02755185
JO,S1,2044,302.9932,pathway,0.02755185
JO,S1,2045,294.6452,pathway,0.02755185
JO,S1,2046,286.5271,pathway,0.02755185
JO,S1,2047,278.6328,pathway,0.02755185
JO,S1,2048,270.9559,pathway,0.02755185
JO,S1,2049,263.4906,pathway,0.02755185
JO,S1,2050,256.2309,pathway,0.02755185
JO,S1,2051,249.1713,pathway,0.02755185
JO,S1,2052,242.3062,pathway,0.02755185
JO,S1,2053,235.6302,pathway,0.02755185
JO,S1,2054,229.1381,pathway,0.02755185
JO,S1,2055,222.825,pathway,0.02755185
JO,S1,2056,216.6857,pathway,0.02755185
JO,S1,2057,210.7156,pathway,0.02755185
JO,S1,2058,204.91,pathway,0.02755185
JO,S1,2059,199.2644,pathway,0.02755185
JO,S1,2060,193.7743,pathway,0.02755185
JO,S1,2061,188.4354,pathway,0.02755185
JO,S1,2062,183.2437,pathway,0.02755185
JO,S1,2063,178.195,pathway,0.02755185
JO,S1,2064,173.2854,pathway,0.02755185
JO,S1,2065,168.5111,pathway,0.02755185
JO,S1,2066,163.8683,pathway,0.02755185
JO,S1,2067,159.3534,pathway,0.02755185
JO,S1,2068,154.9629,pathway,0.02755185
JO,S1,2069,150.6934,pathway,0.02755185
JO,S1,2070,146.5415,pathway,0.02755185
JO,S1,2071,142.504,pathway,0.02755185
JO,S1,2072,138.5778,pathway,0.02755185
JO,S1,2073,134.7597,pathway,0.02755185
JO,S1,2074,131.0468,pathway,0.02755185
JO,S1,2075,127.4362,pathway,0.02755185
JO,S1,2076,123.9251,pathway,0.02755185
JO,S1,2077,120.5108,pathway,0.02755185
JO,S1,2078,117.1905,pathway,0.02755185
JO,S1,2079,113.9617,pathway,0.02755185
JO,S1,2080,110.8218,pathway,0.02755185
JO,S1,2081,107.7685,pathway,0.02755185
JO,S1,2082,104.7992,pathway,0.02755185
JO,S1,2083,101.9118,pathway,0.02755185
JO,S1,2084,99.104,pathway,0.02755185
JO,S1,2085,96.3735,pathway,0.02755185
JO,S1,2086,93.7182,pathway,0.02755185
JO,S1,2087,91.1361,pathway,0.02755185
JO,S1,2088,88.6251,pathway,0.02755185
JO,S1,2089,86.1833,pathway,0.02755185
JO,S1,2090,83.8088,pathway,0.02755185
JO,S1,2091,81.4997,pathway,0.02755185
JO,S1,2092,79.2543,pathway,0.02755185
JO,S1,2093,77.0707,pathway,0.02755185
JO,S1,2094,74.9472,pathway,0.02755185
JO,S1,2095,72.8823,pathway,0.02755185
JO,S1,2096,70.8743,pathway,0.02755185
JO,S1,2097,68.9215,pathway,0.02755185
JO,S1,2098,67.0226,pathway,0.02755185
JO,S1,2099,65.176,pathway,0.02755185
JO,S1,2100,63.3803,pathway,0.02755185
JP,S1,2000,424.43,observed,0.018722933
JP,S1,2001,424.02,observed,0.018722933
JP,S1,2002,433.73,observed,0.018722933
JP,S1,2003,476.32,observed,0.018722933
JP,S1,2004,450.26,observed,0.018722933
JP,S1,2005,461.8,observed,0.018722933
JP,S1,2006,447.25,observed,0.018722933
JP,S1,2007,470.19,observed,0.018722933
JP,S1,2008,485.22,observed,0.018722933
JP,S1,2009,460.21,observed,0.018722933
JP,S1,2010,446.66,observed,0.018722933
JP,S1,2011,505.34,observed,0.018722933
JP,S1,2012,594.53,observed,0.018722933
JP,S1,2013,595.9,observed,0.018722933
JP,S1,2014,591.53,observed,0.018722933
JP,S1,2015,578.05,observed,0.018722933
JP,S1,2016,567.04,observed,0.018722933
JP,S1,2017,558.03,observed,0.018722933
JP,S1,2018,541.47,observed,0.018722933
JP,S1,2019,528.49,observed,0.018722933
JP,S1,2020,527.75,observed,0.018722933
JP,S1,2021,514.49,observed,0.018722933
JP,S1,2022,519.6,observed,0.018722933
JP,S1,2023,492.45,observed,0.018722933
JP,S1,2024,483.43,observed,0.018722933
JP,S1,2025,477.26,observed,0.018722933
JP,S1,2026,468.3243,pathway,0.018722933
JP,S1,2027,459.5559,pathway,0.018722933
JP,S1,2028,450.9517,pathway,0.018722933
JP,S1,2029,442.5085,pathway,0.018722933
JP,S1,2030,434.2235,pathway,0.018722933
JP,S1,2031,426.0935,pathway,0.018722933
JP,S1,2032,418.1158,pathway,0.018722933
JP,S1,2033,410.2874,pathway,0.018722933
JP,S1,2034,402.6057,pathway,0.018722933
JP,S1,2035,395.0677,pathway,0.018722933
JP,S1,2036,387.6709,pathway,0.018722933
JP,S1,2037,380.4125,pathway,0.018722933
JP,S1,2038,373.2901,pathway,0.018722933
JP,S1,2039,366.301,pathway,0.018722933
JP,S1,2040,359.4428,pathway,0.018722933
JP,S1,2041,352.713,pathway,0.018722933
JP,S1,2042,346.1091,pathway,0.018722933
JP,S1,2043,339.629,pathway,0.018722933
JP,S1,2044,333.2701,pathway,0.018722933
JP,S1,2045,327.0303,pathway,0.018722933
JP,S1,2046,320.9074,pathway,0.018722933
JP,S1,2047,314.899,pathway,0.018722933
JP,S1,2048,309.0032,pathway,0.018722933
JP,S1,2049,303.2177,pathway,0.018722933
JP,S1,2050,297.5406,pathway,0.018722933
JP,S1,2051,291.9698,pathway,0.018722933
JP,S1,2052,286.5033,pathway,0.018722933
JP,S1,2053,281.1391,pathway,0.018722933
JP,S1,2054,275.8753,pathway,0.018722933
JP,S1,2055,270.7101,pathway,0.018722933
JP,S1,2056,265.6416,pathway,0.018722933
JP,S1,2057,260.6681,pathway,0.018722933
JP,S1,2058,255.7876,pathway,0.018722933
JP,S1,2059,250.9985,pathway,0.018722933
JP,S1,2060,246.2991,pathway,0.018722933
JP,S1,2061,241.6876,pathway,0.018722933
JP,S1,2062,237.1625,pathway,0.018722933
JP,S1,2063,232.7221,pathway,0.018722933
JP,S1,2064,228.3649,pathway,0.018722933
JP,S1,2065,224.0892,pathway,0.018722933
JP,S1,2066,219.8936,pathway,0.018722933
JP,S1,2067,215.7766,pathway,0.018722933
JP,S1,2068,211.7366,pathway,0.018722933
JP,S1,2069,207.7723,pathway,0.018722933
JP,S1,2070,203.8822,pathway,0.018722933
JP,S1,2071,200.0649,pathway,0.018722933
JP,S1,2072,196.3191,pathway,0.018722933
JP,S1,2073,192.6434,pathway,0.018722933
JP,S1,2074,189.0366,pathway,0.018722933
JP,S1,2075,185.4973,pathway,0.018722933
JP,S1,2076,182.0242,pathway,0.018722933
JP,S1,2077,178.6162,pathway,0.018722933
JP,S1,2078,175.272,pathway,0.018722933
JP,S1,2079,171.9904,pathway,0.018722933
JP,S1,2080,168.7702,pathway,0.018722933
JP,S1,2081,165.6103,pathway,0.018722933
JP,S1,2082,162.5096,pathway,0.018722933
JP,S1,2083,159.467,pathway,0.018722933
JP,S1,2084,156.4813,pathway,0.018722933
JP,S1,2085,153.5515,pathway,0.018722933
JP,S1,2086,150.6765,pathway,0.018722933
JP,S1,2087,147.8554,pathway,0.018722933
JP,S1,2088,145.0871,pathway,0.018722933
JP,S1,2089,142.3707,pathway,0.018722933
JP,S1,2090,139.7051,pathway,0.018722933
JP,S1,2091,137.0894,pathway,0.018722933
JP,S1,2092,134.5227,pathway,0.018722933
JP,S1,2093,132.004,pathway,0.018722933
JP,S1,2094,129.5325,pathway,0.018722933
JP,S1,2095,127.1073,pathway,0.018722933
JP,S1,2096,124.7275,pathway,0.018722933
JP,S1,2097,122.3922,pathway,0.018722933
JP,S1,2098,120.1007,pathway,0.018722933
JP,S1,2099,117.852,pathway,0.018722933
JP,S1,2100,115.6455,pathway,0.018722933
JP,S2,2000,424.43,observed,0.069923208
JP,S2,2001,424.02,observed,0.069923208
JP,S2,2002,433.73,observed,0.069923208
JP,S2,2003,476.32,observed,0.069923208
JP,S2,2004,450.26,observed,0.069923208
JP,S2,2005,461.8,observed,0.069923208
JP,S2,2006,447.25,observed,0.069923208
JP,S2,2007,470.19,observed,0.069923208
JP,S2,2008,485.22,observed,0.069923208
JP,S2,2009,460.21,observed,0.069923208
JP,S2,2010,446.66,observed,0.069923208
JP,S2,2011,505.34,observed,0.069923208
JP,S2,2012,594.53,observed,0.069923208
JP,S2,2013,595.9,observed,0.069923208
JP,S2,2014,591.53,observed,0.069923208
JP,S2,2015,578.05,observed,0.069923208
JP,S2,2016,567.04,observed,0.069923208
JP,S2,2017,558.03,observed,0.069923208
JP,S2,2018,541.47,observed,0.069923208
JP,S2,2019,528.49,observed,0.069923208
JP,S2,2020,527.75,observed,0.069923208
JP,S2,2021,514.49,observed,0.069923208
JP,S2,2022,519.6,observed,0.069923208
JP,S2,2023,492.45,observed,0.069923208
JP,S2,2024,483.43,observed,0.069923208
JP,S2,2025,477.26,observed,0.069923208
JP,S2,2026,443.8884,pathway,0.069923208
JP,S2,2027,412.8503,pathway,0.069923208
JP,S2,2028,383.9825,pathway,0.069923208
JP,S2,2029,357.1332,pathway,0.069923208
JP,S2,2030,332.1613,pathway,0.069923208
JP,S2,2031,308.9355,pathway,0.069923208
JP,S2,2032,287.3338,pathway,0.069923208
JP,S2,2033,267.2425,pathway,0.069923208
JP,S2,2034,248.556,pathway,0.069923208
JP,S2,2035,231.1762,pathway,0.069923208
JP,S2,2036,215.0116,pathway,0.069923208
JP,S2,2037,199.9773,pathway,0.069923208
JP,S2,2038,185.9943,pathway,0.069923208
JP,S2,2039,172.9889,pathway,0.069923208
JP,S2,2040,160.893,pathway,0.069923208
JP,S2,2041,149.6428,pathway,0.069923208
JP,S2,2042,139.1793,pathway,0.069923208
JP,S2,2043,129.4475,pathway,0.069923208
JP,S2,2044,120.3961,pathway,0.069923208
JP,S2,2045,111.9776,pathway,0.069923208
JP,S2,2046,104.1478,pathway,0.069923208
JP,S2,2047,96.8654,pathway,0.069923208
JP,S2,2048,90.0923,pathway,0.069923208
JP,S2,2049,83.7927,pathway,0.069923208
JP,S2,2050,77.9337,pathway,0.069923208
JP,S2,2051,72.4843,pathway,0.069923208
JP,S2,2052,67.416,pathway,0.069923208
JP,S2,2053,62.702,pathway,0.069923208
JP,S2,2054,58.3177,pathway,0.069923208
JP,S2,2055,54.2399,pathway,0.069923208
JP,S2,2056,50.4473,pathway,0.069923208
JP,S2,2057,46.9199,pathway,0.069923208
JP,S2,2058,43.6391,pathway,0.069923208
JP,S2,2059,40.5877,pathway,0.069923208
JP,S2,2060,37.7497,pathway,0.069923208
JP,S2,2061,35.1101,pathway,0.069923208
JP,S2,2062,32.6551,pathway,0.069923208
JP,S2,2063,30.3717,pathway,0.069923208
JP,S2,2064,28.2481,pathway,0.069923208
JP,S2,2065,26.2729,pathway,0.069923208
JP,S2,2066,24.4358,pathway,0.069923208
JP,S2,2067,22.7271,pathway,0.069923208
JP,S2,2068,21.138,pathway,0.069923208
JP,S2,2069,19.66,pathway,0.069923208
JP,S2,2070,18.2853,pathway,0.069923208
JP,S2,2071,17.0067,pathway,0.069923208
JP,S2,2072,15.8175,pathway,0.069923208
JP,S2,2073,14.7115,pathway,0.069923208
JP,S2,2074,13.6829,pathway,0.069923208
JP,S2,2075,12.7261,pathway,0.069923208
JP,S2,2076,11.8363,pathway,0.069923208
JP,S2,2077,11.0086,pathway,0.069923208
JP,S2,2078,10.2389,pathway,0.069923208
JP,S2,2079,9.5229,pathway,0.069923208
JP,S2,2080,8.8571,pathway,0.069923208
JP,S2,2081,8.2377,pathway,0.069923208
JP,S2,2082,7.6617,pathway,0.069923208
JP,S2,2083,7.126,pathway,0.069923208
JP,S2,2084,6.6277,pathway,0.069923208
JP,S2,2085,6.1643,pathway,0.069923208
JP,S2,2086,5.7333,pathway,0.069923208
JP,S2,2087,5.3324,pathway,0.069923208
JP,S2,2088,4.9595,pathway,0.069923208
JP,S2,2089,4.6127,pathway,0.069923208
JP,S2,2090,4.2902,pathway,0.069923208
JP,S2,2091,3.9902,pathway,0.069923208
JP,S2,2092,3.7112,pathway,0.069923208
JP,S2,2093,3.4517,pathway,0.069923208
JP,S2,2094,3.2104,pathway,0.069923208
JP,S2,2095,2.9859,pathway,0.069923208
JP,S2,2096,2.7771,pathway,0.069923208
JP,S2,2097,2.5829,pathway,0.069923208
JP,S2,2098,2.4023,pathway,0.069923208
JP,S2,2099,2.2343,pathway,0.069923208
JP,S2,2100,2.0781,pathway,0.069923208
KR,S1,2000,461.59,observed,0.021621629
KR,S1,2001,475.31,observed,0.021621629
KR,S1,2002,472.79,observed,0.021621629
KR,S1,2003,457.89,observed,0.021621629
KR,S1,2004,462.61,observed,0.021621629
KR,S1,2005,449.59,observed,0.021621629
KR,S1,2006,451.18,observed,0.021621629
KR,S1,2007,473.64,observed,0.021621629
KR,S1,2008,477.26,observed,0.021621629
KR,S1,2009,495.28,observed,0.021621629
KR,S1,2010,500.21,observed,0.021621629
KR,S1,2011,497.09,observed,0.021621629
KR,S1,2012,501.89,observed,0.021621629
KR,S1,2013,511.75,observed,0.021621629
KR,S1,2014,493.39,observed,0.021621629
KR,S1,2015,487.64,observed,0.021621629
KR,S1,2016,489.38,observed,0.021621629
KR,S1,2017,511.48,observed,0.021621629
KR,S1,2018,518.81,observed,0.021621629
KR,S1,2019,496.97,observed,0.021621629
KR,S1,2020,457.63,observed,0.021621629
KR,S1,2021,459.46,observed,0.021621629
KR,S1,2022,438.06,observed,0.021621629
KR,S1,2023,427.29,observed,0.021621629
KR,S1,2024,415.51,observed,0.021621629
KR,S1,2025,417.06,observed,0.021621629
KR,S1,2026,408.0425,pathway,0.021621629
KR,S1,2027,399.2199,pathway,0.021621629
KR,S1,2028,390.5882,pathway,0.021621629
KR,S1,2029,382.143,pathway,0.021621629
KR,S1,2030,373.8804,pathway,0.021621629
KR,S1,2031,365.7965,pathway,0.021621629
KR,S1,2032,357.8874,pathway,0.021621629
KR,S1,2033,350.1493,pathway,0.021621629
KR,S1,2034,342.5785,pathway,0.021621629
KR,S1,2035,335.1714,pathway,0.021621629
KR,S1,2036,327.9245,pathway,0.021621629
KR,S1,2037,320.8342,pathway,0.021621629
KR,S1,2038,313.8972,pathway,0.021621629
KR,S1,2039,307.1103,pathway,0.021621629
KR,S1,2040,300.47,pathway,0.021621629
KR,S1,2041,293.9734,pathway,0.021621629
KR,S1,2042,287.6172,pathway,0.021621629
KR,S1,2043,281.3985,pathway,0.021621629
KR,S1,2044,275.3142,pathway,0.021621629
KR,S1,2045,269.3614,pathway,0.021621629
KR,S1,2046,263.5374,pathway,0.021621629
KR,S1,2047,257.8393,pathway,0.021621629
KR,S1,2048,252.2644,pathway,0.021621629
KR,S1,2049,246.81,pathway,0.021621629
KR,S1,2050,241.4736,pathway,0.021621629
KR,S1,2051,236.2525,pathway,0.021621629
KR,S1,2052,231.1444,pathway,0.021621629
KR,S1,2053,226.1466,pathway,0.021621629
KR,S1,2054,221.257,pathway,0.021621629
KR,S1,2055,216.473,pathway,0.021621629
KR,S1,2056,211.7925,pathway,0.021621629
KR,S1,2057,207.2132,pathway,0.021621629
KR,S1,2058,202.733,pathway,0.021621629
KR,S1,2059,198.3495,pathway,0.021621629
KR,S1,2060,194.0609,pathway,0.021621629
KR,S1,2061,189.865,pathway,0.021621629
KR,S1,2062,185.7598,pathway,0.021621629
KR,S1,2063,181.7434,pathway,0.021621629
KR,S1,2064,177.8138,pathway,0.021621629
KR,S1,2065,173.9692,pathway,0.021621629
KR,S1,2066,170.2077,pathway,0.021621629
KR,S1,2067,166.5275,pathway,0.021621629
KR,S1,2068,162.9269,pathway,0.021621629
KR,S1,2069,159.4042,pathway,0.021621629
KR,S1,2070,155.9576,pathway,0.021621629
KR,S1,2071,152.5855,pathway,0.021621629
KR,S1,2072,149.2864,pathway,0.021621629
KR,S1,2073,146.0586,pathway,0.021621629
KR,S1,2074,142.9005,pathway,0.021621629
KR,S1,2075,139.8108,pathway,0.021621629
KR,S1,2076,136.7879,pathway,0.021621629
KR,S1,2077,133.8303,pathway,0.021621629
KR,S1,2078,130.9367,pathway,0.021621629
KR,S1,2079,128.1056,pathway,0.021621629
KR,S1,2080,125.3357,pathway,0.021621629
KR,S1,2081,122.6258,pathway,0.021621629
KR,S1,2082,119.9744,pathway,0.021621629
KR,S1,2083,117.3804,pathway,0.021621629
KR,S1,2084,114.8424,pathway,0.021621629
KR,S1,2085,112.3593,pathway,0.021621629
KR,S1,2086,109.9299,pathway,0.021621629
KR,S1,2087,107.5531,pathway,0.021621629
KR,S1,2088,105.2276,pathway,0.021621629
KR,S1,2089,102.9524,pathway,0.021621629
KR,S1,2090,100.7264,pathway,0.021621629
KR,S1,2091,98.5485,pathway,0.021621629
KR,S1,2092,96.4178,pathway,0.021621629
KR,S1,2093,94.333,pathway,0.021621629
KR,S1,2094,92.2934,pathway,0.021621629
KR,S1,2095,90.2979,pathway,0.021621629
KR,S1,2096,88.3455,pathway,0.021621629
KR,S1,2097,86.4353,pathway,0.021621629
KR,S1,2098,84.5664,pathway,0.021621629
KR,S1,2099,82.738,pathway,0.021621629
KR,S1,2100,80.9491,pathway,0.021621629
KR,S2,2000,461.59,observed,0.052256606
KR,S2,2001,475.31,observed,0.052256606
KR,S2,2002,472.79,observed,0.052256606
KR,S2,2003,457.89,observed,0.052256606
KR,S2,2004,462.61,observed,0.052256606
KR,S2,2005,449.59,observed,0.052256606
KR,S2,2006,451.18,observed,0.052256606
KR,S2,2007,473.64,observed,0.052256606
KR,S2,2008,477.26,observed,0.052256606
KR,S2,2009,495.28,observed,0.052256606
KR,S2,2010,500.21,observed,0.052256606
KR,S2,2011,497.09,observed,0.052256606
KR,S2,2012,501.89,observed,0.052256606
KR,S2,2013,511.75,observed,0.052256606
KR,S2,2014,493.39,observed,0.052256606
KR,S2,2015,487.64,observed,0.052256606
KR,S2,2016,489.38,observed,0.052256606
KR,S2,2017,511.48,observed,0.052256606
KR,S2,2018,518.81,observed,0.052256606
KR,S2,2019,496.97,observed,0.052256606
KR,S2,2020,457.63,observed,0.052256606
KR,S2,2021,459.46,observed,0.052256606
KR,S2,2022,438.06,observed,0.052256606
KR,S2,2023,427.29,observed,0.052256606
KR,S2,2024,415.51,observed,0.052256606
KR,S2,2025,417.06,observed,0.052256606
KR,S2,2026,395.2659,pathway,0.052256606
KR,S2,2027,374.6106,pathway,0.052256606
KR,S2,2028,355.0347,pathway,0.052256606
KR,S2,2029,336.4818,pathway,0.052256606
KR,S2,2030,318.8984,pathway,0.052256606
KR,S2,2031,302.2339,pathway,0.052256606
KR,S2,2032,286.4402,pathway,0.052256606
KR,S2,2033,271.4718,pathway,0.052256606
KR,S2,2034,257.2856,pathway,0.052256606
KR,S2,2035,243.8407,pathway,0.052256606
KR,S2,2036,231.0984,pathway,0.052256606
KR,S2,2037,219.022,pathway,0.052256606
KR,S2,2038,207.5766,pathway,0.052256606
KR,S2,2039,196.7294,pathway,0.052256606
KR,S2,2040,186.449,pathway,0.052256606
KR,S2,2041,176.7058,pathway,0.052256606
KR,S2,2042,167.4718,pathway,0.052256606
KR,S2,2043,158.7202,pathway,0.052256606
KR,S2,2044,150.4261,pathway,0.052256606
KR,S2,2045,142.5653,pathway,0.052256606
KR,S2,2046,135.1153,pathway,0.052256606
KR,S2,2047,128.0547,pathway,0.052256606
KR,S2,2048,121.363,pathway,0.052256606
KR,S2,2049,115.0209,pathway,0.052256606
KR,S2,2050,109.0103,pathway,0.052256606
KR,S2,2051,103.3138,pathway,0.052256606
KR,S2,2052,97.915,pathway,0.052256606
KR,S2,2053,92.7983,pathway,0.052256606
KR,S2,2054,87.949,pathway,0.052256606
KR,S2,2055,83.3531,pathway,0.052256606
KR,S2,2056,78.9973,pathway,0.052256606
KR,S2,2057,74.8692,pathway,0.052256606
KR,S2,2058,70.9568,pathway,0.052256606
KR,S2,2059,67.2488,pathway,0.052256606
KR,S2,2060,63.7346,pathway,0.052256606
KR,S2,2061,60.4041,pathway,0.052256606
KR,S2,2062,57.2475,pathway,0.052256606
KR,S2,2063,54.256,pathway,0.052256606
KR,S2,2064,51.4208,pathway,0.052256606
KR,S2,2065,48.7337,pathway,0.052256606
KR,S2,2066,46.187,pathway,0.052256606
KR,S2,2067,43.7734,pathway,0.052256606
KR,S2,2068,41.486,pathway,0.052256606
KR,S2,2069,39.3181,pathway,0.052256606
KR,S2,2070,37.2634,pathway,0.052256606
KR,S2,2071,35.3162,pathway,0.052256606
KR,S2,2072,33.4707,pathway,0.052256606
KR,S2,2073,31.7216,pathway,0.052256606
KR,S2,2074,30.064,pathway,0.052256606
KR,S2,2075,28.4929,pathway,0.052256606
KR,S2,2076,27.004,pathway,0.052256606
KR,S2,2077,25.5928,pathway,0.052256606
KR,S2,2078,24.2554,pathway,0.052256606
KR,S2,2079,22.9879,pathway,0.052256606
KR,S2,2080,21.7867,pathway,0.052256606
KR,S2,2081,20.6482,pathway,0.052256606
KR,S2,2082,19.5692,pathway,0.052256606
KR,S2,2083,18.5465,pathway,0.052256606
KR,S2,2084,17.5774,pathway,0.052256606
KR,S2,2085,16.6588,pathway,0.052256606
KR,S2,2086,15.7883,pathway,0.052256606
KR,S2,2087,14.9633,pathway,0.052256606
KR,S2,2088,14.1813,pathway,0.052256606
KR,S2,2089,13.4403,pathway,0.052256606
KR,S2,2090,12.7379,pathway,0.052256606
KR,S2,2091,12.0723,pathway,0.052256606
KR,S2,2092,11.4414,pathway,0.052256606
KR,S2,2093,10.8435,pathway,0.052256606
KR,S2,2094,10.2769,pathway,0.052256606
KR,S2,2095,9.7398,pathway,0.052256606
KR,S2,2096,9.2309,pathway,0.052256606
KR,S2,2097,8.7485,pathway,0.052256606
KR,S2,2098,8.2913,pathway,0.052256606
KR,S2,2099,7.8581,pathway,0.052256606
KR,S2,2100,7.4474,pathway,0.052256606
LA,S1,2000,87.67,observed,0.004049407
LA,S1,2001,87.19,observed,0.004049407
LA,S1,2002,89.64,observed,0.004049407
LA,S1,2003,88.89,observed,0.004049407
LA,S1,2004,23.33,observed,0.004049407
LA,S1,2005,22.79,observed,0.004049407
LA,S1,2006,25.0,observed,0.004049407
LA,S1,2007,23.74,observed,0.004049407
LA,S1,2008,24.19,observed,0.004049407
LA,S1,2009,23.74,observed,0.004049407
LA,S1,2010,23.92,observed,0.004049407
LA,S1,2011,24.14,observed,0.004049407
LA,S1,2012,23.98,observed,0.004049407
LA,S1,2013,23.44,observed,0.004049407
LA,S1,2014,23.81,observed,0.004049407
LA,S1,2015,148.52,observed,0.004049407
LA,S1,2016,302.86,observed,0.004049407
LA,S1,2017,338.59,observed,0.004049407
LA,S1,2018,336.14,observed,0.004049407
LA,S1,2019,350.51,observed,0.004049407
LA,S1,2020,278.03,observed,0.004049407
LA,S1,2021,260.36,observed,0.004049407
LA,S1,2022,237.27,observed,0.004049407
LA,S1,2023,232.12,observed,0.004049407
LA,S1,2024,232.08,observed,0.004049407
LA,S1,2025,231.1402,pathway,0.004049407
LA,S1,2026,230.2042,pathway,0.004049407
LA,S1,2027,229.272,pathway,0.004049407
LA,S1,2028,228.3436,pathway,0.004049407
LA,S1,2029,227.419,pathway,0.004049407
LA,S1,2030,226.4981,pathway,0.004049407
LA,S1,2031,225.5809,pathway,0.004049407
LA,S1,2032,224.6674,pathway,0.004049407
LA,S1,2033,223.7576,pathway,0.004049407
LA,S1,2034,222.8516,pathway,0.004049407
LA,S1,2035,221.9491,pathway,0.004049407
LA,S1,2036,221.0504,pathway,0.004049407
LA,S1,2037,220.1552,pathway,0.004049407
LA,S1,2038,219.2638,pathway,0.004049407
LA,S1,2039,218.3759,pathway,0.004049407
LA,S1,2040,217.4916,pathway,0.004049407
LA,S1,2041,216.6109,pathway,0.004049407
LA,S1,2042,215.7337,pathway,0.004049407
LA,S1,2043,214.8601,pathway,0.004049407
LA,S1,2044,213.9901,pathway,0.004049407
LA,S1,2045,213.1235,pathway,0.004049407
LA,S1,2046,212.2605,pathway,0.004049407
LA,S1,2047,211.401,pathway,0.004049407
LA,S1,2048,210.5449,pathway,0.004049407
LA,S1,2049,209.6923,pathway,0.004049407
LA,S1,2050,208.8432,pathway,0.004049407
LA,S1,2051,207.9975,pathway,0.004049407
LA,S1,2052,207.1553,pathway,0.004049407
LA,S1,2053,206.3164,pathway,0.004049407
LA,S1,2054,205.4809,pathway,0.004049407
LA,S1,2055,204.6489,pathway,0.004049407
LA,S1,2056,203.8202,pathway,0.004049407
LA,S1,2057,202.9948,pathway,0.004049407
LA,S1,2058,202.1728,pathway,0.004049407
LA,S1,2059,201.3541,pathway,0.004049407
LA,S1,2060,200.5388,pathway,0.004049407
LA,S1,2061,199.7267,pathway,0.004049407
LA,S1,2062,198.9179,pathway,0.004049407
LA,S1,2063,198.1124,pathway,0.004049407
LA,S1,2064,197.3102,pathway,0.004049407
LA,S1,2065,196.5112,pathway,0.004049407
LA,S1,2066,195.7154,pathway,0.004049407
LA,S1,2067,194.9229,pathway,0.004049407
LA,S1,2068,194.1336,pathway,0.004049407
LA,S1,2069,193.3475,pathway,0.004049407
LA,S1,2070,192.5645,pathway,0.004049407
LA,S1,2071,191.7847,pathway,0.004049407
LA,S1,2072,191.0081,pathway,0.004049407
LA,S1,2073,190.2347,pathway,0.004049407
LA,S1,2074,189.4643,pathway,0.004049407
LA,S1,2075,188.6971,pathway,0.004049407
LA,S1,2076,187.933,pathway,0.004049407
LA,S1,2077,187.172,pathway,0.004049407
LA,S1,2078,186.414,pathway,0.004049407
LA,S1,2079,185.6592,pathway,0.004049407
LA,S1,2080,184.9074,pathway,0.004049407
LA,S1,2081,184.1586,pathway,0.004049407
LA,S1,2082,183.4129,pathway,0.004049407
LA,S1,2083,182.6702,pathway,0.004049407
LA,S1,2084,181.9304,pathway,0.004049407
LA,S1,2085,181.1937,pathway,0.004049407
LA,S1,2086,180.46,pathway,0.004049407
LA,S1,2087,179.7293,pathway,0.004049407
LA,S1,2088,179.0015,pathway,0.004049407
LA,S1,2089,178.2766,pathway,0.004049407
LA,S1,2090,177.5547,pathway,0.004049407
LA,S1,2091,176.8357,pathway,0.004049407
LA,S1,2092,176.1196,pathway,0.004049407
LA,S1,2093,175.4064,pathway,0.004049407
LA,S1,2094,174.6961,pathway,0.004049407
LA,S1,2095,173.9887,pathway,0.004049407
LA,S1,2096,173.2842,pathway,0.004049407
LA,S1,2097,172.5825,pathway,0.004049407
LA,S1,2098,171.8836,pathway,0.004049407
LA,S1,2099,171.1876,pathway,0.004049407
LA,S1,2100,170.4944,pathway,0.004049407
MA,S1,2000,759.12,observed,0.005381104
MA,S1,2001,769.23,observed,0.005381104
MA,S1,2002,765.56,observed,0.005381104
MA,S1,2003,735.01,observed,0.005381104
MA,S1,2004,732.69,observed,0.005381104
MA,S1,2005,717.03,observed,0.005381104
MA,S1,2006,708.61,observed,0.005381104
MA,S1,2007,707.47,observed,0.005381104
MA,S1,2008,695.82,observed,0.005381104
MA,S1,2009,635.45,observed,0.005381104
MA,S1,2010,610.5,observed,0.005381104
MA,S1,2011,652.71,observed,0.005381104
MA,S1,2012,648.44,observed,0.005381104
MA,S1,2013,612.47,observed,0.005381104
MA,S1,2014,651.35,observed,0.005381104
MA,S1,2015,639.92,observed,0.005381104
MA,S1,2016,633.63,observed,0.005381104
MA,S1,2017,637.45,observed,0.005381104
MA,S1,2018,621.53,observed,0.005381104
MA,S1,2019,631.75,observed,0.005381104
MA,S1,2020,645.62,observed,0.005381104
MA,S1,2021,639.95,observed,0.005381104
MA,S1,2022,662.64,observed,0.005381104
MA,S1,2023,616.35,observed,0.005381104
MA,S1,2024,594.81,observed,0.005381104
MA,S1,2025,596.4,observed,0.005381104
MA,S1,2026,593.1907,pathway,0.005381104
MA,S1,2027,589.9987,pathway,0.005381104
MA,S1,2028,586.8238,pathway,0.005381104
MA,S1,2029,583.6661,pathway,0.005381104
MA,S1,2030,580.5253,pathway,0.005381104
MA,S1,2031,577.4014,pathway,0.005381104
MA,S1,2032,574.2944,pathway,0.005381104
MA,S1,2033,571.2041,pathway,0.005381104
MA,S1,2034,568.1303,pathway,0.005381104
MA,S1,2035,565.0732,pathway,0.005381104
MA,S1,2036,562.0325,pathway,0.005381104
MA,S1,2037,559.0081,pathway,0.005381104
MA,S1,2038,556.0,pathway,0.005381104
MA,S1,2039,553.0081,pathway,0.005381104
MA,S1,2040,550.0323,pathway,0.005381104
MA,S1,2041,547.0726,pathway,0.005381104
MA,S1,2042,544.1287,pathway,0.005381104
MA,S1,2043,541.2007,pathway,0.005381104
MA,S1,2044,538.2884,pathway,0.005381104
MA,S1,2045,535.3918,pathway,0.005381104
MA,S1,2046,532.5108,pathway,0.005381104
MA,S1,2047,529.6453,pathway,0.005381104
MA,S1,2048,526.7953,pathway,0.005381104
MA,S1,2049,523.9605,pathway,0.005381104
MA,S1,2050,521.141,pathway,0.005381104
MA,S1,2051,518.3367,pathway,0.005381104
MA,S1,2052,515.5475,pathway,0.005381104
MA,S1,2053,512.7733,pathway,0.005381104
MA,S1,2054,510.014,pathway,0.005381104
MA,S1,2055,507.2696,pathway,0.005381104
MA,S1,2056,504.5399,pathway,0.005381104
MA,S1,2057,501.8249,pathway,0.005381104
MA,S1,2058,499.1245,pathway,0.005381104
MA,S1,2059,496.4387,pathway,0.005381104
MA,S1,2060,493.7673,pathway,0.005381104
MA,S1,2061,491.1103,pathway,0.005381104
MA,S1,2062,488.4676,pathway,0.005381104
MA,S1,2063,485.8391,pathway,0.005381104
MA,S1,2064,483.2247,pathway,0.005381104
MA,S1,2065,480.6245,pathway,0.005381104
MA,S1,2066,478.0382,pathway,0.005381104
MA,S1,2067,475.4658,pathway,0.005381104
MA,S1,2068,472.9073,pathway,0.005381104
MA,S1,2069,470.3625,pathway,0.005381104
MA,S1,2070,467.8314,pathway,0.005381104
MA,S1,2071,465.314,pathway,0.005381104
MA,S1,2072,462.8101,pathway,0.005381104
MA,S1,2073,460.3196,pathway,0.005381104
MA,S1,2074,457.8426,pathway,0.005381104
MA,S1,2075,455.3789,pathway,0.005381104
MA,S1,2076,452.9285,pathway,0.005381104
MA,S1,2077,450.4912,pathway,0.005381104
MA,S1,2078,448.0671,pathway,0.005381104
MA,S1,2079,445.656,pathway,0.005381104
MA,S1,2080,443.2579,pathway,0.005381104
MA,S1,2081,440.8727,pathway,0.005381104
MA,S1,2082,438.5003,pathway,0.005381104
MA,S1,2083,436.1407,pathway,0.005381104
MA,S1,2084,433.7937,pathway,0.005381104
MA,S1,2085,431.4594,pathway,0.005381104
MA,S1,2086,429.1377,pathway,0.005381104
MA,S1,2087,426.8285,pathway,0.005381104
MA,S1,2088,424.5317,pathway,0.005381104
MA,S1,2089,422.2472,pathway,0.005381104
MA,S1,2090,419.9751,pathway,0.005381104
MA,S1,2091,417.7151,pathway,0.005381104
MA,S1,2092,415.4674,pathway,0.005381104
MA,S1,2093,413.2317,pathway,0.005381104
MA,S1,2094,411.0081,pathway,0.005381104
MA,S1,2095,408.7964,pathway,0.005381104
MA,S1,2096,406.5966,pathway,0.005381104
MA,S1,2097,404.4087,pathway,0.005381104
MA,S1,2098,402.2325,pathway,0.005381104
MA,S1,2099,400.068,pathway,0.005381104
MA,S1,2100,397.9152,pathway,0.005381104
ME,S1,2005,369.34,observed,0.038463242
ME,S1,2006,427.12,observed,0.038463242
ME,S1,2007,420.56,observed,0.038463242
ME,S1,2008,477.03,observed,0.038463242
ME,S1,2009,271.74,observed,0.038463242
ME,S1,2010,338.31,observed,0.038463242
ME,S1,2011,566.04,observed,0.038463242
ME,S1,2012,501.75,observed,0.038463242
ME,S1,2013,385.79,observed,0.038463242
ME,S1,2014,466.88,observed,0.038463242
ME,S1,2015,523.33,observed,0.038463242
ME,S1,2016,433.12,observed,0.038463242
ME,S1,2017,564.52,observed,0.038463242
ME,S1,2018,426.32,observed,0.038463242
ME,S1,2019,454.81,observed,0.038463242
ME,S1,2020,495.58,observed,0.038463242
ME,S1,2021,400.53,observed,0.038463242
ME,S1,2022,483.38,observed,0.038463242
ME,S1,2023,410.5,observed,0.038463242
ME,S1,2024,422.1,observed,0.038463242
ME,S1,2025,264.23,observed,0.038463242
ME,S1,2026,254.0669,pathway,0.038463242
ME,S1,2027,244.2946,pathway,0.038463242
ME,S1,2028,234.8983,pathway,0.038463242
ME,S1,2029,225.8633,pathway,0.038463242
ME,S1,2030,217.1759,pathway,0.038463242
ME,S1,2031,208.8226,pathway,0.038463242
ME,S1,2032,200.7906,pathway,0.038463242
ME,S1,2033,193.0675,pathway,0.038463242
ME,S1,2034,185.6415,pathway,0.038463242
ME,S1,2035,178.5012,pathway,0.038463242
ME,S1,2036,171.6354,pathway,0.038463242
ME,S1,2037,165.0338,pathway,0.038463242
ME,S1,2038,158.686,pathway,0.038463242
ME,S1,2039,152.5825,pathway,0.038463242
ME,S1,2040,146.7136,pathway,0.038463242
ME,S1,2041,141.0706,pathway,0.038463242
ME,S1,2042,135.6445,pathway,0.038463242
ME,S1,2043,130.4272,pathway,0.038463242
ME,S1,2044,125.4105,pathway,0.038463242
ME,S1,2045,120.5868,pathway,0.038463242
ME,S1,2046,115.9487,pathway,0.038463242
ME,S1,2047,111.4889,pathway,0.038463242
ME,S1,2048,107.2007,pathway,0.038463242
ME,S1,2049,103.0774,pathway,0.038463242
ME,S1,2050,99.1127,pathway,0.038463242
ME,S1,2051,95.3005,pathway,0.038463242
ME,S1,2052,91.635,pathway,0.038463242
ME,S1,2053,88.1104,pathway,0.038463242
ME,S1,2054,84.7214,pathway,0.038463242
ME,S1,2055,81.4627,pathway,0.038463242
ME,S1,2056,78.3294,pathway,0.038463242
ME,S1,2057,75.3166,pathway,0.038463242
ME,S1,2058,72.4197,pathway,0.038463242
ME,S1,2059,69.6342,pathway,0.038463242
ME,S1,2060,66.9558,pathway,0.038463242
ME,S1,2061,64.3805,pathway,0.038463242
ME,S1,2062,61.9042,pathway,0.038463242
ME,S1,2063,59.5232,pathway,0.038463242
ME,S1,2064,57.2337,pathway,0.038463242
ME,S1,2065,55.0323,pathway,0.038463242
ME,S1,2066,52.9156,pathway,0.038463242
ME,S1,2067,50.8803,pathway,0.038463242
ME,S1,2068,48.9233,pathway,0.038463242
ME,S1,2069,47.0415,pathway,0.038463242
ME,S1,2070,45.2322,pathway,0.038463242
ME,S1,2071,43.4924,pathway,0.038463242
ME,S1,2072,41.8195,pathway,0.038463242
ME,S1,2073,40.211,pathway,0.038463242
ME,S1,2074,38.6644,pathway,0.038463242
ME,S1,2075,37.1772,pathway,0.038463242
ME,S1,2076,35.7472,pathway,0.038463242
ME,S1,2077,34.3723,pathway,0.038463242
ME,S1,2078,33.0502,pathway,0.038463242
ME,S1,2079,31.779,pathway,0.038463242
ME,S1,2080,30.5567,pathway,0.038463242
ME,S1,2081,29.3814,pathway,0.038463242
ME,S1,2082,28.2513,pathway,0.038463242
ME,S1,2083,27.1646,pathway,0.038463242
ME,S1,2084,26.1198,pathway,0.038463242
ME,S1,2085,25.1151,pathway,0.038463242
ME,S1,2086,24.1491,pathway,0.038463242
ME,S1,2087,23.2203,pathway,0.038463242
ME,S1,2088,22.3271,pathway,0.038463242
ME,S1,2089,21.4684,pathway,0.038463242
ME,S1,2090,20.6426,pathway,0.038463242
ME,S1,2091,19.8486,pathway,0.038463242
ME,S1,2092,19.0852,pathway,0.038463242
ME,S1,2093,18.3511,pathway,0.038463242
ME,S1,2094,17.6453,pathway,0.038463242
ME,S1,2095,16.9666,pathway,0.038463242
ME,S1,2096,16.314,pathway,0.038463242
ME,S1,2097,15.6865,pathway,0.038463242
ME,S1,2098,15.0832,pathway,0.038463242
ME,S1,2099,14.503,pathway,0.038463242
ME,S1,2100,13.9452,pathway,0.038463242
ME,S2,2005,369.34,observed,0.056481498
ME,S2,2006,427.12,observed,0.056481498
ME,S2,2007,420.56,observed,0.056481498
ME,S2,2008,477.03,observed,0.056481498
ME,S2,2009,271.74,observed,0.056481498
ME,S2,2010,338.31,observed,0.056481498
ME,S2,2011,566.04,observed,0.056481498
ME,S2,2012,501.75,observed,0.056481498
ME,S2,2013,385.79,observed,0.056481498
ME,S2,2014,466.88,observed,0.056481498
ME,S2,2015,523.33,observed,0.056481498
ME,S2,2016,433.12,observed,0.056481498
ME,S2,2017,564.52,observed,0.056481498
ME,S2,2018,426.32,observed,0.056481498
ME,S2,2019,454.81,observed,0.056481498
ME,S2,2020,495.58,observed,0.056481498
ME,S2,2021,400.53,observed,0.056481498
ME,S2,2022,483.38,observed,0.056481498
ME,S2,2023,410.5,observed,0.056481498
ME,S2,2024,422.1,observed,0.056481498
ME,S2,2025,264.23,observed,0.056481498
ME,S2,2026,249.3059,pathway,0.056481498
ME,S2,2027,235.2247,pathway,0.056481498
ME,S2,2028,221.9389,pathway,0.056481498
ME,S2,2029,209.4034,pathway,0.056481498
ME,S2,2030,197.576,pathway,0.056481498
ME,S2,2031,186.4166,pathway,0.056481498
ME,S2,2032,175.8875,pathway,0.056481498
ME,S2,2033,165.9531,pathway,0.056481498
ME,S2,2034,156.5799,pathway,0.056481498
ME,S2,2035,147.736,pathway,0.056481498
ME,S2,2036,139.3916,pathway,0.056481498
ME,S2,2037,131.5186,pathway,0.056481498
ME,S2,2038,124.0902,pathway,0.056481498
ME,S2,2039,117.0814,pathway,0.056481498
ME,S2,2040,110.4685,pathway,0.056481498
ME,S2,2041,104.2291,pathway,0.056481498
ME,S2,2042,98.3421,pathway,0.056481498
ME,S2,2043,92.7875,pathway,0.056481498
ME,S2,2044,87.5468,pathway,0.056481498
ME,S2,2045,82.602,pathway,0.056481498
ME,S2,2046,77.9365,pathway,0.056481498
ME,S2,2047,73.5345,pathway,0.056481498
ME,S2,2048,69.3812,pathway,0.056481498
ME,S2,2049,65.4624,pathway,0.056481498
ME,S2,2050,61.765,pathway,0.056481498
ME,S2,2051,58.2764,pathway,0.056481498
ME,S2,2052,54.9849,pathway,0.056481498
ME,S2,2053,51.8793,pathway,0.056481498
ME,S2,2054,48.9491,pathway,0.056481498
ME,S2,2055,46.1843,pathway,0.056481498
ME,S2,2056,43.5758,pathway,0.056481498
ME,S2,2057,41.1146,pathway,0.056481498
ME,S2,2058,38.7923,pathway,0.056481498
ME,S2,2059,36.6013,pathway,0.056481498
ME,S2,2060,34.534,pathway,0.056481498
ME,S2,2061,32.5835,pathway,0.056481498
ME,S2,2062,30.7431,pathway,0.056481498
ME,S2,2063,29.0067,pathway,0.056481498
ME,S2,2064,27.3683,pathway,0.056481498
ME,S2,2065,25.8225,pathway,0.056481498
ME,S2,2066,24.364,pathway,0.056481498
ME,S2,2067,22.9879,pathway,0.056481498
ME,S2,2068,21.6895,pathway,0.056481498
ME,S2,2069,20.4645,pathway,0.056481498
ME,S2,2070,19.3086,pathway,0.056481498
ME,S2,2071,18.218,pathway,0.056481498
ME,S2,2072,17.1891,pathway,0.056481498
ME,S2,2073,16.2182,pathway,0.056481498
ME,S2,2074,15.3022,pathway,0.056481498
ME,S2,2075,14.4379,pathway,0.056481498
ME,S2,2076,13.6224,pathway,0.056481498
ME,S2,2077,12.853,pathway,0.056481498
ME,S2,2078,12.127,pathway,0.056481498
ME,S2,2079,11.4421,pathway,0.056481498
ME,S2,2080,10.7958,pathway,0.056481498
ME,S2,2081,10.186,pathway,0.056481498
ME,S2,2082,9.6107,pathway,0.056481498
ME,S2,2083,9.0679,pathway,0.056481498
ME,S2,2084,8.5557,pathway,0.056481498
ME,S2,2085,8.0725,pathway,0.056481498
ME,S2,2086,7.6165,pathway,0.056481498
ME,S2,2087,7.1863,pathway,0.056481498
ME,S2,2088,6.7805,pathway,0.056481498
ME,S2,2089,6.3975,pathway,0.056481498
ME,S2,2090,6.0361,pathway,0.056481498
ME,S2,2091,5.6952,pathway,0.056481498
ME,S2,2092,5.3735,pathway,0.056481498
ME,S2,2093,5.07,pathway,0.056481498
ME,S2,2094,4.7837,pathway,0.056481498
ME,S2,2095,4.5135,pathway,0.056481498
ME,S2,2096,4.2586,pathway,0.056481498
ME,S2,2097,4.018,pathway,0.056481498
ME,S2,2098,3.7911,pathway,0.056481498
ME,S2,2099,3.577,pathway,0.056481498
ME,S2,2100,3.3749,pathway,0.056481498
MG,S1,2000,244.19,observed,-0.027653675
MG,S1,2001,261.36,observed,-0.027653675
MG,S1,2002,244.19,observed,-0.027653675
MG,S1,2003,250.0,observed,-0.027653675
MG,S1,2004,266.67,observed,-0.027653675
MG,S1,2005,273.59,observed,-0.027653675
MG,S1,2006,271.03,observed,-0.027653675
MG,S1,2007,250.0,observed,-0.027653675
MG,S1,2008,288.14,observed,-0.027653675
MG,S1,2009,268.91,observed,-0.027653675
MG,S1,2010,315.39,observed,-0.027653675
MG,S1,2011,367.35,observed,-0.027653675
MG,S1,2012,358.97,observed,-0.027653675
MG,S1,2013,351.52,observed,-0.027653675
MG,S1,2014,331.4,observed,-0.027653675
MG,S1,2015,324.02,observed,-0.027653675
MG,S1,2016,357.9,observed,-0.027653675
MG,S1,2017,409.09,observed,-0.027653675
MG,S1,2018,424.37,observed,-0.027653675
MG,S1,2019,449.39,observed,-0.027653675
MG,S1,2020,416.67,observed,-0.027653675
MG,S1,2021,486.17,observed,-0.027653675
MG,S1,2022,477.27,observed,-0.027653675
MG,S1,2023,423.39,observed,-0.027653675
MG,S1,2024,432.1,observed,-0.027653675
MG,S1,2025,444.0492,pathway,-0.027653675
MG,S1,2026,456.3287,pathway,-0.027653675
MG,S1,2027,468.9479,pathway,-0.027653675
MG,S1,2028,481.916,pathway,-0.027653675
MG,S1,2029,495.2428,pathway,-0.027653675
MG,S1,2030,508.9381,pathway,-0.027653675
MG,S1,2031,523.0121,pathway,-0.027653675
MG,S1,2032,537.4753,pathway,-0.027653675
MG,S1,2033,552.3385,pathway,-0.027653675
MG,S1,2034,567.6126,pathway,-0.027653675
MG,S1,2035,583.3092,pathway,-0.027653675
MG,S1,2036,599.4399,pathway,-0.027653675
MG,S1,2037,616.0166,pathway,-0.027653675
MG,S1,2038,633.0517,pathway,-0.027653675
MG,S1,2039,650.5579,pathway,-0.027653675
MG,S1,2040,668.5482,pathway,-0.027653675
MG,S1,2041,687.036,pathway,-0.027653675
MG,S1,2042,706.0351,pathway,-0.027653675
MG,S1,2043,725.5596,pathway,-0.027653675
MG,S1,2044,745.624,pathway,-0.027653675
MG,S1,2045,766.2432,pathway,-0.027653675
MG,S1,2046,787.4327,pathway,-0.027653675
MG,S1,2047,809.2081,pathway,-0.027653675
MG,S1,2048,831.5856,pathway,-0.027653675
MG,S1,2049,854.582,pathway,-0.027653675
MG,S1,2050,878.2144,pathway,-0.027653675
MG,S1,2051,902.5002,pathway,-0.027653675
MG,S1,2052,927.4577,pathway,-0.027653675
MG,S1,2053,953.1053,pathway,-0.027653675
MG,S1,2054,979.4621,pathway,-0.027653675
MG,S1,2055,1006.5479,pathway,-0.027653675
MG,S1,2056,1034.3826,pathway,-0.027653675
MG,S1,2057,1062.9871,pathway,-0.027653675
MG,S1,2058,1092.3826,pathway,-0.027653675
MG,S1,2059,1122.591,pathway,-0.027653675
MG,S1,2060,1153.6348,pathway,-0.027653675
MG,S1,2061,1185.537,pathway,-0.027653675
MG,S1,2062,1218.3215,pathway,-0.027653675
MG,S1,2063,1252.0125,pathway,-0.027653675
MG,S1,2064,1286.6353,pathway,-0.027653675
MG,S1,2065,1322.2155,pathway,-0.027653675
MG,S1,2066,1358.7796,pathway,-0.027653675
MG,S1,2067,1396.3548,pathway,-0.027653675
MG,S1,2068,1434.9692,pathway,-0.027653675
MG,S1,2069,1474.6513,pathway,-0.027653675
MG,S1,2070,1515.4309,pathway,-0.027653675
MG,S1,2071,1557.3381,pathway,-0.027653675
MG,S1,2072,1600.4042,pathway,-0.027653675
MG,S1,2073,1644.6613,pathway,-0.027653675
MG,S1,2074,1690.1422,pathway,-0.027653675
MG,S1,2075,1736.8809,pathway,-0.027653675
MG,S1,2076,1784.912,pathway,-0.027653675
MG,S1,2077,1834.2714,pathway,-0.027653675
MG,S1,2078,1884.9957,pathway,-0.027653675
MG,S1,2079,1937.1228,pathway,-0.027653675
MG,S1,2080,1990.6913,pathway,-0.027653675
MG,S1,2081,2045.7413,pathway,-0.027653675
MG,S1,2082,2102.3135,pathway,-0.027653675
MG,S1,2083,2160.4502,pathway,-0.027653675
MG,S1,2084,2220.1946,pathway,-0.027653675
MG,S1,2085,2281.5912,pathway,-0.027653675
MG,S1,2086,2344.6855,pathway,-0.027653675
MG,S1,2087,2409.5247,pathway,-0.027653675
MG,S1,2088,2476.1569,pathway,-0.027653675
MG,S1,2089,2544.6318,pathway,-0.027653675
MG,S1,2090,2615.0002,pathway,-0.027653675
MG,S1,2091,2687.3146,pathway,-0.027653675
MG,S1,2092,2761.6287,pathway,-0.027653675
MG,S1,2093,2837.9979,pathway,-0.027653675
MG,S1,2094,2916.4789,pathway,-0.027653675
MG,S1,2095,2997.1303,pathway,-0.027653675
MG,S1,2096,3080.012,pathway,-0.027653675
MG,S1,2097,3165.1856,pathway,-0.027653675
MG,S1,2098,3252.7146,pathway,-0.027653675
MG,S1,2099,3342.6641,pathway,-0.027653675
MG,S1,2100,3435.1011,pathway,-0.027653675
MK,S1,1990,925.22,observed,0.02820018
MK,S1,1991,866.55,observed,0.02820018
MK,S1,1992,873.15,observed,0.02820018
MK,S1,1993,909.27,observed,0.02820018
MK,S1,1994,898.99,observed,0.02820018
MK,S1,1995,884.18,observed,0.02820018
MK,S1,1996,885.54,observed,0.02820018
MK,S1,1997,879.64,observed,0.02820018
MK,S1,1998,860.99,observed,0.02820018
MK,S1,1999,811.95,observed,0.02820018
MK,S1,2000,822.32,observed,0.02820018
MK,S1,2001,907.38,observed,0.02820018
MK,S1,2002,880.13,observed,0.02820018
MK,S1,2003,811.29,observed,0.02820018
MK,S1,2004,794.29,observed,0.02820018
MK,S1,2005,802.59,observed,0.02820018
MK,S1,2006,768.9,observed,0.02820018
MK,S1,2007,835.39,observed,0.02820018
MK,S1,2008,873.22,observed,0.02820018
MK,S1,2009,816.72,observed,0.02820018
MK,S1,2010,677.69,observed,0.02820018
MK,S1,2011,794.38,observed,0.02820018
MK,S1,2012,819.49,observed,0.02820018
MK,S1,2013,719.21,observed,0.02820018
MK,S1,2014,749.07,observed,0.02820018
MK,S1,2015,631.86,observed,0.02820018
MK,S1,2016,593.25,observed,0.02820018
MK,S1,2017,705.36,observed,0.02820018
MK,S1,2018,595.37,observed,0.02820018
MK,S1,2019,700.17,observed,0.02820018
MK,S1,2020,623.6,observed,0.02820018
MK,S1,2021,562.39,observed,0.02820018
MK,S1,2022,624.58,observed,0.02820018
MK,S1,2023,568.94,observed,0.02820018
MK,S1,2024,510.3,observed,0.02820018
MK,S1,2025,441.35,observed,0.02820018
MK,S1,2026,428.9039,pathway,0.02820018
MK,S1,2027,416.8087,pathway,0.02820018
MK,S1,2028,405.0546,pathway,0.02820018
MK,S1,2029,393.632,pathway,0.02820018
MK,S1,2030,382.5315,pathway,0.02820018
MK,S1,2031,371.744,pathway,0.02820018
MK,S1,2032,361.2608,pathway,0.02820018
MK,S1,2033,351.0732,pathway,0.02820018
MK,S1,2034,341.1728,pathway,0.02820018
MK,S1,2035,331.5517,pathway,0.02820018
MK,S1,2036,322.2019,pathway,0.02820018
MK,S1,2037,313.1157,pathway,0.02820018
MK,S1,2038,304.2858,pathway,0.02820018
MK,S1,2039,295.7049,pathway,0.02820018
MK,S1,2040,287.366,pathway,0.02820018
MK,S1,2041,279.2622,pathway,0.02820018
MK,S1,2042,271.387,pathway,0.02820018
MK,S1,2043,263.7338,pathway,0.02820018
MK,S1,2044,256.2965,pathway,0.02820018
MK,S1,2045,249.0689,pathway,0.02820018
MK,S1,2046,242.0451,pathway,0.02820018
MK,S1,2047,235.2193,pathway,0.02820018
MK,S1,2048,228.5861,pathway,0.02820018
MK,S1,2049,222.14,pathway,0.02820018
MK,S1,2050,215.8756,pathway,0.02820018
MK,S1,2051,209.7878,pathway,0.02820018
MK,S1,2052,203.8718,pathway,0.02820018
MK,S1,2053,198.1226,pathway,0.02820018
MK,S1,2054,192.5355,pathway,0.02820018
MK,S1,2055,187.1059,pathway,0.02820018
MK,S1,2056,181.8295,pathway,0.02820018
MK,S1,2057,176.7019,pathway,0.02820018
MK,S1,2058,171.7189,pathway,0.02820018
MK,S1,2059,166.8764,pathway,0.02820018
MK,S1,2060,162.1704,pathway,0.02820018
MK,S1,2061,157.5972,pathway,0.02820018
MK,S1,2062,153.1529,pathway,0.02820018
MK,S1,2063,148.834,pathway,0.02820018
MK,S1,2064,144.6368,pathway,0.02820018
MK,S1,2065,140.558,pathway,0.02820018
MK,S1,2066,136.5943,pathway,0.02820018
MK,S1,2067,132.7423,pathway,0.02820018
MK,S1,2068,128.9989,pathway,0.02820018
MK,S1,2069,125.3611,pathway,0.02820018
MK,S1,2070,121.8259,pathway,0.02820018
MK,S1,2071,118.3904,pathway,0.02820018
MK,S1,2072,115.0518,pathway,0.02820018
MK,S1,2073,111.8073,pathway,0.02820018
MK,S1,2074,108.6543,pathway,0.02820018
MK,S1,2075,105.5903,pathway,0.02820018
MK,S1,2076,102.6126,pathway,0.02820018
MK,S1,2077,99.7189,pathway,0.02820018
MK,S1,2078,96.9068,pathway,0.02820018
MK,S1,2079,94.174,pathway,0.02820018
MK,S1,2080,91.5183,pathway,0.02820018
MK,S1,2081,88.9375,pathway,0.02820018
MK,S1,2082,86.4294,pathway,0.02820018
MK,S1,2083,83.9921,pathway,0.02820018
MK,S1,2084,81.6235,pathway,0.02820018
MK,S1,2085,79.3217,pathway,0.02820018
MK,S1,2086,77.0848,pathway,0.02820018
MK,S1,2087,74.911,pathway,0.02820018
MK,S1,2088,72.7985,pathway,0.02820018
MK,S1,2089,70.7456,pathway,0.02820018
MK,S1,2090,68.7505,pathway,0.02820018
MK,S1,2091,66.8118,pathway,0.02820018
MK,S1,2092,64.9277,pathway,0.02820018
MK,S1,2093,63.0967,pathway,0.02820018
MK,S1,2094,61.3173,pathway,0.02820018
MK,S1,2095,59.5882,pathway,0.02820018
MK,S1,2096,57.9078,pathway,0.02820018
MK,S1,2097,56.2748,pathway,0.02820018
MK,S1,2098,54.6878,pathway,0.02820018
MK,S1,2099,53.1456,pathway,0.02820018
MK,S1,2100,51.6469,pathway,0.02820018
MK,S2,1990,925.22,observed,0.02820018
MK,S2,1991,866.55,observed,0.02820018
MK,S2,1992,873.15,observed,0.02820018
MK,S2,1993,909.27,observed,0.02820018
MK,S2,1994,898.99,observed,0.02820018
MK,S2,1995,884.18,observed,0.02820018
MK,S2,1996,885.54,observed,0.02820018
MK,S2,1997,879.64,observed,0.02820018
MK,S2,1998,860.99,observed,0.02820018
MK,S2,1999,811.95,observed,0.02820018
MK,S2,2000,822.32,observed,0.02820018
MK,S2,2001,907.38,observed,0.02820018
MK,S2,2002,880.13,observed,0.02820018
MK,S2,2003,811.29,observed,0.02820018
MK,S2,2004,794.29,observed,0.02820018
MK,S2,2005,802.59,observed,0.02820018
MK,S2,2006,768.9,observed,0.02820018
MK,S2,2007,835.39,observed,0.02820018
MK,S2,2008,873.22,observed,0.02820018
MK,S2,2009,816.72,observed,0.02820018
MK,S2,2010,677.69,observed,0.02820018
MK,S2,2011,794.38,observed,0.02820018
MK,S2,2012,819.49,observed,0.02820018
MK,S2,2013,719.21,observed,0.02820018
MK,S2,2014,749.07,observed,0.02820018
MK,S2,2015,631.86,observed,0.02820018
MK,S2,2016,593.25,observed,0.02820018
MK,S2,2017,705.36,observed,0.02820018
MK,S2,2018,595.37,observed,0.02820018
MK,S2,2019,700.17,observed,0.02820018
MK,S2,2020,623.6,observed,0.02820018
MK,S2,2021,562.39,observed,0.02820018
MK,S2,2022,624.58,observed,0.02820018
MK,S2,2023,568.94,observed,0.02820018
MK,S2,2024,510.3,observed,0.02820018
MK,S2,2025,441.35,observed,0.02820018
MK,S2,2026,428.9039,pathway,0.02820018
MK,S2,2027,416.8087,pathway,0.02820018
MK,S2,2028,405.0546,pathway,0.02820018
MK,S2,2029,393.632,pathway,0.02820018
MK,S2,2030,382.5315,pathway,0.02820018
MK,S2,2031,371.744,pathway,0.02820018
MK,S2,2032,361.2608,pathway,0.02820018
MK,S2,2033,351.0732,pathway,0.02820018
MK,S2,2034,341.1728,pathway,0.02820018
MK,S2,2035,331.5517,pathway,0.02820018
MK,S2,2036,322.2019,pathway,0.02820018
MK,S2,2037,313.1157,pathway,0.02820018
MK,S2,2038,304.2858,pathway,0.02820018
MK,S2,2039,295.7049,pathway,0.02820018
MK,S2,2040,287.366,pathway,0.02820018
MK,S2,2041,279.2622,pathway,0.02820018
MK,S2,2042,271.387,pathway,0.02820018
MK,S2,2043,263.7338,pathway,0.02820018
MK,S2,2044,256.2965,pathway,0.02820018
MK,S2,2045,249.0689,pathway,0.02820018
MK,S2,2046,242.0451,pathway,0.02820018
MK,S2,2047,235.2193,pathway,0.02820018
MK,S2,2048,228.5861,pathway,0.02820018
MK,S2,2049,222.14,pathway,0.02820018
MK,S2,2050,215.8756,pathway,0.02820018
MK,S2,2051,209.7878,pathway,0.02820018
MK,S2,2052,203.8718,pathway,0.02820018
MK,S2,2053,198.1226,pathway,0.02820018
MK,S2,2054,192.5355,pathway,0.02820018
MK,S2,2055,187.1059,pathway,0.02820018
MK,S2,2056,181.8295,pathway,0.02820018
MK,S2,2057,176.7019,pathway,0.02820018
MK,S2,2058,171.7189,pathway,0.02820018
MK,S2,2059,166.8764,pathway,0.02820018
MK,S2,2060,162.1704,pathway,0.02820018
MK,S2,2061,157.5972,pathway,0.02820018
MK,S2,2062,153.1529,pathway,0.02820018
MK,S2,2063,148.834,pathway,0.02820018
MK,S2,2064,144.6368,pathway,0.02820018
MK,S2,2065,140.558,pathway,0.02820018
MK,S2,2066,136.5943,pathway,0.02820018
MK,S2,2067,132.7423,pathway,0.02820018
MK,S2,2068,128.9989,pathway,0.02820018
MK,S2,2069,125.3611,pathway,0.02820018
MK,S2,2070,121.8259,pathway,0.02820018
MK,S2,2071,118.3904,pathway,0.02820018
MK,S2,2072,115.0518,pathway,0.02820018
MK,S2,2073,111.8073,pathway,0.02820018
MK,S2,2074,108.6543,pathway,0.02820018
MK,S2,2075,105.5903,pathway,0.02820018
MK,S2,2076,102.6126,pathway,0.02820018
MK,S2,2077,99.7189,pathway,0.02820018
MK,S2,2078,96.9068,pathway,0.02820018
MK,S2,2079,94.174,pathway,0.02820018
MK,S2,2080,91.5183,pathway,0.02820018
MK,S2,2081,88.9375,pathway,0.02820018
MK,S2,2082,86.4294,pathway,0.02820018
MK,S2,2083,83.9921,pathway,0.02820018
MK,S2,2084,81.6235,pathway,0.02820018
MK,S2,2085,79.3217,pathway,0.02820018
MK,S2,2086,77.0848,pathway,0.02820018
MK,S2,2087,74.911,pathway,0.02820018
MK,S2,2088,72.7985,pathway,0.02820018
MK,S2,2089,70.7456,pathway,0.02820018
MK,S2,2090,68.7505,pathway,0.02820018
MK,S2,2091,66.8118,pathway,0.02820018
MK,S2,2092,64.9277,pathway,0.02820018
MK,S2,2093,63.0967,pathway,0.02820018
MK,S2,2094,61.3173,pathway,0.02820018
MK,S2,2095,59.5882,pathway,0.02820018
MK,S2,2096,57.9078,pathway,0.02820018
MK,S2,2097,56.2748,pathway,0.02820018
MK,S2,2098,54.6878,pathway,0.02820018
MK,S2,2099,53.1456,pathway,0.02820018
MK,S2,2100,51.6469,pathway,0.02820018
MM,S1,2000,568.63,observed,-0.030616042
MM,S1,2001,558.89,observed,-0.030616042
MM,S1,2002,550.3,observed,-0.030616042
MM,S1,2003,581.18,observed,-0.030616042
MM,S1,2004,543.67,observed,-0.030616042
MM,S1,2005,478.41,observed,-0.030616042
MM,S1,2006,438.51,observed,-0.030616042
MM,S1,2007,412.5,observed,-0.030616042
MM,S1,2008,371.6,observed,-0.030616042
MM,S1,2009,243.9,observed,-0.030616042
MM,S1,2010,277.26,observed,-0.030616042
MM,S1,2011,275.17,observed,-0.030616042
MM,S1,2012,284.05,observed,-0.030616042
MM,S1,2013,276.08,observed,-0.030616042
MM,S1,2014,366.23,observed,-0.030616042
MM,S1,2015,398.15,observed,-0.030616042
MM,S1,2016,439.85,observed,-0.030616042
MM,S1,2017,451.05,observed,-0.030616042
MM,S1,2018,405.27,observed,-0.030616042
MM,S1,2019,419.26,observed,-0.030616042
MM,S1,2020,487.22,observed,-0.030616042
MM,S1,2021,484.48,observed,-0.030616042
MM,S1,2022,563.87,observed,-0.030616042
MM,S1,2023,515.64,observed,-0.030616042
MM,S1,2024,502.99,observed,-0.030616042
MM,S1,2025,518.3896,pathway,-0.030616042
MM,S1,2026,534.2606,pathway,-0.030616042
MM,S1,2027,550.6175,pathway,-0.030616042
MM,S1,2028,567.4753,pathway,-0.030616042
MM,S1,2029,584.8491,pathway,-0.030616042
MM,S1,2030,602.7549,pathway,-0.030616042
MM,S1,2031,621.2089,pathway,-0.030616042
MM,S1,2032,640.2278,pathway,-0.030616042
MM,S1,2033,659.8291,pathway,-0.030616042
MM,S1,2034,680.0304,pathway,-0.030616042
MM,S1,2035,700.8502,pathway,-0.030616042
MM,S1,2036,722.3075,pathway,-0.030616042
MM,S1,2037,744.4217,pathway,-0.030616042
MM,S1,2038,767.213,pathway,-0.030616042
MM,S1,2039,790.702,pathway,-0.030616042
MM,S1,2040,814.9101,pathway,-0.030616042
MM,S1,2041,839.8595,pathway,-0.030616042
MM,S1,2042,865.5726,pathway,-0.030616042
MM,S1,2043,892.073,pathway,-0.030616042
MM,S1,2044,919.3848,pathway,-0.030616042
MM,S1,2045,947.5327,pathway,-0.030616042
MM,S1,2046,976.5424,pathway,-0.030616042
MM,S1,2047,1006.4403,pathway,-0.030616042
MM,S1,2048,1037.2535,pathway,-0.030616042
MM,S1,2049,1069.0101,pathway,-0.030616042
MM,S1,2050,1101.7389,pathway,-0.030616042
MM,S1,2051,1135.4698,pathway,-0.030616042
MM,S1,2052,1170.2334,pathway,-0.030616042
MM,S1,2053,1206.0613,pathway,-0.030616042
MM,S1,2054,1242.9862,pathway,-0.030616042
MM,S1,2055,1281.0415,pathway,-0.030616042
MM,S1,2056,1320.2619,pathway,-0.030616042
MM,S1,2057,1360.6831,pathway,-0.030616042
MM,S1,2058,1402.3418,pathway,-0.030616042
MM,S1,2059,1445.276,pathway,-0.030616042
MM,S1,2060,1489.5246,pathway,-0.030616042
MM,S1,2061,1535.128,pathway,-0.030616042
MM,S1,2062,1582.1275,pathway,-0.030616042
MM,S1,2063,1630.566,pathway,-0.030616042
MM,S1,2064,1680.4875,pathway,-0.030616042
MM,S1,2065,1731.9373,pathway,-0.030616042
MM,S1,2066,1784.9624,pathway,-0.030616042
MM,S1,2067,1839.6109,pathway,-0.030616042
MM,S1,2068,1895.9325,pathway,-0.030616042
MM,S1,2069,1953.9784,pathway,-0.030616042
MM,S1,2070,2013.8015,pathway,-0.030616042
MM,S1,2071,2075.4562,pathway,-0.030616042
MM,S1,2072,2138.9984,pathway,-0.030616042
MM,S1,2073,2204.4861,pathway,-0.030616042
MM,S1,2074,2271.9787,pathway,-0.030616042
MM,S1,2075,2341.5377,pathway,-0.030616042
MM,S1,2076,2413.2263,pathway,-0.030616042
MM,S1,2077,2487.1098,pathway,-0.030616042
MM,S1,2078,2563.2552,pathway,-0.030616042
MM,S1,2079,2641.732,pathway,-0.030616042
MM,S1,2080,2722.6113,pathway,-0.030616042
MM,S1,2081,2805.9669,pathway,-0.030616042
MM,S1,2082,2891.8745,pathway,-0.030616042
MM,S1,2083,2980.4123,pathway,-0.030616042
MM,S1,2084,3071.6607,pathway,-0.030616042
MM,S1,2085,3165.7028,pathway,-0.030616042
MM,S1,2086,3262.6241,pathway,-0.030616042
MM,S1,2087,3362.5127,pathway,-0.030616042
MM,S1,2088,3465.4595,pathway,-0.030616042
MM,S1,2089,3571.5582,pathway,-0.030616042
MM,S1,2090,3680.9052,pathway,-0.030616042
MM,S1,2091,3793.5999,pathway,-0.030616042
MM,S1,2092,3909.7449,pathway,-0.030616042
MM,S1,2093,4029.4459,pathway,-0.030616042
MM,S1,2094,4152.8115,pathway,-0.030616042
MM,S1,2095,4279.9542,pathway,-0.030616042
MM,S1,2096,4410.9894,pathway,-0.030616042
MM,S1,2097,4546.0365,pathway,-0.030616042
MM,S1,2098,4685.2181,pathway,-0.030616042
MM,S1,2099,4828.661,pathway,-0.030616042
MM,S1,2100,4976.4955,pathway,-0.030616042
MN,S1,2000,910.35,observed,0.007271161
MN,S1,2001,909.09,observed,0.007271161
MN,S1,2002,909.39,observed,0.007271161
MN,S1,2003,909.97,observed,0.007271161
MN,S1,2004,908.54,observed,0.007271161
MN,S1,2005,908.82,observed,0.007271161
MN,S1,2006,909.35,observed,0.007271161
MN,S1,2007,905.66,observed,0.007271161
MN,S1,2008,905.0,observed,0.007271161
MN,S1,2009,898.52,observed,0.007271161
MN,S1,2010,893.52,observed,0.007271161
MN,S1,2011,889.87,observed,0.007271161
MN,S1,2012,889.81,observed,0.007271161
MN,S1,2013,880.48,observed,0.007271161
MN,S1,2014,868.03,observed,0.007271161
MN,S1,2015,867.51,observed,0.007271161
MN,S1,2016,867.73,observed,0.007271161
MN,S1,2017,865.67,observed,0.007271161
MN,S1,2018,843.23,observed,0.007271161
MN,S1,2019,812.68,observed,0.007271161
MN,S1,2020,810.24,observed,0.007271161
MN,S1,2021,802.42,observed,0.007271161
MN,S1,2022,814.19,observed,0.007271161
MN,S1,2023,816.65,observed,0.007271161
MN,S1,2024,810.66,observed,0.007271161
MN,S1,2025,816.31,observed,0.007271161
MN,S1,2026,810.3745,pathway,0.007271161
MN,S1,2027,804.4821,pathway,0.007271161
MN,S1,2028,798.6326,pathway,0.007271161
MN,S1,2029,792.8256,pathway,0.007271161
MN,S1,2030,787.0608,pathway,0.007271161
MN,S1,2031,781.338,pathway,0.007271161
MN,S1,2032,775.6568,pathway,0.007271161
MN,S1,2033,770.0168,pathway,0.007271161
MN,S1,2034,764.4179,pathway,0.007271161
MN,S1,2035,758.8597,pathway,0.007271161
MN,S1,2036,753.3419,pathway,0.007271161
MN,S1,2037,747.8643,pathway,0.007271161
MN,S1,2038,742.4264,pathway,0.007271161
MN,S1,2039,737.0281,pathway,0.007271161
MN,S1,2040,731.6691,pathway,0.007271161
MN,S1,2041,726.349,pathway,0.007271161
MN,S1,2042,721.0676,pathway,0.007271161
MN,S1,2043,715.8246,pathway,0.007271161
MN,S1,2044,710.6197,pathway,0.007271161
MN,S1,2045,705.4527,pathway,0.007271161
MN,S1,2046,700.3232,pathway,0.007271161
MN,S1,2047,695.2311,pathway,0.007271161
MN,S1,2048,690.1759,pathway,0.007271161
MN,S1,2049,685.1575,pathway,0.007271161
MN,S1,2050,680.1756,pathway,0.007271161
MN,S1,2051,675.23,pathway,0.007271161
MN,S1,2052,670.3203,pathway,0.007271161
MN,S1,2053,665.4463,pathway,0.007271161
MN,S1,2054,660.6077,pathway,0.007271161
MN,S1,2055,655.8043,pathway,0.007271161
MN,S1,2056,651.0359,pathway,0.007271161
MN,S1,2057,646.3021,pathway,0.007271161
MN,S1,2058,641.6027,pathway,0.007271161
MN,S1,2059,636.9375,pathway,0.007271161
MN,S1,2060,632.3062,pathway,0.007271161
MN,S1,2061,627.7086,pathway,0.007271161
MN,S1,2062,623.1445,pathway,0.007271161
MN,S1,2063,618.6135,pathway,0.007271161
MN,S1,2064,614.1154,pathway,0.007271161
MN,S1,2065,609.6501,pathway,0.007271161
MN,S1,2066,605.2172,pathway,0.007271161
MN,S1,2067,600.8166,pathway,0.007271161
MN,S1,2068,596.448,pathway,0.007271161
MN,S1,2069,592.1111,pathway,0.007271161
MN,S1,2070,587.8058,pathway,0.007271161
MN,S1,2071,583.5317,pathway,0.007271161
MN,S1,2072,579.2888,pathway,0.007271161
MN,S1,2073,575.0767,pathway,0.007271161
MN,S1,2074,570.8952,pathway,0.007271161
MN,S1,2075,566.7441,pathway,0.007271161
MN,S1,2076,562.6233,pathway,0.007271161
MN,S1,2077,558.5323,pathway,0.007271161
MN,S1,2078,554.4711,pathway,0.007271161
MN,S1,2079,550.4395,pathway,0.007271161
MN,S1,2080,546.4372,pathway,0.007271161
MN,S1,2081,542.4639,pathway,0.007271161
MN,S1,2082,538.5196,pathway,0.007271161
MN,S1,2083,534.6039,pathway,0.007271161
MN,S1,2084,530.7167,pathway,0.007271161
MN,S1,2085,526.8578,pathway,0.007271161
MN,S1,2086,523.0269,pathway,0.007271161
MN,S1,2087,519.2239,pathway,0.007271161
MN,S1,2088,515.4486,pathway,0.007271161
MN,S1,2089,511.7007,pathway,0.007271161
MN,S1,2090,507.98,pathway,0.007271161
MN,S1,2091,504.2864,pathway,0.007271161
MN,S1,2092,500.6196,pathway,0.007271161
MN,S1,2093,496.9796,pathway,0.007271161
MN,S1,2094,493.3659,pathway,0.007271161
MN,S1,2095,489.7786,pathway,0.007271161
MN,S1,2096,486.2173,pathway,0.007271161
MN,S1,2097,482.682,pathway,0.007271161
MN,S1,2098,479.1723,pathway,0.007271161
MN,S1,2099,475.6882,pathway,0.007271161
MN,S1,2100,472.2294,pathway,0.007271161
MX,S1,2000,525.39,observed,0.014247304
MX,S1,2001,543.91,observed,0.014247304
MX,S1,2002,553.42,observed,0.014247304
MX,S1,2003,570.17,observed,0.014247304
MX,S1,2004,553.93,observed,0.014247304
MX,S1,2005,555.83,observed,0.014247304
MX,S1,2006,546.81,observed,0.014247304
MX,S1,2007,554.21,observed,0.014247304
MX,S1,2008,522.04,observed,0.014247304
MX,S1,2009,554.08,observed,0.014247304
MX,S1,2010,541.93,observed,0.014247304
MX,S1,2011,539.79,observed,0.014247304
MX,S1,2012,550.26,observed,0.014247304
MX,S1,2013,546.82,observed,0.014247304
MX,S1,2014,525.6,observed,0.014247304
MX,S1,2015,533.9,observed,0.014247304
MX,S1,2016,537.6,observed,0.014247304
MX,S1,2017,533.68,observed,0.014247304
MX,S1,2018,523.92,observed,0.014247304
MX,S1,2019,525.73,observed,0.014247304
MX,S1,2020,484.05,observed,0.014247304
MX,S1,2021,456.25,observed,0.014247304
MX,S1,2022,464.38,observed,0.014247304
MX,S1,2023,489.05,observed,0.014247304
MX,S1,2024,483.14,observed,0.014247304
MX,S1,2025,474.02,observed,0.014247304
MX,S1,2026,467.2665,pathway,0.014247304
MX,S1,2027,460.6092,pathway,0.014247304
MX,S1,2028,454.0468,pathway,0.014247304
MX,S1,2029,447.5778,pathway,0.014247304
MX,S1,2030,441.201,pathway,0.014247304
MX,S1,2031,434.9151,pathway,0.014247304
MX,S1,2032,428.7188,pathway,0.014247304
MX,S1,2033,422.6107,pathway,0.014247304
MX,S1,2034,416.5896,pathway,0.014247304
MX,S1,2035,410.6543,pathway,0.014247304
MX,S1,2036,404.8036,pathway,0.014247304
MX,S1,2037,399.0362,pathway,0.014247304
MX,S1,2038,393.3511,pathway,0.014247304
MX,S1,2039,387.7469,pathway,0.014247304
MX,S1,2040,382.2225,pathway,0.014247304
MX,S1,2041,376.7769,pathway,0.014247304
MX,S1,2042,371.4088,pathway,0.014247304
MX,S1,2043,366.1172,pathway,0.014247304
MX,S1,2044,360.9011,pathway,0.014247304
MX,S1,2045,355.7592,pathway,0.014247304
MX,S1,2046,350.6906,pathway,0.014247304
MX,S1,2047,345.6942,pathway,0.014247304
MX,S1,2048,340.769,pathway,0.014247304
MX,S1,2049,335.9139,pathway,0.014247304
MX,S1,2050,331.1281,pathway,0.014247304
MX,S1,2051,326.4104,pathway,0.014247304
MX,S1,2052,321.7599,pathway,0.014247304
MX,S1,2053,317.1757,pathway,0.014247304
MX,S1,2054,312.6568,pathway,0.014247304
MX,S1,2055,308.2023,pathway,0.014247304
MX,S1,2056,303.8112,pathway,0.014247304
MX,S1,2057,299.4828,pathway,0.014247304
MX,S1,2058,295.2159,pathway,0.014247304
MX,S1,2059,291.0099,pathway,0.014247304
MX,S1,2060,286.8638,pathway,0.014247304
MX,S1,2061,282.7768,pathway,0.014247304
MX,S1,2062,278.748,pathway,0.014247304
MX,S1,2063,274.7765,pathway,0.014247304
MX,S1,2064,270.8617,pathway,0.014247304
MX,S1,2065,267.0027,pathway,0.014247304
MX,S1,2066,263.1986,pathway,0.014247304
MX,S1,2067,259.4487,pathway,0.014247304
MX,S1,2068,255.7523,pathway,0.014247304
MX,S1,2069,252.1085,pathway,0.014247304
MX,S1,2070,248.5166,pathway,0.014247304
MX,S1,2071,244.9759,pathway,0.014247304
MX,S1,2072,241.4857,pathway,0.014247304
MX,S1,2073,238.0452,pathway,0.014247304
MX,S1,2074,234.6537,pathway,0.014247304
MX,S1,2075,231.3105,pathway,0.014247304
MX,S1,2076,228.0149,pathway,0.014247304
MX,S1,2077,224.7663,pathway,0.014247304
MX,S1,2078,221.564,pathway,0.014247304
MX,S1,2079,218.4073,pathway,0.014247304
MX,S1,2080,215.2956,pathway,0.014247304
MX,S1,2081,212.2282,pathway,0.014247304
MX,S1,2082,209.2046,pathway,0.014247304
MX,S1,2083,206.224,pathway,0.014247304
MX,S1,2084,203.2858,pathway,0.014247304
MX,S1,2085,200.3896,pathway,0.014247304
MX,S1,2086,197.5345,pathway,0.014247304
MX,S1,2087,194.7202,pathway,0.014247304
MX,S1,2088,191.946,pathway,0.014247304
MX,S1,2089,189.2113,pathway,0.014247304
MX,S1,2090,186.5155,pathway,0.014247304
MX,S1,2091,183.8582,pathway,0.014247304
MX,S1,2092,181.2387,pathway,0.014247304
MX,S1,2093,178.6565,pathway,0.014247304
MX,S1,2094,176.1111,pathway,0.014247304
MX,S1,2095,173.602,pathway,0.014247304
MX,S1,2096,171.1287,pathway,0.014247304
MX,S1,2097,168.6906,pathway,0.014247304
MX,S1,2098,166.2872,pathway,0.014247304
MX,S1,2099,163.918,pathway,0.014247304
MX,S1,2100,161.5826,pathway,0.014247304
MY,S1,2000,581.83,observed,0.009089356
MY,S1,2001,600.03,observed,0.009089356
MY,S1,2002,618.28,observed,0.009089356
MY,S1,2003,631.14,observed,0.009089356
MY,S1,2004,649.8,observed,0.009089356
MY,S1,2005,652.46,observed,0.009089356
MY,S1,2006,652.66,observed,0.009089356
MY,S1,2007,662.28,observed,0.009089356
MY,S1,2008,651.06,observed,0.009089356
MY,S1,2009,666.61,observed,0.009089356
MY,S1,2010,688.98,observed,0.009089356
MY,S1,2011,685.69,observed,0.009089356
MY,S1,2012,682.73,observed,0.009089356
MY,S1,2013,666.03,observed,0.009089356
MY,S1,2014,662.3,observed,0.009089356
MY,S1,2015,669.18,observed,0.009089356
MY,S1,2016,649.28,observed,0.009089356
MY,S1,2017,620.58,observed,0.009089356
MY,S1,2018,630.32,observed,0.009089356
MY,S1,2019,626.05,observed,0.009089356
MY,S1,2020,633.7,observed,0.009089356
MY,S1,2021,611.44,observed,0.009089356
MY,S1,2022,604.04,observed,0.009089356
MY,S1,2023,607.88,observed,0.009089356
MY,S1,2024,600.44,observed,0.009089356
MY,S1,2025,601.97,observed,0.009089356
MY,S1,2026,596.4985,pathway,0.009089356
MY,S1,2027,591.0767,pathway,0.009089356
MY,S1,2028,585.7042,pathway,0.009089356
MY,S1,2029,580.3805,pathway,0.009089356
MY,S1,2030,575.1052,pathway,0.009089356
MY,S1,2031,569.8779,pathway,0.009089356
MY,S1,2032,564.6981,pathway,0.009089356
MY,S1,2033,559.5653,pathway,0.009089356
MY,S1,2034,554.4792,pathway,0.009089356
MY,S1,2035,549.4394,pathway,0.009089356
MY,S1,2036,544.4453,pathway,0.009089356
MY,S1,2037,539.4967,pathway,0.009089356
MY,S1,2038,534.593,pathway,0.009089356
MY,S1,2039,529.7339,pathway,0.009089356
MY,S1,2040,524.9189,pathway,0.009089356
MY,S1,2041,520.1478,pathway,0.009089356
MY,S1,2042,515.42,pathway,0.009089356
MY,S1,2043,510.7351,pathway,0.009089356
MY,S1,2044,506.0929,pathway,0.009089356
MY,S1,2045,501.4928,pathway,0.009089356
MY,S1,2046,496.9346,pathway,0.009089356
MY,S1,2047,492.4178,pathway,0.009089356
MY,S1,2048,487.942,pathway,0.009089356
MY,S1,2049,483.5069,pathway,0.009089356
MY,S1,2050,479.1122,pathway,0.009089356
MY,S1,2051,474.7573,pathway,0.009089356
MY,S1,2052,470.4421,pathway,0.009089356
MY,S1,2053,466.1661,pathway,0.009089356
MY,S1,2054,461.9289,pathway,0.009089356
MY,S1,2055,457.7303,pathway,0.009089356
MY,S1,2056,453.5698,pathway,0.009089356
MY,S1,2057,449.4472,pathway,0.009089356
MY,S1,2058,445.362,pathway,0.009089356
MY,S1,2059,441.3139,pathway,0.009089356
MY,S1,2060,437.3027,pathway,0.009089356
MY,S1,2061,433.3279,pathway,0.009089356
MY,S1,2062,429.3892,pathway,0.009089356
MY,S1,2063,425.4863,pathway,0.009089356
MY,S1,2064,421.6189,pathway,0.009089356
MY,S1,2065,417.7867,pathway,0.009089356
MY,S1,2066,413.9893,pathway,0.009089356
MY,S1,2067,410.2264,pathway,0.009089356
MY,S1,2068,406.4977,pathway,0.009089356
MY,S1,2069,402.8029,pathway,0.009089356
MY,S1,2070,399.1417,pathway,0.009089356
MY,S1,2071,395.5137,pathway,0.009089356
MY,S1,2072,391.9187,pathway,0.009089356
MY,S1,2073,388.3565,pathway,0.009089356
MY,S1,2074,384.8266,pathway,0.009089356
MY,S1,2075,381.3287,pathway,0.009089356
MY,S1,2076,377.8627,pathway,0.009089356
MY,S1,2077,374.4282,pathway,0.009089356
MY,S1,2078,371.0249,pathway,0.009089356
MY,S1,2079,367.6525,pathway,0.009089356
MY,S1,2080,364.3108,pathway,0.009089356
MY,S1,2081,360.9994,pathway,0.009089356
MY,S1,2082,357.7181,pathway,0.009089356
MY,S1,2083,354.4667,pathway,0.009089356
MY,S1,2084,351.2448,pathway,0.009089356
MY,S1,2085,348.0523,pathway,0.009089356
MY,S1,2086,344.8887,pathway,0.009089356
MY,S1,2087,341.7539,pathway,0.009089356
MY,S1,2088,338.6475,pathway,0.009089356
MY,S1,2089,335.5695,pathway,0.009089356
MY,S1,2090,332.5194,pathway,0.009089356
MY,S1,2091,329.497,pathway,0.009089356
MY,S1,2092,326.502,pathway,0.009089356
MY,S1,2093,323.5344,pathway,0.009089356
MY,S1,2094,320.5936,pathway,0.009089356
MY,S1,2095,317.6796,pathway,0.009089356
MY,S1,2096,314.7921,pathway,0.009089356
MY,S1,2097,311.9309,pathway,0.009089356
MY,S1,2098,309.0956,pathway,0.009089356
MY,S1,2099,306.2862,pathway,0.009089356
MY,S1,2100,303.5022,pathway,0.009089356
MZ,S1,2000,25.08,observed,-0.027573156
MZ,S1,2001,26.36,observed,-0.027573156
MZ,S1,2002,25.44,observed,-0.027573156
MZ,S1,2003,25.95,observed,-0.027573156
MZ,S1,2004,26.72,observed,-0.027573156
MZ,S1,2005,25.1,observed,-0.027573156
MZ,S1,2006,25.36,observed,-0.027573156
MZ,S1,2007,24.51,observed,-0.027573156
MZ,S1,2008,24.72,observed,-0.027573156
MZ,S1,2009,24.42,observed,-0.027573156
MZ,S1,2010,24.6,observed,-0.027573156
MZ,S1,2011,27.73,observed,-0.027573156
MZ,S1,2012,28.06,observed,-0.027573156
MZ,S1,2013,32.95,observed,-0.027573156
MZ,S1,2014,32.32,observed,-0.027573156
MZ,S1,2015,68.01,observed,-0.027573156
MZ,S1,2016,132.56,observed,-0.027573156
MZ,S1,2017,147.96,observed,-0.027573156
MZ,S1,2018,139.44,observed,-0.027573156
MZ,S1,2019,154.29,observed,-0.027573156
MZ,S1,2020,128.29,observed,-0.027573156
MZ,S1,2021,131.5,observed,-0.027573156
MZ,S1,2022,127.81,observed,-0.027573156
MZ,S1,2023,128.76,observed,-0.027573156
MZ,S1,2024,129.36,observed,-0.027573156
MZ,S1,2025,132.9269,pathway,-0.027573156
MZ,S1,2026,136.5921,pathway,-0.027573156
MZ,S1,2027,140.3584,pathway,-0.027573156
MZ,S1,2028,144.2285,pathway,-0.027573156
MZ,S1,2029,148.2053,pathway,-0.027573156
MZ,S1,2030,152.2918,pathway,-0.027573156
MZ,S1,2031,156.491,pathway,-0.027573156
MZ,S1,2032,160.8059,pathway,-0.027573156
MZ,S1,2033,165.2398,pathway,-0.027573156
MZ,S1,2034,169.796,pathway,-0.027573156
MZ,S1,2035,174.4778,pathway,-0.027573156
MZ,S1,2036,179.2887,pathway,-0.027573156
MZ,S1,2037,184.2323,pathway,-0.027573156
MZ,S1,2038,189.3122,pathway,-0.027573156
MZ,S1,2039,194.5321,pathway,-0.027573156
MZ,S1,2040,199.896,pathway,-0.027573156
MZ,S1,2041,205.4077,pathway,-0.027573156
MZ,S1,2042,211.0715,pathway,-0.027573156
MZ,S1,2043,216.8914,pathway,-0.027573156
MZ,S1,2044,222.8717,pathway,-0.027573156
MZ,S1,2045,229.017,pathway,-0.027573156
MZ,S1,2046,235.3317,pathway,-0.027573156
MZ,S1,2047,241.8206,pathway,-0.027573156
MZ,S1,2048,248.4883,pathway,-0.027573156
MZ,S1,2049,255.3399,pathway,-0.027573156
MZ,S1,2050,262.3805,pathway,-0.027573156
MZ,S1,2051,269.6151,pathway,-0.027573156
MZ,S1,2052,277.0493,pathway,-0.027573156
MZ,S1,2053,284.6884,pathway,-0.027573156
MZ,S1,2054,292.5382,pathway,-0.027573156
MZ,S1,2055,300.6044,pathway,-0.027573156
MZ,S1,2056,308.893,pathway,-0.027573156
MZ,S1,2057,317.4101,pathway,-0.027573156
MZ,S1,2058,326.1621,pathway,-0.027573156
MZ,S1,2059,335.1554,pathway,-0.027573156
MZ,S1,2060,344.3967,pathway,-0.027573156
MZ,S1,2061,353.8928,pathway,-0.027573156
MZ,S1,2062,363.6508,pathway,-0.027573156
MZ,S1,2063,373.6778,pathway,-0.027573156
MZ,S1,2064,383.9813,pathway,-0.027573156
MZ,S1,2065,394.5688,pathway,-0.027573156
MZ,S1,2066,405.4483,pathway,-0.027573156
MZ,S1,2067,416.6278,pathway,-0.027573156
MZ,S1,2068,428.1156,pathway,-0.027573156
MZ,S1,2069,439.9201,pathway,-0.027573156
MZ,S1,2070,452.0501,pathway,-0.027573156
MZ,S1,2071,464.5145,pathway,-0.027573156
MZ,S1,2072,477.3226,pathway,-0.027573156
MZ,S1,2073,490.4839,pathway,-0.027573156
MZ,S1,2074,504.0081,pathway,-0.027573156
MZ,S1,2075,517.9052,pathway,-0.027573156
MZ,S1,2076,532.1855,pathway,-0.027573156
MZ,S1,2077,546.8595,pathway,-0.027573156
MZ,S1,2078,561.9382,pathway,-0.027573156
MZ,S1,2079,577.4326,pathway,-0.027573156
MZ,S1,2080,593.3542,pathway,-0.027573156
MZ,S1,2081,609.7149,pathway,-0.027573156
MZ,S1,2082,626.5266,pathway,-0.027573156
MZ,S1,2083,643.8019,pathway,-0.027573156
MZ,S1,2084,661.5536,pathway,-0.027573156
MZ,S1,2085,679.7947,pathway,-0.027573156
MZ,S1,2086,698.5388,pathway,-0.027573156
MZ,S1,2087,717.7997,pathway,-0.027573156
MZ,S1,2088,737.5917,pathway,-0.027573156
MZ,S1,2089,757.9294,pathway,-0.027573156
MZ,S1,2090,778.828,pathway,-0.027573156
MZ,S1,2091,800.3027,pathway,-0.027573156
MZ,S1,2092,822.3696,pathway,-0.027573156
MZ,S1,2093,845.0449,pathway,-0.027573156
MZ,S1,2094,868.3454,pathway,-0.027573156
MZ,S1,2095,892.2885,pathway,-0.027573156
MZ,S1,2096,916.8917,pathway,-0.027573156
MZ,S1,2097,942.1733,pathway,-0.027573156
MZ,S1,2098,968.152,pathway,-0.027573156
MZ,S1,2099,994.847,pathway,-0.027573156
MZ,S1,2100,1022.278,pathway,-0.027573156
NG,S1,2000,411.81,observed,0.00830373
NG,S1,2001,411.77,observed,0.00830373
NG,S1,2002,412.07,observed,0.00830373
NG,S1,2003,420.3,observed,0.00830373
NG,S1,2004,442.16,observed,0.00830373
NG,S1,2005,444.59,observed,0.00830373
NG,S1,2006,481.83,observed,0.00830373
NG,S1,2007,481.95,observed,0.00830373
NG,S1,2008,482.01,observed,0.00830373
NG,S1,2009,508.34,observed,0.00830373
NG,S1,2010,499.04,observed,0.00830373
NG,S1,2011,515.53,observed,0.00830373
NG,S1,2012,527.84,observed,0.00830373
NG,S1,2013,535.78,observed,0.00830373
NG,S1,2014,547.4,observed,0.00830373
NG,S1,2015,529.7,observed,0.00830373
NG,S1,2016,511.22,observed,0.00830373
NG,S1,2017,500.0,observed,0.00830373
NG,S1,2018,519.48,observed,0.00830373
NG,S1,2019,505.76,observed,0.00830373
NG,S1,2020,523.42,observed,0.00830373
NG,S1,2021,522.7,observed,0.00830373
NG,S1,2022,497.37,observed,0.00830373
NG,S1,2023,510.26,observed,0.00830373
NG,S1,2024,495.74,observed,0.00830373
NG,S1,2025,455.71,observed,0.00830373
NG,S1,2026,451.9259,pathway,0.00830373
NG,S1,2027,448.1732,pathway,0.00830373
NG,S1,2028,444.4517,pathway,0.00830373
NG,S1,2029,440.7611,pathway,0.00830373
NG,S1,2030,437.1012,pathway,0.00830373
NG,S1,2031,433.4716,pathway,0.00830373
NG,S1,2032,429.8722,pathway,0.00830373
NG,S1,2033,426.3026,pathway,0.00830373
NG,S1,2034,422.7627,pathway,0.00830373
NG,S1,2035,419.2522,pathway,0.00830373
NG,S1,2036,415.7708,pathway,0.00830373
NG,S1,2037,412.3184,pathway,0.00830373
NG,S1,2038,408.8946,pathway,0.00830373
NG,S1,2039,405.4993,pathway,0.00830373
NG,S1,2040,402.1321,pathway,0.00830373
NG,S1,2041,398.7929,pathway,0.00830373
NG,S1,2042,395.4814,pathway,0.00830373
NG,S1,2043,392.1975,pathway,0.00830373
NG,S1,2044,388.9408,pathway,0.00830373
NG,S1,2045,385.7111,pathway,0.00830373
NG,S1,2046,382.5083,pathway,0.00830373
NG,S1,2047,379.332,pathway,0.00830373
NG,S1,2048,376.1822,pathway,0.00830373
NG,S1,2049,373.0584,pathway,0.00830373
NG,S1,2050,369.9607,pathway,0.00830373
NG,S1,2051,366.8886,pathway,0.00830373
NG,S1,2052,363.8421,pathway,0.00830373
NG,S1,2053,360.8208,pathway,0.00830373
NG,S1,2054,357.8247,pathway,0.00830373
NG,S1,2055,354.8534,pathway,0.00830373
NG,S1,2056,351.9068,pathway,0.00830373
NG,S1,2057,348.9846,pathway,0.00830373
NG,S1,2058,346.0868,pathway,0.00830373
NG,S1,2059,343.213,pathway,0.00830373
NG,S1,2060,340.363,pathway,0.00830373
NG,S1,2061,337.5367,pathway,0.00830373
NG,S1,2062,334.7339,pathway,0.00830373
NG,S1,2063,331.9544,pathway,0.00830373
NG,S1,2064,329.1979,pathway,0.00830373
NG,S1,2065,326.4643,pathway,0.00830373
NG,S1,2066,323.7535,pathway,0.00830373
NG,S1,2067,321.0651,pathway,0.00830373
NG,S1,2068,318.3991,pathway,0.00830373
NG,S1,2069,315.7552,pathway,0.00830373
NG,S1,2070,313.1332,pathway,0.00830373
NG,S1,2071,310.533,pathway,0.00830373
NG,S1,2072,307.9545,pathway,0.00830373
NG,S1,2073,305.3973,pathway,0.00830373
NG,S1,2074,302.8614,pathway,0.00830373
NG,S1,2075,300.3465,pathway,0.00830373
NG,S1,2076,297.8525,pathway,0.00830373
NG,S1,2077,295.3792,pathway,0.00830373
NG,S1,2078,292.9264,pathway,0.00830373
NG,S1,2079,290.4941,pathway,0.00830373
NG,S1,2080,288.0819,pathway,0.00830373
NG,S1,2081,285.6897,pathway,0.00830373
NG,S1,2082,283.3174,pathway,0.00830373
NG,S1,2083,280.9648,pathway,0.00830373
NG,S1,2084,278.6318,pathway,0.00830373
NG,S1,2085,276.3181,pathway,0.00830373
NG,S1,2086,274.0236,pathway,0.00830373
NG,S1,2087,271.7482,pathway,0.00830373
NG,S1,2088,269.4917,pathway,0.00830373
NG,S1,2089,267.2539,pathway,0.00830373
NG,S1,2090,265.0347,pathway,0.00830373
NG,S1,2091,262.8339,pathway,0.00830373
NG,S1,2092,260.6514,pathway,0.00830373
NG,S1,2093,258.487,pathway,0.00830373
NG,S1,2094,256.3406,pathway,0.00830373
NG,S1,2095,254.2121,pathway,0.00830373
NG,S1,2096,252.1011,pathway,0.00830373
NG,S1,2097,250.0078,pathway,0.00830373
NG,S1,2098,247.9318,pathway,0.00830373
NG,S1,2099,245.873,pathway,0.00830373
NG,S1,2100,243.8313,pathway,0.00830373
NG,S2,2000,411.81,observed,0.025434582
NG,S2,2001,411.77,observed,0.025434582
NG,S2,2002,412.07,observed,0.025434582
NG,S2,2003,420.3,observed,0.025434582
NG,S2,2004,442.16,observed,0.025434582
NG,S2,2005,444.59,observed,0.025434582
NG,S2,2006,481.83,observed,0.025434582
NG,S2,2007,481.95,observed,0.025434582
NG,S2,2008,482.01,observed,0.025434582
NG,S2,2009,508.34,observed,0.025434582
NG,S2,2010,499.04,observed,0.025434582
NG,S2,2011,515.53,observed,0.025434582
NG,S2,2012,527.84,observed,0.025434582
NG,S2,2013,535.78,observed,0.025434582
NG,S2,2014,547.4,observed,0.025434582
NG,S2,2015,529.7,observed,0.025434582
NG,S2,2016,511.22,observed,0.025434582
NG,S2,2017,500.0,observed,0.025434582
NG,S2,2018,519.48,observed,0.025434582
NG,S2,2019,505.76,observed,0.025434582
NG,S2,2020,523.42,observed,0.025434582
NG,S2,2021,522.7,observed,0.025434582
NG,S2,2022,497.37,observed,0.025434582
NG,S2,2023,510.26,observed,0.025434582
NG,S2,2024,495.74,observed,0.025434582
NG,S2,2025,455.71,observed,0.025434582
NG,S2,2026,444.1192,pathway,0.025434582
NG,S2,2027,432.8232,pathway,0.025434582
NG,S2,2028,421.8145,pathway,0.025434582
NG,S2,2029,411.0859,pathway,0.025434582
NG,S2,2030,400.6301,pathway,0.025434582
NG,S2,2031,390.4402,pathway,0.025434582
NG,S2,2032,380.5095,pathway,0.025434582
NG,S2,2033,370.8314,pathway,0.025434582
NG,S2,2034,361.3995,pathway,0.025434582
NG,S2,2035,352.2074,pathway,0.025434582
NG,S2,2036,343.2492,pathway,0.025434582
NG,S2,2037,334.5188,pathway,0.025434582
NG,S2,2038,326.0104,pathway,0.025434582
NG,S2,2039,317.7185,pathway,0.025434582
NG,S2,2040,309.6375,pathway,0.025434582
NG,S2,2041,301.762,pathway,0.025434582
NG,S2,2042,294.0868,pathway,0.025434582
NG,S2,2043,286.6068,pathway,0.025434582
NG,S2,2044,279.3171,pathway,0.025434582
NG,S2,2045,272.2128,pathway,0.025434582
NG,S2,2046,265.2891,pathway,0.025434582
NG,S2,2047,258.5416,pathway,0.025434582
NG,S2,2048,251.9657,pathway,0.025434582
NG,S2,2049,245.5571,pathway,0.025434582
NG,S2,2050,239.3114,pathway,0.025434582
NG,S2,2051,233.2247,pathway,0.025434582
NG,S2,2052,227.2927,pathway,0.025434582
NG,S2,2053,221.5116,pathway,0.025434582
NG,S2,2054,215.8775,pathway,0.025434582
NG,S2,2055,210.3868,pathway,0.025434582
NG,S2,2056,205.0357,pathway,0.025434582
NG,S2,2057,199.8207,pathway,0.025434582
NG,S2,2058,194.7383,pathway,0.025434582
NG,S2,2059,189.7852,pathway,0.025434582
NG,S2,2060,184.9581,pathway,0.025434582
NG,S2,2061,180.2538,pathway,0.025434582
NG,S2,2062,175.6691,pathway,0.025434582
NG,S2,2063,171.2011,pathway,0.025434582
NG,S2,2064,166.8466,pathway,0.025434582
NG,S2,2065,162.603,pathway,0.025434582
NG,S2,2066,158.4672,pathway,0.025434582
NG,S2,2067,154.4367,pathway,0.025434582
NG,S2,2068,150.5086,pathway,0.025434582
NG,S2,2069,146.6805,pathway,0.025434582
NG,S2,2070,142.9498,pathway,0.025434582
NG,S2,2071,139.3139,pathway,0.025434582
NG,S2,2072,135.7705,pathway,0.025434582
NG,S2,2073,132.3172,pathway,0.025434582
NG,S2,2074,128.9518,pathway,0.025434582
NG,S2,2075,125.672,pathway,0.025434582
NG,S2,2076,122.4755,pathway,0.025434582
NG,S2,2077,119.3604,pathway,0.025434582
NG,S2,2078,116.3245,pathway,0.025434582
NG,S2,2079,113.3659,pathway,0.025434582
NG,S2,2080,110.4825,pathway,0.025434582
NG,S2,2081,107.6724,pathway,0.025434582
NG,S2,2082,104.9338,pathway,0.025434582
NG,S2,2083,102.2648,pathway,0.025434582
NG,S2,2084,99.6638,pathway,0.025434582
NG,S2,2085,97.1289,pathway,0.025434582
NG,S2,2086,94.6584,pathway,0.025434582
NG,S2,2087,92.2508,pathway,0.025434582
NG,S2,2088,89.9045,pathway,0.025434582
NG,S2,2089,87.6178,pathway,0.025434582
NG,S2,2090,85.3893,pathway,0.025434582
NG,S2,2091,83.2174,pathway,0.025434582
NG,S2,2092,81.1008,pathway,0.025434582
NG,S2,2093,79.0381,pathway,0.025434582
NG,S2,2094,77.0278,pathway,0.025434582
NG,S2,2095,75.0686,pathway,0.025434582
NG,S2,2096,73.1593,pathway,0.025434582
NG,S2,2097,71.2985,pathway,0.025434582
NG,S2,2098,69.485,pathway,0.025434582
NG,S2,2099,67.7177,pathway,0.025434582
NG,S2,2100,65.9953,pathway,0.025434582
NL,S1,1990,588.26,observed,0.083141878
NL,S1,1991,566.79,observed,0.083141878
NL,S1,1992,556.83,observed,0.083141878
NL,S1,1993,548.37,observed,0.083141878
NL,S1,1994,561.97,observed,0.083141878
NL,S1,1995,579.09,observed,0.083141878
NL,S1,1996,558.94,observed,0.083141878
NL,S1,1997,556.99,observed,0.083141878
NL,S1,1998,554.87,observed,0.083141878
NL,S1,1999,533.23,observed,0.083141878
NL,S1,2000,540.31,observed,0.083141878
NL,S1,2001,541.03,observed,0.083141878
NL,S1,2002,538.78,observed,0.083141878
NL,S1,2003,540.8,observed,0.083141878
NL,S1,2004,522.74,observed,0.083141878
NL,S1,2005,511.72,observed,0.083141878
NL,S1,2006,511.38,observed,0.083141878
NL,S1,2007,509.74,observed,0.083141878
NL,S1,2008,494.4,observed,0.083141878
NL,S1,2009,486.69,observed,0.083141878
NL,S1,2010,478.15,observed,0.083141878
NL,S1,2011,472.3,observed,0.083141878
NL,S1,2012,494.48,observed,0.083141878
NL,S1,2013,500.6,observed,0.083141878
NL,S1,2014,521.25,observed,0.083141878
NL,S1,2015,551.43,observed,0.083141878
NL,S1,2016,524.57,observed,0.083141878
NL,S1,2017,489.66,observed,0.083141878
NL,S1,2018,467.11,observed,0.083141878
NL,S1,2019,410.0,observed,0.083141878
NL,S1,2020,342.9,observed,0.083141878
NL,S1,2021,351.97,observed,0.083141878
NL,S1,2022,325.61,observed,0.083141878
NL,S1,2023,268.17,observed,0.083141878
NL,S1,2024,250.72,observed,0.083141878
NL,S1,2025,253.56,observed,0.083141878
NL,S1,2026,232.4785,pathway,0.083141878
NL,S1,2027,213.1498,pathway,0.083141878
NL,S1,2028,195.4282,pathway,0.083141878
NL,S1,2029,179.1799,pathway,0.083141878
NL,S1,2030,164.2825,pathway,0.083141878
NL,S1,2031,150.6238,pathway,0.083141878
NL,S1,2032,138.1006,pathway,0.083141878
NL,S1,2033,126.6187,pathway,0.083141878
NL,S1,2034,116.0914,pathway,0.083141878
NL,S1,2035,106.4393,pathway,0.083141878
NL,S1,2036,97.5898,pathway,0.083141878
NL,S1,2037,89.476,pathway,0.083141878
NL,S1,2038,82.0368,pathway,0.083141878
NL,S1,2039,75.2161,pathway,0.083141878
NL,S1,2040,68.9625,pathway,0.083141878
NL,S1,2041,63.2288,pathway,0.083141878
NL,S1,2042,57.9718,pathway,0.083141878
NL,S1,2043,53.1519,pathway,0.083141878
NL,S1,2044,48.7328,pathway,0.083141878
NL,S1,2045,44.6811,pathway,0.083141878
NL,S1,2046,40.9662,pathway,0.083141878
NL,S1,2047,37.5602,pathway,0.083141878
NL,S1,2048,34.4374,pathway,0.083141878
NL,S1,2049,31.5742,pathway,0.083141878
NL,S1,2050,28.949,pathway,0.083141878
NL,S1,2051,26.5422,pathway,0.083141878
NL,S1,2052,24.3354,pathway,0.083141878
NL,S1,2053,22.3121,pathway,0.083141878
NL,S1,2054,20.457,pathway,0.083141878
NL,S1,2055,18.7562,pathway,0.083141878
NL,S1,2056,17.1968,pathway,0.083141878
NL,S1,2057,15.767,pathway,0.083141878
NL,S1,2058,14.4561,pathway,0.083141878
NL,S1,2059,13.2542,pathway,0.083141878
NL,S1,2060,12.1522,pathway,0.083141878
NL,S1,2061,11.1419,pathway,0.083141878
NL,S1,2062,10.2155,pathway,0.083141878
NL,S1,2063,9.3662,pathway,0.083141878
NL,S1,2064,8.5874,pathway,0.083141878
NL,S1,2065,7.8735,pathway,0.083141878
NL,S1,2066,7.2189,pathway,0.083141878
NL,S1,2067,6.6187,pathway,0.083141878
NL,S1,2068,6.0684,pathway,0.083141878
NL,S1,2069,5.5638,pathway,0.083141878
NL,S1,2070,5.1013,pathway,0.083141878
NL,S1,2071,4.6771,pathway,0.083141878
NL,S1,2072,4.2883,pathway,0.083141878
NL,S1,2073,3.9317,pathway,0.083141878
NL,S1,2074,3.6048,pathway,0.083141878
NL,S1,2075,3.3051,pathway,0.083141878
NL,S1,2076,3.0303,pathway,0.083141878
NL,S1,2077,2.7784,pathway,0.083141878
NL,S1,2078,2.5474,pathway,0.083141878
NL,S1,2079,2.3356,pathway,0.083141878
NL,S1,2080,2.1414,pathway,0.083141878
NL,S1,2081,1.9634,pathway,0.083141878
NL,S1,2082,1.8001,pathway,0.083141878
NL,S1,2083,1.6505,pathway,0.083141878
NL,S1,2084,1.5132,pathway,0.083141878
NL,S1,2085,1.3874,pathway,0.083141878
NL,S1,2086,1.2721,pathway,0.083141878
NL,S1,2087,1.1663,pathway,0.083141878
NL,S1,2088,1.0693,pathway,0.083141878
NL,S1,2089,0.9804,pathway,0.083141878
NL,S1,2090,0.8989,pathway,0.083141878
NL,S1,2091,0.8242,pathway,0.083141878
NL,S1,2092,0.7557,pathway,0.083141878
NL,S1,2093,0.6928,pathway,0.083141878
NL,S1,2094,0.6352,pathway,0.083141878
NL,S1,2095,0.5824,pathway,0.083141878
NL,S1,2096,0.534,pathway,0.083141878
NL,S1,2097,0.4896,pathway,0.083141878
NL,S1,2098,0.4489,pathway,0.083141878
NL,S1,2099,0.4116,pathway,0.083141878
NL,S1,2100,0.3773,pathway,0.083141878
NL,S2,1990,588.26,observed,0.092807944
NL,S2,1991,566.79,observed,0.092807944
NL,S2,1992,556.83,observed,0.092807944
NL,S2,1993,548.37,observed,0.092807944
NL,S2,1994,561.97,observed,0.092807944
NL,S2,1995,579.09,observed,0.092807944
NL,S2,1996,558.94,observed,0.092807944
NL,S2,1997,556.99,observed,0.092807944
NL,S2,1998,554.87,observed,0.092807944
NL,S2,1999,533.23,observed,0.092807944
NL,S2,2000,540.31,observed,0.092807944
NL,S2,2001,541.03,observed,0.092807944
NL,S2,2002,538.78,observed,0.092807944
NL,S2,2003,540.8,observed,0.092807944
NL,S2,2004,522.74,observed,0.092807944
NL,S2,2005,511.72,observed,0.092807944
NL,S2,2006,511.38,observed,0.092807944
NL,S2,2007,509.74,observed,0.092807944
NL,S2,2008,494.4,observed,0.092807944
NL,S2,2009,486.69,observed,0.092807944
NL,S2,2010,478.15,observed,0.092807944
NL,S2,2011,472.3,observed,0.092807944
NL,S2,2012,494.48,observed,0.092807944
NL,S2,2013,500.6,observed,0.092807944
NL,S2,2014,521.25,observed,0.092807944
NL,S2,2015,551.43,observed,0.092807944
NL,S2,2016,524.57,observed,0.092807944
NL,S2,2017,489.66,observed,0.092807944
NL,S2,2018,467.11,observed,0.092807944
NL,S2,2019,410.0,observed,0.092807944
NL,S2,2020,342.9,observed,0.092807944
NL,S2,2021,351.97,observed,0.092807944
NL,S2,2022,325.61,observed,0.092807944
NL,S2,2023,268.17,observed,0.092807944
NL,S2,2024,250.72,observed,0.092807944
NL,S2,2025,253.56,observed,0.092807944
NL,S2,2026,230.0276,pathway,0.092807944
NL,S2,2027,208.6792,pathway,0.092807944
NL,S2,2028,189.3121,pathway,0.092807944
NL,S2,2029,171.7425,pathway,0.092807944
NL,S2,2030,155.8034,pathway,0.092807944
NL,S2,2031,141.3436,pathway,0.092807944
NL,S2,2032,128.2258,pathway,0.092807944
NL,S2,2033,116.3254,pathway,0.092807944
NL,S2,2034,105.5295,pathway,0.092807944
NL,S2,2035,95.7355,pathway,0.092807944
NL,S2,2036,86.8505,pathway,0.092807944
NL,S2,2037,78.7901,pathway,0.092807944
NL,S2,2038,71.4777,pathway,0.092807944
NL,S2,2039,64.844,pathway,0.092807944
NL,S2,2040,58.826,pathway,0.092807944
NL,S2,2041,53.3665,pathway,0.092807944
NL,S2,2042,48.4136,pathway,0.092807944
NL,S2,2043,43.9205,pathway,0.092807944
NL,S2,2044,39.8443,pathway,0.092807944
NL,S2,2045,36.1464,pathway,0.092807944
NL,S2,2046,32.7918,pathway,0.092807944
NL,S2,2047,29.7484,pathway,0.092807944
NL,S2,2048,26.9875,pathway,0.092807944
NL,S2,2049,24.4829,pathway,0.092807944
NL,S2,2050,22.2107,pathway,0.092807944
NL,S2,2051,20.1493,pathway,0.092807944
NL,S2,2052,18.2793,pathway,0.092807944
NL,S2,2053,16.5829,pathway,0.092807944
NL,S2,2054,15.0438,pathway,0.092807944
NL,S2,2055,13.6477,pathway,0.092807944
NL,S2,2056,12.381,pathway,0.092807944
NL,S2,2057,11.232,pathway,0.092807944
NL,S2,2058,10.1896,pathway,0.092807944
NL,S2,2059,9.2439,pathway,0.092807944
NL,S2,2060,8.386,pathway,0.092807944
NL,S2,2061,7.6077,pathway,0.092807944
NL,S2,2062,6.9016,pathway,0.092807944
NL,S2,2063,6.2611,pathway,0.092807944
NL,S2,2064,5.68,pathway,0.092807944
NL,S2,2065,5.1529,pathway,0.092807944
NL,S2,2066,4.6747,pathway,0.092807944
NL,S2,2067,4.2408,pathway,0.092807944
NL,S2,2068,3.8472,pathway,0.092807944
NL,S2,2069,3.4902,pathway,0.092807944
NL,S2,2070,3.1663,pathway,0.092807944
NL,S2,2071,2.8724,pathway,0.092807944
NL,S2,2072,2.6058,pathway,0.092807944
NL,S2,2073,2.364,pathway,0.092807944
NL,S2,2074,2.1446,pathway,0.092807944
NL,S2,2075,1.9456,pathway,0.092807944
NL,S2,2076,1.765,pathway,0.092807944
NL,S2,2077,1.6012,pathway,0.092807944
NL,S2,2078,1.4526,pathway,0.092807944
NL,S2,2079,1.3178,pathway,0.092807944
NL,S2,2080,1.1955,pathway,0.092807944
NL,S2,2081,1.0845,pathway,0.092807944
NL,S2,2082,0.9839,pathway,0.092807944
NL,S2,2083,0.8926,pathway,0.092807944
NL,S2,2084,0.8097,pathway,0.092807944
NL,S2,2085,0.7346,pathway,0.092807944
NL,S2,2086,0.6664,pathway,0.092807944
NL,S2,2087,0.6046,pathway,0.092807944
NL,S2,2088,0.5484,pathway,0.092807944
NL,S2,2089,0.4975,pathway,0.092807944
NL,S2,2090,0.4514,pathway,0.092807944
NL,S2,2091,0.4095,pathway,0.092807944
NL,S2,2092,0.3715,pathway,0.092807944
NL,S2,2093,0.337,pathway,0.092807944
NL,S2,2094,0.3057,pathway,0.092807944
NL,S2,2095,0.2773,pathway,0.092807944
NL,S2,2096,0.2516,pathway,0.092807944
NL,S2,2097,0.2283,pathway,0.092807944
NL,S2,2098,0.2071,pathway,0.092807944
NL,S2,2099,0.1879,pathway,0.092807944
NL,S2,2100,0.1704,pathway,0.092807944
NO,S1,1990,25.58,observed,0.016907409
NO,S1,1991,25.6,observed,0.016907409
NO,S1,1992,25.45,observed,0.016907409
NO,S1,1993,25.48,observed,0.016907409
NO,S1,1994,26.35,observed,0.016907409
NO,S1,1995,26.18,observed,0.016907409
NO,S1,1996,27.13,observed,0.016907409
NO,S1,1997,26.61,observed,0.016907409
NO,S1,1998,26.37,observed,0.016907409
NO,S1,1999,26.66,observed,0.016907409
NO,S1,2000,25.75,observed,0.016907409
NO,S1,2001,26.87,observed,0.016907409
NO,S1,2002,26.49,observed,0.016907409
NO,S1,2003,27.75,observed,0.016907409
NO,S1,2004,27.88,observed,0.016907409
NO,S1,2005,26.96,observed,0.016907409
NO,S1,2006,27.88,observed,0.016907409
NO,S1,2007,28.58,observed,0.016907409
NO,S1,2008,27.48,observed,0.016907409
NO,S1,2009,39.09,observed,0.016907409
NO,S1,2010,42.88,observed,0.016907409
NO,S1,2011,38.36,observed,0.016907409
NO,S1,2012,32.15,observed,0.016907409
NO,S1,2013,33.95,observed,0.016907409
NO,S1,2014,33.93,observed,0.016907409
NO,S1,2015,33.64,observed,0.016907409
NO,S1,2016,33.1,observed,0.016907409
NO,S1,2017,32.98,observed,0.016907409
NO,S1,2018,33.1,observed,0.016907409
NO,S1,2019,33.48,observed,0.016907409
NO,S1,2020,30.39,observed,0.016907409
NO,S1,2021,26.92,observed,0.016907409
NO,S1,2022,29.64,observed,0.016907409
NO,S1,2023,30.46,observed,0.016907409
NO,S1,2024,29.66,observed,0.016907409
NO,S1,2025,28.11,observed,0.016907409
NO,S1,2026,27.6347,pathway,0.016907409
NO,S1,2027,27.1675,pathway,0.016907409
NO,S1,2028,26.7082,pathway,0.016907409
NO,S1,2029,26.2566,pathway,0.016907409
NO,S1,2030,25.8127,pathway,0.016907409
NO,S1,2031,25.3762,pathway,0.016907409
NO,S1,2032,24.9472,pathway,0.016907409
NO,S1,2033,24.5254,pathway,0.016907409
NO,S1,2034,24.1107,pathway,0.016907409
NO,S1,2035,23.7031,pathway,0.016907409
NO,S1,2036,23.3023,pathway,0.016907409
NO,S1,2037,22.9084,pathway,0.016907409
NO,S1,2038,22.521,pathway,0.016907409
NO,S1,2039,22.1403,pathway,0.016907409
NO,S1,2040,21.7659,pathway,0.016907409
NO,S1,2041,21.3979,pathway,0.016907409
NO,S1,2042,21.0361,pathway,0.016907409
NO,S1,2043,20.6805,pathway,0.016907409
NO,S1,2044,20.3308,pathway,0.016907409
NO,S1,2045,19.9871,pathway,0.016907409
NO,S1,2046,19.6491,pathway,0.016907409
NO,S1,2047,19.3169,pathway,0.016907409
NO,S1,2048,18.9903,pathway,0.016907409
NO,S1,2049,18.6693,pathway,0.016907409
NO,S1,2050,18.3536,pathway,0.016907409
NO,S1,2051,18.0433,pathway,0.016907409
NO,S1,2052,17.7382,pathway,0.016907409
NO,S1,2053,17.4383,pathway,0.016907409
NO,S1,2054,17.1435,pathway,0.016907409
NO,S1,2055,16.8536,pathway,0.016907409
NO,S1,2056,16.5687,pathway,0.016907409
NO,S1,2057,16.2885,pathway,0.016907409
NO,S1,2058,16.0132,pathway,0.016907409
NO,S1,2059,15.7424,pathway,0.016907409
NO,S1,2060,15.4762,pathway,0.016907409
NO,S1,2061,15.2146,pathway,0.016907409
NO,S1,2062,14.9573,pathway,0.016907409
NO,S1,2063,14.7045,pathway,0.016907409
NO,S1,2064,14.4558,pathway,0.016907409
NO,S1,2065,14.2114,pathway,0.016907409
NO,S1,2066,13.9712,pathway,0.016907409
NO,S1,2067,13.7349,pathway,0.016907409
NO,S1,2068,13.5027,pathway,0.016907409
NO,S1,2069,13.2744,pathway,0.016907409
NO,S1,2070,13.05,pathway,0.016907409
NO,S1,2071,12.8293,pathway,0.016907409
NO,S1,2072,12.6124,pathway,0.016907409
NO,S1,2073,12.3992,pathway,0.016907409
NO,S1,2074,12.1895,pathway,0.016907409
NO,S1,2075,11.9835,pathway,0.016907409
NO,S1,2076,11.7808,pathway,0.016907409
NO,S1,2077,11.5817,pathway,0.016907409
NO,S1,2078,11.3858,pathway,0.016907409
NO,S1,2079,11.1933,pathway,0.016907409
NO,S1,2080,11.0041,pathway,0.016907409
NO,S1,2081,10.818,pathway,0.016907409
NO,S1,2082,10.6351,pathway,0.016907409
NO,S1,2083,10.4553,pathway,0.016907409
NO,S1,2084,10.2785,pathway,0.016907409
NO,S1,2085,10.1048,pathway,0.016907409
NO,S1,2086,9.9339,pathway,0.016907409
NO,S1,2087,9.766,pathway,0.016907409
NO,S1,2088,9.6008,pathway,0.016907409
NO,S1,2089,9.4385,pathway,0.016907409
NO,S1,2090,9.2789,pathway,0.016907409
NO,S1,2091,9.1221,pathway,0.016907409
NO,S1,2092,8.9678,pathway,0.016907409
NO,S1,2093,8.8162,pathway,0.016907409
NO,S1,2094,8.6671,pathway,0.016907409
NO,S1,2095,8.5206,pathway,0.016907409
NO,S1,2096,8.3765,pathway,0.016907409
NO,S1,2097,8.2349,pathway,0.016907409
NO,S1,2098,8.0957,pathway,0.016907409
NO,S1,2099,7.9588,pathway,0.016907409
NO,S1,2100,7.8242,pathway,0.016907409
NO,S2,1990,25.58,observed,0.121754173
NO,S2,1991,25.6,observed,0.121754173
NO,S2,1992,25.45,observed,0.121754173
NO,S2,1993,25.48,observed,0.121754173
NO,S2,1994,26.35,observed,0.121754173
NO,S2,1995,26.18,observed,0.121754173
NO,S2,1996,27.13,observed,0.121754173
NO,S2,1997,26.61,observed,0.121754173
NO,S2,1998,26.37,observed,0.121754173
NO,S2,1999,26.66,observed,0.121754173
NO,S2,2000,25.75,observed,0.121754173
NO,S2,2001,26.87,observed,0.121754173
NO,S2,2002,26.49,observed,0.121754173
NO,S2,2003,27.75,observed,0.121754173
NO,S2,2004,27.88,observed,0.121754173
NO,S2,2005,26.96,observed,0.121754173
NO,S2,2006,27.88,observed,0.121754173
NO,S2,2007,28.58,observed,0.121754173
NO,S2,2008,27.48,observed,0.121754173
NO,S2,2009,39.09,observed,0.121754173
NO,S2,2010,42.88,observed,0.121754173
NO,S2,2011,38.36,observed,0.121754173
NO,S2,2012,32.15,observed,0.121754173
NO,S2,2013,33.95,observed,0.121754173
NO,S2,2014,33.93,observed,0.121754173
NO,S2,2015,33.64,observed,0.121754173
NO,S2,2016,33.1,observed,0.121754173
NO,S2,2017,32.98,observed,0.121754173
NO,S2,2018,33.1,observed,0.121754173
NO,S2,2019,33.48,observed,0.121754173
NO,S2,2020,30.39,observed,0.121754173
NO,S2,2021,26.92,observed,0.121754173
NO,S2,2022,29.64,observed,0.121754173
NO,S2,2023,30.46,observed,0.121754173
NO,S2,2024,29.66,observed,0.121754173
NO,S2,2025,28.11,observed,0.121754173
NO,S2,2026,24.6875,pathway,0.121754173
NO,S2,2027,21.6817,pathway,0.121754173
NO,S2,2028,19.0418,pathway,0.121754173
NO,S2,2029,16.7234,pathway,0.121754173
NO,S2,2030,14.6873,pathway,0.121754173
NO,S2,2031,12.899,pathway,0.121754173
NO,S2,2032,11.3285,pathway,0.121754173
NO,S2,2033,9.9492,pathway,0.121754173
NO,S2,2034,8.7379,pathway,0.121754173
NO,S2,2035,7.674,pathway,0.121754173
NO,S2,2036,6.7397,pathway,0.121754173
NO,S2,2037,5.9191,pathway,0.121754173
NO,S2,2038,5.1984,pathway,0.121754173
NO,S2,2039,4.5655,pathway,0.121754173
NO,S2,2040,4.0096,pathway,0.121754173
NO,S2,2041,3.5214,pathway,0.121754173
NO,S2,2042,3.0927,pathway,0.121754173
NO,S2,2043,2.7161,pathway,0.121754173
NO,S2,2044,2.3854,pathway,0.121754173
NO,S2,2045,2.095,pathway,0.121754173
NO,S2,2046,1.8399,pathway,0.121754173
NO,S2,2047,1.6159,pathway,0.121754173
NO,S2,2048,1.4192,pathway,0.121754173
NO,S2,2049,1.2464,pathway,0.121754173
NO,S2,2050,1.0946,pathway,0.121754173
NO,S2,2051,0.9613,pathway,0.121754173
NO,S2,2052,0.8443,pathway,0.121754173
NO,S2,2053,0.7415,pathway,0.121754173
NO,S2,2054,0.6512,pathway,0.121754173
NO,S2,2055,0.5719,pathway,0.121754173
NO,S2,2056,0.5023,pathway,0.121754173
NO,S2,2057,0.4411,pathway,0.121754173
NO,S2,2058,0.3874,pathway,0.121754173
NO,S2,2059,0.3403,pathway,0.121754173
NO,S2,2060,0.2988,pathway,0.121754173
NO,S2,2061,0.2624,pathway,0.121754173
NO,S2,2062,0.2305,pathway,0.121754173
NO,S2,2063,0.2024,pathway,0.121754173
NO,S2,2064,0.1778,pathway,0.121754173
NO,S2,2065,0.1561,pathway,0.121754173
NO,S2,2066,0.1371,pathway,0.121754173
NO,S2,2067,0.1204,pathway,0.121754173
NO,S2,2068,0.1058,pathway,0.121754173
NO,S2,2069,0.0929,pathway,0.121754173
NO,S2,2070,0.0816,pathway,0.121754173
NO,S2,2071,0.0716,pathway,0.121754173
NO,S2,2072,0.0629,pathway,0.121754173
NO,S2,2073,0.0553,pathway,0.121754173
NO,S2,2074,0.0485,pathway,0.121754173
NO,S2,2075,0.0426,pathway,0.121754173
NO,S2,2076,0.0374,pathway,0.121754173
NO,S2,2077,0.0329,pathway,0.121754173
NO,S2,2078,0.0289,pathway,0.121754173
NO,S2,2079,0.0254,pathway,0.121754173
NO,S2,2080,0.0223,pathway,0.121754173
NO,S2,2081,0.0196,pathway,0.121754173
NO,S2,2082,0.0172,pathway,0.121754173
NO,S2,2083,0.0151,pathway,0.121754173
NO,S2,2084,0.0132,pathway,0.121754173
NO,S2,2085,0.0116,pathway,0.121754173
NO,S2,2086,0.0102,pathway,0.121754173
NO,S2,2087,0.009,pathway,0.121754173
NO,S2,2088,0.0079,pathway,0.121754173
NO,S2,2089,0.0069,pathway,0.121754173
NO,S2,2090,0.0061,pathway,0.121754173
NO,S2,2091,0.0053,pathway,0.121754173
NO,S2,2092,0.0047,pathway,0.121754173
NO,S2,2093,0.0041,pathway,0.121754173
NO,S2,2094,0.0036,pathway,0.121754173
NO,S2,2095,0.0032,pathway,0.121754173
NO,S2,2096,0.0028,pathway,0.121754173
NO,S2,2097,0.0025,pathway,0.121754173
NO,S2,2098,0.0022,pathway,0.121754173
NO,S2,2099,0.0019,pathway,0.121754173
NO,S2,2100,0.0017,pathway,0.121754173
NP,S1,2000,36.36,observed,-0.001566724
NP,S1,2001,27.03,observed,-0.001566724
NP,S1,2002,23.81,observed,-0.001566724
NP,S1,2003,22.12,observed,-0.001566724
NP,S1,2004,29.29,observed,-0.001566724
NP,S1,2005,27.89,observed,-0.001566724
NP,S1,2006,25.74,observed,-0.001566724
NP,S1,2007,28.88,observed,-0.001566724
NP,S1,2008,28.67,observed,-0.001566724
NP,S1,2009,25.97,observed,-0.001566724
NP,S1,2010,25.16,observed,-0.001566724
NP,S1,2011,23.12,observed,-0.001566724
NP,S1,2012,25.5,observed,-0.001566724
NP,S1,2013,25.71,observed,-0.001566724
NP,S1,2014,23.68,observed,-0.001566724
NP,S1,2015,23.12,observed,-0.001566724
NP,S1,2016,23.92,observed,-0.001566724
NP,S1,2017,24.02,observed,-0.001566724
NP,S1,2018,22.73,observed,-0.001566724
NP,S1,2019,22.76,observed,-0.001566724
NP,S1,2020,22.65,observed,-0.001566724
NP,S1,2021,23.88,observed,-0.001566724
NP,S1,2022,23.36,observed,-0.001566724
NP,S1,2023,23.36,observed,-0.001566724
NP,S1,2024,24.26,observed,-0.001566724
NP,S1,2025,24.298,pathway,-0.001566724
NP,S1,2026,24.3361,pathway,-0.001566724
NP,S1,2027,24.3742,pathway,-0.001566724
NP,S1,2028,24.4124,pathway,-0.001566724
NP,S1,2029,24.4506,pathway,-0.001566724
NP,S1,2030,24.4889,pathway,-0.001566724
NP,S1,2031,24.5273,pathway,-0.001566724
NP,S1,2032,24.5657,pathway,-0.001566724
NP,S1,2033,24.6042,pathway,-0.001566724
NP,S1,2034,24.6428,pathway,-0.001566724
NP,S1,2035,24.6814,pathway,-0.001566724
NP,S1,2036,24.7201,pathway,-0.001566724
NP,S1,2037,24.7588,pathway,-0.001566724
NP,S1,2038,24.7976,pathway,-0.001566724
NP,S1,2039,24.8364,pathway,-0.001566724
NP,S1,2040,24.8753,pathway,-0.001566724
NP,S1,2041,24.9143,pathway,-0.001566724
NP,S1,2042,24.9533,pathway,-0.001566724
NP,S1,2043,24.9924,pathway,-0.001566724
NP,S1,2044,25.0316,pathway,-0.001566724
NP,S1,2045,25.0708,pathway,-0.001566724
NP,S1,2046,25.1101,pathway,-0.001566724
NP,S1,2047,25.1494,pathway,-0.001566724
NP,S1,2048,25.1888,pathway,-0.001566724
NP,S1,2049,25.2283,pathway,-0.001566724
NP,S1,2050,25.2678,pathway,-0.001566724
NP,S1,2051,25.3074,pathway,-0.001566724
NP,S1,2052,25.3471,pathway,-0.001566724
NP,S1,2053,25.3868,pathway,-0.001566724
NP,S1,2054,25.4265,pathway,-0.001566724
NP,S1,2055,25.4664,pathway,-0.001566724
NP,S1,2056,25.5063,pathway,-0.001566724
NP,S1,2057,25.5462,pathway,-0.001566724
NP,S1,2058,25.5863,pathway,-0.001566724
NP,S1,2059,25.6264,pathway,-0.001566724
NP,S1,2060,25.6665,pathway,-0.001566724
NP,S1,2061,25.7067,pathway,-0.001566724
NP,S1,2062,25.747,pathway,-0.001566724
NP,S1,2063,25.7873,pathway,-0.001566724
NP,S1,2064,25.8277,pathway,-0.001566724
NP,S1,2065,25.8682,pathway,-0.001566724
NP,S1,2066,25.9087,pathway,-0.001566724
NP,S1,2067,25.9493,pathway,-0.001566724
NP,S1,2068,25.99,pathway,-0.001566724
NP,S1,2069,26.0307,pathway,-0.001566724
NP,S1,2070,26.0715,pathway,-0.001566724
NP,S1,2071,26.1123,pathway,-0.001566724
NP,S1,2072,26.1532,pathway,-0.001566724
NP,S1,2073,26.1942,pathway,-0.001566724
NP,S1,2074,26.2352,pathway,-0.001566724
NP,S1,2075,26.2764,pathway,-0.001566724
NP,S1,2076,26.3175,pathway,-0.001566724
NP,S1,2077,26.3588,pathway,-0.001566724
NP,S1,2078,26.4,pathway,-0.001566724
NP,S1,2079,26.4414,pathway,-0.001566724
NP,S1,2080,26.4828,pathway,-0.001566724
NP,S1,2081,26.5243,pathway,-0.001566724
NP,S1,2082,26.5659,pathway,-0.001566724
NP,S1,2083,26.6075,pathway,-0.001566724
NP,S1,2084,26.6492,pathway,-0.001566724
NP,S1,2085,26.6909,pathway,-0.001566724
NP,S1,2086,26.7328,pathway,-0.001566724
NP,S1,2087,26.7746,pathway,-0.001566724
NP,S1,2088,26.8166,pathway,-0.001566724
NP,S1,2089,26.8586,pathway,-0.001566724
NP,S1,2090,26.9007,pathway,-0.001566724
NP,S1,2091,26.9428,pathway,-0.001566724
NP,S1,2092,26.985,pathway,-0.001566724
NP,S1,2093,27.0273,pathway,-0.001566724
NP,S1,2094,27.0697,pathway,-0.001566724
NP,S1,2095,27.1121,pathway,-0.001566724
NP,S1,2096,27.1546,pathway,-0.001566724
NP,S1,2097,27.1971,pathway,-0.001566724
NP,S1,2098,27.2397,pathway,-0.001566724
NP,S1,2099,27.2824,pathway,-0.001566724
NP,S1,2100,27.3251,pathway,-0.001566724
NZ,S1,2000,184.27,observed,0.036118534
NZ,S1,2001,230.4,observed,0.036118534
NZ,S1,2002,197.71,observed,0.036118534
NZ,S1,2003,231.11,observed,0.036118534
NZ,S1,2004,204.16,observed,0.036118534
NZ,S1,2005,254.24,observed,0.036118534
NZ,S1,2006,248.84,observed,0.036118534
NZ,S1,2007,227.06,observed,0.036118534
NZ,S1,2008,246.83,observed,0.036118534
NZ,S1,2009,196.51,observed,0.036118534
NZ,S1,2010,179.42,observed,0.036118534
NZ,S1,2011,165.98,observed,0.036118534
NZ,S1,2012,198.17,observed,0.036118534
NZ,S1,2013,177.05,observed,0.036118534
NZ,S1,2014,148.42,observed,0.036118534
NZ,S1,2015,142.76,observed,0.036118534
NZ,S1,2016,114.48,observed,0.036118534
NZ,S1,2017,131.93,observed,0.036118534
NZ,S1,2018,123.71,observed,0.036118534
NZ,S1,2019,133.71,observed,0.036118534
NZ,S1,2020,142.1,observed,0.036118534
NZ,S1,2021,144.89,observed,0.036118534
NZ,S1,2022,103.12,observed,0.036118534
NZ,S1,2023,87.2,observed,0.036118534
NZ,S1,2024,112.02,observed,0.036118534
NZ,S1,2025,92.76,observed,0.036118534
NZ,S1,2026,89.4096,pathway,0.036118534
NZ,S1,2027,86.1803,pathway,0.036118534
NZ,S1,2028,83.0676,pathway,0.036118534
NZ,S1,2029,80.0673,pathway,0.036118534
NZ,S1,2030,77.1754,pathway,0.036118534
NZ,S1,2031,74.3879,pathway,0.036118534
NZ,S1,2032,71.7012,pathway,0.036118534
NZ,S1,2033,69.1114,pathway,0.036118534
NZ,S1,2034,66.6152,pathway,0.036118534
NZ,S1,2035,64.2092,pathway,0.036118534
NZ,S1,2036,61.89,pathway,0.036118534
NZ,S1,2037,59.6546,pathway,0.036118534
NZ,S1,2038,57.5,pathway,0.036118534
NZ,S1,2039,55.4232,pathway,0.036118534
NZ,S1,2040,53.4214,pathway,0.036118534
NZ,S1,2041,51.4919,pathway,0.036118534
NZ,S1,2042,49.6321,pathway,0.036118534
NZ,S1,2043,47.8394,pathway,0.036118534
NZ,S1,2044,46.1115,pathway,0.036118534
NZ,S1,2045,44.4461,pathway,0.036118534
NZ,S1,2046,42.8407,pathway,0.036118534
NZ,S1,2047,41.2934,pathway,0.036118534
NZ,S1,2048,39.8019,pathway,0.036118534
NZ,S1,2049,38.3644,pathway,0.036118534
NZ,S1,2050,36.9787,pathway,0.036118534
NZ,S1,2051,35.6431,pathway,0.036118534
NZ,S1,2052,34.3557,pathway,0.036118534
NZ,S1,2053,33.1148,pathway,0.036118534
NZ,S1,2054,31.9188,pathway,0.036118534
NZ,S1,2055,30.7659,pathway,0.036118534
NZ,S1,2056,29.6547,pathway,0.036118534
NZ,S1,2057,28.5836,pathway,0.036118534
NZ,S1,2058,27.5512,pathway,0.036118534
NZ,S1,2059,26.5561,pathway,0.036118534
NZ,S1,2060,25.5969,pathway,0.036118534
NZ,S1,2061,24.6724,pathway,0.036118534
NZ,S1,2062,23.7813,pathway,0.036118534
NZ,S1,2063,22.9223,pathway,0.036118534
NZ,S1,2064,22.0944,pathway,0.036118534
NZ,S1,2065,21.2964,pathway,0.036118534
NZ,S1,2066,20.5272,pathway,0.036118534
NZ,S1,2067,19.7858,pathway,0.036118534
NZ,S1,2068,19.0711,pathway,0.036118534
NZ,S1,2069,18.3823,pathway,0.036118534
NZ,S1,2070,17.7184,pathway,0.036118534
NZ,S1,2071,17.0784,pathway,0.036118534
NZ,S1,2072,16.4616,pathway,0.036118534
NZ,S1,2073,15.867,pathway,0.036118534
NZ,S1,2074,15.2939,pathway,0.036118534
NZ,S1,2075,14.7415,pathway,0.036118534
NZ,S1,2076,14.2091,pathway,0.036118534
NZ,S1,2077,13.6959,pathway,0.036118534
NZ,S1,2078,13.2012,pathway,0.036118534
NZ,S1,2079,12.7244,pathway,0.036118534
NZ,S1,2080,12.2648,pathway,0.036118534
NZ,S1,2081,11.8218,pathway,0.036118534
NZ,S1,2082,11.3948,pathway,0.036118534
NZ,S1,2083,10.9833,pathway,0.036118534
NZ,S1,2084,10.5866,pathway,0.036118534
NZ,S1,2085,10.2042,pathway,0.036118534
NZ,S1,2086,9.8356,pathway,0.036118534
NZ,S1,2087,9.4804,pathway,0.036118534
NZ,S1,2088,9.138,pathway,0.036118534
NZ,S1,2089,8.8079,pathway,0.036118534
NZ,S1,2090,8.4898,pathway,0.036118534
NZ,S1,2091,8.1831,pathway,0.036118534
NZ,S1,2092,7.8876,pathway,0.036118534
NZ,S1,2093,7.6027,pathway,0.036118534
NZ,S1,2094,7.3281,pathway,0.036118534
NZ,S1,2095,7.0634,pathway,0.036118534
NZ,S1,2096,6.8083,pathway,0.036118534
NZ,S1,2097,6.5624,pathway,0.036118534
NZ,S1,2098,6.3254,pathway,0.036118534
NZ,S1,2099,6.0969,pathway,0.036118534
NZ,S1,2100,5.8767,pathway,0.036118534
NZ,S2,2000,184.27,observed,0.036118534
NZ,S2,2001,230.4,observed,0.036118534
NZ,S2,2002,197.71,observed,0.036118534
NZ,S2,2003,231.11,observed,0.036118534
NZ,S2,2004,204.16,observed,0.036118534
NZ,S2,2005,254.24,observed,0.036118534
NZ,S2,2006,248.84,observed,0.036118534
NZ,S2,2007,227.06,observed,0.036118534
NZ,S2,2008,246.83,observed,0.036118534
NZ,S2,2009,196.51,observed,0.036118534
NZ,S2,2010,179.42,observed,0.036118534
NZ,S2,2011,165.98,observed,0.036118534
NZ,S2,2012,198.17,observed,0.036118534
NZ,S2,2013,177.05,observed,0.036118534
NZ,S2,2014,148.42,observed,0.036118534
NZ,S2,2015,142.76,observed,0.036118534
NZ,S2,2016,114.48,observed,0.036118534
NZ,S2,2017,131.93,observed,0.036118534
NZ,S2,2018,123.71,observed,0.036118534
NZ,S2,2019,133.71,observed,0.036118534
NZ,S2,2020,142.1,observed,0.036118534
NZ,S2,2021,144.89,observed,0.036118534
NZ,S2,2022,103.12,observed,0.036118534
NZ,S2,2023,87.2,observed,0.036118534
NZ,S2,2024,112.02,observed,0.036118534
NZ,S2,2025,92.76,observed,0.036118534
NZ,S2,2026,89.4096,pathway,0.036118534
NZ,S2,2027,86.1803,pathway,0.036118534
NZ,S2,2028,83.0676,pathway,0.036118534
NZ,S2,2029,80.0673,pathway,0.036118534
NZ,S2,2030,77.1754,pathway,0.036118534
NZ,S2,2031,74.3879,pathway,0.036118534
NZ,S2,2032,71.7012,pathway,0.036118534
NZ,S2,2033,69.1114,pathway,0.036118534
NZ,S2,2034,66.6152,pathway,0.036118534
NZ,S2,2035,64.2092,pathway,0.036118534
NZ,S2,2036,61.89,pathway,0.036118534
NZ,S2,2037,59.6546,pathway,0.036118534
NZ,S2,2038,57.5,pathway,0.036118534
NZ,S2,2039,55.4232,pathway,0.036118534
NZ,S2,2040,53.4214,pathway,0.036118534
NZ,S2,2041,51.4919,pathway,0.036118534
NZ,S2,2042,49.6321,pathway,0.036118534
NZ,S2,2043,47.8394,pathway,0.036118534
NZ,S2,2044,46.1115,pathway,0.036118534
NZ,S2,2045,44.4461,pathway,0.036118534
NZ,S2,2046,42.8407,pathway,0.036118534
NZ,S2,2047,41.2934,pathway,0.036118534
NZ,S2,2048,39.8019,pathway,0.036118534
NZ,S2,2049,38.3644,pathway,0.036118534
NZ,S2,2050,36.9787,pathway,0.036118534
NZ,S2,2051,35.6431,pathway,0.036118534
NZ,S2,2052,34.3557,pathway,0.036118534
NZ,S2,2053,33.1148,pathway,0.036118534
NZ,S2,2054,31.9188,pathway,0.036118534
NZ,S2,2055,30.7659,pathway,0.036118534
NZ,S2,2056,29.6547,pathway,0.036118534
NZ,S2,2057,28.5836,pathway,0.036118534
NZ,S2,2058,27.5512,pathway,0.036118534
NZ,S2,2059,26.5561,pathway,0.036118534
NZ,S2,2060,25.5969,pathway,0.036118534
NZ,S2,2061,24.6724,pathway,0.036118534
NZ,S2,2062,23.7813,pathway,0.036118534
NZ,S2,2063,22.9223,pathway,0.036118534
NZ,S2,2064,22.0944,pathway,0.036118534
NZ,S2,2065,21.2964,pathway,0.036118534
NZ,S2,2066,20.5272,pathway,0.036118534
NZ,S2,2067,19.7858,pathway,0.036118534
NZ,S2,2068,19.0711,pathway,0.036118534
NZ,S2,2069,18.3823,pathway,0.036118534
NZ,S2,2070,17.7184,pathway,0.036118534
NZ,S2,2071,17.0784,pathway,0.036118534
NZ,S2,2072,16.4616,pathway,0.036118534
NZ,S2,2073,15.867,pathway,0.036118534
NZ,S2,2074,15.2939,pathway,0.036118534
NZ,S2,2075,14.7415,pathway,0.036118534
NZ,S2,2076,14.2091,pathway,0.036118534
NZ,S2,2077,13.6959,pathway,0.036118534
NZ,S2,2078,13.2012,pathway,0.036118534
NZ,S2,2079,12.7244,pathway,0.036118534
NZ,S2,2080,12.2648,pathway,0.036118534
NZ,S2,2081,11.8218,pathway,0.036118534
NZ,S2,2082,11.3948,pathway,0.036118534
NZ,S2,2083,10.9833,pathway,0.036118534
NZ,S2,2084,10.5866,pathway,0.036118534
NZ,S2,2085,10.2042,pathway,0.036118534
NZ,S2,2086,9.8356,pathway,0.036118534
NZ,S2,2087,9.4804,pathway,0.036118534
NZ,S2,2088,9.138,pathway,0.036118534
NZ,S2,2089,8.8079,pathway,0.036118534
NZ,S2,2090,8.4898,pathway,0.036118534
NZ,S2,2091,8.1831,pathway,0.036118534
NZ,S2,2092,7.8876,pathway,0.036118534
NZ,S2,2093,7.6027,pathway,0.036118534
NZ,S2,2094,7.3281,pathway,0.036118534
NZ,S2,2095,7.0634,pathway,0.036118534
NZ,S2,2096,6.8083,pathway,0.036118534
NZ,S2,2097,6.5624,pathway,0.036118534
NZ,S2,2098,6.3254,pathway,0.036118534
NZ,S2,2099,6.0969,pathway,0.036118534
NZ,S2,2100,5.8767,pathway,0.036118534
OM,S1,2000,580.68,observed,0.005573776
OM,S1,2001,581.11,observed,0.005573776
OM,S1,2002,580.83,observed,0.005573776
OM,S1,2003,581.7,observed,0.005573776
OM,S1,2004,580.87,observed,0.005573776
OM,S1,2005,579.45,observed,0.005573776
OM,S1,2006,578.63,observed,0.005573776
OM,S1,2007,565.98,observed,0.005573776
OM,S1,2008,566.36,observed,0.005573776
OM,S1,2009,566.4,observed,0.005573776
OM,S1,2010,566.89,observed,0.005573776
OM,S1,2011,566.99,observed,0.005573776
OM,S1,2012,566.75,observed,0.005573776
OM,S1,2013,567.07,observed,0.005573776
OM,S1,2014,567.11,observed,0.005573776
OM,S1,2015,567.33,observed,0.005573776
OM,S1,2016,567.34,observed,0.005573776
OM,S1,2017,566.81,observed,0.005573776
OM,S1,2018,566.47,observed,0.005573776
OM,S1,2019,566.47,observed,0.005573776
OM,S1,2020,565.18,observed,0.005573776
OM,S1,2021,559.27,observed,0.005573776
OM,S1,2022,545.28,observed,0.005573776
OM,S1,2023,542.44,observed,0.005573776
OM,S1,2024,542.77,observed,0.005573776
OM,S1,2025,544.47,observed,0.005573776
OM,S1,2026,541.4352,pathway,0.005573776
OM,S1,2027,538.4174,pathway,0.005573776
OM,S1,2028,535.4164,pathway,0.005573776
OM,S1,2029,532.4321,pathway,0.005573776
OM,S1,2030,529.4644,pathway,0.005573776
OM,S1,2031,526.5133,pathway,0.005573776
OM,S1,2032,523.5787,pathway,0.005573776
OM,S1,2033,520.6603,pathway,0.005573776
OM,S1,2034,517.7583,pathway,0.005573776
OM,S1,2035,514.8724,pathway,0.005573776
OM,S1,2036,512.0027,pathway,0.005573776
OM,S1,2037,509.1489,pathway,0.005573776
OM,S1,2038,506.311,pathway,0.005573776
OM,S1,2039,503.4889,pathway,0.005573776
OM,S1,2040,500.6826,pathway,0.005573776
OM,S1,2041,497.8919,pathway,0.005573776
OM,S1,2042,495.1168,pathway,0.005573776
OM,S1,2043,492.3571,pathway,0.005573776
OM,S1,2044,489.6128,pathway,0.005573776
OM,S1,2045,486.8838,pathway,0.005573776
OM,S1,2046,484.17,pathway,0.005573776
OM,S1,2047,481.4714,pathway,0.005573776
OM,S1,2048,478.7878,pathway,0.005573776
OM,S1,2049,476.1191,pathway,0.005573776
OM,S1,2050,473.4653,pathway,0.005573776
OM,S1,2051,470.8263,pathway,0.005573776
OM,S1,2052,468.202,pathway,0.005573776
OM,S1,2053,465.5924,pathway,0.005573776
OM,S1,2054,462.9973,pathway,0.005573776
OM,S1,2055,460.4166,pathway,0.005573776
OM,S1,2056,457.8504,pathway,0.005573776
OM,S1,2057,455.2984,pathway,0.005573776
OM,S1,2058,452.7607,pathway,0.005573776
OM,S1,2059,450.2371,pathway,0.005573776
OM,S1,2060,447.7276,pathway,0.005573776
OM,S1,2061,445.2321,pathway,0.005573776
OM,S1,2062,442.7504,pathway,0.005573776
OM,S1,2063,440.2826,pathway,0.005573776
OM,S1,2064,437.8286,pathway,0.005573776
OM,S1,2065,435.3882,pathway,0.005573776
OM,S1,2066,432.9615,pathway,0.005573776
OM,S1,2067,430.5483,pathway,0.005573776
OM,S1,2068,428.1485,pathway,0.005573776
OM,S1,2069,425.7621,pathway,0.005573776
OM,S1,2070,423.389,pathway,0.005573776
OM,S1,2071,421.0291,pathway,0.005573776
OM,S1,2072,418.6824,pathway,0.005573776
OM,S1,2073,416.3487,pathway,0.005573776
OM,S1,2074,414.0281,pathway,0.005573776
OM,S1,2075,411.7204,pathway,0.005573776
OM,S1,2076,409.4256,pathway,0.005573776
OM,S1,2077,407.1435,pathway,0.005573776
OM,S1,2078,404.8742,pathway,0.005573776
OM,S1,2079,402.6175,pathway,0.005573776
OM,S1,2080,400.3734,pathway,0.005573776
OM,S1,2081,398.1418,pathway,0.005573776
OM,S1,2082,395.9227,pathway,0.005573776
OM,S1,2083,393.7159,pathway,0.005573776
OM,S1,2084,391.5214,pathway,0.005573776
OM,S1,2085,389.3391,pathway,0.005573776
OM,S1,2086,387.1691,pathway,0.005573776
OM,S1,2087,385.0111,pathway,0.005573776
OM,S1,2088,382.8651,pathway,0.005573776
OM,S1,2089,380.7311,pathway,0.005573776
OM,S1,2090,378.609,pathway,0.005573776
OM,S1,2091,376.4987,pathway,0.005573776
OM,S1,2092,374.4002,pathway,0.005573776
OM,S1,2093,372.3134,pathway,0.005573776
OM,S1,2094,370.2382,pathway,0.005573776
OM,S1,2095,368.1745,pathway,0.005573776
OM,S1,2096,366.1224,pathway,0.005573776
OM,S1,2097,364.0817,pathway,0.005573776
OM,S1,2098,362.0524,pathway,0.005573776
OM,S1,2099,360.0344,pathway,0.005573776
OM,S1,2100,358.0277,pathway,0.005573776
OM,S2,2000,580.68,observed,0.007541209
OM,S2,2001,581.11,observed,0.007541209
OM,S2,2002,580.83,observed,0.007541209
OM,S2,2003,581.7,observed,0.007541209
OM,S2,2004,580.87,observed,0.007541209
OM,S2,2005,579.45,observed,0.007541209
OM,S2,2006,578.63,observed,0.007541209
OM,S2,2007,565.98,observed,0.007541209
OM,S2,2008,566.36,observed,0.007541209
OM,S2,2009,566.4,observed,0.007541209
OM,S2,2010,566.89,observed,0.007541209
OM,S2,2011,566.99,observed,0.007541209
OM,S2,2012,566.75,observed,0.007541209
OM,S2,2013,567.07,observed,0.007541209
OM,S2,2014,567.11,observed,0.007541209
OM,S2,2015,567.33,observed,0.007541209
OM,S2,2016,567.34,observed,0.007541209
OM,S2,2017,566.81,observed,0.007541209
OM,S2,2018,566.47,observed,0.007541209
OM,S2,2019,566.47,observed,0.007541209
OM,S2,2020,565.18,observed,0.007541209
OM,S2,2021,559.27,observed,0.007541209
OM,S2,2022,545.28,observed,0.007541209
OM,S2,2023,542.44,observed,0.007541209
OM,S2,2024,542.77,observed,0.007541209
OM,S2,2025,544.47,observed,0.007541209
OM,S2,2026,540.364,pathway,0.007541209
OM,S2,2027,536.289,pathway,0.007541209
OM,S2,2028,532.2448,pathway,0.007541209
OM,S2,2029,528.231,pathway,0.007541209
OM,S2,2030,524.2475,pathway,0.007541209
OM,S2,2031,520.294,pathway,0.007541209
OM,S2,2032,516.3704,pathway,0.007541209
OM,S2,2033,512.4763,pathway,0.007541209
OM,S2,2034,508.6116,pathway,0.007541209
OM,S2,2035,504.7761,pathway,0.007541209
OM,S2,2036,500.9695,pathway,0.007541209
OM,S2,2037,497.1916,pathway,0.007541209
OM,S2,2038,493.4421,pathway,0.007541209
OM,S2,2039,489.721,pathway,0.007541209
OM,S2,2040,486.0279,pathway,0.007541209
OM,S2,2041,482.3627,pathway,0.007541209
OM,S2,2042,478.7251,pathway,0.007541209
OM,S2,2043,475.1149,pathway,0.007541209
OM,S2,2044,471.532,pathway,0.007541209
OM,S2,2045,467.976,pathway,0.007541209
OM,S2,2046,464.4469,pathway,0.007541209
OM,S2,2047,460.9444,pathway,0.007541209
OM,S2,2048,457.4684,pathway,0.007541209
OM,S2,2049,454.0185,pathway,0.007541209
OM,S2,2050,450.5946,pathway,0.007541209
OM,S2,2051,447.1966,pathway,0.007541209
OM,S2,2052,443.8242,pathway,0.007541209
OM,S2,2053,440.4772,pathway,0.007541209
OM,S2,2054,437.1555,pathway,0.007541209
OM,S2,2055,433.8588,pathway,0.007541209
OM,S2,2056,430.587,pathway,0.007541209
OM,S2,2057,427.3399,pathway,0.007541209
OM,S2,2058,424.1172,pathway,0.007541209
OM,S2,2059,420.9189,pathway,0.007541209
OM,S2,2060,417.7446,pathway,0.007541209
OM,S2,2061,414.5943,pathway,0.007541209
OM,S2,2062,411.4678,pathway,0.007541209
OM,S2,2063,408.3648,pathway,0.007541209
OM,S2,2064,405.2852,pathway,0.007541209
OM,S2,2065,402.2289,pathway,0.007541209
OM,S2,2066,399.1956,pathway,0.007541209
OM,S2,2067,396.1852,pathway,0.007541209
OM,S2,2068,393.1975,pathway,0.007541209
OM,S2,2069,390.2323,pathway,0.007541209
OM,S2,2070,387.2895,pathway,0.007541209
OM,S2,2071,384.3688,pathway,0.007541209
OM,S2,2072,381.4702,pathway,0.007541209
OM,S2,2073,378.5935,pathway,0.007541209
OM,S2,2074,375.7384,pathway,0.007541209
OM,S2,2075,372.9049,pathway,0.007541209
OM,S2,2076,370.0928,pathway,0.007541209
OM,S2,2077,367.3018,pathway,0.007541209
OM,S2,2078,364.5319,pathway,0.007541209
OM,S2,2079,361.7829,pathway,0.007541209
OM,S2,2080,359.0546,pathway,0.007541209
OM,S2,2081,356.3469,pathway,0.007541209
OM,S2,2082,353.6596,pathway,0.007541209
OM,S2,2083,350.9926,pathway,0.007541209
OM,S2,2084,348.3457,pathway,0.007541209
OM,S2,2085,345.7188,pathway,0.007541209
OM,S2,2086,343.1116,pathway,0.007541209
OM,S2,2087,340.5241,pathway,0.007541209
OM,S2,2088,337.9562,pathway,0.007541209
OM,S2,2089,335.4076,pathway,0.007541209
OM,S2,2090,332.8782,pathway,0.007541209
OM,S2,2091,330.3679,pathway,0.007541209
OM,S2,2092,327.8765,pathway,0.007541209
OM,S2,2093,325.4039,pathway,0.007541209
OM,S2,2094,322.95,pathway,0.007541209
OM,S2,2095,320.5146,pathway,0.007541209
OM,S2,2096,318.0975,pathway,0.007541209
OM,S2,2097,315.6987,pathway,0.007541209
OM,S2,2098,313.3179,pathway,0.007541209
OM,S2,2099,310.9551,pathway,0.007541209
OM,S2,2100,308.6101,pathway,0.007541209
PH,S1,2000,468.21,observed,-0.010825295
PH,S1,2001,506.06,observed,-0.010825295
PH,S1,2002,467.19,observed,-0.010825295
PH,S1,2003,455.61,observed,-0.010825295
PH,S1,2004,460.67,observed,-0.010825295
PH,S1,2005,448.65,observed,-0.010825295
PH,S1,2006,427.44,observed,-0.010825295
PH,S1,2007,452.2,observed,-0.010825295
PH,S1,2008,431.11,observed,-0.010825295
PH,S1,2009,441.38,observed,-0.010825295
PH,S1,2010,504.65,observed,-0.010825295
PH,S1,2011,492.99,observed,-0.010825295
PH,S1,2012,505.28,observed,-0.010825295
PH,S1,2013,529.98,observed,-0.010825295
PH,S1,2014,536.84,observed,-0.010825295
PH,S1,2015,544.78,observed,-0.010825295
PH,S1,2016,560.19,observed,-0.010825295
PH,S1,2017,560.51,observed,-0.010825295
PH,S1,2018,572.39,observed,-0.010825295
PH,S1,2019,592.66,observed,-0.010825295
PH,S1,2020,598.82,observed,-0.010825295
PH,S1,2021,599.57,observed,-0.010825295
PH,S1,2022,602.51,observed,-0.010825295
PH,S1,2023,616.12,observed,-0.010825295
PH,S1,2024,621.73,observed,-0.010825295
PH,S1,2025,588.29,observed,-0.010825295
PH,S1,2026,594.6584,pathway,-0.010825295
PH,S1,2027,601.0958,pathway,-0.010825295
PH,S1,2028,607.6028,pathway,-0.010825295
PH,S1,2029,614.1803,pathway,-0.010825295
PH,S1,2030,620.829,pathway,-0.010825295
PH,S1,2031,627.5496,pathway,-0.010825295
PH,S1,2032,634.343,pathway,-0.010825295
PH,S1,2033,641.21,pathway,-0.010825295
PH,S1,2034,648.1513,pathway,-0.010825295
PH,S1,2035,655.1677,pathway,-0.010825295
PH,S1,2036,662.2601,pathway,-0.010825295
PH,S1,2037,669.4292,pathway,-0.010825295
PH,S1,2038,676.676,pathway,-0.010825295
PH,S1,2039,684.0012,pathway,-0.010825295
PH,S1,2040,691.4057,pathway,-0.010825295
PH,S1,2041,698.8904,pathway,-0.010825295
PH,S1,2042,706.4561,pathway,-0.010825295
PH,S1,2043,714.1037,pathway,-0.010825295
PH,S1,2044,721.8341,pathway,-0.010825295
PH,S1,2045,729.6482,pathway,-0.010825295
PH,S1,2046,737.5468,pathway,-0.010825295
PH,S1,2047,745.531,pathway,-0.010825295
PH,S1,2048,753.6016,pathway,-0.010825295
PH,S1,2049,761.7595,pathway,-0.010825295
PH,S1,2050,770.0058,pathway,-0.010825295
PH,S1,2051,778.3413,pathway,-0.010825295
PH,S1,2052,786.7671,pathway,-0.010825295
PH,S1,2053,795.2841,pathway,-0.010825295
PH,S1,2054,803.8933,pathway,-0.010825295
PH,S1,2055,812.5957,pathway,-0.010825295
PH,S1,2056,821.3923,pathway,-0.010825295
PH,S1,2057,830.2841,pathway,-0.010825295
PH,S1,2058,839.2721,pathway,-0.010825295
PH,S1,2059,848.3575,pathway,-0.010825295
PH,S1,2060,857.5412,pathway,-0.010825295
PH,S1,2061,866.8244,pathway,-0.010825295
PH,S1,2062,876.208,pathway,-0.010825295
PH,S1,2063,885.6932,pathway,-0.010825295
PH,S1,2064,895.2811,pathway,-0.010825295
PH,S1,2065,904.9728,pathway,-0.010825295
PH,S1,2066,914.7694,pathway,-0.010825295
PH,S1,2067,924.672,pathway,-0.010825295
PH,S1,2068,934.6819,pathway,-0.010825295
PH,S1,2069,944.8001,pathway,-0.010825295
PH,S1,2070,955.0278,pathway,-0.010825295
PH,S1,2071,965.3663,pathway,-0.010825295
PH,S1,2072,975.8166,pathway,-0.010825295
PH,S1,2073,986.3802,pathway,-0.010825295
PH,S1,2074,997.058,pathway,-0.010825295
PH,S1,2075,1007.8515,pathway,-0.010825295
PH,S1,2076,1018.7617,pathway,-0.010825295
PH,S1,2077,1029.7901,pathway,-0.010825295
PH,S1,2078,1040.9379,pathway,-0.010825295
PH,S1,2079,1052.2064,pathway,-0.010825295
PH,S1,2080,1063.5968,pathway,-0.010825295
PH,S1,2081,1075.1106,pathway,-0.010825295
PH,S1,2082,1086.749,pathway,-0.010825295
PH,S1,2083,1098.5133,pathway,-0.010825295
PH,S1,2084,1110.4051,pathway,-0.010825295
PH,S1,2085,1122.4255,pathway,-0.010825295
PH,S1,2086,1134.5761,pathway,-0.010825295
PH,S1,2087,1146.8582,pathway,-0.010825295
PH,S1,2088,1159.2733,pathway,-0.010825295
PH,S1,2089,1171.8228,pathway,-0.010825295
PH,S1,2090,1184.5081,pathway,-0.010825295
PH,S1,2091,1197.3308,pathway,-0.010825295
PH,S1,2092,1210.2922,pathway,-0.010825295
PH,S1,2093,1223.394,pathway,-0.010825295
PH,S1,2094,1236.6376,pathway,-0.010825295
PH,S1,2095,1250.0246,pathway,-0.010825295
PH,S1,2096,1263.5565,pathway,-0.010825295
PH,S1,2097,1277.2348,pathway,-0.010825295
PH,S1,2098,1291.0613,pathway,-0.010825295
PH,S1,2099,1305.0374,pathway,-0.010825295
PH,S1,2100,1319.1648,pathway,-0.010825295
PK,S1,2000,499.93,observed,0.025373882
PK,S1,2001,483.71,observed,0.025373882
PK,S1,2002,465.62,observed,0.025373882
PK,S1,2003,442.37,observed,0.025373882
PK,S1,2004,461.84,observed,0.025373882
PK,S1,2005,441.73,observed,0.025373882
PK,S1,2006,442.98,observed,0.025373882
PK,S1,2007,456.68,observed,0.025373882
PK,S1,2008,459.09,observed,0.025373882
PK,S1,2009,458.23,observed,0.025373882
PK,S1,2010,429.66,observed,0.025373882
PK,S1,2011,443.32,observed,0.025373882
PK,S1,2012,431.7,observed,0.025373882
PK,S1,2013,436.21,observed,0.025373882
PK,S1,2014,432.77,observed,0.025373882
PK,S1,2015,431.78,observed,0.025373882
PK,S1,2016,456.96,observed,0.025373882
PK,S1,2017,486.12,observed,0.025373882
PK,S1,2018,484.11,observed,0.025373882
PK,S1,2019,468.99,observed,0.025373882
PK,S1,2020,477.49,observed,0.025373882
PK,S1,2021,456.77,observed,0.025373882
PK,S1,2022,431.66,observed,0.025373882
PK,S1,2023,401.29,observed,0.025373882
PK,S1,2024,373.69,observed,0.025373882
PK,S1,2025,346.56,observed,0.025373882
PK,S1,2026,337.7664,pathway,0.025373882
PK,S1,2027,329.196,pathway,0.025373882
PK,S1,2028,320.843,pathway,0.025373882
PK,S1,2029,312.702,pathway,0.025373882
PK,S1,2030,304.7675,pathway,0.025373882
PK,S1,2031,297.0344,pathway,0.025373882
PK,S1,2032,289.4975,pathway,0.025373882
PK,S1,2033,282.1518,pathway,0.025373882
PK,S1,2034,274.9925,pathway,0.025373882
PK,S1,2035,268.0149,pathway,0.025373882
PK,S1,2036,261.2143,pathway,0.025373882
PK,S1,2037,254.5863,pathway,0.025373882
PK,S1,2038,248.1264,pathway,0.025373882
PK,S1,2039,241.8305,pathway,0.025373882
PK,S1,2040,235.6943,pathway,0.025373882
PK,S1,2041,229.7138,pathway,0.025373882
PK,S1,2042,223.8851,pathway,0.025373882
PK,S1,2043,218.2043,pathway,0.025373882
PK,S1,2044,212.6676,pathway,0.025373882
PK,S1,2045,207.2714,pathway,0.025373882
PK,S1,2046,202.0121,pathway,0.025373882
PK,S1,2047,196.8863,pathway,0.025373882
PK,S1,2048,191.8905,pathway,0.025373882
PK,S1,2049,187.0215,pathway,0.025373882
PK,S1,2050,182.276,pathway,0.025373882
PK,S1,2051,177.651,pathway,0.025373882
PK,S1,2052,173.1433,pathway,0.025373882
PK,S1,2053,168.75,pathway,0.025373882
PK,S1,2054,164.4681,pathway,0.025373882
PK,S1,2055,160.2949,pathway,0.025373882
PK,S1,2056,156.2276,pathway,0.025373882
PK,S1,2057,152.2635,pathway,0.025373882
PK,S1,2058,148.4,pathway,0.025373882
PK,S1,2059,144.6345,pathway,0.025373882
PK,S1,2060,140.9646,pathway,0.025373882
PK,S1,2061,137.3878,pathway,0.025373882
PK,S1,2062,133.9017,pathway,0.025373882
PK,S1,2063,130.5041,pathway,0.025373882
PK,S1,2064,127.1927,pathway,0.025373882
PK,S1,2065,123.9653,pathway,0.025373882
PK,S1,2066,120.8199,pathway,0.025373882
PK,S1,2067,117.7542,pathway,0.025373882
PK,S1,2068,114.7663,pathway,0.025373882
PK,S1,2069,111.8542,pathway,0.025373882
PK,S1,2070,109.0161,pathway,0.025373882
PK,S1,2071,106.2499,pathway,0.025373882
PK,S1,2072,103.5539,pathway,0.025373882
PK,S1,2073,100.9264,pathway,0.025373882
PK,S1,2074,98.3655,pathway,0.025373882
PK,S1,2075,95.8696,pathway,0.025373882
PK,S1,2076,93.437,pathway,0.025373882
PK,S1,2077,91.0661,pathway,0.025373882
PK,S1,2078,88.7554,pathway,0.025373882
PK,S1,2079,86.5033,pathway,0.025373882
PK,S1,2080,84.3084,pathway,0.025373882
PK,S1,2081,82.1692,pathway,0.025373882
PK,S1,2082,80.0842,pathway,0.025373882
PK,S1,2083,78.0522,pathway,0.025373882
PK,S1,2084,76.0717,pathway,0.025373882
PK,S1,2085,74.1415,pathway,0.025373882
PK,S1,2086,72.2602,pathway,0.025373882
PK,S1,2087,70.4267,pathway,0.025373882
PK,S1,2088,68.6397,pathway,0.025373882
PK,S1,2089,66.898,pathway,0.025373882
PK,S1,2090,65.2006,pathway,0.025373882
PK,S1,2091,63.5462,pathway,0.025373882
PK,S1,2092,61.9338,pathway,0.025373882
PK,S1,2093,60.3623,pathway,0.025373882
PK,S1,2094,58.8306,pathway,0.025373882
PK,S1,2095,57.3379,pathway,0.025373882
PK,S1,2096,55.883,pathway,0.025373882
PK,S1,2097,54.465,pathway,0.025373882
PK,S1,2098,53.083,pathway,0.025373882
PK,S1,2099,51.7361,pathway,0.025373882
PK,S1,2100,50.4234,pathway,0.025373882
PL,S1,1990,966.97,observed,0.034114369
PL,S1,1991,967.68,observed,0.034114369
PL,S1,1992,966.71,observed,0.034114369
PL,S1,1993,967.22,observed,0.034114369
PL,S1,1994,963.76,observed,0.034114369
PL,S1,1995,961.77,observed,0.034114369
PL,S1,1996,960.69,observed,0.034114369
PL,S1,1997,959.49,observed,0.034114369
PL,S1,1998,957.31,observed,0.034114369
PL,S1,1999,956.78,observed,0.034114369
PL,S1,2000,954.6,observed,0.034114369
PL,S1,2001,949.56,observed,0.034114369
PL,S1,2002,945.61,observed,0.034114369
PL,S1,2003,949.8,observed,0.034114369
PL,S1,2004,941.26,observed,0.034114369
PL,S1,2005,932.26,observed,0.034114369
PL,S1,2006,931.92,observed,0.034114369
PL,S1,2007,925.44,observed,0.034114369
PL,S1,2008,918.51,observed,0.034114369
PL,S1,2009,904.81,observed,0.034114369
PL,S1,2010,893.03,observed,0.034114369
PL,S1,2011,881.69,observed,0.034114369
PL,S1,2012,860.79,observed,0.034114369
PL,S1,2013,863.23,observed,0.034114369
PL,S1,2014,844.08,observed,0.034114369
PL,S1,2015,826.11,observed,0.034114369
PL,S1,2016,818.55,observed,0.034114369
PL,S1,2017,805.54,observed,0.034114369
PL,S1,2018,809.01,observed,0.034114369
PL,S1,2019,771.66,observed,0.034114369
PL,S1,2020,738.28,observed,0.034114369
PL,S1,2021,756.36,observed,0.034114369
PL,S1,2022,732.48,observed,0.034114369
PL,S1,2023,650.68,observed,0.034114369
PL,S1,2024,608.18,observed,0.034114369
PL,S1,2025,588.6,observed,0.034114369
PL,S1,2026,568.5203,pathway,0.034114369
PL,S1,2027,549.1256,pathway,0.034114369
PL,S1,2028,530.3925,pathway,0.034114369
PL,S1,2029,512.2985,pathway,0.034114369
PL,S1,2030,494.8218,pathway,0.034114369
PL,S1,2031,477.9412,pathway,0.034114369
PL,S1,2032,461.6366,pathway,0.034114369
PL,S1,2033,445.8881,pathway,0.034114369
PL,S1,2034,430.6769,pathway,0.034114369
PL,S1,2035,415.9847,pathway,0.034114369
PL,S1,2036,401.7936,pathway,0.034114369
PL,S1,2037,388.0867,pathway,0.034114369
PL,S1,2038,374.8473,pathway,0.034114369
PL,S1,2039,362.0597,pathway,0.034114369
PL,S1,2040,349.7082,pathway,0.034114369
PL,S1,2041,337.7781,pathway,0.034114369
PL,S1,2042,326.2551,pathway,0.034114369
PL,S1,2043,315.1251,pathway,0.034114369
PL,S1,2044,304.3748,pathway,0.034114369
PL,S1,2045,293.9912,pathway,0.034114369
PL,S1,2046,283.9619,pathway,0.034114369
PL,S1,2047,274.2747,pathway,0.034114369
PL,S1,2048,264.918,pathway,0.034114369
PL,S1,2049,255.8805,pathway,0.034114369
PL,S1,2050,247.1513,pathway,0.034114369
PL,S1,2051,238.7199,pathway,0.034114369
PL,S1,2052,230.5761,pathway,0.034114369
PL,S1,2053,222.7101,pathway,0.034114369
PL,S1,2054,215.1125,pathway,0.034114369
PL,S1,2055,207.7741,pathway,0.034114369
PL,S1,2056,200.686,pathway,0.034114369
PL,S1,2057,193.8397,pathway,0.034114369
PL,S1,2058,187.227,pathway,0.034114369
PL,S1,2059,180.8399,pathway,0.034114369
PL,S1,2060,174.6707,pathway,0.034114369
PL,S1,2061,168.7119,pathway,0.034114369
PL,S1,2062,162.9564,pathway,0.034114369
PL,S1,2063,157.3972,pathway,0.034114369
PL,S1,2064,152.0277,pathway,0.034114369
PL,S1,2065,146.8414,pathway,0.034114369
PL,S1,2066,141.832,pathway,0.034114369
PL,S1,2067,136.9935,pathway,0.034114369
PL,S1,2068,132.32,pathway,0.034114369
PL,S1,2069,127.806,pathway,0.034114369
PL,S1,2070,123.446,pathway,0.034114369
PL,S1,2071,119.2347,pathway,0.034114369
PL,S1,2072,115.1671,pathway,0.034114369
PL,S1,2073,111.2382,pathway,0.034114369
PL,S1,2074,107.4434,pathway,0.034114369
PL,S1,2075,103.7781,pathway,0.034114369
PL,S1,2076,100.2377,pathway,0.034114369
PL,S1,2077,96.8182,pathway,0.034114369
PL,S1,2078,93.5153,pathway,0.034114369
PL,S1,2079,90.3251,pathway,0.034114369
PL,S1,2080,87.2437,pathway,0.034114369
PL,S1,2081,84.2674,pathway,0.034114369
PL,S1,2082,81.3927,pathway,0.034114369
PL,S1,2083,78.616,pathway,0.034114369
PL,S1,2084,75.9341,pathway,0.034114369
PL,S1,2085,73.3437,pathway,0.034114369
PL,S1,2086,70.8416,pathway,0.034114369
PL,S1,2087,68.4249,pathway,0.034114369
PL,S1,2088,66.0906,pathway,0.034114369
PL,S1,2089,63.836,pathway,0.034114369
PL,S1,2090,61.6582,pathway,0.034114369
PL,S1,2091,59.5548,pathway,0.034114369
PL,S1,2092,57.5231,pathway,0.034114369
PL,S1,2093,55.5608,pathway,0.034114369
PL,S1,2094,53.6653,pathway,0.034114369
PL,S1,2095,51.8346,pathway,0.034114369
PL,S1,2096,50.0663,pathway,0.034114369
PL,S1,2097,48.3583,pathway,0.034114369
PL,S1,2098,46.7086,pathway,0.034114369
PL,S1,2099,45.1152,pathway,0.034114369
PL,S1,2100,43.5761,pathway,0.034114369
PL,S2,1990,966.97,observed,0.113443981
PL,S2,1991,967.68,observed,0.113443981
PL,S2,1992,966.71,observed,0.113443981
PL,S2,1993,967.22,observed,0.113443981
PL,S2,1994,963.76,observed,0.113443981
PL,S2,1995,961.77,observed,0.113443981
PL,S2,1996,960.69,observed,0.113443981
PL,S2,1997,959.49,observed,0.113443981
PL,S2,1998,957.31,observed,0.113443981
PL,S2,1999,956.78,observed,0.113443981
PL,S2,2000,954.6,observed,0.113443981
PL,S2,2001,949.56,observed,0.113443981
PL,S2,2002,945.61,observed,0.113443981
PL,S2,2003,949.8,observed,0.113443981
PL,S2,2004,941.26,observed,0.113443981
PL,S2,2005,932.26,observed,0.113443981
PL,S2,2006,931.92,observed,0.113443981
PL,S2,2007,925.44,observed,0.113443981
PL,S2,2008,918.51,observed,0.113443981
PL,S2,2009,904.81,observed,0.113443981
PL,S2,2010,893.03,observed,0.113443981
PL,S2,2011,881.69,observed,0.113443981
PL,S2,2012,860.79,observed,0.113443981
PL,S2,2013,863.23,observed,0.113443981
PL,S2,2014,844.08,observed,0.113443981
PL,S2,2015,826.11,observed,0.113443981
PL,S2,2016,818.55,observed,0.113443981
PL,S2,2017,805.54,observed,0.113443981
PL,S2,2018,809.01,observed,0.113443981
PL,S2,2019,771.66,observed,0.113443981
PL,S2,2020,738.28,observed,0.113443981
PL,S2,2021,756.36,observed,0.113443981
PL,S2,2022,732.48,observed,0.113443981
PL,S2,2023,650.68,observed,0.113443981
PL,S2,2024,608.18,observed,0.113443981
PL,S2,2025,588.6,observed,0.113443981
PL,S2,2026,521.8269,pathway,0.113443981
PL,S2,2027,462.6288,pathway,0.113443981
PL,S2,2028,410.1463,pathway,0.113443981
PL,S2,2029,363.6177,pathway,0.113443981
PL,S2,2030,322.3674,pathway,0.113443981
PL,S2,2031,285.7968,pathway,0.113443981
PL,S2,2032,253.3749,pathway,0.113443981
PL,S2,2033,224.631,pathway,0.113443981
PL,S2,2034,199.148,pathway,0.113443981
PL,S2,2035,176.5558,pathway,0.113443981
PL,S2,2036,156.5266,pathway,0.113443981
PL,S2,2037,138.7696,pathway,0.113443981
PL,S2,2038,123.0271,pathway,0.113443981
PL,S2,2039,109.0704,pathway,0.113443981
PL,S2,2040,96.697,pathway,0.113443981
PL,S2,2041,85.7273,pathway,0.113443981
PL,S2,2042,76.0021,pathway,0.113443981
PL,S2,2043,67.3801,pathway,0.113443981
PL,S2,2044,59.7362,pathway,0.113443981
PL,S2,2045,52.9595,pathway,0.113443981
PL,S2,2046,46.9516,pathway,0.113443981
PL,S2,2047,41.6252,pathway,0.113443981
PL,S2,2048,36.9031,pathway,0.113443981
PL,S2,2049,32.7166,pathway,0.113443981
PL,S2,2050,29.0051,pathway,0.113443981
PL,S2,2051,25.7147,pathway,0.113443981
PL,S2,2052,22.7975,pathway,0.113443981
PL,S2,2053,20.2113,pathway,0.113443981
PL,S2,2054,17.9184,pathway,0.113443981
PL,S2,2055,15.8857,pathway,0.113443981
PL,S2,2056,14.0835,pathway,0.113443981
PL,S2,2057,12.4858,pathway,0.113443981
PL,S2,2058,11.0694,pathway,0.113443981
PL,S2,2059,9.8136,pathway,0.113443981
PL,S2,2060,8.7003,pathway,0.113443981
PL,S2,2061,7.7133,pathway,0.113443981
PL,S2,2062,6.8383,pathway,0.113443981
PL,S2,2063,6.0625,pathway,0.113443981
PL,S2,2064,5.3748,pathway,0.113443981
PL,S2,2065,4.7651,pathway,0.113443981
PL,S2,2066,4.2245,pathway,0.113443981
PL,S2,2067,3.7452,pathway,0.113443981
PL,S2,2068,3.3204,pathway,0.113443981
PL,S2,2069,2.9437,pathway,0.113443981
PL,S2,2070,2.6097,pathway,0.113443981
PL,S2,2071,2.3137,pathway,0.113443981
PL,S2,2072,2.0512,pathway,0.113443981
PL,S2,2073,1.8185,pathway,0.113443981
PL,S2,2074,1.6122,pathway,0.113443981
PL,S2,2075,1.4293,pathway,0.113443981
PL,S2,2076,1.2672,pathway,0.113443981
PL,S2,2077,1.1234,pathway,0.113443981
PL,S2,2078,0.996,pathway,0.113443981
PL,S2,2079,0.883,pathway,0.113443981
PL,S2,2080,0.7828,pathway,0.113443981
PL,S2,2081,0.694,pathway,0.113443981
PL,S2,2082,0.6153,pathway,0.113443981
PL,S2,2083,0.5455,pathway,0.113443981
PL,S2,2084,0.4836,pathway,0.113443981
PL,S2,2085,0.4287,pathway,0.113443981
PL,S2,2086,0.3801,pathway,0.113443981
PL,S2,2087,0.337,pathway,0.113443981
PL,S2,2088,0.2988,pathway,0.113443981
PL,S2,2089,0.2649,pathway,0.113443981
PL,S2,2090,0.2348,pathway,0.113443981
PL,S2,2091,0.2082,pathway,0.113443981
PL,S2,2092,0.1846,pathway,0.113443981
PL,S2,2093,0.1636,pathway,0.113443981
PL,S2,2094,0.1451,pathway,0.113443981
PL,S2,2095,0.1286,pathway,0.113443981
PL,S2,2096,0.114,pathway,0.113443981
PL,S2,2097,0.1011,pathway,0.113443981
PL,S2,2098,0.0896,pathway,0.113443981
PL,S2,2099,0.0794,pathway,0.113443981
PL,S2,2100,0.0704,pathway,0.113443981
PR,S1,2000,657.21,observed,0.004232677
PR,S1,2001,655.76,observed,0.004232677
PR,S1,2002,664.08,observed,0.004232677
PR,S1,2003,684.78,observed,0.004232677
PR,S1,2004,685.3,observed,0.004232677
PR,S1,2005,684.3,observed,0.004232677
PR,S1,2006,689.23,observed,0.004232677
PR,S1,2007,689.22,observed,0.004232677
PR,S1,2008,690.32,observed,0.004232677
PR,S1,2009,688.37,observed,0.004232677
PR,S1,2010,686.02,observed,0.004232677
PR,S1,2011,691.38,observed,0.004232677
PR,S1,2012,687.44,observed,0.004232677
PR,S1,2013,684.82,observed,0.004232677
PR,S1,2014,686.61,observed,0.004232677
PR,S1,2015,680.86,observed,0.004232677
PR,S1,2016,683.14,observed,0.004232677
PR,S1,2017,673.99,observed,0.004232677
PR,S1,2018,671.57,observed,0.004232677
PR,S1,2019,673.63,observed,0.004232677
PR,S1,2020,668.59,observed,0.004232677
PR,S1,2021,665.29,observed,0.004232677
PR,S1,2022,660.3,observed,0.004232677
PR,S1,2023,660.3,observed,0.004232677
PR,S1,2024,656.0,observed,0.004232677
PR,S1,2025,654.66,observed,0.004232677
PR,S1,2026,651.889,pathway,0.004232677
PR,S1,2027,649.1298,pathway,0.004232677
PR,S1,2028,646.3822,pathway,0.004232677
PR,S1,2029,643.6463,pathway,0.004232677
PR,S1,2030,640.922,pathway,0.004232677
PR,S1,2031,638.2092,pathway,0.004232677
PR,S1,2032,635.5078,pathway,0.004232677
PR,S1,2033,632.8179,pathway,0.004232677
PR,S1,2034,630.1394,pathway,0.004232677
PR,S1,2035,627.4722,pathway,0.004232677
PR,S1,2036,624.8163,pathway,0.004232677
PR,S1,2037,622.1717,pathway,0.004232677
PR,S1,2038,619.5382,pathway,0.004232677
PR,S1,2039,616.9159,pathway,0.004232677
PR,S1,2040,614.3047,pathway,0.004232677
PR,S1,2041,611.7046,pathway,0.004232677
PR,S1,2042,609.1154,pathway,0.004232677
PR,S1,2043,606.5372,pathway,0.004232677
PR,S1,2044,603.97,pathway,0.004232677
PR,S1,2045,601.4136,pathway,0.004232677
PR,S1,2046,598.868,pathway,0.004232677
PR,S1,2047,596.3332,pathway,0.004232677
PR,S1,2048,593.8091,pathway,0.004232677
PR,S1,2049,591.2957,pathway,0.004232677
PR,S1,2050,588.7929,pathway,0.004232677
PR,S1,2051,586.3007,pathway,0.004232677
PR,S1,2052,583.8191,pathway,0.004232677
PR,S1,2053,581.348,pathway,0.004232677
PR,S1,2054,578.8873,pathway,0.004232677
PR,S1,2055,576.4371,pathway,0.004232677
PR,S1,2056,573.9972,pathway,0.004232677
PR,S1,2057,571.5677,pathway,0.004232677
PR,S1,2058,569.1484,pathway,0.004232677
PR,S1,2059,566.7394,pathway,0.004232677
PR,S1,2060,564.3406,pathway,0.004232677
PR,S1,2061,561.9519,pathway,0.004232677
PR,S1,2062,559.5733,pathway,0.004232677
PR,S1,2063,557.2048,pathway,0.004232677
PR,S1,2064,554.8464,pathway,0.004232677
PR,S1,2065,552.4979,pathway,0.004232677
PR,S1,2066,550.1593,pathway,0.004232677
PR,S1,2067,547.8307,pathway,0.004232677
PR,S1,2068,545.5119,pathway,0.004232677
PR,S1,2069,543.2029,pathway,0.004232677
PR,S1,2070,540.9037,pathway,0.004232677
PR,S1,2071,538.6143,pathway,0.004232677
PR,S1,2072,536.3345,pathway,0.004232677
PR,S1,2073,534.0643,pathway,0.004232677
PR,S1,2074,531.8038,pathway,0.004232677
PR,S1,2075,529.5529,pathway,0.004232677
PR,S1,2076,527.3114,pathway,0.004232677
PR,S1,2077,525.0795,pathway,0.004232677
PR,S1,2078,522.857,pathway,0.004232677
PR,S1,2079,520.6439,pathway,0.004232677
PR,S1,2080,518.4402,pathway,0.004232677
PR,S1,2081,516.2458,pathway,0.004232677
PR,S1,2082,514.0607,pathway,0.004232677
PR,S1,2083,511.8849,pathway,0.004232677
PR,S1,2084,509.7182,pathway,0.004232677
PR,S1,2085,507.5608,pathway,0.004232677
PR,S1,2086,505.4124,pathway,0.004232677
PR,S1,2087,503.2732,pathway,0.004232677
PR,S1,2088,501.143,pathway,0.004232677
PR,S1,2089,499.0218,pathway,0.004232677
PR,S1,2090,496.9096,pathway,0.004232677
PR,S1,2091,494.8063,pathway,0.004232677
PR,S1,2092,492.712,pathway,0.004232677
PR,S1,2093,490.6265,pathway,0.004232677
PR,S1,2094,488.5498,pathway,0.004232677
PR,S1,2095,486.482,pathway,0.004232677
PR,S1,2096,484.4228,pathway,0.004232677
PR,S1,2097,482.3724,pathway,0.004232677
PR,S1,2098,480.3307,pathway,0.004232677
PR,S1,2099,478.2976,pathway,0.004232677
PR,S1,2100,476.2731,pathway,0.004232677
PR,S2,2000,657.21,observed,0.085824592
PR,S2,2001,655.76,observed,0.085824592
PR,S2,2002,664.08,observed,0.085824592
PR,S2,2003,684.78,observed,0.085824592
PR,S2,2004,685.3,observed,0.085824592
PR,S2,2005,684.3,observed,0.085824592
PR,S2,2006,689.23,observed,0.085824592
PR,S2,2007,689.22,observed,0.085824592
PR,S2,2008,690.32,observed,0.085824592
PR,S2,2009,688.37,observed,0.085824592
PR,S2,2010,686.02,observed,0.085824592
PR,S2,2011,691.38,observed,0.085824592
PR,S2,2012,687.44,observed,0.085824592
PR,S2,2013,684.82,observed,0.085824592
PR,S2,2014,686.61,observed,0.085824592
PR,S2,2015,680.86,observed,0.085824592
PR,S2,2016,683.14,observed,0.085824592
PR,S2,2017,673.99,observed,0.085824592
PR,S2,2018,671.57,observed,0.085824592
PR,S2,2019,673.63,observed,0.085824592
PR,S2,2020,668.59,observed,0.085824592
PR,S2,2021,665.29,observed,0.085824592
PR,S2,2022,660.3,observed,0.085824592
PR,S2,2023,660.3,observed,0.085824592
PR,S2,2024,656.0,observed,0.085824592
PR,S2,2025,654.66,observed,0.085824592
PR,S2,2026,598.4741,pathway,0.085824592
PR,S2,2027,547.1103,pathway,0.085824592
PR,S2,2028,500.1548,pathway,0.085824592
PR,S2,2029,457.2292,pathway,0.085824592
PR,S2,2030,417.9877,pathway,0.085824592
PR,S2,2031,382.1141,pathway,0.085824592
PR,S2,2032,349.3193,pathway,0.085824592
PR,S2,2033,319.3391,pathway,0.085824592
PR,S2,2034,291.9319,pathway,0.085824592
PR,S2,2035,266.877,pathway,0.085824592
PR,S2,2036,243.9724,pathway,0.085824592
PR,S2,2037,223.0336,pathway,0.085824592
PR,S2,2038,203.8918,pathway,0.085824592
PR,S2,2039,186.3929,pathway,0.085824592
PR,S2,2040,170.3958,pathway,0.085824592
PR,S2,2041,155.7716,pathway,0.085824592
PR,S2,2042,142.4026,pathway,0.085824592
PR,S2,2043,130.1809,pathway,0.085824592
PR,S2,2044,119.0082,pathway,0.085824592
PR,S2,2045,108.7944,pathway,0.085824592
PR,S2,2046,99.4572,pathway,0.085824592
PR,S2,2047,90.9213,pathway,0.085824592
PR,S2,2048,83.118,pathway,0.085824592
PR,S2,2049,75.9844,pathway,0.085824592
PR,S2,2050,69.4631,pathway,0.085824592
PR,S2,2051,63.5015,pathway,0.085824592
PR,S2,2052,58.0515,pathway,0.085824592
PR,S2,2053,53.0692,pathway,0.085824592
PR,S2,2054,48.5146,pathway,0.085824592
PR,S2,2055,44.3508,pathway,0.085824592
PR,S2,2056,40.5444,pathway,0.085824592
PR,S2,2057,37.0647,pathway,0.085824592
PR,S2,2058,33.8837,pathway,0.085824592
PR,S2,2059,30.9756,pathway,0.085824592
PR,S2,2060,28.3171,pathway,0.085824592
PR,S2,2061,25.8868,pathway,0.085824592
PR,S2,2062,23.6651,pathway,0.085824592
PR,S2,2063,21.6341,pathway,0.085824592
PR,S2,2064,19.7773,pathway,0.085824592
PR,S2,2065,18.0799,pathway,0.085824592
PR,S2,2066,16.5282,pathway,0.085824592
PR,S2,2067,15.1097,pathway,0.085824592
PR,S2,2068,13.8129,pathway,0.085824592
PR,S2,2069,12.6274,pathway,0.085824592
PR,S2,2070,11.5437,pathway,0.085824592
PR,S2,2071,10.553,pathway,0.085824592
PR,S2,2072,9.6473,pathway,0.085824592
PR,S2,2073,8.8193,pathway,0.085824592
PR,S2,2074,8.0624,pathway,0.085824592
PR,S2,2075,7.3704,pathway,0.085824592
PR,S2,2076,6.7379,pathway,0.085824592
PR,S2,2077,6.1596,pathway,0.085824592
PR,S2,2078,5.6309,pathway,0.085824592
PR,S2,2079,5.1477,pathway,0.085824592
PR,S2,2080,4.7059,pathway,0.085824592
PR,S2,2081,4.302,pathway,0.085824592
PR,S2,2082,3.9328,pathway,0.085824592
PR,S2,2083,3.5952,pathway,0.085824592
PR,S2,2084,3.2867,pathway,0.085824592
PR,S2,2085,3.0046,pathway,0.085824592
PR,S2,2086,2.7467,pathway,0.085824592
PR,S2,2087,2.511,pathway,0.085824592
PR,S2,2088,2.2955,pathway,0.085824592
PR,S2,2089,2.0985,pathway,0.085824592
PR,S2,2090,1.9184,pathway,0.085824592
PR,S2,2091,1.7537,pathway,0.085824592
PR,S2,2092,1.6032,pathway,0.085824592
PR,S2,2093,1.4656,pathway,0.085824592
PR,S2,2094,1.3398,pathway,0.085824592
PR,S2,2095,1.2249,pathway,0.085824592
PR,S2,2096,1.1197,pathway,0.085824592
PR,S2,2097,1.0236,pathway,0.085824592
PR,S2,2098,0.9358,pathway,0.085824592
PR,S2,2099,0.8555,pathway,0.085824592
PR,S2,2100,0.782,pathway,0.085824592
PT,S1,1990,539.71,observed,0.125126915
PT,S1,1991,552.83,observed,0.125126915
PT,S1,1992,650.27,observed,0.125126915
PT,S1,1993,581.39,observed,0.125126915
PT,S1,1994,539.2,observed,0.125126915
PT,S1,1995,606.5,observed,0.125126915
PT,S1,1996,482.16,observed,0.125126915
PT,S1,1997,512.84,observed,0.125126915
PT,S1,1998,515.36,observed,0.125126915
PT,S1,1999,606.46,observed,0.125126915
PT,S1,2000,546.17,observed,0.125126915
PT,S1,2001,506.95,observed,0.125126915
PT,S1,2002,592.54,observed,0.125126915
PT,S1,2003,485.23,observed,0.125126915
PT,S1,2004,541.18,observed,0.125126915
PT,S1,2005,595.31,observed,0.125126915
PT,S1,2006,503.93,observed,0.125126915
PT,S1,2007,472.28,observed,0.125126915
PT,S1,2008,471.55,observed,0.125126915
PT,S1,2009,452.82,observed,0.125126915
PT,S1,2010,317.13,observed,0.125126915
PT,S1,2011,375.05,observed,0.125126915
PT,S1,2012,441.24,observed,0.125126915
PT,S1,2013,340.42,observed,0.125126915
PT,S1,2014,325.68,observed,0.125126915
PT,S1,2015,413.96,observed,0.125126915
PT,S1,2016,343.61,observed,0.125126915
PT,S1,2017,433.76,observed,0.125126915
PT,S1,2018,358.7,observed,0.125126915
PT,S1,2019,300.97,observed,0.125126915
PT,S1,2020,248.3,observed,0.125126915
PT,S1,2021,210.48,observed,0.125126915
PT,S1,2022,225.34,observed,0.125126915
PT,S1,2023,158.43,observed,0.125126915
PT,S1,2024,110.64,observed,0.125126915
PT,S1,2025,127.91,observed,0.125126915
PT,S1,2026,111.905,pathway,0.125126915
PT,S1,2027,97.9027,pathway,0.125126915
PT,S1,2028,85.6524,pathway,0.125126915
PT,S1,2029,74.935,pathway,0.125126915
PT,S1,2030,65.5586,pathway,0.125126915
PT,S1,2031,57.3555,pathway,0.125126915
PT,S1,2032,50.1788,pathway,0.125126915
PT,S1,2033,43.9,pathway,0.125126915
PT,S1,2034,38.407,pathway,0.125126915
PT,S1,2035,33.6012,pathway,0.125126915
PT,S1,2036,29.3968,pathway,0.125126915
PT,S1,2037,25.7185,pathway,0.125126915
PT,S1,2038,22.5004,pathway,0.125126915
PT,S1,2039,19.685,pathway,0.125126915
PT,S1,2040,17.2219,pathway,0.125126915
PT,S1,2041,15.067,pathway,0.125126915
PT,S1,2042,13.1817,pathway,0.125126915
PT,S1,2043,11.5323,pathway,0.125126915
PT,S1,2044,10.0893,pathway,0.125126915
PT,S1,2045,8.8268,pathway,0.125126915
PT,S1,2046,7.7224,pathway,0.125126915
PT,S1,2047,6.7561,pathway,0.125126915
PT,S1,2048,5.9107,pathway,0.125126915
PT,S1,2049,5.1711,pathway,0.125126915
PT,S1,2050,4.5241,pathway,0.125126915
PT,S1,2051,3.958,pathway,0.125126915
PT,S1,2052,3.4627,pathway,0.125126915
PT,S1,2053,3.0295,pathway,0.125126915
PT,S1,2054,2.6504,pathway,0.125126915
PT,S1,2055,2.3188,pathway,0.125126915
PT,S1,2056,2.0286,pathway,0.125126915
PT,S1,2057,1.7748,pathway,0.125126915
PT,S1,2058,1.5527,pathway,0.125126915
PT,S1,2059,1.3584,pathway,0.125126915
PT,S1,2060,1.1885,pathway,0.125126915
PT,S1,2061,1.0397,pathway,0.125126915
PT,S1,2062,0.9096,pathway,0.125126915
PT,S1,2063,0.7958,pathway,0.125126915
PT,S1,2064,0.6962,pathway,0.125126915
PT,S1,2065,0.6091,pathway,0.125126915
PT,S1,2066,0.5329,pathway,0.125126915
PT,S1,2067,0.4662,pathway,0.125126915
PT,S1,2068,0.4079,pathway,0.125126915
PT,S1,2069,0.3569,pathway,0.125126915
PT,S1,2070,0.3122,pathway,0.125126915
PT,S1,2071,0.2731,pathway,0.125126915
PT,S1,2072,0.239,pathway,0.125126915
PT,S1,2073,0.2091,pathway,0.125126915
PT,S1,2074,0.1829,pathway,0.125126915
PT,S1,2075,0.16,pathway,0.125126915
PT,S1,2076,0.14,pathway,0.125126915
PT,S1,2077,0.1225,pathway,0.125126915
PT,S1,2078,0.1072,pathway,0.125126915
PT,S1,2079,0.0937,pathway,0.125126915
PT,S1,2080,0.082,pathway,0.125126915
PT,S1,2081,0.0718,pathway,0.125126915
PT,S1,2082,0.0628,pathway,0.125126915
PT,S1,2083,0.0549,pathway,0.125126915
PT,S1,2084,0.048,pathway,0.125126915
PT,S1,2085,0.042,pathway,0.125126915
PT,S1,2086,0.0368,pathway,0.125126915
PT,S1,2087,0.0322,pathway,0.125126915
PT,S1,2088,0.0281,pathway,0.125126915
PT,S1,2089,0.0246,pathway,0.125126915
PT,S1,2090,0.0215,pathway,0.125126915
PT,S1,2091,0.0188,pathway,0.125126915
PT,S1,2092,0.0165,pathway,0.125126915
PT,S1,2093,0.0144,pathway,0.125126915
PT,S1,2094,0.0126,pathway,0.125126915
PT,S1,2095,0.011,pathway,0.125126915
PT,S1,2096,0.0097,pathway,0.125126915
PT,S1,2097,0.0085,pathway,0.125126915
PT,S1,2098,0.0074,pathway,0.125126915
PT,S1,2099,0.0065,pathway,0.125126915
PT,S1,2100,0.0057,pathway,0.125126915
PT,S2,1990,539.71,observed,0.125126915
PT,S2,1991,552.83,observed,0.125126915
PT,S2,1992,650.27,observed,0.125126915
PT,S2,1993,581.39,observed,0.125126915
PT,S2,1994,539.2,observed,0.125126915
PT,S2,1995,606.5,observed,0.125126915
PT,S2,1996,482.16,observed,0.125126915
PT,S2,1997,512.84,observed,0.125126915
PT,S2,1998,515.36,observed,0.125126915
PT,S2,1999,606.46,observed,0.125126915
PT,S2,2000,546.17,observed,0.125126915
PT,S2,2001,506.95,observed,0.125126915
PT,S2,2002,592.54,observed,0.125126915
PT,S2,2003,485.23,observed,0.125126915
PT,S2,2004,541.18,observed,0.125126915
PT,S2,2005,595.31,observed,0.125126915
PT,S2,2006,503.93,observed,0.125126915
PT,S2,2007,472.28,observed,0.125126915
PT,S2,2008,471.55,observed,0.125126915
PT,S2,2009,452.82,observed,0.125126915
PT,S2,2010,317.13,observed,0.125126915
PT,S2,2011,375.05,observed,0.125126915
PT,S2,2012,441.24,observed,0.125126915
PT,S2,2013,340.42,observed,0.125126915
PT,S2,2014,325.68,observed,0.125126915
PT,S2,2015,413.96,observed,0.125126915
PT,S2,2016,343.61,observed,0.125126915
PT,S2,2017,433.76,observed,0.125126915
PT,S2,2018,358.7,observed,0.125126915
PT,S2,2019,300.97,observed,0.125126915
PT,S2,2020,248.3,observed,0.125126915
PT,S2,2021,210.48,observed,0.125126915
PT,S2,2022,225.34,observed,0.125126915
PT,S2,2023,158.43,observed,0.125126915
PT,S2,2024,110.64,observed,0.125126915
PT,S2,2025,127.91,observed,0.125126915
PT,S2,2026,111.905,pathway,0.125126915
PT,S2,2027,97.9027,pathway,0.125126915
PT,S2,2028,85.6524,pathway,0.125126915
PT,S2,2029,74.935,pathway,0.125126915
PT,S2,2030,65.5586,pathway,0.125126915
PT,S2,2031,57.3555,pathway,0.125126915
PT,S2,2032,50.1788,pathway,0.125126915
PT,S2,2033,43.9,pathway,0.125126915
PT,S2,2034,38.407,pathway,0.125126915
PT,S2,2035,33.6012,pathway,0.125126915
PT,S2,2036,29.3968,pathway,0.125126915
PT,S2,2037,25.7185,pathway,0.125126915
PT,S2,2038,22.5004,pathway,0.125126915
PT,S2,2039,19.685,pathway,0.125126915
PT,S2,2040,17.2219,pathway,0.125126915
PT,S2,2041,15.067,pathway,0.125126915
PT,S2,2042,13.1817,pathway,0.125126915
PT,S2,2043,11.5323,pathway,0.125126915
PT,S2,2044,10.0893,pathway,0.125126915
PT,S2,2045,8.8268,pathway,0.125126915
PT,S2,2046,7.7224,pathway,0.125126915
PT,S2,2047,6.7561,pathway,0.125126915
PT,S2,2048,5.9107,pathway,0.125126915
PT,S2,2049,5.1711,pathway,0.125126915
PT,S2,2050,4.5241,pathway,0.125126915
PT,S2,2051,3.958,pathway,0.125126915
PT,S2,2052,3.4627,pathway,0.125126915
PT,S2,2053,3.0295,pathway,0.125126915
PT,S2,2054,2.6504,pathway,0.125126915
PT,S2,2055,2.3188,pathway,0.125126915
PT,S2,2056,2.0286,pathway,0.125126915
PT,S2,2057,1.7748,pathway,0.125126915
PT,S2,2058,1.5527,pathway,0.125126915
PT,S2,2059,1.3584,pathway,0.125126915
PT,S2,2060,1.1885,pathway,0.125126915
PT,S2,2061,1.0397,pathway,0.125126915
PT,S2,2062,0.9096,pathway,0.125126915
PT,S2,2063,0.7958,pathway,0.125126915
PT,S2,2064,0.6962,pathway,0.125126915
PT,S2,2065,0.6091,pathway,0.125126915
PT,S2,2066,0.5329,pathway,0.125126915
PT,S2,2067,0.4662,pathway,0.125126915
PT,S2,2068,0.4079,pathway,0.125126915
PT,S2,2069,0.3569,pathway,0.125126915
PT,S2,2070,0.3122,pathway,0.125126915
PT,S2,2071,0.2731,pathway,0.125126915
PT,S2,2072,0.239,pathway,0.125126915
PT,S2,2073,0.2091,pathway,0.125126915
PT,S2,2074,0.1829,pathway,0.125126915
PT,S2,2075,0.16,pathway,0.125126915
PT,S2,2076,0.14,pathway,0.125126915
PT,S2,2077,0.1225,pathway,0.125126915
PT,S2,2078,0.1072,pathway,0.125126915
PT,S2,2079,0.0937,pathway,0.125126915
PT,S2,2080,0.082,pathway,0.125126915
PT,S2,2081,0.0718,pathway,0.125126915
PT,S2,2082,0.0628,pathway,0.125126915
PT,S2,2083,0.0549,pathway,0.125126915
PT,S2,2084,0.048,pathway,0.125126915
PT,S2,2085,0.042,pathway,0.125126915
PT,S2,2086,0.0368,pathway,0.125126915
PT,S2,2087,0.0322,pathway,0.125126915
PT,S2,2088,0.0281,pathway,0.125126915
PT,S2,2089,0.0246,pathway,0.125126915
PT,S2,2090,0.0215,pathway,0.125126915
PT,S2,2091,0.0188,pathway,0.125126915
PT,S2,2092,0.0165,pathway,0.125126915
PT,S2,2093,0.0144,pathway,0.125126915
PT,S2,2094,0.0126,pathway,0.125126915
PT,S2,2095,0.011,pathway,0.125126915
PT,S2,2096,0.0097,pathway,0.125126915
PT,S2,2097,0.0085,pathway,0.125126915
PT,S2,2098,0.0074,pathway,0.125126915
PT,S2,2099,0.0065,pathway,0.125126915
PT,S2,2100,0.0057,pathway,0.125126915
QA,S1,2000,603.51,observed,0.004035042
QA,S1,2001,604.02,observed,0.004035042
QA,S1,2002,603.29,observed,0.004035042
QA,S1,2003,603.66,observed,0.004035042
QA,S1,2004,603.93,observed,0.004035042
QA,S1,2005,603.47,observed,0.004035042
QA,S1,2006,603.63,observed,0.004035042
QA,S1,2007,603.8,observed,0.004035042
QA,S1,2008,603.61,observed,0.004035042
QA,S1,2009,603.48,observed,0.004035042
QA,S1,2010,603.77,observed,0.004035042
QA,S1,2011,603.65,observed,0.004035042
QA,S1,2012,603.45,observed,0.004035042
QA,S1,2013,602.88,observed,0.004035042
QA,S1,2014,602.58,observed,0.004035042
QA,S1,2015,602.45,observed,0.004035042
QA,S1,2016,602.5,observed,0.004035042
QA,S1,2017,602.41,observed,0.004035042
QA,S1,2018,602.37,observed,0.004035042
QA,S1,2019,602.8,observed,0.004035042
QA,S1,2020,602.63,observed,0.004035042
QA,S1,2021,602.43,observed,0.004035042
QA,S1,2022,596.9,observed,0.004035042
QA,S1,2023,584.25,observed,0.004035042
QA,S1,2024,581.69,observed,0.004035042
QA,S1,2025,581.52,observed,0.004035042
QA,S1,2026,579.1735,pathway,0.004035042
QA,S1,2027,576.8366,pathway,0.004035042
QA,S1,2028,574.509,pathway,0.004035042
QA,S1,2029,572.1908,pathway,0.004035042
QA,S1,2030,569.882,pathway,0.004035042
QA,S1,2031,567.5825,pathway,0.004035042
QA,S1,2032,565.2923,pathway,0.004035042
QA,S1,2033,563.0113,pathway,0.004035042
QA,S1,2034,560.7395,pathway,0.004035042
QA,S1,2035,558.4769,pathway,0.004035042
QA,S1,2036,556.2235,pathway,0.004035042
QA,S1,2037,553.9791,pathway,0.004035042
QA,S1,2038,551.7437,pathway,0.004035042
QA,S1,2039,549.5174,pathway,0.004035042
QA,S1,2040,547.3001,pathway,0.004035042
QA,S1,2041,545.0917,pathway,0.004035042
QA,S1,2042,542.8923,pathway,0.004035042
QA,S1,2043,540.7017,pathway,0.004035042
QA,S1,2044,538.5199,pathway,0.004035042
QA,S1,2045,536.347,pathway,0.004035042
QA,S1,2046,534.1828,pathway,0.004035042
QA,S1,2047,532.0273,pathway,0.004035042
QA,S1,2048,529.8806,pathway,0.004035042
QA,S1,2049,527.7425,pathway,0.004035042
QA,S1,2050,525.613,pathway,0.004035042
QA,S1,2051,523.4922,pathway,0.004035042
QA,S1,2052,521.3798,pathway,0.004035042
QA,S1,2053,519.2761,pathway,0.004035042
QA,S1,2054,517.1808,pathway,0.004035042
QA,S1,2055,515.0939,pathway,0.004035042
QA,S1,2056,513.0155,pathway,0.004035042
QA,S1,2057,510.9454,pathway,0.004035042
QA,S1,2058,508.8838,pathway,0.004035042
QA,S1,2059,506.8304,pathway,0.004035042
QA,S1,2060,504.7853,pathway,0.004035042
QA,S1,2061,502.7485,pathway,0.004035042
QA,S1,2062,500.7199,pathway,0.004035042
QA,S1,2063,498.6994,pathway,0.004035042
QA,S1,2064,496.6872,pathway,0.004035042
QA,S1,2065,494.683,pathway,0.004035042
QA,S1,2066,492.6869,pathway,0.004035042
QA,S1,2067,490.6989,pathway,0.004035042
QA,S1,2068,488.7189,pathway,0.004035042
QA,S1,2069,486.7469,pathway,0.004035042
QA,S1,2070,484.7829,pathway,0.004035042
QA,S1,2071,482.8268,pathway,0.004035042
QA,S1,2072,480.8785,pathway,0.004035042
QA,S1,2073,478.9382,pathway,0.004035042
QA,S1,2074,477.0056,pathway,0.004035042
QA,S1,2075,475.0809,pathway,0.004035042
QA,S1,2076,473.1639,pathway,0.004035042
QA,S1,2077,471.2547,pathway,0.004035042
QA,S1,2078,469.3532,pathway,0.004035042
QA,S1,2079,467.4593,pathway,0.004035042
QA,S1,2080,465.5731,pathway,0.004035042
QA,S1,2081,463.6945,pathway,0.004035042
QA,S1,2082,461.8235,pathway,0.004035042
QA,S1,2083,459.96,pathway,0.004035042
QA,S1,2084,458.104,pathway,0.004035042
QA,S1,2085,456.2556,pathway,0.004035042
QA,S1,2086,454.4145,pathway,0.004035042
QA,S1,2087,452.581,pathway,0.004035042
QA,S1,2088,450.7548,pathway,0.004035042
QA,S1,2089,448.936,pathway,0.004035042
QA,S1,2090,447.1245,pathway,0.004035042
QA,S1,2091,445.3203,pathway,0.004035042
QA,S1,2092,443.5234,pathway,0.004035042
QA,S1,2093,441.7338,pathway,0.004035042
QA,S1,2094,439.9514,pathway,0.004035042
QA,S1,2095,438.1762,pathway,0.004035042
QA,S1,2096,436.4081,pathway,0.004035042
QA,S1,2097,434.6472,pathway,0.004035042
QA,S1,2098,432.8934,pathway,0.004035042
QA,S1,2099,431.1466,pathway,0.004035042
QA,S1,2100,429.4069,pathway,0.004035042
RS,S1,1990,787.53,observed,0.011056937
RS,S1,1991,724.72,observed,0.011056937
RS,S1,1992,733.61,observed,0.011056937
RS,S1,1993,737.65,observed,0.011056937
RS,S1,1994,719.66,observed,0.011056937
RS,S1,1995,701.06,observed,0.011056937
RS,S1,1996,649.03,observed,0.011056937
RS,S1,1997,704.46,observed,0.011056937
RS,S1,1998,713.03,observed,0.011056937
RS,S1,1999,645.48,observed,0.011056937
RS,S1,2000,699.53,observed,0.011056937
RS,S1,2001,701.57,observed,0.011056937
RS,S1,2002,707.58,observed,0.011056937
RS,S1,2003,750.15,observed,0.011056937
RS,S1,2004,719.82,observed,0.011056937
RS,S1,2005,686.84,observed,0.011056937
RS,S1,2006,723.73,observed,0.011056937
RS,S1,2007,742.56,observed,0.011056937
RS,S1,2008,749.59,observed,0.011056937
RS,S1,2009,734.29,observed,0.011056937
RS,S1,2010,693.48,observed,0.011056937
RS,S1,2011,780.38,observed,0.011056937
RS,S1,2012,751.87,observed,0.011056937
RS,S1,2013,751.98,observed,0.011056937
RS,S1,2014,683.61,observed,0.011056937
RS,S1,2015,744.35,observed,0.011056937
RS,S1,2016,729.86,observed,0.011056937
RS,S1,2017,752.74,observed,0.011056937
RS,S1,2018,709.85,observed,0.011056937
RS,S1,2019,721.38,observed,0.011056937
RS,S1,2020,736.15,observed,0.011056937
RS,S1,2021,666.31,observed,0.011056937
RS,S1,2022,710.68,observed,0.011056937
RS,S1,2023,638.95,observed,0.011056937
RS,S1,2024,666.4,observed,0.011056937
RS,S1,2025,695.8,observed,0.011056937
RS,S1,2026,688.1066,pathway,0.011056937
RS,S1,2027,680.4982,pathway,0.011056937
RS,S1,2028,672.974,pathway,0.011056937
RS,S1,2029,665.533,pathway,0.011056937
RS,S1,2030,658.1742,pathway,0.011056937
RS,S1,2031,650.8968,pathway,0.011056937
RS,S1,2032,643.6999,pathway,0.011056937
RS,S1,2033,636.5826,pathway,0.011056937
RS,S1,2034,629.5439,pathway,0.011056937
RS,S1,2035,622.5831,pathway,0.011056937
RS,S1,2036,615.6992,pathway,0.011056937
RS,S1,2037,608.8915,pathway,0.011056937
RS,S1,2038,602.159,pathway,0.011056937
RS,S1,2039,595.501,pathway,0.011056937
RS,S1,2040,588.9165,pathway,0.011056937
RS,S1,2041,582.4049,pathway,0.011056937
RS,S1,2042,575.9653,pathway,0.011056937
RS,S1,2043,569.5969,pathway,0.011056937
RS,S1,2044,563.2989,pathway,0.011056937
RS,S1,2045,557.0705,pathway,0.011056937
RS,S1,2046,550.911,pathway,0.011056937
RS,S1,2047,544.8197,pathway,0.011056937
RS,S1,2048,538.7956,pathway,0.011056937
RS,S1,2049,532.8382,pathway,0.011056937
RS,S1,2050,526.9466,pathway,0.011056937
RS,S1,2051,521.1202,pathway,0.011056937
RS,S1,2052,515.3582,pathway,0.011056937
RS,S1,2053,509.6599,pathway,0.011056937
RS,S1,2054,504.0247,pathway,0.011056937
RS,S1,2055,498.4517,pathway,0.011056937
RS,S1,2056,492.9403,pathway,0.011056937
RS,S1,2057,487.4899,pathway,0.011056937
RS,S1,2058,482.0998,pathway,0.011056937
RS,S1,2059,476.7692,pathway,0.011056937
RS,S1,2060,471.4976,pathway,0.011056937
RS,S1,2061,466.2843,pathway,0.011056937
RS,S1,2062,461.1286,pathway,0.011056937
RS,S1,2063,456.03,pathway,0.011056937
RS,S1,2064,450.9877,pathway,0.011056937
RS,S1,2065,446.0011,pathway,0.011056937
RS,S1,2066,441.0697,pathway,0.011056937
RS,S1,2067,436.1928,pathway,0.011056937
RS,S1,2068,431.3699,pathway,0.011056937
RS,S1,2069,426.6003,pathway,0.011056937
RS,S1,2070,421.8834,pathway,0.011056937
RS,S1,2071,417.2186,pathway,0.011056937
RS,S1,2072,412.6055,pathway,0.011056937
RS,S1,2073,408.0433,pathway,0.011056937
RS,S1,2074,403.5316,pathway,0.011056937
RS,S1,2075,399.0698,pathway,0.011056937
RS,S1,2076,394.6573,pathway,0.011056937
RS,S1,2077,390.2936,pathway,0.011056937
RS,S1,2078,385.9781,pathway,0.011056937
RS,S1,2079,381.7104,pathway,0.011056937
RS,S1,2080,377.4899,pathway,0.011056937
RS,S1,2081,373.316,pathway,0.011056937
RS,S1,2082,369.1882,pathway,0.011056937
RS,S1,2083,365.1062,pathway,0.011056937
RS,S1,2084,361.0692,pathway,0.011056937
RS,S1,2085,357.0769,pathway,0.011056937
RS,S1,2086,353.1287,pathway,0.011056937
RS,S1,2087,349.2242,pathway,0.011056937
RS,S1,2088,345.3628,pathway,0.011056937
RS,S1,2089,341.5442,pathway,0.011056937
RS,S1,2090,337.7677,pathway,0.011056937
RS,S1,2091,334.0331,pathway,0.011056937
RS,S1,2092,330.3397,pathway,0.011056937
RS,S1,2093,326.6871,pathway,0.011056937
RS,S1,2094,323.075,pathway,0.011056937
RS,S1,2095,319.5028,pathway,0.011056937
RS,S1,2096,315.97,pathway,0.011056937
RS,S1,2097,312.4764,pathway,0.011056937
RS,S1,2098,309.0213,pathway,0.011056937
RS,S1,2099,305.6045,pathway,0.011056937
RS,S1,2100,302.2255,pathway,0.011056937
RS,S2,1990,787.53,observed,0.038119877
RS,S2,1991,724.72,observed,0.038119877
RS,S2,1992,733.61,observed,0.038119877
RS,S2,1993,737.65,observed,0.038119877
RS,S2,1994,719.66,observed,0.038119877
RS,S2,1995,701.06,observed,0.038119877
RS,S2,1996,649.03,observed,0.038119877
RS,S2,1997,704.46,observed,0.038119877
RS,S2,1998,713.03,observed,0.038119877
RS,S2,1999,645.48,observed,0.038119877
RS,S2,2000,699.53,observed,0.038119877
RS,S2,2001,701.57,observed,0.038119877
RS,S2,2002,707.58,observed,0.038119877
RS,S2,2003,750.15,observed,0.038119877
RS,S2,2004,719.82,observed,0.038119877
RS,S2,2005,686.84,observed,0.038119877
RS,S2,2006,723.73,observed,0.038119877
RS,S2,2007,742.56,observed,0.038119877
RS,S2,2008,749.59,observed,0.038119877
RS,S2,2009,734.29,observed,0.038119877
RS,S2,2010,693.48,observed,0.038119877
RS,S2,2011,780.38,observed,0.038119877
RS,S2,2012,751.87,observed,0.038119877
RS,S2,2013,751.98,observed,0.038119877
RS,S2,2014,683.61,observed,0.038119877
RS,S2,2015,744.35,observed,0.038119877
RS,S2,2016,729.86,observed,0.038119877
RS,S2,2017,752.74,observed,0.038119877
RS,S2,2018,709.85,observed,0.038119877
RS,S2,2019,721.38,observed,0.038119877
RS,S2,2020,736.15,observed,0.038119877
RS,S2,2021,666.31,observed,0.038119877
RS,S2,2022,710.68,observed,0.038119877
RS,S2,2023,638.95,observed,0.038119877
RS,S2,2024,666.4,observed,0.038119877
RS,S2,2025,695.8,observed,0.038119877
RS,S2,2026,669.2762,pathway,0.038119877
RS,S2,2027,643.7635,pathway,0.038119877
RS,S2,2028,619.2233,pathway,0.038119877
RS,S2,2029,595.6186,pathway,0.038119877
RS,S2,2030,572.9137,pathway,0.038119877
RS,S2,2031,551.0743,pathway,0.038119877
RS,S2,2032,530.0674,pathway,0.038119877
RS,S2,2033,509.8613,pathway,0.038119877
RS,S2,2034,490.4254,pathway,0.038119877
RS,S2,2035,471.7305,pathway,0.038119877
RS,S2,2036,453.7482,pathway,0.038119877
RS,S2,2037,436.4513,pathway,0.038119877
RS,S2,2038,419.8139,pathway,0.038119877
RS,S2,2039,403.8106,pathway,0.038119877
RS,S2,2040,388.4174,pathway,0.038119877
RS,S2,2041,373.611,pathway,0.038119877
RS,S2,2042,359.369,pathway,0.038119877
RS,S2,2043,345.6699,pathway,0.038119877
RS,S2,2044,332.493,pathway,0.038119877
RS,S2,2045,319.8184,pathway,0.038119877
RS,S2,2046,307.6269,pathway,0.038119877
RS,S2,2047,295.9002,pathway,0.038119877
RS,S2,2048,284.6206,pathway,0.038119877
RS,S2,2049,273.7709,pathway,0.038119877
RS,S2,2050,263.3348,pathway,0.038119877
RS,S2,2051,253.2965,pathway,0.038119877
RS,S2,2052,243.6408,pathway,0.038119877
RS,S2,2053,234.3533,pathway,0.038119877
RS,S2,2054,225.4198,pathway,0.038119877
RS,S2,2055,216.8268,pathway,0.038119877
RS,S2,2056,208.5614,pathway,0.038119877
RS,S2,2057,200.611,pathway,0.038119877
RS,S2,2058,192.9638,pathway,0.038119877
RS,S2,2059,185.608,pathway,0.038119877
RS,S2,2060,178.5327,pathway,0.038119877
RS,S2,2061,171.727,pathway,0.038119877
RS,S2,2062,165.1808,pathway,0.038119877
RS,S2,2063,158.8841,pathway,0.038119877
RS,S2,2064,152.8275,pathway,0.038119877
RS,S2,2065,147.0017,pathway,0.038119877
RS,S2,2066,141.398,pathway,0.038119877
RS,S2,2067,136.008,pathway,0.038119877
RS,S2,2068,130.8234,pathway,0.038119877
RS,S2,2069,125.8364,pathway,0.038119877
RS,S2,2070,121.0395,pathway,0.038119877
RS,S2,2071,116.4255,pathway,0.038119877
RS,S2,2072,111.9874,pathway,0.038119877
RS,S2,2073,107.7184,pathway,0.038119877
RS,S2,2074,103.6122,pathway,0.038119877
RS,S2,2075,99.6625,pathway,0.038119877
RS,S2,2076,95.8634,pathway,0.038119877
RS,S2,2077,92.2091,pathway,0.038119877
RS,S2,2078,88.6941,pathway,0.038119877
RS,S2,2079,85.3131,pathway,0.038119877
RS,S2,2080,82.061,pathway,0.038119877
RS,S2,2081,78.9328,pathway,0.038119877
RS,S2,2082,75.9239,pathway,0.038119877
RS,S2,2083,73.0297,pathway,0.038119877
RS,S2,2084,70.2458,pathway,0.038119877
RS,S2,2085,67.5681,pathway,0.038119877
RS,S2,2086,64.9924,pathway,0.038119877
RS,S2,2087,62.5149,pathway,0.038119877
RS,S2,2088,60.1318,pathway,0.038119877
RS,S2,2089,57.8396,pathway,0.038119877
RS,S2,2090,55.6348,pathway,0.038119877
RS,S2,2091,53.514,pathway,0.038119877
RS,S2,2092,51.474,pathway,0.038119877
RS,S2,2093,49.5118,pathway,0.038119877
RS,S2,2094,47.6245,pathway,0.038119877
RS,S2,2095,45.809,pathway,0.038119877
RS,S2,2096,44.0628,pathway,0.038119877
RS,S2,2097,42.3831,pathway,0.038119877
RS,S2,2098,40.7675,pathway,0.038119877
RS,S2,2099,39.2134,pathway,0.038119877
RS,S2,2100,37.7186,pathway,0.038119877
RU,S1,2000,469.94,observed,-0.000936367
RU,S1,2001,458.3,observed,-0.000936367
RU,S1,2002,463.04,observed,-0.000936367
RU,S1,2003,465.28,observed,-0.000936367
RU,S1,2004,453.72,observed,-0.000936367
RU,S1,2005,457.4,observed,-0.000936367
RU,S1,2006,462.51,observed,-0.000936367
RU,S1,2007,458.19,observed,-0.000936367
RU,S1,2008,475.11,observed,-0.000936367
RU,S1,2009,452.1,observed,-0.000936367
RU,S1,2010,458.02,observed,-0.000936367
RU,S1,2011,461.31,observed,-0.000936367
RU,S1,2012,461.86,observed,-0.000936367
RU,S1,2013,450.16,observed,-0.000936367
RU,S1,2014,449.29,observed,-0.000936367
RU,S1,2015,444.35,observed,-0.000936367
RU,S1,2016,442.74,observed,-0.000936367
RU,S1,2017,439.63,observed,-0.000936367
RU,S1,2018,439.33,observed,-0.000936367
RU,S1,2019,440.04,observed,-0.000936367
RU,S1,2020,417.65,observed,-0.000936367
RU,S1,2021,426.81,observed,-0.000936367
RU,S1,2022,436.33,observed,-0.000936367
RU,S1,2023,442.74,observed,-0.000936367
RU,S1,2024,445.98,observed,-0.000936367
RU,S1,2025,449.73,observed,-0.000936367
RU,S1,2026,450.1511,pathway,-0.000936367
RU,S1,2027,450.5726,pathway,-0.000936367
RU,S1,2028,450.9945,pathway,-0.000936367
RU,S1,2029,451.4168,pathway,-0.000936367
RU,S1,2030,451.8395,pathway,-0.000936367
RU,S1,2031,452.2626,pathway,-0.000936367
RU,S1,2032,452.6861,pathway,-0.000936367
RU,S1,2033,453.11,pathway,-0.000936367
RU,S1,2034,453.5342,pathway,-0.000936367
RU,S1,2035,453.9589,pathway,-0.000936367
RU,S1,2036,454.384,pathway,-0.000936367
RU,S1,2037,454.8095,pathway,-0.000936367
RU,S1,2038,455.2353,pathway,-0.000936367
RU,S1,2039,455.6616,pathway,-0.000936367
RU,S1,2040,456.0883,pathway,-0.000936367
RU,S1,2041,456.5153,pathway,-0.000936367
RU,S1,2042,456.9428,pathway,-0.000936367
RU,S1,2043,457.3707,pathway,-0.000936367
RU,S1,2044,457.7989,pathway,-0.000936367
RU,S1,2045,458.2276,pathway,-0.000936367
RU,S1,2046,458.6567,pathway,-0.000936367
RU,S1,2047,459.0861,pathway,-0.000936367
RU,S1,2048,459.516,pathway,-0.000936367
RU,S1,2049,459.9463,pathway,-0.000936367
RU,S1,2050,460.377,pathway,-0.000936367
RU,S1,2051,460.808,pathway,-0.000936367
RU,S1,2052,461.2395,pathway,-0.000936367
RU,S1,2053,461.6714,pathway,-0.000936367
RU,S1,2054,462.1037,pathway,-0.000936367
RU,S1,2055,462.5364,pathway,-0.000936367
RU,S1,2056,462.9695,pathway,-0.000936367
RU,S1,2057,463.403,pathway,-0.000936367
RU,S1,2058,463.8369,pathway,-0.000936367
RU,S1,2059,464.2713,pathway,-0.000936367
RU,S1,2060,464.706,pathway,-0.000936367
RU,S1,2061,465.1411,pathway,-0.000936367
RU,S1,2062,465.5767,pathway,-0.000936367
RU,S1,2063,466.0126,pathway,-0.000936367
RU,S1,2064,466.449,pathway,-0.000936367
RU,S1,2065,466.8857,pathway,-0.000936367
RU,S1,2066,467.3229,pathway,-0.000936367
RU,S1,2067,467.7605,pathway,-0.000936367
RU,S1,2068,468.1985,pathway,-0.000936367
RU,S1,2069,468.6369,pathway,-0.000936367
RU,S1,2070,469.0757,pathway,-0.000936367
RU,S1,2071,469.5149,pathway,-0.000936367
RU,S1,2072,469.9546,pathway,-0.000936367
RU,S1,2073,470.3946,pathway,-0.000936367
RU,S1,2074,470.8351,pathway,-0.000936367
RU,S1,2075,471.276,pathway,-0.000936367
RU,S1,2076,471.7173,pathway,-0.000936367
RU,S1,2077,472.159,pathway,-0.000936367
RU,S1,2078,472.6011,pathway,-0.000936367
RU,S1,2079,473.0436,pathway,-0.000936367
RU,S1,2080,473.4865,pathway,-0.000936367
RU,S1,2081,473.9299,pathway,-0.000936367
RU,S1,2082,474.3737,pathway,-0.000936367
RU,S1,2083,474.8179,pathway,-0.000936367
RU,S1,2084,475.2625,pathway,-0.000936367
RU,S1,2085,475.7075,pathway,-0.000936367
RU,S1,2086,476.1529,pathway,-0.000936367
RU,S1,2087,476.5988,pathway,-0.000936367
RU,S1,2088,477.045,pathway,-0.000936367
RU,S1,2089,477.4917,pathway,-0.000936367
RU,S1,2090,477.9388,pathway,-0.000936367
RU,S1,2091,478.3864,pathway,-0.000936367
RU,S1,2092,478.8343,pathway,-0.000936367
RU,S1,2093,479.2827,pathway,-0.000936367
RU,S1,2094,479.7315,pathway,-0.000936367
RU,S1,2095,480.1807,pathway,-0.000936367
RU,S1,2096,480.6303,pathway,-0.000936367
RU,S1,2097,481.0803,pathway,-0.000936367
RU,S1,2098,481.5308,pathway,-0.000936367
RU,S1,2099,481.9817,pathway,-0.000936367
RU,S1,2100,482.433,pathway,-0.000936367
RU,S2,2000,469.94,observed,0.095693068
RU,S2,2001,458.3,observed,0.095693068
RU,S2,2002,463.04,observed,0.095693068
RU,S2,2003,465.28,observed,0.095693068
RU,S2,2004,453.72,observed,0.095693068
RU,S2,2005,457.4,observed,0.095693068
RU,S2,2006,462.51,observed,0.095693068
RU,S2,2007,458.19,observed,0.095693068
RU,S2,2008,475.11,observed,0.095693068
RU,S2,2009,452.1,observed,0.095693068
RU,S2,2010,458.02,observed,0.095693068
RU,S2,2011,461.31,observed,0.095693068
RU,S2,2012,461.86,observed,0.095693068
RU,S2,2013,450.16,observed,0.095693068
RU,S2,2014,449.29,observed,0.095693068
RU,S2,2015,444.35,observed,0.095693068
RU,S2,2016,442.74,observed,0.095693068
RU,S2,2017,439.63,observed,0.095693068
RU,S2,2018,439.33,observed,0.095693068
RU,S2,2019,440.04,observed,0.095693068
RU,S2,2020,417.65,observed,0.095693068
RU,S2,2021,426.81,observed,0.095693068
RU,S2,2022,436.33,observed,0.095693068
RU,S2,2023,442.74,observed,0.095693068
RU,S2,2024,445.98,observed,0.095693068
RU,S2,2025,449.73,observed,0.095693068
RU,S2,2026,406.694,pathway,0.095693068
RU,S2,2027,367.7762,pathway,0.095693068
RU,S2,2028,332.5825,pathway,0.095693068
RU,S2,2029,300.7567,pathway,0.095693068
RU,S2,2030,271.9764,pathway,0.095693068
RU,S2,2031,245.9501,pathway,0.095693068
RU,S2,2032,222.4144,pathway,0.095693068
RU,S2,2033,201.1309,pathway,0.095693068
RU,S2,2034,181.884,pathway,0.095693068
RU,S2,2035,164.479,pathway,0.095693068
RU,S2,2036,148.7395,pathway,0.095693068
RU,S2,2037,134.5062,pathway,0.095693068
RU,S2,2038,121.6349,pathway,0.095693068
RU,S2,2039,109.9952,pathway,0.095693068
RU,S2,2040,99.4695,pathway,0.095693068
RU,S2,2041,89.9509,pathway,0.095693068
RU,S2,2042,81.3432,pathway,0.095693068
RU,S2,2043,73.5593,pathway,0.095693068
RU,S2,2044,66.5201,pathway,0.095693068
RU,S2,2045,60.1546,pathway,0.095693068
RU,S2,2046,54.3982,pathway,0.095693068
RU,S2,2047,49.1927,pathway,0.095693068
RU,S2,2048,44.4853,pathway,0.095693068
RU,S2,2049,40.2284,pathway,0.095693068
RU,S2,2050,36.3788,pathway,0.095693068
RU,S2,2051,32.8976,pathway,0.095693068
RU,S2,2052,29.7495,pathway,0.095693068
RU,S2,2053,26.9027,pathway,0.095693068
RU,S2,2054,24.3283,pathway,0.095693068
RU,S2,2055,22.0003,pathway,0.095693068
RU,S2,2056,19.895,pathway,0.095693068
RU,S2,2057,17.9912,pathway,0.095693068
RU,S2,2058,16.2695,pathway,0.095693068
RU,S2,2059,14.7127,pathway,0.095693068
RU,S2,2060,13.3048,pathway,0.095693068
RU,S2,2061,12.0316,pathway,0.095693068
RU,S2,2062,10.8802,pathway,0.095693068
RU,S2,2063,9.8391,pathway,0.095693068
RU,S2,2064,8.8975,pathway,0.095693068
RU,S2,2065,8.0461,pathway,0.095693068
RU,S2,2066,7.2762,pathway,0.095693068
RU,S2,2067,6.5799,pathway,0.095693068
RU,S2,2068,5.9502,pathway,0.095693068
RU,S2,2069,5.3808,pathway,0.095693068
RU,S2,2070,4.8659,pathway,0.095693068
RU,S2,2071,4.4003,pathway,0.095693068
RU,S2,2072,3.9792,pathway,0.095693068
RU,S2,2073,3.5984,pathway,0.095693068
RU,S2,2074,3.2541,pathway,0.095693068
RU,S2,2075,2.9427,pathway,0.095693068
RU,S2,2076,2.6611,pathway,0.095693068
RU,S2,2077,2.4064,pathway,0.095693068
RU,S2,2078,2.1762,pathway,0.095693068
RU,S2,2079,1.9679,pathway,0.095693068
RU,S2,2080,1.7796,pathway,0.095693068
RU,S2,2081,1.6093,pathway,0.095693068
RU,S2,2082,1.4553,pathway,0.095693068
RU,S2,2083,1.316,pathway,0.095693068
RU,S2,2084,1.1901,pathway,0.095693068
RU,S2,2085,1.0762,pathway,0.095693068
RU,S2,2086,0.9732,pathway,0.095693068
RU,S2,2087,0.8801,pathway,0.095693068
RU,S2,2088,0.7959,pathway,0.095693068
RU,S2,2089,0.7197,pathway,0.095693068
RU,S2,2090,0.6509,pathway,0.095693068
RU,S2,2091,0.5886,pathway,0.095693068
RU,S2,2092,0.5322,pathway,0.095693068
RU,S2,2093,0.4813,pathway,0.095693068
RU,S2,2094,0.4353,pathway,0.095693068
RU,S2,2095,0.3936,pathway,0.095693068
RU,S2,2096,0.3559,pathway,0.095693068
RU,S2,2097,0.3219,pathway,0.095693068
RU,S2,2098,0.2911,pathway,0.095693068
RU,S2,2099,0.2632,pathway,0.095693068
RU,S2,2100,0.238,pathway,0.095693068
SA,S1,2000,692.34,observed,0.000247973
SA,S1,2001,697.17,observed,0.000247973
SA,S1,2002,699.7,observed,0.000247973
SA,S1,2003,698.88,observed,0.000247973
SA,S1,2004,700.48,observed,0.000247973
SA,S1,2005,700.13,observed,0.000247973
SA,S1,2006,697.77,observed,0.000247973
SA,S1,2007,695.5,observed,0.000247973
SA,S1,2008,694.81,observed,0.000247973
SA,S1,2009,690.3,observed,0.000247973
SA,S1,2010,691.4,observed,0.000247973
SA,S1,2011,691.26,observed,0.000247973
SA,S1,2012,692.75,observed,0.000247973
SA,S1,2013,693.07,observed,0.000247973
SA,S1,2014,692.57,observed,0.000247973
SA,S1,2015,693.08,observed,0.000247973
SA,S1,2016,697.23,observed,0.000247973
SA,S1,2017,699.97,observed,0.000247973
SA,S1,2018,702.88,observed,0.000247973
SA,S1,2019,701.7,observed,0.000247973
SA,S1,2020,701.86,observed,0.000247973
SA,S1,2021,702.43,observed,0.000247973
SA,S1,2022,700.05,observed,0.000247973
SA,S1,2023,697.31,observed,0.000247973
SA,S1,2024,691.95,observed,0.000247973
SA,S1,2025,691.7784,pathway,0.000247973
SA,S1,2026,691.6069,pathway,0.000247973
SA,S1,2027,691.4354,pathway,0.000247973
SA,S1,2028,691.2639,pathway,0.000247973
SA,S1,2029,691.0925,pathway,0.000247973
SA,S1,2030,690.9211,pathway,0.000247973
SA,S1,2031,690.7498,pathway,0.000247973
SA,S1,2032,690.5785,pathway,0.000247973
SA,S1,2033,690.4073,pathway,0.000247973
SA,S1,2034,690.2361,pathway,0.000247973
SA,S1,2035,690.0649,pathway,0.000247973
SA,S1,2036,689.8938,pathway,0.000247973
SA,S1,2037,689.7227,pathway,0.000247973
SA,S1,2038,689.5517,pathway,0.000247973
SA,S1,2039,689.3807,pathway,0.000247973
SA,S1,2040,689.2097,pathway,0.000247973
SA,S1,2041,689.0388,pathway,0.000247973
SA,S1,2042,688.868,pathway,0.000247973
SA,S1,2043,688.6972,pathway,0.000247973
SA,S1,2044,688.5264,pathway,0.000247973
SA,S1,2045,688.3556,pathway,0.000247973
SA,S1,2046,688.1849,pathway,0.000247973
SA,S1,2047,688.0143,pathway,0.000247973
SA,S1,2048,687.8437,pathway,0.000247973
SA,S1,2049,687.6731,pathway,0.000247973
SA,S1,2050,687.5026,pathway,0.000247973
SA,S1,2051,687.3321,pathway,0.000247973
SA,S1,2052,687.1617,pathway,0.000247973
SA,S1,2053,686.9913,pathway,0.000247973
SA,S1,2054,686.8209,pathway,0.000247973
SA,S1,2055,686.6506,pathway,0.000247973
SA,S1,2056,686.4803,pathway,0.000247973
SA,S1,2057,686.3101,pathway,0.000247973
SA,S1,2058,686.1399,pathway,0.000247973
SA,S1,2059,685.9698,pathway,0.000247973
SA,S1,2060,685.7997,pathway,0.000247973
SA,S1,2061,685.6296,pathway,0.000247973
SA,S1,2062,685.4596,pathway,0.000247973
SA,S1,2063,685.2896,pathway,0.000247973
SA,S1,2064,685.1197,pathway,0.000247973
SA,S1,2065,684.9498,pathway,0.000247973
SA,S1,2066,684.7799,pathway,0.000247973
SA,S1,2067,684.6101,pathway,0.000247973
SA,S1,2068,684.4404,pathway,0.000247973
SA,S1,2069,684.2707,pathway,0.000247973
SA,S1,2070,684.101,pathway,0.000247973
SA,S1,2071,683.9313,pathway,0.000247973
SA,S1,2072,683.7617,pathway,0.000247973
SA,S1,2073,683.5922,pathway,0.000247973
SA,S1,2074,683.4227,pathway,0.000247973
SA,S1,2075,683.2532,pathway,0.000247973
SA,S1,2076,683.0838,pathway,0.000247973
SA,S1,2077,682.9144,pathway,0.000247973
SA,S1,2078,682.745,pathway,0.000247973
SA,S1,2079,682.5757,pathway,0.000247973
SA,S1,2080,682.4065,pathway,0.000247973
SA,S1,2081,682.2373,pathway,0.000247973
SA,S1,2082,682.0681,pathway,0.000247973
SA,S1,2083,681.8989,pathway,0.000247973
SA,S1,2084,681.7299,pathway,0.000247973
SA,S1,2085,681.5608,pathway,0.000247973
SA,S1,2086,681.3918,pathway,0.000247973
SA,S1,2087,681.2228,pathway,0.000247973
SA,S1,2088,681.0539,pathway,0.000247973
SA,S1,2089,680.885,pathway,0.000247973
SA,S1,2090,680.7162,pathway,0.000247973
SA,S1,2091,680.5474,pathway,0.000247973
SA,S1,2092,680.3786,pathway,0.000247973
SA,S1,2093,680.2099,pathway,0.000247973
SA,S1,2094,680.0412,pathway,0.000247973
SA,S1,2095,679.8726,pathway,0.000247973
SA,S1,2096,679.704,pathway,0.000247973
SA,S1,2097,679.5355,pathway,0.000247973
SA,S1,2098,679.367,pathway,0.000247973
SA,S1,2099,679.1985,pathway,0.000247973
SA,S1,2100,679.0301,pathway,0.000247973
SN,S1,2000,644.3,observed,0.016204313
SN,S1,2001,642.46,observed,0.016204313
SN,S1,2002,586.54,observed,0.016204313
SN,S1,2003,566.52,observed,0.016204313
SN,S1,2004,585.77,observed,0.016204313
SN,S1,2005,596.23,observed,0.016204313
SN,S1,2006,602.27,observed,0.016204313
SN,S1,2007,614.29,observed,0.016204313
SN,S1,2008,611.49,observed,0.016204313
SN,S1,2009,606.56,observed,0.016204313
SN,S1,2010,609.91,observed,0.016204313
SN,S1,2011,607.9,observed,0.016204313
SN,S1,2012,616.02,observed,0.016204313
SN,S1,2013,611.55,observed,0.016204313
SN,S1,2014,617.23,observed,0.016204313
SN,S1,2015,619.37,observed,0.016204313
SN,S1,2016,623.43,observed,0.016204313
SN,S1,2017,608.05,observed,0.016204313
SN,S1,2018,595.14,observed,0.016204313
SN,S1,2019,609.97,observed,0.016204313
SN,S1,2020,562.71,observed,0.016204313
SN,S1,2021,546.55,observed,0.016204313
SN,S1,2022,550.28,observed,0.016204313
SN,S1,2023,557.32,observed,0.016204313
SN,S1,2024,539.97,observed,0.016204313
SN,S1,2025,531.2202,pathway,0.016204313
SN,S1,2026,522.6121,pathway,0.016204313
SN,S1,2027,514.1435,pathway,0.016204313
SN,S1,2028,505.8122,pathway,0.016204313
SN,S1,2029,497.6158,pathway,0.016204313
SN,S1,2030,489.5523,pathway,0.016204313
SN,S1,2031,481.6195,pathway,0.016204313
SN,S1,2032,473.8152,pathway,0.016204313
SN,S1,2033,466.1373,pathway,0.016204313
SN,S1,2034,458.5839,pathway,0.016204313
SN,S1,2035,451.1528,pathway,0.016204313
SN,S1,2036,443.8422,pathway,0.016204313
SN,S1,2037,436.6501,pathway,0.016204313
SN,S1,2038,429.5744,pathway,0.016204313
SN,S1,2039,422.6135,pathway,0.016204313
SN,S1,2040,415.7653,pathway,0.016204313
SN,S1,2041,409.0281,pathway,0.016204313
SN,S1,2042,402.4001,pathway,0.016204313
SN,S1,2043,395.8795,pathway,0.016204313
SN,S1,2044,389.4645,pathway,0.016204313
SN,S1,2045,383.1535,pathway,0.016204313
SN,S1,2046,376.9448,pathway,0.016204313
SN,S1,2047,370.8367,pathway,0.016204313
SN,S1,2048,364.8275,pathway,0.016204313
SN,S1,2049,358.9157,pathway,0.016204313
SN,S1,2050,353.0997,pathway,0.016204313
SN,S1,2051,347.378,pathway,0.016204313
SN,S1,2052,341.749,pathway,0.016204313
SN,S1,2053,336.2112,pathway,0.016204313
SN,S1,2054,330.7631,pathway,0.016204313
SN,S1,2055,325.4033,pathway,0.016204313
SN,S1,2056,320.1304,pathway,0.016204313
SN,S1,2057,314.9429,pathway,0.016204313
SN,S1,2058,309.8395,pathway,0.016204313
SN,S1,2059,304.8187,pathway,0.016204313
SN,S1,2060,299.8793,pathway,0.016204313
SN,S1,2061,295.02,pathway,0.016204313
SN,S1,2062,290.2394,pathway,0.016204313
SN,S1,2063,285.5363,pathway,0.016204313
SN,S1,2064,280.9094,pathway,0.016204313
SN,S1,2065,276.3574,pathway,0.016204313
SN,S1,2066,271.8792,pathway,0.016204313
SN,S1,2067,267.4736,pathway,0.016204313
SN,S1,2068,263.1394,pathway,0.016204313
SN,S1,2069,258.8754,pathway,0.016204313
SN,S1,2070,254.6805,pathway,0.016204313
SN,S1,2071,250.5536,pathway,0.016204313
SN,S1,2072,246.4935,pathway,0.016204313
SN,S1,2073,242.4993,pathway,0.016204313
SN,S1,2074,238.5697,pathway,0.016204313
SN,S1,2075,234.7039,pathway,0.016204313
SN,S1,2076,230.9007,pathway,0.016204313
SN,S1,2077,227.1591,pathway,0.016204313
SN,S1,2078,223.4781,pathway,0.016204313
SN,S1,2079,219.8568,pathway,0.016204313
SN,S1,2080,216.2942,pathway,0.016204313
SN,S1,2081,212.7893,pathway,0.016204313
SN,S1,2082,209.3412,pathway,0.016204313
SN,S1,2083,205.9489,pathway,0.016204313
SN,S1,2084,202.6117,pathway,0.016204313
SN,S1,2085,199.3285,pathway,0.016204313
SN,S1,2086,196.0985,pathway,0.016204313
SN,S1,2087,192.9209,pathway,0.016204313
SN,S1,2088,189.7947,pathway,0.016204313
SN,S1,2089,186.7192,pathway,0.016204313
SN,S1,2090,183.6936,pathway,0.016204313
SN,S1,2091,180.7169,pathway,0.016204313
SN,S1,2092,177.7886,pathway,0.016204313
SN,S1,2093,174.9076,pathway,0.016204313
SN,S1,2094,172.0734,pathway,0.016204313
SN,S1,2095,169.285,pathway,0.016204313
SN,S1,2096,166.5419,pathway,0.016204313
SN,S1,2097,163.8432,pathway,0.016204313
SN,S1,2098,161.1882,pathway,0.016204313
SN,S1,2099,158.5763,pathway,0.016204313
SN,S1,2100,156.0067,pathway,0.016204313
SZ,S1,2000,166.67,observed,0.047786534
SZ,S1,2001,171.43,observed,0.047786534
SZ,S1,2002,194.44,observed,0.047786534
SZ,S1,2003,218.75,observed,0.047786534
SZ,S1,2004,224.14,observed,0.047786534
SZ,S1,2005,193.55,observed,0.047786534
SZ,S1,2006,188.41,observed,0.047786534
SZ,S1,2007,183.1,observed,0.047786534
SZ,S1,2008,188.41,observed,0.047786534
SZ,S1,2009,181.82,observed,0.047786534
SZ,S1,2010,175.68,observed,0.047786534
SZ,S1,2011,155.17,observed,0.047786534
SZ,S1,2012,173.08,observed,0.047786534
SZ,S1,2013,150.0,observed,0.047786534
SZ,S1,2014,166.67,observed,0.047786534
SZ,S1,2015,184.21,observed,0.047786534
SZ,S1,2016,222.22,observed,0.047786534
SZ,S1,2017,139.54,observed,0.047786534
SZ,S1,2018,142.86,observed,0.047786534
SZ,S1,2019,204.08,observed,0.047786534
SZ,S1,2020,163.27,observed,0.047786534
SZ,S1,2021,137.26,observed,0.047786534
SZ,S1,2022,127.27,observed,0.047786534
SZ,S1,2023,121.21,observed,0.047786534
SZ,S1,2024,131.15,observed,0.047786534
SZ,S1,2025,124.8828,pathway,0.047786534
SZ,S1,2026,118.9151,pathway,0.047786534
SZ,S1,2027,113.2325,pathway,0.047786534
SZ,S1,2028,107.8215,pathway,0.047786534
SZ,S1,2029,102.6691,pathway,0.047786534
SZ,S1,2030,97.7629,pathway,0.047786534
SZ,S1,2031,93.0912,pathway,0.047786534
SZ,S1,2032,88.6427,pathway,0.047786534
SZ,S1,2033,84.4067,pathway,0.047786534
SZ,S1,2034,80.3732,pathway,0.047786534
SZ,S1,2035,76.5325,pathway,0.047786534
SZ,S1,2036,72.8753,pathway,0.047786534
SZ,S1,2037,69.3928,pathway,0.047786534
SZ,S1,2038,66.0768,pathway,0.047786534
SZ,S1,2039,62.9192,pathway,0.047786534
SZ,S1,2040,59.9125,pathway,0.047786534
SZ,S1,2041,57.0495,pathway,0.047786534
SZ,S1,2042,54.3233,pathway,0.047786534
SZ,S1,2043,51.7274,pathway,0.047786534
SZ,S1,2044,49.2555,pathway,0.047786534
SZ,S1,2045,46.9017,pathway,0.047786534
SZ,S1,2046,44.6605,pathway,0.047786534
SZ,S1,2047,42.5263,pathway,0.047786534
SZ,S1,2048,40.4941,pathway,0.047786534
SZ,S1,2049,38.559,pathway,0.047786534
SZ,S1,2050,36.7164,pathway,0.047786534
SZ,S1,2051,34.9619,pathway,0.047786534
SZ,S1,2052,33.2912,pathway,0.047786534
SZ,S1,2053,31.7003,pathway,0.047786534
SZ,S1,2054,30.1855,pathway,0.047786534
SZ,S1,2055,28.743,pathway,0.047786534
SZ,S1,2056,27.3695,pathway,0.047786534
SZ,S1,2057,26.0616,pathway,0.047786534
SZ,S1,2058,24.8162,pathway,0.047786534
SZ,S1,2059,23.6303,pathway,0.047786534
SZ,S1,2060,22.5011,pathway,0.047786534
SZ,S1,2061,21.4259,pathway,0.047786534
SZ,S1,2062,20.402,pathway,0.047786534
SZ,S1,2063,19.427,pathway,0.047786534
SZ,S1,2064,18.4987,pathway,0.047786534
SZ,S1,2065,17.6147,pathway,0.047786534
SZ,S1,2066,16.773,pathway,0.047786534
SZ,S1,2067,15.9714,pathway,0.047786534
SZ,S1,2068,15.2082,pathway,0.047786534
SZ,S1,2069,14.4815,pathway,0.047786534
SZ,S1,2070,13.7895,pathway,0.047786534
SZ,S1,2071,13.1305,pathway,0.047786534
SZ,S1,2072,12.503,pathway,0.047786534
SZ,S1,2073,11.9056,pathway,0.047786534
SZ,S1,2074,11.3366,pathway,0.047786534
SZ,S1,2075,10.7949,pathway,0.047786534
SZ,S1,2076,10.279,pathway,0.047786534
SZ,S1,2077,9.7878,pathway,0.047786534
SZ,S1,2078,9.3201,pathway,0.047786534
SZ,S1,2079,8.8747,pathway,0.047786534
SZ,S1,2080,8.4507,pathway,0.047786534
SZ,S1,2081,8.0468,pathway,0.047786534
SZ,S1,2082,7.6623,pathway,0.047786534
SZ,S1,2083,7.2961,pathway,0.047786534
SZ,S1,2084,6.9475,pathway,0.047786534
SZ,S1,2085,6.6155,pathway,0.047786534
SZ,S1,2086,6.2994,pathway,0.047786534
SZ,S1,2087,5.9983,pathway,0.047786534
SZ,S1,2088,5.7117,pathway,0.047786534
SZ,S1,2089,5.4387,pathway,0.047786534
SZ,S1,2090,5.1789,pathway,0.047786534
SZ,S1,2091,4.9314,pathway,0.047786534
SZ,S1,2092,4.6957,pathway,0.047786534
SZ,S1,2093,4.4713,pathway,0.047786534
SZ,S1,2094,4.2577,pathway,0.047786534
SZ,S1,2095,4.0542,pathway,0.047786534
SZ,S1,2096,3.8605,pathway,0.047786534
SZ,S1,2097,3.676,pathway,0.047786534
SZ,S1,2098,3.5003,pathway,0.047786534
SZ,S1,2099,3.3331,pathway,0.047786534
SZ,S1,2100,3.1738,pathway,0.047786534
TH,S1,2000,606.99,observed,0.008507933
TH,S1,2001,603.92,observed,0.008507933
TH,S1,2002,591.76,observed,0.008507933
TH,S1,2003,590.05,observed,0.008507933
TH,S1,2004,598.0,observed,0.008507933
TH,S1,2005,599.56,observed,0.008507933
TH,S1,2006,597.24,observed,0.008507933
TH,S1,2007,605.56,observed,0.008507933
TH,S1,2008,607.74,observed,0.008507933
TH,S1,2009,604.73,observed,0.008507933
TH,S1,2010,605.26,observed,0.008507933
TH,S1,2011,599.8,observed,0.008507933
TH,S1,2012,596.89,observed,0.008507933
TH,S1,2013,601.82,observed,0.008507933
TH,S1,2014,601.29,observed,0.008507933
TH,S1,2015,597.14,observed,0.008507933
TH,S1,2016,595.48,observed,0.008507933
TH,S1,2017,583.32,observed,0.008507933
TH,S1,2018,567.79,observed,0.008507933
TH,S1,2019,562.28,observed,0.008507933
TH,S1,2020,570.49,observed,0.008507933
TH,S1,2021,566.06,observed,0.008507933
TH,S1,2022,560.29,observed,0.008507933
TH,S1,2023,549.24,observed,0.008507933
TH,S1,2024,554.73,observed,0.008507933
TH,S1,2025,545.74,observed,0.008507933
TH,S1,2026,541.0969,pathway,0.008507933
TH,S1,2027,536.4933,pathway,0.008507933
TH,S1,2028,531.9288,pathway,0.008507933
TH,S1,2029,527.4032,pathway,0.008507933
TH,S1,2030,522.9161,pathway,0.008507933
TH,S1,2031,518.4672,pathway,0.008507933
TH,S1,2032,514.0561,pathway,0.008507933
TH,S1,2033,509.6825,pathway,0.008507933
TH,S1,2034,505.3462,pathway,0.008507933
TH,S1,2035,501.0467,pathway,0.008507933
TH,S1,2036,496.7838,pathway,0.008507933
TH,S1,2037,492.5572,pathway,0.008507933
TH,S1,2038,488.3666,pathway,0.008507933
TH,S1,2039,484.2116,pathway,0.008507933
TH,S1,2040,480.092,pathway,0.008507933
TH,S1,2041,476.0074,pathway,0.008507933
TH,S1,2042,471.9575,pathway,0.008507933
TH,S1,2043,467.9422,pathway,0.008507933
TH,S1,2044,463.9609,pathway,0.008507933
TH,S1,2045,460.0136,pathway,0.008507933
TH,S1,2046,456.0998,pathway,0.008507933
TH,S1,2047,452.2194,pathway,0.008507933
TH,S1,2048,448.3719,pathway,0.008507933
TH,S1,2049,444.5572,pathway,0.008507933
TH,S1,2050,440.7749,pathway,0.008507933
TH,S1,2051,437.0248,pathway,0.008507933
TH,S1,2052,433.3067,pathway,0.008507933
TH,S1,2053,429.6201,pathway,0.008507933
TH,S1,2054,425.9649,pathway,0.008507933
TH,S1,2055,422.3409,pathway,0.008507933
TH,S1,2056,418.7476,pathway,0.008507933
TH,S1,2057,415.1849,pathway,0.008507933
TH,S1,2058,411.6526,pathway,0.008507933
TH,S1,2059,408.1503,pathway,0.008507933
TH,S1,2060,404.6777,pathway,0.008507933
TH,S1,2061,401.2348,pathway,0.008507933
TH,S1,2062,397.8211,pathway,0.008507933
TH,S1,2063,394.4365,pathway,0.008507933
TH,S1,2064,391.0806,pathway,0.008507933
TH,S1,2065,387.7533,pathway,0.008507933
TH,S1,2066,384.4544,pathway,0.008507933
TH,S1,2067,381.1834,pathway,0.008507933
TH,S1,2068,377.9404,pathway,0.008507933
TH,S1,2069,374.7249,pathway,0.008507933
TH,S1,2070,371.5367,pathway,0.008507933
TH,S1,2071,368.3757,pathway,0.008507933
TH,S1,2072,365.2416,pathway,0.008507933
TH,S1,2073,362.1342,pathway,0.008507933
TH,S1,2074,359.0531,pathway,0.008507933
TH,S1,2075,355.9983,pathway,0.008507933
TH,S1,2076,352.9695,pathway,0.008507933
TH,S1,2077,349.9665,pathway,0.008507933
TH,S1,2078,346.989,pathway,0.008507933
TH,S1,2079,344.0368,pathway,0.008507933
TH,S1,2080,341.1098,pathway,0.008507933
TH,S1,2081,338.2077,pathway,0.008507933
TH,S1,2082,335.3302,pathway,0.008507933
TH,S1,2083,332.4772,pathway,0.008507933
TH,S1,2084,329.6485,pathway,0.008507933
TH,S1,2085,326.8439,pathway,0.008507933
TH,S1,2086,324.0632,pathway,0.008507933
TH,S1,2087,321.306,pathway,0.008507933
TH,S1,2088,318.5724,pathway,0.008507933
TH,S1,2089,315.862,pathway,0.008507933
TH,S1,2090,313.1747,pathway,0.008507933
TH,S1,2091,310.5102,pathway,0.008507933
TH,S1,2092,307.8684,pathway,0.008507933
TH,S1,2093,305.2491,pathway,0.008507933
TH,S1,2094,302.652,pathway,0.008507933
TH,S1,2095,300.0771,pathway,0.008507933
TH,S1,2096,297.5241,pathway,0.008507933
TH,S1,2097,294.9927,pathway,0.008507933
TH,S1,2098,292.483,pathway,0.008507933
TH,S1,2099,289.9945,pathway,0.008507933
TH,S1,2100,287.5273,pathway,0.008507933
TH,S2,2000,606.99,observed,0.058708207
TH,S2,2001,603.92,observed,0.058708207
TH,S2,2002,591.76,observed,0.058708207
TH,S2,2003,590.05,observed,0.058708207
TH,S2,2004,598.0,observed,0.058708207
TH,S2,2005,599.56,observed,0.058708207
TH,S2,2006,597.24,observed,0.058708207
TH,S2,2007,605.56,observed,0.058708207
TH,S2,2008,607.74,observed,0.058708207
TH,S2,2009,604.73,observed,0.058708207
TH,S2,2010,605.26,observed,0.058708207
TH,S2,2011,599.8,observed,0.058708207
TH,S2,2012,596.89,observed,0.058708207
TH,S2,2013,601.82,observed,0.058708207
TH,S2,2014,601.29,observed,0.058708207
TH,S2,2015,597.14,observed,0.058708207
TH,S2,2016,595.48,observed,0.058708207
TH,S2,2017,583.32,observed,0.058708207
TH,S2,2018,567.79,observed,0.058708207
TH,S2,2019,562.28,observed,0.058708207
TH,S2,2020,570.49,observed,0.058708207
TH,S2,2021,566.06,observed,0.058708207
TH,S2,2022,560.29,observed,0.058708207
TH,S2,2023,549.24,observed,0.058708207
TH,S2,2024,554.73,observed,0.058708207
TH,S2,2025,545.74,observed,0.058708207
TH,S2,2026,513.7006,pathway,0.058708207
TH,S2,2027,483.5421,pathway,0.058708207
TH,S2,2028,455.1543,pathway,0.058708207
TH,S2,2029,428.433,pathway,0.058708207
TH,S2,2030,403.2804,pathway,0.058708207
TH,S2,2031,379.6046,pathway,0.058708207
TH,S2,2032,357.3187,pathway,0.058708207
TH,S2,2033,336.3411,pathway,0.058708207
TH,S2,2034,316.5951,pathway,0.058708207
TH,S2,2035,298.0084,pathway,0.058708207
TH,S2,2036,280.5129,pathway,0.058708207
TH,S2,2037,264.0445,pathway,0.058708207
TH,S2,2038,248.5429,pathway,0.058708207
TH,S2,2039,233.9514,pathway,0.058708207
TH,S2,2040,220.2165,pathway,0.058708207
TH,S2,2041,207.288,pathway,0.058708207
TH,S2,2042,195.1185,pathway,0.058708207
TH,S2,2043,183.6634,pathway,0.058708207
TH,S2,2044,172.8809,pathway,0.058708207
TH,S2,2045,162.7314,pathway,0.058708207
TH,S2,2046,153.1777,pathway,0.058708207
TH,S2,2047,144.1849,pathway,0.058708207
TH,S2,2048,135.7201,pathway,0.058708207
TH,S2,2049,127.7522,pathway,0.058708207
TH,S2,2050,120.2521,pathway,0.058708207
TH,S2,2051,113.1923,pathway,0.058708207
TH,S2,2052,106.547,pathway,0.058708207
TH,S2,2053,100.2918,pathway,0.058708207
TH,S2,2054,94.4038,pathway,0.058708207
TH,S2,2055,88.8616,pathway,0.058708207
TH,S2,2056,83.6447,pathway,0.058708207
TH,S2,2057,78.734,pathway,0.058708207
TH,S2,2058,74.1117,pathway,0.058708207
TH,S2,2059,69.7607,pathway,0.058708207
TH,S2,2060,65.6652,pathway,0.058708207
TH,S2,2061,61.8101,pathway,0.058708207
TH,S2,2062,58.1814,pathway,0.058708207
TH,S2,2063,54.7656,pathway,0.058708207
TH,S2,2064,51.5504,pathway,0.058708207
TH,S2,2065,48.524,pathway,0.058708207
TH,S2,2066,45.6753,pathway,0.058708207
TH,S2,2067,42.9937,pathway,0.058708207
TH,S2,2068,40.4697,pathway,0.058708207
TH,S2,2069,38.0938,pathway,0.058708207
TH,S2,2070,35.8573,pathway,0.058708207
TH,S2,2071,33.7522,pathway,0.058708207
TH,S2,2072,31.7707,pathway,0.058708207
TH,S2,2073,29.9055,pathway,0.058708207
TH,S2,2074,28.1498,pathway,0.058708207
TH,S2,2075,26.4972,pathway,0.058708207
TH,S2,2076,24.9416,pathway,0.058708207
TH,S2,2077,23.4773,pathway,0.058708207
TH,S2,2078,22.099,pathway,0.058708207
TH,S2,2079,20.8016,pathway,0.058708207
TH,S2,2080,19.5804,pathway,0.058708207
TH,S2,2081,18.4308,pathway,0.058708207
TH,S2,2082,17.3488,pathway,0.058708207
TH,S2,2083,16.3303,pathway,0.058708207
TH,S2,2084,15.3716,pathway,0.058708207
TH,S2,2085,14.4691,pathway,0.058708207
TH,S2,2086,13.6197,pathway,0.058708207
TH,S2,2087,12.8201,pathway,0.058708207
TH,S2,2088,12.0674,pathway,0.058708207
TH,S2,2089,11.359,pathway,0.058708207
TH,S2,2090,10.6921,pathway,0.058708207
TH,S2,2091,10.0644,pathway,0.058708207
TH,S2,2092,9.4735,pathway,0.058708207
TH,S2,2093,8.9174,pathway,0.058708207
TH,S2,2094,8.3938,pathway,0.058708207
TH,S2,2095,7.9011,pathway,0.058708207
TH,S2,2096,7.4372,pathway,0.058708207
TH,S2,2097,7.0006,pathway,0.058708207
TH,S2,2098,6.5896,pathway,0.058708207
TH,S2,2099,6.2027,pathway,0.058708207
TH,S2,2100,5.8386,pathway,0.058708207
TL,S1,2003,666.67,observed,-0.002000588
TL,S1,2004,714.29,observed,-0.002000588
TL,S1,2005,714.29,observed,-0.002000588
TL,S1,2006,714.29,observed,-0.002000588
TL,S1,2007,666.67,observed,-0.002000588
TL,S1,2008,636.36,observed,-0.002000588
TL,S1,2009,692.31,observed,-0.002000588
TL,S1,2010,642.86,observed,-0.002000588
TL,S1,2011,642.86,observed,-0.002000588
TL,S1,2012,692.31,observed,-0.002000588
TL,S1,2013,655.17,observed,-0.002000588
TL,S1,2014,657.14,observed,-0.002000588
TL,S1,2015,657.14,observed,-0.002000588
TL,S1,2016,658.54,observed,-0.002000588
TL,S1,2017,651.16,observed,-0.002000588
TL,S1,2018,666.67,observed,-0.002000588
TL,S1,2019,653.85,observed,-0.002000588
TL,S1,2020,660.0,observed,-0.002000588
TL,S1,2021,666.67,observed,-0.002000588
TL,S1,2022,666.67,observed,-0.002000588
TL,S1,2023,666.67,observed,-0.002000588
TL,S1,2024,666.67,observed,-0.002000588
TL,S1,2025,668.0037,pathway,-0.002000588
TL,S1,2026,669.3401,pathway,-0.002000588
TL,S1,2027,670.6792,pathway,-0.002000588
TL,S1,2028,672.021,pathway,-0.002000588
TL,S1,2029,673.3654,pathway,-0.002000588
TL,S1,2030,674.7125,pathway,-0.002000588
TL,S1,2031,676.0623,pathway,-0.002000588
TL,S1,2032,677.4149,pathway,-0.002000588
TL,S1,2033,678.7701,pathway,-0.002000588
TL,S1,2034,680.128,pathway,-0.002000588
TL,S1,2035,681.4887,pathway,-0.002000588
TL,S1,2036,682.8521,pathway,-0.002000588
TL,S1,2037,684.2182,pathway,-0.002000588
TL,S1,2038,685.587,pathway,-0.002000588
TL,S1,2039,686.9586,pathway,-0.002000588
TL,S1,2040,688.3329,pathway,-0.002000588
TL,S1,2041,689.71,pathway,-0.002000588
TL,S1,2042,691.0898,pathway,-0.002000588
TL,S1,2043,692.4724,pathway,-0.002000588
TL,S1,2044,693.8577,pathway,-0.002000588
TL,S1,2045,695.2459,pathway,-0.002000588
TL,S1,2046,696.6368,pathway,-0.002000588
TL,S1,2047,698.0305,pathway,-0.002000588
TL,S1,2048,699.4269,pathway,-0.002000588
TL,S1,2049,700.8262,pathway,-0.002000588
TL,S1,2050,702.2283,pathway,-0.002000588
TL,S1,2051,703.6331,pathway,-0.002000588
TL,S1,2052,705.0408,pathway,-0.002000588
TL,S1,2053,706.4513,pathway,-0.002000588
TL,S1,2054,707.8646,pathway,-0.002000588
TL,S1,2055,709.2808,pathway,-0.002000588
TL,S1,2056,710.6997,pathway,-0.002000588
TL,S1,2057,712.1216,pathway,-0.002000588
TL,S1,2058,713.5462,pathway,-0.002000588
TL,S1,2059,714.9737,pathway,-0.002000588
TL,S1,2060,716.4041,pathway,-0.002000588
TL,S1,2061,717.8373,pathway,-0.002000588
TL,S1,2062,719.2734,pathway,-0.002000588
TL,S1,2063,720.7124,pathway,-0.002000588
TL,S1,2064,722.1542,pathway,-0.002000588
TL,S1,2065,723.599,pathway,-0.002000588
TL,S1,2066,725.0466,pathway,-0.002000588
TL,S1,2067,726.4971,pathway,-0.002000588
TL,S1,2068,727.9505,pathway,-0.002000588
TL,S1,2069,729.4069,pathway,-0.002000588
TL,S1,2070,730.8661,pathway,-0.002000588
TL,S1,2071,732.3283,pathway,-0.002000588
TL,S1,2072,733.7934,pathway,-0.002000588
TL,S1,2073,735.2614,pathway,-0.002000588
TL,S1,2074,736.7323,pathway,-0.002000588
TL,S1,2075,738.2062,pathway,-0.002000588
TL,S1,2076,739.6831,pathway,-0.002000588
TL,S1,2077,741.1629,pathway,-0.002000588
TL,S1,2078,742.6456,pathway,-0.002000588
TL,S1,2079,744.1314,pathway,-0.002000588
TL,S1,2080,745.6201,pathway,-0.002000588
TL,S1,2081,747.1117,pathway,-0.002000588
TL,S1,2082,748.6064,pathway,-0.002000588
TL,S1,2083,750.1041,pathway,-0.002000588
TL,S1,2084,751.6047,pathway,-0.002000588
TL,S1,2085,753.1084,pathway,-0.002000588
TL,S1,2086,754.615,pathway,-0.002000588
TL,S1,2087,756.1247,pathway,-0.002000588
TL,S1,2088,757.6374,pathway,-0.002000588
TL,S1,2089,759.1531,pathway,-0.002000588
TL,S1,2090,760.6719,pathway,-0.002000588
TL,S1,2091,762.1937,pathway,-0.002000588
TL,S1,2092,763.7185,pathway,-0.002000588
TL,S1,2093,765.2464,pathway,-0.002000588
TL,S1,2094,766.7773,pathway,-0.002000588
TL,S1,2095,768.3113,pathway,-0.002000588
TL,S1,2096,769.8484,pathway,-0.002000588
TL,S1,2097,771.3886,pathway,-0.002000588
TL,S1,2098,772.9318,pathway,-0.002000588
TL,S1,2099,774.4781,pathway,-0.002000588
TL,S1,2100,776.0275,pathway,-0.002000588
TR,S1,1990,526.07,observed,0.010535743
TR,S1,1991,539.18,observed,0.010535743
TR,S1,1992,538.68,observed,0.010535743
TR,S1,1993,480.83,observed,0.010535743
TR,S1,1994,536.83,observed,0.010535743
TR,S1,1995,504.75,observed,0.010535743
TR,S1,1996,495.84,observed,0.010535743
TR,S1,1997,519.46,observed,0.010535743
TR,S1,1998,519.1,observed,0.010535743
TR,S1,1999,557.03,observed,0.010535743
TR,S1,2000,574.13,observed,0.010535743
TR,S1,2001,605.29,observed,0.010535743
TR,S1,2002,536.43,observed,0.010535743
TR,S1,2003,524.8,observed,0.010535743
TR,S1,2004,494.22,observed,0.010535743
TR,S1,2005,543.59,observed,0.010535743
TR,S1,2006,537.48,observed,0.010535743
TR,S1,2007,577.8,observed,0.010535743
TR,S1,2008,593.54,observed,0.010535743
TR,S1,2009,577.02,observed,0.010535743
TR,S1,2010,525.05,observed,0.010535743
TR,S1,2011,541.0,observed,0.010535743
TR,S1,2012,527.79,observed,0.010535743
TR,S1,2013,509.97,observed,0.010535743
TR,S1,2014,567.26,observed,0.010535743
TR,S1,2015,504.64,observed,0.010535743
TR,S1,2016,522.78,observed,0.010535743
TR,S1,2017,534.26,observed,0.010535743
TR,S1,2018,541.83,observed,0.010535743
TR,S1,2019,488.44,observed,0.010535743
TR,S1,2020,482.45,observed,0.010535743
TR,S1,2021,500.61,observed,0.010535743
TR,S1,2022,487.93,observed,0.010535743
TR,S1,2023,493.73,observed,0.010535743
TR,S1,2024,469.74,observed,0.010535743
TR,S1,2025,474.74,observed,0.010535743
TR,S1,2026,469.7383,pathway,0.010535743
TR,S1,2027,464.7892,pathway,0.010535743
TR,S1,2028,459.8923,pathway,0.010535743
TR,S1,2029,455.047,pathway,0.010535743
TR,S1,2030,450.2528,pathway,0.010535743
TR,S1,2031,445.509,pathway,0.010535743
TR,S1,2032,440.8152,pathway,0.010535743
TR,S1,2033,436.1709,pathway,0.010535743
TR,S1,2034,431.5755,pathway,0.010535743
TR,S1,2035,427.0286,pathway,0.010535743
TR,S1,2036,422.5295,pathway,0.010535743
TR,S1,2037,418.0778,pathway,0.010535743
TR,S1,2038,413.6731,pathway,0.010535743
TR,S1,2039,409.3147,pathway,0.010535743
TR,S1,2040,405.0023,pathway,0.010535743
TR,S1,2041,400.7353,pathway,0.010535743
TR,S1,2042,396.5133,pathway,0.010535743
TR,S1,2043,392.3357,pathway,0.010535743
TR,S1,2044,388.2021,pathway,0.010535743
TR,S1,2045,384.1121,pathway,0.010535743
TR,S1,2046,380.0652,pathway,0.010535743
TR,S1,2047,376.061,pathway,0.010535743
TR,S1,2048,372.0989,pathway,0.010535743
TR,S1,2049,368.1785,pathway,0.010535743
TR,S1,2050,364.2995,pathway,0.010535743
TR,S1,2051,360.4613,pathway,0.010535743
TR,S1,2052,356.6636,pathway,0.010535743
TR,S1,2053,352.9059,pathway,0.010535743
TR,S1,2054,349.1878,pathway,0.010535743
TR,S1,2055,345.5088,pathway,0.010535743
TR,S1,2056,341.8686,pathway,0.010535743
TR,S1,2057,338.2668,pathway,0.010535743
TR,S1,2058,334.7029,pathway,0.010535743
TR,S1,2059,331.1766,pathway,0.010535743
TR,S1,2060,327.6874,pathway,0.010535743
TR,S1,2061,324.2349,pathway,0.010535743
TR,S1,2062,320.8189,pathway,0.010535743
TR,S1,2063,317.4388,pathway,0.010535743
TR,S1,2064,314.0944,pathway,0.010535743
TR,S1,2065,310.7851,pathway,0.010535743
TR,S1,2066,307.5108,pathway,0.010535743
TR,S1,2067,304.2709,pathway,0.010535743
TR,S1,2068,301.0652,pathway,0.010535743
TR,S1,2069,297.8933,pathway,0.010535743
TR,S1,2070,294.7547,pathway,0.010535743
TR,S1,2071,291.6493,pathway,0.010535743
TR,S1,2072,288.5765,pathway,0.010535743
TR,S1,2073,285.5362,pathway,0.010535743
TR,S1,2074,282.5278,pathway,0.010535743
TR,S1,2075,279.5512,pathway,0.010535743
TR,S1,2076,276.6059,pathway,0.010535743
TR,S1,2077,273.6917,pathway,0.010535743
TR,S1,2078,270.8081,pathway,0.010535743
TR,S1,2079,267.955,pathway,0.010535743
TR,S1,2080,265.1319,pathway,0.010535743
TR,S1,2081,262.3385,pathway,0.010535743
TR,S1,2082,259.5746,pathway,0.010535743
TR,S1,2083,256.8397,pathway,0.010535743
TR,S1,2084,254.1338,pathway,0.010535743
TR,S1,2085,251.4563,pathway,0.010535743
TR,S1,2086,248.807,pathway,0.010535743
TR,S1,2087,246.1856,pathway,0.010535743
TR,S1,2088,243.5919,pathway,0.010535743
TR,S1,2089,241.0254,pathway,0.010535743
TR,S1,2090,238.4861,pathway,0.010535743
TR,S1,2091,235.9734,pathway,0.010535743
TR,S1,2092,233.4873,pathway,0.010535743
TR,S1,2093,231.0273,pathway,0.010535743
TR,S1,2094,228.5933,pathway,0.010535743
TR,S1,2095,226.1849,pathway,0.010535743
TR,S1,2096,223.8019,pathway,0.010535743
TR,S1,2097,221.4439,pathway,0.010535743
TR,S1,2098,219.1109,pathway,0.010535743
TR,S1,2099,216.8024,pathway,0.010535743
TR,S1,2100,214.5182,pathway,0.010535743
TT,S1,2000,679.49,observed,-8.3507e-05
TT,S1,2001,680.85,observed,-8.3507e-05
TT,S1,2002,680.85,observed,-8.3507e-05
TT,S1,2003,681.68,observed,-8.3507e-05
TT,S1,2004,681.18,observed,-8.3507e-05
TT,S1,2005,680.85,observed,-8.3507e-05
TT,S1,2006,680.61,observed,-8.3507e-05
TT,S1,2007,679.69,observed,-8.3507e-05
TT,S1,2008,679.17,observed,-8.3507e-05
TT,S1,2009,679.85,observed,-8.3507e-05
TT,S1,2010,681.6,observed,-8.3507e-05
TT,S1,2011,681.51,observed,-8.3507e-05
TT,S1,2012,682.02,observed,-8.3507e-05
TT,S1,2013,682.11,observed,-8.3507e-05
TT,S1,2014,681.19,observed,-8.3507e-05
TT,S1,2015,681.3,observed,-8.3507e-05
TT,S1,2016,681.53,observed,-8.3507e-05
TT,S1,2017,681.33,observed,-8.3507e-05
TT,S1,2018,681.47,observed,-8.3507e-05
TT,S1,2019,681.52,observed,-8.3507e-05
TT,S1,2020,681.47,observed,-8.3507e-05
TT,S1,2021,681.77,observed,-8.3507e-05
TT,S1,2022,682.11,observed,-8.3507e-05
TT,S1,2023,681.72,observed,-8.3507e-05
TT,S1,2024,681.68,observed,-8.3507e-05
TT,S1,2025,681.7369,pathway,-8.3507e-05
TT,S1,2026,681.7939,pathway,-8.3507e-05
TT,S1,2027,681.8508,pathway,-8.3507e-05
TT,S1,2028,681.9077,pathway,-8.3507e-05
TT,S1,2029,681.9647,pathway,-8.3507e-05
TT,S1,2030,682.0216,pathway,-8.3507e-05
TT,S1,2031,682.0786,pathway,-8.3507e-05
TT,S1,2032,682.1355,pathway,-8.3507e-05
TT,S1,2033,682.1925,pathway,-8.3507e-05
TT,S1,2034,682.2495,pathway,-8.3507e-05
TT,S1,2035,682.3064,pathway,-8.3507e-05
TT,S1,2036,682.3634,pathway,-8.3507e-05
TT,S1,2037,682.4204,pathway,-8.3507e-05
TT,S1,2038,682.4774,pathway,-8.3507e-05
TT,S1,2039,682.5344,pathway,-8.3507e-05
TT,S1,2040,682.5914,pathway,-8.3507e-05
TT,S1,2041,682.6484,pathway,-8.3507e-05
TT,S1,2042,682.7054,pathway,-8.3507e-05
TT,S1,2043,682.7624,pathway,-8.3507e-05
TT,S1,2044,682.8194,pathway,-8.3507e-05
TT,S1,2045,682.8764,pathway,-8.3507e-05
TT,S1,2046,682.9334,pathway,-8.3507e-05
TT,S1,2047,682.9905,pathway,-8.3507e-05
TT,S1,2048,683.0475,pathway,-8.3507e-05
TT,S1,2049,683.1046,pathway,-8.3507e-05
TT,S1,2050,683.1616,pathway,-8.3507e-05
TT,S1,2051,683.2186,pathway,-8.3507e-05
TT,S1,2052,683.2757,pathway,-8.3507e-05
TT,S1,2053,683.3328,pathway,-8.3507e-05
TT,S1,2054,683.3898,pathway,-8.3507e-05
TT,S1,2055,683.4469,pathway,-8.3507e-05
TT,S1,2056,683.504,pathway,-8.3507e-05
TT,S1,2057,683.561,pathway,-8.3507e-05
TT,S1,2058,683.6181,pathway,-8.3507e-05
TT,S1,2059,683.6752,pathway,-8.3507e-05
TT,S1,2060,683.7323,pathway,-8.3507e-05
TT,S1,2061,683.7894,pathway,-8.3507e-05
TT,S1,2062,683.8465,pathway,-8.3507e-05
TT,S1,2063,683.9036,pathway,-8.3507e-05
TT,S1,2064,683.9607,pathway,-8.3507e-05
TT,S1,2065,684.0178,pathway,-8.3507e-05
TT,S1,2066,684.0749,pathway,-8.3507e-05
TT,S1,2067,684.1321,pathway,-8.3507e-05
TT,S1,2068,684.1892,pathway,-8.3507e-05
TT,S1,2069,684.2463,pathway,-8.3507e-05
TT,S1,2070,684.3035,pathway,-8.3507e-05
TT,S1,2071,684.3606,pathway,-8.3507e-05
TT,S1,2072,684.4178,pathway,-8.3507e-05
TT,S1,2073,684.4749,pathway,-8.3507e-05
TT,S1,2074,684.5321,pathway,-8.3507e-05
TT,S1,2075,684.5892,pathway,-8.3507e-05
TT,S1,2076,684.6464,pathway,-8.3507e-05
TT,S1,2077,684.7036,pathway,-8.3507e-05
TT,S1,2078,684.7608,pathway,-8.3507e-05
TT,S1,2079,684.8179,pathway,-8.3507e-05
TT,S1,2080,684.8751,pathway,-8.3507e-05
TT,S1,2081,684.9323,pathway,-8.3507e-05
TT,S1,2082,684.9895,pathway,-8.3507e-05
TT,S1,2083,685.0467,pathway,-8.3507e-05
TT,S1,2084,685.1039,pathway,-8.3507e-05
TT,S1,2085,685.1611,pathway,-8.3507e-05
TT,S1,2086,685.2184,pathway,-8.3507e-05
TT,S1,2087,685.2756,pathway,-8.3507e-05
TT,S1,2088,685.3328,pathway,-8.3507e-05
TT,S1,2089,685.39,pathway,-8.3507e-05
TT,S1,2090,685.4473,pathway,-8.3507e-05
TT,S1,2091,685.5045,pathway,-8.3507e-05
TT,S1,2092,685.5618,pathway,-8.3507e-05
TT,S1,2093,685.619,pathway,-8.3507e-05
TT,S1,2094,685.6763,pathway,-8.3507e-05
TT,S1,2095,685.7335,pathway,-8.3507e-05
TT,S1,2096,685.7908,pathway,-8.3507e-05
TT,S1,2097,685.848,pathway,-8.3507e-05
TT,S1,2098,685.9053,pathway,-8.3507e-05
TT,S1,2099,685.9626,pathway,-8.3507e-05
TT,S1,2100,686.0199,pathway,-8.3507e-05
TW,S1,2000,635.2,observed,0.00513619
TW,S1,2001,654.17,observed,0.00513619
TW,S1,2002,654.19,observed,0.00513619
TW,S1,2003,665.79,observed,0.00513619
TW,S1,2004,663.8,observed,0.00513619
TW,S1,2005,665.14,observed,0.00513619
TW,S1,2006,669.44,observed,0.00513619
TW,S1,2007,669.66,observed,0.00513619
TW,S1,2008,660.11,observed,0.00513619
TW,S1,2009,657.73,observed,0.00513619
TW,S1,2010,653.19,observed,0.00513619
TW,S1,2011,652.31,observed,0.00513619
TW,S1,2012,649.32,observed,0.00513619
TW,S1,2013,644.08,observed,0.00513619
TW,S1,2014,645.5,observed,0.00513619
TW,S1,2015,650.27,observed,0.00513619
TW,S1,2016,659.17,observed,0.00513619
TW,S1,2017,684.71,observed,0.00513619
TW,S1,2018,672.2,observed,0.00513619
TW,S1,2019,649.06,observed,0.00513619
TW,S1,2020,648.06,observed,0.00513619
TW,S1,2021,652.1,observed,0.00513619
TW,S1,2022,639.23,observed,0.00513619
TW,S1,2023,644.18,observed,0.00513619
TW,S1,2024,635.19,observed,0.00513619
TW,S1,2025,633.21,observed,0.00513619
TW,S1,2026,629.9577,pathway,0.00513619
TW,S1,2027,626.7221,pathway,0.00513619
TW,S1,2028,623.5032,pathway,0.00513619
TW,S1,2029,620.3007,pathway,0.00513619
TW,S1,2030,617.1148,pathway,0.00513619
TW,S1,2031,613.9451,pathway,0.00513619
TW,S1,2032,610.7918,pathway,0.00513619
TW,S1,2033,607.6547,pathway,0.00513619
TW,S1,2034,604.5336,pathway,0.00513619
TW,S1,2035,601.4286,pathway,0.00513619
TW,S1,2036,598.3396,pathway,0.00513619
TW,S1,2037,595.2664,pathway,0.00513619
TW,S1,2038,592.209,pathway,0.00513619
TW,S1,2039,589.1673,pathway,0.00513619
TW,S1,2040,586.1412,pathway,0.00513619
TW,S1,2041,583.1307,pathway,0.00513619
TW,S1,2042,580.1356,pathway,0.00513619
TW,S1,2043,577.1559,pathway,0.00513619
TW,S1,2044,574.1915,pathway,0.00513619
TW,S1,2045,571.2424,pathway,0.00513619
TW,S1,2046,568.3084,pathway,0.00513619
TW,S1,2047,565.3894,pathway,0.00513619
TW,S1,2048,562.4855,pathway,0.00513619
TW,S1,2049,559.5965,pathway,0.00513619
TW,S1,2050,556.7223,pathway,0.00513619
TW,S1,2051,553.8628,pathway,0.00513619
TW,S1,2052,551.0181,pathway,0.00513619
TW,S1,2053,548.188,pathway,0.00513619
TW,S1,2054,545.3724,pathway,0.00513619
TW,S1,2055,542.5712,pathway,0.00513619
TW,S1,2056,539.7845,pathway,0.00513619
TW,S1,2057,537.012,pathway,0.00513619
TW,S1,2058,534.2538,pathway,0.00513619
TW,S1,2059,531.5098,pathway,0.00513619
TW,S1,2060,528.7799,pathway,0.00513619
TW,S1,2061,526.064,pathway,0.00513619
TW,S1,2062,523.362,pathway,0.00513619
TW,S1,2063,520.6739,pathway,0.00513619
TW,S1,2064,517.9996,pathway,0.00513619
TW,S1,2065,515.3391,pathway,0.00513619
TW,S1,2066,512.6922,pathway,0.00513619
TW,S1,2067,510.0589,pathway,0.00513619
TW,S1,2068,507.4392,pathway,0.00513619
TW,S1,2069,504.8329,pathway,0.00513619
TW,S1,2070,502.2399,pathway,0.00513619
TW,S1,2071,499.6603,pathway,0.00513619
TW,S1,2072,497.094,pathway,0.00513619
TW,S1,2073,494.5408,pathway,0.00513619
TW,S1,2074,492.0008,pathway,0.00513619
TW,S1,2075,489.4738,pathway,0.00513619
TW,S1,2076,486.9597,pathway,0.00513619
TW,S1,2077,484.4586,pathway,0.00513619
TW,S1,2078,481.9703,pathway,0.00513619
TW,S1,2079,479.4948,pathway,0.00513619
TW,S1,2080,477.0321,pathway,0.00513619
TW,S1,2081,474.5819,pathway,0.00513619
TW,S1,2082,472.1444,pathway,0.00513619
TW,S1,2083,469.7194,pathway,0.00513619
TW,S1,2084,467.3068,pathway,0.00513619
TW,S1,2085,464.9066,pathway,0.00513619
TW,S1,2086,462.5188,pathway,0.00513619
TW,S1,2087,460.1432,pathway,0.00513619
TW,S1,2088,457.7798,pathway,0.00513619
TW,S1,2089,455.4286,pathway,0.00513619
TW,S1,2090,453.0894,pathway,0.00513619
TW,S1,2091,450.7622,pathway,0.00513619
TW,S1,2092,448.447,pathway,0.00513619
TW,S1,2093,446.1437,pathway,0.00513619
TW,S1,2094,443.8523,pathway,0.00513619
TW,S1,2095,441.5725,pathway,0.00513619
TW,S1,2096,439.3045,pathway,0.00513619
TW,S1,2097,437.0482,pathway,0.00513619
TW,S1,2098,434.8034,pathway,0.00513619
TW,S1,2099,432.5702,pathway,0.00513619
TW,S1,2100,430.3484,pathway,0.00513619
TW,S2,2000,635.2,observed,0.041977522
TW,S2,2001,654.17,observed,0.041977522
TW,S2,2002,654.19,observed,0.041977522
TW,S2,2003,665.79,observed,0.041977522
TW,S2,2004,663.8,observed,0.041977522
TW,S2,2005,665.14,observed,0.041977522
TW,S2,2006,669.44,observed,0.041977522
TW,S2,2007,669.66,observed,0.041977522
TW,S2,2008,660.11,observed,0.041977522
TW,S2,2009,657.73,observed,0.041977522
TW,S2,2010,653.19,observed,0.041977522
TW,S2,2011,652.31,observed,0.041977522
TW,S2,2012,649.32,observed,0.041977522
TW,S2,2013,644.08,observed,0.041977522
TW,S2,2014,645.5,observed,0.041977522
TW,S2,2015,650.27,observed,0.041977522
TW,S2,2016,659.17,observed,0.041977522
TW,S2,2017,684.71,observed,0.041977522
TW,S2,2018,672.2,observed,0.041977522
TW,S2,2019,649.06,observed,0.041977522
TW,S2,2020,648.06,observed,0.041977522
TW,S2,2021,652.1,observed,0.041977522
TW,S2,2022,639.23,observed,0.041977522
TW,S2,2023,644.18,observed,0.041977522
TW,S2,2024,635.19,observed,0.041977522
TW,S2,2025,633.21,observed,0.041977522
TW,S2,2026,606.6294,pathway,0.041977522
TW,S2,2027,581.1646,pathway,0.041977522
TW,S2,2028,556.7688,pathway,0.041977522
TW,S2,2029,533.397,pathway,0.041977522
TW,S2,2030,511.0063,pathway,0.041977522
TW,S2,2031,489.5555,pathway,0.041977522
TW,S2,2032,469.0052,pathway,0.041977522
TW,S2,2033,449.3175,pathway,0.041977522
TW,S2,2034,430.4563,pathway,0.041977522
TW,S2,2035,412.3868,pathway,0.041977522
TW,S2,2036,395.0758,pathway,0.041977522
TW,S2,2037,378.4915,pathway,0.041977522
TW,S2,2038,362.6034,pathway,0.041977522
TW,S2,2039,347.3822,pathway,0.041977522
TW,S2,2040,332.7999,pathway,0.041977522
TW,S2,2041,318.8298,pathway,0.041977522
TW,S2,2042,305.4461,pathway,0.041977522
TW,S2,2043,292.6243,pathway,0.041977522
TW,S2,2044,280.3406,pathway,0.041977522
TW,S2,2045,268.5726,pathway,0.041977522
TW,S2,2046,257.2986,pathway,0.041977522
TW,S2,2047,246.4979,pathway,0.041977522
TW,S2,2048,236.1505,pathway,0.041977522
TW,S2,2049,226.2375,pathway,0.041977522
TW,S2,2050,216.7406,pathway,0.041977522
TW,S2,2051,207.6424,pathway,0.041977522
TW,S2,2052,198.926,pathway,0.041977522
TW,S2,2053,190.5756,pathway,0.041977522
TW,S2,2054,182.5757,pathway,0.041977522
TW,S2,2055,174.9116,pathway,0.041977522
TW,S2,2056,167.5693,pathway,0.041977522
TW,S2,2057,160.5351,pathway,0.041977522
TW,S2,2058,153.7963,pathway,0.041977522
TW,S2,2059,147.3403,pathway,0.041977522
TW,S2,2060,141.1553,pathway,0.041977522
TW,S2,2061,135.23,pathway,0.041977522
TW,S2,2062,129.5533,pathway,0.041977522
TW,S2,2063,124.115,pathway,0.041977522
TW,S2,2064,118.905,pathway,0.041977522
TW,S2,2065,113.9136,pathway,0.041977522
TW,S2,2066,109.1318,pathway,0.041977522
TW,S2,2067,104.5507,pathway,0.041977522
TW,S2,2068,100.162,pathway,0.041977522
TW,S2,2069,95.9574,pathway,0.041977522
TW,S2,2070,91.9294,pathway,0.041977522
TW,S2,2071,88.0704,pathway,0.041977522
TW,S2,2072,84.3734,pathway,0.041977522
TW,S2,2073,80.8316,pathway,0.041977522
TW,S2,2074,77.4385,pathway,0.041977522
TW,S2,2075,74.1878,pathway,0.041977522
TW,S2,2076,71.0736,pathway,0.041977522
TW,S2,2077,68.0901,pathway,0.041977522
TW,S2,2078,65.2319,pathway,0.041977522
TW,S2,2079,62.4936,pathway,0.041977522
TW,S2,2080,59.8703,pathway,0.041977522
TW,S2,2081,57.3571,pathway,0.041977522
TW,S2,2082,54.9494,pathway,0.041977522
TW,S2,2083,52.6427,pathway,0.041977522
TW,S2,2084,50.4329,pathway,0.041977522
TW,S2,2085,48.3159,pathway,0.041977522
TW,S2,2086,46.2877,pathway,0.041977522
TW,S2,2087,44.3446,pathway,0.041977522
TW,S2,2088,42.4832,pathway,0.041977522
TW,S2,2089,40.6998,pathway,0.041977522
TW,S2,2090,38.9913,pathway,0.041977522
TW,S2,2091,37.3546,pathway,0.041977522
TW,S2,2092,35.7865,pathway,0.041977522
TW,S2,2093,34.2843,pathway,0.041977522
TW,S2,2094,32.8451,pathway,0.041977522
TW,S2,2095,31.4664,pathway,0.041977522
TW,S2,2096,30.1455,pathway,0.041977522
TW,S2,2097,28.8801,pathway,0.041977522
TW,S2,2098,27.6677,pathway,0.041977522
TW,S2,2099,26.5063,pathway,0.041977522
TW,S2,2100,25.3937,pathway,0.041977522
TZ,S1,2000,120.0,observed,-0.003045359
TZ,S1,2001,67.14,observed,-0.003045359
TZ,S1,2002,62.28,observed,-0.003045359
TZ,S1,2003,59.04,observed,-0.003045359
TZ,S1,2004,141.76,observed,-0.003045359
TZ,S1,2005,292.35,observed,-0.003045359
TZ,S1,2006,324.79,observed,-0.003045359
TZ,S1,2007,233.49,observed,-0.003045359
TZ,S1,2008,222.47,observed,-0.003045359
TZ,S1,2009,231.25,observed,-0.003045359
TZ,S1,2010,255.16,observed,-0.003045359
TZ,S1,2011,321.08,observed,-0.003045359
TZ,S1,2012,363.32,observed,-0.003045359
TZ,S1,2013,387.31,observed,-0.003045359
TZ,S1,2014,316.29,observed,-0.003045359
TZ,S1,2015,370.6,observed,-0.003045359
TZ,S1,2016,328.45,observed,-0.003045359
TZ,S1,2017,336.63,observed,-0.003045359
TZ,S1,2018,344.73,observed,-0.003045359
TZ,S1,2019,337.19,observed,-0.003045359
TZ,S1,2020,298.85,observed,-0.003045359
TZ,S1,2021,320.23,observed,-0.003045359
TZ,S1,2022,349.27,observed,-0.003045359
TZ,S1,2023,372.75,observed,-0.003045359
TZ,S1,2024,345.02,observed,-0.003045359
TZ,S1,2025,346.0707,pathway,-0.003045359
TZ,S1,2026,347.1246,pathway,-0.003045359
TZ,S1,2027,348.1817,pathway,-0.003045359
TZ,S1,2028,349.2421,pathway,-0.003045359
TZ,S1,2029,350.3056,pathway,-0.003045359
TZ,S1,2030,351.3725,pathway,-0.003045359
TZ,S1,2031,352.4425,pathway,-0.003045359
TZ,S1,2032,353.5158,pathway,-0.003045359
TZ,S1,2033,354.5924,pathway,-0.003045359
TZ,S1,2034,355.6723,pathway,-0.003045359
TZ,S1,2035,356.7554,pathway,-0.003045359
TZ,S1,2036,357.8419,pathway,-0.003045359
TZ,S1,2037,358.9316,pathway,-0.003045359
TZ,S1,2038,360.0247,pathway,-0.003045359
TZ,S1,2039,361.1211,pathway,-0.003045359
TZ,S1,2040,362.2208,pathway,-0.003045359
TZ,S1,2041,363.3239,pathway,-0.003045359
TZ,S1,2042,364.4304,pathway,-0.003045359
TZ,S1,2043,365.5402,pathway,-0.003045359
TZ,S1,2044,366.6534,pathway,-0.003045359
TZ,S1,2045,367.77,pathway,-0.003045359
TZ,S1,2046,368.89,pathway,-0.003045359
TZ,S1,2047,370.0134,pathway,-0.003045359
TZ,S1,2048,371.1402,pathway,-0.003045359
TZ,S1,2049,372.2705,pathway,-0.003045359
TZ,S1,2050,373.4042,pathway,-0.003045359
TZ,S1,2051,374.5413,pathway,-0.003045359
TZ,S1,2052,375.6819,pathway,-0.003045359
TZ,S1,2053,376.826,pathway,-0.003045359
TZ,S1,2054,377.9736,pathway,-0.003045359
TZ,S1,2055,379.1247,pathway,-0.003045359
TZ,S1,2056,380.2792,pathway,-0.003045359
TZ,S1,2057,381.4373,pathway,-0.003045359
TZ,S1,2058,382.5989,pathway,-0.003045359
TZ,S1,2059,383.7641,pathway,-0.003045359
TZ,S1,2060,384.9328,pathway,-0.003045359
TZ,S1,2061,386.105,pathway,-0.003045359
TZ,S1,2062,387.2809,pathway,-0.003045359
TZ,S1,2063,388.4603,pathway,-0.003045359
TZ,S1,2064,389.6433,pathway,-0.003045359
TZ,S1,2065,390.8299,pathway,-0.003045359
TZ,S1,2066,392.0201,pathway,-0.003045359
TZ,S1,2067,393.2139,pathway,-0.003045359
TZ,S1,2068,394.4114,pathway,-0.003045359
TZ,S1,2069,395.6125,pathway,-0.003045359
TZ,S1,2070,396.8173,pathway,-0.003045359
TZ,S1,2071,398.0258,pathway,-0.003045359
TZ,S1,2072,399.2379,pathway,-0.003045359
TZ,S1,2073,400.4537,pathway,-0.003045359
TZ,S1,2074,401.6733,pathway,-0.003045359
TZ,S1,2075,402.8965,pathway,-0.003045359
TZ,S1,2076,404.1235,pathway,-0.003045359
TZ,S1,2077,405.3542,pathway,-0.003045359
TZ,S1,2078,406.5886,pathway,-0.003045359
TZ,S1,2079,407.8268,pathway,-0.003045359
TZ,S1,2080,409.0688,pathway,-0.003045359
TZ,S1,2081,410.3146,pathway,-0.003045359
TZ,S1,2082,411.5641,pathway,-0.003045359
TZ,S1,2083,412.8175,pathway,-0.003045359
TZ,S1,2084,414.0746,pathway,-0.003045359
TZ,S1,2085,415.3357,pathway,-0.003045359
TZ,S1,2086,416.6005,pathway,-0.003045359
TZ,S1,2087,417.8692,pathway,-0.003045359
TZ,S1,2088,419.1418,pathway,-0.003045359
TZ,S1,2089,420.4182,pathway,-0.003045359
TZ,S1,2090,421.6985,pathway,-0.003045359
TZ,S1,2091,422.9827,pathway,-0.003045359
TZ,S1,2092,424.2709,pathway,-0.003045359
TZ,S1,2093,425.5629,pathway,-0.003045359
TZ,S1,2094,426.8589,pathway,-0.003045359
TZ,S1,2095,428.1589,pathway,-0.003045359
TZ,S1,2096,429.4628,pathway,-0.003045359
TZ,S1,2097,430.7706,pathway,-0.003045359
TZ,S1,2098,432.0825,pathway,-0.003045359
TZ,S1,2099,433.3983,pathway,-0.003045359
TZ,S1,2100,434.7182,pathway,-0.003045359
UA,S1,1990,575.59,observed,0.060790455
UA,S1,1991,561.46,observed,0.060790455
UA,S1,1992,564.74,observed,0.060790455
UA,S1,1993,520.32,observed,0.060790455
UA,S1,1994,504.75,observed,0.060790455
UA,S1,1995,489.77,observed,0.060790455
UA,S1,1996,429.11,observed,0.060790455
UA,S1,1997,417.38,observed,0.060790455
UA,S1,1998,394.51,observed,0.060790455
UA,S1,1999,416.39,observed,0.060790455
UA,S1,2000,402.47,observed,0.060790455
UA,S1,2001,408.83,observed,0.060790455
UA,S1,2002,414.18,observed,0.060790455
UA,S1,2003,410.73,observed,0.060790455
UA,S1,2004,368.12,observed,0.060790455
UA,S1,2005,374.86,observed,0.060790455
UA,S1,2006,404.27,observed,0.060790455
UA,S1,2007,416.05,observed,0.060790455
UA,S1,2008,417.96,observed,0.060790455
UA,S1,2009,409.65,observed,0.060790455
UA,S1,2010,409.86,observed,0.060790455
UA,S1,2011,427.6,observed,0.060790455
UA,S1,2012,441.87,observed,0.060790455
UA,S1,2013,448.99,observed,0.060790455
UA,S1,2014,417.68,observed,0.060790455
UA,S1,2015,380.13,observed,0.060790455
UA,S1,2016,408.49,observed,0.060790455
UA,S1,2017,347.22,observed,0.060790455
UA,S1,2018,349.31,observed,0.060790455
UA,S1,2019,341.51,observed,0.060790455
UA,S1,2020,325.39,observed,0.060790455
UA,S1,2021,279.47,observed,0.060790455
UA,S1,2022,250.47,observed,0.060790455
UA,S1,2023,235.2438,pathway,0.060790455
UA,S1,2024,220.9432,pathway,0.060790455
UA,S1,2025,207.512,pathway,0.060790455
UA,S1,2026,194.8972,pathway,0.060790455
UA,S1,2027,183.0494,pathway,0.060790455
UA,S1,2028,171.9217,pathway,0.060790455
UA,S1,2029,161.4705,pathway,0.060790455
UA,S1,2030,151.6546,pathway,0.060790455
UA,S1,2031,142.4355,pathway,0.060790455
UA,S1,2032,133.7768,pathway,0.060790455
UA,S1,2033,125.6444,pathway,0.060790455
UA,S1,2034,118.0064,pathway,0.060790455
UA,S1,2035,110.8328,pathway,0.060790455
UA,S1,2036,104.0952,pathway,0.060790455
UA,S1,2037,97.7672,pathway,0.060790455
UA,S1,2038,91.8239,pathway,0.060790455
UA,S1,2039,86.2419,pathway,0.060790455
UA,S1,2040,80.9992,pathway,0.060790455
UA,S1,2041,76.0752,pathway,0.060790455
UA,S1,2042,71.4506,pathway,0.060790455
UA,S1,2043,67.1071,pathway,0.060790455
UA,S1,2044,63.0276,pathway,0.060790455
UA,S1,2045,59.1961,pathway,0.060790455
UA,S1,2046,55.5976,pathway,0.060790455
UA,S1,2047,52.2178,pathway,0.060790455
UA,S1,2048,49.0434,pathway,0.060790455
UA,S1,2049,46.062,pathway,0.060790455
UA,S1,2050,43.2619,pathway,0.060790455
UA,S1,2051,40.632,pathway,0.060790455
UA,S1,2052,38.162,pathway,0.060790455
UA,S1,2053,35.8421,pathway,0.060790455
UA,S1,2054,33.6632,pathway,0.060790455
UA,S1,2055,31.6168,pathway,0.060790455
UA,S1,2056,29.6948,pathway,0.060790455
UA,S1,2057,27.8897,pathway,0.060790455
UA,S1,2058,26.1942,pathway,0.060790455
UA,S1,2059,24.6019,pathway,0.060790455
UA,S1,2060,23.1063,pathway,0.060790455
UA,S1,2061,21.7017,pathway,0.060790455
UA,S1,2062,20.3824,pathway,0.060790455
UA,S1,2063,19.1434,pathway,0.060790455
UA,S1,2064,17.9796,pathway,0.060790455
UA,S1,2065,16.8866,pathway,0.060790455
UA,S1,2066,15.8601,pathway,0.060790455
UA,S1,2067,14.8959,pathway,0.060790455
UA,S1,2068,13.9904,pathway,0.060790455
UA,S1,2069,13.1399,pathway,0.060790455
UA,S1,2070,12.3411,pathway,0.060790455
UA,S1,2071,11.5909,pathway,0.060790455
UA,S1,2072,10.8863,pathway,0.060790455
UA,S1,2073,10.2245,pathway,0.060790455
UA,S1,2074,9.603,pathway,0.060790455
UA,S1,2075,9.0192,pathway,0.060790455
UA,S1,2076,8.4709,pathway,0.060790455
UA,S1,2077,7.956,pathway,0.060790455
UA,S1,2078,7.4723,pathway,0.060790455
UA,S1,2079,7.0181,pathway,0.060790455
UA,S1,2080,6.5914,pathway,0.060790455
UA,S1,2081,6.1907,pathway,0.060790455
UA,S1,2082,5.8144,pathway,0.060790455
UA,S1,2083,5.4609,pathway,0.060790455
UA,S1,2084,5.129,pathway,0.060790455
UA,S1,2085,4.8172,pathway,0.060790455
UA,S1,2086,4.5243,pathway,0.060790455
UA,S1,2087,4.2493,pathway,0.060790455
UA,S1,2088,3.991,pathway,0.060790455
UA,S1,2089,3.7484,pathway,0.060790455
UA,S1,2090,3.5205,pathway,0.060790455
UA,S1,2091,3.3065,pathway,0.060790455
UA,S1,2092,3.1055,pathway,0.060790455
UA,S1,2093,2.9167,pathway,0.060790455
UA,S1,2094,2.7394,pathway,0.060790455
UA,S1,2095,2.5729,pathway,0.060790455
UA,S1,2096,2.4165,pathway,0.060790455
UA,S1,2097,2.2696,pathway,0.060790455
UA,S1,2098,2.1316,pathway,0.060790455
UA,S1,2099,2.002,pathway,0.060790455
UA,S1,2100,1.8803,pathway,0.060790455
UA,S2,1990,575.59,observed,0.060790455
UA,S2,1991,561.46,observed,0.060790455
UA,S2,1992,564.74,observed,0.060790455
UA,S2,1993,520.32,observed,0.060790455
UA,S2,1994,504.75,observed,0.060790455
UA,S2,1995,489.77,observed,0.060790455
UA,S2,1996,429.11,observed,0.060790455
UA,S2,1997,417.38,observed,0.060790455
UA,S2,1998,394.51,observed,0.060790455
UA,S2,1999,416.39,observed,0.060790455
UA,S2,2000,402.47,observed,0.060790455
UA,S2,2001,408.83,observed,0.060790455
UA,S2,2002,414.18,observed,0.060790455
UA,S2,2003,410.73,observed,0.060790455
UA,S2,2004,368.12,observed,0.060790455
UA,S2,2005,374.86,observed,0.060790455
UA,S2,2006,404.27,observed,0.060790455
UA,S2,2007,416.05,observed,0.060790455
UA,S2,2008,417.96,observed,0.060790455
UA,S2,2009,409.65,observed,0.060790455
UA,S2,2010,409.86,observed,0.060790455
UA,S2,2011,427.6,observed,0.060790455
UA,S2,2012,441.87,observed,0.060790455
UA,S2,2013,448.99,observed,0.060790455
UA,S2,2014,417.68,observed,0.060790455
UA,S2,2015,380.13,observed,0.060790455
UA,S2,2016,408.49,observed,0.060790455
UA,S2,2017,347.22,observed,0.060790455
UA,S2,2018,349.31,observed,0.060790455
UA,S2,2019,341.51,observed,0.060790455
UA,S2,2020,325.39,observed,0.060790455
UA,S2,2021,279.47,observed,0.060790455
UA,S2,2022,250.47,observed,0.060790455
UA,S2,2023,235.2438,pathway,0.060790455
UA,S2,2024,220.9432,pathway,0.060790455
UA,S2,2025,207.512,pathway,0.060790455
UA,S2,2026,194.8972,pathway,0.060790455
UA,S2,2027,183.0494,pathway,0.060790455
UA,S2,2028,171.9217,pathway,0.060790455
UA,S2,2029,161.4705,pathway,0.060790455
UA,S2,2030,151.6546,pathway,0.060790455
UA,S2,2031,142.4355,pathway,0.060790455
UA,S2,2032,133.7768,pathway,0.060790455
UA,S2,2033,125.6444,pathway,0.060790455
UA,S2,2034,118.0064,pathway,0.060790455
UA,S2,2035,110.8328,pathway,0.060790455
UA,S2,2036,104.0952,pathway,0.060790455
UA,S2,2037,97.7672,pathway,0.060790455
UA,S2,2038,91.8239,pathway,0.060790455
UA,S2,2039,86.2419,pathway,0.060790455
UA,S2,2040,80.9992,pathway,0.060790455
UA,S2,2041,76.0752,pathway,0.060790455
UA,S2,2042,71.4506,pathway,0.060790455
UA,S2,2043,67.1071,pathway,0.060790455
UA,S2,2044,63.0276,pathway,0.060790455
UA,S2,2045,59.1961,pathway,0.060790455
UA,S2,2046,55.5976,pathway,0.060790455
UA,S2,2047,52.2178,pathway,0.060790455
UA,S2,2048,49.0434,pathway,0.060790455
UA,S2,2049,46.062,pathway,0.060790455
UA,S2,2050,43.2619,pathway,0.060790455
UA,S2,2051,40.632,pathway,0.060790455
UA,S2,2052,38.162,pathway,0.060790455
UA,S2,2053,35.8421,pathway,0.060790455
UA,S2,2054,33.6632,pathway,0.060790455
UA,S2,2055,31.6168,pathway,0.060790455
UA,S2,2056,29.6948,pathway,0.060790455
UA,S2,2057,27.8897,pathway,0.060790455
UA,S2,2058,26.1942,pathway,0.060790455
UA,S2,2059,24.6019,pathway,0.060790455
UA,S2,2060,23.1063,pathway,0.060790455
UA,S2,2061,21.7017,pathway,0.060790455
UA,S2,2062,20.3824,pathway,0.060790455
UA,S2,2063,19.1434,pathway,0.060790455
UA,S2,2064,17.9796,pathway,0.060790455
UA,S2,2065,16.8866,pathway,0.060790455
UA,S2,2066,15.8601,pathway,0.060790455
UA,S2,2067,14.8959,pathway,0.060790455
UA,S2,2068,13.9904,pathway,0.060790455
UA,S2,2069,13.1399,pathway,0.060790455
UA,S2,2070,12.3411,pathway,0.060790455
UA,S2,2071,11.5909,pathway,0.060790455
UA,S2,2072,10.8863,pathway,0.060790455
UA,S2,2073,10.2245,pathway,0.060790455
UA,S2,2074,9.603,pathway,0.060790455
UA,S2,2075,9.0192,pathway,0.060790455
UA,S2,2076,8.4709,pathway,0.060790455
UA,S2,2077,7.956,pathway,0.060790455
UA,S2,2078,7.4723,pathway,0.060790455
UA,S2,2079,7.0181,pathway,0.060790455
UA,S2,2080,6.5914,pathway,0.060790455
UA,S2,2081,6.1907,pathway,0.060790455
UA,S2,2082,5.8144,pathway,0.060790455
UA,S2,2083,5.4609,pathway,0.060790455
UA,S2,2084,5.129,pathway,0.060790455
UA,S2,2085,4.8172,pathway,0.060790455
UA,S2,2086,4.5243,pathway,0.060790455
UA,S2,2087,4.2493,pathway,0.060790455
UA,S2,2088,3.991,pathway,0.060790455
UA,S2,2089,3.7484,pathway,0.060790455
UA,S2,2090,3.5205,pathway,0.060790455
UA,S2,2091,3.3065,pathway,0.060790455
UA,S2,2092,3.1055,pathway,0.060790455
UA,S2,2093,2.9167,pathway,0.060790455
UA,S2,2094,2.7394,pathway,0.060790455
UA,S2,2095,2.5729,pathway,0.060790455
UA,S2,2096,2.4165,pathway,0.060790455
UA,S2,2097,2.2696,pathway,0.060790455
UA,S2,2098,2.1316,pathway,0.060790455
UA,S2,2099,2.002,pathway,0.060790455
UA,S2,2100,1.8803,pathway,0.060790455
US,S1,2000,607.52,observed,0.027782182
US,S1,2001,609.89,observed,0.027782182
US,S1,2002,600.66,observed,0.027782182
US,S1,2003,606.34,observed,0.027782182
US,S1,2004,602.44,observed,0.027782182
US,S1,2005,604.39,observed,0.027782182
US,S1,2006,595.46,observed,0.027782182
US,S1,2007,598.47,observed,0.027782182
US,S1,2008,591.33,observed,0.027782182
US,S1,2009,565.02,observed,0.027782182
US,S1,2010,570.81,observed,0.027782182
US,S1,2011,550.48,observed,0.027782182
US,S1,2012,532.77,observed,0.027782182
US,S1,2013,533.43,observed,0.027782182
US,S1,2014,529.41,observed,0.027782182
US,S1,2015,504.9,observed,0.027782182
US,S1,2016,483.35,observed,0.027782182
US,S1,2017,469.02,observed,0.027782182
US,S1,2018,462.61,observed,0.027782182
US,S1,2019,439.45,observed,0.027782182
US,S1,2020,411.73,observed,0.027782182
US,S1,2021,423.78,observed,0.027782182
US,S1,2022,410.39,observed,0.027782182
US,S1,2023,392.89,observed,0.027782182
US,S1,2024,383.78,observed,0.027782182
US,S1,2025,384.4,observed,0.027782182
US,S1,2026,373.7205,pathway,0.027782182
US,S1,2027,363.3378,pathway,0.027782182
US,S1,2028,353.2434,pathway,0.027782182
US,S1,2029,343.4296,pathway,0.027782182
US,S1,2030,333.8883,pathway,0.027782182
US,S1,2031,324.6122,pathway,0.027782182
US,S1,2032,315.5938,pathway,0.027782182
US,S1,2033,306.8259,pathway,0.027782182
US,S1,2034,298.3016,pathway,0.027782182
US,S1,2035,290.0141,pathway,0.027782182
US,S1,2036,281.9569,pathway,0.027782182
US,S1,2037,274.1235,pathway,0.027782182
US,S1,2038,266.5078,pathway,0.027782182
US,S1,2039,259.1036,pathway,0.027782182
US,S1,2040,251.9051,pathway,0.027782182
US,S1,2041,244.9067,pathway,0.027782182
US,S1,2042,238.1026,pathway,0.027782182
US,S1,2043,231.4876,pathway,0.027782182
US,S1,2044,225.0564,pathway,0.027782182
US,S1,2045,218.8038,pathway,0.027782182
US,S1,2046,212.725,pathway,0.027782182
US,S1,2047,206.815,pathway,0.027782182
US,S1,2048,201.0692,pathway,0.027782182
US,S1,2049,195.4831,pathway,0.027782182
US,S1,2050,190.0521,pathway,0.027782182
US,S1,2051,184.7721,pathway,0.027782182
US,S1,2052,179.6387,pathway,0.027782182
US,S1,2053,174.648,pathway,0.027782182
US,S1,2054,169.7959,pathway,0.027782182
US,S1,2055,165.0786,pathway,0.027782182
US,S1,2056,160.4923,pathway,0.027782182
US,S1,2057,156.0335,pathway,0.027782182
US,S1,2058,151.6985,pathway,0.027782182
US,S1,2059,147.484,pathway,0.027782182
US,S1,2060,143.3866,pathway,0.027782182
US,S1,2061,139.403,pathway,0.027782182
US,S1,2062,135.5301,pathway,0.027782182
US,S1,2063,131.7648,pathway,0.027782182
US,S1,2064,128.104,pathway,0.027782182
US,S1,2065,124.545,pathway,0.027782182
US,S1,2066,121.0849,pathway,0.027782182
US,S1,2067,117.7209,pathway,0.027782182
US,S1,2068,114.4504,pathway,0.027782182
US,S1,2069,111.2707,pathway,0.027782182
US,S1,2070,108.1793,pathway,0.027782182
US,S1,2071,105.1739,pathway,0.027782182
US,S1,2072,102.2519,pathway,0.027782182
US,S1,2073,99.4111,pathway,0.027782182
US,S1,2074,96.6493,pathway,0.027782182
US,S1,2075,93.9641,pathway,0.027782182
US,S1,2076,91.3536,pathway,0.027782182
US,S1,2077,88.8156,pathway,0.027782182
US,S1,2078,86.3481,pathway,0.027782182
US,S1,2079,83.9492,pathway,0.027782182
US,S1,2080,81.6169,pathway,0.027782182
US,S1,2081,79.3494,pathway,0.027782182
US,S1,2082,77.1449,pathway,0.027782182
US,S1,2083,75.0016,pathway,0.027782182
US,S1,2084,72.9179,pathway,0.027782182
US,S1,2085,70.8921,pathway,0.027782182
US,S1,2086,68.9226,pathway,0.027782182
US,S1,2087,67.0078,pathway,0.027782182
US,S1,2088,65.1461,pathway,0.027782182
US,S1,2089,63.3362,pathway,0.027782182
US,S1,2090,61.5766,pathway,0.027782182
US,S1,2091,59.8659,pathway,0.027782182
US,S1,2092,58.2027,pathway,0.027782182
US,S1,2093,56.5857,pathway,0.027782182
US,S1,2094,55.0136,pathway,0.027782182
US,S1,2095,53.4852,pathway,0.027782182
US,S1,2096,51.9993,pathway,0.027782182
US,S1,2097,50.5546,pathway,0.027782182
US,S1,2098,49.1501,pathway,0.027782182
US,S1,2099,47.7846,pathway,0.027782182
US,S1,2100,46.457,pathway,0.027782182
US,S2,2000,607.52,observed,0.047730554
US,S2,2001,609.89,observed,0.047730554
US,S2,2002,600.66,observed,0.047730554
US,S2,2003,606.34,observed,0.047730554
US,S2,2004,602.44,observed,0.047730554
US,S2,2005,604.39,observed,0.047730554
US,S2,2006,595.46,observed,0.047730554
US,S2,2007,598.47,observed,0.047730554
US,S2,2008,591.33,observed,0.047730554
US,S2,2009,565.02,observed,0.047730554
US,S2,2010,570.81,observed,0.047730554
US,S2,2011,550.48,observed,0.047730554
US,S2,2012,532.77,observed,0.047730554
US,S2,2013,533.43,observed,0.047730554
US,S2,2014,529.41,observed,0.047730554
US,S2,2015,504.9,observed,0.047730554
US,S2,2016,483.35,observed,0.047730554
US,S2,2017,469.02,observed,0.047730554
US,S2,2018,462.61,observed,0.047730554
US,S2,2019,439.45,observed,0.047730554
US,S2,2020,411.73,observed,0.047730554
US,S2,2021,423.78,observed,0.047730554
US,S2,2022,410.39,observed,0.047730554
US,S2,2023,392.89,observed,0.047730554
US,S2,2024,383.78,observed,0.047730554
US,S2,2025,384.4,observed,0.047730554
US,S2,2026,366.0524,pathway,0.047730554
US,S2,2027,348.5805,pathway,0.047730554
US,S2,2028,331.9426,pathway,0.047730554
US,S2,2029,316.0988,pathway,0.047730554
US,S2,2030,301.0112,pathway,0.047730554
US,S2,2031,286.6438,pathway,0.047730554
US,S2,2032,272.9621,pathway,0.047730554
US,S2,2033,259.9335,pathway,0.047730554
US,S2,2034,247.5267,pathway,0.047730554
US,S2,2035,235.7121,pathway,0.047730554
US,S2,2036,224.4614,pathway,0.047730554
US,S2,2037,213.7478,pathway,0.047730554
US,S2,2038,203.5455,pathway,0.047730554
US,S2,2039,193.8301,pathway,0.047730554
US,S2,2040,184.5785,pathway,0.047730554
US,S2,2041,175.7685,pathway,0.047730554
US,S2,2042,167.3789,pathway,0.047730554
US,S2,2043,159.3899,pathway,0.047730554
US,S2,2044,151.7821,pathway,0.047730554
US,S2,2045,144.5374,pathway,0.047730554
US,S2,2046,137.6386,pathway,0.047730554
US,S2,2047,131.069,pathway,0.047730554
US,S2,2048,124.813,pathway,0.047730554
US,S2,2049,118.8556,pathway,0.047730554
US,S2,2050,113.1826,pathway,0.047730554
US,S2,2051,107.7803,pathway,0.047730554
US,S2,2052,102.6359,pathway,0.047730554
US,S2,2053,97.737,pathway,0.047730554
US,S2,2054,93.072,pathway,0.047730554
US,S2,2055,88.6296,pathway,0.047730554
US,S2,2056,84.3993,pathway,0.047730554
US,S2,2057,80.3709,pathway,0.047730554
US,S2,2058,76.5347,pathway,0.047730554
US,S2,2059,72.8817,pathway,0.047730554
US,S2,2060,69.403,pathway,0.047730554
US,S2,2061,66.0903,pathway,0.047730554
US,S2,2062,62.9358,pathway,0.047730554
US,S2,2063,59.9318,pathway,0.047730554
US,S2,2064,57.0713,pathway,0.047730554
US,S2,2065,54.3472,pathway,0.047730554
US,S2,2066,51.7532,pathway,0.047730554
US,S2,2067,49.283,pathway,0.047730554
US,S2,2068,46.9307,pathway,0.047730554
US,S2,2069,44.6907,pathway,0.047730554
US,S2,2070,42.5576,pathway,0.047730554
US,S2,2071,40.5263,pathway,0.047730554
US,S2,2072,38.5919,pathway,0.047730554
US,S2,2073,36.7499,pathway,0.047730554
US,S2,2074,34.9958,pathway,0.047730554
US,S2,2075,33.3254,pathway,0.047730554
US,S2,2076,31.7348,pathway,0.047730554
US,S2,2077,30.2201,pathway,0.047730554
US,S2,2078,28.7777,pathway,0.047730554
US,S2,2079,27.4041,pathway,0.047730554
US,S2,2080,26.0961,pathway,0.047730554
US,S2,2081,24.8505,pathway,0.047730554
US,S2,2082,23.6644,pathway,0.047730554
US,S2,2083,22.5349,pathway,0.047730554
US,S2,2084,21.4592,pathway,0.047730554
US,S2,2085,20.435,pathway,0.047730554
US,S2,2086,19.4596,pathway,0.047730554
US,S2,2087,18.5308,pathway,0.047730554
US,S2,2088,17.6463,pathway,0.047730554
US,S2,2089,16.804,pathway,0.047730554
US,S2,2090,16.002,pathway,0.047730554
US,S2,2091,15.2382,pathway,0.047730554
US,S2,2092,14.5109,pathway,0.047730554
US,S2,2093,13.8183,pathway,0.047730554
US,S2,2094,13.1587,pathway,0.047730554
US,S2,2095,12.5306,pathway,0.047730554
US,S2,2096,11.9325,pathway,0.047730554
US,S2,2097,11.363,pathway,0.047730554
US,S2,2098,10.8206,pathway,0.047730554
US,S2,2099,10.3042,pathway,0.047730554
US,S2,2100,9.8123,pathway,0.047730554
UZ,S1,2000,1103.5,observed,0.007448171
UZ,S1,2001,1085.07,observed,0.007448171
UZ,S1,2002,1049.39,observed,0.007448171
UZ,S1,2003,997.33,observed,0.007448171
UZ,S1,2004,1057.95,observed,0.007448171
UZ,S1,2005,984.69,observed,0.007448171
UZ,S1,2006,1105.64,observed,0.007448171
UZ,S1,2007,1114.85,observed,0.007448171
UZ,S1,2008,1129.83,observed,0.007448171
UZ,S1,2009,1085.03,observed,0.007448171
UZ,S1,2010,1053.69,observed,0.007448171
UZ,S1,2011,1118.37,observed,0.007448171
UZ,S1,2012,1098.3,observed,0.007448171
UZ,S1,2013,1125.98,observed,0.007448171
UZ,S1,2014,1121.08,observed,0.007448171
UZ,S1,2015,1111.65,observed,0.007448171
UZ,S1,2016,1114.12,observed,0.007448171
UZ,S1,2017,1096.98,observed,0.007448171
UZ,S1,2018,1139.19,observed,0.007448171
UZ,S1,2019,1119.26,observed,0.007448171
UZ,S1,2020,1149.11,observed,0.007448171
UZ,S1,2021,1150.48,observed,0.007448171
UZ,S1,2022,1121.35,observed,0.007448171
UZ,S1,2023,1113.28,observed,0.007448171
UZ,S1,2024,1040.12,observed,0.007448171
UZ,S1,2025,1000.0,observed,0.007448171
UZ,S1,2026,992.5518,pathway,0.007448171
UZ,S1,2027,985.1591,pathway,0.007448171
UZ,S1,2028,977.8215,pathway,0.007448171
UZ,S1,2029,970.5385,pathway,0.007448171
UZ,S1,2030,963.3098,pathway,0.007448171
UZ,S1,2031,956.1349,pathway,0.007448171
UZ,S1,2032,949.0134,pathway,0.007448171
UZ,S1,2033,941.945,pathway,0.007448171
UZ,S1,2034,934.9292,pathway,0.007448171
UZ,S1,2035,927.9657,pathway,0.007448171
UZ,S1,2036,921.0541,pathway,0.007448171
UZ,S1,2037,914.1939,pathway,0.007448171
UZ,S1,2038,907.3848,pathway,0.007448171
UZ,S1,2039,900.6265,pathway,0.007448171
UZ,S1,2040,893.9185,pathway,0.007448171
UZ,S1,2041,887.2604,pathway,0.007448171
UZ,S1,2042,880.6519,pathway,0.007448171
UZ,S1,2043,874.0927,pathway,0.007448171
UZ,S1,2044,867.5823,pathway,0.007448171
UZ,S1,2045,861.1204,pathway,0.007448171
UZ,S1,2046,854.7066,pathway,0.007448171
UZ,S1,2047,848.3406,pathway,0.007448171
UZ,S1,2048,842.022,pathway,0.007448171
UZ,S1,2049,835.7505,pathway,0.007448171
UZ,S1,2050,829.5257,pathway,0.007448171
UZ,S1,2051,823.3473,pathway,0.007448171
UZ,S1,2052,817.2148,pathway,0.007448171
UZ,S1,2053,811.1281,pathway,0.007448171
UZ,S1,2054,805.0867,pathway,0.007448171
UZ,S1,2055,799.0902,pathway,0.007448171
UZ,S1,2056,793.1385,pathway,0.007448171
UZ,S1,2057,787.231,pathway,0.007448171
UZ,S1,2058,781.3676,pathway,0.007448171
UZ,S1,2059,775.5478,pathway,0.007448171
UZ,S1,2060,769.7714,pathway,0.007448171
UZ,S1,2061,764.038,pathway,0.007448171
UZ,S1,2062,758.3474,pathway,0.007448171
UZ,S1,2063,752.6991,pathway,0.007448171
UZ,S1,2064,747.0928,pathway,0.007448171
UZ,S1,2065,741.5283,pathway,0.007448171
UZ,S1,2066,736.0053,pathway,0.007448171
UZ,S1,2067,730.5234,pathway,0.007448171
UZ,S1,2068,725.0824,pathway,0.007448171
UZ,S1,2069,719.6818,pathway,0.007448171
UZ,S1,2070,714.3215,pathway,0.007448171
UZ,S1,2071,709.0011,pathway,0.007448171
UZ,S1,2072,703.7204,pathway,0.007448171
UZ,S1,2073,698.4789,pathway,0.007448171
UZ,S1,2074,693.2765,pathway,0.007448171
UZ,S1,2075,688.1129,pathway,0.007448171
UZ,S1,2076,682.9877,pathway,0.007448171
UZ,S1,2077,677.9007,pathway,0.007448171
UZ,S1,2078,672.8516,pathway,0.007448171
UZ,S1,2079,667.8401,pathway,0.007448171
UZ,S1,2080,662.8659,pathway,0.007448171
UZ,S1,2081,657.9287,pathway,0.007448171
UZ,S1,2082,653.0284,pathway,0.007448171
UZ,S1,2083,648.1645,pathway,0.007448171
UZ,S1,2084,643.3369,pathway,0.007448171
UZ,S1,2085,638.5452,pathway,0.007448171
UZ,S1,2086,633.7892,pathway,0.007448171
UZ,S1,2087,629.0686,pathway,0.007448171
UZ,S1,2088,624.3832,pathway,0.007448171
UZ,S1,2089,619.7327,pathway,0.007448171
UZ,S1,2090,615.1168,pathway,0.007448171
UZ,S1,2091,610.5353,pathway,0.007448171
UZ,S1,2092,605.988,pathway,0.007448171
UZ,S1,2093,601.4745,pathway,0.007448171
UZ,S1,2094,596.9946,pathway,0.007448171
UZ,S1,2095,592.5481,pathway,0.007448171
UZ,S1,2096,588.1347,pathway,0.007448171
UZ,S1,2097,583.7541,pathway,0.007448171
UZ,S1,2098,579.4062,pathway,0.007448171
UZ,S1,2099,575.0907,pathway,0.007448171
UZ,S1,2100,570.8073,pathway,0.007448171
VN,S1,2000,321.91,observed,0.004237369
VN,S1,2001,290.76,observed,0.004237369
VN,S1,2002,344.41,observed,0.004237369
VN,S1,2003,375.76,observed,0.004237369
VN,S1,2004,407.14,observed,0.004237369
VN,S1,2005,462.56,observed,0.004237369
VN,S1,2006,448.36,observed,0.004237369
VN,S1,2007,438.9,observed,0.004237369
VN,S1,2008,421.85,observed,0.004237369
VN,S1,2009,411.95,observed,0.004237369
VN,S1,2010,450.72,observed,0.004237369
VN,S1,2011,405.48,observed,0.004237369
VN,S1,2012,369.4,observed,0.004237369
VN,S1,2013,371.36,observed,0.004237369
VN,S1,2014,401.13,observed,0.004237369
VN,S1,2015,483.73,observed,0.004237369
VN,S1,2016,489.09,observed,0.004237369
VN,S1,2017,430.52,observed,0.004237369
VN,S1,2018,482.87,observed,0.004237369
VN,S1,2019,553.89,observed,0.004237369
VN,S1,2020,528.44,observed,0.004237369
VN,S1,2021,475.06,observed,0.004237369
VN,S1,2022,415.41,observed,0.004237369
VN,S1,2023,472.4,observed,0.004237369
VN,S1,2024,484.32,observed,0.004237369
VN,S1,2025,460.73,observed,0.004237369
VN,S1,2026,458.7777,pathway,0.004237369
VN,S1,2027,456.8337,pathway,0.004237369
VN,S1,2028,454.8979,pathway,0.004237369
VN,S1,2029,452.9704,pathway,0.004237369
VN,S1,2030,451.051,pathway,0.004237369
VN,S1,2031,449.1397,pathway,0.004237369
VN,S1,2032,447.2365,pathway,0.004237369
VN,S1,2033,445.3414,pathway,0.004237369
VN,S1,2034,443.4543,pathway,0.004237369
VN,S1,2035,441.5753,pathway,0.004237369
VN,S1,2036,439.7041,pathway,0.004237369
VN,S1,2037,437.841,pathway,0.004237369
VN,S1,2038,435.9857,pathway,0.004237369
VN,S1,2039,434.1382,pathway,0.004237369
VN,S1,2040,432.2986,pathway,0.004237369
VN,S1,2041,430.4668,pathway,0.004237369
VN,S1,2042,428.6428,pathway,0.004237369
VN,S1,2043,426.8265,pathway,0.004237369
VN,S1,2044,425.0178,pathway,0.004237369
VN,S1,2045,423.2169,pathway,0.004237369
VN,S1,2046,421.4235,pathway,0.004237369
VN,S1,2047,419.6378,pathway,0.004237369
VN,S1,2048,417.8597,pathway,0.004237369
VN,S1,2049,416.089,pathway,0.004237369
VN,S1,2050,414.3259,pathway,0.004237369
VN,S1,2051,412.5703,pathway,0.004237369
VN,S1,2052,410.822,pathway,0.004237369
VN,S1,2053,409.0812,pathway,0.004237369
VN,S1,2054,407.3478,pathway,0.004237369
VN,S1,2055,405.6217,pathway,0.004237369
VN,S1,2056,403.903,pathway,0.004237369
VN,S1,2057,402.1915,pathway,0.004237369
VN,S1,2058,400.4872,pathway,0.004237369
VN,S1,2059,398.7902,pathway,0.004237369
VN,S1,2060,397.1004,pathway,0.004237369
VN,S1,2061,395.4177,pathway,0.004237369
VN,S1,2062,393.7422,pathway,0.004237369
VN,S1,2063,392.0738,pathway,0.004237369
VN,S1,2064,390.4124,pathway,0.004237369
VN,S1,2065,388.7581,pathway,0.004237369
VN,S1,2066,387.1108,pathway,0.004237369
VN,S1,2067,385.4705,pathway,0.004237369
VN,S1,2068,383.8371,pathway,0.004237369
VN,S1,2069,382.2106,pathway,0.004237369
VN,S1,2070,380.5911,pathway,0.004237369
VN,S1,2071,378.9783,pathway,0.004237369
VN,S1,2072,377.3725,pathway,0.004237369
VN,S1,2073,375.7734,pathway,0.004237369
VN,S1,2074,374.1811,pathway,0.004237369
VN,S1,2075,372.5956,pathway,0.004237369
VN,S1,2076,371.0168,pathway,0.004237369
VN,S1,2077,369.4446,pathway,0.004237369
VN,S1,2078,367.8791,pathway,0.004237369
VN,S1,2079,366.3203,pathway,0.004237369
VN,S1,2080,364.7681,pathway,0.004237369
VN,S1,2081,363.2224,pathway,0.004237369
VN,S1,2082,361.6833,pathway,0.004237369
VN,S1,2083,360.1507,pathway,0.004237369
VN,S1,2084,358.6246,pathway,0.004237369
VN,S1,2085,357.105,pathway,0.004237369
VN,S1,2086,355.5918,pathway,0.004237369
VN,S1,2087,354.085,pathway,0.004237369
VN,S1,2088,352.5847,pathway,0.004237369
VN,S1,2089,351.0906,pathway,0.004237369
VN,S1,2090,349.6029,pathway,0.004237369
VN,S1,2091,348.1215,pathway,0.004237369
VN,S1,2092,346.6464,pathway,0.004237369
VN,S1,2093,345.1775,pathway,0.004237369
VN,S1,2094,343.7149,pathway,0.004237369
VN,S1,2095,342.2584,pathway,0.004237369
VN,S1,2096,340.8082,pathway,0.004237369
VN,S1,2097,339.364,pathway,0.004237369
VN,S1,2098,337.926,pathway,0.004237369
VN,S1,2099,336.4941,pathway,0.004237369
VN,S1,2100,335.0683,pathway,0.004237369
ZA,S1,2000,799.44,observed,0.011969983
ZA,S1,2001,806.27,observed,0.011969983
ZA,S1,2002,802.25,observed,0.011969983
ZA,S1,2003,807.63,observed,0.011969983
ZA,S1,2004,806.92,observed,0.011969983
ZA,S1,2005,812.68,observed,0.011969983
ZA,S1,2006,813.48,observed,0.011969983
ZA,S1,2007,810.05,observed,0.011969983
ZA,S1,2008,809.4,observed,0.011969983
ZA,S1,2009,807.9,observed,0.011969983
ZA,S1,2010,807.62,observed,0.011969983
ZA,S1,2011,803.57,observed,0.011969983
ZA,S1,2012,807.04,observed,0.011969983
ZA,S1,2013,799.69,observed,0.011969983
ZA,S1,2014,791.58,observed,0.011969983
ZA,S1,2015,790.96,observed,0.011969983
ZA,S1,2016,779.4,observed,0.011969983
ZA,S1,2017,768.91,observed,0.011969983
ZA,S1,2018,774.68,observed,0.011969983
ZA,S1,2019,764.26,observed,0.011969983
ZA,S1,2020,763.15,observed,0.011969983
ZA,S1,2021,741.51,observed,0.011969983
ZA,S1,2022,729.02,observed,0.011969983
ZA,S1,2023,714.4,observed,0.011969983
ZA,S1,2024,717.36,observed,0.011969983
ZA,S1,2025,699.29,observed,0.011969983
ZA,S1,2026,690.9195,pathway,0.011969983
ZA,S1,2027,682.6492,pathway,0.011969983
ZA,S1,2028,674.4779,pathway,0.011969983
ZA,S1,2029,666.4044,pathway,0.011969983
ZA,S1,2030,658.4276,pathway,0.011969983
ZA,S1,2031,650.5462,pathway,0.011969983
ZA,S1,2032,642.7592,pathway,0.011969983
ZA,S1,2033,635.0654,pathway,0.011969983
ZA,S1,2034,627.4636,pathway,0.011969983
ZA,S1,2035,619.9529,pathway,0.011969983
ZA,S1,2036,612.5321,pathway,0.011969983
ZA,S1,2037,605.2001,pathway,0.011969983
ZA,S1,2038,597.9559,pathway,0.011969983
ZA,S1,2039,590.7983,pathway,0.011969983
ZA,S1,2040,583.7265,pathway,0.011969983
ZA,S1,2041,576.7393,pathway,0.011969983
ZA,S1,2042,569.8357,pathway,0.011969983
ZA,S1,2043,563.0148,pathway,0.011969983
ZA,S1,2044,556.2755,pathway,0.011969983
ZA,S1,2045,549.6169,pathway,0.011969983
ZA,S1,2046,543.038,pathway,0.011969983
ZA,S1,2047,536.5379,pathway,0.011969983
ZA,S1,2048,530.1155,pathway,0.011969983
ZA,S1,2049,523.77,pathway,0.011969983
ZA,S1,2050,517.5005,pathway,0.011969983
ZA,S1,2051,511.306,pathway,0.011969983
ZA,S1,2052,505.1857,pathway,0.011969983
ZA,S1,2053,499.1387,pathway,0.011969983
ZA,S1,2054,493.164,pathway,0.011969983
ZA,S1,2055,487.2608,pathway,0.011969983
ZA,S1,2056,481.4283,pathway,0.011969983
ZA,S1,2057,475.6656,pathway,0.011969983
ZA,S1,2058,469.9719,pathway,0.011969983
ZA,S1,2059,464.3464,pathway,0.011969983
ZA,S1,2060,458.7881,pathway,0.011969983
ZA,S1,2061,453.2965,pathway,0.011969983
ZA,S1,2062,447.8705,pathway,0.011969983
ZA,S1,2063,442.5095,pathway,0.011969983
ZA,S1,2064,437.2127,pathway,0.011969983
ZA,S1,2065,431.9792,pathway,0.011969983
ZA,S1,2066,426.8085,pathway,0.011969983
ZA,S1,2067,421.6996,pathway,0.011969983
ZA,S1,2068,416.6518,pathway,0.011969983
ZA,S1,2069,411.6645,pathway,0.011969983
ZA,S1,2070,406.7369,pathway,0.011969983
ZA,S1,2071,401.8683,pathway,0.011969983
ZA,S1,2072,397.0579,pathway,0.011969983
ZA,S1,2073,392.3051,pathway,0.011969983
ZA,S1,2074,387.6092,pathway,0.011969983
ZA,S1,2075,382.9696,pathway,0.011969983
ZA,S1,2076,378.3854,pathway,0.011969983
ZA,S1,2077,373.8562,pathway,0.011969983
ZA,S1,2078,369.3811,pathway,0.011969983
ZA,S1,2079,364.9596,pathway,0.011969983
ZA,S1,2080,360.5911,pathway,0.011969983
ZA,S1,2081,356.2748,pathway,0.011969983
ZA,S1,2082,352.0102,pathway,0.011969983
ZA,S1,2083,347.7966,pathway,0.011969983
ZA,S1,2084,343.6335,pathway,0.011969983
ZA,S1,2085,339.5202,pathway,0.011969983
ZA,S1,2086,335.4562,pathway,0.011969983
ZA,S1,2087,331.4408,pathway,0.011969983
ZA,S1,2088,327.4734,pathway,0.011969983
ZA,S1,2089,323.5536,pathway,0.011969983
ZA,S1,2090,319.6806,pathway,0.011969983
ZA,S1,2091,315.8541,pathway,0.011969983
ZA,S1,2092,312.0733,pathway,0.011969983
ZA,S1,2093,308.3378,pathway,0.011969983
ZA,S1,2094,304.647,pathway,0.011969983
ZA,S1,2095,301.0004,pathway,0.011969983
ZA,S1,2096,297.3974,pathway,0.011969983
ZA,S1,2097,293.8376,pathway,0.011969983
ZA,S1,2098,290.3203,pathway,0.011969983
ZA,S1,2099,286.8452,pathway,0.011969983
ZA,S1,2100,283.4117,pathway,0.011969983
ZM,S1,2000,27.24,observed,-0.070900217
ZM,S1,2001,28.97,observed,-0.070900217
ZM,S1,2002,29.41,observed,-0.070900217
ZM,S1,2003,30.05,observed,-0.070900217
ZM,S1,2004,28.2,observed,-0.070900217
ZM,S1,2005,29.08,observed,-0.070900217
ZM,S1,2006,24.79,observed,-0.070900217
ZM,S1,2007,24.9,observed,-0.070900217
ZM,S1,2008,25.18,observed,-0.070900217
ZM,S1,2009,24.27,observed,-0.070900217
ZM,S1,2010,24.88,observed,-0.070900217
ZM,S1,2011,24.37,observed,-0.070900217
ZM,S1,2012,24.25,observed,-0.070900217
ZM,S1,2013,24.81,observed,-0.070900217
ZM,S1,2014,42.7,observed,-0.070900217
ZM,S1,2015,43.67,observed,-0.070900217
ZM,S1,2016,65.42,observed,-0.070900217
ZM,S1,2017,125.0,observed,-0.070900217
ZM,S1,2018,140.66,observed,-0.070900217
ZM,S1,2019,138.61,observed,-0.070900217
ZM,S1,2020,135.26,observed,-0.070900217
ZM,S1,2021,86.91,observed,-0.070900217
ZM,S1,2022,111.97,observed,-0.070900217
ZM,S1,2023,111.0,observed,-0.070900217
ZM,S1,2024,119.68,observed,-0.070900217
ZM,S1,2025,128.1653,pathway,-0.070900217
ZM,S1,2026,137.2523,pathway,-0.070900217
ZM,S1,2027,146.9835,pathway,-0.070900217
ZM,S1,2028,157.4047,pathway,-0.070900217
ZM,S1,2029,168.5647,pathway,-0.070900217
ZM,S1,2030,180.516,pathway,-0.070900217
ZM,S1,2031,193.3146,pathway,-0.070900217
ZM,S1,2032,207.0206,pathway,-0.070900217
ZM,S1,2033,221.6984,pathway,-0.070900217
ZM,S1,2034,237.4169,pathway,-0.070900217
ZM,S1,2035,254.2498,pathway,-0.070900217
ZM,S1,2036,272.2762,pathway,-0.070900217
ZM,S1,2037,291.5806,pathway,-0.070900217
ZM,S1,2038,312.2538,pathway,-0.070900217
ZM,S1,2039,334.3926,pathway,-0.070900217
ZM,S1,2040,358.1011,pathway,-0.070900217
ZM,S1,2041,383.4906,pathway,-0.070900217
ZM,S1,2042,410.6801,pathway,-0.070900217
ZM,S1,2043,439.7974,pathway,-0.070900217
ZM,S1,2044,470.9792,pathway,-0.070900217
ZM,S1,2045,504.3717,pathway,-0.070900217
ZM,S1,2046,540.1318,pathway,-0.070900217
ZM,S1,2047,578.4272,pathway,-0.070900217
ZM,S1,2048,619.4378,pathway,-0.070900217
ZM,S1,2049,663.3561,pathway,-0.070900217
ZM,S1,2050,710.3882,pathway,-0.070900217
ZM,S1,2051,760.7549,pathway,-0.070900217
ZM,S1,2052,814.6926,pathway,-0.070900217
ZM,S1,2053,872.4545,pathway,-0.070900217
ZM,S1,2054,934.3117,pathway,-0.070900217
ZM,S1,2055,1000.5546,pathway,-0.070900217
ZM,S1,2056,1071.4941,pathway,-0.070900217
ZM,S1,2057,1147.4633,pathway,-0.070900217
ZM,S1,2058,1228.8187,pathway,-0.070900217
ZM,S1,2059,1315.9422,pathway,-0.070900217
ZM,S1,2060,1409.2428,pathway,-0.070900217
ZM,S1,2061,1509.1584,pathway,-0.070900217
ZM,S1,2062,1616.1581,pathway,-0.070900217
ZM,S1,2063,1730.744,pathway,-0.070900217
ZM,S1,2064,1853.4541,pathway,-0.070900217
ZM,S1,2065,1984.8644,pathway,-0.070900217
ZM,S1,2066,2125.5918,pathway,-0.070900217
ZM,S1,2067,2276.2967,pathway,-0.070900217
ZM,S1,2068,2437.6866,pathway,-0.070900217
ZM,S1,2069,2610.5191,pathway,-0.070900217
ZM,S1,2070,2795.6055,pathway,-0.070900217
ZM,S1,2071,2993.8145,pathway,-0.070900217
ZM,S1,2072,3206.0766,pathway,-0.070900217
ZM,S1,2073,3433.3881,pathway,-0.070900217
ZM,S1,2074,3676.8161,pathway,-0.070900217
ZM,S1,2075,3937.5032,pathway,-0.070900217
ZM,S1,2076,4216.673,pathway,-0.070900217
ZM,S1,2077,4515.636,pathway,-0.070900217
ZM,S1,2078,4835.7956,pathway,-0.070900217
ZM,S1,2079,5178.6546,pathway,-0.070900217
ZM,S1,2080,5545.8223,pathway,-0.070900217
ZM,S1,2081,5939.0223,pathway,-0.070900217
ZM,S1,2082,6360.1003,pathway,-0.070900217
ZM,S1,2083,6811.0327,pathway,-0.070900217
ZM,S1,2084,7293.9364,pathway,-0.070900217
ZM,S1,2085,7811.0781,pathway,-0.070900217
ZM,S1,2086,8364.8853,pathway,-0.070900217
ZM,S1,2087,8957.9574,pathway,-0.070900217
ZM,S1,2088,9593.0786,pathway,-0.070900217
ZM,S1,2089,10273.2299,pathway,-0.070900217
ZM,S1,2090,11001.6041,pathway,-0.070900217
ZM,S1,2091,11781.6203,pathway,-0.070900217
ZM,S1,2092,12616.9397,pathway,-0.070900217
ZM,S1,2093,13511.4835,pathway,-0.070900217
ZM,S1,2094,14469.4506,pathway,-0.070900217
ZM,S1,2095,15495.3378,pathway,-0.070900217
ZM,S1,2096,16593.9606,pathway,-0.070900217
ZM,S1,2097,17770.476,pathway,-0.070900217
ZM,S1,2098,19030.4066,pathway,-0.070900217
ZM,S1,2099,20379.6665,pathway,-0.070900217
ZM,S1,2100,21824.5893,pathway,-0.070900217
ZM,S2,2000,27.24,observed,0.266362239
ZM,S2,2001,28.97,observed,0.266362239
ZM,S2,2002,29.41,observed,0.266362239
ZM,S2,2003,30.05,observed,0.266362239
ZM,S2,2004,28.2,observed,0.266362239
ZM,S2,2005,29.08,observed,0.266362239
ZM,S2,2006,24.79,observed,0.266362239
ZM,S2,2007,24.9,observed,0.266362239
ZM,S2,2008,25.18,observed,0.266362239
ZM,S2,2009,24.27,observed,0.266362239
ZM,S2,2010,24.88,observed,0.266362239
ZM,S2,2011,24.37,observed,0.266362239
ZM,S2,2012,24.25,observed,0.266362239
ZM,S2,2013,24.81,observed,0.266362239
ZM,S2,2014,42.7,observed,0.266362239
ZM,S2,2015,43.67,observed,0.266362239
ZM,S2,2016,65.42,observed,0.266362239
ZM,S2,2017,125.0,observed,0.266362239
ZM,S2,2018,140.66,observed,0.266362239
ZM,S2,2019,138.61,observed,0.266362239
ZM,S2,2020,135.26,observed,0.266362239
ZM,S2,2021,86.91,observed,0.266362239
ZM,S2,2022,111.97,observed,0.266362239
ZM,S2,2023,111.0,observed,0.266362239
ZM,S2,2024,119.68,observed,0.266362239
ZM,S2,2025,87.8018,pathway,0.266362239
ZM,S2,2026,64.4147,pathway,0.266362239
ZM,S2,2027,47.2571,pathway,0.266362239
ZM,S2,2028,34.6696,pathway,0.266362239
ZM,S2,2029,25.4349,pathway,0.266362239
ZM,S2,2030,18.66,pathway,0.266362239
ZM,S2,2031,13.6897,pathway,0.266362239
ZM,S2,2032,10.0433,pathway,0.266362239
ZM,S2,2033,7.3681,pathway,0.266362239
ZM,S2,2034,5.4055,pathway,0.266362239
ZM,S2,2035,3.9657,pathway,0.266362239
ZM,S2,2036,2.9094,pathway,0.266362239
ZM,S2,2037,2.1344,pathway,0.266362239
ZM,S2,2038,1.5659,pathway,0.266362239
ZM,S2,2039,1.1488,pathway,0.266362239
ZM,S2,2040,0.8428,pathway,0.266362239
ZM,S2,2041,0.6183,pathway,0.266362239
ZM,S2,2042,0.4536,pathway,0.266362239
ZM,S2,2043,0.3328,pathway,0.266362239
ZM,S2,2044,0.2441,pathway,0.266362239
ZM,S2,2045,0.1791,pathway,0.266362239
ZM,S2,2046,0.1314,pathway,0.266362239
ZM,S2,2047,0.0964,pathway,0.266362239
ZM,S2,2048,0.0707,pathway,0.266362239
ZM,S2,2049,0.0519,pathway,0.266362239
ZM,S2,2050,0.0381,pathway,0.266362239
ZM,S2,2051,0.0279,pathway,0.266362239
ZM,S2,2052,0.0205,pathway,0.266362239
ZM,S2,2053,0.015,pathway,0.266362239
ZM,S2,2054,0.011,pathway,0.266362239
ZM,S2,2055,0.0081,pathway,0.266362239
ZM,S2,2056,0.0059,pathway,0.266362239
ZM,S2,2057,0.0044,pathway,0.266362239
ZM,S2,2058,0.0032,pathway,0.266362239
ZM,S2,2059,0.0023,pathway,0.266362239
ZM,S2,2060,0.0017,pathway,0.266362239
ZM,S2,2061,0.0013,pathway,0.266362239
ZM,S2,2062,0.0009,pathway,0.266362239
ZM,S2,2063,0.0007,pathway,0.266362239
ZM,S2,2064,0.0005,pathway,0.266362239
ZM,S2,2065,0.0004,pathway,0.266362239
ZM,S2,2066,0.0003,pathway,0.266362239
ZM,S2,2067,0.0002,pathway,0.266362239
ZM,S2,2068,0.0001,pathway,0.266362239
ZM,S2,2069,0.0001,pathway,0.266362239
ZM,S2,2070,0.0001,pathway,0.266362239
ZM,S2,2071,0.0001,pathway,0.266362239
ZM,S2,2072,0.0,pathway,0.266362239
ZM,S2,2073,0.0,pathway,0.266362239
ZM,S2,2074,0.0,pathway,0.266362239
ZM,S2,2075,0.0,pathway,0.266362239
ZM,S2,2076,0.0,pathway,0.266362239
ZM,S2,2077,0.0,pathway,0.266362239
ZM,S2,2078,0.0,pathway,0.266362239
ZM,S2,2079,0.0,pathway,0.266362239
ZM,S2,2080,0.0,pathway,0.266362239
ZM,S2,2081,0.0,pathway,0.266362239
ZM,S2,2082,0.0,pathway,0.266362239
ZM,S2,2083,0.0,pathway,0.266362239
ZM,S2,2084,0.0,pathway,0.266362239
ZM,S2,2085,0.0,pathway,0.266362239
ZM,S2,2086,0.0,pathway,0.266362239
ZM,S2,2087,0.0,pathway,0.266362239
ZM,S2,2088,0.0,pathway,0.266362239
ZM,S2,2089,0.0,pathway,0.266362239
ZM,S2,2090,0.0,pathway,0.266362239
ZM,S2,2091,0.0,pathway,0.266362239
ZM,S2,2092,0.0,pathway,0.266362239
ZM,S2,2093,0.0,pathway,0.266362239
ZM,S2,2094,0.0,pathway,0.266362239
ZM,S2,2095,0.0,pathway,0.266362239
ZM,S2,2096,0.0,pathway,0.266362239
ZM,S2,2097,0.0,pathway,0.266362239
ZM,S2,2098,0.0,pathway,0.266362239
ZM,S2,2099,0.0,pathway,0.266362239
ZM,S2,2100,0.0,pathway,0.266362239
