gem_unit_id,gem_location_id,country,plant_name,unit_name,fuel_type,fuel_id,technology,status,capacity_mw,start_year,end_year,lifetime_years,lifetime_source,capacity_factor,cf_source,cf_low,cf_high,heat_rate_mj_per_kwh,heat_rate_source,ef_kgco2_per_tj,ef_basis,intensity_gco2_per_kwh,biogenic,biogenic_intensity_gco2_per_kwh,biogenic_lifetime_tco2,scenario,years_counted,years_dropped,e_prod_lifetime_tco2,e_ref_lifetime_tco2,ti_lifetime_tco2,ti_remaining_tco2,analysis_year,crossover_year,direction,layer1_tier,layer2_tier,tier,latitude,longitude,matched_companies,wiki_url
G100000811471,L100000809137,AE,Al Ajban PV solar farm,--,solar,,PV,construction,1500.0,2026,2050,25,default,0.2671,country_implied,0.2378,0.2767,,not_applicable,,not_applicable,0.0,no,0.0,0.0,S1,25,0,0.0,23284300.78,-23284300.78,-23284300.78,2026,,contribution,A,B,B,24.5696,55.2786,kowepo,https://www.gem.wiki/Al_Ajban_PV_solar_farm
G100000811471,L100000809137,AE,Al Ajban PV solar farm,--,solar,,PV,construction,1500.0,2026,2050,25,default,0.2671,country_implied,0.2378,0.2767,,not_applicable,,not_applicable,0.0,no,0.0,0.0,S2,25,0,0.0,23284300.78,-23284300.78,-23284300.78,2026,,contribution,A,B,B,24.5696,55.2786,kowepo,https://www.gem.wiki/Al_Ajban_PV_solar_farm
G100000405012,L100000405577,AE,Fujairah F2 Integrated Water and power plant,1,gas,natural_gas,combined cycle,operating,867.0,2011,2031,21,retired_year,0.3313,country_implied,0.3242,0.3969,6.5455,default,56100.0,ipcc_default,367.2,no,0.0,0.0,S1,21,0,19402898.277,29125331.996,-9722433.719,-262638.378,2026,2030,contribution,A,C,C,25.301931,56.370353,marubeni,https://www.gem.wiki/Fujairah_F2_Integrated_Water_and_power_plant
G100000405012,L100000405577,AE,Fujairah F2 Integrated Water and power plant,1,gas,natural_gas,combined cycle,operating,867.0,2011,2031,21,retired_year,0.3313,country_implied,0.3242,0.3969,6.5455,default,56100.0,ipcc_default,367.2,no,0.0,0.0,S2,21,0,19402898.277,29125331.996,-9722433.719,-262638.378,2026,2030,contribution,A,C,C,25.301931,56.370353,marubeni,https://www.gem.wiki/Fujairah_F2_Integrated_Water_and_power_plant
G100000405013,L100000405577,AE,Fujairah F2 Integrated Water and power plant,2,gas,natural_gas,combined cycle,operating,432.0,2011,2031,21,retired_year,0.3313,country_implied,0.3242,0.3969,6.5455,default,56100.0,ipcc_default,367.2,no,0.0,0.0,S1,21,0,9667880.103,14512276.149,-4844396.039,-130864.798,2026,2030,contribution,A,C,C,25.301931,56.370353,marubeni,https://www.gem.wiki/Fujairah_F2_Integrated_Water_and_power_plant
G100000405013,L100000405577,AE,Fujairah F2 Integrated Water and power plant,2,gas,natural_gas,combined cycle,operating,432.0,2011,2031,21,retired_year,0.3313,country_implied,0.3242,0.3969,6.5455,default,56100.0,ipcc_default,367.2,no,0.0,0.0,S2,21,0,9667880.103,14512276.149,-4844396.039,-130864.798,2026,2030,contribution,A,C,C,25.301931,56.370353,marubeni,https://www.gem.wiki/Fujairah_F2_Integrated_Water_and_power_plant
G100000405014,L100000405577,AE,Fujairah F2 Integrated Water and power plant,3,gas,natural_gas,combined cycle,operating,867.0,2011,2031,21,retired_year,0.3313,country_implied,0.3242,0.3969,6.5455,default,56100.0,ipcc_default,367.2,no,0.0,0.0,S1,21,0,19402898.277,29125331.996,-9722433.719,-262638.378,2026,2030,contribution,A,C,C,25.301931,56.370353,marubeni,https://www.gem.wiki/Fujairah_F2_Integrated_Water_and_power_plant
G100000405014,L100000405577,AE,Fujairah F2 Integrated Water and power plant,3,gas,natural_gas,combined cycle,operating,867.0,2011,2031,21,retired_year,0.3313,country_implied,0.3242,0.3969,6.5455,default,56100.0,ipcc_default,367.2,no,0.0,0.0,S2,21,0,19402898.277,29125331.996,-9722433.719,-262638.378,2026,2030,contribution,A,C,C,25.301931,56.370353,marubeni,https://www.gem.wiki/Fujairah_F2_Integrated_Water_and_power_plant
G100000405015,L100000405578,AE,Fujairah F3 Integrated Water and power plant,1,gas,natural_gas,combined cycle,operating,2400.0,2025,2054,30,default,0.3313,country_implied,0.3242,0.3969,6.5455,default,56100.0,ipcc_default,367.2,no,0.0,0.0,S1,30,0,76729207.23,53045820.784,23683386.434,24241865.151,2026,2030,liability,A,C,C,25.301931,56.370353,marubeni,https://www.gem.wiki/Fujairah_F3_Integrated_Water_and_power_plant
G100000405015,L100000405578,AE,Fujairah F3 Integrated Water and power plant,1,gas,natural_gas,combined cycle,operating,2400.0,2025,2054,30,default,0.3313,country_implied,0.3242,0.3969,6.5455,default,56100.0,ipcc_default,367.2,no,0.0,0.0,S2,30,0,76729207.23,53045820.784,23683386.434,24241865.151,2026,2030,liability,A,C,C,25.301931,56.370353,marubeni,https://www.gem.wiki/Fujairah_F3_Integrated_Water_and_power_plant
G100000405045,L100000405579,AE,Hamriyah IPP power station,1,gas,natural_gas,combined cycle,operating,600.0,2021,2050,30,default,0.3313,country_implied,0.3242,0.3969,6.5455,default,56100.0,ipcc_default,367.2,no,0.0,0.0,S1,30,0,19182301.8,16014423.717,3167878.087,4432890.816,2026,2030,liability,A,C,C,25.459488,55.478473,sumitomo_corp;shikoku,https://www.gem.wiki/Hamriyah_IPP_power_station
G100000405045,L100000405579,AE,Hamriyah IPP power station,1,gas,natural_gas,combined cycle,operating,600.0,2021,2050,30,default,0.3313,country_implied,0.3242,0.3969,6.5455,default,56100.0,ipcc_default,367.2,no,0.0,0.0,S2,30,0,19182301.8,16014423.717,3167878.087,4432890.816,2026,2030,liability,A,C,C,25.459488,55.478473,sumitomo_corp;shikoku,https://www.gem.wiki/Hamriyah_IPP_power_station
G100000405046,L100000405579,AE,Hamriyah IPP power station,2,gas,natural_gas,combined cycle,operating,600.0,2023,2052,30,default,0.3313,country_implied,0.3242,0.3969,6.5455,default,56100.0,ipcc_default,367.2,no,0.0,0.0,S1,30,0,19182301.8,14473386.964,4708914.84,5226225.265,2026,2030,liability,A,C,C,25.459488,55.478473,sumitomo_corp;shikoku,https://www.gem.wiki/Hamriyah_IPP_power_station
G100000405046,L100000405579,AE,Hamriyah IPP power station,2,gas,natural_gas,combined cycle,operating,600.0,2023,2052,30,default,0.3313,country_implied,0.3242,0.3969,6.5455,default,56100.0,ipcc_default,367.2,no,0.0,0.0,S2,30,0,19182301.8,14473386.964,4708914.84,5226225.265,2026,2030,liability,A,C,C,25.459488,55.478473,sumitomo_corp;shikoku,https://www.gem.wiki/Hamriyah_IPP_power_station
G100000405047,L100000405579,AE,Hamriyah IPP power station,3,gas,natural_gas,combined cycle,operating,600.0,2023,2052,30,default,0.3313,country_implied,0.3242,0.3969,6.5455,default,56100.0,ipcc_default,367.2,no,0.0,0.0,S1,30,0,19182301.8,14473386.964,4708914.84,5226225.265,2026,2030,liability,A,C,C,25.459488,55.478473,sumitomo_corp;shikoku,https://www.gem.wiki/Hamriyah_IPP_power_station
G100000405047,L100000405579,AE,Hamriyah IPP power station,3,gas,natural_gas,combined cycle,operating,600.0,2023,2052,30,default,0.3313,country_implied,0.3242,0.3969,6.5455,default,56100.0,ipcc_default,367.2,no,0.0,0.0,S2,30,0,19182301.8,14473386.964,4708914.84,5226225.265,2026,2030,liability,A,C,C,25.459488,55.478473,sumitomo_corp;shikoku,https://www.gem.wiki/Hamriyah_IPP_power_station
G100000405038,L100000405588,AE,Mirfa Independent Water and Power Project,CC,gas,natural_gas,combined cycle,operating,1337.0,2017,2042,26,retired_year,0.3313,country_implied,0.3242,0.3969,6.5455,default,56100.0,ipcc_default,367.2,no,0.0,0.0,S1,26,0,37045287.526,40550418.472,-3505130.953,3897992.52,2026,2030,contribution,A,C,C,24.121,53.447,sojitz,https://www.gem.wiki/Mirfa_Independent_Water_and_Power_Project
G100000405038,L100000405588,AE,Mirfa Independent Water and Power Project,CC,gas,natural_gas,combined cycle,operating,1337.0,2017,2042,26,retired_year,0.3313,country_implied,0.3242,0.3969,6.5455,default,56100.0,ipcc_default,367.2,no,0.0,0.0,S2,26,0,37045287.526,40550418.472,-3505130.953,3897992.52,2026,2030,contribution,A,C,C,24.121,53.447,sojitz,https://www.gem.wiki/Mirfa_Independent_Water_and_Power_Project
G100000405039,L100000405588,AE,Mirfa Independent Water and Power Project,1,gas,natural_gas,gas turbine,operating,90.0,2017,2042,26,retired_year,0.3313,country_implied,0.3242,0.3969,10.0,default,56100.0,ipcc_default,561.0,no,0.0,0.0,S1,26,0,3809818.272,2729646.72,1080171.555,1122932.287,2026,2022,liability,A,C,C,24.121,53.447,sojitz,https://www.gem.wiki/Mirfa_Independent_Water_and_Power_Project
G100000405039,L100000405588,AE,Mirfa Independent Water and Power Project,1,gas,natural_gas,gas turbine,operating,90.0,2017,2042,26,retired_year,0.3313,country_implied,0.3242,0.3969,10.0,default,56100.0,ipcc_default,561.0,no,0.0,0.0,S2,26,0,3809818.272,2729646.72,1080171.555,1122932.287,2026,2022,liability,A,C,C,24.121,53.447,sojitz,https://www.gem.wiki/Mirfa_Independent_Water_and_Power_Project
G100000405040,L100000405588,AE,Mirfa Independent Water and Power Project,2,gas,natural_gas,gas turbine,operating,90.0,2017,2042,26,retired_year,0.3313,country_implied,0.3242,0.3969,10.0,default,56100.0,ipcc_default,561.0,no,0.0,0.0,S1,26,0,3809818.272,2729646.72,1080171.555,1122932.287,2026,2022,liability,A,C,C,24.121,53.447,sojitz,https://www.gem.wiki/Mirfa_Independent_Water_and_Power_Project
G100000405040,L100000405588,AE,Mirfa Independent Water and Power Project,2,gas,natural_gas,gas turbine,operating,90.0,2017,2042,26,retired_year,0.3313,country_implied,0.3242,0.3969,10.0,default,56100.0,ipcc_default,561.0,no,0.0,0.0,S2,26,0,3809818.272,2729646.72,1080171.555,1122932.287,2026,2022,liability,A,C,C,24.121,53.447,sojitz,https://www.gem.wiki/Mirfa_Independent_Water_and_Power_Project
G100000405041,L100000405588,AE,Mirfa Independent Water and Power Project,3,gas,natural_gas,gas turbine,operating,90.0,2017,2042,26,retired_year,0.3313,country_implied,0.3242,0.3969,10.0,default,56100.0,ipcc_default,561.0,no,0.0,0.0,S1,26,0,3809818.272,2729646.72,1080171.555,1122932.287,2026,2022,liability,A,C,C,24.121,53.447,sojitz,https://www.gem.wiki/Mirfa_Independent_Water_and_Power_Project
G100000405041,L100000405588,AE,Mirfa Independent Water and Power Project,3,gas,natural_gas,gas turbine,operating,90.0,2017,2042,26,retired_year,0.3313,country_implied,0.3242,0.3969,10.0,default,56100.0,ipcc_default,561.0,no,0.0,0.0,S2,26,0,3809818.272,2729646.72,1080171.555,1122932.287,2026,2022,liability,A,C,C,24.121,53.447,sojitz,https://www.gem.wiki/Mirfa_Independent_Water_and_Power_Project
G100000405042,L100000405588,AE,Mirfa Independent Water and Power Project,4,gas,natural_gas,gas turbine,operating,90.0,2017,2042,26,retired_year,0.3313,country_implied,0.3242,0.3969,10.0,default,56100.0,ipcc_default,561.0,no,0.0,0.0,S1,26,0,3809818.272,2729646.72,1080171.555,1122932.287,2026,2022,liability,A,C,C,24.121,53.447,sojitz,https://www.gem.wiki/Mirfa_Independent_Water_and_Power_Project
G100000405042,L100000405588,AE,Mirfa Independent Water and Power Project,4,gas,natural_gas,gas turbine,operating,90.0,2017,2042,26,retired_year,0.3313,country_implied,0.3242,0.3969,10.0,default,56100.0,ipcc_default,561.0,no,0.0,0.0,S2,26,0,3809818.272,2729646.72,1080171.555,1122932.287,2026,2022,liability,A,C,C,24.121,53.447,sojitz,https://www.gem.wiki/Mirfa_Independent_Water_and_Power_Project
G100000804694,L100000804102,AE,Noor Abu Dhabi solar farm,--,solar,,PV,operating,1177.0,2019,2043,25,default,0.2671,country_implied,0.2378,0.2767,,not_applicable,,not_applicable,0.0,no,0.0,0.0,S1,25,0,0.0,25635511.596,-25635511.596,-14982581.681,2026,,contribution,A,B,B,24.5361,55.4321,marubeni,https://www.gem.wiki/Noor_Abu_Dhabi_solar_farm
G100000804694,L100000804102,AE,Noor Abu Dhabi solar farm,--,solar,,PV,operating,1177.0,2019,2043,25,default,0.2671,country_implied,0.2378,0.2767,,not_applicable,,not_applicable,0.0,no,0.0,0.0,S2,25,0,0.0,25635511.596,-25635511.596,-14982581.681,2026,,contribution,A,B,B,24.5361,55.4321,marubeni,https://www.gem.wiki/Noor_Abu_Dhabi_solar_farm
G100000405048,L100000405592,AE,Shuweihat S1 power plant,1,gas,natural_gas,combined cycle,operating,1615.0,2004,2025,22,retired_year,0.3313,country_implied,0.3242,0.3969,6.5455,default,56100.0,ipcc_default,367.2,no,0.0,0.0,S1,22,0,37863732.39,65640456.148,-27776723.753,0,2026,,contribution,A,C,C,24.165085,52.569724,sumitomo_corp,https://www.gem.wiki/Shuweihat_S1_power_plant
G100000405048,L100000405592,AE,Shuweihat S1 power plant,1,gas,natural_gas,combined cycle,operating,1615.0,2004,2025,22,retired_year,0.3313,country_implied,0.3242,0.3969,6.5455,default,56100.0,ipcc_default,367.2,no,0.0,0.0,S2,22,0,37863732.39,65640456.148,-27776723.753,0,2026,,contribution,A,C,C,24.165085,52.569724,sumitomo_corp,https://www.gem.wiki/Shuweihat_S1_power_plant
G100000405049,L100000405593,AE,Shuweihat S2 power plant,1,gas,natural_gas,combined cycle,operating,820.5,2011,2036,26,retired_year,0.3313,country_implied,0.3242,0.3969,6.5455,default,56100.0,ipcc_default,367.2,no,0.0,0.0,S1,26,0,22734224.682,31154690.335,-8420465.645,531970.427,2026,2030,contribution,A,C,C,24.156936,52.569199,marubeni;osaka_gas,https://www.gem.wiki/Shuweihat_S2_power_plant
G100000405049,L100000405593,AE,Shuweihat S2 power plant,1,gas,natural_gas,combined cycle,operating,820.5,2011,2036,26,retired_year,0.3313,country_implied,0.3242,0.3969,6.5455,default,56100.0,ipcc_default,367.2,no,0.0,0.0,S2,26,0,22734224.682,31154690.335,-8420465.645,531970.427,2026,2030,contribution,A,C,C,24.156936,52.569199,marubeni;osaka_gas,https://www.gem.wiki/Shuweihat_S2_power_plant
G100000405050,L100000405593,AE,Shuweihat S2 power plant,2,gas,natural_gas,combined cycle,operating,820.5,2012,2036,25,retired_year,0.3313,country_implied,0.3242,0.3969,6.5455,default,56100.0,ipcc_default,367.2,no,0.0,0.0,S1,25,0,21859831.425,29543563.609,-7683732.176,531970.427,2026,2030,contribution,A,C,C,24.156936,52.569199,marubeni;osaka_gas,https://www.gem.wiki/Shuweihat_S2_power_plant
G100000405050,L100000405593,AE,Shuweihat S2 power plant,2,gas,natural_gas,combined cycle,operating,820.5,2012,2036,25,retired_year,0.3313,country_implied,0.3242,0.3969,6.5455,default,56100.0,ipcc_default,367.2,no,0.0,0.0,S2,25,0,21859831.425,29543563.609,-7683732.176,531970.427,2026,2030,contribution,A,C,C,24.156936,52.569199,marubeni;osaka_gas,https://www.gem.wiki/Shuweihat_S2_power_plant
G100000405051,L100000405594,AE,Shuweihat S3 power plant,1,gas,natural_gas,combined cycle,operating,823.5,2014,2039,26,retired_year,0.3313,country_implied,0.3242,0.3969,6.5455,default,56100.0,ipcc_default,367.2,no,0.0,0.0,S1,26,0,22817348.008,28229923.025,-5412575.027,1355387.802,2026,2030,contribution,A,C,C,24.1535,52.566208,kepco;sumitomo_corp,https://www.gem.wiki/Shuweihat_S3_power_plant
G100000405051,L100000405594,AE,Shuweihat S3 power plant,1,gas,natural_gas,combined cycle,operating,823.5,2014,2039,26,retired_year,0.3313,country_implied,0.3242,0.3969,6.5455,default,56100.0,ipcc_default,367.2,no,0.0,0.0,S2,26,0,22817348.008,28229923.025,-5412575.027,1355387.802,2026,2030,contribution,A,C,C,24.1535,52.566208,kepco;sumitomo_corp,https://www.gem.wiki/Shuweihat_S3_power_plant
G100000405052,L100000405594,AE,Shuweihat S3 power plant,2,gas,natural_gas,combined cycle,operating,823.5,2014,2039,26,retired_year,0.3313,country_implied,0.3242,0.3969,6.5455,default,56100.0,ipcc_default,367.2,no,0.0,0.0,S1,26,0,22817348.008,28229923.025,-5412575.027,1355387.802,2026,2030,contribution,A,C,C,24.1535,52.566208,kepco;sumitomo_corp,https://www.gem.wiki/Shuweihat_S3_power_plant
G100000405052,L100000405594,AE,Shuweihat S3 power plant,2,gas,natural_gas,combined cycle,operating,823.5,2014,2039,26,retired_year,0.3313,country_implied,0.3242,0.3969,6.5455,default,56100.0,ipcc_default,367.2,no,0.0,0.0,S2,26,0,22817348.008,28229923.025,-5412575.027,1355387.802,2026,2030,contribution,A,C,C,24.1535,52.566208,kepco;sumitomo_corp,https://www.gem.wiki/Shuweihat_S3_power_plant
G100000405055,L100000405597,AE,Taweelah B Power and Desalination Station,Initial B EXT,gas,natural_gas,combined cycle,operating,337.9,2001,2030,30,default,0.3313,country_implied,0.3242,0.3969,6.5455,default,56100.0,ipcc_default,367.2,no,0.0,0.0,S1,30,0,10802832.96,17650536.276,-6847703.311,-125547.63,2026,2030,contribution,A,C,C,24.76581,54.686594,marubeni;kyushu,https://www.gem.wiki/Taweelah_B_Power_and_Desalination_Station
G100000405055,L100000405597,AE,Taweelah B Power and Desalination Station,Initial B EXT,gas,natural_gas,combined cycle,operating,337.9,2001,2030,30,default,0.3313,country_implied,0.3242,0.3969,6.5455,default,56100.0,ipcc_default,367.2,no,0.0,0.0,S2,30,0,10802832.96,17650536.276,-6847703.311,-125547.63,2026,2030,contribution,A,C,C,24.76581,54.686594,marubeni;kyushu,https://www.gem.wiki/Taweelah_B_Power_and_Desalination_Station
G100000405056,L100000405597,AE,Taweelah B Power and Desalination Station,ST11,gas,natural_gas,steam turbine,operating,146.0,1997,2026,30,default,0.3313,country_implied,0.3242,0.3969,9.4737,default,56100.0,ipcc_default,531.474,no,0.0,0.0,S1,27,3,6080284.872,7262419.434,-1182134.56,43793.813,2026,2023,contribution,A,C,C,24.76581,54.686594,marubeni;kyushu,https://www.gem.wiki/Taweelah_B_Power_and_Desalination_Station
G100000405056,L100000405597,AE,Taweelah B Power and Desalination Station,ST11,gas,natural_gas,steam turbine,operating,146.0,1997,2026,30,default,0.3313,country_implied,0.3242,0.3969,9.4737,default,56100.0,ipcc_default,531.474,no,0.0,0.0,S2,27,3,6080284.872,7262419.434,-1182134.56,43793.813,2026,2023,contribution,A,C,C,24.76581,54.686594,marubeni;kyushu,https://www.gem.wiki/Taweelah_B_Power_and_Desalination_Station
G100000405057,L100000405597,AE,Taweelah B Power and Desalination Station,ST21,gas,natural_gas,steam turbine,operating,146.0,1997,2026,30,default,0.3313,country_implied,0.3242,0.3969,9.4737,default,56100.0,ipcc_default,531.474,no,0.0,0.0,S1,27,3,6080284.872,7262419.434,-1182134.56,43793.813,2026,2023,contribution,A,C,C,24.76581,54.686594,marubeni;kyushu,https://www.gem.wiki/Taweelah_B_Power_and_Desalination_Station
G100000405057,L100000405597,AE,Taweelah B Power and Desalination Station,ST21,gas,natural_gas,steam turbine,operating,146.0,1997,2026,30,default,0.3313,country_implied,0.3242,0.3969,9.4737,default,56100.0,ipcc_default,531.474,no,0.0,0.0,S2,27,3,6080284.872,7262419.434,-1182134.56,43793.813,2026,2023,contribution,A,C,C,24.76581,54.686594,marubeni;kyushu,https://www.gem.wiki/Taweelah_B_Power_and_Desalination_Station
G100000405058,L100000405597,AE,Taweelah B Power and Desalination Station,ST31,gas,natural_gas,steam turbine,operating,146.0,1997,2026,30,default,0.3313,country_implied,0.3242,0.3969,9.4737,default,56100.0,ipcc_default,531.474,no,0.0,0.0,S1,27,3,6080284.872,7262419.434,-1182134.56,43793.813,2026,2023,contribution,A,C,C,24.76581,54.686594,marubeni;kyushu,https://www.gem.wiki/Taweelah_B_Power_and_Desalination_Station
G100000405058,L100000405597,AE,Taweelah B Power and Desalination Station,ST31,gas,natural_gas,steam turbine,operating,146.0,1997,2026,30,default,0.3313,country_implied,0.3242,0.3969,9.4737,default,56100.0,ipcc_default,531.474,no,0.0,0.0,S2,27,3,6080284.872,7262419.434,-1182134.56,43793.813,2026,2023,contribution,A,C,C,24.76581,54.686594,marubeni;kyushu,https://www.gem.wiki/Taweelah_B_Power_and_Desalination_Station
G100000405059,L100000405597,AE,Taweelah B Power and Desalination Station,ST41,gas,natural_gas,steam turbine,operating,146.0,1997,2026,30,default,0.3313,country_implied,0.3242,0.3969,9.4737,default,56100.0,ipcc_default,531.474,no,0.0,0.0,S1,27,3,6080284.872,7262419.434,-1182134.56,43793.813,2026,2023,contribution,A,C,C,24.76581,54.686594,marubeni;kyushu,https://www.gem.wiki/Taweelah_B_Power_and_Desalination_Station
G100000405059,L100000405597,AE,Taweelah B Power and Desalination Station,ST41,gas,natural_gas,steam turbine,operating,146.0,1997,2026,30,default,0.3313,country_implied,0.3242,0.3969,9.4737,default,56100.0,ipcc_default,531.474,no,0.0,0.0,S2,27,3,6080284.872,7262419.434,-1182134.56,43793.813,2026,2023,contribution,A,C,C,24.76581,54.686594,marubeni;kyushu,https://www.gem.wiki/Taweelah_B_Power_and_Desalination_Station
G100000405060,L100000405597,AE,Taweelah B Power and Desalination Station,ST51,gas,natural_gas,steam turbine,operating,146.0,1997,2026,30,default,0.3313,country_implied,0.3242,0.3969,9.4737,default,56100.0,ipcc_default,531.474,no,0.0,0.0,S1,27,3,6080284.872,7262419.434,-1182134.56,43793.813,2026,2023,contribution,A,C,C,24.76581,54.686594,marubeni;kyushu,https://www.gem.wiki/Taweelah_B_Power_and_Desalination_Station
G100000405060,L100000405597,AE,Taweelah B Power and Desalination Station,ST51,gas,natural_gas,steam turbine,operating,146.0,1997,2026,30,default,0.3313,country_implied,0.3242,0.3969,9.4737,default,56100.0,ipcc_default,531.474,no,0.0,0.0,S2,27,3,6080284.872,7262419.434,-1182134.56,43793.813,2026,2023,contribution,A,C,C,24.76581,54.686594,marubeni;kyushu,https://www.gem.wiki/Taweelah_B_Power_and_Desalination_Station
G100000405061,L100000405597,AE,Taweelah B Power and Desalination Station,ST61,gas,natural_gas,steam turbine,operating,146.0,1997,2026,30,default,0.3313,country_implied,0.3242,0.3969,9.4737,default,56100.0,ipcc_default,531.474,no,0.0,0.0,S1,27,3,6080284.872,7262419.434,-1182134.56,43793.813,2026,2023,contribution,A,C,C,24.76581,54.686594,marubeni;kyushu,https://www.gem.wiki/Taweelah_B_Power_and_Desalination_Station
G100000405061,L100000405597,AE,Taweelah B Power and Desalination Station,ST61,gas,natural_gas,steam turbine,operating,146.0,1997,2026,30,default,0.3313,country_implied,0.3242,0.3969,9.4737,default,56100.0,ipcc_default,531.474,no,0.0,0.0,S2,27,3,6080284.872,7262419.434,-1182134.56,43793.813,2026,2023,contribution,A,C,C,24.76581,54.686594,marubeni;kyushu,https://www.gem.wiki/Taweelah_B_Power_and_Desalination_Station
G100000405062,L100000405597,AE,Taweelah B Power and Desalination Station,New B EXT,gas,natural_gas,combined cycle,operating,1041.0,2008,2037,30,default,0.3313,country_implied,0.3242,0.3969,6.5455,default,56100.0,ipcc_default,367.2,no,0.0,0.0,S1,30,0,33281293.62,46457295.544,-13176001.912,987251.086,2026,2030,contribution,A,C,C,24.76581,54.686594,marubeni;kyushu,https://www.gem.wiki/Taweelah_B_Power_and_Desalination_Station
G100000405062,L100000405597,AE,Taweelah B Power and Desalination Station,New B EXT,gas,natural_gas,combined cycle,operating,1041.0,2008,2037,30,default,0.3313,country_implied,0.3242,0.3969,6.5455,default,56100.0,ipcc_default,367.2,no,0.0,0.0,S2,30,0,33281293.62,46457295.544,-13176001.912,987251.086,2026,2030,contribution,A,C,C,24.76581,54.686594,marubeni;kyushu,https://www.gem.wiki/Taweelah_B_Power_and_Desalination_Station
G100000410458,L100000405598,AE,Umm Al Nar West and East Integrated Water and power plant,CC1,gas,natural_gas,combined cycle,operating,1706.0,2007,2027,21,retired_year,0.3313,country_implied,0.3242,0.3969,6.5455,default,56100.0,ipcc_default,367.2,no,0.0,0.0,S1,21,0,38179174.698,63434573.485,-25255398.796,-511960.988,2026,,contribution,A,C,C,24.434804,54.487617,jera,https://www.gem.wiki/Umm_Al_Nar_West_and_East_Integrated_Water_and_power_plant
G100000410458,L100000405598,AE,Umm Al Nar West and East Integrated Water and power plant,CC1,gas,natural_gas,combined cycle,operating,1706.0,2007,2027,21,retired_year,0.3313,country_implied,0.3242,0.3969,6.5455,default,56100.0,ipcc_default,367.2,no,0.0,0.0,S2,21,0,38179174.698,63434573.485,-25255398.796,-511960.988,2026,,contribution,A,C,C,24.434804,54.487617,jera,https://www.gem.wiki/Umm_Al_Nar_West_and_East_Integrated_Water_and_power_plant
G100000407060,L100000406735,AO,Lobito power station,1-1,gas,natural_gas,combined cycle,pre-construction,375.0,2027,2056,30,default,0.222,country_implied,0.2204,0.2648,6.5455,default,56100.0,ipcc_default,367.2,no,0.0,0.0,S1,30,0,8033638.32,1881432.586,6152205.734,6152205.734,2026,2027,liability,A,C,C,-12.366489,13.532781,kepco;kospo;hyundai_ec;hyundai_engineering,https://www.gem.wiki/Lobito_power_station
G100000407060,L100000406735,AO,Lobito power station,1-1,gas,natural_gas,combined cycle,pre-construction,375.0,2027,2056,30,default,0.222,country_implied,0.2204,0.2648,6.5455,default,56100.0,ipcc_default,367.2,no,0.0,0.0,S2,30,0,8033638.32,1881432.586,6152205.734,6152205.734,2026,2027,liability,A,C,C,-12.366489,13.532781,kepco;kospo;hyundai_ec;hyundai_engineering,https://www.gem.wiki/Lobito_power_station
G100000407061,L100000406735,AO,Lobito power station,1-2,gas,natural_gas,combined cycle,pre-construction,375.0,2029,2058,30,default,0.222,country_implied,0.2204,0.2648,6.5455,default,56100.0,ipcc_default,367.2,no,0.0,0.0,S1,30,0,8033638.32,1706049.422,6327588.898,6327588.898,2026,2029,liability,A,C,C,-12.366489,13.532781,kepco;kospo;hyundai_ec;hyundai_engineering,https://www.gem.wiki/Lobito_power_station
G100000407061,L100000406735,AO,Lobito power station,1-2,gas,natural_gas,combined cycle,pre-construction,375.0,2029,2058,30,default,0.222,country_implied,0.2204,0.2648,6.5455,default,56100.0,ipcc_default,367.2,no,0.0,0.0,S2,30,0,8033638.32,1706049.422,6327588.898,6327588.898,2026,2029,liability,A,C,C,-12.366489,13.532781,kepco;kospo;hyundai_ec;hyundai_engineering,https://www.gem.wiki/Lobito_power_station
G100000907500,L100000905494,AR,Los Hercules wind farm,--,wind,,Onshore,operating,97.0,2021,2045,25,default,0.4723,country_implied,0.4273,0.4883,,not_applicable,,not_applicable,0.0,no,0.0,0.0,S1,25,0,0.0,2911275.697,-2911275.697,-2172275.961,2026,,contribution,A,B,B,-46.6343,-68.3925,mitsui,https://www.gem.wiki/Los_Hercules_wind_farm
G100000907500,L100000905494,AR,Los Hercules wind farm,--,wind,,Onshore,operating,97.0,2021,2045,25,default,0.4723,country_implied,0.4273,0.4883,,not_applicable,,not_applicable,0.0,no,0.0,0.0,S2,25,0,0.0,2911275.697,-2911275.697,-2172275.961,2026,,contribution,A,B,B,-46.6343,-68.3925,mitsui,https://www.gem.wiki/Los_Hercules_wind_farm
G100000409774,L100000407540,AU,Barrow Island LNG power station,5,gas,natural_gas,gas turbine,operating,118.0,2015,2044,30,default,0.2131,country_implied,0.2131,0.232,10.0,default,56100.0,ipcc_default,561.0,no,0.0,0.0,S1,30,0,3707265.42,3112996.03,594269.382,772830.492,2026,2023,liability,A,C,C,-20.77708,115.461583,osaka_gas,https://www.gem.wiki/Barrow_Island_LNG_power_station
G100000409774,L100000407540,AU,Barrow Island LNG power station,5,gas,natural_gas,gas turbine,operating,118.0,2015,2044,30,default,0.2131,country_implied,0.2131,0.232,10.0,default,56100.0,ipcc_default,561.0,no,0.0,0.0,S2,30,0,3707265.42,2856599.175,850666.233,1029227.343,2026,2023,liability,A,C,C,-20.77708,115.461583,osaka_gas,https://www.gem.wiki/Barrow_Island_LNG_power_station
G100000409775,L100000407540,AU,Barrow Island LNG power station,4,gas,natural_gas,gas turbine,operating,118.0,2015,2044,30,default,0.2131,country_implied,0.2131,0.232,10.0,default,56100.0,ipcc_default,561.0,no,0.0,0.0,S1,30,0,3707265.42,3112996.03,594269.382,772830.492,2026,2023,liability,A,C,C,-20.77708,115.461583,osaka_gas,https://www.gem.wiki/Barrow_Island_LNG_power_station
G100000409775,L100000407540,AU,Barrow Island LNG power station,4,gas,natural_gas,gas turbine,operating,118.0,2015,2044,30,default,0.2131,country_implied,0.2131,0.232,10.0,default,56100.0,ipcc_default,561.0,no,0.0,0.0,S2,30,0,3707265.42,2856599.175,850666.233,1029227.343,2026,2023,liability,A,C,C,-20.77708,115.461583,osaka_gas,https://www.gem.wiki/Barrow_Island_LNG_power_station
G100000409776,L100000407540,AU,Barrow Island LNG power station,3,gas,natural_gas,gas turbine,operating,118.0,2015,2044,30,default,0.2131,country_implied,0.2131,0.232,10.0,default,56100.0,ipcc_default,561.0,no,0.0,0.0,S1,30,0,3707265.42,3112996.03,594269.382,772830.492,2026,2023,liability,A,C,C,-20.77708,115.461583,osaka_gas,https://www.gem.wiki/Barrow_Island_LNG_power_station
G100000409776,L100000407540,AU,Barrow Island LNG power station,3,gas,natural_gas,gas turbine,operating,118.0,2015,2044,30,default,0.2131,country_implied,0.2131,0.232,10.0,default,56100.0,ipcc_default,561.0,no,0.0,0.0,S2,30,0,3707265.42,2856599.175,850666.233,1029227.343,2026,2023,liability,A,C,C,-20.77708,115.461583,osaka_gas,https://www.gem.wiki/Barrow_Island_LNG_power_station
G100000409777,L100000407540,AU,Barrow Island LNG power station,2,gas,natural_gas,gas turbine,operating,118.0,2015,2044,30,default,0.2131,country_implied,0.2131,0.232,10.0,default,56100.0,ipcc_default,561.0,no,0.0,0.0,S1,30,0,3707265.42,3112996.03,594269.382,772830.492,2026,2023,liability,A,C,C,-20.77708,115.461583,osaka_gas,https://www.gem.wiki/Barrow_Island_LNG_power_station
G100000409777,L100000407540,AU,Barrow Island LNG power station,2,gas,natural_gas,gas turbine,operating,118.0,2015,2044,30,default,0.2131,country_implied,0.2131,0.232,10.0,default,56100.0,ipcc_default,561.0,no,0.0,0.0,S2,30,0,3707265.42,2856599.175,850666.233,1029227.343,2026,2023,liability,A,C,C,-20.77708,115.461583,osaka_gas,https://www.gem.wiki/Barrow_Island_LNG_power_station
G100000409778,L100000407540,AU,Barrow Island LNG power station,1,gas,natural_gas,gas turbine,operating,118.0,2015,2044,30,default,0.2131,country_implied,0.2131,0.232,10.0,default,56100.0,ipcc_default,561.0,no,0.0,0.0,S1,30,0,3707265.42,3112996.03,594269.382,772830.492,2026,2023,liability,A,C,C,-20.77708,115.461583,osaka_gas,https://www.gem.wiki/Barrow_Island_LNG_power_station
G100000409778,L100000407540,AU,Barrow Island LNG power station,1,gas,natural_gas,gas turbine,operating,118.0,2015,2044,30,default,0.2131,country_implied,0.2131,0.232,10.0,default,56100.0,ipcc_default,561.0,no,0.0,0.0,S2,30,0,3707265.42,2856599.175,850666.233,1029227.343,2026,2023,liability,A,C,C,-20.77708,115.461583,osaka_gas,https://www.gem.wiki/Barrow_Island_LNG_power_station
G100000100962,L100000100038,AU,Bluewaters power station,Unit 1,coal,sub_bituminous,subcritical,operating,233.0,2009,2048,40,default,0.617,country_implied,0.6045,0.6367,10.2857,default,96100.0,ipcc_default,988.457,no,0.0,0.0,S1,40,0,49792396.2,24729332.618,25063063.577,18382707.889,2026,2009,liability,A,C,C,-33.332186,116.228023,sumitomo_corp;kansai,https://www.gem.wiki/Bluewaters_power_station
G100000100962,L100000100038,AU,Bluewaters power station,Unit 1,coal,sub_bituminous,subcritical,operating,233.0,2009,2048,40,default,0.617,country_implied,0.6045,0.6367,10.2857,default,96100.0,ipcc_default,988.457,no,0.0,0.0,S2,40,0,49792396.2,22820888.038,26971508.156,20291152.468,2026,2009,liability,A,C,C,-33.332186,116.228023,sumitomo_corp;kansai,https://www.gem.wiki/Bluewaters_power_station
G100000100963,L100000100038,AU,Bluewaters power station,Unit 2,coal,sub_bituminous,subcritical,operating,233.0,2009,2048,40,default,0.617,country_implied,0.6045,0.6367,10.2857,default,96100.0,ipcc_default,988.457,no,0.0,0.0,S1,40,0,49792396.2,24729332.618,25063063.577,18382707.889,2026,2009,liability,A,C,C,-33.332186,116.228023,sumitomo_corp;kansai,https://www.gem.wiki/Bluewaters_power_station
G100000100963,L100000100038,AU,Bluewaters power station,Unit 2,coal,sub_bituminous,subcritical,operating,233.0,2009,2048,40,default,0.617,country_implied,0.6045,0.6367,10.2857,default,96100.0,ipcc_default,988.457,no,0.0,0.0,S2,40,0,49792396.2,22820888.038,26971508.156,20291152.468,2026,2009,liability,A,C,C,-33.332186,116.228023,sumitomo_corp;kansai,https://www.gem.wiki/Bluewaters_power_station
G100000927827,L100000922306,AU,Collinsville Green Energy Hub wind farm,--,wind,,Onshore,announced,1500.0,2031,2055,25,default,0.2743,country_implied,0.2402,0.2897,,not_applicable,,not_applicable,0.0,no,0.0,0.0,S1,25,0,0.0,25941623.038,-25941623.038,-25941623.038,2026,,contribution,A,B,B,-20.5428,147.7806,hanwha_energy,https://www.gem.wiki/Collinsville_Green_Energy_Hub_wind_farm
G100000927827,L100000922306,AU,Collinsville Green Energy Hub wind farm,--,wind,,Onshore,announced,1500.0,2031,2055,25,default,0.2743,country_implied,0.2402,0.2897,,not_applicable,,not_applicable,0.0,no,0.0,0.0,S2,25,0,0.0,18798235.638,-18798235.638,-18798235.638,2026,,contribution,A,B,B,-20.5428,147.7806,hanwha_energy,https://www.gem.wiki/Collinsville_Green_Energy_Hub_wind_farm
G100000908242,L100000906041,AU,Coonooer Bridge wind farm,--,wind,,Onshore,operating,20.0,2016,2040,25,default,0.2743,country_implied,0.2402,0.2897,,not_applicable,,not_applicable,0.0,no,0.0,0.0,S1,25,0,0.0,589492.51,-589492.51,-289042.221,2026,,contribution,A,B,B,-36.4288,143.3604,toyota_tsusho,https://www.gem.wiki/Coonooer_Bridge_wind_farm
G100000908242,L100000906041,AU,Coonooer Bridge wind farm,--,wind,,Onshore,operating,20.0,2016,2040,25,default,0.2743,country_implied,0.2402,0.2897,,not_applicable,,not_applicable,0.0,no,0.0,0.0,S2,25,0,0.0,549987.776,-549987.776,-249537.487,2026,,contribution,A,B,B,-36.4288,143.3604,toyota_tsusho,https://www.gem.wiki/Coonooer_Bridge_wind_farm
G100000401509,L100000405112,AU,Dry Creek GT power station,1,gas,natural_gas,gas turbine,operating,52.0,1973,2030,58,retired_year,0.2131,country_implied,0.2131,0.232,10.0,default,56100.0,ipcc_default,561.0,no,0.0,0.0,S1,31,27,1688167.186,2040318.125,-352150.938,42627.411,2026,2023,contribution,A,C,C,-34.847484,138.577433,mitsui,https://www.gem.wiki/Dry_Creek_GT_power_station
G100000401509,L100000405112,AU,Dry Creek GT power station,1,gas,natural_gas,gas turbine,operating,52.0,1973,2030,58,retired_year,0.2131,country_implied,0.2131,0.232,10.0,default,56100.0,ipcc_default,561.0,no,0.0,0.0,S2,31,27,1688167.186,2027003.533,-338836.346,55942.003,2026,2023,contribution,A,C,C,-34.847484,138.577433,mitsui,https://www.gem.wiki/Dry_Creek_GT_power_station
G100000401510,L100000405112,AU,Dry Creek GT power station,2,gas,natural_gas,gas turbine,operating,52.0,1973,2030,58,retired_year,0.2131,country_implied,0.2131,0.232,10.0,default,56100.0,ipcc_default,561.0,no,0.0,0.0,S1,31,27,1688167.186,2040318.125,-352150.938,42627.411,2026,2023,contribution,A,C,C,-34.847484,138.577433,mitsui,https://www.gem.wiki/Dry_Creek_GT_power_station
G100000401510,L100000405112,AU,Dry Creek GT power station,2,gas,natural_gas,gas turbine,operating,52.0,1973,2030,58,retired_year,0.2131,country_implied,0.2131,0.232,10.0,default,56100.0,ipcc_default,561.0,no,0.0,0.0,S2,31,27,1688167.186,2027003.533,-338836.346,55942.003,2026,2023,contribution,A,C,C,-34.847484,138.577433,mitsui,https://www.gem.wiki/Dry_Creek_GT_power_station
G100000401511,L100000405112,AU,Dry Creek GT power station,3,gas,natural_gas,gas turbine,operating,52.0,1973,2030,58,retired_year,0.2131,country_implied,0.2131,0.232,10.0,default,56100.0,ipcc_default,561.0,no,0.0,0.0,S1,31,27,1688167.186,2040318.125,-352150.938,42627.411,2026,2023,contribution,A,C,C,-34.847484,138.577433,mitsui,https://www.gem.wiki/Dry_Creek_GT_power_station
G100000401511,L100000405112,AU,Dry Creek GT power station,3,gas,natural_gas,gas turbine,operating,52.0,1973,2030,58,retired_year,0.2131,country_implied,0.2131,0.232,10.0,default,56100.0,ipcc_default,561.0,no,0.0,0.0,S2,31,27,1688167.186,2027003.533,-338836.346,55942.003,2026,2023,contribution,A,C,C,-34.847484,138.577433,mitsui,https://www.gem.wiki/Dry_Creek_GT_power_station
G100000806494,L100000805648,AU,Edenvale Solar Park,--,solar,,PV,operating,204.0,2024,2048,25,default,0.1568,country_implied,0.1459,0.1675,,not_applicable,,not_applicable,0.0,no,0.0,0.0,S1,25,0,0.0,2582536.189,-2582536.189,-2280189.093,2026,,contribution,A,B,B,-26.932,150.5819,sojitz,https://www.gem.wiki/Edenvale_Solar_Park
G100000806494,L100000805648,AU,Edenvale Solar Park,--,solar,,PV,operating,204.0,2024,2048,25,default,0.1568,country_implied,0.1459,0.1675,,not_applicable,,not_applicable,0.0,no,0.0,0.0,S2,25,0,0.0,2157902.258,-2157902.258,-1855555.162,2026,,contribution,A,B,B,-26.932,150.5819,sojitz,https://www.gem.wiki/Edenvale_Solar_Park
G100000409789,L100000407546,AU,Ichthys LNG power station,1,gas,natural_gas,combined cycle,operating,490.0,2017,2046,30,default,0.2131,country_implied,0.2131,0.232,6.5455,default,56100.0,ipcc_default,367.2,no,0.0,0.0,S1,30,0,10076450.22,12073969.528,-1997519.322,45577.915,2026,2036,contribution,A,C,C,-12.513898,130.918349,tokyo_gas,https://www.gem.wiki/Ichthys_LNG_power_station
G100000409789,L100000407546,AU,Ichthys LNG power station,1,gas,natural_gas,combined cycle,operating,490.0,2017,2046,30,default,0.2131,country_implied,0.2131,0.232,6.5455,default,56100.0,ipcc_default,367.2,no,0.0,0.0,S2,30,0,10076450.22,10848835.727,-772385.519,1270711.718,2026,2032,contribution,A,C,C,-12.513898,130.918349,tokyo_gas,https://www.gem.wiki/Ichthys_LNG_power_station
G100000831054,L100000827547,AU,Kennedy Energy Park solar farm,1,solar,,PV,operating,15.0,2024,2048,25,default,0.1568,country_implied,0.1459,0.1675,,not_applicable,,not_applicable,0.0,no,0.0,0.0,S1,25,0,0.0,189892.365,-189892.365,-167660.961,2026,,contribution,A,B,B,-20.875,144.4209,toyota_tsusho,https://www.gem.wiki/Kennedy_Energy_Park_solar_farm
G100000831054,L100000827547,AU,Kennedy Energy Park solar farm,1,solar,,PV,operating,15.0,2024,2048,25,default,0.1568,country_implied,0.1459,0.1675,,not_applicable,,not_applicable,0.0,no,0.0,0.0,S2,25,0,0.0,158669.284,-158669.284,-136437.88,2026,,contribution,A,B,B,-20.875,144.4209,toyota_tsusho,https://www.gem.wiki/Kennedy_Energy_Park_solar_farm
G100000908243,L100000906042,AU,Kennedy Energy Park wind farm,1,wind,,Onshore,operating,43.0,2024,2048,25,default,0.2743,country_implied,0.2402,0.2897,,not_applicable,,not_applicable,0.0,no,0.0,0.0,S1,25,0,0.0,952279.539,-952279.539,-840792.639,2026,,contribution,A,B,B,-20.924,144.378,toyota_tsusho,https://www.gem.wiki/Kennedy_Energy_Park_wind_farm
G100000908243,L100000906042,AU,Kennedy Energy Park wind farm,1,wind,,Onshore,operating,43.0,2024,2048,25,default,0.2743,country_implied,0.2402,0.2897,,not_applicable,,not_applicable,0.0,no,0.0,0.0,S2,25,0,0.0,795700.824,-795700.824,-684213.924,2026,,contribution,A,B,B,-20.924,144.378,toyota_tsusho,https://www.gem.wiki/Kennedy_Energy_Park_wind_farm
G100000908250,L100000906049,AU,Kidston Renewable Energy Hub wind farm,3,wind,,Onshore,pre-construction,258.0,2026,2050,25,default,0.2743,country_implied,0.2402,0.2897,,not_applicable,,not_applicable,0.0,no,0.0,0.0,S1,25,0,0.0,5319871.236,-5319871.236,-5319871.236,2026,,contribution,A,B,B,-27.4714,153.0294,jpower,https://www.gem.wiki/Kidston_Renewable_Energy_Hub_wind_farm
G100000908250,L100000906049,AU,Kidston Renewable Energy Hub wind farm,3,wind,,Onshore,pre-construction,258.0,2026,2050,25,default,0.2743,country_implied,0.2402,0.2897,,not_applicable,,not_applicable,0.0,no,0.0,0.0,S2,25,0,0.0,4271693.394,-4271693.394,-4271693.394,2026,,contribution,A,B,B,-27.4714,153.0294,jpower,https://www.gem.wiki/Kidston_Renewable_Energy_Hub_wind_farm
G100000409792,L100000407607,AU,Kwinana Refinery cogeneration power station,1,gas,natural_gas,combined cycle,operating,119.0,1998,2027,30,default,0.2131,country_implied,0.2131,0.232,6.5455,default,56100.0,ipcc_default,367.2,no,0.0,0.0,S1,28,2,2283995.392,4365001.208,-2081005.821,-58231.752,2026,,contribution,A,C,C,-32.2226,115.7662,mitsui,https://www.gem.wiki/Kwinana_Refinery_cogeneration_power_station
G100000409792,L100000407607,AU,Kwinana Refinery cogeneration power station,1,gas,natural_gas,combined cycle,operating,119.0,1998,2027,30,default,0.2131,country_implied,0.2131,0.232,6.5455,default,56100.0,ipcc_default,367.2,no,0.0,0.0,S2,28,2,2283995.392,4358338.133,-2074342.747,-51568.678,2026,,contribution,A,C,C,-32.2226,115.7662,mitsui,https://www.gem.wiki/Kwinana_Refinery_cogeneration_power_station
G100000401527,L100000405122,AU,Mintaro GT power station,1,gas,natural_gas,gas turbine,operating,90.0,1990,2030,41,retired_year,0.2131,country_implied,0.2131,0.232,10.0,default,56100.0,ipcc_default,561.0,no,0.0,0.0,S1,31,10,2921827.81,3531319.831,-609492.006,73778.211,2026,2023,contribution,A,C,C,-33.9032,138.7382,mitsui,https://www.gem.wiki/Mintaro_GT_power_station
G100000401527,L100000405122,AU,Mintaro GT power station,1,gas,natural_gas,gas turbine,operating,90.0,1990,2030,41,retired_year,0.2131,country_implied,0.2131,0.232,10.0,default,56100.0,ipcc_default,561.0,no,0.0,0.0,S2,31,10,2921827.81,3508275.345,-586447.518,96822.699,2026,2023,contribution,A,C,C,-33.9032,138.7382,mitsui,https://www.gem.wiki/Mintaro_GT_power_station
G100000401536,L100000405128,AU,Pelican Point power station,1,gas,natural_gas,combined cycle,operating,171.0,2001,2037,37,retired_year,0.2131,country_implied,0.2131,0.232,6.5455,default,56100.0,ipcc_default,367.2,no,0.0,0.0,S1,37,0,4336986.413,7309437.867,-2972451.442,-205841.374,2026,2036,contribution,A,C,C,-34.765425,138.503177,mitsui,https://www.gem.wiki/Pelican_Point_power_station
G100000401536,L100000405128,AU,Pelican Point power station,1,gas,natural_gas,combined cycle,operating,171.0,2001,2037,37,retired_year,0.2131,country_implied,0.2131,0.232,6.5455,default,56100.0,ipcc_default,367.2,no,0.0,0.0,S2,37,0,4336986.413,7123700.797,-2786714.373,-20104.305,2026,2032,contribution,A,C,C,-34.765425,138.503177,mitsui,https://www.gem.wiki/Pelican_Point_power_station
G100001018523,L100000405128,AU,Pelican Point power station,2,gas,natural_gas,combined cycle,operating,358.0,2001,2037,37,retired_year,0.2131,country_implied,0.2131,0.232,6.5455,default,56100.0,ipcc_default,367.2,no,0.0,0.0,S1,37,0,9079772.768,15302799.743,-6223026.998,-430942.761,2026,2036,contribution,A,C,C,-34.765425,138.503177,mitsui,https://www.gem.wiki/Pelican_Point_power_station
G100001018523,L100000405128,AU,Pelican Point power station,2,gas,natural_gas,combined cycle,operating,358.0,2001,2037,37,retired_year,0.2131,country_implied,0.2131,0.232,6.5455,default,56100.0,ipcc_default,367.2,no,0.0,0.0,S2,37,0,9079772.768,14913946.7,-5834173.953,-42089.716,2026,2032,contribution,A,C,C,-34.765425,138.503177,mitsui,https://www.gem.wiki/Pelican_Point_power_station
G100001050978,L100001045308,AU,Romani solar farm,--,solar,,PV,pre-construction,250.0,2028,2052,25,default,0.1568,country_implied,0.1459,0.1675,,not_applicable,,not_applicable,0.0,no,0.0,0.0,S1,25,0,0.0,2746575.0,-2746575.0,-2746575.0,2026,,contribution,A,B,B,-34.8772,144.584,samsung_ct,https://www.gem.wiki/Samsung_Romani_solar_farm
G100001050978,L100001045308,AU,Romani solar farm,--,solar,,PV,pre-construction,250.0,2028,2052,25,default,0.1568,country_implied,0.1459,0.1675,,not_applicable,,not_applicable,0.0,no,0.0,0.0,S2,25,0,0.0,2116697.578,-2116697.578,-2116697.578,2026,,contribution,A,B,B,-34.8772,144.584,samsung_ct,https://www.gem.wiki/Samsung_Romani_solar_farm
G100000106718,L100000100069,BD,Matarbari power station,Phase I Unit 1,coal,sub_bituminous,ultra-supercritical,operating,600.0,2023,2062,40,default,0.3449,country_implied,0.2267,0.3841,8.3721,default,96100.0,ipcc_default,804.558,no,0.0,0.0,S1,40,0,58339939.6,53395298.717,4944640.875,4329878.028,2026,2023,liability,A,C,C,21.70184,91.8834,,https://www.gem.wiki/Matarbari_power_station
G100000106719,L100000100069,BD,Matarbari power station,Phase I Unit 2,coal,sub_bituminous,ultra-supercritical,operating,600.0,2024,2063,40,default,0.3449,country_implied,0.2267,0.3841,8.3721,default,96100.0,ipcc_default,804.558,no,0.0,0.0,S1,40,0,58339939.6,53582039.925,4757899.667,4364004.317,2026,2024,liability,A,C,C,21.70184,91.8834,,https://www.gem.wiki/Matarbari_power_station
G100000400848,L100000406357,BD,Reliance Meghnaghat power station,1,gas,natural_gas,combined cycle,mothballed,750.0,2025,2054,30,default,0.5815,country_implied,0.5815,0.7021,6.5455,default,56100.0,ipcc_default,367.2,no,0.0,0.0,S1,30,0,42086132.28,83590519.674,-41504387.394,-40247725.131,2026,,contribution,A,C,C,23.607983,90.596336,jera,https://www.gem.wiki/Reliance_Meghnaghat_power_station
G100000919680,L100000915931,BE,Belwind Offshore Wind Project,1,wind,,Offshore hard mount,operating,165.0,2010,2034,25,default,0.2613,country_implied,0.2613,0.3234,,not_applicable,,not_applicable,0.0,no,0.0,0.0,S1,25,0,0.0,1452513.224,-1452513.224,-429373.701,2026,,contribution,A,B,B,51.6484,2.8349,sumitomo_corp,https://www.gem.wiki/Belwind_Offshore_Wind_Project
G100000919680,L100000915931,BE,Belwind Offshore Wind Project,1,wind,,Offshore hard mount,operating,165.0,2010,2034,25,default,0.2613,country_implied,0.2613,0.3234,,not_applicable,,not_applicable,0.0,no,0.0,0.0,S2,25,0,0.0,1336410.025,-1336410.025,-313270.502,2026,,contribution,A,B,B,51.6484,2.8349,sumitomo_corp,https://www.gem.wiki/Belwind_Offshore_Wind_Project
G100000919685,L100000915935,BE,Nobelwind Offshore Wind Project,--,wind,,Offshore hard mount,operating,165.0,2017,2041,25,default,0.2613,country_implied,0.2613,0.3234,,not_applicable,,not_applicable,0.0,no,0.0,0.0,S1,25,0,0.0,1192195.847,-1192195.847,-681485.314,2026,,contribution,A,B,B,51.6455,2.8389,sumitomo_corp,https://www.gem.wiki/Nobelwind_Offshore_Wind_Project
G100000919685,L100000915935,BE,Nobelwind Offshore Wind Project,--,wind,,Offshore hard mount,operating,165.0,2017,2041,25,default,0.2613,country_implied,0.2613,0.3234,,not_applicable,,not_applicable,0.0,no,0.0,0.0,S2,25,0,0.0,928176.907,-928176.907,-417466.374,2026,,contribution,A,B,B,51.6455,2.8389,sumitomo_corp,https://www.gem.wiki/Nobelwind_Offshore_Wind_Project
G100000919772,L100000916008,BE,The Northwester 2 Offshore Wind Project,--,wind,,Offshore hard mount,operating,219.0,2020,2044,25,default,0.2613,country_implied,0.2613,0.3234,,not_applicable,,not_applicable,0.0,no,0.0,0.0,S1,25,0,0.0,1450413.49,-1450413.49,-1024694.339,2026,,contribution,A,B,B,51.686,2.757,sumitomo_corp,https://www.gem.wiki/The_Northwester_2_Offshore_Wind_Project
G100000919772,L100000916008,BE,The Northwester 2 Offshore Wind Project,--,wind,,Offshore hard mount,operating,219.0,2020,2044,25,default,0.2613,country_implied,0.2613,0.3234,,not_applicable,,not_applicable,0.0,no,0.0,0.0,S2,25,0,0.0,1014349.754,-1014349.754,-588630.603,2026,,contribution,A,B,B,51.686,2.757,sumitomo_corp,https://www.gem.wiki/The_Northwester_2_Offshore_Wind_Project
G100000806851,L100000805950,BG,ASM PV solar farm,--,solar,,PV,operating,21.0,2012,2036,25,default,0.1335,country_implied,0.1321,0.1374,,not_applicable,,not_applicable,0.0,no,0.0,0.0,S1,25,0,0.0,201692.607,-201692.607,-53874.032,2026,,contribution,A,B,B,43.125,25.5455,koen,https://www.gem.wiki/ASM_PV_solar_farm
G100000806851,L100000805950,BG,ASM PV solar farm,--,solar,,PV,operating,21.0,2012,2036,25,default,0.1335,country_implied,0.1321,0.1374,,not_applicable,,not_applicable,0.0,no,0.0,0.0,S2,25,0,0.0,189399.113,-189399.113,-41580.538,2026,,contribution,A,B,B,43.125,25.5455,koen,https://www.gem.wiki/ASM_PV_solar_farm
G100000917135,L100000913791,BG,Kaliakra Cape wind farm,--,wind,,Onshore,operating,35.0,2008,2032,25,default,0.2122,country_implied,0.2122,0.2577,,not_applicable,,not_applicable,0.0,no,0.0,0.0,S1,25,0,0.0,634036.125,-634036.125,-100731.14,2026,,contribution,A,B,B,43.3917,28.4497,mhi,https://www.gem.wiki/Kaliakra_Cape_wind_farm
G100000917135,L100000913791,BG,Kaliakra Cape wind farm,--,wind,,Onshore,operating,35.0,2008,2032,25,default,0.2122,country_implied,0.2122,0.2577,,not_applicable,,not_applicable,0.0,no,0.0,0.0,S2,25,0,0.0,617172.972,-617172.972,-83867.987,2026,,contribution,A,B,B,43.3917,28.4497,mhi,https://www.gem.wiki/Kaliakra_Cape_wind_farm
G100000806840,L100000805942,BG,PES PV solar farm,--,solar,,PV,operating,21.0,2012,2036,25,default,0.1335,country_implied,0.1321,0.1374,,not_applicable,,not_applicable,0.0,no,0.0,0.0,S1,25,0,0.0,201692.607,-201692.607,-53874.032,2026,,contribution,A,B,B,43.0214,25.8943,koen,https://www.gem.wiki/PES_PV_solar_farm
G100000806840,L100000805942,BG,PES PV solar farm,--,solar,,PV,operating,21.0,2012,2036,25,default,0.1335,country_implied,0.1321,0.1374,,not_applicable,,not_applicable,0.0,no,0.0,0.0,S2,25,0,0.0,189399.113,-189399.113,-41580.538,2026,,contribution,A,B,B,43.0214,25.8943,koen,https://www.gem.wiki/PES_PV_solar_farm
G100000404589,L100000405457,BH,Al Hidd Power and Water Station,1,gas,natural_gas,combined cycle,operating,987.0,2003,2032,30,default,0.4656,country_implied,0.4656,0.5446,6.5455,default,56100.0,ipcc_default,367.2,no,0.0,0.0,S1,30,0,44346378.33,109061621.872,-64715243.545,-15037757.458,2026,,contribution,A,C,C,26.2223,50.6621,sumitomo_corp,https://www.gem.wiki/Al_Hidd_Power_and_Water_Station
G100000404586,L100000405454,BH,Al-Dur Power and Water Station,2-1,gas,natural_gas,combined cycle,operating,750.0,2022,2051,30,default,0.4656,country_implied,0.4656,0.5446,6.5455,default,56100.0,ipcc_default,367.2,no,0.0,0.0,S1,30,0,33697855.86,82478533.095,-48780677.225,-42232169.466,2026,,contribution,A,C,C,25.969278,50.608007,mitsui,https://www.gem.wiki/Al-Dur_Power_and_Water_Station
G100000411179,L100000405454,BH,Al-Dur Power and Water Station,2-2,gas,natural_gas,combined cycle,operating,750.0,2022,2051,30,default,0.4656,country_implied,0.4656,0.5446,6.5455,default,56100.0,ipcc_default,367.2,no,0.0,0.0,S1,30,0,33697855.86,82478533.095,-48780677.225,-42232169.466,2026,,contribution,A,C,C,25.969278,50.608007,mitsui,https://www.gem.wiki/Al-Dur_Power_and_Water_Station
G100001095198,L100001083914,BN,Lumut Cogen power station,1,gas,natural_gas,gas turbine,operating,246.0,1987,2016,30,default,0.4406,country_implied,0.4406,0.5154,10.0,default,56100.0,ipcc_default,561.0,no,0.0,0.0,S1,17,13,9055146.662,14574693.884,-5519547.224,0,2026,,contribution,A,C,C,4.6654,114.4646,mitsubishi_corp,https://www.gem.wiki/Lumut_Cogen_power_station
G100000600287,L100000600287,BR,Jirau hydroelectric plant,,hydro,,run-of-river,operating,3750.0,2013,2072,60,default,0.4023,country_implied,0.3786,0.4442,,not_applicable,,not_applicable,0.0,no,0.0,0.0,S1,60,0,0.0,47616815.559,-47616815.559,-23155880.5,2026,,contribution,A,B,B,-9.2675,-64.6461,mitsui,https://www.gem.wiki/Jirau_hydroelectric_plant
G100000600287,L100000600287,BR,Jirau hydroelectric plant,,hydro,,run-of-river,operating,3750.0,2013,2072,60,default,0.4023,country_implied,0.3786,0.4442,,not_applicable,,not_applicable,0.0,no,0.0,0.0,S2,60,0,0.0,38184324.191,-38184324.191,-13723389.132,2026,,contribution,A,B,B,-9.2675,-64.6461,mitsui,https://www.gem.wiki/Jirau_hydroelectric_plant
G100000406788,L100000406512,BR,Marlim Azul power station,1,gas,natural_gas,combined cycle,operating,565.0,2023,2052,30,default,0.3219,country_implied,0.2479,0.5805,6.5455,default,56100.0,ipcc_default,367.2,no,0.0,0.0,S1,30,0,17550821.85,2849306.782,14701515.067,13443945.15,2026,2023,liability,A,C,C,-22.35944,-41.874453,mitsubishi_corp,https://www.gem.wiki/Marlim_Azul_power_station
G100000406788,L100000406512,BR,Marlim Azul power station,1,gas,natural_gas,combined cycle,operating,565.0,2023,2052,30,default,0.3219,country_implied,0.2479,0.5805,6.5455,default,56100.0,ipcc_default,367.2,no,0.0,0.0,S2,30,0,17550821.85,2054360.82,15496461.029,14238891.112,2026,2023,liability,A,C,C,-22.35944,-41.874453,mitsubishi_corp,https://www.gem.wiki/Marlim_Azul_power_station
G100001033657,L100001028386,CA,Drumheller solar project,--,solar,,Assumed PV,operating,12.5,2023,2047,25,default,0.1958,country_implied,0.1515,0.1958,,not_applicable,,not_applicable,0.0,no,0.0,0.0,S1,25,0,0.0,103881.5,-103881.5,-92080.011,2026,,contribution,A,B,B,51.4434,-112.6667,samsung_ct,https://www.gem.wiki/Drumheller_solar_project
G100001033657,L100001028386,CA,Drumheller solar project,--,solar,,Assumed PV,operating,12.5,2023,2047,25,default,0.1958,country_implied,0.1515,0.1958,,not_applicable,,not_applicable,0.0,no,0.0,0.0,S2,25,0,0.0,68590.763,-68590.763,-56789.274,2026,,contribution,A,B,B,51.4434,-112.6667,samsung_ct,https://www.gem.wiki/Drumheller_solar_project
G100000909359,L100000906953,CA,East Lake St. Clair wind farm,--,wind,,Onshore,operating,99.0,2013,2037,25,default,0.3313,country_implied,0.2865,0.3313,,not_applicable,,not_applicable,0.0,no,0.0,0.0,S1,25,0,0.0,1324819.829,-1324819.829,-666267.169,2026,,contribution,A,B,B,42.5597,-82.3897,mitsui,https://www.gem.wiki/East_Lake_St._Clair_wind_farm
G100000909359,L100000906953,CA,East Lake St. Clair wind farm,--,wind,,Onshore,operating,99.0,2013,2037,25,default,0.3313,country_implied,0.2865,0.3313,,not_applicable,,not_applicable,0.0,no,0.0,0.0,S2,25,0,0.0,1160521.818,-1160521.818,-501969.158,2026,,contribution,A,B,B,42.5597,-82.3897,mitsui,https://www.gem.wiki/East_Lake_St._Clair_wind_farm
G100000909362,L100000906956,CA,Erieau wind farm,--,wind,,Onshore,operating,99.0,2013,2037,25,default,0.3313,country_implied,0.2865,0.3313,,not_applicable,,not_applicable,0.0,no,0.0,0.0,S1,25,0,0.0,1324819.829,-1324819.829,-666267.169,2026,,contribution,A,B,B,42.3604,-81.9739,mitsui,https://www.gem.wiki/Erieau_wind_farm
G100000909362,L100000906956,CA,Erieau wind farm,--,wind,,Onshore,operating,99.0,2013,2037,25,default,0.3313,country_implied,0.2865,0.3313,,not_applicable,,not_applicable,0.0,no,0.0,0.0,S2,25,0,0.0,1160521.818,-1160521.818,-501969.158,2026,,contribution,A,B,B,42.3604,-81.9739,mitsui,https://www.gem.wiki/Erieau_wind_farm
G100000908900,L100000906599,CA,Harrow wind farm,--,wind,,Onshore,operating,40.0,2010,2034,25,default,0.3313,country_implied,0.2865,0.3313,,not_applicable,,not_applicable,0.0,no,0.0,0.0,S1,25,0,0.0,538686.691,-538686.691,-201286.438,2026,,contribution,A,B,B,42.044,-82.9869,mitsui,https://www.gem.wiki/Harrow_wind_farm
G100000908900,L100000906599,CA,Harrow wind farm,--,wind,,Onshore,operating,40.0,2010,2034,25,default,0.3313,country_implied,0.2865,0.3313,,not_applicable,,not_applicable,0.0,no,0.0,0.0,S2,25,0,0.0,498915.234,-498915.234,-161514.981,2026,,contribution,A,B,B,42.044,-82.9869,mitsui,https://www.gem.wiki/Harrow_wind_farm
G100000908654,L100000906382,CA,Plateau wind farm,--,wind,,Onshore,operating,18.0,2012,2036,25,default,0.3313,country_implied,0.2865,0.3313,,not_applicable,,not_applicable,0.0,no,0.0,0.0,S1,25,0,0.0,240771.466,-240771.466,-110932.046,2026,,contribution,A,B,B,44.2463,-80.3945,mitsui,https://www.gem.wiki/Plateau_wind_farm
G100000908654,L100000906382,CA,Plateau wind farm,--,wind,,Onshore,operating,18.0,2012,2036,25,default,0.3313,country_implied,0.2865,0.3313,,not_applicable,,not_applicable,0.0,no,0.0,0.0,S2,25,0,0.0,215177.337,-215177.337,-85337.917,2026,,contribution,A,B,B,44.2463,-80.3945,mitsui,https://www.gem.wiki/Plateau_wind_farm
G100000908980,L100000906664,CA,Pointes Aux Roches wind farm,--,wind,,Onshore,operating,49.0,2011,2035,25,default,0.3313,country_implied,0.2865,0.3313,,not_applicable,,not_applicable,0.0,no,0.0,0.0,S1,25,0,0.0,657022.86,-657022.86,-274250.817,2026,,contribution,A,B,B,42.2801,-82.6204,mitsui,https://www.gem.wiki/Pointes_Aux_Roches_wind_farm
G100000908980,L100000906664,CA,Pointes Aux Roches wind farm,--,wind,,Onshore,operating,49.0,2011,2035,25,default,0.3313,country_implied,0.2865,0.3313,,not_applicable,,not_applicable,0.0,no,0.0,0.0,S2,25,0,0.0,598226.819,-598226.819,-215454.776,2026,,contribution,A,B,B,42.2801,-82.6204,mitsui,https://www.gem.wiki/Pointes_Aux_Roches_wind_farm
G100000404229,L100000405258,CA,Whitby cogeneration station,1,gas,natural_gas,gas turbine,operating,50.0,1998,2027,30,default,0.4896,country_implied,0.4142,0.4939,10.0,default,56100.0,ipcc_default,561.0,no,0.0,0.0,S1,28,2,3368498.924,1202940.373,2165558.546,158561.085,2026,2000,liability,A,C,C,43.8594,-78.9033,mitsui,https://www.gem.wiki/Whitby_cogeneration_station
G100000404229,L100000405258,CA,Whitby cogeneration station,1,gas,natural_gas,gas turbine,operating,50.0,1998,2027,30,default,0.4896,country_implied,0.4142,0.4939,10.0,default,56100.0,ipcc_default,561.0,no,0.0,0.0,S2,28,2,3368498.924,1197571.983,2170926.937,163929.476,2026,2000,liability,A,C,C,43.8594,-78.9033,mitsui,https://www.gem.wiki/Whitby_cogeneration_station
G100000101634,L100000100183,CL,Cochrane power station,Unit 1,coal,bituminous,subcritical,operating,275.0,2016,2040,25,retired_year,0.5752,country_implied,0.4037,0.6024,10.2857,default,94600.0,ipcc_default,973.029,no,0.0,0.0,S1,25,0,33707091.425,9224425.261,24482666.154,16548387.397,2026,2016,liability,A,C,C,-23.0630274,-70.3661289,dl_enc,https://www.gem.wiki/Cochrane_power_station
G100000101634,L100000100183,CL,Cochrane power station,Unit 1,coal,bituminous,subcritical,operating,275.0,2016,2040,25,retired_year,0.5752,country_implied,0.4037,0.6024,10.2857,default,94600.0,ipcc_default,973.029,no,0.0,0.0,S2,25,0,33707091.425,9224425.261,24482666.154,16548387.397,2026,2016,liability,A,C,C,-23.0630274,-70.3661289,dl_enc,https://www.gem.wiki/Cochrane_power_station
G100000101635,L100000100183,CL,Cochrane power station,Unit 2,coal,bituminous,subcritical,operating,275.0,2016,2040,25,retired_year,0.5752,country_implied,0.4037,0.6024,10.2857,default,94600.0,ipcc_default,973.029,no,0.0,0.0,S1,25,0,33707091.425,9224425.261,24482666.154,16548387.397,2026,2016,liability,A,C,C,-23.0630274,-70.3661289,dl_enc,https://www.gem.wiki/Cochrane_power_station
G100000101635,L100000100183,CL,Cochrane power station,Unit 2,coal,bituminous,subcritical,operating,275.0,2016,2040,25,retired_year,0.5752,country_implied,0.4037,0.6024,10.2857,default,94600.0,ipcc_default,973.029,no,0.0,0.0,S2,25,0,33707091.425,9224425.261,24482666.154,16548387.397,2026,2016,liability,A,C,C,-23.0630274,-70.3661289,dl_enc,https://www.gem.wiki/Cochrane_power_station
G100000808947,L100000807437,CL,S4 Solar Power Plant,--,solar,,PV,operating,98.0,2019,2043,25,default,0.2086,country_implied,0.2086,0.2603,,not_applicable,,not_applicable,0.0,no,0.0,0.0,S1,25,0,0.0,981842.878,-981842.878,-525130.725,2026,,contribution,A,B,B,-21.135,-69.466,sojitz,https://www.gem.wiki/S4_Solar_Power_Plant
G100000808947,L100000807437,CL,S4 Solar Power Plant,--,solar,,PV,operating,98.0,2019,2043,25,default,0.2086,country_implied,0.2086,0.2603,,not_applicable,,not_applicable,0.0,no,0.0,0.0,S2,25,0,0.0,981842.878,-981842.878,-525130.725,2026,,contribution,A,B,B,-21.135,-69.466,sojitz,https://www.gem.wiki/S4_Solar_Power_Plant
G100000103885,L100000101468,CN,High River power station,Unit 1,coal,bituminous,ultra-supercritical,operating,660.0,2021,2060,40,default,0.53,country_implied,0.53,0.5728,8.3721,default,94600.0,ipcc_default,792.0,no,0.0,0.0,S1,40,0,97075376.64,47991476.612,49083900.028,45681297.763,2026,2021,liability,A,C,C,36.165148,112.96158,kepco;jpower,https://www.gem.wiki/High_River_power_station
G100000103885,L100000101468,CN,High River power station,Unit 1,coal,bituminous,ultra-supercritical,operating,660.0,2021,2060,40,default,0.53,country_implied,0.53,0.5728,8.3721,default,94600.0,ipcc_default,792.0,no,0.0,0.0,S2,40,0,97075376.64,47991476.612,49083900.028,45681297.763,2026,2021,liability,A,C,C,36.165148,112.96158,kepco;jpower,https://www.gem.wiki/High_River_power_station
G100000103886,L100000101468,CN,High River power station,Unit 2,coal,bituminous,ultra-supercritical,operating,660.0,2021,2060,40,default,0.53,country_implied,0.53,0.5728,8.3721,default,94600.0,ipcc_default,792.0,no,0.0,0.0,S1,40,0,97075376.64,47991476.612,49083900.028,45681297.763,2026,2021,liability,A,C,C,36.165148,112.96158,kepco;jpower,https://www.gem.wiki/High_River_power_station
G100000103886,L100000101468,CN,High River power station,Unit 2,coal,bituminous,ultra-supercritical,operating,660.0,2021,2060,40,default,0.53,country_implied,0.53,0.5728,8.3721,default,94600.0,ipcc_default,792.0,no,0.0,0.0,S2,40,0,97075376.64,47991476.612,49083900.028,45681297.763,2026,2021,liability,A,C,C,36.165148,112.96158,kepco;jpower,https://www.gem.wiki/High_River_power_station
G100000104399,L100000101346,CN,Huaneng Jiaxiang power station,Phase I Unit 1,coal,bituminous,subcritical,operating,330.0,2007,2046,40,default,0.53,country_implied,0.53,0.5728,10.2857,default,94600.0,ipcc_default,973.029,no,0.0,0.0,S1,40,0,59632017.08,32759867.705,26872149.375,17830851.453,2026,2007,liability,A,C,C,35.385028,116.44318,itochu,https://www.gem.wiki/Huaneng_Jiaxiang_power_station
G100000104399,L100000101346,CN,Huaneng Jiaxiang power station,Phase I Unit 1,coal,bituminous,subcritical,operating,330.0,2007,2046,40,default,0.53,country_implied,0.53,0.5728,10.2857,default,94600.0,ipcc_default,973.029,no,0.0,0.0,S2,40,0,59632017.08,32759867.705,26872149.375,17830851.453,2026,2007,liability,A,C,C,35.385028,116.44318,itochu,https://www.gem.wiki/Huaneng_Jiaxiang_power_station
G100000104400,L100000101346,CN,Huaneng Jiaxiang power station,Phase I Unit 2,coal,bituminous,subcritical,operating,330.0,2007,2046,40,default,0.53,country_implied,0.53,0.5728,10.2857,default,94600.0,ipcc_default,973.029,no,0.0,0.0,S1,40,0,59632017.08,32759867.705,26872149.375,17830851.453,2026,2007,liability,A,C,C,35.385028,116.44318,itochu,https://www.gem.wiki/Huaneng_Jiaxiang_power_station
G100000104400,L100000101346,CN,Huaneng Jiaxiang power station,Phase I Unit 2,coal,bituminous,subcritical,operating,330.0,2007,2046,40,default,0.53,country_implied,0.53,0.5728,10.2857,default,94600.0,ipcc_default,973.029,no,0.0,0.0,S2,40,0,59632017.08,32759867.705,26872149.375,17830851.453,2026,2007,liability,A,C,C,35.385028,116.44318,itochu,https://www.gem.wiki/Huaneng_Jiaxiang_power_station
G100000112868,L100000101361,CN,Huaneng Jining Gaoxin cogen power station,Unit 1,coal,bituminous,unknown,retired,30.0,2004,2023,20,retired_year,0.53,country_implied,0.53,0.5728,9.7297,default,94600.0,ipcc_default,920.432,no,0.0,0.0,S1,20,0,2564030.22,1929483.145,634547.075,0,2026,2004,liability,A,C,C,35.46868,116.705652,itochu,https://www.gem.wiki/Huaneng_Jining_Gaoxin_cogen_power_station
G100000112868,L100000101361,CN,Huaneng Jining Gaoxin cogen power station,Unit 1,coal,bituminous,unknown,retired,30.0,2004,2023,20,retired_year,0.53,country_implied,0.53,0.5728,9.7297,default,94600.0,ipcc_default,920.432,no,0.0,0.0,S2,20,0,2564030.22,1929483.145,634547.075,0,2026,2004,liability,A,C,C,35.46868,116.705652,itochu,https://www.gem.wiki/Huaneng_Jining_Gaoxin_cogen_power_station
G100000112869,L100000101361,CN,Huaneng Jining Gaoxin cogen power station,Unit 2,coal,bituminous,unknown,retired,30.0,2004,2023,20,retired_year,0.53,country_implied,0.53,0.5728,9.7297,default,94600.0,ipcc_default,920.432,no,0.0,0.0,S1,20,0,2564030.22,1929483.145,634547.075,0,2026,2004,liability,A,C,C,35.46868,116.705652,itochu,https://www.gem.wiki/Huaneng_Jining_Gaoxin_cogen_power_station
G100000112869,L100000101361,CN,Huaneng Jining Gaoxin cogen power station,Unit 2,coal,bituminous,unknown,retired,30.0,2004,2023,20,retired_year,0.53,country_implied,0.53,0.5728,9.7297,default,94600.0,ipcc_default,920.432,no,0.0,0.0,S2,20,0,2564030.22,1929483.145,634547.075,0,2026,2004,liability,A,C,C,35.46868,116.705652,itochu,https://www.gem.wiki/Huaneng_Jining_Gaoxin_cogen_power_station
G100000104499,L100000101350,CN,Huaneng Qufu power station,Unit 1,coal,bituminous,subcritical,retired,225.0,2006,2026,21,retired_year,0.53,country_implied,0.53,0.5728,10.2857,default,94600.0,ipcc_default,973.029,no,0.0,0.0,S1,21,0,21345551.577,14507059.066,6838492.498,479264.096,2026,2006,liability,A,C,C,35.607801,116.933863,itochu,https://www.gem.wiki/Huaneng_Qufu_power_station
G100000104499,L100000101350,CN,Huaneng Qufu power station,Unit 1,coal,bituminous,subcritical,retired,225.0,2006,2026,21,retired_year,0.53,country_implied,0.53,0.5728,10.2857,default,94600.0,ipcc_default,973.029,no,0.0,0.0,S2,21,0,21345551.577,14507059.066,6838492.498,479264.096,2026,2006,liability,A,C,C,35.607801,116.933863,itochu,https://www.gem.wiki/Huaneng_Qufu_power_station
G100000104500,L100000101350,CN,Huaneng Qufu power station,Unit 2,coal,bituminous,subcritical,retired,225.0,2006,2026,21,retired_year,0.53,country_implied,0.53,0.5728,10.2857,default,94600.0,ipcc_default,973.029,no,0.0,0.0,S1,21,0,21345551.577,14507059.066,6838492.498,479264.096,2026,2006,liability,A,C,C,35.607801,116.933863,itochu,https://www.gem.wiki/Huaneng_Qufu_power_station
G100000104500,L100000101350,CN,Huaneng Qufu power station,Unit 2,coal,bituminous,subcritical,retired,225.0,2006,2026,21,retired_year,0.53,country_implied,0.53,0.5728,10.2857,default,94600.0,ipcc_default,973.029,no,0.0,0.0,S2,21,0,21345551.577,14507059.066,6838492.498,479264.096,2026,2006,liability,A,C,C,35.607801,116.933863,itochu,https://www.gem.wiki/Huaneng_Qufu_power_station
G100001072474,L100001063101,CN,Hubei Anlu Tangdi wind farm,--,wind,,Onshore,announced,50.0,2027,2051,25,default,0.2023,country_implied,0.2023,0.2379,,not_applicable,,not_applicable,0.0,no,0.0,0.0,S1,25,0,0.0,873263.639,-873263.639,-873263.639,2026,,contribution,A,B,B,31.2383,113.5917,jpower,https://www.gem.wiki/Hubei_Anlu_Tangdi_wind_farm
G100001072474,L100001063101,CN,Hubei Anlu Tangdi wind farm,--,wind,,Onshore,announced,50.0,2027,2051,25,default,0.2023,country_implied,0.2023,0.2379,,not_applicable,,not_applicable,0.0,no,0.0,0.0,S2,25,0,0.0,873263.639,-873263.639,-873263.639,2026,,contribution,A,B,B,31.2383,113.5917,jpower,https://www.gem.wiki/Hubei_Anlu_Tangdi_wind_farm
G100000112047,L100000100681,CN,Jiaozuo Wuzhi-1 Cogen power station,Unit 1,coal,bituminous,subcritical,operating,50.0,2006,2045,40,default,0.53,country_implied,0.53,0.5728,10.2857,default,94600.0,ipcc_default,973.029,no,0.0,0.0,S1,40,0,9035154.12,5068346.769,3966807.337,2553645.469,2026,2006,liability,A,C,C,35.12455,113.38887,kepco,https://www.gem.wiki/Jiaozuo_Wuzhi-1_Cogen_power_station
G100000112047,L100000100681,CN,Jiaozuo Wuzhi-1 Cogen power station,Unit 1,coal,bituminous,subcritical,operating,50.0,2006,2045,40,default,0.53,country_implied,0.53,0.5728,10.2857,default,94600.0,ipcc_default,973.029,no,0.0,0.0,S2,40,0,9035154.12,5068346.769,3966807.337,2553645.469,2026,2006,liability,A,C,C,35.12455,113.38887,kepco,https://www.gem.wiki/Jiaozuo_Wuzhi-1_Cogen_power_station
G100000112048,L100000100681,CN,Jiaozuo Wuzhi-1 Cogen power station,Unit 2,coal,bituminous,subcritical,operating,50.0,2006,2045,40,default,0.53,country_implied,0.53,0.5728,10.2857,default,94600.0,ipcc_default,973.029,no,0.0,0.0,S1,40,0,9035154.12,5068346.769,3966807.337,2553645.469,2026,2006,liability,A,C,C,35.12455,113.38887,kepco,https://www.gem.wiki/Jiaozuo_Wuzhi-1_Cogen_power_station
G100000112048,L100000100681,CN,Jiaozuo Wuzhi-1 Cogen power station,Unit 2,coal,bituminous,subcritical,operating,50.0,2006,2045,40,default,0.53,country_implied,0.53,0.5728,10.2857,default,94600.0,ipcc_default,973.029,no,0.0,0.0,S2,40,0,9035154.12,5068346.769,3966807.337,2553645.469,2026,2006,liability,A,C,C,35.12455,113.38887,kepco,https://www.gem.wiki/Jiaozuo_Wuzhi-1_Cogen_power_station
G100000105165,L100000101486,CN,Jiexiu Chongguang power station,Unit 1,coal,bituminous,supercritical,operating,350.0,2020,2059,40,default,0.53,country_implied,0.53,0.5728,9.2308,default,94600.0,ipcc_default,873.231,no,0.0,0.0,S1,40,0,56759301.4,26030954.364,30728347.047,27830171.469,2026,2020,liability,A,C,C,37.106543,111.995598,kepco;jpower,https://www.gem.wiki/Jiexiu_Chongguang_power_station
G100000105165,L100000101486,CN,Jiexiu Chongguang power station,Unit 1,coal,bituminous,supercritical,operating,350.0,2020,2059,40,default,0.53,country_implied,0.53,0.5728,9.2308,default,94600.0,ipcc_default,873.231,no,0.0,0.0,S2,40,0,56759301.4,26030954.364,30728347.047,27830171.469,2026,2020,liability,A,C,C,37.106543,111.995598,kepco;jpower,https://www.gem.wiki/Jiexiu_Chongguang_power_station
G100000105166,L100000101486,CN,Jiexiu Chongguang power station,Unit 2,coal,bituminous,supercritical,operating,350.0,2021,2060,40,default,0.53,country_implied,0.53,0.5728,9.2308,default,94600.0,ipcc_default,873.231,no,0.0,0.0,S1,40,0,56759301.4,25450025.477,31309275.935,28844873.768,2026,2021,liability,A,C,C,37.106543,111.995598,kepco;jpower,https://www.gem.wiki/Jiexiu_Chongguang_power_station
G100000105166,L100000101486,CN,Jiexiu Chongguang power station,Unit 2,coal,bituminous,supercritical,operating,350.0,2021,2060,40,default,0.53,country_implied,0.53,0.5728,9.2308,default,94600.0,ipcc_default,873.231,no,0.0,0.0,S2,40,0,56759301.4,25450025.477,31309275.935,28844873.768,2026,2021,liability,A,C,C,37.106543,111.995598,kepco;jpower,https://www.gem.wiki/Jiexiu_Chongguang_power_station
G100000106307,L100000101492,CN,Lingshi Qiguang power station,Unit 1,coal,bituminous,supercritical,operating,350.0,2019,2058,40,default,0.53,country_implied,0.53,0.5728,9.2308,default,94600.0,ipcc_default,873.231,no,0.0,0.0,S1,40,0,56759301.4,26624834.179,30134467.231,26824195.475,2026,2019,liability,A,C,C,36.820628,111.626103,kepco;jpower,https://www.gem.wiki/Lingshi_Qiguang_power_station
G100000106307,L100000101492,CN,Lingshi Qiguang power station,Unit 1,coal,bituminous,supercritical,operating,350.0,2019,2058,40,default,0.53,country_implied,0.53,0.5728,9.2308,default,94600.0,ipcc_default,873.231,no,0.0,0.0,S2,40,0,56759301.4,26624834.179,30134467.231,26824195.475,2026,2019,liability,A,C,C,36.820628,111.626103,kepco;jpower,https://www.gem.wiki/Lingshi_Qiguang_power_station
G100000106308,L100000101492,CN,Lingshi Qiguang power station,Unit 2,coal,bituminous,supercritical,operating,350.0,2019,2058,40,default,0.53,country_implied,0.53,0.5728,9.2308,default,94600.0,ipcc_default,873.231,no,0.0,0.0,S1,40,0,56759301.4,26624834.179,30134467.231,26824195.475,2026,2019,liability,A,C,C,36.820628,111.626103,kepco;jpower,https://www.gem.wiki/Lingshi_Qiguang_power_station
G100000106308,L100000101492,CN,Lingshi Qiguang power station,Unit 2,coal,bituminous,supercritical,operating,350.0,2019,2058,40,default,0.53,country_implied,0.53,0.5728,9.2308,default,94600.0,ipcc_default,873.231,no,0.0,0.0,S2,40,0,56759301.4,26624834.179,30134467.231,26824195.475,2026,2019,liability,A,C,C,36.820628,111.626103,kepco;jpower,https://www.gem.wiki/Lingshi_Qiguang_power_station
G100000803804,L100000803298,CN,Ningxia Xingqing Hongdunzi Xuning solar farm,--,solar,,PV,operating,30.0,2014,2038,25,default,0.1116,country_implied,0.108,0.1241,,not_applicable,,not_applicable,0.0,no,0.0,0.0,S1,25,0,0.0,389189.145,-389189.145,-173036.487,2026,,contribution,A,B,B,38.476,106.4798,jpower,https://www.gem.wiki/Ningxia_Xingqing_Hongdunzi_Xuning_solar_farm
G100000803804,L100000803298,CN,Ningxia Xingqing Hongdunzi Xuning solar farm,--,solar,,PV,operating,30.0,2014,2038,25,default,0.1116,country_implied,0.108,0.1241,,not_applicable,,not_applicable,0.0,no,0.0,0.0,S2,25,0,0.0,389189.145,-389189.145,-173036.487,2026,,contribution,A,B,B,38.476,106.4798,jpower,https://www.gem.wiki/Ningxia_Xingqing_Hongdunzi_Xuning_solar_farm
G100000107657,L100000100937,CN,Ordos Power Qipanjing power station,Unit 1,coal,bituminous,subcritical,operating,330.0,2005,2044,40,default,0.53,country_implied,0.53,0.5728,10.2857,default,94600.0,ipcc_default,973.029,no,0.0,0.0,S1,40,0,59632017.08,34124228.417,25507788.663,15888363.448,2026,2005,liability,A,C,C,39.385235,106.965664,mitsui,https://www.gem.wiki/Ordos_Power_Qipanjing_power_station
G100000107657,L100000100937,CN,Ordos Power Qipanjing power station,Unit 1,coal,bituminous,subcritical,operating,330.0,2005,2044,40,default,0.53,country_implied,0.53,0.5728,10.2857,default,94600.0,ipcc_default,973.029,no,0.0,0.0,S2,40,0,59632017.08,34124228.417,25507788.663,15888363.448,2026,2005,liability,A,C,C,39.385235,106.965664,mitsui,https://www.gem.wiki/Ordos_Power_Qipanjing_power_station
G100000107658,L100000100937,CN,Ordos Power Qipanjing power station,Unit 10,coal,bituminous,unknown,operating,135.0,2013,2052,40,default,0.53,country_implied,0.53,0.5728,9.7297,default,94600.0,ipcc_default,920.432,no,0.0,0.0,S1,40,0,23076271.96,11753577.474,11322694.493,8892017.052,2026,2013,liability,A,C,C,39.385235,106.965664,mitsui,https://www.gem.wiki/Ordos_Power_Qipanjing_power_station
G100000107658,L100000100937,CN,Ordos Power Qipanjing power station,Unit 10,coal,bituminous,unknown,operating,135.0,2013,2052,40,default,0.53,country_implied,0.53,0.5728,9.7297,default,94600.0,ipcc_default,920.432,no,0.0,0.0,S2,40,0,23076271.96,11753577.474,11322694.493,8892017.052,2026,2013,liability,A,C,C,39.385235,106.965664,mitsui,https://www.gem.wiki/Ordos_Power_Qipanjing_power_station
G100000107659,L100000100937,CN,Ordos Power Qipanjing power station,Unit 2,coal,bituminous,subcritical,operating,330.0,2005,2044,40,default,0.53,country_implied,0.53,0.5728,10.2857,default,94600.0,ipcc_default,973.029,no,0.0,0.0,S1,40,0,59632017.08,34124228.417,25507788.663,15888363.448,2026,2005,liability,A,C,C,39.385235,106.965664,mitsui,https://www.gem.wiki/Ordos_Power_Qipanjing_power_station
G100000107659,L100000100937,CN,Ordos Power Qipanjing power station,Unit 2,coal,bituminous,subcritical,operating,330.0,2005,2044,40,default,0.53,country_implied,0.53,0.5728,10.2857,default,94600.0,ipcc_default,973.029,no,0.0,0.0,S2,40,0,59632017.08,34124228.417,25507788.663,15888363.448,2026,2005,liability,A,C,C,39.385235,106.965664,mitsui,https://www.gem.wiki/Ordos_Power_Qipanjing_power_station
G100000107660,L100000100937,CN,Ordos Power Qipanjing power station,Unit 3,coal,bituminous,subcritical,operating,330.0,2010,2049,40,default,0.53,country_implied,0.53,0.5728,10.2857,default,94600.0,ipcc_default,973.029,no,0.0,0.0,S1,40,0,59632017.08,30736083.122,28895933.958,20825475.164,2026,2010,liability,A,C,C,39.385235,106.965664,mitsui,https://www.gem.wiki/Ordos_Power_Qipanjing_power_station
G100000107660,L100000100937,CN,Ordos Power Qipanjing power station,Unit 3,coal,bituminous,subcritical,operating,330.0,2010,2049,40,default,0.53,country_implied,0.53,0.5728,10.2857,default,94600.0,ipcc_default,973.029,no,0.0,0.0,S2,40,0,59632017.08,30736083.122,28895933.958,20825475.164,2026,2010,liability,A,C,C,39.385235,106.965664,mitsui,https://www.gem.wiki/Ordos_Power_Qipanjing_power_station
G100000107661,L100000100937,CN,Ordos Power Qipanjing power station,Unit 4,coal,bituminous,subcritical,operating,330.0,2010,2049,40,default,0.53,country_implied,0.53,0.5728,10.2857,default,94600.0,ipcc_default,973.029,no,0.0,0.0,S1,40,0,59632017.08,30736083.122,28895933.958,20825475.164,2026,2010,liability,A,C,C,39.385235,106.965664,mitsui,https://www.gem.wiki/Ordos_Power_Qipanjing_power_station
G100000107661,L100000100937,CN,Ordos Power Qipanjing power station,Unit 4,coal,bituminous,subcritical,operating,330.0,2010,2049,40,default,0.53,country_implied,0.53,0.5728,10.2857,default,94600.0,ipcc_default,973.029,no,0.0,0.0,S2,40,0,59632017.08,30736083.122,28895933.958,20825475.164,2026,2010,liability,A,C,C,39.385235,106.965664,mitsui,https://www.gem.wiki/Ordos_Power_Qipanjing_power_station
G100000107662,L100000100937,CN,Ordos Power Qipanjing power station,Unit 5,coal,bituminous,unknown,operating,50.0,2013,2052,40,default,0.53,country_implied,0.53,0.5728,9.7297,default,94600.0,ipcc_default,920.432,no,0.0,0.0,S1,40,0,8546767.4,4353176.846,4193590.551,3293339.649,2026,2013,liability,A,C,C,39.385235,106.965664,mitsui,https://www.gem.wiki/Ordos_Power_Qipanjing_power_station
G100000107662,L100000100937,CN,Ordos Power Qipanjing power station,Unit 5,coal,bituminous,unknown,operating,50.0,2013,2052,40,default,0.53,country_implied,0.53,0.5728,9.7297,default,94600.0,ipcc_default,920.432,no,0.0,0.0,S2,40,0,8546767.4,4353176.846,4193590.551,3293339.649,2026,2013,liability,A,C,C,39.385235,106.965664,mitsui,https://www.gem.wiki/Ordos_Power_Qipanjing_power_station
G100000107663,L100000100937,CN,Ordos Power Qipanjing power station,Unit 6,coal,bituminous,unknown,operating,50.0,2013,2052,40,default,0.53,country_implied,0.53,0.5728,9.7297,default,94600.0,ipcc_default,920.432,no,0.0,0.0,S1,40,0,8546767.4,4353176.846,4193590.551,3293339.649,2026,2013,liability,A,C,C,39.385235,106.965664,mitsui,https://www.gem.wiki/Ordos_Power_Qipanjing_power_station
G100000107663,L100000100937,CN,Ordos Power Qipanjing power station,Unit 6,coal,bituminous,unknown,operating,50.0,2013,2052,40,default,0.53,country_implied,0.53,0.5728,9.7297,default,94600.0,ipcc_default,920.432,no,0.0,0.0,S2,40,0,8546767.4,4353176.846,4193590.551,3293339.649,2026,2013,liability,A,C,C,39.385235,106.965664,mitsui,https://www.gem.wiki/Ordos_Power_Qipanjing_power_station
G100000107664,L100000100937,CN,Ordos Power Qipanjing power station,Unit 7,coal,bituminous,unknown,operating,135.0,2013,2052,40,default,0.53,country_implied,0.53,0.5728,9.7297,default,94600.0,ipcc_default,920.432,no,0.0,0.0,S1,40,0,23076271.96,11753577.474,11322694.493,8892017.052,2026,2013,liability,A,C,C,39.385235,106.965664,mitsui,https://www.gem.wiki/Ordos_Power_Qipanjing_power_station
G100000107664,L100000100937,CN,Ordos Power Qipanjing power station,Unit 7,coal,bituminous,unknown,operating,135.0,2013,2052,40,default,0.53,country_implied,0.53,0.5728,9.7297,default,94600.0,ipcc_default,920.432,no,0.0,0.0,S2,40,0,23076271.96,11753577.474,11322694.493,8892017.052,2026,2013,liability,A,C,C,39.385235,106.965664,mitsui,https://www.gem.wiki/Ordos_Power_Qipanjing_power_station
G100000107665,L100000100937,CN,Ordos Power Qipanjing power station,Unit 8,coal,bituminous,unknown,operating,135.0,2013,2052,40,default,0.53,country_implied,0.53,0.5728,9.7297,default,94600.0,ipcc_default,920.432,no,0.0,0.0,S1,40,0,23076271.96,11753577.474,11322694.493,8892017.052,2026,2013,liability,A,C,C,39.385235,106.965664,mitsui,https://www.gem.wiki/Ordos_Power_Qipanjing_power_station
G100000107665,L100000100937,CN,Ordos Power Qipanjing power station,Unit 8,coal,bituminous,unknown,operating,135.0,2013,2052,40,default,0.53,country_implied,0.53,0.5728,9.7297,default,94600.0,ipcc_default,920.432,no,0.0,0.0,S2,40,0,23076271.96,11753577.474,11322694.493,8892017.052,2026,2013,liability,A,C,C,39.385235,106.965664,mitsui,https://www.gem.wiki/Ordos_Power_Qipanjing_power_station
G100000107666,L100000100937,CN,Ordos Power Qipanjing power station,Unit 9,coal,bituminous,unknown,operating,135.0,2013,2052,40,default,0.53,country_implied,0.53,0.5728,9.7297,default,94600.0,ipcc_default,920.432,no,0.0,0.0,S1,40,0,23076271.96,11753577.474,11322694.493,8892017.052,2026,2013,liability,A,C,C,39.385235,106.965664,mitsui,https://www.gem.wiki/Ordos_Power_Qipanjing_power_station
G100000107666,L100000100937,CN,Ordos Power Qipanjing power station,Unit 9,coal,bituminous,unknown,operating,135.0,2013,2052,40,default,0.53,country_implied,0.53,0.5728,9.7297,default,94600.0,ipcc_default,920.432,no,0.0,0.0,S2,40,0,23076271.96,11753577.474,11322694.493,8892017.052,2026,2013,liability,A,C,C,39.385235,106.965664,mitsui,https://www.gem.wiki/Ordos_Power_Qipanjing_power_station
G100000113713,L100000100938,CN,Ordos Resources Qipanjing power station,Unit 1,coal,bituminous,unknown,operating,330.0,2015,2054,40,default,0.53,country_implied,0.53,0.5728,9.7297,default,94600.0,ipcc_default,920.432,no,0.0,0.0,S1,40,0,56408664.8,27444513.884,28964150.92,23680549.668,2026,2015,liability,A,C,C,39.350291,107.01002,mitsui,https://www.gem.wiki/Ordos_Resources_Qipanjing_power_station
G100000113713,L100000100938,CN,Ordos Resources Qipanjing power station,Unit 1,coal,bituminous,unknown,operating,330.0,2015,2054,40,default,0.53,country_implied,0.53,0.5728,9.7297,default,94600.0,ipcc_default,920.432,no,0.0,0.0,S2,40,0,56408664.8,27444513.884,28964150.92,23680549.668,2026,2015,liability,A,C,C,39.350291,107.01002,mitsui,https://www.gem.wiki/Ordos_Resources_Qipanjing_power_station
G100000113714,L100000100938,CN,Ordos Resources Qipanjing power station,Unit 2,coal,bituminous,unknown,operating,330.0,2015,2054,40,default,0.53,country_implied,0.53,0.5728,9.7297,default,94600.0,ipcc_default,920.432,no,0.0,0.0,S1,40,0,56408664.8,27444513.884,28964150.92,23680549.668,2026,2015,liability,A,C,C,39.350291,107.01002,mitsui,https://www.gem.wiki/Ordos_Resources_Qipanjing_power_station
G100000113714,L100000100938,CN,Ordos Resources Qipanjing power station,Unit 2,coal,bituminous,unknown,operating,330.0,2015,2054,40,default,0.53,country_implied,0.53,0.5728,9.7297,default,94600.0,ipcc_default,920.432,no,0.0,0.0,S2,40,0,56408664.8,27444513.884,28964150.92,23680549.668,2026,2015,liability,A,C,C,39.350291,107.01002,mitsui,https://www.gem.wiki/Ordos_Resources_Qipanjing_power_station
G100000108003,L100000101501,CN,Pingshuo Gangue power station,Unit 1,coal,bituminous,subcritical,retired,50.0,2004,2020,17,retired_year,0.53,country_implied,0.53,0.5728,10.2857,default,94600.0,ipcc_default,973.029,no,0.0,0.0,S1,17,0,3839940.501,2805186.723,1034753.769,0,2026,2004,liability,A,C,C,39.473261,112.320541,kepco;jpower,https://www.gem.wiki/Pingshuo_Gangue_power_station
G100000108003,L100000101501,CN,Pingshuo Gangue power station,Unit 1,coal,bituminous,subcritical,retired,50.0,2004,2020,17,retired_year,0.53,country_implied,0.53,0.5728,10.2857,default,94600.0,ipcc_default,973.029,no,0.0,0.0,S2,17,0,3839940.501,2805186.723,1034753.769,0,2026,2004,liability,A,C,C,39.473261,112.320541,kepco;jpower,https://www.gem.wiki/Pingshuo_Gangue_power_station
G100000108004,L100000101501,CN,Pingshuo Gangue power station,Unit 2,coal,bituminous,subcritical,retired,50.0,2005,2020,16,retired_year,0.53,country_implied,0.53,0.5728,10.2857,default,94600.0,ipcc_default,973.029,no,0.0,0.0,S1,16,0,3614061.648,2624465.733,989595.906,0,2026,2005,liability,A,C,C,39.473261,112.320541,kepco;jpower,https://www.gem.wiki/Pingshuo_Gangue_power_station
G100000108004,L100000101501,CN,Pingshuo Gangue power station,Unit 2,coal,bituminous,subcritical,retired,50.0,2005,2020,16,retired_year,0.53,country_implied,0.53,0.5728,10.2857,default,94600.0,ipcc_default,973.029,no,0.0,0.0,S2,16,0,3614061.648,2624465.733,989595.906,0,2026,2005,liability,A,C,C,39.473261,112.320541,kepco;jpower,https://www.gem.wiki/Pingshuo_Gangue_power_station
G100000108005,L100000101501,CN,Pingshuo Gangue power station,Unit 3,coal,bituminous,subcritical,operating,300.0,2009,2048,40,default,0.53,country_implied,0.53,0.5728,10.2857,default,94600.0,ipcc_default,973.029,no,0.0,0.0,S1,40,0,54210924.6,28552600.325,25658324.29,18015260.046,2026,2009,liability,A,C,C,39.4727567,112.3225046,kepco;jpower,https://www.gem.wiki/Pingshuo_Gangue_power_station
G100000108005,L100000101501,CN,Pingshuo Gangue power station,Unit 3,coal,bituminous,subcritical,operating,300.0,2009,2048,40,default,0.53,country_implied,0.53,0.5728,10.2857,default,94600.0,ipcc_default,973.029,no,0.0,0.0,S2,40,0,54210924.6,28552600.325,25658324.29,18015260.046,2026,2009,liability,A,C,C,39.4727567,112.3225046,kepco;jpower,https://www.gem.wiki/Pingshuo_Gangue_power_station
G100000108006,L100000101501,CN,Pingshuo Gangue power station,Unit 4,coal,bituminous,subcritical,operating,300.0,2009,2048,40,default,0.53,country_implied,0.53,0.5728,10.2857,default,94600.0,ipcc_default,973.029,no,0.0,0.0,S1,40,0,54210924.6,28552600.325,25658324.29,18015260.046,2026,2009,liability,A,C,C,39.4727567,112.3225046,kepco;jpower,https://www.gem.wiki/Pingshuo_Gangue_power_station
G100000108006,L100000101501,CN,Pingshuo Gangue power station,Unit 4,coal,bituminous,subcritical,operating,300.0,2009,2048,40,default,0.53,country_implied,0.53,0.5728,10.2857,default,94600.0,ipcc_default,973.029,no,0.0,0.0,S2,40,0,54210924.6,28552600.325,25658324.29,18015260.046,2026,2009,liability,A,C,C,39.4727567,112.3225046,kepco;jpower,https://www.gem.wiki/Pingshuo_Gangue_power_station
G100000109043,L100000101509,CN,Shanxi Hepo power station,Unit 1,coal,bituminous,subcritical,retired,50.0,1991,2016,26,retired_year,0.53,country_implied,0.53,0.5728,10.2857,default,94600.0,ipcc_default,973.029,no,0.0,0.0,S1,17,9,3839940.501,2945304.105,894636.387,0,2026,2000,liability,A,C,C,37.8469433,113.6165446,kepco;jpower,https://www.gem.wiki/Shanxi_Hepo_power_station
G100000109043,L100000101509,CN,Shanxi Hepo power station,Unit 1,coal,bituminous,subcritical,retired,50.0,1991,2016,26,retired_year,0.53,country_implied,0.53,0.5728,10.2857,default,94600.0,ipcc_default,973.029,no,0.0,0.0,S2,17,9,3839940.501,2945304.105,894636.387,0,2026,2000,liability,A,C,C,37.8469433,113.6165446,kepco;jpower,https://www.gem.wiki/Shanxi_Hepo_power_station
G100000109044,L100000101509,CN,Shanxi Hepo power station,Unit 2,coal,bituminous,subcritical,retired,50.0,1992,2016,25,retired_year,0.53,country_implied,0.53,0.5728,10.2857,default,94600.0,ipcc_default,973.029,no,0.0,0.0,S1,17,8,3839940.501,2945304.105,894636.387,0,2026,2000,liability,A,C,C,37.8469433,113.6165446,kepco;jpower,https://www.gem.wiki/Shanxi_Hepo_power_station
G100000109044,L100000101509,CN,Shanxi Hepo power station,Unit 2,coal,bituminous,subcritical,retired,50.0,1992,2016,25,retired_year,0.53,country_implied,0.53,0.5728,10.2857,default,94600.0,ipcc_default,973.029,no,0.0,0.0,S2,17,8,3839940.501,2945304.105,894636.387,0,2026,2000,liability,A,C,C,37.8469433,113.6165446,kepco;jpower,https://www.gem.wiki/Shanxi_Hepo_power_station
G100000109045,L100000101509,CN,Shanxi Hepo power station,Unit 3,coal,bituminous,subcritical,retired,100.0,2000,2016,17,retired_year,0.53,country_implied,0.53,0.5728,10.2857,default,94600.0,ipcc_default,973.029,no,0.0,0.0,S1,17,0,7679880.985,5890608.213,1789272.773,0,2026,2000,liability,A,C,C,37.8469433,113.6165446,kepco;jpower,https://www.gem.wiki/Shanxi_Hepo_power_station
G100000109045,L100000101509,CN,Shanxi Hepo power station,Unit 3,coal,bituminous,subcritical,retired,100.0,2000,2016,17,retired_year,0.53,country_implied,0.53,0.5728,10.2857,default,94600.0,ipcc_default,973.029,no,0.0,0.0,S2,17,0,7679880.985,5890608.213,1789272.773,0,2026,2000,liability,A,C,C,37.8469433,113.6165446,kepco;jpower,https://www.gem.wiki/Shanxi_Hepo_power_station
G100000109046,L100000101509,CN,Shanxi Hepo power station,Unit 4,coal,bituminous,subcritical,retired,100.0,2000,2016,17,retired_year,0.53,country_implied,0.53,0.5728,10.2857,default,94600.0,ipcc_default,973.029,no,0.0,0.0,S1,17,0,7679880.985,5890608.213,1789272.773,0,2026,2000,liability,A,C,C,37.8469433,113.6165446,kepco;jpower,https://www.gem.wiki/Shanxi_Hepo_power_station
G100000109046,L100000101509,CN,Shanxi Hepo power station,Unit 4,coal,bituminous,subcritical,retired,100.0,2000,2016,17,retired_year,0.53,country_implied,0.53,0.5728,10.2857,default,94600.0,ipcc_default,973.029,no,0.0,0.0,S2,17,0,7679880.985,5890608.213,1789272.773,0,2026,2000,liability,A,C,C,37.8469433,113.6165446,kepco;jpower,https://www.gem.wiki/Shanxi_Hepo_power_station
G100000109047,L100000101509,CN,Shanxi Hepo power station,Unit 5,coal,bituminous,supercritical,operating,350.0,2016,2055,40,default,0.53,country_implied,0.53,0.5728,9.2308,default,94600.0,ipcc_default,873.231,no,0.0,0.0,S1,40,0,56759301.4,28472411.415,28286889.997,23860529.477,2026,2016,liability,A,C,C,37.919943,113.615236,kepco;jpower,https://www.gem.wiki/Shanxi_Hepo_power_station
G100000109047,L100000101509,CN,Shanxi Hepo power station,Unit 5,coal,bituminous,supercritical,operating,350.0,2016,2055,40,default,0.53,country_implied,0.53,0.5728,9.2308,default,94600.0,ipcc_default,873.231,no,0.0,0.0,S2,40,0,56759301.4,28472411.415,28286889.997,23860529.477,2026,2016,liability,A,C,C,37.919943,113.615236,kepco;jpower,https://www.gem.wiki/Shanxi_Hepo_power_station
G100000109048,L100000101509,CN,Shanxi Hepo power station,Unit 6,coal,bituminous,supercritical,operating,350.0,2016,2055,40,default,0.53,country_implied,0.53,0.5728,9.2308,default,94600.0,ipcc_default,873.231,no,0.0,0.0,S1,40,0,56759301.4,28472411.415,28286889.997,23860529.477,2026,2016,liability,A,C,C,37.919943,113.615236,kepco;jpower,https://www.gem.wiki/Shanxi_Hepo_power_station
G100000109048,L100000101509,CN,Shanxi Hepo power station,Unit 6,coal,bituminous,supercritical,operating,350.0,2016,2055,40,default,0.53,country_implied,0.53,0.5728,9.2308,default,94600.0,ipcc_default,873.231,no,0.0,0.0,S2,40,0,56759301.4,28472411.415,28286889.997,23860529.477,2026,2016,liability,A,C,C,37.919943,113.615236,kepco;jpower,https://www.gem.wiki/Shanxi_Hepo_power_station
G100000106344,L100000105027,CN,Shanxi Liulin power station,Phase I Unit 1,coal,bituminous,subcritical,operating,100.0,1995,2034,40,default,0.53,country_implied,0.53,0.5728,10.2857,default,94600.0,ipcc_default,973.029,no,0.0,0.0,S1,35,5,15811519.675,10353405.417,5458114.26,2089984.389,2026,2000,liability,A,C,C,37.4185467,110.8243489,kepco;jpower,https://www.gem.wiki/Shanxi_Liulin_power_station
G100000106344,L100000105027,CN,Shanxi Liulin power station,Phase I Unit 1,coal,bituminous,subcritical,operating,100.0,1995,2034,40,default,0.53,country_implied,0.53,0.5728,10.2857,default,94600.0,ipcc_default,973.029,no,0.0,0.0,S2,35,5,15811519.675,10353405.417,5458114.26,2089984.389,2026,2000,liability,A,C,C,37.4185467,110.8243489,kepco;jpower,https://www.gem.wiki/Shanxi_Liulin_power_station
G100000106345,L100000105027,CN,Shanxi Liulin power station,Phase I Unit 2,coal,bituminous,subcritical,operating,100.0,1996,2035,40,default,0.53,country_implied,0.53,0.5728,10.2857,default,94600.0,ipcc_default,973.029,no,0.0,0.0,S1,36,4,16263277.38,10550409.774,5712867.608,2344737.737,2026,2000,liability,A,C,C,37.4185467,110.8243489,kepco;jpower,https://www.gem.wiki/Shanxi_Liulin_power_station
G100000106345,L100000105027,CN,Shanxi Liulin power station,Phase I Unit 2,coal,bituminous,subcritical,operating,100.0,1996,2035,40,default,0.53,country_implied,0.53,0.5728,10.2857,default,94600.0,ipcc_default,973.029,no,0.0,0.0,S2,36,4,16263277.38,10550409.774,5712867.608,2344737.737,2026,2000,liability,A,C,C,37.4185467,110.8243489,kepco;jpower,https://www.gem.wiki/Shanxi_Liulin_power_station
G100000106346,L100000105027,CN,Shanxi Liulin power station,Phase II Unit 3,coal,bituminous,subcritical,operating,600.0,2008,2047,40,default,0.53,country_implied,0.53,0.5728,10.2857,default,94600.0,ipcc_default,973.029,no,0.0,0.0,S1,40,0,108421849.24,58290784.108,50131065.126,34215460.502,2026,2008,liability,A,C,C,37.4185467,110.8243489,kepco;jpower,https://www.gem.wiki/Shanxi_Liulin_power_station
G100000106346,L100000105027,CN,Shanxi Liulin power station,Phase II Unit 3,coal,bituminous,subcritical,operating,600.0,2008,2047,40,default,0.53,country_implied,0.53,0.5728,10.2857,default,94600.0,ipcc_default,973.029,no,0.0,0.0,S2,40,0,108421849.24,58290784.108,50131065.126,34215460.502,2026,2008,liability,A,C,C,37.4185467,110.8243489,kepco;jpower,https://www.gem.wiki/Shanxi_Liulin_power_station
G100000106347,L100000105027,CN,Shanxi Liulin power station,Phase II Unit 4,coal,bituminous,subcritical,operating,600.0,2008,2047,40,default,0.53,country_implied,0.53,0.5728,10.2857,default,94600.0,ipcc_default,973.029,no,0.0,0.0,S1,40,0,108421849.24,58290784.108,50131065.126,34215460.502,2026,2008,liability,A,C,C,37.4185467,110.8243489,kepco;jpower,https://www.gem.wiki/Shanxi_Liulin_power_station
G100000106347,L100000105027,CN,Shanxi Liulin power station,Phase II Unit 4,coal,bituminous,subcritical,operating,600.0,2008,2047,40,default,0.53,country_implied,0.53,0.5728,10.2857,default,94600.0,ipcc_default,973.029,no,0.0,0.0,S2,40,0,108421849.24,58290784.108,50131065.126,34215460.502,2026,2008,liability,A,C,C,37.4185467,110.8243489,kepco;jpower,https://www.gem.wiki/Shanxi_Liulin_power_station
G100000109051,L100000101511,CN,Shanxi Ruiguang power station,Phase I Unit 1,coal,bituminous,subcritical,operating,330.0,2011,2050,40,default,0.53,country_implied,0.53,0.5728,10.2857,default,94600.0,ipcc_default,973.029,no,0.0,0.0,S1,40,0,59632017.08,30073087.257,29558929.823,21844350.603,2026,2011,liability,A,C,C,37.784571,112.719866,kepco;jpower,https://www.gem.wiki/Shanxi_Ruiguang_power_station
G100000109051,L100000101511,CN,Shanxi Ruiguang power station,Phase I Unit 1,coal,bituminous,subcritical,operating,330.0,2011,2050,40,default,0.53,country_implied,0.53,0.5728,10.2857,default,94600.0,ipcc_default,973.029,no,0.0,0.0,S2,40,0,59632017.08,30073087.257,29558929.823,21844350.603,2026,2011,liability,A,C,C,37.784571,112.719866,kepco;jpower,https://www.gem.wiki/Shanxi_Ruiguang_power_station
G100000109052,L100000101511,CN,Shanxi Ruiguang power station,Phase I Unit 2,coal,bituminous,subcritical,operating,330.0,2012,2051,40,default,0.53,country_implied,0.53,0.5728,10.2857,default,94600.0,ipcc_default,973.029,no,0.0,0.0,S1,40,0,59632017.08,29382332.215,30249684.864,22873197.258,2026,2012,liability,A,C,C,37.784571,112.719866,kepco;jpower,https://www.gem.wiki/Shanxi_Ruiguang_power_station
G100000109052,L100000101511,CN,Shanxi Ruiguang power station,Phase I Unit 2,coal,bituminous,subcritical,operating,330.0,2012,2051,40,default,0.53,country_implied,0.53,0.5728,10.2857,default,94600.0,ipcc_default,973.029,no,0.0,0.0,S2,40,0,59632017.08,29382332.215,30249684.864,22873197.258,2026,2012,liability,A,C,C,37.784571,112.719866,kepco;jpower,https://www.gem.wiki/Shanxi_Ruiguang_power_station
G100000109057,L100000101514,CN,Shanxi Yuguang power station,Phase I Unit 1,coal,bituminous,subcritical,operating,300.0,2012,2051,40,default,0.53,country_implied,0.53,0.5728,10.2857,default,94600.0,ipcc_default,973.029,no,0.0,0.0,S1,40,0,54210924.6,26711211.107,27499713.509,20793815.689,2026,2012,liability,A,C,C,39.6158712,112.7989912,kepco;jpower,https://www.gem.wiki/Shanxi_Yuguang_power_station
G100000109057,L100000101514,CN,Shanxi Yuguang power station,Phase I Unit 1,coal,bituminous,subcritical,operating,300.0,2012,2051,40,default,0.53,country_implied,0.53,0.5728,10.2857,default,94600.0,ipcc_default,973.029,no,0.0,0.0,S2,40,0,54210924.6,26711211.107,27499713.509,20793815.689,2026,2012,liability,A,C,C,39.6158712,112.7989912,kepco;jpower,https://www.gem.wiki/Shanxi_Yuguang_power_station
G100000109058,L100000101514,CN,Shanxi Yuguang power station,Phase I Unit 2,coal,bituminous,subcritical,operating,300.0,2012,2051,40,default,0.53,country_implied,0.53,0.5728,10.2857,default,94600.0,ipcc_default,973.029,no,0.0,0.0,S1,40,0,54210924.6,26711211.107,27499713.509,20793815.689,2026,2012,liability,A,C,C,39.6158712,112.7989912,kepco;jpower,https://www.gem.wiki/Shanxi_Yuguang_power_station
G100000109058,L100000101514,CN,Shanxi Yuguang power station,Phase I Unit 2,coal,bituminous,subcritical,operating,300.0,2012,2051,40,default,0.53,country_implied,0.53,0.5728,10.2857,default,94600.0,ipcc_default,973.029,no,0.0,0.0,S2,40,0,54210924.6,26711211.107,27499713.509,20793815.689,2026,2012,liability,A,C,C,39.6158712,112.7989912,kepco;jpower,https://www.gem.wiki/Shanxi_Yuguang_power_station
G100000109059,L100000101514,CN,Shanxi Yuguang power station,Phase II Unit 3,coal,bituminous,supercritical,operating,350.0,2019,2058,40,default,0.53,country_implied,0.53,0.5728,9.2308,default,94600.0,ipcc_default,873.231,no,0.0,0.0,S1,40,0,56759301.4,26624834.179,30134467.231,26824195.475,2026,2019,liability,A,C,C,39.6158712,112.7989912,kepco;jpower,https://www.gem.wiki/Shanxi_Yuguang_power_station
G100000109059,L100000101514,CN,Shanxi Yuguang power station,Phase II Unit 3,coal,bituminous,supercritical,operating,350.0,2019,2058,40,default,0.53,country_implied,0.53,0.5728,9.2308,default,94600.0,ipcc_default,873.231,no,0.0,0.0,S2,40,0,56759301.4,26624834.179,30134467.231,26824195.475,2026,2019,liability,A,C,C,39.6158712,112.7989912,kepco;jpower,https://www.gem.wiki/Shanxi_Yuguang_power_station
G100000109060,L100000101514,CN,Shanxi Yuguang power station,Phase II Unit 4,coal,bituminous,supercritical,operating,350.0,2019,2058,40,default,0.53,country_implied,0.53,0.5728,9.2308,default,94600.0,ipcc_default,873.231,no,0.0,0.0,S1,40,0,56759301.4,26624834.179,30134467.231,26824195.475,2026,2019,liability,A,C,C,39.6158712,112.7989912,kepco;jpower,https://www.gem.wiki/Shanxi_Yuguang_power_station
G100000109060,L100000101514,CN,Shanxi Yuguang power station,Phase II Unit 4,coal,bituminous,supercritical,operating,350.0,2019,2058,40,default,0.53,country_implied,0.53,0.5728,9.2308,default,94600.0,ipcc_default,873.231,no,0.0,0.0,S2,40,0,56759301.4,26624834.179,30134467.231,26824195.475,2026,2019,liability,A,C,C,39.6158712,112.7989912,kepco;jpower,https://www.gem.wiki/Shanxi_Yuguang_power_station
G100000109061,L100000101515,CN,Shanxi Zhaoguang power station,Unit 1,coal,bituminous,subcritical,operating,300.0,2005,2044,40,default,0.53,country_implied,0.53,0.5728,10.2857,default,94600.0,ipcc_default,973.029,no,0.0,0.0,S1,40,0,54210924.6,31022025.836,23188898.78,14443966.771,2026,2005,liability,A,C,C,36.5537987,111.6917736,kepco;jpower,https://www.gem.wiki/Shanxi_Zhaoguang_power_station
G100000109061,L100000101515,CN,Shanxi Zhaoguang power station,Unit 1,coal,bituminous,subcritical,operating,300.0,2005,2044,40,default,0.53,country_implied,0.53,0.5728,10.2857,default,94600.0,ipcc_default,973.029,no,0.0,0.0,S2,40,0,54210924.6,31022025.836,23188898.78,14443966.771,2026,2005,liability,A,C,C,36.5537987,111.6917736,kepco;jpower,https://www.gem.wiki/Shanxi_Zhaoguang_power_station
G100000109062,L100000101515,CN,Shanxi Zhaoguang power station,Unit 2,coal,bituminous,subcritical,operating,300.0,2005,2044,40,default,0.53,country_implied,0.53,0.5728,10.2857,default,94600.0,ipcc_default,973.029,no,0.0,0.0,S1,40,0,54210924.6,31022025.836,23188898.78,14443966.771,2026,2005,liability,A,C,C,36.5537987,111.6917736,kepco;jpower,https://www.gem.wiki/Shanxi_Zhaoguang_power_station
G100000109062,L100000101515,CN,Shanxi Zhaoguang power station,Unit 2,coal,bituminous,subcritical,operating,300.0,2005,2044,40,default,0.53,country_implied,0.53,0.5728,10.2857,default,94600.0,ipcc_default,973.029,no,0.0,0.0,S2,40,0,54210924.6,31022025.836,23188898.78,14443966.771,2026,2005,liability,A,C,C,36.5537987,111.6917736,kepco;jpower,https://www.gem.wiki/Shanxi_Zhaoguang_power_station
G100000109063,L100000101515,CN,Shanxi Zhaoguang power station,Unit 3,coal,bituminous,supercritical,operating,600.0,2009,2048,40,default,0.53,country_implied,0.53,0.5728,9.2308,default,94600.0,ipcc_default,873.231,no,0.0,0.0,S1,40,0,97301659.56,57105200.65,40196458.916,29636411.033,2026,2009,liability,A,C,C,36.5537987,111.6917736,kepco;jpower,https://www.gem.wiki/Shanxi_Zhaoguang_power_station
G100000109063,L100000101515,CN,Shanxi Zhaoguang power station,Unit 3,coal,bituminous,supercritical,operating,600.0,2009,2048,40,default,0.53,country_implied,0.53,0.5728,9.2308,default,94600.0,ipcc_default,873.231,no,0.0,0.0,S2,40,0,97301659.56,57105200.65,40196458.916,29636411.033,2026,2009,liability,A,C,C,36.5537987,111.6917736,kepco;jpower,https://www.gem.wiki/Shanxi_Zhaoguang_power_station
G100000109064,L100000101515,CN,Shanxi Zhaoguang power station,Unit 4,coal,bituminous,supercritical,operating,600.0,2009,2048,40,default,0.53,country_implied,0.53,0.5728,9.2308,default,94600.0,ipcc_default,873.231,no,0.0,0.0,S1,40,0,97301659.56,57105200.65,40196458.916,29636411.033,2026,2009,liability,A,C,C,36.5537987,111.6917736,kepco;jpower,https://www.gem.wiki/Shanxi_Zhaoguang_power_station
G100000109064,L100000101515,CN,Shanxi Zhaoguang power station,Unit 4,coal,bituminous,supercritical,operating,600.0,2009,2048,40,default,0.53,country_implied,0.53,0.5728,9.2308,default,94600.0,ipcc_default,873.231,no,0.0,0.0,S2,40,0,97301659.56,57105200.65,40196458.916,29636411.033,2026,2009,liability,A,C,C,36.5537987,111.6917736,kepco;jpower,https://www.gem.wiki/Shanxi_Zhaoguang_power_station
G100000604115,L100000604076,CN,Shuifeng hydroelectric plant,,hydro,,conventional storage,operating,630.0,1941,2000,60,default,0.4167,country_implied,0.3776,0.4186,,not_applicable,,not_applicable,0.0,no,0.0,0.0,S1,1,59,0.0,1801825.379,-1801825.379,0,2026,,contribution,A,B,B,40.4615,124.9629,khnp,https://www.gem.wiki/Shuifeng_hydroelectric_plant
G100000604115,L100000604076,CN,Shuifeng hydroelectric plant,,hydro,,conventional storage,operating,630.0,1941,2000,60,default,0.4167,country_implied,0.3776,0.4186,,not_applicable,,not_applicable,0.0,no,0.0,0.0,S2,1,59,0.0,1801825.379,-1801825.379,0,2026,,contribution,A,B,B,40.4615,124.9629,khnp,https://www.gem.wiki/Shuifeng_hydroelectric_plant
G100000111277,L100000101543,CN,Yangcheng power station,Phase I Unit 1,coal,anthracite,subcritical,operating,350.0,2001,2040,40,default,0.53,country_implied,0.53,0.5728,10.2857,default,98300.0,ipcc_default,1011.086,no,0.0,0.0,S1,40,0,65719762.56,38888352.679,26831409.881,13804866.815,2026,2001,liability,A,C,C,35.466123,112.5742039,kepco;jpower,https://www.gem.wiki/Yangcheng_power_station
G100000111277,L100000101543,CN,Yangcheng power station,Phase I Unit 1,coal,anthracite,subcritical,operating,350.0,2001,2040,40,default,0.53,country_implied,0.53,0.5728,10.2857,default,98300.0,ipcc_default,1011.086,no,0.0,0.0,S2,40,0,65719762.56,38888352.679,26831409.881,13804866.815,2026,2001,liability,A,C,C,35.466123,112.5742039,kepco;jpower,https://www.gem.wiki/Yangcheng_power_station
G100000111278,L100000101543,CN,Yangcheng power station,Phase I Unit 2,coal,anthracite,subcritical,operating,350.0,2001,2040,40,default,0.53,country_implied,0.53,0.5728,10.2857,default,98300.0,ipcc_default,1011.086,no,0.0,0.0,S1,40,0,65719762.56,38888352.679,26831409.881,13804866.815,2026,2001,liability,A,C,C,35.466123,112.5742039,kepco;jpower,https://www.gem.wiki/Yangcheng_power_station
G100000111278,L100000101543,CN,Yangcheng power station,Phase I Unit 2,coal,anthracite,subcritical,operating,350.0,2001,2040,40,default,0.53,country_implied,0.53,0.5728,10.2857,default,98300.0,ipcc_default,1011.086,no,0.0,0.0,S2,40,0,65719762.56,38888352.679,26831409.881,13804866.815,2026,2001,liability,A,C,C,35.466123,112.5742039,kepco;jpower,https://www.gem.wiki/Yangcheng_power_station
G100000111279,L100000101543,CN,Yangcheng power station,Phase I Unit 3,coal,anthracite,subcritical,operating,350.0,2001,2040,40,default,0.53,country_implied,0.53,0.5728,10.2857,default,98300.0,ipcc_default,1011.086,no,0.0,0.0,S1,40,0,65719762.56,38888352.679,26831409.881,13804866.815,2026,2001,liability,A,C,C,35.466123,112.5742039,kepco;jpower,https://www.gem.wiki/Yangcheng_power_station
G100000111279,L100000101543,CN,Yangcheng power station,Phase I Unit 3,coal,anthracite,subcritical,operating,350.0,2001,2040,40,default,0.53,country_implied,0.53,0.5728,10.2857,default,98300.0,ipcc_default,1011.086,no,0.0,0.0,S2,40,0,65719762.56,38888352.679,26831409.881,13804866.815,2026,2001,liability,A,C,C,35.466123,112.5742039,kepco;jpower,https://www.gem.wiki/Yangcheng_power_station
G100000111280,L100000101543,CN,Yangcheng power station,Phase I Unit 4,coal,anthracite,subcritical,operating,350.0,2002,2041,40,default,0.53,country_implied,0.53,0.5728,10.2857,default,98300.0,ipcc_default,1011.086,no,0.0,0.0,S1,40,0,65719762.56,38255280.621,27464481.939,14841268.195,2026,2002,liability,A,C,C,35.466123,112.5742039,kepco;jpower,https://www.gem.wiki/Yangcheng_power_station
G100000111280,L100000101543,CN,Yangcheng power station,Phase I Unit 4,coal,anthracite,subcritical,operating,350.0,2002,2041,40,default,0.53,country_implied,0.53,0.5728,10.2857,default,98300.0,ipcc_default,1011.086,no,0.0,0.0,S2,40,0,65719762.56,38255280.621,27464481.939,14841268.195,2026,2002,liability,A,C,C,35.466123,112.5742039,kepco;jpower,https://www.gem.wiki/Yangcheng_power_station
G100000111281,L100000101543,CN,Yangcheng power station,Phase I Unit 5,coal,anthracite,subcritical,operating,350.0,2002,2041,40,default,0.53,country_implied,0.53,0.5728,10.2857,default,98300.0,ipcc_default,1011.086,no,0.0,0.0,S1,40,0,65719762.56,38255280.621,27464481.939,14841268.195,2026,2002,liability,A,C,C,35.466123,112.5742039,kepco;jpower,https://www.gem.wiki/Yangcheng_power_station
G100000111281,L100000101543,CN,Yangcheng power station,Phase I Unit 5,coal,anthracite,subcritical,operating,350.0,2002,2041,40,default,0.53,country_implied,0.53,0.5728,10.2857,default,98300.0,ipcc_default,1011.086,no,0.0,0.0,S2,40,0,65719762.56,38255280.621,27464481.939,14841268.195,2026,2002,liability,A,C,C,35.466123,112.5742039,kepco;jpower,https://www.gem.wiki/Yangcheng_power_station
G100000111282,L100000101543,CN,Yangcheng power station,Phase I Unit 6,coal,anthracite,subcritical,operating,350.0,2002,2041,40,default,0.53,country_implied,0.53,0.5728,10.2857,default,98300.0,ipcc_default,1011.086,no,0.0,0.0,S1,40,0,65719762.56,38255280.621,27464481.939,14841268.195,2026,2002,liability,A,C,C,35.466123,112.5742039,kepco;jpower,https://www.gem.wiki/Yangcheng_power_station
G100000111282,L100000101543,CN,Yangcheng power station,Phase I Unit 6,coal,anthracite,subcritical,operating,350.0,2002,2041,40,default,0.53,country_implied,0.53,0.5728,10.2857,default,98300.0,ipcc_default,1011.086,no,0.0,0.0,S2,40,0,65719762.56,38255280.621,27464481.939,14841268.195,2026,2002,liability,A,C,C,35.466123,112.5742039,kepco;jpower,https://www.gem.wiki/Yangcheng_power_station
G100000111283,L100000101543,CN,Yangcheng power station,Phase II Unit 7,coal,anthracite,subcritical,operating,600.0,2007,2046,40,default,0.53,country_implied,0.53,0.5728,10.2857,default,98300.0,ipcc_default,1011.086,no,0.0,0.0,S1,40,0,112662450.12,59563395.83,53099054.271,34646045.366,2026,2007,liability,A,C,C,35.466123,112.5742039,kepco;jpower,https://www.gem.wiki/Yangcheng_power_station
G100000111283,L100000101543,CN,Yangcheng power station,Phase II Unit 7,coal,anthracite,subcritical,operating,600.0,2007,2046,40,default,0.53,country_implied,0.53,0.5728,10.2857,default,98300.0,ipcc_default,1011.086,no,0.0,0.0,S2,40,0,112662450.12,59563395.83,53099054.271,34646045.366,2026,2007,liability,A,C,C,35.466123,112.5742039,kepco;jpower,https://www.gem.wiki/Yangcheng_power_station
G100000111284,L100000101543,CN,Yangcheng power station,Phase II Unit 8,coal,anthracite,subcritical,operating,600.0,2007,2046,40,default,0.53,country_implied,0.53,0.5728,10.2857,default,98300.0,ipcc_default,1011.086,no,0.0,0.0,S1,40,0,112662450.12,59563395.83,53099054.271,34646045.366,2026,2007,liability,A,C,C,35.466123,112.5742039,kepco;jpower,https://www.gem.wiki/Yangcheng_power_station
G100000111284,L100000101543,CN,Yangcheng power station,Phase II Unit 8,coal,anthracite,subcritical,operating,600.0,2007,2046,40,default,0.53,country_implied,0.53,0.5728,10.2857,default,98300.0,ipcc_default,1011.086,no,0.0,0.0,S2,40,0,112662450.12,59563395.83,53099054.271,34646045.366,2026,2007,liability,A,C,C,35.466123,112.5742039,kepco;jpower,https://www.gem.wiki/Yangcheng_power_station
G100000111447,L100000101548,CN,Youyu power station,Unit 1,coal,bituminous,subcritical,operating,330.0,2011,2050,40,default,0.53,country_implied,0.53,0.5728,10.2857,default,94600.0,ipcc_default,973.029,no,0.0,0.0,S1,40,0,59632017.08,30073087.257,29558929.823,21844350.603,2026,2011,liability,A,C,C,39.866092,112.511718,kepco;jpower,https://www.gem.wiki/Youyu_power_station
G100000111447,L100000101548,CN,Youyu power station,Unit 1,coal,bituminous,subcritical,operating,330.0,2011,2050,40,default,0.53,country_implied,0.53,0.5728,10.2857,default,94600.0,ipcc_default,973.029,no,0.0,0.0,S2,40,0,59632017.08,30073087.257,29558929.823,21844350.603,2026,2011,liability,A,C,C,39.866092,112.511718,kepco;jpower,https://www.gem.wiki/Youyu_power_station
G100000111448,L100000101548,CN,Youyu power station,Unit 2,coal,bituminous,subcritical,operating,330.0,2012,2051,40,default,0.53,country_implied,0.53,0.5728,10.2857,default,94600.0,ipcc_default,973.029,no,0.0,0.0,S1,40,0,59632017.08,29382332.215,30249684.864,22873197.258,2026,2012,liability,A,C,C,39.866092,112.511718,kepco;jpower,https://www.gem.wiki/Youyu_power_station
G100000111448,L100000101548,CN,Youyu power station,Unit 2,coal,bituminous,subcritical,operating,330.0,2012,2051,40,default,0.53,country_implied,0.53,0.5728,10.2857,default,94600.0,ipcc_default,973.029,no,0.0,0.0,S2,40,0,59632017.08,29382332.215,30249684.864,22873197.258,2026,2012,liability,A,C,C,39.866092,112.511718,kepco;jpower,https://www.gem.wiki/Youyu_power_station
G100000111465,L100000101551,CN,Yuguang Coal power station,Unit 1,coal,bituminous,ultra-supercritical,operating,1000.0,2021,2060,40,default,0.53,country_implied,0.53,0.5728,8.3721,default,94600.0,ipcc_default,792.0,no,0.0,0.0,S1,40,0,147083904.0,72714358.51,74369545.49,69214087.514,2026,2021,liability,A,C,C,38.078135,113.482791,kepco;jpower,https://www.gem.wiki/Yuguang_Coal_power_station
G100000111465,L100000101551,CN,Yuguang Coal power station,Unit 1,coal,bituminous,ultra-supercritical,operating,1000.0,2021,2060,40,default,0.53,country_implied,0.53,0.5728,8.3721,default,94600.0,ipcc_default,792.0,no,0.0,0.0,S2,40,0,147083904.0,72714358.51,74369545.49,69214087.514,2026,2021,liability,A,C,C,38.078135,113.482791,kepco;jpower,https://www.gem.wiki/Yuguang_Coal_power_station
G100000111466,L100000101551,CN,Yuguang Coal power station,Unit 2,coal,bituminous,ultra-supercritical,operating,1000.0,2021,2060,40,default,0.53,country_implied,0.53,0.5728,8.3721,default,94600.0,ipcc_default,792.0,no,0.0,0.0,S1,40,0,147083904.0,72714358.51,74369545.49,69214087.514,2026,2021,liability,A,C,C,38.078135,113.482791,kepco;jpower,https://www.gem.wiki/Yuguang_Coal_power_station
G100000111466,L100000101551,CN,Yuguang Coal power station,Unit 2,coal,bituminous,ultra-supercritical,operating,1000.0,2021,2060,40,default,0.53,country_implied,0.53,0.5728,8.3721,default,94600.0,ipcc_default,792.0,no,0.0,0.0,S2,40,0,147083904.0,72714358.51,74369545.49,69214087.514,2026,2021,liability,A,C,C,38.078135,113.482791,kepco;jpower,https://www.gem.wiki/Yuguang_Coal_power_station
G100001072762,L100000815924,DK,Kassø solar farm,power-to-x,solar,,PV,operating,52.0,2025,2049,25,default,0.1042,country_implied,0.088,0.1184,,not_applicable,,not_applicable,0.0,no,0.0,0.0,S1,25,0,0.0,49832.442,-49832.442,-44401.95,2026,,contribution,A,B,B,55.025,9.2561,mitsui,https://www.gem.wiki/Kassø_solar_farm
G100001072762,L100000815924,DK,Kassø solar farm,power-to-x,solar,,PV,operating,52.0,2025,2049,25,default,0.1042,country_implied,0.088,0.1184,,not_applicable,,not_applicable,0.0,no,0.0,0.0,S2,25,0,0.0,49832.442,-49832.442,-44401.95,2026,,contribution,A,B,B,55.025,9.2561,mitsui,https://www.gem.wiki/Kassø_solar_farm
G100000900028,L100000900026,EG,Ras Ghareb wind farm,1,wind,,Onshore,operating,263.0,2019,2043,25,default,0.3504,country_implied,0.3186,0.4107,,not_applicable,,not_applicable,0.0,no,0.0,0.0,S1,25,0,0.0,11013447.311,-11013447.311,-7785386.64,2026,,contribution,A,B,B,28.4005,32.9572,toyota_tsusho,https://www.gem.wiki/Ras_Ghareb_wind_farm
G100000900064,L100000900026,EG,Ras Ghareb wind farm,2,wind,,Onshore,operating,306.0,2025,2049,25,default,0.3504,country_implied,0.3186,0.4107,,not_applicable,,not_applicable,0.0,no,0.0,0.0,S1,25,0,0.0,12419727.318,-12419727.318,-11890703.276,2026,,contribution,A,B,B,28.1338,33.2602,toyota_tsusho,https://www.gem.wiki/Ras_Ghareb_wind_farm
G100001050895,L100000900026,EG,Ras Ghareb wind farm,3,wind,,Onshore,operating,344.0,2025,2049,25,default,0.3504,country_implied,0.3186,0.4107,,not_applicable,,not_applicable,0.0,no,0.0,0.0,S1,25,0,0.0,13962046.399,-13962046.399,-13367326.561,2026,,contribution,A,B,B,28.1338,33.2602,toyota_tsusho,https://www.gem.wiki/Ras_Ghareb_wind_farm
G100000827656,L100000824500,ES,El Carpio 1 Thermosolar farm,--,solar,,Solar Thermal,operating,50.0,2012,2036,25,default,0.1521,country_implied,0.1521,0.1926,,not_applicable,,not_applicable,0.0,no,0.0,0.0,S1,25,0,0.0,302764.088,-302764.088,-70636.722,2026,,contribution,A,B,B,37.9557,-4.5029,jgc,https://www.gem.wiki/El_Carpio_1_Thermosolar_farm
G100000827656,L100000824500,ES,El Carpio 1 Thermosolar farm,--,solar,,Solar Thermal,operating,50.0,2012,2036,25,default,0.1521,country_implied,0.1521,0.1926,,not_applicable,,not_applicable,0.0,no,0.0,0.0,S2,25,0,0.0,302635.696,-302635.696,-70508.33,2026,,contribution,A,B,B,37.9557,-4.5029,jgc,https://www.gem.wiki/El_Carpio_1_Thermosolar_farm
G100000827657,L100000824501,ES,El Carpio 2 Thermosolar farm,--,solar,,Solar Thermal,operating,50.0,2012,2036,25,default,0.1521,country_implied,0.1521,0.1926,,not_applicable,,not_applicable,0.0,no,0.0,0.0,S1,25,0,0.0,302764.088,-302764.088,-70636.722,2026,,contribution,A,B,B,37.961,-4.4754,jgc,https://www.gem.wiki/El_Carpio_2_Thermosolar_farm
G100000827657,L100000824501,ES,El Carpio 2 Thermosolar farm,--,solar,,Solar Thermal,operating,50.0,2012,2036,25,default,0.1521,country_implied,0.1521,0.1926,,not_applicable,,not_applicable,0.0,no,0.0,0.0,S2,25,0,0.0,302635.696,-302635.696,-70508.33,2026,,contribution,A,B,B,37.961,-4.4754,jgc,https://www.gem.wiki/El_Carpio_2_Thermosolar_farm
G100000828105,L100000824865,ES,Solaben 2 CSP solar farm,--,solar,,Solar Thermal,operating,50.0,2012,2036,25,default,0.1521,country_implied,0.1521,0.1926,,not_applicable,,not_applicable,0.0,no,0.0,0.0,S1,25,0,0.0,302764.088,-302764.088,-70636.722,2026,,contribution,A,B,B,39.2291,-5.398,itochu,https://www.gem.wiki/Solaben_2_CSP_solar_farm
G100000828105,L100000824865,ES,Solaben 2 CSP solar farm,--,solar,,Solar Thermal,operating,50.0,2012,2036,25,default,0.1521,country_implied,0.1521,0.1926,,not_applicable,,not_applicable,0.0,no,0.0,0.0,S2,25,0,0.0,302635.696,-302635.696,-70508.33,2026,,contribution,A,B,B,39.2291,-5.398,itochu,https://www.gem.wiki/Solaben_2_CSP_solar_farm
G100000828106,L100000824866,ES,Solaben 3 CSP solar farm,--,solar,,Solar Thermal,operating,50.0,2012,2036,25,default,0.1521,country_implied,0.1521,0.1926,,not_applicable,,not_applicable,0.0,no,0.0,0.0,S1,25,0,0.0,302764.088,-302764.088,-70636.722,2026,,contribution,A,B,B,39.225,-5.3985,itochu,https://www.gem.wiki/Solaben_3_CSP_solar_farm
G100000828106,L100000824866,ES,Solaben 3 CSP solar farm,--,solar,,Solar Thermal,operating,50.0,2012,2036,25,default,0.1521,country_implied,0.1521,0.1926,,not_applicable,,not_applicable,0.0,no,0.0,0.0,S2,25,0,0.0,302635.696,-302635.696,-70508.33,2026,,contribution,A,B,B,39.225,-5.3985,itochu,https://www.gem.wiki/Solaben_3_CSP_solar_farm
G100000915831,L100000912691,ES,Vicedo wind farm,--,wind,,Onshore,operating,25.0,1998,2022,25,default,0.2014,country_implied,0.2014,0.2538,,not_applicable,,not_applicable,0.0,no,0.0,0.0,S1,25,0,0.0,392234.698,-392234.698,0,2026,,contribution,A,B,B,43.692,-7.6718,toyota_tsusho,https://www.gem.wiki/Vicedo_wind_farm
G100000915831,L100000912691,ES,Vicedo wind farm,--,wind,,Onshore,operating,25.0,1998,2022,25,default,0.2014,country_implied,0.2014,0.2538,,not_applicable,,not_applicable,0.0,no,0.0,0.0,S2,25,0,0.0,392234.698,-392234.698,0,2026,,contribution,A,B,B,43.692,-7.6718,toyota_tsusho,https://www.gem.wiki/Vicedo_wind_farm
G100000201371,L100000201153,FI,Joutseno Pulp power station,--,bioenergy,wood,,operating,85.0,2012,2041,30,default,0.3225,country_implied,0.3225,0.6226,13.4328,default,112000.0,ipcc_default,0.0,yes,1504.478,10838264.239,S1,30,0,0.0,625277.976,-625277.976,-89031.055,2026,,contribution,A,C,C,61.1303,28.4521,itochu,https://www.gem.wiki/Joutseno_Pulp_power_station
G100000201371,L100000201153,FI,Joutseno Pulp power station,--,bioenergy,wood,,operating,85.0,2012,2041,30,default,0.3225,country_implied,0.3225,0.6226,13.4328,default,112000.0,ipcc_default,0.0,yes,1504.478,10838264.239,S2,30,0,0.0,625277.976,-625277.976,-89031.055,2026,,contribution,A,C,C,61.1303,28.4521,itochu,https://www.gem.wiki/Joutseno_Pulp_power_station
G100000200289,L100000200256,FI,Kemi Bioproduct Mill power station,--,bioenergy,wood,,operating,270.0,2023,2052,30,default,0.3225,country_implied,0.3225,0.6226,13.4328,default,112000.0,ipcc_default,0.0,yes,1504.478,34427427.582,S1,30,0,0.0,471949.123,-471949.123,-315343.377,2026,,contribution,A,C,C,65.7613,24.522,itochu,https://www.gem.wiki/Kemi_Bioproduct_Mill_power_station
G100000200289,L100000200256,FI,Kemi Bioproduct Mill power station,--,bioenergy,wood,,operating,270.0,2023,2052,30,default,0.3225,country_implied,0.3225,0.6226,13.4328,default,112000.0,ipcc_default,0.0,yes,1504.478,34427427.582,S2,30,0,0.0,471949.123,-471949.123,-315343.377,2026,,contribution,A,C,C,65.7613,24.522,itochu,https://www.gem.wiki/Kemi_Bioproduct_Mill_power_station
G100000200290,L100000200257,FI,Kemi Pulp Mill power station,--,bioenergy,wood,,retired,83.0,1980,2023,44,retired_year,0.3225,country_implied,0.3225,0.6226,13.4328,default,112000.0,ipcc_default,0.0,yes,1504.478,11994345.758,S1,34,10,0.0,2002088.758,-2002088.758,0,2026,,contribution,A,C,C,65.7602,24.5293,itochu,https://www.gem.wiki/Kemi_Pulp_Mill_power_station
G100000200290,L100000200257,FI,Kemi Pulp Mill power station,--,bioenergy,wood,,retired,83.0,1980,2023,44,retired_year,0.3225,country_implied,0.3225,0.6226,13.4328,default,112000.0,ipcc_default,0.0,yes,1504.478,11994345.758,S2,34,10,0.0,2002088.758,-2002088.758,0,2026,,contribution,A,C,C,65.7602,24.5293,itochu,https://www.gem.wiki/Kemi_Pulp_Mill_power_station
G100000201378,L100000201159,FI,Metsä Rauma power station,--,bioenergy,wood,,operating,75.0,1996,2025,30,default,0.3225,country_implied,0.3225,0.6226,13.4328,default,112000.0,ipcc_default,0.0,yes,1504.478,9563174.328,S1,30,0,0.0,1470703.976,-1470703.976,0,2026,,contribution,A,C,C,61.1113,21.4648,itochu,https://www.gem.wiki/Metsä_Rauma_power_station
G100000201378,L100000201159,FI,Metsä Rauma power station,--,bioenergy,wood,,operating,75.0,1996,2025,30,default,0.3225,country_implied,0.3225,0.6226,13.4328,default,112000.0,ipcc_default,0.0,yes,1504.478,9563174.328,S2,30,0,0.0,1470703.976,-1470703.976,0,2026,,contribution,A,C,C,61.1113,21.4648,itochu,https://www.gem.wiki/Metsä_Rauma_power_station
G100000200235,L100000200209,FI,Äänekoski Bioproduct Mill power station,--,bioenergy,wood,,operating,260.0,2017,2046,30,default,0.3225,country_implied,0.3225,0.6226,13.4328,default,112000.0,ipcc_default,0.0,yes,1504.478,33152337.672,S1,30,0,0.0,1138235.956,-1138235.956,-291863.684,2026,,contribution,A,C,C,62.5908,25.7522,itochu,https://www.gem.wiki/Äänekoski_Bioproduct_Mill_power_station
G100000200235,L100000200209,FI,Äänekoski Bioproduct Mill power station,--,bioenergy,wood,,operating,260.0,2017,2046,30,default,0.3225,country_implied,0.3225,0.6226,13.4328,default,112000.0,ipcc_default,0.0,yes,1504.478,33152337.672,S2,30,0,0.0,1138235.956,-1138235.956,-291863.684,2026,,contribution,A,C,C,62.5908,25.7522,itochu,https://www.gem.wiki/Äänekoski_Bioproduct_Mill_power_station
G100001052830,L100001046672,FI,Äänekoski power station,--,bioenergy,wood,,operating,35.0,2002,2031,30,default,0.3225,country_implied,0.3225,0.6226,13.4328,default,112000.0,ipcc_default,0.0,yes,1504.478,4462814.687,S1,30,0,0.0,539291.705,-539291.705,-22440.93,2026,,contribution,A,C,C,62.5978045489148,25.7324928288353,itochu,https://www.gem.wiki/Äänekoski_power_station
G100001052830,L100001046672,FI,Äänekoski power station,--,bioenergy,wood,,operating,35.0,2002,2031,30,default,0.3225,country_implied,0.3225,0.6226,13.4328,default,112000.0,ipcc_default,0.0,yes,1504.478,4462814.687,S2,30,0,0.0,539291.705,-539291.705,-22440.93,2026,,contribution,A,C,C,62.5978045489148,25.7324928288353,itochu,https://www.gem.wiki/Äänekoski_power_station
G100000915436,L100000912337,FR,Basse Thiérarche wind farm,Sud,wind,,Onshore,operating,24.0,2014,2038,25,default,0.2068,country_implied,0.2068,0.2495,,not_applicable,,not_applicable,0.0,no,0.0,0.0,S1,25,0,0.0,48614.674,-48614.674,-17718.165,2026,,contribution,A,B,B,49.9509,3.6645,mitsubishi_corp,https://www.gem.wiki/Basse_Thiérarche_wind_farm
G100000915436,L100000912337,FR,Basse Thiérarche wind farm,Sud,wind,,Onshore,operating,24.0,2014,2038,25,default,0.2068,country_implied,0.2068,0.2495,,not_applicable,,not_applicable,0.0,no,0.0,0.0,S2,25,0,0.0,43939.164,-43939.164,-13042.655,2026,,contribution,A,B,B,49.9509,3.6645,mitsubishi_corp,https://www.gem.wiki/Basse_Thiérarche_wind_farm
G100000920005,L100000916207,FR,Dieppe-Le Treport wind farm,--,wind,,Offshore hard mount,construction,496.0,2026,2050,25,default,0.2068,country_implied,0.2068,0.2495,,not_applicable,,not_applicable,0.0,no,0.0,0.0,S1,25,0,0.0,566775.225,-566775.225,-566775.225,2026,,contribution,A,B,B,50.1876,1.0274,sumitomo_corp,https://www.gem.wiki/Dieppe-Le_Treport_wind_farm
G100000920005,L100000916207,FR,Dieppe-Le Treport wind farm,--,wind,,Offshore hard mount,construction,496.0,2026,2050,25,default,0.2068,country_implied,0.2068,0.2495,,not_applicable,,not_applicable,0.0,no,0.0,0.0,S2,25,0,0.0,347652.336,-347652.336,-347652.336,2026,,contribution,A,B,B,50.1876,1.0274,sumitomo_corp,https://www.gem.wiki/Dieppe-Le_Treport_wind_farm
G100000911915,L100000909176,FR,Plaine De L’Escrebieux wind farm,--,wind,,Onshore,operating,12.0,2014,2038,25,default,0.2068,country_implied,0.2068,0.2495,,not_applicable,,not_applicable,0.0,no,0.0,0.0,S1,25,0,0.0,24307.341,-24307.341,-8859.085,2026,,contribution,A,B,B,50.3919,3.0483,mitsubishi_corp,https://www.gem.wiki/Plaine_De_L’Escrebieux_wind_farm
G100000911915,L100000909176,FR,Plaine De L’Escrebieux wind farm,--,wind,,Onshore,operating,12.0,2014,2038,25,default,0.2068,country_implied,0.2068,0.2495,,not_applicable,,not_applicable,0.0,no,0.0,0.0,S2,25,0,0.0,21969.582,-21969.582,-6521.326,2026,,contribution,A,B,B,50.3919,3.0483,mitsubishi_corp,https://www.gem.wiki/Plaine_De_L’Escrebieux_wind_farm
G100000913238,L100000910386,FR,Seuil De Bapaume wind farm,1,wind,,Onshore,operating,15.0,2014,2038,25,default,0.2068,country_implied,0.2068,0.2495,,not_applicable,,not_applicable,0.0,no,0.0,0.0,S1,25,0,0.0,30384.17,-30384.17,-11073.852,2026,,contribution,A,B,B,50.0531,2.8908,mitsubishi_corp,https://www.gem.wiki/Seuil_De_Bapaume_wind_farm
G100000913238,L100000910386,FR,Seuil De Bapaume wind farm,1,wind,,Onshore,operating,15.0,2014,2038,25,default,0.2068,country_implied,0.2068,0.2495,,not_applicable,,not_applicable,0.0,no,0.0,0.0,S2,25,0,0.0,27461.977,-27461.977,-8151.659,2026,,contribution,A,B,B,50.0531,2.8908,mitsubishi_corp,https://www.gem.wiki/Seuil_De_Bapaume_wind_farm
G100000806629,L100000805759,FR,Toul-Rosières Solar Park,1,solar,,PV,operating,55.0,2012,2036,25,default,0.117,country_implied,0.1124,0.1314,,not_applicable,,not_applicable,0.0,no,0.0,0.0,S1,25,0,0.0,68927.006,-68927.006,-20194.058,2026,,contribution,A,B,B,48.783,5.9826,mitsubishi_corp,https://www.gem.wiki/Toul-Rosières_Solar_Park
G100000806629,L100000805759,FR,Toul-Rosières Solar Park,1,solar,,PV,operating,55.0,2012,2036,25,default,0.117,country_implied,0.1124,0.1314,,not_applicable,,not_applicable,0.0,no,0.0,0.0,S2,25,0,0.0,64162.462,-64162.462,-15429.514,2026,,contribution,A,B,B,48.783,5.9826,mitsubishi_corp,https://www.gem.wiki/Toul-Rosières_Solar_Park
G100000200254,L100000200224,GB,Brigg Renewable Energy power station,--,bioenergy,wood,,operating,40.0,2016,2045,30,default,0.6711,country_implied,0.5801,0.6848,13.4328,default,112000.0,ipcc_default,0.0,yes,1504.478,10613492.576,S1,30,0,0.0,1234328.31,-1234328.31,-617316.253,2026,,contribution,A,C,C,53.5423,-0.5092,tokyo_gas,https://www.gem.wiki/Brigg_Renewable_Energy_power_station
G100000200254,L100000200224,GB,Brigg Renewable Energy power station,--,bioenergy,wood,,operating,40.0,2016,2045,30,default,0.6711,country_implied,0.5801,0.6848,13.4328,default,112000.0,ipcc_default,0.0,yes,1504.478,10613492.576,S2,30,0,0.0,1234328.31,-1234328.31,-617316.253,2026,,contribution,A,C,C,53.5423,-0.5092,tokyo_gas,https://www.gem.wiki/Brigg_Renewable_Energy_power_station
G100001092248,L100001081921,GB,Galloper offshore wind farm,1,wind,,Offshore hard mount,operating,353.0,2018,2042,25,default,0.2934,country_implied,0.2878,0.3184,,not_applicable,,not_applicable,0.0,no,0.0,0.0,S1,25,0,0.0,3966591.121,-3966591.121,-2162728.916,2026,,contribution,A,B,B,51.88,2.04,sumitomo_corp,https://www.gem.wiki/Galloper_offshore_wind_farm
G100001092248,L100001081921,GB,Galloper offshore wind farm,1,wind,,Offshore hard mount,operating,353.0,2018,2042,25,default,0.2934,country_implied,0.2878,0.3184,,not_applicable,,not_applicable,0.0,no,0.0,0.0,S2,25,0,0.0,3966591.121,-3966591.121,-2162728.916,2026,,contribution,A,B,B,51.88,2.04,sumitomo_corp,https://www.gem.wiki/Galloper_offshore_wind_farm
G100000108655,L100000103761,GB,Rugeley power station,Unit B1,coal,bituminous,subcritical,retired,547.0,1972,2016,45,retired_year,0.1989,country_implied,0.0819,0.1989,10.2857,default,94600.0,ipcc_default,973.029,no,0.0,0.0,S1,27,18,25038918.855,13845102.426,11193816.423,0,2026,1990,liability,A,C,C,52.757445,-1.919979,mitsui,https://www.gem.wiki/Rugeley_power_station
G100000108655,L100000103761,GB,Rugeley power station,Unit B1,coal,bituminous,subcritical,retired,547.0,1972,2016,45,retired_year,0.1989,country_implied,0.0819,0.1989,10.2857,default,94600.0,ipcc_default,973.029,no,0.0,0.0,S2,27,18,25038918.855,13845102.426,11193816.423,0,2026,1990,liability,A,C,C,52.757445,-1.919979,mitsui,https://www.gem.wiki/Rugeley_power_station
G100000108656,L100000103761,GB,Rugeley power station,Unit B2,coal,bituminous,subcritical,retired,547.0,1972,2016,45,retired_year,0.1989,country_implied,0.0819,0.1989,10.2857,default,94600.0,ipcc_default,973.029,no,0.0,0.0,S1,27,18,25038918.855,13845102.426,11193816.423,0,2026,1990,liability,A,C,C,52.757445,-1.919979,mitsui,https://www.gem.wiki/Rugeley_power_station
G100000108656,L100000103761,GB,Rugeley power station,Unit B2,coal,bituminous,subcritical,retired,547.0,1972,2016,45,retired_year,0.1989,country_implied,0.0819,0.1989,10.2857,default,94600.0,ipcc_default,973.029,no,0.0,0.0,S2,27,18,25038918.855,13845102.426,11193816.423,0,2026,1990,liability,A,C,C,52.757445,-1.919979,mitsui,https://www.gem.wiki/Rugeley_power_station
G100000200324,L100000200289,GB,Severnside Energy-from-Waste power station,--,bioenergy,wood,,operating,38.0,2016,2045,30,default,0.6711,country_implied,0.5801,0.6848,13.4328,default,112000.0,ipcc_default,0.0,yes,1504.478,10082817.947,S1,30,0,0.0,1172611.893,-1172611.893,-586450.438,2026,,contribution,A,C,C,51.5406,-2.6553,itochu,https://www.gem.wiki/Severnside_Energy-from-Waste_power_station
G100000200324,L100000200289,GB,Severnside Energy-from-Waste power station,--,bioenergy,wood,,operating,38.0,2016,2045,30,default,0.6711,country_implied,0.5801,0.6848,13.4328,default,112000.0,ipcc_default,0.0,yes,1504.478,10082817.947,S2,30,0,0.0,1172611.893,-1172611.893,-586450.438,2026,,contribution,A,C,C,51.5406,-2.6553,itochu,https://www.gem.wiki/Severnside_Energy-from-Waste_power_station
G100000200331,L100000200296,GB,Snetterton power station,--,bioenergy,wood,,operating,42.0,2017,2046,30,default,0.6711,country_implied,0.5801,0.6848,13.4328,default,112000.0,ipcc_default,0.0,yes,1504.478,11144167.204,S1,30,0,0.0,1231588.626,-1231588.626,-666058.477,2026,,contribution,A,C,C,52.4816,0.9541,tokyo_gas,https://www.gem.wiki/Snetterton_power_station
G100000200331,L100000200296,GB,Snetterton power station,--,bioenergy,wood,,operating,42.0,2017,2046,30,default,0.6711,country_implied,0.5801,0.6848,13.4328,default,112000.0,ipcc_default,0.0,yes,1504.478,11144167.204,S2,30,0,0.0,1231588.626,-1231588.626,-666058.477,2026,,contribution,A,C,C,52.4816,0.9541,tokyo_gas,https://www.gem.wiki/Snetterton_power_station
G100001063662,L100001055748,GB,Triton Knoll (Innogy) wind farm,--,wind,,Offshore mount unknown,operating,857.0,2022,2046,25,default,0.2934,country_implied,0.2878,0.3184,,not_applicable,,not_applicable,0.0,no,0.0,0.0,S1,25,0,0.0,7978174.508,-7978174.508,-5941782.668,2026,,contribution,A,B,B,53.2123,0.8616,jpower;kansai,https://www.gem.wiki/Triton_Knoll_(Innogy)_wind_farm
G100001063662,L100001055748,GB,Triton Knoll (Innogy) wind farm,--,wind,,Offshore mount unknown,operating,857.0,2022,2046,25,default,0.2934,country_implied,0.2878,0.3184,,not_applicable,,not_applicable,0.0,no,0.0,0.0,S2,25,0,0.0,7978174.508,-7978174.508,-5941782.668,2026,,contribution,A,B,B,53.2123,0.8616,jpower;kansai,https://www.gem.wiki/Triton_Knoll_(Innogy)_wind_farm
G100000200357,L100000200321,GB,Wilton EFW power station,1,bioenergy,wood,,operating,49.0,2018,2047,30,default,0.6711,country_implied,0.5801,0.6848,13.4328,default,112000.0,ipcc_default,0.0,yes,1504.478,13001528.405,S1,30,0,0.0,1369592.653,-1369592.653,-796860.106,2026,,contribution,A,C,C,54.587793,-1.127987,itochu,https://www.gem.wiki/Wilton_11_Energy_from_Waste_power_station
G100000200357,L100000200321,GB,Wilton EFW power station,1,bioenergy,wood,,operating,49.0,2018,2047,30,default,0.6711,country_implied,0.5801,0.6848,13.4328,default,112000.0,ipcc_default,0.0,yes,1504.478,13001528.405,S2,30,0,0.0,1369592.653,-1369592.653,-796860.106,2026,,contribution,A,C,C,54.587793,-1.127987,itochu,https://www.gem.wiki/Wilton_11_Energy_from_Waste_power_station
G100000407094,L100000406753,GH,Kpone IPP (KIPP) power station,1,gas,natural_gas,combined cycle,operating,350.0,2019,2048,30,default,0.5562,country_implied,0.4626,0.5562,6.5455,default,56100.0,ipcc_default,367.2,no,0.0,0.0,S1,30,0,18785686.14,30453591.949,-11667905.797,-10551911.041,2026,,contribution,A,C,C,5.681203,0.041086,sumitomo_corp,https://www.gem.wiki/Kpone_IPP_(KIPP)_power_station
G100000806445,L100000805602,GU,Mangilao solar farm,--,solar,,PV,operating,60.0,2022,2046,25,default,0.1826,country_implied,0.1598,0.1826,,not_applicable,,not_applicable,0.0,no,0.0,0.0,S1,25,0,0.0,1363405.173,-1363405.173,-1129881.631,2026,,contribution,A,B,B,13.4891,144.8613,kepco,https://www.gem.wiki/Mangilao_solar_farm
G100000806445,L100000805602,GU,Mangilao solar farm,--,solar,,PV,operating,60.0,2022,2046,25,default,0.1826,country_implied,0.1598,0.1826,,not_applicable,,not_applicable,0.0,no,0.0,0.0,S2,25,0,0.0,763345.371,-763345.371,-533823.028,2026,,contribution,A,B,B,13.4891,144.8613,kepco,https://www.gem.wiki/Mangilao_solar_farm
G100000407918,L100000406935,GU,Ukudu power station,1,gas,natural_gas,combined cycle,operating,198.0,2025,2054,30,default,0.5,default,0.30,0.70,6.5455,default,56100.0,ipcc_default,367.2,no,0.0,0.0,S1,30,0,9553515.84,14256400.87,-4702885.03,-4498015.45,2026,,contribution,A,C,C,13.52612,144.817776,kepco,https://www.gem.wiki/Ukudu_power_station
G100000407918,L100000406935,GU,Ukudu power station,1,gas,natural_gas,combined cycle,operating,198.0,2025,2054,30,default,0.5,default,0.30,0.70,6.5455,default,56100.0,ipcc_default,367.2,no,0.0,0.0,S2,30,0,9553515.84,5847832.969,3705682.871,3874397.041,2026,2031,liability,A,C,C,13.52612,144.817776,kepco,https://www.gem.wiki/Ukudu_power_station
G100001062047,L100001054214,GU,Yona solar farm,--,solar,,Assumed PV,announced,132.0,2028,2052,25,default,0.1826,country_implied,0.1598,0.1826,,not_applicable,,not_applicable,0.0,no,0.0,0.0,S1,25,0,0.0,2881180.881,-2881180.881,-2881180.881,2026,,contribution,A,B,B,13.388,144.7217,kepco;ewp;samsung_ct,https://www.gem.wiki/Yona_solar_farm
G100001062047,L100001054214,GU,Yona solar farm,--,solar,,Assumed PV,announced,132.0,2028,2052,25,default,0.1826,country_implied,0.1598,0.1826,,not_applicable,,not_applicable,0.0,no,0.0,0.0,S2,25,0,0.0,1068627.246,-1068627.246,-1068627.246,2026,,contribution,A,B,B,13.388,144.7217,kepco;ewp;samsung_ct,https://www.gem.wiki/Yona_solar_farm
G100000100367,L100000102695,ID,Asahimas Chemical power station,Unit 1,coal,bituminous,unknown,operating,150.0,2019,2058,40,default,0.46,country_implied,0.46,0.5534,9.7297,default,94600.0,ipcc_default,920.432,no,0.0,0.0,S1,40,0,22253847.16,15874932.553,6378914.623,5372997.944,2026,2019,liability,A,C,C,-6.024754,105.942635,mitsubishi_corp,https://www.gem.wiki/Asahimas_Chemical_power_station
G100000100367,L100000102695,ID,Asahimas Chemical power station,Unit 1,coal,bituminous,unknown,operating,150.0,2019,2058,40,default,0.46,country_implied,0.46,0.5534,9.7297,default,94600.0,ipcc_default,920.432,no,0.0,0.0,S2,40,0,22253847.16,15874932.553,6378914.623,5372997.944,2026,2019,liability,A,C,C,-6.024754,105.942635,mitsubishi_corp,https://www.gem.wiki/Asahimas_Chemical_power_station
G100000112731,L100000102695,ID,Asahimas Chemical power station,Unit 2,coal,bituminous,unknown,operating,150.0,2019,2058,40,default,0.46,country_implied,0.46,0.5534,9.7297,default,94600.0,ipcc_default,920.432,no,0.0,0.0,S1,40,0,22253847.16,15874932.553,6378914.623,5372997.944,2026,2019,liability,A,C,C,-6.024754,105.942635,mitsubishi_corp,https://www.gem.wiki/Asahimas_Chemical_power_station
G100000112731,L100000102695,ID,Asahimas Chemical power station,Unit 2,coal,bituminous,unknown,operating,150.0,2019,2058,40,default,0.46,country_implied,0.46,0.5534,9.7297,default,94600.0,ipcc_default,920.432,no,0.0,0.0,S2,40,0,22253847.16,15874932.553,6378914.623,5372997.944,2026,2019,liability,A,C,C,-6.024754,105.942635,mitsubishi_corp,https://www.gem.wiki/Asahimas_Chemical_power_station
G100000100538,L100000102699,ID,Banten Suralaya power station,Unit 09,coal,sub_bituminous,ultra-supercritical,operating,1000.0,2025,2064,40,default,0.46,country_implied,0.46,0.5534,8.3721,default,96100.0,ipcc_default,804.558,no,0.0,0.0,S1,40,0,129681899.16,104312964.118,25368935.047,24861311.266,2026,2025,liability,A,C,C,-5.8892179,106.0336018,,https://www.gem.wiki/Banten_Suralaya_power_station
G100000100538,L100000102699,ID,Banten Suralaya power station,Unit 09,coal,sub_bituminous,ultra-supercritical,operating,1000.0,2025,2064,40,default,0.46,country_implied,0.46,0.5534,8.3721,default,96100.0,ipcc_default,804.558,no,0.0,0.0,S2,40,0,129681899.16,104312964.118,25368935.047,24861311.266,2026,2025,liability,A,C,C,-5.8892179,106.0336018,,https://www.gem.wiki/Banten_Suralaya_power_station
G100000113472,L100000102699,ID,Banten Suralaya power station,Unit 10,coal,sub_bituminous,ultra-supercritical,operating,1000.0,2025,2064,40,default,0.46,country_implied,0.46,0.5534,8.3721,default,96100.0,ipcc_default,804.558,no,0.0,0.0,S1,40,0,129681899.16,104312964.118,25368935.047,24861311.266,2026,2025,liability,A,C,C,-5.8892179,106.0336018,,https://www.gem.wiki/Banten_Suralaya_power_station
G100000113472,L100000102699,ID,Banten Suralaya power station,Unit 10,coal,sub_bituminous,ultra-supercritical,operating,1000.0,2025,2064,40,default,0.46,country_implied,0.46,0.5534,8.3721,default,96100.0,ipcc_default,804.558,no,0.0,0.0,S2,40,0,129681899.16,104312964.118,25368935.047,24861311.266,2026,2025,liability,A,C,C,-5.8892179,106.0336018,,https://www.gem.wiki/Banten_Suralaya_power_station
G100000101261,L100000102709,ID,Central Java Power Project,Unit 1,coal,sub_bituminous,ultra-supercritical,operating,950.0,2022,2061,40,default,0.46,country_implied,0.46,0.5534,8.3721,default,96100.0,ipcc_default,804.558,no,0.0,0.0,S1,40,0,123197804.2,99794740.803,23403063.4,21478329.996,2026,2022,liability,A,C,C,-6.900828,109.803685,itochu;jpower,https://www.gem.wiki/Central_Java_Power_Project
G100000101261,L100000102709,ID,Central Java Power Project,Unit 1,coal,sub_bituminous,ultra-supercritical,operating,950.0,2022,2061,40,default,0.46,country_implied,0.46,0.5534,8.3721,default,96100.0,ipcc_default,804.558,no,0.0,0.0,S2,40,0,123197804.2,99794740.803,23403063.4,21478329.996,2026,2022,liability,A,C,C,-6.900828,109.803685,itochu;jpower,https://www.gem.wiki/Central_Java_Power_Project
G100000101262,L100000102709,ID,Central Java Power Project,Unit 2,coal,sub_bituminous,ultra-supercritical,operating,950.0,2022,2061,40,default,0.46,country_implied,0.46,0.5534,8.3721,default,96100.0,ipcc_default,804.558,no,0.0,0.0,S1,40,0,123197804.2,99794740.803,23403063.4,21478329.996,2026,2022,liability,A,C,C,-6.900828,109.803685,itochu;jpower,https://www.gem.wiki/Central_Java_Power_Project
G100000101262,L100000102709,ID,Central Java Power Project,Unit 2,coal,sub_bituminous,ultra-supercritical,operating,950.0,2022,2061,40,default,0.46,country_implied,0.46,0.5534,8.3721,default,96100.0,ipcc_default,804.558,no,0.0,0.0,S2,40,0,123197804.2,99794740.803,23403063.4,21478329.996,2026,2022,liability,A,C,C,-6.900828,109.803685,itochu;jpower,https://www.gem.wiki/Central_Java_Power_Project
G100000101590,L100000102814,ID,Cirebon power station,Unit 1,coal,bituminous,supercritical,operating,660.0,2012,2042,31,retired_year,0.46,country_implied,0.46,0.5534,9.2308,default,94600.0,ipcc_default,873.231,no,0.0,0.0,S1,31,0,71994048.677,55538036.313,16456012.365,9467718.846,2026,2012,liability,A,C,C,-6.770286,108.614858,kepco;marubeni,https://www.gem.wiki/Cirebon_power_station
G100000101590,L100000102814,ID,Cirebon power station,Unit 1,coal,bituminous,supercritical,operating,660.0,2012,2042,31,retired_year,0.46,country_implied,0.46,0.5534,9.2308,default,94600.0,ipcc_default,873.231,no,0.0,0.0,S2,31,0,71994048.677,55538036.313,16456012.365,9467718.846,2026,2012,liability,A,C,C,-6.770286,108.614858,kepco;marubeni,https://www.gem.wiki/Cirebon_power_station
G100000101591,L100000102814,ID,Cirebon power station,Unit 2,coal,bituminous,ultra-supercritical,operating,924.0,2023,2062,40,default,0.46,country_implied,0.46,0.5534,8.3721,default,94600.0,ipcc_default,792.0,no,0.0,0.0,S1,40,0,117955740.68,96854752.9,21100987.768,19848580.777,2026,2023,liability,A,C,C,-6.770286,108.614858,kepco;marubeni,https://www.gem.wiki/Cirebon_power_station
G100000101591,L100000102814,ID,Cirebon power station,Unit 2,coal,bituminous,ultra-supercritical,operating,924.0,2023,2062,40,default,0.46,country_implied,0.46,0.5534,8.3721,default,94600.0,ipcc_default,792.0,no,0.0,0.0,S2,40,0,117955740.68,96854752.9,21100987.768,19848580.777,2026,2023,liability,A,C,C,-6.770286,108.614858,kepco;marubeni,https://www.gem.wiki/Cirebon_power_station
G100000700188,L100000700113,ID,Muarah Laboh geothermal plant,1,geothermal,,flash steam - double,operating,85.0,2019,2048,30,default,0.8,default,0.65,0.90,,not_applicable,,not_applicable,0.0,no,0.0,0.0,S1,30,0,0.0,11875358.238,-11875358.238,-9028714.076,2026,,contribution,A,C,C,-1.6268,101.1296,sumitomo_corp,https://www.gem.wiki/Muarah_Laboh_geothermal_plant
G100000700188,L100000700113,ID,Muarah Laboh geothermal plant,1,geothermal,,flash steam - double,operating,85.0,2019,2048,30,default,0.8,default,0.65,0.90,,not_applicable,,not_applicable,0.0,no,0.0,0.0,S2,30,0,0.0,11875358.238,-11875358.238,-9028714.076,2026,,contribution,A,C,C,-1.6268,101.1296,sumitomo_corp,https://www.gem.wiki/Muarah_Laboh_geothermal_plant
G100000700189,L100000700113,ID,Muarah Laboh geothermal plant,2,geothermal,,flash steam - unknown,construction,80.0,2027,2056,30,default,0.8,default,0.65,0.90,,not_applicable,,not_applicable,0.0,no,0.0,0.0,S1,30,0,0.0,10963257.904,-10963257.904,-10963257.904,2026,,contribution,A,C,C,-1.6268,101.1296,sumitomo_corp,https://www.gem.wiki/Muarah_Laboh_geothermal_plant
G100000700189,L100000700113,ID,Muarah Laboh geothermal plant,2,geothermal,,flash steam - unknown,construction,80.0,2027,2056,30,default,0.8,default,0.65,0.90,,not_applicable,,not_applicable,0.0,no,0.0,0.0,S2,30,0,0.0,10963257.904,-10963257.904,-10963257.904,2026,,contribution,A,C,C,-1.6268,101.1296,sumitomo_corp,https://www.gem.wiki/Muarah_Laboh_geothermal_plant
G100000400914,L100000405276,ID,PLTGU Jawa-1 power station,1,gas,natural_gas,combined cycle,operating,880.0,2024,2053,30,default,0.333,country_implied,0.3049,0.3376,6.5455,default,56100.0,ipcc_default,367.2,no,0.0,0.0,S1,30,0,28278406.89,50568564.368,-22290157.48,-20687215.392,2026,,contribution,A,C,C,-6.244232,107.588132,marubeni;sojitz,https://www.gem.wiki/PLTGU_Jawa-1_power_station
G100000400914,L100000405276,ID,PLTGU Jawa-1 power station,1,gas,natural_gas,combined cycle,operating,880.0,2024,2053,30,default,0.333,country_implied,0.3049,0.3376,6.5455,default,56100.0,ipcc_default,367.2,no,0.0,0.0,S2,30,0,28278406.89,50568564.368,-22290157.48,-20687215.392,2026,,contribution,A,C,C,-6.244232,107.588132,marubeni;sojitz,https://www.gem.wiki/PLTGU_Jawa-1_power_station
G100000410593,L100000405276,ID,PLTGU Jawa-1 power station,2,gas,natural_gas,combined cycle,operating,880.0,2024,2053,30,default,0.333,country_implied,0.3049,0.3376,6.5455,default,56100.0,ipcc_default,367.2,no,0.0,0.0,S1,30,0,28278406.89,50568564.368,-22290157.48,-20687215.392,2026,,contribution,A,C,C,-6.244232,107.588132,marubeni;sojitz,https://www.gem.wiki/PLTGU_Jawa-1_power_station
G100000410593,L100000405276,ID,PLTGU Jawa-1 power station,2,gas,natural_gas,combined cycle,operating,880.0,2024,2053,30,default,0.333,country_implied,0.3049,0.3376,6.5455,default,56100.0,ipcc_default,367.2,no,0.0,0.0,S2,30,0,28278406.89,50568564.368,-22290157.48,-20687215.392,2026,,contribution,A,C,C,-6.244232,107.588132,marubeni;sojitz,https://www.gem.wiki/PLTGU_Jawa-1_power_station
G100001093557,L100001082958,ID,PT Krakatau Posco Energy power station,Unit 1,coal,bituminous,unknown,operating,100.0,2014,2053,40,default,0.46,country_implied,0.46,0.5534,9.7297,default,94600.0,ipcc_default,920.432,no,0.0,0.0,S1,40,0,14835898.12,10706129.964,4129768.156,2994676.262,2026,2014,liability,A,C,C,-6.0068473,105.9715142,posco_international,https://www.gem.wiki/PT_Krakatau_Posco_Energy_power_station
G100001093557,L100001082958,ID,PT Krakatau Posco Energy power station,Unit 1,coal,bituminous,unknown,operating,100.0,2014,2053,40,default,0.46,country_implied,0.46,0.5534,9.7297,default,94600.0,ipcc_default,920.432,no,0.0,0.0,S2,40,0,14835898.12,10706129.964,4129768.156,2994676.262,2026,2014,liability,A,C,C,-6.0068473,105.9715142,posco_international,https://www.gem.wiki/PT_Krakatau_Posco_Energy_power_station
G100001093558,L100001082958,ID,PT Krakatau Posco Energy power station,Unit 2,coal,bituminous,unknown,operating,100.0,2014,2053,40,default,0.46,country_implied,0.46,0.5534,9.7297,default,94600.0,ipcc_default,920.432,no,0.0,0.0,S1,40,0,14835898.12,10706129.964,4129768.156,2994676.262,2026,2014,liability,A,C,C,-6.0068473,105.9715142,posco_international,https://www.gem.wiki/PT_Krakatau_Posco_Energy_power_station
G100001093558,L100001082958,ID,PT Krakatau Posco Energy power station,Unit 2,coal,bituminous,unknown,operating,100.0,2014,2053,40,default,0.46,country_implied,0.46,0.5534,9.7297,default,94600.0,ipcc_default,920.432,no,0.0,0.0,S2,40,0,14835898.12,10706129.964,4129768.156,2994676.262,2026,2014,liability,A,C,C,-6.0068473,105.9715142,posco_international,https://www.gem.wiki/PT_Krakatau_Posco_Energy_power_station
G100000107732,L100000102729,ID,Paiton-2 power station,Unit 1,coal,sub_bituminous,subcritical,operating,660.0,2000,2039,40,default,0.46,country_implied,0.46,0.5534,10.2857,default,96100.0,ipcc_default,988.457,no,0.0,0.0,S1,40,0,105153494.24,71103126.336,34050367.9,11996747.223,2026,2000,liability,A,C,C,-7.715299,113.585706,marubeni,https://www.gem.wiki/Paiton-2_power_station
G100000107732,L100000102729,ID,Paiton-2 power station,Unit 1,coal,sub_bituminous,subcritical,operating,660.0,2000,2039,40,default,0.46,country_implied,0.46,0.5534,10.2857,default,96100.0,ipcc_default,988.457,no,0.0,0.0,S2,40,0,105153494.24,71103126.336,34050367.9,11996747.223,2026,2000,liability,A,C,C,-7.715299,113.585706,marubeni,https://www.gem.wiki/Paiton-2_power_station
G100000107733,L100000102729,ID,Paiton-2 power station,Unit 2,coal,sub_bituminous,subcritical,operating,660.0,2000,2039,40,default,0.46,country_implied,0.46,0.5534,10.2857,default,96100.0,ipcc_default,988.457,no,0.0,0.0,S1,40,0,105153494.24,71103126.336,34050367.9,11996747.223,2026,2000,liability,A,C,C,-7.715299,113.585706,marubeni,https://www.gem.wiki/Paiton-2_power_station
G100000107733,L100000102729,ID,Paiton-2 power station,Unit 2,coal,sub_bituminous,subcritical,operating,660.0,2000,2039,40,default,0.46,country_implied,0.46,0.5534,10.2857,default,96100.0,ipcc_default,988.457,no,0.0,0.0,S2,40,0,105153494.24,71103126.336,34050367.9,11996747.223,2026,2000,liability,A,C,C,-7.715299,113.585706,marubeni,https://www.gem.wiki/Paiton-2_power_station
G100001051495,L100001045713,ID,Rajamandala hydroelectric plant,,hydro,,run-of-river,operating,47.0,2019,2078,60,default,0.4419,country_implied,0.4272,0.4658,,not_applicable,,not_applicable,0.0,no,0.0,0.0,S1,60,0,0.0,6998098.51,-6998098.51,-6128645.472,2026,,contribution,A,B,B,-6.8573,107.3394,kansai,https://www.gem.wiki/Rajamandala_hydroelectric_plant
G100001051495,L100001045713,ID,Rajamandala hydroelectric plant,,hydro,,run-of-river,operating,47.0,2019,2078,60,default,0.4419,country_implied,0.4272,0.4658,,not_applicable,,not_applicable,0.0,no,0.0,0.0,S2,60,0,0.0,6998098.51,-6998098.51,-6128645.472,2026,,contribution,A,B,B,-6.8573,107.3394,kansai,https://www.gem.wiki/Rajamandala_hydroelectric_plant
G100000700240,L100000700146,ID,Rantau Dedep geothermal power plant,1,geothermal,,flash steam - double,operating,91.0,2021,2050,30,default,0.8,default,0.65,0.90,,not_applicable,,not_applicable,0.0,no,0.0,0.0,S1,30,0,0.0,12649268.492,-12649268.492,-10481086.146,2026,,contribution,A,C,C,-4.2069,103.3857,marubeni;tohoku,https://www.gem.wiki/Rantau_Dedep_geothermal_power_plant
G100000700240,L100000700146,ID,Rantau Dedep geothermal power plant,1,geothermal,,flash steam - double,operating,91.0,2021,2050,30,default,0.8,default,0.65,0.90,,not_applicable,,not_applicable,0.0,no,0.0,0.0,S2,30,0,0.0,12649268.492,-12649268.492,-10481086.146,2026,,contribution,A,C,C,-4.2069,103.3857,marubeni;tohoku,https://www.gem.wiki/Rantau_Dedep_geothermal_power_plant
G100001051492,L100001045710,ID,Semangka hydroelectric plant,,hydro,,run-of-river,operating,57.0,2018,2077,60,default,0.4419,country_implied,0.4272,0.4658,,not_applicable,,not_applicable,0.0,no,0.0,0.0,S1,60,0,0.0,8506507.456,-8506507.456,-7301126.908,2026,,contribution,A,B,B,-5.3911,104.3854,komipo,https://www.gem.wiki/Semangka_hydroelectric_plant
G100001051492,L100001045710,ID,Semangka hydroelectric plant,,hydro,,run-of-river,operating,57.0,2018,2077,60,default,0.4419,country_implied,0.4272,0.4658,,not_applicable,,not_applicable,0.0,no,0.0,0.0,S2,60,0,0.0,8506507.456,-8506507.456,-7301126.908,2026,,contribution,A,B,B,-5.3911,104.3854,komipo,https://www.gem.wiki/Semangka_hydroelectric_plant
G100000109790,L100000102785,ID,Tabalong power station,Unit 1,coal,lignite,subcritical,operating,100.0,2019,2058,40,default,0.46,country_implied,0.46,0.5534,10.2857,default,101000.0,ipcc_default,1038.857,no,0.0,0.0,S1,40,0,16744714.96,10583288.375,6161426.603,5156772.534,2026,2019,liability,A,C,C,-2.163427,115.440814,kepco,https://www.gem.wiki/Tabalong_power_station
G100000109790,L100000102785,ID,Tabalong power station,Unit 1,coal,lignite,subcritical,operating,100.0,2019,2058,40,default,0.46,country_implied,0.46,0.5534,10.2857,default,101000.0,ipcc_default,1038.857,no,0.0,0.0,S2,40,0,16744714.96,10583288.375,6161426.603,5156772.534,2026,2019,liability,A,C,C,-2.163427,115.440814,kepco,https://www.gem.wiki/Tabalong_power_station
G100000109791,L100000102785,ID,Tabalong power station,Unit 2,coal,lignite,subcritical,operating,100.0,2019,2058,40,default,0.46,country_implied,0.46,0.5534,10.2857,default,101000.0,ipcc_default,1038.857,no,0.0,0.0,S1,40,0,16744714.96,10583288.375,6161426.603,5156772.534,2026,2019,liability,A,C,C,-2.163427,115.440814,kepco,https://www.gem.wiki/Tabalong_power_station
G100000109791,L100000102785,ID,Tabalong power station,Unit 2,coal,lignite,subcritical,operating,100.0,2019,2058,40,default,0.46,country_implied,0.46,0.5534,10.2857,default,101000.0,ipcc_default,1038.857,no,0.0,0.0,S2,40,0,16744714.96,10583288.375,6161426.603,5156772.534,2026,2019,liability,A,C,C,-2.163427,115.440814,kepco,https://www.gem.wiki/Tabalong_power_station
G100000109956,L100000102714,ID,Tanjung Jati B power station,Unit 3,coal,bituminous,subcritical,operating,660.0,2011,2050,40,default,0.46,country_implied,0.46,0.5534,10.2857,default,94600.0,ipcc_default,973.029,no,0.0,0.0,S1,40,0,103512180.6,71009281.152,32502899.44,20985528.338,2026,2011,liability,A,C,C,-6.446,110.7423,sumitomo_corp,https://www.gem.wiki/Tanjung_Jati_B_power_station
G100000109956,L100000102714,ID,Tanjung Jati B power station,Unit 3,coal,bituminous,subcritical,operating,660.0,2011,2050,40,default,0.46,country_implied,0.46,0.5534,10.2857,default,94600.0,ipcc_default,973.029,no,0.0,0.0,S2,40,0,103512180.6,71009281.152,32502899.44,20985528.338,2026,2011,liability,A,C,C,-6.446,110.7423,sumitomo_corp,https://www.gem.wiki/Tanjung_Jati_B_power_station
G100000109957,L100000102714,ID,Tanjung Jati B power station,Unit 4,coal,bituminous,subcritical,operating,660.0,2012,2051,40,default,0.46,country_implied,0.46,0.5534,10.2857,default,94600.0,ipcc_default,973.029,no,0.0,0.0,S1,40,0,103512180.6,70928008.923,32584171.669,21880056.281,2026,2012,liability,A,C,C,-6.446,110.7423,sumitomo_corp,https://www.gem.wiki/Tanjung_Jati_B_power_station
G100000109957,L100000102714,ID,Tanjung Jati B power station,Unit 4,coal,bituminous,subcritical,operating,660.0,2012,2051,40,default,0.46,country_implied,0.46,0.5534,10.2857,default,94600.0,ipcc_default,973.029,no,0.0,0.0,S2,40,0,103512180.6,70928008.923,32584171.669,21880056.281,2026,2012,liability,A,C,C,-6.446,110.7423,sumitomo_corp,https://www.gem.wiki/Tanjung_Jati_B_power_station
G100000109958,L100000102714,ID,Tanjung Jati B power station,Unit 5,coal,sub_bituminous,ultra-supercritical,operating,1000.0,2022,2047,26,retired_year,0.46,country_implied,0.46,0.5534,8.3721,default,96100.0,ipcc_default,804.558,no,0.0,0.0,S1,26,0,84293234.454,69434241.096,14858993.361,12832958.199,2026,2022,liability,A,C,C,-6.446488,110.742359,sumitomo_corp;kansai,https://www.gem.wiki/Tanjung_Jati_B_power_station
G100000109958,L100000102714,ID,Tanjung Jati B power station,Unit 5,coal,sub_bituminous,ultra-supercritical,operating,1000.0,2022,2047,26,retired_year,0.46,country_implied,0.46,0.5534,8.3721,default,96100.0,ipcc_default,804.558,no,0.0,0.0,S2,26,0,84293234.454,69434241.096,14858993.361,12832958.199,2026,2022,liability,A,C,C,-6.446488,110.742359,sumitomo_corp;kansai,https://www.gem.wiki/Tanjung_Jati_B_power_station
G100000109959,L100000102714,ID,Tanjung Jati B power station,Unit 6,coal,sub_bituminous,ultra-supercritical,operating,1000.0,2022,2047,26,retired_year,0.46,country_implied,0.46,0.5534,8.3721,default,96100.0,ipcc_default,804.558,no,0.0,0.0,S1,26,0,84293234.454,69434241.096,14858993.361,12832958.199,2026,2022,liability,A,C,C,-6.446488,110.742359,sumitomo_corp;kansai,https://www.gem.wiki/Tanjung_Jati_B_power_station
G100000109959,L100000102714,ID,Tanjung Jati B power station,Unit 6,coal,sub_bituminous,ultra-supercritical,operating,1000.0,2022,2047,26,retired_year,0.46,country_implied,0.46,0.5534,8.3721,default,96100.0,ipcc_default,804.558,no,0.0,0.0,S2,26,0,84293234.454,69434241.096,14858993.361,12832958.199,2026,2022,liability,A,C,C,-6.446488,110.742359,sumitomo_corp;kansai,https://www.gem.wiki/Tanjung_Jati_B_power_station
G100000109960,L100000102714,ID,Tanjung Jati B power station,Unit 1,coal,bituminous,subcritical,operating,660.0,2006,2045,40,default,0.46,country_implied,0.46,0.5534,10.2857,default,94600.0,ipcc_default,973.029,no,0.0,0.0,S1,40,0,103512180.6,71208416.302,32303764.287,16575435.857,2026,2006,liability,A,C,C,-6.4447822,110.743491,sumitomo_corp,https://www.gem.wiki/Tanjung_Jati_B_power_station
G100000109960,L100000102714,ID,Tanjung Jati B power station,Unit 1,coal,bituminous,subcritical,operating,660.0,2006,2045,40,default,0.46,country_implied,0.46,0.5534,10.2857,default,94600.0,ipcc_default,973.029,no,0.0,0.0,S2,40,0,103512180.6,71208416.302,32303764.287,16575435.857,2026,2006,liability,A,C,C,-6.4447822,110.743491,sumitomo_corp,https://www.gem.wiki/Tanjung_Jati_B_power_station
G100000109961,L100000102714,ID,Tanjung Jati B power station,Unit 2,coal,bituminous,subcritical,operating,660.0,2006,2045,40,default,0.46,country_implied,0.46,0.5534,10.2857,default,94600.0,ipcc_default,973.029,no,0.0,0.0,S1,40,0,103512180.6,71208416.302,32303764.287,16575435.857,2026,2006,liability,A,C,C,-6.4447822,110.743491,sumitomo_corp,https://www.gem.wiki/Tanjung_Jati_B_power_station
G100000109961,L100000102714,ID,Tanjung Jati B power station,Unit 2,coal,bituminous,subcritical,operating,660.0,2006,2045,40,default,0.46,country_implied,0.46,0.5534,10.2857,default,94600.0,ipcc_default,973.029,no,0.0,0.0,S2,40,0,103512180.6,71208416.302,32303764.287,16575435.857,2026,2006,liability,A,C,C,-6.4447822,110.743491,sumitomo_corp,https://www.gem.wiki/Tanjung_Jati_B_power_station
G100000401458,L100000401488,IN,Mangaon Combined Cycle power plant,1,gas,natural_gas,combined cycle,operating,388.0,2016,2045,30,default,0.2082,country_implied,0.1699,0.2224,6.5455,default,56100.0,ipcc_default,367.2,no,0.0,0.0,S1,30,0,7795437.33,13673566.036,-5878128.713,-3399680.656,2026,,contribution,A,C,C,18.3879,73.3529,kepco,https://www.gem.wiki/Mangaon_Combined_Cycle_power_plant
G100000401484,L100000401514,IN,P.Nallur Combined Cycle power plant,1,gas,natural_gas,combined cycle,operating,331.0,2001,2030,30,default,0.2082,country_implied,0.1699,0.2224,6.5455,default,56100.0,ipcc_default,367.2,no,0.0,0.0,S1,30,0,6650231.34,12982875.47,-6332644.145,-857709.601,2026,,contribution,A,C,C,11.0749,79.834,marubeni,https://www.gem.wiki/P.Nallur_Combined_Cycle_power_plant
G100000400429,L100000400428,IT,Rosignano power station,Rosen 3,gas,natural_gas,combined cycle,operating,180.0,2018,2047,30,default,0.2447,country_implied,0.2377,0.2955,6.5455,default,56100.0,ipcc_default,367.2,no,0.0,0.0,S1,30,0,4250446.05,2728625.582,1521820.465,1414228.155,2026,2018,liability,A,C,C,43.38134,10.44855,marubeni,https://www.gem.wiki/Rosignano_power_station
G100000400429,L100000400428,IT,Rosignano power station,Rosen 3,gas,natural_gas,combined cycle,operating,180.0,2018,2047,30,default,0.2447,country_implied,0.2377,0.2955,6.5455,default,56100.0,ipcc_default,367.2,no,0.0,0.0,S2,30,0,4250446.05,1900316.824,2350129.225,2242536.915,2026,2018,liability,A,C,C,43.38134,10.44855,marubeni,https://www.gem.wiki/Rosignano_power_station
G100001020490,L100000400428,IT,Rosignano power station,Rosen 1,gas,natural_gas,gas turbine,operating,356.0,1997,2026,30,default,0.2447,country_implied,0.2377,0.2955,10.0,default,56100.0,ipcc_default,561.0,no,0.0,0.0,S1,30,0,12843168.78,9758619.429,3084549.335,217691.558,2026,1997,liability,A,C,C,43.38134,10.44855,marubeni,https://www.gem.wiki/Rosignano_power_station
G100001020490,L100000400428,IT,Rosignano power station,Rosen 1,gas,natural_gas,gas turbine,operating,356.0,1997,2026,30,default,0.2447,country_implied,0.2377,0.2955,10.0,default,56100.0,ipcc_default,561.0,no,0.0,0.0,S2,30,0,12843168.78,9743292.408,3099876.356,233018.579,2026,1997,liability,A,C,C,43.38134,10.44855,marubeni,https://www.gem.wiki/Rosignano_power_station
G100000406671,L100000406600,JM,Bogue power station,1,gas,natural_gas,combined cycle,operating,120.0,2003,2032,30,default,0.6949,country_implied,0.5931,0.6973,6.5455,default,56100.0,ipcc_default,367.2,no,0.0,0.0,S1,30,0,8046955.35,12805525.233,-4758569.89,-916486.926,2026,,contribution,A,C,C,18.452093,-77.918276,kepco;marubeni,https://www.gem.wiki/Bogue_power_station
G100000406671,L100000406600,JM,Bogue power station,1,gas,natural_gas,combined cycle,operating,120.0,2003,2032,30,default,0.6949,country_implied,0.5931,0.6973,6.5455,default,56100.0,ipcc_default,367.2,no,0.0,0.0,S2,30,0,8046955.35,12736174.004,-4689218.665,-849139.185,2026,,contribution,A,C,C,18.452093,-77.918276,kepco;marubeni,https://www.gem.wiki/Bogue_power_station
G100000406670,L100000406599,JM,South Jamaica Power Centre,1,gas,natural_gas,combined cycle,operating,194.0,2019,2048,30,default,0.6949,country_implied,0.5931,0.6973,6.5455,default,56100.0,ipcc_default,367.2,no,0.0,0.0,S1,30,0,13009244.46,18797568.21,-5788323.739,-4183865.607,2026,,contribution,A,C,C,17.89963,-77.108308,kepco;marubeni,https://www.gem.wiki/South_Jamaica_Power_Centre
G100000406670,L100000406599,JM,South Jamaica Power Centre,1,gas,natural_gas,combined cycle,operating,194.0,2019,2048,30,default,0.6949,country_implied,0.5931,0.6973,6.5455,default,56100.0,ipcc_default,367.2,no,0.0,0.0,S2,30,0,13009244.46,17942637.65,-4933393.18,-3332174.015,2026,,contribution,A,C,C,17.89963,-77.108308,kepco;marubeni,https://www.gem.wiki/South_Jamaica_Power_Centre
G100000404602,L100000405486,JO,Al Qatrana power plant,1,gas,natural_gas,combined cycle,operating,373.0,2012,2041,30,default,0.4187,country_implied,0.4187,0.4706,6.5455,default,56100.0,ipcc_default,367.2,no,0.0,0.0,S1,30,0,15070922.13,20466142.21,-5395220.072,-929579.294,2026,2038,contribution,A,C,C,31.2226,36.0197,kepco,https://www.gem.wiki/Al_Qatrana_power_plant
G100000804668,L100000804086,JO,Am Solar Power Plant,--,solar,,PV,operating,52.0,2019,2043,25,default,0.2039,country_implied,0.1868,0.2075,,not_applicable,,not_applicable,0.0,no,0.0,0.0,S1,25,0,0.0,1023241.27,-1023241.27,-667500.181,2026,,contribution,A,B,B,31.909,36.1017,mitsui,https://www.gem.wiki/Am_Solar_Power_Plant
G100000404603,L100000405487,JO,Amman East power plant,1,gas,natural_gas,combined cycle,operating,400.0,2009,2038,30,default,0.4187,country_implied,0.4187,0.4706,6.5455,default,56100.0,ipcc_default,367.2,no,0.0,0.0,S1,30,0,16161846.81,23435490.495,-7273643.699,-1121397.721,2026,2038,contribution,A,C,C,31.899056,36.079778,mitsui,https://www.gem.wiki/Amman_East_power_plant
G100000908108,L100000905929,JO,Daehan wind farm,--,wind,,Onshore,operating,52.0,2021,2045,25,default,0.3171,country_implied,0.2899,0.3171,,not_applicable,,not_applicable,0.0,no,0.0,0.0,S1,25,0,0.0,1509602.446,-1509602.446,-1124405.11,2026,,contribution,A,B,B,30.7585,35.668,kospo;dl_enc,https://www.gem.wiki/Daehan_wind_farm
G100000908107,L100000905928,JO,Fujeij wind farm,--,wind,,Onshore,operating,89.0,2019,2043,25,default,0.3171,country_implied,0.2899,0.3171,,not_applicable,,not_applicable,0.0,no,0.0,0.0,S1,25,0,0.0,2723602.515,-2723602.515,-1776712.127,2026,,contribution,A,B,B,30.5604,35.6305,kepco,https://www.gem.wiki/Fujeij_wind_farm
G100000411581,L100000408212,JO,IPP3 ICE power plant,1,gas,natural_gas,internal combustion,operating,573.8,2014,2043,30,default,0.4187,country_implied,0.4187,0.4706,8.5714,default,56100.0,ipcc_default,480.857,no,0.0,0.0,S1,30,0,30360221.61,30023682.041,336539.57,3091169.89,2026,2028,liability,A,C,C,31.955219,35.945031,kepco;mitsubishi_corp,https://www.gem.wiki/IPP3_ICE_power_plant
G100000411580,L100000408211,JO,IPP4 Al-Manakher power plant,1,gas,natural_gas,internal combustion,operating,240.0,2014,2043,30,default,0.4187,country_implied,0.4187,0.4706,8.5714,default,56100.0,ipcc_default,480.857,no,0.0,0.0,S1,30,0,12698593.92,12557831.455,140762.453,1292925.711,2026,2028,liability,A,C,C,31.89712,36.079674,mitsui,https://www.gem.wiki/IPP4_Al-Manakher_power_plant
G100000804642,L100000804063,JO,Shams Ma'An solar farm,--,solar,,PV,operating,53.0,2016,2040,25,default,0.2039,country_implied,0.1868,0.2075,,not_applicable,,not_applicable,0.0,no,0.0,0.0,S1,25,0,0.0,1134068.182,-1134068.182,-589317.859,2026,,contribution,A,B,B,30.1436,35.8262,mitsubishi_corp,https://www.gem.wiki/Shams_Ma'An_solar_farm
G100000801577,L100000801373,JP,Shin Chitose Kashiwadai Solar Power Plant,--,solar,,PV,operating,28.0,2017,2041,25,default,0.1251,country_implied,0.1226,0.1263,,not_applicable,,not_applicable,0.0,no,0.0,0.0,S1,25,0,0.0,342762.573,-342762.573,-200295.23,2026,,contribution,A,B,B,42.8033,141.6864,kepco,https://www.gem.wiki/Shin_Chitose_Kashiwadai_Solar_Power_Plant
G100000801577,L100000801373,JP,Shin Chitose Kashiwadai Solar Power Plant,--,solar,,PV,operating,28.0,2017,2041,25,default,0.1251,country_implied,0.1226,0.1263,,not_applicable,,not_applicable,0.0,no,0.0,0.0,S2,25,0,0.0,276183.387,-276183.387,-133716.044,2026,,contribution,A,B,B,42.8033,141.6864,kepco,https://www.gem.wiki/Shin_Chitose_Kashiwadai_Solar_Power_Plant
G100000901211,L100000901040,KR,Gangwon wind farm,1,wind,,Onshore,operating,28.0,2005,2029,25,default,0.1696,country_implied,0.1696,0.2123,,not_applicable,,not_applicable,0.0,no,0.0,0.0,S1,25,0,0.0,480497.529,-480497.529,-65726.924,2026,,contribution,A,B,B,37.7314,128.7443,marubeni;toyota_tsusho,https://www.gem.wiki/Gangwon_wind_farm
G100000901211,L100000901040,KR,Gangwon wind farm,1,wind,,Onshore,operating,28.0,2005,2029,25,default,0.1696,country_implied,0.1696,0.2123,,not_applicable,,not_applicable,0.0,no,0.0,0.0,S2,25,0,0.0,475563.806,-475563.806,-60793.201,2026,,contribution,A,B,B,37.7314,128.7443,marubeni;toyota_tsusho,https://www.gem.wiki/Gangwon_wind_farm
G100000901212,L100000901040,KR,Gangwon wind farm,2,wind,,Onshore,operating,20.0,2006,2030,25,default,0.1696,country_implied,0.1696,0.2123,,not_applicable,,not_applicable,0.0,no,0.0,0.0,S1,25,0,0.0,340962.893,-340962.893,-58057.256,2026,,contribution,A,B,B,37.7314,128.7443,marubeni;toyota_tsusho,https://www.gem.wiki/Gangwon_wind_farm
G100000901212,L100000901040,KR,Gangwon wind farm,2,wind,,Onshore,operating,20.0,2006,2030,25,default,0.1696,country_implied,0.1696,0.2123,,not_applicable,,not_applicable,0.0,no,0.0,0.0,S2,25,0,0.0,335805.073,-335805.073,-52899.436,2026,,contribution,A,B,B,37.7314,128.7443,marubeni;toyota_tsusho,https://www.gem.wiki/Gangwon_wind_farm
G100000901213,L100000901040,KR,Gangwon wind farm,3,wind,,Onshore,operating,50.0,2006,2030,25,default,0.1696,country_implied,0.1696,0.2123,,not_applicable,,not_applicable,0.0,no,0.0,0.0,S1,25,0,0.0,852407.233,-852407.233,-145143.139,2026,,contribution,A,B,B,37.7314,128.7443,marubeni;toyota_tsusho,https://www.gem.wiki/Gangwon_wind_farm
G100000901213,L100000901040,KR,Gangwon wind farm,3,wind,,Onshore,operating,50.0,2006,2030,25,default,0.1696,country_implied,0.1696,0.2123,,not_applicable,,not_applicable,0.0,no,0.0,0.0,S2,25,0,0.0,839512.684,-839512.684,-132248.59,2026,,contribution,A,B,B,37.7314,128.7443,marubeni;toyota_tsusho,https://www.gem.wiki/Gangwon_wind_farm
G100000900878,L100000900767,KR,Gowon wind farm,--,wind,,Onshore,operating,18.0,2016,2040,25,default,0.1696,country_implied,0.1696,0.2123,,not_applicable,,not_applicable,0.0,no,0.0,0.0,S1,25,0,0.0,264947.406,-264947.406,-141085.376,2026,,contribution,A,B,B,37.2505,128.9575,toyota_tsusho,https://www.gem.wiki/Gowon_wind_farm
G100000900878,L100000900767,KR,Gowon wind farm,--,wind,,Onshore,operating,18.0,2016,2040,25,default,0.1696,country_implied,0.1696,0.2123,,not_applicable,,not_applicable,0.0,no,0.0,0.0,S2,25,0,0.0,235711.02,-235711.02,-111848.99,2026,,contribution,A,B,B,37.2505,128.9575,toyota_tsusho,https://www.gem.wiki/Gowon_wind_farm
G100001055350,L100001048241,KR,Hajang 5 wind farm,--,wind,,Onshore,construction,13.5,2026,2050,25,default,0.1696,country_implied,0.1696,0.2123,,not_applicable,,not_applicable,0.0,no,0.0,0.0,S1,25,0,0.0,159357.707,-159357.707,-159357.707,2026,,contribution,A,B,B,37.2507,129.0687,toyota_tsusho,https://www.gem.wiki/Hajang_5_wind_farm
G100001055350,L100001048241,KR,Hajang 5 wind farm,--,wind,,Onshore,construction,13.5,2026,2050,25,default,0.1696,country_implied,0.1696,0.2123,,not_applicable,,not_applicable,0.0,no,0.0,0.0,S2,25,0,0.0,112055.72,-112055.72,-112055.72,2026,,contribution,A,B,B,37.2507,129.0687,toyota_tsusho,https://www.gem.wiki/Hajang_5_wind_farm
G100000401385,L100000401384,KR,Pocheon power station,1,gas,natural_gas,combined cycle,operating,780.0,2014,2043,30,default,0.3965,country_implied,0.3965,0.4708,6.5455,default,56100.0,ipcc_default,367.2,no,0.0,0.0,S1,30,0,29844604.47,31836852.124,-1992247.635,1275812.411,2026,2031,contribution,A,C,C,37.9465,127.1689,mhi,https://www.gem.wiki/Pocheon_power_station
G100000401385,L100000401384,KR,Pocheon power station,1,gas,natural_gas,combined cycle,operating,780.0,2014,2043,30,default,0.3965,country_implied,0.3965,0.4708,6.5455,default,56100.0,ipcc_default,367.2,no,0.0,0.0,S2,30,0,29844604.47,27899440.662,1945163.82,5213223.866,2026,2028,liability,A,C,C,37.9465,127.1689,mhi,https://www.gem.wiki/Pocheon_power_station
G100000401386,L100000401384,KR,Pocheon power station,2,gas,natural_gas,combined cycle,operating,780.0,2014,2043,30,default,0.3965,country_implied,0.3965,0.4708,6.5455,default,56100.0,ipcc_default,367.2,no,0.0,0.0,S1,30,0,29844604.47,31836852.124,-1992247.635,1275812.411,2026,2031,contribution,A,C,C,37.9465,127.1689,mhi,https://www.gem.wiki/Pocheon_power_station
G100000401386,L100000401384,KR,Pocheon power station,2,gas,natural_gas,combined cycle,operating,780.0,2014,2043,30,default,0.3965,country_implied,0.3965,0.4708,6.5455,default,56100.0,ipcc_default,367.2,no,0.0,0.0,S2,30,0,29844604.47,27899440.662,1945163.82,5213223.866,2026,2028,liability,A,C,C,37.9465,127.1689,mhi,https://www.gem.wiki/Pocheon_power_station
G100000901041,L100000900911,KR,Samsu wind farm,--,wind,,Onshore,operating,21.0,2021,2045,25,default,0.1696,country_implied,0.1696,0.2123,,not_applicable,,not_applicable,0.0,no,0.0,0.0,S1,25,0,0.0,275827.63,-275827.63,-208518.202,2026,,contribution,A,B,B,37.1162,128.9882,toyota_tsusho,https://www.gem.wiki/Samsu_wind_farm
G100000901041,L100000900911,KR,Samsu wind farm,--,wind,,Onshore,operating,21.0,2021,2045,25,default,0.1696,country_implied,0.1696,0.2123,,not_applicable,,not_applicable,0.0,no,0.0,0.0,S2,25,0,0.0,222631.356,-222631.356,-155321.928,2026,,contribution,A,B,B,37.1162,128.9882,toyota_tsusho,https://www.gem.wiki/Samsu_wind_farm
G100000900879,L100000900768,KR,Taegisan wind farm,--,wind,,Onshore,operating,40.0,2008,2032,25,default,0.1696,country_implied,0.1696,0.2123,,not_applicable,,not_applicable,0.0,no,0.0,0.0,S1,25,0,0.0,669972.705,-669972.705,-159121.482,2026,,contribution,A,B,B,37.6044,128.2809,toyota_tsusho,https://www.gem.wiki/Taegisan_wind_farm
G100000900879,L100000900768,KR,Taegisan wind farm,--,wind,,Onshore,operating,40.0,2008,2032,25,default,0.1696,country_implied,0.1696,0.2123,,not_applicable,,not_applicable,0.0,no,0.0,0.0,S2,25,0,0.0,651633.726,-651633.726,-140782.503,2026,,contribution,A,B,B,37.6044,128.2809,toyota_tsusho,https://www.gem.wiki/Taegisan_wind_farm
G100000602405,L100000602375,LA,Nam Ngiep 1 hydroelectric plant,,hydro,,conventional storage,operating,290.0,2019,2078,60,default,0.4481,country_implied,0.4058,0.4669,,not_applicable,,not_applicable,0.0,no,0.0,0.0,S1,60,0,0.0,14595852.203,-14595852.203,-12522330.165,2026,,contribution,A,B,B,18.647,103.542,kansai,https://www.gem.wiki/Nam_Ngiep_1_hydroelectric_plant
G100000602433,L100000602403,LA,Xe Pian Xe Namnoy hydroelectric plant,,hydro,,conventional storage,operating,410.0,2019,2078,60,default,0.4481,country_implied,0.4058,0.4669,,not_applicable,,not_applicable,0.0,no,0.0,0.0,S1,60,0,0.0,20635515.181,-20635515.181,-17703984.025,2026,,contribution,A,B,B,15.026,106.606,kowepo;sk_ecoplant,https://www.gem.wiki/Xe_Pian_Xe_Namnoy_hydroelectric_plant
G100000105353,L100000103054,MA,Jorf Lasfar power station,Unit 5,coal,bituminous,subcritical,operating,350.0,2014,2053,40,default,0.7681,country_implied,0.7275,0.7771,10.2857,default,94600.0,ipcc_default,973.029,no,0.0,0.0,S1,40,0,91659081.24,54232185.316,37426895.945,27759777.681,2026,2014,liability,A,C,C,33.1048,-8.6367,,https://www.gem.wiki/Jorf_Lasfar_power_station
G100000105354,L100000103054,MA,Jorf Lasfar power station,Unit 6,coal,bituminous,subcritical,operating,350.0,2014,2053,40,default,0.7681,country_implied,0.7275,0.7771,10.2857,default,94600.0,ipcc_default,973.029,no,0.0,0.0,S1,40,0,91659081.24,54232185.316,37426895.945,27759777.681,2026,2014,liability,A,C,C,33.1048,-8.6367,,https://www.gem.wiki/Jorf_Lasfar_power_station
G100000108700,L100000103053,MA,Safi power station,Unit 1,coal,bituminous,ultra-supercritical,operating,693.0,2018,2057,40,default,0.7681,country_implied,0.7275,0.7771,8.3721,default,94600.0,ipcc_default,792.0,no,0.0,0.0,S1,40,0,147720333.28,104867820.991,42852512.288,36665091.32,2026,2018,liability,A,C,C,32.149115,-9.282294,mitsui,https://www.gem.wiki/Safi_power_station
G100000108701,L100000103053,MA,Safi power station,Unit 2,coal,bituminous,ultra-supercritical,operating,693.0,2018,2057,40,default,0.7681,country_implied,0.7275,0.7771,8.3721,default,94600.0,ipcc_default,792.0,no,0.0,0.0,S1,40,0,147720333.28,104867820.991,42852512.288,36665091.32,2026,2018,liability,A,C,C,32.149115,-9.282294,mitsui,https://www.gem.wiki/Safi_power_station
G100000200987,L100000103053,MA,Safi power station,--,bioenergy,wood,,operating,4.6,2007,2036,30,default,0.6,default,0.40,0.80,13.4328,default,112000.0,ipcc_default,0.0,yes,1504.478,1091239.737,S1,30,0,0.0,446961.633,-446961.633,-153584.346,2026,,contribution,A,C,C,32.149115,-9.282294,mitsui,https://www.gem.wiki/Safi_power_station
G100000100149,L100000103010,MG,Ambatovy Nickel power station,Unit 1,coal,bituminous,subcritical,operating,40.0,2011,2050,40,default,0.4756,country_implied,0.1998,0.4852,10.2857,default,94600.0,ipcc_default,973.029,no,0.0,0.0,S1,40,0,6486217.8,3697621.427,2788596.371,1365108.456,2026,2011,liability,A,C,C,-18.20196,49.35628,sumitomo_corp,https://www.gem.wiki/Ambatovy_Nickel_power_station
G100000100150,L100000103010,MG,Ambatovy Nickel power station,Unit 2,coal,bituminous,subcritical,operating,40.0,2011,2050,40,default,0.4756,country_implied,0.1998,0.4852,10.2857,default,94600.0,ipcc_default,973.029,no,0.0,0.0,S1,40,0,6486217.8,3697621.427,2788596.371,1365108.456,2026,2011,liability,A,C,C,-18.20196,49.35628,sumitomo_corp,https://www.gem.wiki/Ambatovy_Nickel_power_station
G100000100151,L100000103010,MG,Ambatovy Nickel power station,Unit 3,coal,bituminous,subcritical,operating,40.0,2011,2050,40,default,0.4756,country_implied,0.1998,0.4852,10.2857,default,94600.0,ipcc_default,973.029,no,0.0,0.0,S1,40,0,6486217.8,3697621.427,2788596.371,1365108.456,2026,2011,liability,A,C,C,-18.20196,49.35628,sumitomo_corp,https://www.gem.wiki/Ambatovy_Nickel_power_station
G100000404370,L100000405327,MM,Ahlone (Toyo Thai) power station,1-1,gas,natural_gas,combined cycle,operating,121.0,2013,2042,30,default,0.4678,country_implied,0.3746,0.5366,6.5455,default,56100.0,ipcc_default,367.2,no,0.0,0.0,S1,30,0,5462275.77,8685082.813,-3222807.056,-2699745.758,2026,2013,contribution,A,C,C,16.778587,96.130801,chugoku;shikoku,https://www.gem.wiki/Ahlone_(Toyo_Thai)_power_station
G100000411300,L100000408086,MM,Max Power (Thakayta) power station,1,gas,natural_gas,internal combustion,operating,50.0,2013,2042,30,default,0.4678,country_implied,0.3746,0.5366,8.5714,default,56100.0,ipcc_default,480.857,no,0.0,0.0,S1,30,0,2955776.91,3588877.197,-633100.273,-719702.452,2026,2013,contribution,A,C,C,16.811622,96.226606,mitsui,https://www.gem.wiki/Max_Power_(Thakayta)_power_station
G100000808629,L100000807275,MX,Abril Photovoltaic Solar Project,--,solar,,PV,operating,134.6,2022,2046,25,default,0.2325,country_implied,0.2325,0.2581,,not_applicable,,not_applicable,0.0,no,0.0,0.0,S1,25,0,0.0,2863004.953,-2863004.953,-2339236.154,2026,,contribution,A,B,B,30.828,-112.672,tokyo_gas,https://www.gem.wiki/Abril_Photovoltaic_Solar_Project
G100000808629,L100000807275,MX,Abril Photovoltaic Solar Project,--,solar,,PV,operating,134.6,2022,2046,25,default,0.2325,country_implied,0.2325,0.2581,,not_applicable,,not_applicable,0.0,no,0.0,0.0,S2,25,0,0.0,2776951.446,-2776951.446,-2253182.647,2026,,contribution,A,B,B,30.828,-112.672,tokyo_gas,https://www.gem.wiki/Abril_Photovoltaic_Solar_Project
G100000808681,L100000807303,MX,El Mayo Photovoltaic solar farm,--,solar,,PV,operating,126.0,2021,2045,25,default,0.2325,country_implied,0.2325,0.2581,,not_applicable,,not_applicable,0.0,no,0.0,0.0,S1,25,0,0.0,2707168.027,-2707168.027,-2099779.606,2026,,contribution,A,B,B,26.887,-109.362,kepco,https://www.gem.wiki/El_Mayo_Photovoltaic_solar_farm
G100000808681,L100000807303,MX,El Mayo Photovoltaic solar farm,--,solar,,PV,operating,126.0,2021,2045,25,default,0.2325,country_implied,0.2325,0.2581,,not_applicable,,not_applicable,0.0,no,0.0,0.0,S2,25,0,0.0,2633167.024,-2633167.024,-2025778.603,2026,,contribution,A,B,B,26.887,-109.362,kepco,https://www.gem.wiki/El_Mayo_Photovoltaic_solar_farm
G100000808682,L100000807304,MX,Horus Photovoltaic solar farm,--,solar,,PV,operating,119.0,2023,2047,25,default,0.2325,country_implied,0.2325,0.2581,,not_applicable,,not_applicable,0.0,no,0.0,0.0,S1,25,0,0.0,2502420.099,-2502420.099,-2151906.086,2026,,contribution,A,B,B,22.099,-102.3201,kepco,https://www.gem.wiki/Horus_Photovoltaic_solar_farm
G100000808682,L100000807304,MX,Horus Photovoltaic solar farm,--,solar,,PV,operating,119.0,2023,2047,25,default,0.2325,country_implied,0.2325,0.2581,,not_applicable,,not_applicable,0.0,no,0.0,0.0,S2,25,0,0.0,2419958.938,-2419958.938,-2069444.925,2026,,contribution,A,B,B,22.099,-102.3201,kepco,https://www.gem.wiki/Horus_Photovoltaic_solar_farm
G100000406382,L100000406237,MX,Norte II power station,1,gas,natural_gas,combined cycle,operating,433.0,2014,2043,30,default,0.5314,country_implied,0.5216,0.5646,6.5455,default,56100.0,ipcc_default,367.2,no,0.0,0.0,S1,30,0,22204320.12,27205075.261,-5000755.146,-1725496.99,2026,2043,contribution,A,C,C,28.442228,-105.917716,kepco;samsung_ct,https://www.gem.wiki/Norte_II_power_station
G100000406382,L100000406237,MX,Norte II power station,1,gas,natural_gas,combined cycle,operating,433.0,2014,2043,30,default,0.5314,country_implied,0.5216,0.5646,6.5455,default,56100.0,ipcc_default,367.2,no,0.0,0.0,S2,30,0,22204320.12,26721768.08,-4517447.965,-1242189.809,2026,2040,contribution,A,C,C,28.442228,-105.917716,kepco;samsung_ct,https://www.gem.wiki/Norte_II_power_station
G100000906678,L100000905149,MX,Pacifico wind farm (Mexico),--,wind,,Onshore,operating,160.0,2013,2037,25,default,0.325,country_implied,0.3002,0.325,,not_applicable,,not_applicable,0.0,no,0.0,0.0,S1,25,0,0.0,5359725.577,-5359725.577,-2363251.244,2026,,contribution,A,B,B,16.438,-95.0271,mitsui,https://www.gem.wiki/Pacifico_wind_farm_(Mexico)
G100000906678,L100000905149,MX,Pacifico wind farm (Mexico),--,wind,,Onshore,operating,160.0,2013,2037,25,default,0.325,country_implied,0.3002,0.325,,not_applicable,,not_applicable,0.0,no,0.0,0.0,S2,25,0,0.0,5306654.807,-5306654.807,-2310180.474,2026,,contribution,A,B,B,16.438,-95.0271,mitsui,https://www.gem.wiki/Pacifico_wind_farm_(Mexico)
G100000808683,L100000807305,MX,Tastiota Photovoltaic solar farm,--,solar,,PV,operating,125.0,2021,2045,25,default,0.2325,country_implied,0.2325,0.2581,,not_applicable,,not_applicable,0.0,no,0.0,0.0,S1,25,0,0.0,2685682.569,-2685682.569,-2083114.69,2026,,contribution,A,B,B,28.3495,-111.3413,kepco,https://www.gem.wiki/Tastiota_Photovoltaic_solar_farm
G100000808683,L100000807305,MX,Tastiota Photovoltaic solar farm,--,solar,,PV,operating,125.0,2021,2045,25,default,0.2325,country_implied,0.2325,0.2581,,not_applicable,,not_applicable,0.0,no,0.0,0.0,S2,25,0,0.0,2612268.875,-2612268.875,-2009700.996,2026,,contribution,A,B,B,28.3495,-111.3413,kepco,https://www.gem.wiki/Tastiota_Photovoltaic_solar_farm
G100000406438,L100000406258,MX,Tuxpan II power station,1,gas,natural_gas,combined cycle,operating,495.0,2001,2030,30,default,0.5314,country_implied,0.5216,0.5646,6.5455,default,56100.0,ipcc_default,367.2,no,0.0,0.0,S1,30,0,25383691.59,35566711.785,-10183020.2,-1001663.375,2026,,contribution,A,C,C,20.843577,-97.240505,mitsubishi_corp;kyushu,https://www.gem.wiki/Tuxpan_II_power_station
G100000406438,L100000406258,MX,Tuxpan II power station,1,gas,natural_gas,combined cycle,operating,495.0,2001,2030,30,default,0.5314,country_implied,0.5216,0.5646,6.5455,default,56100.0,ipcc_default,367.2,no,0.0,0.0,S2,30,0,25383691.59,35511096.938,-10127405.352,-946048.527,2026,,contribution,A,C,C,20.843577,-97.240505,mitsubishi_corp;kyushu,https://www.gem.wiki/Tuxpan_II_power_station
G100000406435,L100000406260,MX,Tuxpan V power station,1,gas,natural_gas,combined cycle,operating,495.0,2006,2035,30,default,0.5314,country_implied,0.5216,0.5646,6.5455,default,56100.0,ipcc_default,367.2,no,0.0,0.0,S1,30,0,25383691.59,34037211.873,-8653520.288,-1641068.106,2026,,contribution,A,C,C,20.845278,-97.244167,mitsubishi_corp;kyushu,https://www.gem.wiki/Tuxpan_V_power_station
G100000406435,L100000406260,MX,Tuxpan V power station,1,gas,natural_gas,combined cycle,operating,495.0,2006,2035,30,default,0.5314,country_implied,0.5216,0.5646,6.5455,default,56100.0,ipcc_default,367.2,no,0.0,0.0,S2,30,0,25383691.59,33843860.542,-8460168.957,-1447716.775,2026,,contribution,A,C,C,20.845278,-97.244167,mitsubishi_corp;kyushu,https://www.gem.wiki/Tuxpan_V_power_station
G100000406433,L100000406261,MX,Valladolid III power station,1,gas,natural_gas,combined cycle,operating,525.0,2006,2035,30,default,0.5314,country_implied,0.5216,0.5646,6.5455,default,56100.0,ipcc_default,367.2,no,0.0,0.0,S1,30,0,26922097.14,36100073.202,-9177976.062,-1740526.775,2026,,contribution,A,C,C,20.693056,-88.267497,mitsui,https://www.gem.wiki/Valladolid_III_power_station
G100000406433,L100000406261,MX,Valladolid III power station,1,gas,natural_gas,combined cycle,operating,525.0,2006,2035,30,default,0.5314,country_implied,0.5216,0.5646,6.5455,default,56100.0,ipcc_default,367.2,no,0.0,0.0,S2,30,0,26922097.14,35895003.611,-8972906.471,-1535457.184,2026,,contribution,A,C,C,20.693056,-88.267497,mitsui,https://www.gem.wiki/Valladolid_III_power_station
G100000801025,L100000800891,MY,Chuping (Hanwha) solar farm,--,solar,,PV,operating,30.0,2020,2044,25,default,0.1677,country_implied,0.1474,0.1677,,not_applicable,,not_applicable,0.0,no,0.0,0.0,S1,25,0,0.0,621932.503,-621932.503,-460653.951,2026,,contribution,A,B,B,6.5415,100.2967,hanwha_energy,https://www.gem.wiki/Chuping_(Hanwha)_solar_farm
G100000801025,L100000800891,MY,Chuping (Hanwha) solar farm,--,solar,,PV,operating,30.0,2020,2044,25,default,0.1677,country_implied,0.1474,0.1677,,not_applicable,,not_applicable,0.0,no,0.0,0.0,S2,25,0,0.0,590393.888,-590393.888,-429115.336,2026,,contribution,A,B,B,6.5415,100.2967,hanwha_energy,https://www.gem.wiki/Chuping_(Hanwha)_solar_farm
G100000105181,L100000103015,MY,Jimah East power station,Unit 1,coal,bituminous,ultra-supercritical,operating,1000.0,2019,2044,26,retired_year,0.7702,country_implied,0.6686,0.7702,8.3721,default,94600.0,ipcc_default,792.0,no,0.0,0.0,S1,26,0,138933235.584,99436096.844,39497138.74,31006234.587,2026,2019,liability,A,C,C,2.590259,101.724593,mitsui;chugoku,https://www.gem.wiki/Jimah_East_power_station
G100000105181,L100000103015,MY,Jimah East power station,Unit 1,coal,bituminous,ultra-supercritical,operating,1000.0,2019,2044,26,retired_year,0.7702,country_implied,0.6686,0.7702,8.3721,default,94600.0,ipcc_default,792.0,no,0.0,0.0,S2,26,0,138933235.584,94607823.488,44325412.096,35834507.943,2026,2019,liability,A,C,C,2.590259,101.724593,mitsui;chugoku,https://www.gem.wiki/Jimah_East_power_station
G100000105182,L100000103015,MY,Jimah East power station,Unit 2,coal,bituminous,ultra-supercritical,operating,1000.0,2019,2044,26,retired_year,0.7702,country_implied,0.6686,0.7702,8.3721,default,94600.0,ipcc_default,792.0,no,0.0,0.0,S1,26,0,138933235.584,99436096.844,39497138.74,31006234.587,2026,2019,liability,A,C,C,2.590259,101.724593,mitsui;chugoku,https://www.gem.wiki/Jimah_East_power_station
G100000105182,L100000103015,MY,Jimah East power station,Unit 2,coal,bituminous,ultra-supercritical,operating,1000.0,2019,2044,26,retired_year,0.7702,country_implied,0.6686,0.7702,8.3721,default,94600.0,ipcc_default,792.0,no,0.0,0.0,S2,26,0,138933235.584,94607823.488,44325412.096,35834507.943,2026,2019,liability,A,C,C,2.590259,101.724593,mitsui;chugoku,https://www.gem.wiki/Jimah_East_power_station
G100000404367,L100000405308,MY,Palua Indah power station,1,gas,natural_gas,combined cycle,operating,600.0,2025,2054,30,default,0.4308,country_implied,0.4086,0.4849,6.5455,default,56100.0,ipcc_default,367.2,no,0.0,0.0,S1,30,0,24943361.37,35932115.047,-10988753.692,-10457167.55,2026,,contribution,A,C,C,2.940219,101.262108,kepco,https://www.gem.wiki/Palua_Indah_power_station
G100000404367,L100000405308,MY,Palua Indah power station,1,gas,natural_gas,combined cycle,operating,600.0,2025,2054,30,default,0.4308,country_implied,0.4086,0.4849,6.5455,default,56100.0,ipcc_default,367.2,no,0.0,0.0,S2,30,0,24943361.37,32516617.14,-7573255.779,-7041669.637,2026,,contribution,A,C,C,2.940219,101.262108,kepco,https://www.gem.wiki/Palua_Indah_power_station
G100000404368,L100000405308,MY,Palua Indah power station,2,gas,natural_gas,combined cycle,operating,600.0,2025,2054,30,default,0.4308,country_implied,0.4086,0.4849,6.5455,default,56100.0,ipcc_default,367.2,no,0.0,0.0,S1,30,0,24943361.37,35932115.047,-10988753.692,-10457167.55,2026,,contribution,A,C,C,2.940219,101.262108,kepco,https://www.gem.wiki/Palua_Indah_power_station
G100000404368,L100000405308,MY,Palua Indah power station,2,gas,natural_gas,combined cycle,operating,600.0,2025,2054,30,default,0.4308,country_implied,0.4086,0.4849,6.5455,default,56100.0,ipcc_default,367.2,no,0.0,0.0,S2,30,0,24943361.37,32516617.14,-7573255.779,-7041669.637,2026,,contribution,A,C,C,2.940219,101.262108,kepco,https://www.gem.wiki/Palua_Indah_power_station
G100000801448,L100000801263,MY,Pekan (Hanwha Energy) solar farm,--,solar,,PV,operating,155.0,2022,2046,25,default,0.1677,country_implied,0.1474,0.1677,,not_applicable,,not_applicable,0.0,no,0.0,0.0,S1,25,0,0.0,3157140.726,-3157140.726,-2607390.398,2026,,contribution,A,B,B,3.5429,103.3984,hanwha_energy,https://www.gem.wiki/Pekan_(Hanwha_Energy)_solar_farm
G100000801448,L100000801263,MY,Pekan (Hanwha Energy) solar farm,--,solar,,PV,operating,155.0,2022,2046,25,default,0.1677,country_implied,0.1474,0.1677,,not_applicable,,not_applicable,0.0,no,0.0,0.0,S2,25,0,0.0,2962294.375,-2962294.375,-2412544.047,2026,,contribution,A,B,B,3.5429,103.3984,hanwha_energy,https://www.gem.wiki/Pekan_(Hanwha_Energy)_solar_farm
G100000602544,L100000602513,MZ,Mphanda Nkuwa hydroelectric plant,,hydro,,run-of-river,pre-construction,1500.0,2031,2090,60,default,0.8496,country_implied,0.8064,0.859,,not_applicable,,not_applicable,0.0,no,0.0,0.0,S1,60,0,0.0,260664734.777,-260664734.777,-260664734.777,2026,,contribution,A,B,B,-15.9998,33.4347,sumitomo_corp,https://www.gem.wiki/Mphanda_Nkuwa_hydroelectric_plant
G100000407164,L100000406784,NG,Egbin power station,1,gas,natural_gas,steam turbine,operating,220.0,1985,2014,30,default,0.2735,country_implied,0.27,0.3185,9.4737,default,56100.0,ipcc_default,531.474,no,0.0,0.0,S1,15,15,4202010.585,3754150.659,447859.926,0,2026,2000,liability,A,C,C,6.563713,3.615082,kepco,https://www.gem.wiki/Egbin_power_station
G100000407164,L100000406784,NG,Egbin power station,1,gas,natural_gas,steam turbine,operating,220.0,1985,2014,30,default,0.2735,country_implied,0.27,0.3185,9.4737,default,56100.0,ipcc_default,531.474,no,0.0,0.0,S2,15,15,4202010.585,3754150.659,447859.926,0,2026,2000,liability,A,C,C,6.563713,3.615082,kepco,https://www.gem.wiki/Egbin_power_station
G100000407165,L100000406784,NG,Egbin power station,2,gas,natural_gas,steam turbine,operating,220.0,1985,2014,30,default,0.2735,country_implied,0.27,0.3185,9.4737,default,56100.0,ipcc_default,531.474,no,0.0,0.0,S1,15,15,4202010.585,3754150.659,447859.926,0,2026,2000,liability,A,C,C,6.563713,3.615082,kepco,https://www.gem.wiki/Egbin_power_station
G100000407165,L100000406784,NG,Egbin power station,2,gas,natural_gas,steam turbine,operating,220.0,1985,2014,30,default,0.2735,country_implied,0.27,0.3185,9.4737,default,56100.0,ipcc_default,531.474,no,0.0,0.0,S2,15,15,4202010.585,3754150.659,447859.926,0,2026,2000,liability,A,C,C,6.563713,3.615082,kepco,https://www.gem.wiki/Egbin_power_station
G100000407166,L100000406784,NG,Egbin power station,3,gas,natural_gas,steam turbine,operating,220.0,1985,2014,30,default,0.2735,country_implied,0.27,0.3185,9.4737,default,56100.0,ipcc_default,531.474,no,0.0,0.0,S1,15,15,4202010.585,3754150.659,447859.926,0,2026,2000,liability,A,C,C,6.563713,3.615082,kepco,https://www.gem.wiki/Egbin_power_station
G100000407166,L100000406784,NG,Egbin power station,3,gas,natural_gas,steam turbine,operating,220.0,1985,2014,30,default,0.2735,country_implied,0.27,0.3185,9.4737,default,56100.0,ipcc_default,531.474,no,0.0,0.0,S2,15,15,4202010.585,3754150.659,447859.926,0,2026,2000,liability,A,C,C,6.563713,3.615082,kepco,https://www.gem.wiki/Egbin_power_station
G100000407167,L100000406784,NG,Egbin power station,4,gas,natural_gas,steam turbine,operating,220.0,1985,2014,30,default,0.2735,country_implied,0.27,0.3185,9.4737,default,56100.0,ipcc_default,531.474,no,0.0,0.0,S1,15,15,4202010.585,3754150.659,447859.926,0,2026,2000,liability,A,C,C,6.563713,3.615082,kepco,https://www.gem.wiki/Egbin_power_station
G100000407167,L100000406784,NG,Egbin power station,4,gas,natural_gas,steam turbine,operating,220.0,1985,2014,30,default,0.2735,country_implied,0.27,0.3185,9.4737,default,56100.0,ipcc_default,531.474,no,0.0,0.0,S2,15,15,4202010.585,3754150.659,447859.926,0,2026,2000,liability,A,C,C,6.563713,3.615082,kepco,https://www.gem.wiki/Egbin_power_station
G100000407168,L100000406784,NG,Egbin power station,5,gas,natural_gas,steam turbine,operating,220.0,1985,2014,30,default,0.2735,country_implied,0.27,0.3185,9.4737,default,56100.0,ipcc_default,531.474,no,0.0,0.0,S1,15,15,4202010.585,3754150.659,447859.926,0,2026,2000,liability,A,C,C,6.563713,3.615082,kepco,https://www.gem.wiki/Egbin_power_station
G100000407168,L100000406784,NG,Egbin power station,5,gas,natural_gas,steam turbine,operating,220.0,1985,2014,30,default,0.2735,country_implied,0.27,0.3185,9.4737,default,56100.0,ipcc_default,531.474,no,0.0,0.0,S2,15,15,4202010.585,3754150.659,447859.926,0,2026,2000,liability,A,C,C,6.563713,3.615082,kepco,https://www.gem.wiki/Egbin_power_station
G100000407169,L100000406784,NG,Egbin power station,6,gas,natural_gas,steam turbine,operating,220.0,1985,2014,30,default,0.2735,country_implied,0.27,0.3185,9.4737,default,56100.0,ipcc_default,531.474,no,0.0,0.0,S1,15,15,4202010.585,3754150.659,447859.926,0,2026,2000,liability,A,C,C,6.563713,3.615082,kepco,https://www.gem.wiki/Egbin_power_station
G100000407169,L100000406784,NG,Egbin power station,6,gas,natural_gas,steam turbine,operating,220.0,1985,2014,30,default,0.2735,country_implied,0.27,0.3185,9.4737,default,56100.0,ipcc_default,531.474,no,0.0,0.0,S2,15,15,4202010.585,3754150.659,447859.926,0,2026,2000,liability,A,C,C,6.563713,3.615082,kepco,https://www.gem.wiki/Egbin_power_station
G100001001502,L100001001109,NL,Borssele III & IV offshore wind farm,1,wind,,Offshore hard mount,operating,360.0,2021,2045,25,default,0.3266,country_implied,0.2705,0.3267,,not_applicable,,not_applicable,0.0,no,0.0,0.0,S1,25,0,0.0,3865945.892,-3865945.892,-2372464.641,2026,,contribution,A,B,B,52.6878,4.2486,mitsubishi_corp,https://www.gem.wiki/Borssele_III_&_IV_offshore_wind_farm
G100001001502,L100001001109,NL,Borssele III & IV offshore wind farm,1,wind,,Offshore hard mount,operating,360.0,2021,2045,25,default,0.3266,country_implied,0.2705,0.3267,,not_applicable,,not_applicable,0.0,no,0.0,0.0,S2,25,0,0.0,3682368.811,-3682368.811,-2188887.56,2026,,contribution,A,B,B,52.6878,4.2486,mitsubishi_corp,https://www.gem.wiki/Borssele_III_&_IV_offshore_wind_farm
G100001001503,L100001001109,NL,Borssele III & IV offshore wind farm,2,wind,,Offshore hard mount,operating,380.0,2021,2045,25,default,0.3266,country_implied,0.2705,0.3267,,not_applicable,,not_applicable,0.0,no,0.0,0.0,S1,25,0,0.0,4080720.663,-4080720.663,-2504268.231,2026,,contribution,A,B,B,52.6878,4.2486,mitsubishi_corp,https://www.gem.wiki/Borssele_III_&_IV_offshore_wind_farm
G100001001503,L100001001109,NL,Borssele III & IV offshore wind farm,2,wind,,Offshore hard mount,operating,380.0,2021,2045,25,default,0.3266,country_implied,0.2705,0.3267,,not_applicable,,not_applicable,0.0,no,0.0,0.0,S2,25,0,0.0,3886944.854,-3886944.854,-2310492.422,2026,,contribution,A,B,B,52.6878,4.2486,mitsubishi_corp,https://www.gem.wiki/Borssele_III_&_IV_offshore_wind_farm
G100000915732,L100000912601,NL,Deil Windpark,2,wind,,Onshore,operating,21.0,2020,2044,25,default,0.3266,country_implied,0.2705,0.3267,,not_applicable,,not_applicable,0.0,no,0.0,0.0,S1,25,0,0.0,243430.903,-243430.903,-135709.272,2026,,contribution,A,B,B,51.855,5.2333,toyota_tsusho,https://www.gem.wiki/Deil_Windpark
G100000915732,L100000912601,NL,Deil Windpark,2,wind,,Onshore,operating,21.0,2020,2044,25,default,0.3266,country_implied,0.2705,0.3267,,not_applicable,,not_applicable,0.0,no,0.0,0.0,S2,25,0,0.0,233235.014,-233235.014,-125513.383,2026,,contribution,A,B,B,51.855,5.2333,toyota_tsusho,https://www.gem.wiki/Deil_Windpark
G100000200272,L100000200240,NL,Eneco Bio Golden Raand power station,1,bioenergy,wood,,operating,49.0,2013,2042,30,default,0.6,default,0.40,0.80,13.4328,default,112000.0,ipcc_default,0.0,yes,1504.478,11624075.463,S1,30,0,0.0,1909540.543,-1909540.543,-555490.085,2026,,contribution,A,C,C,53.3125,6.9844,mitsubishi_corp,https://www.gem.wiki/Eneco_Bio_Golden_Raand_power_station
G100000200272,L100000200240,NL,Eneco Bio Golden Raand power station,1,bioenergy,wood,,operating,49.0,2013,2042,30,default,0.6,default,0.40,0.80,13.4328,default,112000.0,ipcc_default,0.0,yes,1504.478,11624075.463,S2,30,0,0.0,1870501.638,-1870501.638,-516451.18,2026,,contribution,A,C,C,53.3125,6.9844,mitsubishi_corp,https://www.gem.wiki/Eneco_Bio_Golden_Raand_power_station
G100000919565,L100000915830,NL,Eneco Luchterduinen wind farm,--,wind,,Offshore hard mount,operating,129.0,2015,2039,25,default,0.3266,country_implied,0.2705,0.3267,,not_applicable,,not_applicable,0.0,no,0.0,0.0,S1,25,0,0.0,2289130.573,-2289130.573,-725856.268,2026,,contribution,A,B,B,52.4032,4.1652,mitsubishi_corp,https://www.gem.wiki/Eneco_Luchterduinen_wind_farm
G100000919565,L100000915830,NL,Eneco Luchterduinen wind farm,--,wind,,Offshore hard mount,operating,129.0,2015,2039,25,default,0.3266,country_implied,0.2705,0.3267,,not_applicable,,not_applicable,0.0,no,0.0,0.0,S2,25,0,0.0,2244094.861,-2244094.861,-680820.556,2026,,contribution,A,B,B,52.4032,4.1652,mitsubishi_corp,https://www.gem.wiki/Eneco_Luchterduinen_wind_farm
G100000400522,L100000400522,NL,Enecogen power station,U10,gas,natural_gas,combined cycle,operating,435.0,2011,2040,30,default,0.3601,country_implied,0.3386,0.4335,6.5455,default,56100.0,ipcc_default,367.2,no,0.0,0.0,S1,30,0,15116122.8,11334353.07,3781769.749,4764715.667,2026,2020,liability,A,C,C,51.957,4.0916,mitsubishi_corp,https://www.gem.wiki/Enecogen_power_station
G100000400522,L100000400522,NL,Enecogen power station,U10,gas,natural_gas,combined cycle,operating,435.0,2011,2040,30,default,0.3601,country_implied,0.3386,0.4335,6.5455,default,56100.0,ipcc_default,367.2,no,0.0,0.0,S2,30,0,15116122.8,11153002.134,3963120.685,4946066.603,2026,2020,liability,A,C,C,51.957,4.0916,mitsubishi_corp,https://www.gem.wiki/Enecogen_power_station
G100000400523,L100000400522,NL,Enecogen power station,U20,gas,natural_gas,combined cycle,operating,435.0,2011,2040,30,default,0.3601,country_implied,0.3386,0.4335,6.5455,default,56100.0,ipcc_default,367.2,no,0.0,0.0,S1,30,0,15116122.8,11334353.07,3781769.749,4764715.667,2026,2020,liability,A,C,C,51.957,4.0916,mitsubishi_corp,https://www.gem.wiki/Enecogen_power_station
G100000400523,L100000400522,NL,Enecogen power station,U20,gas,natural_gas,combined cycle,operating,435.0,2011,2040,30,default,0.3601,country_implied,0.3386,0.4335,6.5455,default,56100.0,ipcc_default,367.2,no,0.0,0.0,S2,30,0,15116122.8,11153002.134,3963120.685,4946066.603,2026,2020,liability,A,C,C,51.957,4.0916,mitsubishi_corp,https://www.gem.wiki/Enecogen_power_station
G100000409937,L100000407615,NL,Lage Weide 6 power station,1,gas,natural_gas,combined cycle,operating,248.0,1995,2024,30,default,0.3601,country_implied,0.3386,0.4335,6.5455,default,56100.0,ipcc_default,367.2,no,0.0,0.0,S1,30,0,8617927.5,11288444.54,-2670517.049,0,2026,2020,contribution,A,C,C,52.101944,5.071389,mitsubishi_corp,https://www.gem.wiki/Lage_Weide_6_power_station
G100000409937,L100000407615,NL,Lage Weide 6 power station,1,gas,natural_gas,combined cycle,operating,248.0,1995,2024,30,default,0.3601,country_implied,0.3386,0.4335,6.5455,default,56100.0,ipcc_default,367.2,no,0.0,0.0,S2,30,0,8617927.5,11288444.54,-2670517.049,0,2026,2020,contribution,A,C,C,52.101944,5.071389,mitsubishi_corp,https://www.gem.wiki/Lage_Weide_6_power_station
G100000919566,L100000915831,NL,Luchterduinen wind farm,--,wind,,Offshore hard mount,operating,129.0,2015,2039,25,default,0.3266,country_implied,0.2705,0.3267,,not_applicable,,not_applicable,0.0,no,0.0,0.0,S1,25,0,0.0,2289130.573,-2289130.573,-725856.268,2026,,contribution,A,B,B,52.3717,3.8833,mitsubishi_corp,https://www.gem.wiki/Luchterduinen_wind_farm
G100000919566,L100000915831,NL,Luchterduinen wind farm,--,wind,,Offshore hard mount,operating,129.0,2015,2039,25,default,0.3266,country_implied,0.2705,0.3267,,not_applicable,,not_applicable,0.0,no,0.0,0.0,S2,25,0,0.0,2244094.861,-2244094.861,-680820.556,2026,,contribution,A,B,B,52.3717,3.8833,mitsubishi_corp,https://www.gem.wiki/Luchterduinen_wind_farm
G100000925203,L100000920511,NL,Mauve wind farm,--,wind,,Onshore,operating,30.0,2021,2045,25,default,0.3266,country_implied,0.2705,0.3267,,not_applicable,,not_applicable,0.0,no,0.0,0.0,S1,25,0,0.0,322162.158,-322162.158,-197705.386,2026,,contribution,A,B,B,53.2164,6.7921,toyota_tsusho,https://www.gem.wiki/Mauve_wind_farm
G100000925203,L100000920511,NL,Mauve wind farm,--,wind,,Onshore,operating,30.0,2021,2045,25,default,0.3266,country_implied,0.2705,0.3267,,not_applicable,,not_applicable,0.0,no,0.0,0.0,S2,25,0,0.0,306864.069,-306864.069,-182407.297,2026,,contribution,A,B,B,53.2164,6.7921,toyota_tsusho,https://www.gem.wiki/Mauve_wind_farm
G100000400547,L100000400546,NL,Merwedekanaal power station,12,gas,natural_gas,combined cycle,operating,224.0,1989,2030,42,retired_year,0.3601,country_implied,0.3386,0.4335,6.5455,default,56100.0,ipcc_default,367.2,no,0.0,0.0,S1,41,1,10638043.844,13065032.284,-2426988.451,601658.78,2026,2020,contribution,A,C,C,52.1017,5.0794,mitsubishi_corp,https://www.gem.wiki/Merwedekanaal_power_station
G100000400547,L100000400546,NL,Merwedekanaal power station,12,gas,natural_gas,combined cycle,operating,224.0,1989,2030,42,retired_year,0.3601,country_implied,0.3386,0.4335,6.5455,default,56100.0,ipcc_default,367.2,no,0.0,0.0,S2,41,1,10638043.844,13044573.24,-2406529.409,622117.822,2026,2020,contribution,A,C,C,52.1017,5.0794,mitsubishi_corp,https://www.gem.wiki/Merwedekanaal_power_station
G100000917534,L100000914140,NL,Mondriaan wind farm,--,wind,,Onshore,operating,39.0,2021,2045,25,default,0.3266,country_implied,0.2705,0.3267,,not_applicable,,not_applicable,0.0,no,0.0,0.0,S1,25,0,0.0,418810.805,-418810.805,-257017.004,2026,,contribution,A,B,B,53.3326,6.9135,toyota_tsusho,https://www.gem.wiki/Mondriaan_wind_farm
G100000917534,L100000914140,NL,Mondriaan wind farm,--,wind,,Onshore,operating,39.0,2021,2045,25,default,0.3266,country_implied,0.2705,0.3267,,not_applicable,,not_applicable,0.0,no,0.0,0.0,S2,25,0,0.0,398923.288,-398923.288,-237129.487,2026,,contribution,A,B,B,53.3326,6.9135,toyota_tsusho,https://www.gem.wiki/Mondriaan_wind_farm
G100000925208,L100000920513,NL,N33 wind farm,4,wind,,Onshore,operating,58.0,2020,2044,25,default,0.3266,country_implied,0.2705,0.3267,,not_applicable,,not_applicable,0.0,no,0.0,0.0,S1,25,0,0.0,672332.961,-672332.961,-374816.08,2026,,contribution,A,B,B,53.1438,6.9272,toyota_tsusho,https://www.gem.wiki/N33_wind_farm
G100000925208,L100000920513,NL,N33 wind farm,4,wind,,Onshore,operating,58.0,2020,2044,25,default,0.3266,country_implied,0.2705,0.3267,,not_applicable,,not_applicable,0.0,no,0.0,0.0,S2,25,0,0.0,644172.892,-644172.892,-346656.011,2026,,contribution,A,B,B,53.1438,6.9272,toyota_tsusho,https://www.gem.wiki/N33_wind_farm
G100000925252,L100000920549,NL,Vermeer wind farm,--,wind,,Onshore,operating,86.0,2021,2045,25,default,0.3266,country_implied,0.2705,0.3267,,not_applicable,,not_applicable,0.0,no,0.0,0.0,S1,25,0,0.0,923531.517,-923531.517,-566755.44,2026,,contribution,A,B,B,53.0892,6.9671,toyota_tsusho,https://www.gem.wiki/Vermeer_wind_farm
G100000925252,L100000920549,NL,Vermeer wind farm,--,wind,,Onshore,operating,86.0,2021,2045,25,default,0.3266,country_implied,0.2705,0.3267,,not_applicable,,not_applicable,0.0,no,0.0,0.0,S2,25,0,0.0,879676.994,-879676.994,-522900.917,2026,,contribution,A,B,B,53.0892,6.9671,toyota_tsusho,https://www.gem.wiki/Vermeer_wind_farm
G100001001606,L100001001205,NO,GoliatVind Offshore wind farm,--,wind,,Offshore floating,pre-construction,75.0,2027,2051,25,default,0.3004,country_implied,0.2658,0.3339,,not_applicable,,not_applicable,0.0,no,0.0,0.0,S1,25,0,0.0,110069.312,-110069.312,-110069.312,2026,,contribution,A,B,B,70.8424,23.7296,kansai,https://www.gem.wiki/GoliatVind_Offshore_wind_farm
G100001001606,L100001001205,NO,GoliatVind Offshore wind farm,--,wind,,Offshore floating,pre-construction,75.0,2027,2051,25,default,0.3004,country_implied,0.2658,0.3339,,not_applicable,,not_applicable,0.0,no,0.0,0.0,S2,25,0,0.0,33777.261,-33777.261,-33777.261,2026,,contribution,A,B,B,70.8424,23.7296,kansai,https://www.gem.wiki/GoliatVind_Offshore_wind_farm
G100000912690,L100000909896,NO,Hog Jaeren wind farm,2,wind,,Onshore,operating,14.0,2012,2036,25,default,0.3004,country_implied,0.2658,0.3339,,not_applicable,,not_applicable,0.0,no,0.0,0.0,S1,25,0,0.0,26564.414,-26564.414,-10298.718,2026,,contribution,A,B,B,58.6415,5.7441,toyota_tsusho,https://www.gem.wiki/Hog_Jaeren_wind_farm
G100000912690,L100000909896,NO,Hog Jaeren wind farm,2,wind,,Onshore,operating,14.0,2012,2036,25,default,0.3004,country_implied,0.2658,0.3339,,not_applicable,,not_applicable,0.0,no,0.0,0.0,S2,25,0,0.0,21944.746,-21944.746,-5679.05,2026,,contribution,A,B,B,58.6415,5.7441,toyota_tsusho,https://www.gem.wiki/Hog_Jaeren_wind_farm
G100000918907,L100000909896,NO,Hog Jaeren wind farm,1,wind,,Onshore,operating,60.0,2011,2035,25,default,0.3004,country_implied,0.2658,0.3339,,not_applicable,,not_applicable,0.0,no,0.0,0.0,S1,25,0,0.0,116224.947,-116224.947,-40458.156,2026,,contribution,A,B,B,58.6415,5.7441,toyota_tsusho,https://www.gem.wiki/Hog_Jaeren_wind_farm
G100000918907,L100000909896,NO,Hog Jaeren wind farm,1,wind,,Onshore,operating,60.0,2011,2035,25,default,0.3004,country_implied,0.2658,0.3339,,not_applicable,,not_applicable,0.0,no,0.0,0.0,S2,25,0,0.0,99041.439,-99041.439,-23274.648,2026,,contribution,A,B,B,58.6415,5.7441,toyota_tsusho,https://www.gem.wiki/Hog_Jaeren_wind_farm
G100000604925,L100000602811,NP,Upper Trishuli 1 hydroelectric plant,,hydro,,run-of-river,construction,216.0,2026,2085,60,default,0.3817,country_implied,0.3817,0.5522,,not_applicable,,not_applicable,0.0,no,0.0,0.0,S1,60,0,0.0,1104836.419,-1104836.419,-1104836.419,2026,,contribution,A,B,B,28.0737,85.208,koen;dl_enc,https://www.gem.wiki/Upper_Trishuli_1_hydroelectric_plant
G100000804621,L100000804048,OM,Amin Solar PV Power Plant,--,solar,,PV,operating,105.0,2020,2044,25,default,0.1572,country_implied,0.1572,0.4281,,not_applicable,,not_applicable,0.0,no,0.0,0.0,S1,25,0,0.0,1892220.832,-1892220.832,-1415150.694,2026,,contribution,A,B,B,18.496,55.808,marubeni,https://www.gem.wiki/Amin_Solar_PV_Power_Plant
G100000804621,L100000804048,OM,Amin Solar PV Power Plant,--,solar,,PV,operating,105.0,2020,2044,25,default,0.1572,country_implied,0.1572,0.4281,,not_applicable,,not_applicable,0.0,no,0.0,0.0,S2,25,0,0.0,1865012.891,-1865012.891,-1387942.753,2026,,contribution,A,B,B,18.496,55.808,marubeni,https://www.gem.wiki/Amin_Solar_PV_Power_Plant
G100000834618,L100000830750,OM,Ibri 3 solar farm,--,solar,,PV,pre-construction,500.0,2027,2051,25,default,0.1572,country_implied,0.1572,0.4281,,not_applicable,,not_applicable,0.0,no,0.0,0.0,S1,25,0,0.0,8673797.627,-8673797.627,-8673797.627,2026,,contribution,A,B,B,23.3341,56.2608,komipo,https://www.gem.wiki/Ibri_3_solar_farm
G100000834618,L100000830750,OM,Ibri 3 solar farm,--,solar,,PV,pre-construction,500.0,2027,2051,25,default,0.1572,country_implied,0.1572,0.4281,,not_applicable,,not_applicable,0.0,no,0.0,0.0,S2,25,0,0.0,8442327.799,-8442327.799,-8442327.799,2026,,contribution,A,B,B,23.3341,56.2608,komipo,https://www.gem.wiki/Ibri_3_solar_farm
G100000404688,L100000405508,OM,Ibri Independent power plant,1,gas,natural_gas,combined cycle,operating,1539.0,2019,2048,30,default,0.4111,country_implied,0.3318,0.4111,6.5455,default,56100.0,ipcc_default,367.2,no,0.0,0.0,S1,30,0,61054001.07,86373200.63,-25319199.55,-18139257.892,2026,,contribution,A,C,C,23.365562,56.283718,mitsui,https://www.gem.wiki/Ibri_Independent_power_plant
G100000404688,L100000405508,OM,Ibri Independent power plant,1,gas,natural_gas,combined cycle,operating,1539.0,2019,2048,30,default,0.4111,country_implied,0.3318,0.4111,6.5455,default,56100.0,ipcc_default,367.2,no,0.0,0.0,S2,30,0,61054001.07,84884277.772,-23830276.69,-16650335.032,2026,,contribution,A,C,C,23.365562,56.283718,mitsui,https://www.gem.wiki/Ibri_Independent_power_plant
G100000411532,L100000408234,OM,New Qalhat LNG power station,1,gas,natural_gas,internal combustion,operating,119.7,2021,2050,30,default,0.4111,country_implied,0.3318,0.4111,8.5714,default,56100.0,ipcc_default,480.857,no,0.0,0.0,S1,30,0,6218463.06,6639432.959,-420969.888,-278741.481,2026,2048,contribution,A,C,C,22.65971,59.405567,posco_international;samsung_ct,https://www.gem.wiki/New_Qalhat_LNG_power_station
G100000411532,L100000408234,OM,New Qalhat LNG power station,1,gas,natural_gas,internal combustion,operating,119.7,2021,2050,30,default,0.4111,country_implied,0.3318,0.4111,8.5714,default,56100.0,ipcc_default,480.857,no,0.0,0.0,S2,30,0,6218463.06,6504242.161,-285779.091,-143550.684,2026,2042,contribution,A,C,C,22.65971,59.405567,posco_international;samsung_ct,https://www.gem.wiki/New_Qalhat_LNG_power_station
G100000410072,L100000407694,OM,Qalhat LNG power station,1,gas,natural_gas,gas turbine,operating,280.0,2005,2034,30,default,0.4111,country_implied,0.3318,0.4111,10.0,default,56100.0,ipcc_default,561.0,no,0.0,0.0,S1,30,0,16970464.53,16729607.05,240857.477,285688.544,2026,2021,liability,A,C,C,22.65971,59.405567,posco_international;samsung_ct,https://www.gem.wiki/Qalhat_LNG_power_station
G100000410072,L100000407694,OM,Qalhat LNG power station,1,gas,natural_gas,gas turbine,operating,280.0,2005,2034,30,default,0.4111,country_implied,0.3318,0.4111,10.0,default,56100.0,ipcc_default,561.0,no,0.0,0.0,S2,30,0,16970464.53,16682671.061,287793.467,332624.534,2026,2021,liability,A,C,C,22.65971,59.405567,posco_international;samsung_ct,https://www.gem.wiki/Qalhat_LNG_power_station
G100000404706,L100000405524,OM,Sohar III power plant,1,gas,natural_gas,combined cycle,operating,870.5,2019,2048,30,default,0.4111,country_implied,0.3318,0.4111,6.5455,default,56100.0,ipcc_default,367.2,no,0.0,0.0,S1,30,0,34533793.32,48855016.991,-14321223.655,-10260054.576,2026,,contribution,A,C,C,24.4885,56.6135,mitsui,https://www.gem.wiki/Sohar_III_power_plant
G100000404706,L100000405524,OM,Sohar III power plant,1,gas,natural_gas,combined cycle,operating,870.5,2019,2048,30,default,0.4111,country_implied,0.3318,0.4111,6.5455,default,56100.0,ipcc_default,367.2,no,0.0,0.0,S2,30,0,34533793.32,48012841.976,-13479048.64,-9417879.561,2026,,contribution,A,C,C,24.4885,56.6135,mitsui,https://www.gem.wiki/Sohar_III_power_plant
G100000411167,L100000405524,OM,Sohar III power plant,2,gas,natural_gas,combined cycle,operating,870.5,2019,2048,30,default,0.4111,country_implied,0.3318,0.4111,6.5455,default,56100.0,ipcc_default,367.2,no,0.0,0.0,S1,30,0,34533793.32,48855016.991,-14321223.655,-10260054.576,2026,,contribution,A,C,C,24.4885,56.6135,mitsui,https://www.gem.wiki/Sohar_III_power_plant
G100000411167,L100000405524,OM,Sohar III power plant,2,gas,natural_gas,combined cycle,operating,870.5,2019,2048,30,default,0.4111,country_implied,0.3318,0.4111,6.5455,default,56100.0,ipcc_default,367.2,no,0.0,0.0,S2,30,0,34533793.32,48012841.976,-13479048.64,-9417879.561,2026,,contribution,A,C,C,24.4885,56.6135,mitsui,https://www.gem.wiki/Sohar_III_power_plant
G100000404707,L100000405526,OM,Sur Independent power plant,1,gas,natural_gas,combined cycle,operating,800.0,2014,2043,30,retired_year,0.4111,country_implied,0.3318,0.4111,6.5455,default,56100.0,ipcc_default,367.2,no,0.0,0.0,S1,30,0,31736972.61,46091465.898,-14354493.277,-7743949.235,2026,,contribution,A,C,C,22.655898,59.416961,jera,https://www.gem.wiki/Sur_Independent_power_plant
G100000404707,L100000405526,OM,Sur Independent power plant,1,gas,natural_gas,combined cycle,operating,800.0,2014,2043,30,retired_year,0.4111,country_implied,0.3318,0.4111,6.5455,default,56100.0,ipcc_default,367.2,no,0.0,0.0,S2,30,0,31736972.61,45601441.685,-13864469.061,-7253925.019,2026,,contribution,A,C,C,22.655898,59.416961,jera,https://www.gem.wiki/Sur_Independent_power_plant
G100000411165,L100000405526,OM,Sur Independent power plant,3,gas,natural_gas,combined cycle,operating,400.0,2014,2043,30,retired_year,0.4111,country_implied,0.3318,0.4111,6.5455,default,56100.0,ipcc_default,367.2,no,0.0,0.0,S1,30,0,15868486.32,23045732.947,-7177246.638,-3871974.618,2026,,contribution,A,C,C,22.655898,59.416961,jera,https://www.gem.wiki/Sur_Independent_power_plant
G100000411165,L100000405526,OM,Sur Independent power plant,3,gas,natural_gas,combined cycle,operating,400.0,2014,2043,30,retired_year,0.4111,country_implied,0.3318,0.4111,6.5455,default,56100.0,ipcc_default,367.2,no,0.0,0.0,S2,30,0,15868486.32,22800720.84,-6932234.531,-3626962.511,2026,,contribution,A,C,C,22.655898,59.416961,jera,https://www.gem.wiki/Sur_Independent_power_plant
G100000411166,L100000405526,OM,Sur Independent power plant,2,gas,natural_gas,combined cycle,operating,800.0,2014,2043,30,retired_year,0.4111,country_implied,0.3318,0.4111,6.5455,default,56100.0,ipcc_default,367.2,no,0.0,0.0,S1,30,0,31736972.61,46091465.898,-14354493.277,-7743949.235,2026,,contribution,A,C,C,22.655898,59.416961,jera,https://www.gem.wiki/Sur_Independent_power_plant
G100000411166,L100000405526,OM,Sur Independent power plant,2,gas,natural_gas,combined cycle,operating,800.0,2014,2043,30,retired_year,0.4111,country_implied,0.3318,0.4111,6.5455,default,56100.0,ipcc_default,367.2,no,0.0,0.0,S2,30,0,31736972.61,45601441.685,-13864469.061,-7253925.019,2026,,contribution,A,C,C,22.655898,59.416961,jera,https://www.gem.wiki/Sur_Independent_power_plant
G100000604224,L100000604168,PH,Bakun AC hydroelectric plant,,hydro,,run-of-river,operating,75.0,2000,2059,60,default,0.4602,country_implied,0.344,0.4602,,not_applicable,,not_applicable,0.0,no,0.0,0.0,S1,60,0,0.0,11450033.853,-11450033.853,-7342339.132,2026,,contribution,A,B,B,16.8512,120.5835,jera,https://www.gem.wiki/Bakun_AC_hydroelectric_plant
G100000404387,L100000405342,PH,Ilijan power station,1-1,gas,natural_gas,combined cycle,operating,625.5,2002,2031,30,default,0.5789,country_implied,0.5732,0.6423,6.5455,default,56100.0,ipcc_default,367.2,no,0.0,0.0,S1,30,0,34942896.12,51632366.496,-16689470.384,-4639753.97,2026,,contribution,A,C,C,13.622,121.0795,,https://www.gem.wiki/Ilijan_power_station
G100000404388,L100000405342,PH,Ilijan power station,1-2,gas,natural_gas,combined cycle,operating,625.5,2002,2031,30,default,0.5789,country_implied,0.5732,0.6423,6.5455,default,56100.0,ipcc_default,367.2,no,0.0,0.0,S1,30,0,34942896.12,51632366.496,-16689470.384,-4639753.97,2026,,contribution,A,C,C,13.622,121.0795,,https://www.gem.wiki/Ilijan_power_station
G100000105513,L100000103197,PH,Kamanga power station,Unit 1,coal,sub_bituminous,subcritical,operating,105.0,2016,2055,40,default,0.6523,country_implied,0.6278,0.7253,10.2857,default,96100.0,ipcc_default,988.457,no,0.0,0.0,S1,40,0,23722399.72,16114176.918,7608222.786,5225211.361,2026,2016,liability,A,C,C,5.86868,125.079818,toyota_tsusho,https://www.gem.wiki/Kamanga_power_station
G100000105514,L100000103197,PH,Kamanga power station,Unit 2,coal,sub_bituminous,subcritical,operating,105.0,2019,2058,40,default,0.6523,country_implied,0.6278,0.7253,10.2857,default,96100.0,ipcc_default,988.457,no,0.0,0.0,S1,40,0,23722399.72,16592880.481,7129519.223,5509858.258,2026,2019,liability,A,C,C,5.86868,125.079818,toyota_tsusho,https://www.gem.wiki/Kamanga_power_station
G100000107172,L100000103181,PH,Naga power station,Unit 2-1,coal,bituminous,subcritical,operating,110.5,2010,2049,40,default,0.6523,country_implied,0.6278,0.7253,10.2857,default,94600.0,ipcc_default,973.029,no,0.0,0.0,S1,40,0,24575329.36,15927554.343,8647775.013,4517607.358,2026,2010,liability,A,C,C,10.21755,123.76058,,https://www.gem.wiki/Naga_power_station
G100000107173,L100000103181,PH,Naga power station,Unit 2-2,coal,bituminous,subcritical,operating,110.5,2011,2050,40,default,0.6523,country_implied,0.6278,0.7253,10.2857,default,94600.0,ipcc_default,973.029,no,0.0,0.0,S1,40,0,24575329.36,16095103.539,8480225.817,4645798.647,2026,2011,liability,A,C,C,10.21755,123.76058,,https://www.gem.wiki/Naga_power_station
G100000107724,L100000103166,PH,Pagbilao power station,Unit 3,coal,bituminous,subcritical,operating,420.0,2018,2057,40,default,0.6523,country_implied,0.6278,0.7253,10.2857,default,94600.0,ipcc_default,973.029,no,0.0,0.0,S1,40,0,93408491.64,65731020.324,27677471.334,20496511.828,2026,2018,liability,A,C,C,13.8932,121.745,marubeni,https://www.gem.wiki/Pagbilao_power_station
G100001054434,L100001047737,PH,San Mariano Biomass power station,--,bioenergy,wood,,operating,19.0,2012,2041,30,default,0.2044,country_implied,0.1884,0.2854,13.4328,default,112000.0,ipcc_default,0.0,yes,1504.478,1535485.016,S1,30,0,0.0,624515.407,-624515.407,-351343.335,2026,,contribution,A,C,C,16.9884743447966,121.994582064878,itochu;jgc,https://www.gem.wiki/San_Mariano_Biomass_power_station
G100000603038,L100000603005,PK,Asrit-Kedam hydroelectric plant,,hydro,,run-of-river,pre-construction,215.0,2029,2088,60,default,0.4087,country_implied,0.372,0.4107,,not_applicable,,not_applicable,0.0,no,0.0,0.0,S1,60,0,0.0,7456742.273,-7456742.273,-7456742.273,2026,,contribution,A,B,B,34.7701,72.3397,koen,https://www.gem.wiki/Asrit-Kedam_hydroelectric_plant
G100000901029,L100000900899,PK,Gul Ahmed (DL Energy) wind farm,--,wind,,Onshore,operating,50.0,2016,2040,25,default,0.2752,country_implied,0.24,0.3186,,not_applicable,,not_applicable,0.0,no,0.0,0.0,S1,25,0,0.0,1041692.91,-1041692.91,-513299.463,2026,,contribution,A,B,B,25.1531,67.9684,dl_enc,https://www.gem.wiki/Gul_Ahmed_(DL_Energy)_wind_farm
G100000900916,L100000900804,PK,Hawa Energy wind farm,--,wind,,Onshore,operating,50.0,2018,2042,25,default,0.2752,country_implied,0.24,0.3186,,not_applicable,,not_applicable,0.0,no,0.0,0.0,S1,25,0,0.0,982692.033,-982692.033,-567975.186,2026,,contribution,A,B,B,25.1428,68.0551,dl_enc,https://www.gem.wiki/Hawa_Energy_wind_farm
G100000603057,L100000603024,PK,Kalam-Asrit hydroelectric plant,,hydro,,run-of-river,pre-construction,238.0,2032,2091,60,default,0.4087,country_implied,0.372,0.4107,,not_applicable,,not_applicable,0.0,no,0.0,0.0,S1,60,0,0.0,7641907.302,-7641907.302,-7641907.302,2026,,contribution,A,B,B,34.931,72.4174,koen,https://www.gem.wiki/Kalam-Asrit_hydroelectric_plant
G100000603065,L100000603032,PK,Lower Spat Gah hydroelectric plant,,hydro,,run-of-river,pre-construction,496.0,2030,2089,60,default,0.4087,country_implied,0.372,0.4107,,not_applicable,,not_applicable,0.0,no,0.0,0.0,S1,60,0,0.0,16766035.907,-16766035.907,-16766035.907,2026,,contribution,A,B,B,33.7128,71.2679,komipo;dl_enc;lotte_ec,https://www.gem.wiki/Lower_Spat_Gah_hydroelectric_plant
G100000900949,L100000900833,PK,Metro Power wind farm,--,wind,,Onshore,operating,50.0,2016,2040,25,default,0.2752,country_implied,0.24,0.3186,,not_applicable,,not_applicable,0.0,no,0.0,0.0,S1,25,0,0.0,1041692.91,-1041692.91,-513299.463,2026,,contribution,A,B,B,25.1718,67.9695,dl_enc,https://www.gem.wiki/Metro_Power_wind_farm
G100000603079,L100000603045,PK,Patrind hydroelectric plant,,hydro,,run-of-river,operating,150.0,2017,2076,60,default,0.4087,country_implied,0.372,0.4107,,not_applicable,,not_applicable,0.0,no,0.0,0.0,S1,60,0,0.0,7330101.971,-7330101.971,-5221349.942,2026,,contribution,A,B,B,34.3411,73.4295,daewoo_ec,https://www.gem.wiki/Patrind_hydroelectric_plant
G100000918205,L100000914714,PL,Łosino wind farm,--,wind,,Onshore,operating,48.0,2008,2032,25,default,0.2582,country_implied,0.2582,0.2955,,not_applicable,,not_applicable,0.0,no,0.0,0.0,S1,25,0,0.0,1939710.193,-1939710.193,-390273.124,2026,,contribution,A,B,B,54.4128,16.9758,mitsui,https://www.gem.wiki/Łosino_wind_farm
G100000918205,L100000914714,PL,Łosino wind farm,--,wind,,Onshore,operating,48.0,2008,2032,25,default,0.2582,country_implied,0.2582,0.2955,,not_applicable,,not_applicable,0.0,no,0.0,0.0,S2,25,0,0.0,1833858.874,-1833858.874,-284421.805,2026,,contribution,A,B,B,54.4128,16.9758,mitsui,https://www.gem.wiki/Łosino_wind_farm
G100000402109,L100000402537,PR,EcoElectrica power station,CC,gas,natural_gas,combined cycle,operating,574.0,2000,2029,30,default,0.4527,country_implied,0.4251,0.4527,6.5455,default,56100.0,ipcc_default,367.2,no,0.0,0.0,S1,30,0,25075547.28,45899490.211,-20823942.938,-2554553.851,2026,,contribution,A,C,C,17.981025,-66.75542,mitsui,https://www.gem.wiki/EcoElectrica_power_station
G100000402109,L100000402537,PR,EcoElectrica power station,CC,gas,natural_gas,combined cycle,operating,574.0,2000,2029,30,default,0.4527,country_implied,0.4251,0.4527,6.5455,default,56100.0,ipcc_default,367.2,no,0.0,0.0,S2,30,0,25075547.28,44788483.9,-19712936.627,-1443547.54,2026,,contribution,A,C,C,17.981025,-66.75542,mitsui,https://www.gem.wiki/EcoElectrica_power_station
G100000400584,L100000400584,PT,Elecgas Pego power station,G3,gas,natural_gas,combined cycle,operating,418.0,2011,2040,30,default,0.2294,country_implied,0.1534,0.4738,6.5455,default,56100.0,ipcc_default,367.2,no,0.0,0.0,S1,30,0,9253323.15,4358208.352,4895114.788,3976577.988,2026,2013,liability,A,C,C,39.4689,-8.1113,marubeni,https://www.gem.wiki/Elecgas_Pego_power_station
G100000400584,L100000400584,PT,Elecgas Pego power station,G3,gas,natural_gas,combined cycle,operating,418.0,2011,2040,30,default,0.2294,country_implied,0.1534,0.4738,6.5455,default,56100.0,ipcc_default,367.2,no,0.0,0.0,S2,30,0,9253323.15,4358208.352,4895114.788,3976577.988,2026,2013,liability,A,C,C,39.4689,-8.1113,marubeni,https://www.gem.wiki/Elecgas_Pego_power_station
G100000400585,L100000400584,PT,Elecgas Pego power station,G4,gas,natural_gas,combined cycle,operating,418.0,2011,2040,30,default,0.2294,country_implied,0.1534,0.4738,6.5455,default,56100.0,ipcc_default,367.2,no,0.0,0.0,S1,30,0,9253323.15,4358208.352,4895114.788,3976577.988,2026,2013,liability,A,C,C,39.4689,-8.1113,marubeni,https://www.gem.wiki/Elecgas_Pego_power_station
G100000400585,L100000400584,PT,Elecgas Pego power station,G4,gas,natural_gas,combined cycle,operating,418.0,2011,2040,30,default,0.2294,country_implied,0.1534,0.4738,6.5455,default,56100.0,ipcc_default,367.2,no,0.0,0.0,S2,30,0,9253323.15,4358208.352,4895114.788,3976577.988,2026,2013,liability,A,C,C,39.4689,-8.1113,marubeni,https://www.gem.wiki/Elecgas_Pego_power_station
G100000107913,L100000103283,PT,Pego power station,Unit 1,coal,bituminous,subcritical,retired,341.0,1992,2021,30,retired_year,0.1361,country_implied,0.1361,0.8458,10.2857,default,94600.0,ipcc_default,973.029,no,0.0,0.0,S1,30,0,11867615.25,5598813.031,6268802.218,0,2026,1992,liability,A,C,C,39.468174,-8.109231,marubeni,https://www.gem.wiki/Pego_power_station
G100000107913,L100000103283,PT,Pego power station,Unit 1,coal,bituminous,subcritical,retired,341.0,1992,2021,30,retired_year,0.1361,country_implied,0.1361,0.8458,10.2857,default,94600.0,ipcc_default,973.029,no,0.0,0.0,S2,30,0,11867615.25,5598813.031,6268802.218,0,2026,1992,liability,A,C,C,39.468174,-8.109231,marubeni,https://www.gem.wiki/Pego_power_station
G100000107914,L100000103283,PT,Pego power station,Unit 2,coal,bituminous,subcritical,retired,341.0,1995,2021,27,retired_year,0.1361,country_implied,0.1361,0.8458,10.2857,default,94600.0,ipcc_default,973.029,no,0.0,0.0,S1,27,0,10680853.725,4878865.513,5801988.211,0,2026,1995,liability,A,C,C,39.468174,-8.109231,marubeni,https://www.gem.wiki/Pego_power_station
G100000107914,L100000103283,PT,Pego power station,Unit 2,coal,bituminous,subcritical,retired,341.0,1995,2021,27,retired_year,0.1361,country_implied,0.1361,0.8458,10.2857,default,94600.0,ipcc_default,973.029,no,0.0,0.0,S2,27,0,10680853.725,4878865.513,5801988.211,0,2026,1995,liability,A,C,C,39.468174,-8.109231,marubeni,https://www.gem.wiki/Pego_power_station
G100000114668,L100000400593,PT,Tapada do Outeiro power station,Unit 2,coal,bituminous,subcritical,retired,50.0,1964,2000,37,retired_year,0.1361,country_implied,0.1361,0.8458,10.2857,default,94600.0,ipcc_default,973.029,no,0.0,0.0,S1,11,26,638043.835,365592.612,272451.217,0,2026,1990,liability,A,C,C,41.07,-8.4587,marubeni,https://www.gem.wiki/Tapada_do_Outeiro_power_station
G100000114668,L100000400593,PT,Tapada do Outeiro power station,Unit 2,coal,bituminous,subcritical,retired,50.0,1964,2000,37,retired_year,0.1361,country_implied,0.1361,0.8458,10.2857,default,94600.0,ipcc_default,973.029,no,0.0,0.0,S2,11,26,638043.835,365592.612,272451.217,0,2026,1990,liability,A,C,C,41.07,-8.4587,marubeni,https://www.gem.wiki/Tapada_do_Outeiro_power_station
G100000400593,L100000400593,PT,Tapada do Outeiro power station,G1,gas,natural_gas,combined cycle,operating,330.0,1998,2027,30,default,0.2294,country_implied,0.1534,0.4738,6.5455,default,56100.0,ipcc_default,367.2,no,0.0,0.0,S1,30,0,7305255.12,7447969.997,-142714.883,347883.132,2026,2010,contribution,A,C,C,41.07,-8.4587,marubeni,https://www.gem.wiki/Tapada_do_Outeiro_power_station
G100000400593,L100000400593,PT,Tapada do Outeiro power station,G1,gas,natural_gas,combined cycle,operating,330.0,1998,2027,30,default,0.2294,country_implied,0.1534,0.4738,6.5455,default,56100.0,ipcc_default,367.2,no,0.0,0.0,S2,30,0,7305255.12,7447969.997,-142714.883,347883.132,2026,2010,contribution,A,C,C,41.07,-8.4587,marubeni,https://www.gem.wiki/Tapada_do_Outeiro_power_station
G100000400594,L100000400593,PT,Tapada do Outeiro power station,G2,gas,natural_gas,combined cycle,operating,330.0,1998,2027,30,default,0.2294,country_implied,0.1534,0.4738,6.5455,default,56100.0,ipcc_default,367.2,no,0.0,0.0,S1,30,0,7305255.12,7447969.997,-142714.883,347883.132,2026,2010,contribution,A,C,C,41.07,-8.4587,marubeni,https://www.gem.wiki/Tapada_do_Outeiro_power_station
G100000400594,L100000400593,PT,Tapada do Outeiro power station,G2,gas,natural_gas,combined cycle,operating,330.0,1998,2027,30,default,0.2294,country_implied,0.1534,0.4738,6.5455,default,56100.0,ipcc_default,367.2,no,0.0,0.0,S2,30,0,7305255.12,7447969.997,-142714.883,347883.132,2026,2010,contribution,A,C,C,41.07,-8.4587,marubeni,https://www.gem.wiki/Tapada_do_Outeiro_power_station
G100000400595,L100000400593,PT,Tapada do Outeiro power station,G3,gas,natural_gas,combined cycle,operating,330.0,1999,2028,30,default,0.2294,country_implied,0.1534,0.4738,6.5455,default,56100.0,ipcc_default,367.2,no,0.0,0.0,S1,30,0,7305255.12,7163009.608,142245.506,534591.288,2026,2010,liability,A,C,C,41.07,-8.4587,marubeni,https://www.gem.wiki/Tapada_do_Outeiro_power_station
G100000400595,L100000400593,PT,Tapada do Outeiro power station,G3,gas,natural_gas,combined cycle,operating,330.0,1999,2028,30,default,0.2294,country_implied,0.1534,0.4738,6.5455,default,56100.0,ipcc_default,367.2,no,0.0,0.0,S2,30,0,7305255.12,7163009.608,142245.506,534591.288,2026,2010,liability,A,C,C,41.07,-8.4587,marubeni,https://www.gem.wiki/Tapada_do_Outeiro_power_station
G100000804692,L100000804101,QA,Al Kharsaah Solar,2,solar,,PV,operating,450.0,2022,2046,25,default,0.1461,country_implied,0.0832,0.303,,not_applicable,,not_applicable,0.0,no,0.0,0.0,S1,25,0,0.0,8079411.566,-8079411.566,-6729233.22,2026,,contribution,A,B,B,25.3171,51.5122,marubeni,https://www.gem.wiki/Al_Kharsaah_Solar
G100000804693,L100000804101,QA,Al Kharsaah Solar,1,solar,,PV,operating,350.0,2022,2046,25,default,0.1461,country_implied,0.0832,0.303,,not_applicable,,not_applicable,0.0,no,0.0,0.0,S1,25,0,0.0,6283986.775,-6283986.775,-5233848.061,2026,,contribution,A,B,B,25.2353,51.0137,marubeni,https://www.gem.wiki/Al_Kharsaah_Solar
G100000404740,L100000405536,QA,Ras Laffan C power plant,1,gas,natural_gas,combined cycle,operating,683.0,2011,2040,30,default,0.4891,country_implied,0.4686,0.4936,6.5455,default,56100.0,ipcc_default,367.2,no,0.0,0.0,S1,30,0,32236389.9,50979404.804,-18743014.905,-8598882.012,2026,,contribution,A,C,C,25.936944,51.522222,mitsui;shikoku,https://www.gem.wiki/Ras_Laffan_C_power_plant
G100000404741,L100000405536,QA,Ras Laffan C power plant,2,gas,natural_gas,combined cycle,operating,683.0,2011,2040,30,default,0.4891,country_implied,0.4686,0.4936,6.5455,default,56100.0,ipcc_default,367.2,no,0.0,0.0,S1,30,0,32236389.9,50979404.804,-18743014.905,-8598882.012,2026,,contribution,A,C,C,25.936944,51.522222,mitsui;shikoku,https://www.gem.wiki/Ras_Laffan_C_power_plant
G100000404742,L100000405536,QA,Ras Laffan C power plant,3,gas,natural_gas,combined cycle,operating,683.0,2011,2040,30,default,0.4891,country_implied,0.4686,0.4936,6.5455,default,56100.0,ipcc_default,367.2,no,0.0,0.0,S1,30,0,32236389.9,50979404.804,-18743014.905,-8598882.012,2026,,contribution,A,C,C,25.936944,51.522222,mitsui;shikoku,https://www.gem.wiki/Ras_Laffan_C_power_plant
G100000404743,L100000405536,QA,Ras Laffan C power plant,4,gas,natural_gas,combined cycle,operating,683.0,2011,2040,30,default,0.4891,country_implied,0.4686,0.4936,6.5455,default,56100.0,ipcc_default,367.2,no,0.0,0.0,S1,30,0,32236389.9,50979404.804,-18743014.905,-8598882.012,2026,,contribution,A,C,C,25.936944,51.522222,mitsui;shikoku,https://www.gem.wiki/Ras_Laffan_C_power_plant
G100000404749,L100000405538,QA,Umm Al Houl power plant,1,gas,natural_gas,combined cycle,operating,1260.0,2017,2046,30,default,0.4891,country_implied,0.4686,0.4936,6.5455,default,56100.0,ipcc_default,367.2,no,0.0,0.0,S1,30,0,59469767.61,91996715.962,-32526948.361,-21448166.855,2026,,contribution,A,C,C,25.115086,51.613097,mitsubishi_corp,https://www.gem.wiki/Umm_Al_Houl_power_plant
G100000410062,L100000405538,QA,Umm Al Houl power plant,2,gas,natural_gas,combined cycle,operating,1260.0,2018,2047,30,default,0.4891,country_implied,0.4686,0.4936,6.5455,default,56100.0,ipcc_default,367.2,no,0.0,0.0,S1,30,0,59469767.61,91616755.649,-32146988.047,-22337985.412,2026,,contribution,A,C,C,25.115086,51.613097,mitsubishi_corp,https://www.gem.wiki/Umm_Al_Houl_power_plant
G100001050396,L100001044859,RS,Bački Gračac solar farm,--,solar,,PV,announced,66.0,2028,2052,25,default,0.0425,country_implied,0.0163,0.0609,,not_applicable,,not_applicable,0.0,no,0.0,0.0,S1,25,0,0.0,362932.384,-362932.384,-362932.384,2026,,contribution,A,B,B,45.5715,19.3272,hyundai_engineering,https://www.gem.wiki/Bački_Gračac_solar_farm
G100001050396,L100001044859,RS,Bački Gračac solar farm,--,solar,,PV,announced,66.0,2028,2052,25,default,0.0425,country_implied,0.0163,0.0609,,not_applicable,,not_applicable,0.0,no,0.0,0.0,S2,25,0,0.0,248084.458,-248084.458,-248084.458,2026,,contribution,A,B,B,45.5715,19.3272,hyundai_engineering,https://www.gem.wiki/Bački_Gračac_solar_farm
G100001050400,L100001044863,RS,Jablanica solar farm,--,solar,,PV,announced,303.0,2028,2052,25,default,0.0425,country_implied,0.0163,0.0609,,not_applicable,,not_applicable,0.0,no,0.0,0.0,S1,25,0,0.0,1666189.579,-1666189.579,-1666189.579,2026,,contribution,A,B,B,42.918,21.7492,hyundai_engineering,https://www.gem.wiki/Jablanica_solar_farm
G100001050400,L100001044863,RS,Jablanica solar farm,--,solar,,PV,announced,303.0,2028,2052,25,default,0.0425,country_implied,0.0163,0.0609,,not_applicable,,not_applicable,0.0,no,0.0,0.0,S2,25,0,0.0,1138933.196,-1138933.196,-1138933.196,2026,,contribution,A,B,B,42.918,21.7492,hyundai_engineering,https://www.gem.wiki/Jablanica_solar_farm
G100001050397,L100001044860,RS,Jasenica solar farm,--,solar,,PV,announced,70.0,2028,2052,25,default,0.0425,country_implied,0.0163,0.0609,,not_applicable,,not_applicable,0.0,no,0.0,0.0,S1,25,0,0.0,384928.287,-384928.287,-384928.287,2026,,contribution,A,B,B,43.1824,21.7668,hyundai_engineering,https://www.gem.wiki/Jasenica_solar_farm
G100001050397,L100001044860,RS,Jasenica solar farm,--,solar,,PV,announced,70.0,2028,2052,25,default,0.0425,country_implied,0.0163,0.0609,,not_applicable,,not_applicable,0.0,no,0.0,0.0,S2,25,0,0.0,263119.878,-263119.878,-263119.878,2026,,contribution,A,B,B,43.1824,21.7668,hyundai_engineering,https://www.gem.wiki/Jasenica_solar_farm
G100001050401,L100001044864,RS,Sikole solar farm,--,solar,,PV,announced,461.0,2028,2052,25,default,0.0425,country_implied,0.0163,0.0609,,not_applicable,,not_applicable,0.0,no,0.0,0.0,S1,25,0,0.0,2535027.706,-2535027.706,-2535027.706,2026,,contribution,A,B,B,44.1784,22.318,hyundai_engineering,https://www.gem.wiki/Sikole_solar_farm
G100001050401,L100001044864,RS,Sikole solar farm,--,solar,,PV,announced,461.0,2028,2052,25,default,0.0425,country_implied,0.0163,0.0609,,not_applicable,,not_applicable,0.0,no,0.0,0.0,S2,25,0,0.0,1732832.355,-1732832.355,-1732832.355,2026,,contribution,A,B,B,44.1784,22.318,hyundai_engineering,https://www.gem.wiki/Sikole_solar_farm
G100001050399,L100001044862,RS,Srpska Kuća solar farm,--,solar,,PV,announced,35.1,2028,2052,25,default,0.0425,country_implied,0.0163,0.0609,,not_applicable,,not_applicable,0.0,no,0.0,0.0,S1,25,0,0.0,193014.042,-193014.042,-193014.042,2026,,contribution,A,B,B,42.4683,21.8071,hyundai_engineering,https://www.gem.wiki/Srpska_Kuća_solar_farm
G100001050399,L100001044862,RS,Srpska Kuća solar farm,--,solar,,PV,announced,35.1,2028,2052,25,default,0.0425,country_implied,0.0163,0.0609,,not_applicable,,not_applicable,0.0,no,0.0,0.0,S2,25,0,0.0,131935.828,-131935.828,-131935.828,2026,,contribution,A,B,B,42.4683,21.8071,hyundai_engineering,https://www.gem.wiki/Srpska_Kuća_solar_farm
G100001050398,L100001044861,RS,Togočevce solar farm,--,solar,,PV,announced,66.0,2028,2052,25,default,0.0425,country_implied,0.0163,0.0609,,not_applicable,,not_applicable,0.0,no,0.0,0.0,S1,25,0,0.0,362932.384,-362932.384,-362932.384,2026,,contribution,A,B,B,42.938,21.8674,hyundai_engineering,https://www.gem.wiki/Togočevce_solar_farm
G100001050398,L100001044861,RS,Togočevce solar farm,--,solar,,PV,announced,66.0,2028,2052,25,default,0.0425,country_implied,0.0163,0.0609,,not_applicable,,not_applicable,0.0,no,0.0,0.0,S2,25,0,0.0,248084.458,-248084.458,-248084.458,2026,,contribution,A,B,B,42.938,21.8674,hyundai_engineering,https://www.gem.wiki/Togočevce_solar_farm
G100000200353,L100000200317,RS,Vinca Waste-to-Energy power station,1,bioenergy,wood,,operating,30.0,2023,2052,30,default,0.9361,country_implied,0.7763,0.9361,13.4328,default,112000.0,ipcc_default,0.0,yes,1504.478,11103364.327,S1,30,0,0.0,4462577.165,-4462577.165,-3970280.097,2026,,contribution,A,C,C,44.7716,20.6028,itochu,https://www.gem.wiki/Vinca_Waste-to-Energy_power_station
G100000200353,L100000200317,RS,Vinca Waste-to-Energy power station,1,bioenergy,wood,,operating,30.0,2023,2052,30,default,0.9361,country_implied,0.7763,0.9361,13.4328,default,112000.0,ipcc_default,0.0,yes,1504.478,11103364.327,S2,30,0,0.0,3299077.357,-3299077.357,-2806780.289,2026,,contribution,A,C,C,44.7716,20.6028,itochu,https://www.gem.wiki/Vinca_Waste-to-Energy_power_station
G100001070617,L100001061607,RU,Arctic LNG 2 Terminal power station,Phase 1,gas,natural_gas,internal combustion,operating,500.0,2025,2054,30,default,0.5384,country_implied,0.5384,0.5639,8.5714,default,56100.0,ipcc_default,480.857,no,0.0,0.0,S1,30,0,34018604.01,32252272.734,1766331.286,1692927.507,2026,2025,liability,A,C,C,70.99517,73.8295,mitsui,https://www.gem.wiki/Arctic_LNG_2_Terminal_power_station
G100001070617,L100001061607,RU,Arctic LNG 2 Terminal power station,Phase 1,gas,natural_gas,internal combustion,operating,500.0,2025,2054,30,default,0.5384,country_implied,0.5384,0.5639,8.5714,default,56100.0,ipcc_default,480.857,no,0.0,0.0,S2,30,0,34018604.01,10540668.062,23477935.963,23404532.184,2026,2025,liability,A,C,C,70.99517,73.8295,mitsui,https://www.gem.wiki/Arctic_LNG_2_Terminal_power_station
G100001070620,L100001061607,RU,Arctic LNG 2 Terminal power station,Phase 2 (Beregovaya GTES),gas,natural_gas,internal combustion,construction,500.0,2028,2057,30,default,0.5384,country_implied,0.5384,0.5639,8.5714,default,56100.0,ipcc_default,480.857,no,0.0,0.0,S1,30,0,34018604.01,32342957.478,1675646.54,1675646.54,2026,2028,liability,A,C,C,70.99517,73.8295,mitsui,https://www.gem.wiki/Arctic_LNG_2_Terminal_power_station
G100001070620,L100001061607,RU,Arctic LNG 2 Terminal power station,Phase 2 (Beregovaya GTES),gas,natural_gas,internal combustion,construction,500.0,2028,2057,30,default,0.5384,country_implied,0.5384,0.5639,8.5714,default,56100.0,ipcc_default,480.857,no,0.0,0.0,S2,30,0,34018604.01,7794992.809,26223611.217,26223611.217,2026,2028,liability,A,C,C,70.99517,73.8295,mitsui,https://www.gem.wiki/Arctic_LNG_2_Terminal_power_station
G100001070621,L100001061607,RU,Arctic LNG 2 Terminal power station,Phase 3,gas,natural_gas,internal combustion,operating,500.0,2025,2054,30,default,0.5384,country_implied,0.5384,0.5639,8.5714,default,56100.0,ipcc_default,480.857,no,0.0,0.0,S1,30,0,34018604.01,32252272.734,1766331.286,1692927.507,2026,2025,liability,A,C,C,70.99517,73.8295,mitsui,https://www.gem.wiki/Arctic_LNG_2_Terminal_power_station
G100001070621,L100001061607,RU,Arctic LNG 2 Terminal power station,Phase 3,gas,natural_gas,internal combustion,operating,500.0,2025,2054,30,default,0.5384,country_implied,0.5384,0.5639,8.5714,default,56100.0,ipcc_default,480.857,no,0.0,0.0,S2,30,0,34018604.01,10540668.062,23477935.963,23404532.184,2026,2025,liability,A,C,C,70.99517,73.8295,mitsui,https://www.gem.wiki/Arctic_LNG_2_Terminal_power_station
G100001021007,L100001018745,SA,Al Sadawi solar farm,--,solar,,PV,pre-construction,2000.0,2027,2051,25,default,0.1515,country_implied,0.1464,0.3165,,not_applicable,,not_applicable,0.0,no,0.0,0.0,S1,25,0,0.0,45745307.57,-45745307.57,-45745307.57,2026,,contribution,A,B,B,24.657,46.7412,kepco,https://www.gem.wiki/Al_Sadawi_solar_farm
G100001004868,L100001004183,SA,Nairyah IPP Power Plant,1-النعيرية 1-Nairyah IPP 1,gas,natural_gas,combined cycle,construction,1800.0,2028,2057,30,default,0.4736,country_implied,0.4018,0.4736,6.5455,default,56100.0,ipcc_default,367.2,no,0.0,0.0,S1,30,0,82264456.41,154309512.87,-72045056.473,-72045056.473,2026,,contribution,A,C,C,27.47574,48.49949,kepco,https://www.gem.wiki/Nairyah_IPP_Power_Plant
G100001004869,L100001004183,SA,Nairyah IPP Power Plant,2-النعيرية 2-Nairyah IPP 2,gas,natural_gas,combined cycle,construction,1800.0,2028,2057,30,default,0.4736,country_implied,0.4018,0.4736,6.5455,default,56100.0,ipcc_default,367.2,no,0.0,0.0,S1,30,0,82264456.41,154309512.87,-72045056.473,-72045056.473,2026,,contribution,A,C,C,27.47574,48.49949,jera,https://www.gem.wiki/Nairyah_IPP_Power_Plant
G100000404756,L100000405553,SA,Qurayyah CC power plant,1,gas,natural_gas,combined cycle,operating,683.0,2014,2043,30,default,0.4736,country_implied,0.4018,0.4736,6.5455,default,56100.0,ipcc_default,367.2,no,0.0,0.0,S1,30,0,31214790.96,58925929.61,-27711138.655,-16471976.614,2026,,contribution,A,C,C,25.8446231,50.1264074,samsung_ct,https://www.gem.wiki/Qurayyah_CC_power_plant
G100000404757,L100000405553,SA,Qurayyah CC power plant,2,gas,natural_gas,combined cycle,operating,683.0,2014,2043,30,default,0.4736,country_implied,0.4018,0.4736,6.5455,default,56100.0,ipcc_default,367.2,no,0.0,0.0,S1,30,0,31214790.96,58925929.61,-27711138.655,-16471976.614,2026,,contribution,A,C,C,25.8446231,50.1264074,samsung_ct,https://www.gem.wiki/Qurayyah_CC_power_plant
G100000404758,L100000405553,SA,Qurayyah CC power plant,3,gas,natural_gas,combined cycle,operating,683.0,2014,2043,30,default,0.4736,country_implied,0.4018,0.4736,6.5455,default,56100.0,ipcc_default,367.2,no,0.0,0.0,S1,30,0,31214790.96,58925929.61,-27711138.655,-16471976.614,2026,,contribution,A,C,C,25.8446231,50.1264074,samsung_ct,https://www.gem.wiki/Qurayyah_CC_power_plant
G100000404759,L100000405553,SA,Qurayyah CC power plant,4,gas,natural_gas,combined cycle,operating,683.0,2014,2043,30,default,0.4736,country_implied,0.4018,0.4736,6.5455,default,56100.0,ipcc_default,367.2,no,0.0,0.0,S1,30,0,31214790.96,58925929.61,-27711138.655,-16471976.614,2026,,contribution,A,C,C,25.8446231,50.1264074,samsung_ct,https://www.gem.wiki/Qurayyah_CC_power_plant
G100000404760,L100000405553,SA,Qurayyah CC power plant,5,gas,natural_gas,combined cycle,operating,683.0,2014,2043,30,default,0.4736,country_implied,0.4018,0.4736,6.5455,default,56100.0,ipcc_default,367.2,no,0.0,0.0,S1,30,0,31214790.96,58925929.61,-27711138.655,-16471976.614,2026,,contribution,A,C,C,25.8446231,50.1264074,samsung_ct,https://www.gem.wiki/Qurayyah_CC_power_plant
G100000404761,L100000405553,SA,Qurayyah CC power plant,6,gas,natural_gas,combined cycle,operating,683.0,2015,2044,30,default,0.4736,country_implied,0.4018,0.4736,6.5455,default,56100.0,ipcc_default,367.2,no,0.0,0.0,S1,30,0,31214790.96,58914471.718,-27699680.764,-17382482.824,2026,,contribution,A,C,C,25.8446231,50.1264074,samsung_ct,https://www.gem.wiki/Qurayyah_CC_power_plant
G100000411495,L100000408240,SA,Rabigh IPP power station,2,oil,residual_fuel_oil,steam turbine,operating,602.0,2013,2042,30,default,0.632,country_implied,0.6018,0.6474,10.0,default,77400.0,ipcc_default,774.0,no,0.0,0.0,S1,30,0,77389116.93,69323251.893,8065865.048,4745926.592,2026,2013,liability,A,C,C,22.663575,39.036656,marubeni;jgc,https://www.gem.wiki/Rabigh_IPP_power_station
G100000411496,L100000408240,SA,Rabigh IPP power station,1,oil,residual_fuel_oil,steam turbine,operating,602.0,2013,2042,30,default,0.632,country_implied,0.6018,0.6474,10.0,default,77400.0,ipcc_default,774.0,no,0.0,0.0,S1,30,0,77389116.93,69323251.893,8065865.048,4745926.592,2026,2013,liability,A,C,C,22.663575,39.036656,marubeni;jgc,https://www.gem.wiki/Rabigh_IPP_power_station
G100000804626,L100000804053,SA,Rabigh Solar PV,--,solar,,PV,operating,400.0,2023,2047,25,default,0.1515,country_implied,0.1464,0.3165,,not_applicable,,not_applicable,0.0,no,0.0,0.0,S1,25,0,0.0,9160896.312,-9160896.312,-8056164.592,2026,,contribution,A,B,B,22.5808,39.1683,marubeni,https://www.gem.wiki/Rabigh_Solar_PV
G100001004865,L100001004179,SA,Rumah IPP Power Plant,1-رماح 1,gas,natural_gas,combined cycle,construction,1800.0,2028,2057,30,default,0.4736,country_implied,0.4018,0.4736,6.5455,default,56100.0,ipcc_default,367.2,no,0.0,0.0,S1,30,0,82264456.41,154309512.87,-72045056.473,-72045056.473,2026,,contribution,A,C,C,25.56667,47.16255,kepco,https://www.gem.wiki/Rumah_IPP_Power_Plant
G100001004866,L100001004179,SA,Rumah IPP Power Plant,2-رماح 2,gas,natural_gas,combined cycle,construction,1800.0,2028,2057,30,default,0.4736,country_implied,0.4018,0.4736,6.5455,default,56100.0,ipcc_default,367.2,no,0.0,0.0,S1,30,0,82264456.41,154309512.87,-72045056.473,-72045056.473,2026,,contribution,A,C,C,25.56667,47.16255,jera,https://www.gem.wiki/Rumah_IPP_Power_Plant
G100001053404,L100001047046,SA,SATORP power plant,1,gas,natural_gas,combined cycle,construction,475.0,2027,2056,30,default,0.4736,country_implied,0.4018,0.4736,6.5455,default,56100.0,ipcc_default,367.2,no,0.0,0.0,S1,30,0,21708675.99,40730666.069,-19021990.075,-19021990.075,2026,,contribution,A,C,C,26.965465,49.498705,jera,https://www.gem.wiki/SATORP_power_plant
G100000411439,L100000408248,SA,Shuqaiq 2 Independent Water and Power Project,3,oil,residual_fuel_oil,steam turbine,operating,340.0,2010,2039,30,default,0.632,country_implied,0.6018,0.6474,10.0,default,77400.0,ipcc_default,774.0,no,0.0,0.0,S1,30,0,43708139.13,39168278.441,4539860.697,2200644.008,2026,2010,liability,A,C,C,17.659601,42.07608,mitsubishi_corp,https://www.gem.wiki/Shuqaiq_2_Independent_Water_and_Power_Project
G100000411440,L100000408248,SA,Shuqaiq 2 Independent Water and Power Project,2,oil,residual_fuel_oil,steam turbine,operating,340.0,2010,2039,30,default,0.632,country_implied,0.6018,0.6474,10.0,default,77400.0,ipcc_default,774.0,no,0.0,0.0,S1,30,0,43708139.13,39168278.441,4539860.697,2200644.008,2026,2010,liability,A,C,C,17.659601,42.07608,mitsubishi_corp,https://www.gem.wiki/Shuqaiq_2_Independent_Water_and_Power_Project
G100000411441,L100000408248,SA,Shuqaiq 2 Independent Water and Power Project,1,oil,residual_fuel_oil,steam turbine,operating,340.0,2010,2039,30,default,0.632,country_implied,0.6018,0.6474,10.0,default,77400.0,ipcc_default,774.0,no,0.0,0.0,S1,30,0,43708139.13,39168278.441,4539860.697,2200644.008,2026,2010,liability,A,C,C,17.659601,42.07608,mitsubishi_corp,https://www.gem.wiki/Shuqaiq_2_Independent_Water_and_Power_Project
G100000410899,L100000408011,SA,Tanajib Cogeneration and Desalination power plant,CC,gas,natural_gas,combined cycle,operating,940.0,2025,2054,30,default,0.4736,country_implied,0.4018,0.4736,6.5455,default,56100.0,ipcc_default,367.2,no,0.0,0.0,S1,30,0,42960327.24,80643834.659,-37683507.428,-36417712.741,2026,,contribution,A,C,C,27.770296,48.874835,marubeni,https://www.gem.wiki/Tanajib_Cogeneration_and_Desalination_power_plant
G100000804741,L100000804148,SA,Wadi Ad Dawasir Solar PV Plant,--,solar,,PV,operating,119.0,2025,2049,25,default,0.1515,country_implied,0.1464,0.3165,,not_applicable,,not_applicable,0.0,no,0.0,0.0,S1,25,0,0.0,2723196.197,-2723196.197,-2613943.869,2026,,contribution,A,B,B,20.5595,44.8657,toyota_tsusho,https://www.gem.wiki/Wadi_Ad_Dawasir_Solar_PV_Plant
G100000404486,L100000405369,TH,Chachoengsao NNK cogeneration power station,1,gas,natural_gas,combined cycle,operating,110.0,2013,2042,30,default,0.3626,country_implied,0.3626,0.4091,6.5455,default,56100.0,ipcc_default,367.2,no,0.0,0.0,S1,30,0,3849005.37,5609318.469,-1760313.085,-823194.18,2026,,contribution,A,C,C,13.736129,101.016325,jpower,https://www.gem.wiki/Chachoengsao_NNK_cogeneration_power_station
G100000404486,L100000405369,TH,Chachoengsao NNK cogeneration power station,1,gas,natural_gas,combined cycle,operating,110.0,2013,2042,30,default,0.3626,country_implied,0.3626,0.4091,6.5455,default,56100.0,ipcc_default,367.2,no,0.0,0.0,S2,30,0,3849005.37,4569234.44,-720229.058,216889.847,2026,2032,contribution,A,C,C,13.736129,101.016325,jpower,https://www.gem.wiki/Chachoengsao_NNK_cogeneration_power_station
G100000401094,L100000405372,TH,Chonburi Ng Project power station,1,gas,natural_gas,combined cycle,operating,625.0,2021,2050,30,default,0.3626,country_implied,0.3626,0.4091,6.5455,default,56100.0,ipcc_default,367.2,no,0.0,0.0,S1,30,0,21869348.76,29795226.782,-7925878.022,-6059638.008,2026,,contribution,A,C,C,13.049968,101.193335,mitsui,https://www.gem.wiki/Chonburi_Ng_Project_power_station
G100000401094,L100000405372,TH,Chonburi Ng Project power station,1,gas,natural_gas,combined cycle,operating,625.0,2021,2050,30,default,0.3626,country_implied,0.3626,0.4091,6.5455,default,56100.0,ipcc_default,367.2,no,0.0,0.0,S2,30,0,21869348.76,19054435.814,2814912.946,4681152.96,2026,2032,liability,A,C,C,13.049968,101.193335,mitsui,https://www.gem.wiki/Chonburi_Ng_Project_power_station
G100000401095,L100000405372,TH,Chonburi Ng Project power station,2,gas,natural_gas,combined cycle,operating,625.0,2021,2050,30,default,0.3626,country_implied,0.3626,0.4091,6.5455,default,56100.0,ipcc_default,367.2,no,0.0,0.0,S1,30,0,21869348.76,29795226.782,-7925878.022,-6059638.008,2026,,contribution,A,C,C,13.049968,101.193335,mitsui,https://www.gem.wiki/Chonburi_Ng_Project_power_station
G100000401095,L100000405372,TH,Chonburi Ng Project power station,2,gas,natural_gas,combined cycle,operating,625.0,2021,2050,30,default,0.3626,country_implied,0.3626,0.4091,6.5455,default,56100.0,ipcc_default,367.2,no,0.0,0.0,S2,30,0,21869348.76,19054435.814,2814912.946,4681152.96,2026,2032,liability,A,C,C,13.049968,101.193335,mitsui,https://www.gem.wiki/Chonburi_Ng_Project_power_station
G100000401096,L100000405372,TH,Chonburi Ng Project power station,3,gas,natural_gas,combined cycle,operating,625.0,2022,2051,30,default,0.3626,country_implied,0.3626,0.4091,6.5455,default,56100.0,ipcc_default,367.2,no,0.0,0.0,S1,30,0,21869348.76,29539061.587,-7669712.827,-6198256.645,2026,,contribution,A,C,C,13.049968,101.193335,mitsui,https://www.gem.wiki/Chonburi_Ng_Project_power_station
G100000401096,L100000405372,TH,Chonburi Ng Project power station,3,gas,natural_gas,combined cycle,operating,625.0,2022,2051,30,default,0.3626,country_implied,0.3626,0.4091,6.5455,default,56100.0,ipcc_default,367.2,no,0.0,0.0,S2,30,0,21869348.76,18155387.006,3713961.754,5185417.936,2026,2032,liability,A,C,C,13.049968,101.193335,mitsui,https://www.gem.wiki/Chonburi_Ng_Project_power_station
G100000401097,L100000405372,TH,Chonburi Ng Project power station,4,gas,natural_gas,combined cycle,operating,625.0,2022,2051,30,default,0.3626,country_implied,0.3626,0.4091,6.5455,default,56100.0,ipcc_default,367.2,no,0.0,0.0,S1,30,0,21869348.76,29539061.587,-7669712.827,-6198256.645,2026,,contribution,A,C,C,13.049968,101.193335,mitsui,https://www.gem.wiki/Chonburi_Ng_Project_power_station
G100000401097,L100000405372,TH,Chonburi Ng Project power station,4,gas,natural_gas,combined cycle,operating,625.0,2022,2051,30,default,0.3626,country_implied,0.3626,0.4091,6.5455,default,56100.0,ipcc_default,367.2,no,0.0,0.0,S2,30,0,21869348.76,18155387.006,3713961.754,5185417.936,2026,2032,liability,A,C,C,13.049968,101.193335,mitsui,https://www.gem.wiki/Chonburi_Ng_Project_power_station
G100000404422,L100000405373,TH,EGCO cogeneration (Rayong) power station,1,gas,natural_gas,combined cycle,operating,117.0,2003,2032,30,default,0.3626,country_implied,0.3626,0.4091,6.5455,default,56100.0,ipcc_default,367.2,no,0.0,0.0,S1,30,0,4093942.08,6374620.737,-2280678.648,-416961.311,2026,,contribution,A,C,C,12.794063,101.199347,jpower,https://www.gem.wiki/EGCO_cogeneration_(Rayong)_power_station
G100000404422,L100000405373,TH,EGCO cogeneration (Rayong) power station,1,gas,natural_gas,combined cycle,operating,117.0,2003,2032,30,default,0.3626,country_implied,0.3626,0.4091,6.5455,default,56100.0,ipcc_default,367.2,no,0.0,0.0,S2,30,0,4093942.08,6125131.128,-2031189.04,-167471.703,2026,2032,contribution,A,C,C,12.794063,101.199347,jpower,https://www.gem.wiki/EGCO_cogeneration_(Rayong)_power_station
G100000404487,L100000405381,TH,Gulf BL power station,1,gas,natural_gas,combined cycle,operating,127.0,2018,2047,30,default,0.3626,country_implied,0.3626,0.4091,6.5455,default,56100.0,ipcc_default,367.2,no,0.0,0.0,S1,30,0,4443851.67,6202379.701,-1758528.032,-1137687.745,2026,,contribution,A,C,C,14.252758,100.588845,mitsui,https://www.gem.wiki/Gulf_BL_power_station
G100000404487,L100000405381,TH,Gulf BL power station,1,gas,natural_gas,combined cycle,operating,127.0,2018,2047,30,default,0.3626,country_implied,0.3626,0.4091,6.5455,default,56100.0,ipcc_default,367.2,no,0.0,0.0,S2,30,0,4443851.67,4403072.512,40779.156,661619.443,2026,2032,liability,A,C,C,14.252758,100.588845,mitsui,https://www.gem.wiki/Gulf_BL_power_station
G100000404488,L100000405382,TH,Gulf BP power station,1,gas,natural_gas,combined cycle,operating,127.0,2018,2047,30,default,0.3626,country_implied,0.3626,0.4091,6.5455,default,56100.0,ipcc_default,367.2,no,0.0,0.0,S1,30,0,4443851.67,6202379.701,-1758528.032,-1137687.745,2026,,contribution,A,C,C,14.25334,100.602789,mitsui,https://www.gem.wiki/Gulf_BP_power_station
G100000404488,L100000405382,TH,Gulf BP power station,1,gas,natural_gas,combined cycle,operating,127.0,2018,2047,30,default,0.3626,country_implied,0.3626,0.4091,6.5455,default,56100.0,ipcc_default,367.2,no,0.0,0.0,S2,30,0,4443851.67,4403072.512,40779.156,661619.443,2026,2032,liability,A,C,C,14.25334,100.602789,mitsui,https://www.gem.wiki/Gulf_BP_power_station
G100000404501,L100000405383,TH,Gulf CRN power station,1,gas,natural_gas,combined cycle,operating,125.9,2013,2042,30,default,0.3626,country_implied,0.3626,0.4091,6.5455,default,56100.0,ipcc_default,367.2,no,0.0,0.0,S1,30,0,4405361.61,6420119.956,-2014758.34,-942183.157,2026,,contribution,A,C,C,14.097682,100.572578,jpower,https://www.gem.wiki/Gulf_CRN_power_station
G100000404501,L100000405383,TH,Gulf CRN power station,1,gas,natural_gas,combined cycle,operating,125.9,2013,2042,30,default,0.3626,country_implied,0.3626,0.4091,6.5455,default,56100.0,ipcc_default,367.2,no,0.0,0.0,S2,30,0,4405361.61,5229696.51,-824334.896,248240.287,2026,2032,contribution,A,C,C,14.097682,100.572578,jpower,https://www.gem.wiki/Gulf_CRN_power_station
G100000404497,L100000405384,TH,Gulf KP1 & 2 power station,1,gas,natural_gas,combined cycle,operating,110.0,2013,2042,30,default,0.3626,country_implied,0.3626,0.4091,6.5455,default,56100.0,ipcc_default,367.2,no,0.0,0.0,S1,30,0,3849005.37,5609318.469,-1760313.085,-823194.18,2026,,contribution,A,C,C,14.387466,100.909186,jpower,https://www.gem.wiki/Gulf_KP1_&_2_power_station
G100000404497,L100000405384,TH,Gulf KP1 & 2 power station,1,gas,natural_gas,combined cycle,operating,110.0,2013,2042,30,default,0.3626,country_implied,0.3626,0.4091,6.5455,default,56100.0,ipcc_default,367.2,no,0.0,0.0,S2,30,0,3849005.37,4569234.44,-720229.058,216889.847,2026,2032,contribution,A,C,C,14.387466,100.909186,jpower,https://www.gem.wiki/Gulf_KP1_&_2_power_station
G100000404498,L100000405384,TH,Gulf KP1 & 2 power station,2,gas,natural_gas,combined cycle,operating,110.0,2013,2042,30,default,0.3626,country_implied,0.3626,0.4091,6.5455,default,56100.0,ipcc_default,367.2,no,0.0,0.0,S1,30,0,3849005.37,5609318.469,-1760313.085,-823194.18,2026,,contribution,A,C,C,14.387466,100.909186,jpower,https://www.gem.wiki/Gulf_KP1_&_2_power_station
G100000404498,L100000405384,TH,Gulf KP1 & 2 power station,2,gas,natural_gas,combined cycle,operating,110.0,2013,2042,30,default,0.3626,country_implied,0.3626,0.4091,6.5455,default,56100.0,ipcc_default,367.2,no,0.0,0.0,S2,30,0,3849005.37,4569234.44,-720229.058,216889.847,2026,2032,contribution,A,C,C,14.387466,100.909186,jpower,https://www.gem.wiki/Gulf_KP1_&_2_power_station
G100000404489,L100000405385,TH,Gulf NC power station,1,gas,natural_gas,combined cycle,operating,126.5,2018,2047,30,default,0.3626,country_implied,0.3626,0.4091,6.5455,default,56100.0,ipcc_default,367.2,no,0.0,0.0,S1,30,0,4426356.18,6177960.883,-1751604.698,-1133208.663,2026,,contribution,A,C,C,14.032236,101.710998,mitsui,https://www.gem.wiki/Gulf_NC_power_station
G100000404489,L100000405385,TH,Gulf NC power station,1,gas,natural_gas,combined cycle,operating,126.5,2018,2047,30,default,0.3626,country_implied,0.3626,0.4091,6.5455,default,56100.0,ipcc_default,367.2,no,0.0,0.0,S2,30,0,4426356.18,4385737.578,40618.607,659014.642,2026,2032,liability,A,C,C,14.032236,101.710998,mitsui,https://www.gem.wiki/Gulf_NC_power_station
G100000404499,L100000405386,TH,Gulf NK2 power station,1,gas,natural_gas,combined cycle,operating,133.0,2013,2042,30,default,0.3626,country_implied,0.3626,0.4091,6.5455,default,56100.0,ipcc_default,367.2,no,0.0,0.0,S1,30,0,4653797.43,6782175.968,-2128378.547,-995316.598,2026,,contribution,A,C,C,14.368055,100.835808,jpower,https://www.gem.wiki/Gulf_NK2_power_station
G100000404499,L100000405386,TH,Gulf NK2 power station,1,gas,natural_gas,combined cycle,operating,133.0,2013,2042,30,default,0.3626,country_implied,0.3626,0.4091,6.5455,default,56100.0,ipcc_default,367.2,no,0.0,0.0,S2,30,0,4653797.43,5524619.822,-870822.408,262239.541,2026,2032,contribution,A,C,C,14.368055,100.835808,jpower,https://www.gem.wiki/Gulf_NK2_power_station
G100000404490,L100000405387,TH,Gulf NLL power station,1,gas,natural_gas,combined cycle,operating,123.0,2013,2042,30,default,0.3626,country_implied,0.3626,0.4091,6.5455,default,56100.0,ipcc_default,367.2,no,0.0,0.0,S1,30,0,4303887.84,6272237.925,-1968350.09,-920480.769,2026,,contribution,A,C,C,12.825592,101.248684,jpower,https://www.gem.wiki/Gulf_NLL_power_station
G100000404490,L100000405387,TH,Gulf NLL power station,1,gas,natural_gas,combined cycle,operating,123.0,2013,2042,30,default,0.3626,country_implied,0.3626,0.4091,6.5455,default,56100.0,ipcc_default,367.2,no,0.0,0.0,S2,30,0,4303887.84,5109234.877,-805347.04,242522.281,2026,2032,contribution,A,C,C,12.825592,101.248684,jpower,https://www.gem.wiki/Gulf_NLL_power_station
G100000404491,L100000405387,TH,Gulf NLL power station,2,gas,natural_gas,combined cycle,operating,127.0,2019,2048,30,default,0.3626,country_implied,0.3626,0.4091,6.5455,default,56100.0,ipcc_default,367.2,no,0.0,0.0,S1,30,0,4443851.67,6154206.469,-1710354.8,-1170432.469,2026,,contribution,A,C,C,12.825592,101.248684,mitsui,https://www.gem.wiki/Gulf_NLL_power_station
G100000404491,L100000405387,TH,Gulf NLL power station,2,gas,natural_gas,combined cycle,operating,127.0,2019,2048,30,default,0.3626,country_implied,0.3626,0.4091,6.5455,default,56100.0,ipcc_default,367.2,no,0.0,0.0,S2,30,0,4443851.67,4228775.622,215076.046,754998.377,2026,2032,liability,A,C,C,12.825592,101.248684,mitsui,https://www.gem.wiki/Gulf_NLL_power_station
G100000401103,L100000405389,TH,Gulf NPM power station,CC1,gas,natural_gas,combined cycle,operating,135.0,2019,2048,30,default,0.3626,country_implied,0.3626,0.4091,6.5455,default,56100.0,ipcc_default,367.2,no,0.0,0.0,S1,30,0,4723779.33,6541873.017,-1818093.687,-1244160.501,2026,,contribution,A,C,C,14.36647,100.836403,mitsui,https://www.gem.wiki/Gulf_NPM_power_station
G100000401103,L100000405389,TH,Gulf NPM power station,CC1,gas,natural_gas,combined cycle,operating,135.0,2019,2048,30,default,0.3626,country_implied,0.3626,0.4091,6.5455,default,56100.0,ipcc_default,367.2,no,0.0,0.0,S2,30,0,4723779.33,4495155.187,228624.144,802557.33,2026,2032,liability,A,C,C,14.36647,100.836403,mitsui,https://www.gem.wiki/Gulf_NPM_power_station
G100000401104,L100000405390,TH,Gulf NRV power station,1,gas,natural_gas,combined cycle,operating,128.0,2019,2048,30,default,0.3626,country_implied,0.3626,0.4091,6.5455,default,56100.0,ipcc_default,367.2,no,0.0,0.0,S1,30,0,4478842.62,6202664.787,-1723822.161,-1179648.474,2026,,contribution,A,C,C,14.928799,102.177099,mitsui,https://www.gem.wiki/Gulf_NRV_power_station
G100000401104,L100000405390,TH,Gulf NRV power station,1,gas,natural_gas,combined cycle,operating,128.0,2019,2048,30,default,0.3626,country_implied,0.3626,0.4091,6.5455,default,56100.0,ipcc_default,367.2,no,0.0,0.0,S2,30,0,4478842.62,4262073.066,216769.558,760943.245,2026,2032,liability,A,C,C,14.928799,102.177099,mitsui,https://www.gem.wiki/Gulf_NRV_power_station
G100000401105,L100000405390,TH,Gulf NRV power station,2,gas,natural_gas,combined cycle,operating,128.0,2019,2048,30,default,0.3626,country_implied,0.3626,0.4091,6.5455,default,56100.0,ipcc_default,367.2,no,0.0,0.0,S1,30,0,4478842.62,6202664.787,-1723822.161,-1179648.474,2026,,contribution,A,C,C,14.928799,102.177099,mitsui,https://www.gem.wiki/Gulf_NRV_power_station
G100000401105,L100000405390,TH,Gulf NRV power station,2,gas,natural_gas,combined cycle,operating,128.0,2019,2048,30,default,0.3626,country_implied,0.3626,0.4091,6.5455,default,56100.0,ipcc_default,367.2,no,0.0,0.0,S2,30,0,4478842.62,4262073.066,216769.558,760943.245,2026,2032,liability,A,C,C,14.928799,102.177099,mitsui,https://www.gem.wiki/Gulf_NRV_power_station
G100000404500,L100000405391,TH,Gulf TLC power station,1,gas,natural_gas,combined cycle,operating,114.0,2013,2042,30,default,0.3626,country_implied,0.3626,0.4091,6.5455,default,56100.0,ipcc_default,367.2,no,0.0,0.0,S1,30,0,3988969.2,5813293.686,-1824324.47,-853128.515,2026,,contribution,A,C,C,14.558472,100.964577,jpower,https://www.gem.wiki/Gulf_TLC_power_station
G100000404500,L100000405391,TH,Gulf TLC power station,1,gas,natural_gas,combined cycle,operating,114.0,2013,2042,30,default,0.3626,country_implied,0.3626,0.4091,6.5455,default,56100.0,ipcc_default,367.2,no,0.0,0.0,S2,30,0,3988969.2,4735388.42,-746419.205,224776.75,2026,2032,contribution,A,C,C,14.558472,100.964577,jpower,https://www.gem.wiki/Gulf_TLC_power_station
G100000404492,L100000405392,TH,Gulf Tasit 1 & 2 power station,1,gas,natural_gas,combined cycle,operating,138.3,2017,2046,30,default,0.3626,country_implied,0.3626,0.4091,6.5455,default,56100.0,ipcc_default,367.2,no,0.0,0.0,S1,30,0,4839249.48,6811836.532,-1972587.035,-1201566.669,2026,,contribution,A,C,C,13.017385,101.192733,mitsui,https://www.gem.wiki/Gulf_Tasit_1_&_2_power_station
G100000404492,L100000405392,TH,Gulf Tasit 1 & 2 power station,1,gas,natural_gas,combined cycle,operating,138.3,2017,2046,30,default,0.3626,country_implied,0.3626,0.4091,6.5455,default,56100.0,ipcc_default,367.2,no,0.0,0.0,S2,30,0,4839249.48,4987750.843,-148501.348,622519.018,2026,2032,contribution,A,C,C,13.017385,101.192733,mitsui,https://www.gem.wiki/Gulf_Tasit_1_&_2_power_station
G100000404493,L100000405392,TH,Gulf Tasit 1 & 2 power station,2,gas,natural_gas,combined cycle,operating,138.3,2017,2046,30,default,0.3626,country_implied,0.3626,0.4091,6.5455,default,56100.0,ipcc_default,367.2,no,0.0,0.0,S1,30,0,4839249.48,6811836.532,-1972587.035,-1201566.669,2026,,contribution,A,C,C,13.017385,101.192733,mitsui,https://www.gem.wiki/Gulf_Tasit_1_&_2_power_station
G100000404493,L100000405392,TH,Gulf Tasit 1 & 2 power station,2,gas,natural_gas,combined cycle,operating,138.3,2017,2046,30,default,0.3626,country_implied,0.3626,0.4091,6.5455,default,56100.0,ipcc_default,367.2,no,0.0,0.0,S2,30,0,4839249.48,4987750.843,-148501.348,622519.018,2026,2032,contribution,A,C,C,13.017385,101.192733,mitsui,https://www.gem.wiki/Gulf_Tasit_1_&_2_power_station
G100000404494,L100000405393,TH,Gulf Tasit 3 & 4 power station,1,gas,natural_gas,combined cycle,operating,130.0,2017,2046,30,default,0.3626,country_implied,0.3626,0.4091,6.5455,default,56100.0,ipcc_default,367.2,no,0.0,0.0,S1,30,0,4548824.55,6403027.836,-1854203.289,-1129455.295,2026,,contribution,A,C,C,13.064886,101.185198,mitsui,https://www.gem.wiki/Gulf_Tasit_3_&_4_power_station
G100000404494,L100000405393,TH,Gulf Tasit 3 & 4 power station,1,gas,natural_gas,combined cycle,operating,130.0,2017,2046,30,default,0.3626,country_implied,0.3626,0.4091,6.5455,default,56100.0,ipcc_default,367.2,no,0.0,0.0,S2,30,0,4548824.55,4688413.666,-139589.122,585158.872,2026,2032,contribution,A,C,C,13.064886,101.185198,mitsui,https://www.gem.wiki/Gulf_Tasit_3_&_4_power_station
G100000404495,L100000405393,TH,Gulf Tasit 3 & 4 power station,2,gas,natural_gas,combined cycle,operating,130.0,2018,2047,30,default,0.3626,country_implied,0.3626,0.4091,6.5455,default,56100.0,ipcc_default,367.2,no,0.0,0.0,S1,30,0,4548824.55,6348892.612,-1800068.065,-1164562.261,2026,,contribution,A,C,C,13.064886,101.185198,mitsui,https://www.gem.wiki/Gulf_Tasit_3_&_4_power_station
G100000404495,L100000405393,TH,Gulf Tasit 3 & 4 power station,2,gas,natural_gas,combined cycle,operating,130.0,2018,2047,30,default,0.3626,country_implied,0.3626,0.4091,6.5455,default,56100.0,ipcc_default,367.2,no,0.0,0.0,S2,30,0,4548824.55,4507082.101,41742.443,677248.247,2026,2032,liability,A,C,C,13.064886,101.185198,mitsui,https://www.gem.wiki/Gulf_Tasit_3_&_4_power_station
G100000404496,L100000405394,TH,Gulf VTP power station,1,gas,natural_gas,combined cycle,operating,137.0,2017,2046,30,default,0.3626,country_implied,0.3626,0.4091,6.5455,default,56100.0,ipcc_default,367.2,no,0.0,0.0,S1,30,0,4793761.26,6747806.256,-1954045.005,-1190272.119,2026,,contribution,A,C,C,13.003965,101.172476,mitsui,https://www.gem.wiki/Gulf_VTP_power_station
G100000404496,L100000405394,TH,Gulf VTP power station,1,gas,natural_gas,combined cycle,operating,137.0,2017,2046,30,default,0.3626,country_implied,0.3626,0.4091,6.5455,default,56100.0,ipcc_default,367.2,no,0.0,0.0,S2,30,0,4793761.26,4940866.708,-147105.458,616667.428,2026,2032,contribution,A,C,C,13.003965,101.172476,mitsui,https://www.gem.wiki/Gulf_VTP_power_station
G100000404427,L100000405399,TH,Kaeng Khoi 2 power station,1,gas,natural_gas,combined cycle,operating,734.0,2007,2036,30,default,0.3626,country_implied,0.3626,0.4091,6.5455,default,56100.0,ipcc_default,367.2,no,0.0,0.0,S1,30,0,25683363.18,39123928.768,-13440565.584,-3884260.828,2026,,contribution,A,C,C,14.605,101.0259,mitsui;jpower,https://www.gem.wiki/Kaeng_Khoi_2_power_station
G100000404427,L100000405399,TH,Kaeng Khoi 2 power station,1,gas,natural_gas,combined cycle,operating,734.0,2007,2036,30,default,0.3626,country_implied,0.3626,0.4091,6.5455,default,56100.0,ipcc_default,367.2,no,0.0,0.0,S2,30,0,25683363.18,35736947.839,-10053584.654,-497279.898,2026,2032,contribution,A,C,C,14.605,101.0259,mitsui;jpower,https://www.gem.wiki/Kaeng_Khoi_2_power_station
G100000404428,L100000405399,TH,Kaeng Khoi 2 power station,2,gas,natural_gas,combined cycle,operating,734.0,2008,2037,30,default,0.3626,country_implied,0.3626,0.4091,6.5455,default,56100.0,ipcc_default,367.2,no,0.0,0.0,S1,30,0,25683363.18,38860467.262,-13177104.078,-4176526.124,2026,,contribution,A,C,C,14.605,101.0259,mitsui;jpower,https://www.gem.wiki/Kaeng_Khoi_2_power_station
G100000404428,L100000405399,TH,Kaeng Khoi 2 power station,2,gas,natural_gas,combined cycle,operating,734.0,2008,2037,30,default,0.3626,country_implied,0.3626,0.4091,6.5455,default,56100.0,ipcc_default,367.2,no,0.0,0.0,S2,30,0,25683363.18,34940718.117,-9257354.932,-256776.978,2026,2032,contribution,A,C,C,14.605,101.0259,mitsui;jpower,https://www.gem.wiki/Kaeng_Khoi_2_power_station
G100000404445,L100000405408,TH,Nong Khae power station,1,gas,natural_gas,combined cycle,operating,113.0,2000,2029,30,default,0.3626,country_implied,0.3626,0.4091,6.5455,default,56100.0,ipcc_default,367.2,no,0.0,0.0,S1,30,0,3953978.25,6245423.585,-2291445.33,-239809.428,2026,,contribution,A,C,C,14.378885,100.837149,mitsui;jpower,https://www.gem.wiki/Nong_Khae_power_station
G100000404445,L100000405408,TH,Nong Khae power station,1,gas,natural_gas,combined cycle,operating,113.0,2000,2029,30,default,0.3626,country_implied,0.3626,0.4091,6.5455,default,56100.0,ipcc_default,367.2,no,0.0,0.0,S2,30,0,3953978.25,6153504.287,-2199526.032,-147890.13,2026,,contribution,A,C,C,14.378885,100.837149,mitsui;jpower,https://www.gem.wiki/Nong_Khae_power_station
G100000404446,L100000405409,TH,Nong Saeng power station,1,gas,natural_gas,combined cycle,operating,800.0,2014,2043,30,default,0.3626,country_implied,0.3626,0.4091,6.5455,default,56100.0,ipcc_default,367.2,no,0.0,0.0,S1,30,0,27992766.42,40454846.423,-12462080.01,-6242862.857,2026,,contribution,A,C,C,14.4417,100.7756,jpower,https://www.gem.wiki/Nong_Saeng_power_station
G100000404446,L100000405409,TH,Nong Saeng power station,1,gas,natural_gas,combined cycle,operating,800.0,2014,2043,30,default,0.3626,country_implied,0.3626,0.4091,6.5455,default,56100.0,ipcc_default,367.2,no,0.0,0.0,S2,30,0,27992766.42,32168217.867,-4175451.454,2043765.699,2026,2032,contribution,A,C,C,14.4417,100.7756,jpower,https://www.gem.wiki/Nong_Saeng_power_station
G100000404447,L100000405409,TH,Nong Saeng power station,2,gas,natural_gas,combined cycle,operating,800.0,2014,2043,30,default,0.3626,country_implied,0.3626,0.4091,6.5455,default,56100.0,ipcc_default,367.2,no,0.0,0.0,S1,30,0,27992766.42,40454846.423,-12462080.01,-6242862.857,2026,,contribution,A,C,C,14.4417,100.7756,jpower,https://www.gem.wiki/Nong_Saeng_power_station
G100000404447,L100000405409,TH,Nong Saeng power station,2,gas,natural_gas,combined cycle,operating,800.0,2014,2043,30,default,0.3626,country_implied,0.3626,0.4091,6.5455,default,56100.0,ipcc_default,367.2,no,0.0,0.0,S2,30,0,27992766.42,32168217.867,-4175451.454,2043765.699,2026,2032,contribution,A,C,C,14.4417,100.7756,jpower,https://www.gem.wiki/Nong_Saeng_power_station
G100000401098,L100000405416,TH,Rayong Gulf PD power station,1,gas,natural_gas,combined cycle,operating,625.0,2023,2052,30,default,0.3626,country_implied,0.3626,0.4091,6.5455,default,56100.0,ipcc_default,367.2,no,0.0,0.0,S1,30,0,21869348.76,29286969.896,-7417621.136,-6329493.98,2026,,contribution,A,C,C,12.950169,101.156081,mitsui,https://www.gem.wiki/Rayong_Gulf_PD_power_station
G100000401098,L100000405416,TH,Rayong Gulf PD power station,1,gas,natural_gas,combined cycle,operating,625.0,2023,2052,30,default,0.3626,country_implied,0.3626,0.4091,6.5455,default,56100.0,ipcc_default,367.2,no,0.0,0.0,S2,30,0,21869348.76,17254600.522,4614748.238,5702875.394,2026,2032,liability,A,C,C,12.950169,101.156081,mitsui,https://www.gem.wiki/Rayong_Gulf_PD_power_station
G100000401099,L100000405416,TH,Rayong Gulf PD power station,2,gas,natural_gas,combined cycle,operating,625.0,2023,2052,30,default,0.3626,country_implied,0.3626,0.4091,6.5455,default,56100.0,ipcc_default,367.2,no,0.0,0.0,S1,30,0,21869348.76,29286969.896,-7417621.136,-6329493.98,2026,,contribution,A,C,C,12.950169,101.156081,mitsui,https://www.gem.wiki/Rayong_Gulf_PD_power_station
G100000401099,L100000405416,TH,Rayong Gulf PD power station,2,gas,natural_gas,combined cycle,operating,625.0,2023,2052,30,default,0.3626,country_implied,0.3626,0.4091,6.5455,default,56100.0,ipcc_default,367.2,no,0.0,0.0,S2,30,0,21869348.76,17254600.522,4614748.238,5702875.394,2026,2032,liability,A,C,C,12.950169,101.156081,mitsui,https://www.gem.wiki/Rayong_Gulf_PD_power_station
G100000401100,L100000405416,TH,Rayong Gulf PD power station,3,gas,natural_gas,combined cycle,operating,625.0,2024,2053,30,default,0.3626,country_implied,0.3626,0.4091,6.5455,default,56100.0,ipcc_default,367.2,no,0.0,0.0,S1,30,0,21869348.76,29049496.284,-7180147.524,-6453412.547,2026,,contribution,A,C,C,12.950169,101.156081,mitsui,https://www.gem.wiki/Rayong_Gulf_PD_power_station
G100000401100,L100000405416,TH,Rayong Gulf PD power station,3,gas,natural_gas,combined cycle,operating,625.0,2024,2053,30,default,0.3626,country_implied,0.3626,0.4091,6.5455,default,56100.0,ipcc_default,367.2,no,0.0,0.0,S2,30,0,21869348.76,16363332.843,5506015.917,6232750.894,2026,2032,liability,A,C,C,12.950169,101.156081,mitsui,https://www.gem.wiki/Rayong_Gulf_PD_power_station
G100000401101,L100000405416,TH,Rayong Gulf PD power station,4,gas,natural_gas,combined cycle,operating,625.0,2024,2053,30,default,0.3626,country_implied,0.3626,0.4091,6.5455,default,56100.0,ipcc_default,367.2,no,0.0,0.0,S1,30,0,21869348.76,29049496.284,-7180147.524,-6453412.547,2026,,contribution,A,C,C,12.950169,101.156081,mitsui,https://www.gem.wiki/Rayong_Gulf_PD_power_station
G100000401101,L100000405416,TH,Rayong Gulf PD power station,4,gas,natural_gas,combined cycle,operating,625.0,2024,2053,30,default,0.3626,country_implied,0.3626,0.4091,6.5455,default,56100.0,ipcc_default,367.2,no,0.0,0.0,S2,30,0,21869348.76,16363332.843,5506015.917,6232750.894,2026,2032,liability,A,C,C,12.950169,101.156081,mitsui,https://www.gem.wiki/Rayong_Gulf_PD_power_station
G100000404434,L100000405422,TH,Samutprakarn power station,1,gas,natural_gas,combined cycle,retired,220.0,2017,2020,4,retired_year,0.3626,country_implied,0.3626,0.4091,6.5455,default,56100.0,ipcc_default,367.2,no,0.0,0.0,S1,4,0,1026401.436,1595981.556,-569580.122,0,2026,,contribution,A,C,C,13.538429,100.637215,mitsui;jpower,https://www.gem.wiki/Samutprakarn_power_station
G100000404434,L100000405422,TH,Samutprakarn power station,1,gas,natural_gas,combined cycle,retired,220.0,2017,2020,4,retired_year,0.3626,country_implied,0.3626,0.4091,6.5455,default,56100.0,ipcc_default,367.2,no,0.0,0.0,S2,4,0,1026401.436,1595981.556,-569580.122,0,2026,,contribution,A,C,C,13.538429,100.637215,mitsui;jpower,https://www.gem.wiki/Samutprakarn_power_station
G100000404508,L100000405431,TH,U-Thai power station,1,gas,natural_gas,combined cycle,operating,800.0,2016,2045,30,default,0.3626,country_implied,0.3626,0.4091,6.5455,default,56100.0,ipcc_default,367.2,no,0.0,0.0,S1,30,0,27992766.42,39757427.332,-11764660.919,-6724590.77,2026,,contribution,A,C,C,14.331653,100.69591,jpower,https://www.gem.wiki/U-Thai_power_station
G100000404508,L100000405431,TH,U-Thai power station,1,gas,natural_gas,combined cycle,operating,800.0,2016,2045,30,default,0.3626,country_implied,0.3626,0.4091,6.5455,default,56100.0,ipcc_default,367.2,no,0.0,0.0,S2,30,0,27992766.42,29975711.119,-1982944.707,3057125.442,2026,2032,contribution,A,C,C,14.331653,100.69591,jpower,https://www.gem.wiki/U-Thai_power_station
G100000404509,L100000405431,TH,U-Thai power station,2,gas,natural_gas,combined cycle,operating,800.0,2016,2045,30,default,0.3626,country_implied,0.3626,0.4091,6.5455,default,56100.0,ipcc_default,367.2,no,0.0,0.0,S1,30,0,27992766.42,39757427.332,-11764660.919,-6724590.77,2026,,contribution,A,C,C,14.331653,100.69591,jpower,https://www.gem.wiki/U-Thai_power_station
G100000404509,L100000405431,TH,U-Thai power station,2,gas,natural_gas,combined cycle,operating,800.0,2016,2045,30,default,0.3626,country_implied,0.3626,0.4091,6.5455,default,56100.0,ipcc_default,367.2,no,0.0,0.0,S2,30,0,27992766.42,29975711.119,-1982944.707,3057125.442,2026,2032,contribution,A,C,C,14.331653,100.69591,jpower,https://www.gem.wiki/U-Thai_power_station
G100001055214,L100001048164,TH,Yala power station,--,bioenergy,wood,,operating,23.0,2006,2035,30,default,0.2699,country_implied,0.2699,0.3776,13.4328,default,112000.0,ipcc_default,0.0,yes,1504.478,2454380.043,S1,30,0,0.0,917997.311,-917997.311,-283231.95,2026,,contribution,A,C,C,6.54032232169499,101.219292974252,mitsubishi_corp;mitsui;jera;jpower;kyushu,https://www.gem.wiki/Yala_power_station
G100001055214,L100001048164,TH,Yala power station,--,bioenergy,wood,,operating,23.0,2006,2035,30,default,0.2699,country_implied,0.2699,0.3776,13.4328,default,112000.0,ipcc_default,0.0,yes,1504.478,2454380.043,S2,30,0,0.0,850759.363,-850759.363,-215994.002,2026,,contribution,A,C,C,6.54032232169499,101.219292974252,mitsubishi_corp;mitsui;jera;jpower;kyushu,https://www.gem.wiki/Yala_power_station
G100000835182,L100000831265,TR,Burdur solar farm,1A,solar,,PV,operating,6.3,2017,2041,25,default,0.167,country_implied,0.1346,0.1939,,not_applicable,,not_applicable,0.0,no,0.0,0.0,S1,25,0,0.0,105287.015,-105287.015,-64055.348,2026,,contribution,A,B,B,37.5068,30.0113,hanwha_energy,https://www.gem.wiki/Burdur_solar_farm
G100000835183,L100000831265,TR,Burdur solar farm,1B,solar,,PV,operating,10.0,2016,2040,25,default,0.167,country_implied,0.1346,0.1939,,not_applicable,,not_applicable,0.0,no,0.0,0.0,S1,25,0,0.0,168907.664,-168907.664,-95812.721,2026,,contribution,A,B,B,37.7187,30.2827,hanwha_energy,https://www.gem.wiki/Burdur_solar_farm
G100000405904,L100000405932,TR,Yahsihan power station,1,gas,natural_gas,combined cycle,operating,927.4,2017,2046,30,default,0.332,country_implied,0.2681,0.4548,6.5455,default,56100.0,ipcc_default,367.2,no,0.0,0.0,S1,30,0,29712090.45,36048053.233,-6335962.767,-3183152.863,2026,,contribution,A,C,C,39.841979,33.487988,samsung_ct,https://www.gem.wiki/Yahsihan_power_station
G100000406640,L100000406615,TT,Penal power station,1,gas,natural_gas,combined cycle,operating,234.0,2016,2045,30,default,0.5264,country_implied,0.5087,0.5264,6.5455,default,56100.0,ipcc_default,367.2,no,0.0,0.0,S1,30,0,11886658.11,22080349.115,-10193691.005,-6800839.0,2026,,contribution,A,C,C,10.147188,-61.47379,marubeni,https://www.gem.wiki/Penal_power_station
G100000406630,L100000406614,TT,Point Lisas power station,12,gas,natural_gas,gas turbine,operating,105.0,2007,2036,30,default,0.5264,country_implied,0.5087,0.5264,10.0,default,56100.0,ipcc_default,561.0,no,0.0,0.0,S1,30,0,8148795.18,9900394.68,-1751599.5,-644865.824,2026,,contribution,A,C,C,10.418446,-61.486638,marubeni,https://www.gem.wiki/Point_Lisas_power_station
G100000406631,L100000406614,TT,Point Lisas power station,11,gas,natural_gas,gas turbine,operating,105.0,2007,2036,30,default,0.5264,country_implied,0.5087,0.5264,10.0,default,56100.0,ipcc_default,561.0,no,0.0,0.0,S1,30,0,8148795.18,9900394.68,-1751599.5,-644865.824,2026,,contribution,A,C,C,10.418446,-61.486638,marubeni,https://www.gem.wiki/Point_Lisas_power_station
G100000406632,L100000406614,TT,Point Lisas power station,10,gas,natural_gas,gas turbine,operating,62.5,1982,2011,30,default,0.5264,country_implied,0.5087,0.5264,10.0,default,56100.0,ipcc_default,561.0,no,0.0,0.0,S1,12,18,1940189.328,2353857.174,-413667.846,0,2026,,contribution,A,C,C,10.418446,-61.486638,marubeni,https://www.gem.wiki/Point_Lisas_power_station
G100000406633,L100000406614,TT,Point Lisas power station,9,gas,natural_gas,gas turbine,operating,62.5,1982,2011,30,default,0.5264,country_implied,0.5087,0.5264,10.0,default,56100.0,ipcc_default,561.0,no,0.0,0.0,S1,12,18,1940189.328,2353857.174,-413667.846,0,2026,,contribution,A,C,C,10.418446,-61.486638,marubeni,https://www.gem.wiki/Point_Lisas_power_station
G100000406634,L100000406614,TT,Point Lisas power station,8,gas,natural_gas,gas turbine,operating,62.5,1982,2011,30,default,0.5264,country_implied,0.5087,0.5264,10.0,default,56100.0,ipcc_default,561.0,no,0.0,0.0,S1,12,18,1940189.328,2353857.174,-413667.846,0,2026,,contribution,A,C,C,10.418446,-61.486638,marubeni,https://www.gem.wiki/Point_Lisas_power_station
G100000406635,L100000406614,TT,Point Lisas power station,7,gas,natural_gas,gas turbine,operating,62.5,1982,2011,30,default,0.5264,country_implied,0.5087,0.5264,10.0,default,56100.0,ipcc_default,561.0,no,0.0,0.0,S1,12,18,1940189.328,2353857.174,-413667.846,0,2026,,contribution,A,C,C,10.418446,-61.486638,marubeni,https://www.gem.wiki/Point_Lisas_power_station
G100000406636,L100000406614,TT,Point Lisas power station,6,gas,natural_gas,gas turbine,operating,88.0,1980,2009,30,default,0.5264,country_implied,0.5087,0.5264,10.0,default,56100.0,ipcc_default,561.0,no,0.0,0.0,S1,10,20,2276488.81,2761092.814,-484604.004,0,2026,,contribution,A,C,C,10.418446,-61.486638,marubeni,https://www.gem.wiki/Point_Lisas_power_station
G100000406637,L100000406614,TT,Point Lisas power station,5,gas,natural_gas,gas turbine,operating,88.0,1980,2009,30,default,0.5264,country_implied,0.5087,0.5264,10.0,default,56100.0,ipcc_default,561.0,no,0.0,0.0,S1,10,20,2276488.81,2761092.814,-484604.004,0,2026,,contribution,A,C,C,10.418446,-61.486638,marubeni,https://www.gem.wiki/Point_Lisas_power_station
G100000406638,L100000406614,TT,Point Lisas power station,4,gas,natural_gas,gas turbine,operating,88.0,1980,2009,30,default,0.5264,country_implied,0.5087,0.5264,10.0,default,56100.0,ipcc_default,561.0,no,0.0,0.0,S1,10,20,2276488.81,2761092.814,-484604.004,0,2026,,contribution,A,C,C,10.418446,-61.486638,marubeni,https://www.gem.wiki/Point_Lisas_power_station
G100000406639,L100000406614,TT,Point Lisas power station,1,gas,natural_gas,gas turbine,operating,88.0,1977,2006,30,default,0.5264,country_implied,0.5087,0.5264,10.0,default,56100.0,ipcc_default,561.0,no,0.0,0.0,S1,7,23,1593542.167,1933802.172,-340260.005,0,2026,,contribution,A,C,C,10.418446,-61.486638,marubeni,https://www.gem.wiki/Point_Lisas_power_station
G100000927779,L100000916911,TW,Formosa 1 offshore wind farm,--,wind,,Offshore hard mount,operating,128.0,2019,2043,25,default,0.3031,country_implied,0.2377,0.3031,,not_applicable,,not_applicable,0.0,no,0.0,0.0,S1,25,0,0.0,5219748.835,-5219748.835,-3690028.924,2026,,contribution,A,B,B,24.7097,120.8152,jera,https://www.gem.wiki/Formosa_1_offshore_wind_farm
G100000927779,L100000916911,TW,Formosa 1 offshore wind farm,--,wind,,Offshore hard mount,operating,128.0,2019,2043,25,default,0.3031,country_implied,0.2377,0.3031,,not_applicable,,not_applicable,0.0,no,0.0,0.0,S2,25,0,0.0,4171431.186,-4171431.186,-2641711.275,2026,,contribution,A,B,B,24.7097,120.8152,jera,https://www.gem.wiki/Formosa_1_offshore_wind_farm
G100000920987,L100000916912,TW,Formosa 2 offshore wind farm,--,wind,,Offshore hard mount,operating,376.0,2023,2047,25,default,0.3031,country_implied,0.2377,0.3031,,not_applicable,,not_applicable,0.0,no,0.0,0.0,S1,25,0,0.0,15024207.786,-15024207.786,-13114805.24,2026,,contribution,A,B,B,24.772,120.6472,jera,https://www.gem.wiki/Formosa_2_offshore_wind_farm
G100000920987,L100000916912,TW,Formosa 2 offshore wind farm,--,wind,,Offshore hard mount,operating,376.0,2023,2047,25,default,0.3031,country_implied,0.2377,0.3031,,not_applicable,,not_applicable,0.0,no,0.0,0.0,S2,25,0,0.0,10720390.206,-10720390.206,-8810987.66,2026,,contribution,A,B,B,24.772,120.6472,jera,https://www.gem.wiki/Formosa_2_offshore_wind_farm
G100000901008,L100000900883,TW,Hai Long Offshore wind farm,2A,wind,,Offshore hard mount,operating,300.0,2025,2049,25,default,0.3031,country_implied,0.2377,0.3031,,not_applicable,,not_applicable,0.0,no,0.0,0.0,S1,25,0,0.0,11862112.576,-11862112.576,-11357731.177,2026,,contribution,A,B,B,24.0335,119.7085,mitsui,https://www.gem.wiki/Hai_Long_Offshore_wind_farm
G100000901008,L100000900883,TW,Hai Long Offshore wind farm,2A,wind,,Offshore hard mount,operating,300.0,2025,2049,25,default,0.3031,country_implied,0.2377,0.3031,,not_applicable,,not_applicable,0.0,no,0.0,0.0,S2,25,0,0.0,7902738.424,-7902738.424,-7398357.025,2026,,contribution,A,B,B,24.0335,119.7085,mitsui,https://www.gem.wiki/Hai_Long_Offshore_wind_farm
G100000901009,L100000900883,TW,Hai Long Offshore wind farm,2B,wind,,Offshore hard mount,operating,232.0,2025,2049,25,default,0.3031,country_implied,0.2377,0.3031,,not_applicable,,not_applicable,0.0,no,0.0,0.0,S1,25,0,0.0,9173367.058,-9173367.058,-8783312.109,2026,,contribution,A,B,B,24.0335,119.7085,mitsui,https://www.gem.wiki/Hai_Long_Offshore_wind_farm
G100000901009,L100000900883,TW,Hai Long Offshore wind farm,2B,wind,,Offshore hard mount,operating,232.0,2025,2049,25,default,0.3031,country_implied,0.2377,0.3031,,not_applicable,,not_applicable,0.0,no,0.0,0.0,S2,25,0,0.0,6111451.05,-6111451.05,-5721396.101,2026,,contribution,A,B,B,24.0335,119.7085,mitsui,https://www.gem.wiki/Hai_Long_Offshore_wind_farm
G100000901010,L100000900883,TW,Hai Long Offshore wind farm,3,wind,,Offshore hard mount,construction,512.0,2026,2050,25,default,0.3031,country_implied,0.2377,0.3031,,not_applicable,,not_applicable,0.0,no,0.0,0.0,S1,25,0,0.0,20140691.7,-20140691.7,-20140691.7,2026,,contribution,A,B,B,24.0528,119.6414,mitsui,https://www.gem.wiki/Hai_Long_Offshore_wind_farm
G100000901010,L100000900883,TW,Hai Long Offshore wind farm,3,wind,,Offshore hard mount,construction,512.0,2026,2050,25,default,0.3031,country_implied,0.2377,0.3031,,not_applicable,,not_applicable,0.0,no,0.0,0.0,S2,25,0,0.0,12921175.139,-12921175.139,-12921175.139,2026,,contribution,A,B,B,24.0528,119.6414,mitsui,https://www.gem.wiki/Hai_Long_Offshore_wind_farm
G100000103902,L100000103537,TW,Ho-Ping power station,Unit 1,coal,bituminous,subcritical,operating,660.0,2002,2040,39,retired_year,0.7211,country_implied,0.6983,0.7662,10.2857,default,94600.0,ipcc_default,973.029,no,0.0,0.0,S1,39,0,158209929.54,103538705.698,54671223.842,22839864.966,2026,2002,liability,A,C,C,24.307782,121.76346,mitsubishi_corp,https://www.gem.wiki/Ho-Ping_power_station
G100000103902,L100000103537,TW,Ho-Ping power station,Unit 1,coal,bituminous,subcritical,operating,660.0,2002,2040,39,retired_year,0.7211,country_implied,0.6983,0.7662,10.2857,default,94600.0,ipcc_default,973.029,no,0.0,0.0,S2,39,0,158209929.54,94112195.589,64097733.95,32266375.074,2026,2002,liability,A,C,C,24.307782,121.76346,mitsubishi_corp,https://www.gem.wiki/Ho-Ping_power_station
G100000103903,L100000103537,TW,Ho-Ping power station,Unit 2,coal,bituminous,subcritical,operating,660.0,2002,2040,39,retired_year,0.7211,country_implied,0.6983,0.7662,10.2857,default,94600.0,ipcc_default,973.029,no,0.0,0.0,S1,39,0,158209929.54,103538705.698,54671223.842,22839864.966,2026,2002,liability,A,C,C,24.307782,121.76346,mitsubishi_corp,https://www.gem.wiki/Ho-Ping_power_station
G100000103903,L100000103537,TW,Ho-Ping power station,Unit 2,coal,bituminous,subcritical,operating,660.0,2002,2040,39,retired_year,0.7211,country_implied,0.6983,0.7662,10.2857,default,94600.0,ipcc_default,973.029,no,0.0,0.0,S2,39,0,158209929.54,94112195.589,64097733.95,32266375.074,2026,2002,liability,A,C,C,24.307782,121.76346,mitsubishi_corp,https://www.gem.wiki/Ho-Ping_power_station
G100000406220,L100000406347,TW,Hsin Tao power station,1,gas,natural_gas,combined cycle,operating,600.0,2002,2031,30,default,0.7429,country_implied,0.6798,0.7429,6.5455,default,56100.0,ipcc_default,367.2,no,0.0,0.0,S1,30,0,43013981.31,75942884.898,-32928903.58,-5967696.356,2026,,contribution,A,C,C,24.814156,121.1978,marubeni,https://www.gem.wiki/Hsin_Tao_power_station
G100000406220,L100000406347,TW,Hsin Tao power station,1,gas,natural_gas,combined cycle,operating,600.0,2002,2031,30,default,0.7429,country_implied,0.6798,0.7429,6.5455,default,56100.0,ipcc_default,367.2,no,0.0,0.0,S2,30,0,43013981.31,74173977.868,-31159996.55,-4198789.326,2026,,contribution,A,C,C,24.814156,121.1978,marubeni,https://www.gem.wiki/Hsin_Tao_power_station
G100000901246,L100000901070,TW,Zhong Neng wind farm,1,wind,,Offshore hard mount,operating,300.0,2024,2048,25,default,0.3031,country_implied,0.2377,0.3031,,not_applicable,,not_applicable,0.0,no,0.0,0.0,S1,25,0,0.0,11922326.337,-11922326.337,-10911986.376,2026,,contribution,A,B,B,23.9671,120.217,mitsubishi_corp,https://www.gem.wiki/Zhong_Neng_wind_farm
G100000901246,L100000901070,TW,Zhong Neng wind farm,1,wind,,Offshore hard mount,operating,300.0,2024,2048,25,default,0.3031,country_implied,0.2377,0.3031,,not_applicable,,not_applicable,0.0,no,0.0,0.0,S2,25,0,0.0,8228488.229,-8228488.229,-7218148.268,2026,,contribution,A,B,B,23.9671,120.217,mitsubishi_corp,https://www.gem.wiki/Zhong_Neng_wind_farm
G100000805443,L100000804724,US,Astoria solar farm,2,solar,,PV,operating,75.0,2016,2040,25,default,0.2098,country_implied,0.1949,0.2098,,not_applicable,,not_applicable,0.0,no,0.0,0.0,S1,25,0,0.0,1226482.915,-1226482.915,-639097.504,2026,,contribution,A,B,B,34.8366,-118.4802,kepco,https://www.gem.wiki/Astoria_solar_farm
G100000805443,L100000804724,US,Astoria solar farm,2,solar,,PV,operating,75.0,2016,2040,25,default,0.2098,country_implied,0.1949,0.2098,,not_applicable,,not_applicable,0.0,no,0.0,0.0,S2,25,0,0.0,1136896.496,-1136896.496,-549511.085,2026,,contribution,A,B,B,34.8366,-118.4802,kepco,https://www.gem.wiki/Astoria_solar_farm
G100000805444,L100000804724,US,Astoria solar farm,1,solar,,PV,operating,100.0,2016,2040,25,default,0.2098,country_implied,0.1949,0.2098,,not_applicable,,not_applicable,0.0,no,0.0,0.0,S1,25,0,0.0,1635310.551,-1635310.551,-852130.004,2026,,contribution,A,B,B,34.8442,-118.4585,kepco,https://www.gem.wiki/Astoria_solar_farm
G100000805444,L100000804724,US,Astoria solar farm,1,solar,,PV,operating,100.0,2016,2040,25,default,0.2098,country_implied,0.1949,0.2098,,not_applicable,,not_applicable,0.0,no,0.0,0.0,S2,25,0,0.0,1515861.992,-1515861.992,-732681.445,2026,,contribution,A,B,B,34.8442,-118.4585,kepco,https://www.gem.wiki/Astoria_solar_farm
G100000805445,L100000804725,US,Barren Ridge solar farm,--,solar,,PV,operating,60.0,2016,2040,25,default,0.2098,country_implied,0.1949,0.2098,,not_applicable,,not_applicable,0.0,no,0.0,0.0,S1,25,0,0.0,981186.331,-981186.331,-511278.004,2026,,contribution,A,B,B,35.2047,-118.0688,kepco,https://www.gem.wiki/Barren_Ridge_solar_farm
G100000805445,L100000804725,US,Barren Ridge solar farm,--,solar,,PV,operating,60.0,2016,2040,25,default,0.2098,country_implied,0.1949,0.2098,,not_applicable,,not_applicable,0.0,no,0.0,0.0,S2,25,0,0.0,909517.195,-909517.195,-439608.868,2026,,contribution,A,B,B,35.2047,-118.0688,kepco,https://www.gem.wiki/Barren_Ridge_solar_farm
G100000100917,L100000104230,US,Birchwood Power Facility,Unit 1,coal,bituminous,subcritical,retired,258.0,1996,2021,26,retired_year,0.4456,country_implied,0.3858,0.4553,10.2857,default,94600.0,ipcc_default,973.029,no,0.0,0.0,S1,22,4,21558436.856,11977602.813,9580834.031,0,2026,2000,liability,A,C,C,38.266442,-77.314014,jpower,https://www.gem.wiki/Birchwood_Power_Facility
G100000100917,L100000104230,US,Birchwood Power Facility,Unit 1,coal,bituminous,subcritical,retired,258.0,1996,2021,26,retired_year,0.4456,country_implied,0.3858,0.4553,10.2857,default,94600.0,ipcc_default,973.029,no,0.0,0.0,S2,22,4,21558436.856,11977602.813,9580834.031,0,2026,2000,liability,A,C,C,38.266442,-77.314014,jpower,https://www.gem.wiki/Birchwood_Power_Facility
G100000402524,L100000401747,US,Birdsboro power station,GEN1,gas,natural_gas,combined cycle,operating,525.0,2019,2048,30,default,0.3753,country_implied,0.3406,0.3909,6.5455,default,56100.0,ipcc_default,367.2,no,0.0,0.0,S1,30,0,19013667.78,15986169.922,3027497.851,3503909.669,2026,2027,liability,A,C,C,40.268522,-75.79967,sojitz;kyushu;tokyo_gas,https://www.gem.wiki/Birdsboro_power_station
G100000402524,L100000401747,US,Birdsboro power station,GEN1,gas,natural_gas,combined cycle,operating,525.0,2019,2048,30,default,0.3753,country_implied,0.3406,0.3909,6.5455,default,56100.0,ipcc_default,367.2,no,0.0,0.0,S2,30,0,19013667.78,13851920.237,5161747.538,5638159.356,2026,2026,liability,A,C,C,40.268522,-75.79967,sojitz;kyushu;tokyo_gas,https://www.gem.wiki/Birdsboro_power_station
G100000409585,L100000407484,US,Bucksport Generation power station,CC1,gas,natural_gas,gas turbine,operating,187.0,2001,2030,30,default,0.3753,country_implied,0.3406,0.3909,10.0,default,56100.0,ipcc_default,561.0,no,0.0,0.0,S1,30,0,10346855.73,8991140.719,1355714.998,637767.399,2026,2011,liability,A,C,C,44.5738,-68.8046,jera,https://www.gem.wiki/Bucksport_Generation_power_station
G100000409585,L100000407484,US,Bucksport Generation power station,CC1,gas,natural_gas,gas turbine,operating,187.0,2001,2030,30,default,0.3753,country_implied,0.3406,0.3909,10.0,default,56100.0,ipcc_default,561.0,no,0.0,0.0,S2,30,0,10346855.73,8927243.444,1419612.273,701664.674,2026,2011,liability,A,C,C,44.5738,-68.8046,jera,https://www.gem.wiki/Bucksport_Generation_power_station
G100000909836,L100000907300,US,Bull Creek wind farm (United States),1,wind,,Onshore,operating,180.0,2008,2032,25,default,0.3338,country_implied,0.325,0.3504,,not_applicable,,not_applicable,0.0,no,0.0,0.0,S1,25,0,0.0,5814629.715,-5814629.715,-1267324.91,2026,,contribution,A,B,B,32.9341,-101.5901,toyota_tsusho,https://www.gem.wiki/Bull_Creek_wind_farm_(United_States)
G100000909836,L100000907300,US,Bull Creek wind farm (United States),1,wind,,Onshore,operating,180.0,2008,2032,25,default,0.3338,country_implied,0.325,0.3504,,not_applicable,,not_applicable,0.0,no,0.0,0.0,S2,25,0,0.0,5717502.75,-5717502.75,-1170197.945,2026,,contribution,A,B,B,32.9341,-101.5901,toyota_tsusho,https://www.gem.wiki/Bull_Creek_wind_farm_(United_States)
G100000402098,L100000402399,US,CPV Fairview energy center,CC1,gas,natural_gas,combined cycle,operating,1197.0,2019,2048,30,default,0.3753,country_implied,0.3406,0.3909,6.5455,default,56100.0,ipcc_default,367.2,no,0.0,0.0,S1,30,0,43351162.53,36448467.42,6902695.106,7988914.049,2026,2027,liability,A,C,C,40.412,-78.855,osaka_gas,https://www.gem.wiki/CPV_Fairview_energy_center
G100000402098,L100000402399,US,CPV Fairview energy center,CC1,gas,natural_gas,combined cycle,operating,1197.0,2019,2048,30,default,0.3753,country_implied,0.3406,0.3909,6.5455,default,56100.0,ipcc_default,367.2,no,0.0,0.0,S2,30,0,43351162.53,31582378.131,11768784.394,12855003.337,2026,2026,liability,A,C,C,40.412,-78.855,osaka_gas,https://www.gem.wiki/CPV_Fairview_energy_center
G100000402033,L100000401837,US,CPV St. Charles energy center,G601,gas,natural_gas,combined cycle,operating,775.0,2017,2046,30,default,0.3753,country_implied,0.3406,0.3909,6.5455,default,56100.0,ipcc_default,367.2,no,0.0,0.0,S1,30,0,28067795.28,24933089.84,3134705.448,4340504.659,2026,2027,liability,A,C,C,38.5686,-76.8919,marubeni;toyota_tsusho;osaka_gas,https://www.gem.wiki/CPV_St._Charles_energy_center
G100000402033,L100000401837,US,CPV St. Charles energy center,G601,gas,natural_gas,combined cycle,operating,775.0,2017,2046,30,default,0.3753,country_implied,0.3406,0.3909,6.5455,default,56100.0,ipcc_default,367.2,no,0.0,0.0,S2,30,0,28067795.28,22169818.962,5897976.327,7103775.538,2026,2026,liability,A,C,C,38.5686,-76.8919,marubeni;toyota_tsusho;osaka_gas,https://www.gem.wiki/CPV_St._Charles_energy_center
G100000409401,L100000407358,US,CPV Three Rivers energy center,GEN2,gas,natural_gas,combined cycle,operating,650.0,2023,2052,30,default,0.3753,country_implied,0.3406,0.3909,6.5455,default,56100.0,ipcc_default,367.2,no,0.0,0.0,S1,30,0,23540731.53,17793481.61,5747249.924,5874334.828,2026,2027,liability,A,C,C,41.372222,-88.28444,osaka_gas,https://www.gem.wiki/CPV_Three_Rivers_energy_center
G100000409401,L100000407358,US,CPV Three Rivers energy center,GEN2,gas,natural_gas,combined cycle,operating,650.0,2023,2052,30,default,0.3753,country_implied,0.3406,0.3909,6.5455,default,56100.0,ipcc_default,367.2,no,0.0,0.0,S2,30,0,23540731.53,14493980.535,9046750.995,9173835.899,2026,2026,liability,A,C,C,41.372222,-88.28444,osaka_gas,https://www.gem.wiki/CPV_Three_Rivers_energy_center
G100000409402,L100000407358,US,CPV Three Rivers energy center,GEN1,gas,natural_gas,combined cycle,operating,650.0,2023,2052,30,default,0.3753,country_implied,0.3406,0.3909,6.5455,default,56100.0,ipcc_default,367.2,no,0.0,0.0,S1,30,0,23540731.53,17793481.61,5747249.924,5874334.828,2026,2027,liability,A,C,C,41.372222,-88.28444,osaka_gas,https://www.gem.wiki/CPV_Three_Rivers_energy_center
G100000409402,L100000407358,US,CPV Three Rivers energy center,GEN1,gas,natural_gas,combined cycle,operating,650.0,2023,2052,30,default,0.3753,country_implied,0.3406,0.3909,6.5455,default,56100.0,ipcc_default,367.2,no,0.0,0.0,S2,30,0,23540731.53,14493980.535,9046750.995,9173835.899,2026,2026,liability,A,C,C,41.372222,-88.28444,osaka_gas,https://www.gem.wiki/CPV_Three_Rivers_energy_center
G100000401997,L100000401838,US,CPV Towantic energy center,CC1,gas,natural_gas,combined cycle,operating,842.0,2018,2047,30,default,0.3753,country_implied,0.3406,0.3909,6.5455,default,56100.0,ipcc_default,367.2,no,0.0,0.0,S1,30,0,30494301.45,26362764.306,4131537.153,5159723.282,2026,2027,liability,A,C,C,41.481243,-73.12311,osaka_gas,https://www.gem.wiki/CPV_Towantic_energy_center
G100000401997,L100000401838,US,CPV Towantic energy center,CC1,gas,natural_gas,combined cycle,operating,842.0,2018,2047,30,default,0.3753,country_implied,0.3406,0.3909,6.5455,default,56100.0,ipcc_default,367.2,no,0.0,0.0,S2,30,0,30494301.45,23150925.431,7343376.028,8371562.157,2026,2026,liability,A,C,C,41.481243,-73.12311,osaka_gas,https://www.gem.wiki/CPV_Towantic_energy_center
G100001058233,L100001050489,US,Cairos Solar and Storage solar farm,CIRSA,solar,,PV,announced,153.3,2026,2050,25,default,0.2098,country_implied,0.1949,0.2098,,not_applicable,,not_applicable,0.0,no,0.0,0.0,S1,25,0,0.0,1916146.492,-1916146.492,-1916146.492,2026,,contribution,A,B,B,29.27,-100.1975,samsung_ct,https://www.gem.wiki/Cairos_Solar_and_Storage_solar_farm
G100001058233,L100001050489,US,Cairos Solar and Storage solar farm,CIRSA,solar,,PV,announced,153.3,2026,2050,25,default,0.2098,country_implied,0.1949,0.2098,,not_applicable,,not_applicable,0.0,no,0.0,0.0,S2,25,0,0.0,1524518.498,-1524518.498,-1524518.498,2026,,contribution,A,B,B,29.27,-100.1975,samsung_ct,https://www.gem.wiki/Cairos_Solar_and_Storage_solar_farm
G100000403260,L100000402142,US,Canal power station,3,gas,natural_gas,gas turbine,operating,330.0,2019,2048,30,default,0.3753,country_implied,0.3406,0.3909,10.0,default,56100.0,ipcc_default,561.0,no,0.0,0.0,S1,30,0,18259157.16,10048449.666,8210707.487,7038367.615,2026,2019,liability,A,C,C,41.7694,-70.5097,jera,https://www.gem.wiki/Canal_power_station
G100000403260,L100000402142,US,Canal power station,3,gas,natural_gas,gas turbine,operating,330.0,2019,2048,30,default,0.3753,country_implied,0.3406,0.3909,10.0,default,56100.0,ipcc_default,561.0,no,0.0,0.0,S2,30,0,18259157.16,8706921.287,9552235.86,8379895.988,2026,2019,liability,A,C,C,41.7694,-70.5097,jera,https://www.gem.wiki/Canal_power_station
G100000409593,L100000402142,US,Canal power station,2,gas,natural_gas,steam turbine,operating,580.0,1976,2005,30,default,0.3753,country_implied,0.3406,0.3909,9.4737,default,56100.0,ipcc_default,531.474,no,0.0,0.0,S1,6,24,6080561.424,6924136.453,-843575.029,0,2026,,contribution,A,C,C,41.7694,-70.5097,jera,https://www.gem.wiki/Canal_power_station
G100000409593,L100000402142,US,Canal power station,2,gas,natural_gas,steam turbine,operating,580.0,1976,2005,30,default,0.3753,country_implied,0.3406,0.3909,9.4737,default,56100.0,ipcc_default,531.474,no,0.0,0.0,S2,6,24,6080561.424,6924136.453,-843575.029,0,2026,,contribution,A,C,C,41.7694,-70.5097,jera,https://www.gem.wiki/Canal_power_station
G100000414292,L100000409215,US,Chowchilla II power station,IC1,gas,natural_gas,internal combustion,operating,49.6,2001,2030,30,default,0.3753,country_implied,0.3406,0.3909,8.5714,default,56100.0,ipcc_default,480.857,no,0.0,0.0,S1,30,0,2352348.57,2384815.934,-32467.374,103818.819,2026,2017,contribution,A,C,C,37.1073,-120.2485,kepco,https://www.gem.wiki/Chowchilla_II_power_station
G100000414292,L100000409215,US,Chowchilla II power station,IC1,gas,natural_gas,internal combustion,operating,49.6,2001,2030,30,default,0.3753,country_implied,0.3406,0.3909,8.5714,default,56100.0,ipcc_default,480.857,no,0.0,0.0,S2,30,0,2352348.57,2367867.78,-15519.221,120766.972,2026,2017,contribution,A,C,C,37.1073,-120.2485,kepco,https://www.gem.wiki/Chowchilla_II_power_station
G100000909610,L100000907136,US,Cimarron II wind farm,1,wind,,Onshore,operating,131.0,2012,2036,25,default,0.3338,country_implied,0.325,0.3504,,not_applicable,,not_applicable,0.0,no,0.0,0.0,S1,25,0,0.0,3810189.789,-3810189.789,-1373224.994,2026,,contribution,A,B,B,37.8727,-100.403,sumitomo_corp,https://www.gem.wiki/Cimarron_II_wind_farm
G100000909610,L100000907136,US,Cimarron II wind farm,1,wind,,Onshore,operating,131.0,2012,2036,25,default,0.3338,country_implied,0.325,0.3504,,not_applicable,,not_applicable,0.0,no,0.0,0.0,S2,25,0,0.0,3659266.293,-3659266.293,-1222301.498,2026,,contribution,A,B,B,37.8727,-100.403,sumitomo_corp,https://www.gem.wiki/Cimarron_II_wind_farm
G100000805256,L100000804571,US,Cogentrix Of Alamosa solar farm,--,solar,,PV,operating,30.0,2012,2036,25,default,0.2098,country_implied,0.1949,0.2098,,not_applicable,,not_applicable,0.0,no,0.0,0.0,S1,25,0,0.0,548423.073,-548423.073,-197656.366,2026,,contribution,A,B,B,37.5986,-105.9558,kepco,https://www.gem.wiki/Cogentrix_Of_Alamosa_solar_farm
G100000805256,L100000804571,US,Cogentrix Of Alamosa solar farm,--,solar,,PV,operating,30.0,2012,2036,25,default,0.2098,country_implied,0.1949,0.2098,,not_applicable,,not_applicable,0.0,no,0.0,0.0,S2,25,0,0.0,526699.765,-526699.765,-175933.058,2026,,contribution,A,B,B,37.5986,-105.9558,kepco,https://www.gem.wiki/Cogentrix_Of_Alamosa_solar_farm
G100000908927,L100000906621,US,Combine Hills wind farm,1,wind,,Onshore,operating,41.0,2003,2027,25,default,0.3338,country_implied,0.325,0.3504,,not_applicable,,not_applicable,0.0,no,0.0,0.0,S1,25,0,0.0,1484653.166,-1484653.166,-88364.157,2026,,contribution,A,B,B,45.9282,-118.581,toyota_tsusho,https://www.gem.wiki/Combine_Hills_wind_farm
G100000908927,L100000906621,US,Combine Hills wind farm,1,wind,,Onshore,operating,41.0,2003,2027,25,default,0.3338,country_implied,0.325,0.3504,,not_applicable,,not_applicable,0.0,no,0.0,0.0,S2,25,0,0.0,1481964.638,-1481964.638,-85675.629,2026,,contribution,A,B,B,45.9282,-118.581,toyota_tsusho,https://www.gem.wiki/Combine_Hills_wind_farm
G100000909108,L100000906621,US,Combine Hills wind farm,2,wind,,Onshore,operating,63.0,2009,2033,25,default,0.3338,country_implied,0.325,0.3504,,not_applicable,,not_applicable,0.0,no,0.0,0.0,S1,25,0,0.0,1982709.755,-1982709.755,-500086.433,2026,,contribution,A,B,B,45.9319,-118.541,toyota_tsusho,https://www.gem.wiki/Combine_Hills_wind_farm
G100000909108,L100000906621,US,Combine Hills wind farm,2,wind,,Onshore,operating,63.0,2009,2033,25,default,0.3338,country_implied,0.325,0.3504,,not_applicable,,not_applicable,0.0,no,0.0,0.0,S2,25,0,0.0,1940076.916,-1940076.916,-457453.594,2026,,contribution,A,B,B,45.9319,-118.541,toyota_tsusho,https://www.gem.wiki/Combine_Hills_wind_farm
G100000414131,L100000409245,US,Commonwealth Chesapeake power station,UNT7,oil,residual_fuel_oil,gas turbine,mothballed,57.5,2001,2030,30,default,0.1114,country_implied,0.1052,0.1282,10.0,default,77400.0,ipcc_default,774.0,no,0.0,0.0,S1,30,0,1302924.81,820630.509,482294.31,117969.147,2026,2001,liability,A,C,C,37.9892,-75.54,itochu,https://www.gem.wiki/Commonwealth_Chesapeake_power_station
G100000414131,L100000409245,US,Commonwealth Chesapeake power station,UNT7,oil,residual_fuel_oil,gas turbine,mothballed,57.5,2001,2030,30,default,0.1114,country_implied,0.1052,0.1282,10.0,default,77400.0,ipcc_default,774.0,no,0.0,0.0,S2,30,0,1302924.81,814798.541,488126.28,123801.117,2026,2001,liability,A,C,C,37.9892,-75.54,itochu,https://www.gem.wiki/Commonwealth_Chesapeake_power_station
G100000414132,L100000409245,US,Commonwealth Chesapeake power station,UNT6,oil,residual_fuel_oil,gas turbine,mothballed,57.5,2001,2030,30,default,0.1114,country_implied,0.1052,0.1282,10.0,default,77400.0,ipcc_default,774.0,no,0.0,0.0,S1,30,0,1302924.81,820630.509,482294.31,117969.147,2026,2001,liability,A,C,C,37.9892,-75.54,itochu,https://www.gem.wiki/Commonwealth_Chesapeake_power_station
G100000414132,L100000409245,US,Commonwealth Chesapeake power station,UNT6,oil,residual_fuel_oil,gas turbine,mothballed,57.5,2001,2030,30,default,0.1114,country_implied,0.1052,0.1282,10.0,default,77400.0,ipcc_default,774.0,no,0.0,0.0,S2,30,0,1302924.81,814798.541,488126.28,123801.117,2026,2001,liability,A,C,C,37.9892,-75.54,itochu,https://www.gem.wiki/Commonwealth_Chesapeake_power_station
G100000414133,L100000409245,US,Commonwealth Chesapeake power station,UNT5,oil,residual_fuel_oil,gas turbine,mothballed,57.5,2001,2030,30,default,0.1114,country_implied,0.1052,0.1282,10.0,default,77400.0,ipcc_default,774.0,no,0.0,0.0,S1,30,0,1302924.81,820630.509,482294.31,117969.147,2026,2001,liability,A,C,C,37.9892,-75.54,itochu,https://www.gem.wiki/Commonwealth_Chesapeake_power_station
G100000414133,L100000409245,US,Commonwealth Chesapeake power station,UNT5,oil,residual_fuel_oil,gas turbine,mothballed,57.5,2001,2030,30,default,0.1114,country_implied,0.1052,0.1282,10.0,default,77400.0,ipcc_default,774.0,no,0.0,0.0,S2,30,0,1302924.81,814798.541,488126.28,123801.117,2026,2001,liability,A,C,C,37.9892,-75.54,itochu,https://www.gem.wiki/Commonwealth_Chesapeake_power_station
G100000414134,L100000409245,US,Commonwealth Chesapeake power station,UNT4,oil,residual_fuel_oil,gas turbine,mothballed,57.5,2001,2030,30,default,0.1114,country_implied,0.1052,0.1282,10.0,default,77400.0,ipcc_default,774.0,no,0.0,0.0,S1,30,0,1302924.81,820630.509,482294.31,117969.147,2026,2001,liability,A,C,C,37.9892,-75.54,itochu,https://www.gem.wiki/Commonwealth_Chesapeake_power_station
G100000414134,L100000409245,US,Commonwealth Chesapeake power station,UNT4,oil,residual_fuel_oil,gas turbine,mothballed,57.5,2001,2030,30,default,0.1114,country_implied,0.1052,0.1282,10.0,default,77400.0,ipcc_default,774.0,no,0.0,0.0,S2,30,0,1302924.81,814798.541,488126.28,123801.117,2026,2001,liability,A,C,C,37.9892,-75.54,itochu,https://www.gem.wiki/Commonwealth_Chesapeake_power_station
G100000414135,L100000409245,US,Commonwealth Chesapeake power station,UNT3,oil,residual_fuel_oil,gas turbine,mothballed,57.5,2000,2029,30,default,0.1114,country_implied,0.1052,0.1282,10.0,default,77400.0,ipcc_default,774.0,no,0.0,0.0,S1,30,0,1302924.81,835984.581,466940.239,93273.52,2026,2000,liability,A,C,C,37.9892,-75.54,itochu,https://www.gem.wiki/Commonwealth_Chesapeake_power_station
G100000414135,L100000409245,US,Commonwealth Chesapeake power station,UNT3,oil,residual_fuel_oil,gas turbine,mothballed,57.5,2000,2029,30,default,0.1114,country_implied,0.1052,0.1282,10.0,default,77400.0,ipcc_default,774.0,no,0.0,0.0,S2,30,0,1302924.81,831997.418,470927.403,97260.684,2026,2000,liability,A,C,C,37.9892,-75.54,itochu,https://www.gem.wiki/Commonwealth_Chesapeake_power_station
G100000414136,L100000409245,US,Commonwealth Chesapeake power station,UNT2,oil,residual_fuel_oil,gas turbine,mothballed,57.5,2000,2029,30,default,0.1114,country_implied,0.1052,0.1282,10.0,default,77400.0,ipcc_default,774.0,no,0.0,0.0,S1,30,0,1302924.81,835984.581,466940.239,93273.52,2026,2000,liability,A,C,C,37.9892,-75.54,itochu,https://www.gem.wiki/Commonwealth_Chesapeake_power_station
G100000414136,L100000409245,US,Commonwealth Chesapeake power station,UNT2,oil,residual_fuel_oil,gas turbine,mothballed,57.5,2000,2029,30,default,0.1114,country_implied,0.1052,0.1282,10.0,default,77400.0,ipcc_default,774.0,no,0.0,0.0,S2,30,0,1302924.81,831997.418,470927.403,97260.684,2026,2000,liability,A,C,C,37.9892,-75.54,itochu,https://www.gem.wiki/Commonwealth_Chesapeake_power_station
G100000414137,L100000409245,US,Commonwealth Chesapeake power station,UNT1,oil,residual_fuel_oil,gas turbine,mothballed,57.5,2000,2029,30,default,0.1114,country_implied,0.1052,0.1282,10.0,default,77400.0,ipcc_default,774.0,no,0.0,0.0,S1,30,0,1302924.81,835984.581,466940.239,93273.52,2026,2000,liability,A,C,C,37.9892,-75.54,itochu,https://www.gem.wiki/Commonwealth_Chesapeake_power_station
G100000414137,L100000409245,US,Commonwealth Chesapeake power station,UNT1,oil,residual_fuel_oil,gas turbine,mothballed,57.5,2000,2029,30,default,0.1114,country_implied,0.1052,0.1282,10.0,default,77400.0,ipcc_default,774.0,no,0.0,0.0,S2,30,0,1302924.81,831997.418,470927.403,97260.684,2026,2000,liability,A,C,C,37.9892,-75.54,itochu,https://www.gem.wiki/Commonwealth_Chesapeake_power_station
G100000805933,L100000805153,US,Concho Valley Solar,--,solar,,PV,operating,172.8,2022,2046,25,default,0.2098,country_implied,0.1949,0.2098,,not_applicable,,not_applicable,0.0,no,0.0,0.0,S1,25,0,0.0,2406973.566,-2406973.566,-1907909.088,2026,,contribution,A,B,B,31.4207,-100.489,komipo,https://www.gem.wiki/Concho_Valley_Solar
G100000805933,L100000805153,US,Concho Valley Solar,--,solar,,PV,operating,172.8,2022,2046,25,default,0.2098,country_implied,0.1949,0.2098,,not_applicable,,not_applicable,0.0,no,0.0,0.0,S2,25,0,0.0,2062550.352,-2062550.352,-1563485.874,2026,,contribution,A,B,B,31.4207,-100.489,komipo,https://www.gem.wiki/Concho_Valley_Solar
G100001019588,L100001017601,US,Conez Solar,CONEZ,solar,,PV,announced,150.0,2026,2050,25,default,0.2098,country_implied,0.1949,0.2098,,not_applicable,,not_applicable,0.0,no,0.0,0.0,S1,25,0,0.0,1874898.721,-1874898.721,-1874898.721,2026,,contribution,A,B,B,32.4584,-82.3946,samsung_ct,https://www.gem.wiki/Conez_Solar
G100001019588,L100001017601,US,Conez Solar,CONEZ,solar,,PV,announced,150.0,2026,2050,25,default,0.2098,country_implied,0.1949,0.2098,,not_applicable,,not_applicable,0.0,no,0.0,0.0,S2,25,0,0.0,1491701.072,-1491701.072,-1491701.072,2026,,contribution,A,B,B,32.4584,-82.3946,samsung_ct,https://www.gem.wiki/Conez_Solar
G100000838471,L100000832860,US,Eagle Springs Hybrid solar farm,--,solar,,PV,announced,110.1,2026,2050,25,default,0.2098,country_implied,0.1949,0.2098,,not_applicable,,not_applicable,0.0,no,0.0,0.0,S1,25,0,0.0,1376175.661,-1376175.661,-1376175.661,2026,,contribution,A,B,B,33.4333,-95.5744,samsung_ct,https://www.gem.wiki/Eagle_Springs_Hybrid_solar_farm
G100000838471,L100000832860,US,Eagle Springs Hybrid solar farm,--,solar,,PV,announced,110.1,2026,2050,25,default,0.2098,country_implied,0.1949,0.2098,,not_applicable,,not_applicable,0.0,no,0.0,0.0,S2,25,0,0.0,1094908.588,-1094908.588,-1094908.588,2026,,contribution,A,B,B,33.4333,-95.5744,samsung_ct,https://www.gem.wiki/Eagle_Springs_Hybrid_solar_farm
G100000910211,L100000907574,US,El Sauz wind farm,1,wind,,Onshore,operating,301.0,2025,2049,25,default,0.3338,country_implied,0.325,0.3504,,not_applicable,,not_applicable,0.0,no,0.0,0.0,S1,25,0,0.0,6157016.607,-6157016.607,-5818686.759,2026,,contribution,A,B,B,26.5009,-97.5991,jera,https://www.gem.wiki/El_Sauz_wind_farm
G100000910211,L100000907574,US,El Sauz wind farm,1,wind,,Onshore,operating,301.0,2025,2049,25,default,0.3338,country_implied,0.325,0.3504,,not_applicable,,not_applicable,0.0,no,0.0,0.0,S2,25,0,0.0,5001243.911,-5001243.911,-4662914.063,2026,,contribution,A,B,B,26.5009,-97.5991,jera,https://www.gem.wiki/El_Sauz_wind_farm
G100000805562,L100000804825,US,Elara Solar,--,solar,,PV,operating,132.4,2021,2045,25,default,0.2098,country_implied,0.1949,0.2098,,not_applicable,,not_applicable,0.0,no,0.0,0.0,S1,25,0,0.0,1895588.304,-1895588.304,-1410084.41,2026,,contribution,A,B,B,28.8832,-99.1786,komipo,https://www.gem.wiki/Elara_Solar
G100000805562,L100000804825,US,Elara Solar,--,solar,,PV,operating,132.4,2021,2045,25,default,0.2098,country_implied,0.1949,0.2098,,not_applicable,,not_applicable,0.0,no,0.0,0.0,S2,25,0,0.0,1649960.814,-1649960.814,-1164456.92,2026,,contribution,A,B,B,28.8832,-99.1786,komipo,https://www.gem.wiki/Elara_Solar
G100000402256,L100000401554,US,Elwood Energy power station,GT1,gas,natural_gas,gas turbine,operating,192.0,1999,2025,27,retired_year,0.3753,country_implied,0.3406,0.3909,10.0,default,56100.0,ipcc_default,561.0,no,0.0,0.0,S1,26,1,9207041.662,8499262.175,707779.492,0,2026,2011,liability,A,C,C,41.4388,-88.1236,jpower,https://www.gem.wiki/Elwood_Energy_power_station
G100000402256,L100000401554,US,Elwood Energy power station,GT1,gas,natural_gas,gas turbine,operating,192.0,1999,2025,27,retired_year,0.3753,country_implied,0.3406,0.3909,10.0,default,56100.0,ipcc_default,561.0,no,0.0,0.0,S2,26,1,9207041.662,8499262.175,707779.492,0,2026,2011,liability,A,C,C,41.4388,-88.1236,jpower,https://www.gem.wiki/Elwood_Energy_power_station
G100000402257,L100000401554,US,Elwood Energy power station,GT2,gas,natural_gas,gas turbine,operating,192.0,1999,2025,27,retired_year,0.3753,country_implied,0.3406,0.3909,10.0,default,56100.0,ipcc_default,561.0,no,0.0,0.0,S1,26,1,9207041.662,8499262.175,707779.492,0,2026,2011,liability,A,C,C,41.4388,-88.1236,jpower,https://www.gem.wiki/Elwood_Energy_power_station
G100000402257,L100000401554,US,Elwood Energy power station,GT2,gas,natural_gas,gas turbine,operating,192.0,1999,2025,27,retired_year,0.3753,country_implied,0.3406,0.3909,10.0,default,56100.0,ipcc_default,561.0,no,0.0,0.0,S2,26,1,9207041.662,8499262.175,707779.492,0,2026,2011,liability,A,C,C,41.4388,-88.1236,jpower,https://www.gem.wiki/Elwood_Energy_power_station
G100000402258,L100000401554,US,Elwood Energy power station,GT3,gas,natural_gas,gas turbine,operating,192.0,1999,2025,27,retired_year,0.3753,country_implied,0.3406,0.3909,10.0,default,56100.0,ipcc_default,561.0,no,0.0,0.0,S1,26,1,9207041.662,8499262.175,707779.492,0,2026,2011,liability,A,C,C,41.4388,-88.1236,jpower,https://www.gem.wiki/Elwood_Energy_power_station
G100000402258,L100000401554,US,Elwood Energy power station,GT3,gas,natural_gas,gas turbine,operating,192.0,1999,2025,27,retired_year,0.3753,country_implied,0.3406,0.3909,10.0,default,56100.0,ipcc_default,561.0,no,0.0,0.0,S2,26,1,9207041.662,8499262.175,707779.492,0,2026,2011,liability,A,C,C,41.4388,-88.1236,jpower,https://www.gem.wiki/Elwood_Energy_power_station
G100000402259,L100000401554,US,Elwood Energy power station,GT4,gas,natural_gas,gas turbine,operating,192.0,1999,2025,27,retired_year,0.3753,country_implied,0.3406,0.3909,10.0,default,56100.0,ipcc_default,561.0,no,0.0,0.0,S1,26,1,9207041.662,8499262.175,707779.492,0,2026,2011,liability,A,C,C,41.4388,-88.1236,jpower,https://www.gem.wiki/Elwood_Energy_power_station
G100000402259,L100000401554,US,Elwood Energy power station,GT4,gas,natural_gas,gas turbine,operating,192.0,1999,2025,27,retired_year,0.3753,country_implied,0.3406,0.3909,10.0,default,56100.0,ipcc_default,561.0,no,0.0,0.0,S2,26,1,9207041.662,8499262.175,707779.492,0,2026,2011,liability,A,C,C,41.4388,-88.1236,jpower,https://www.gem.wiki/Elwood_Energy_power_station
G100000402260,L100000401554,US,Elwood Energy power station,GT5,gas,natural_gas,gas turbine,operating,192.0,2001,2025,25,retired_year,0.3753,country_implied,0.3406,0.3909,10.0,default,56100.0,ipcc_default,561.0,no,0.0,0.0,S1,25,0,8852924.675,8115780.621,737144.059,0,2026,2011,liability,A,C,C,41.4388,-88.1236,jpower,https://www.gem.wiki/Elwood_Energy_power_station
G100000402260,L100000401554,US,Elwood Energy power station,GT5,gas,natural_gas,gas turbine,operating,192.0,2001,2025,25,retired_year,0.3753,country_implied,0.3406,0.3909,10.0,default,56100.0,ipcc_default,561.0,no,0.0,0.0,S2,25,0,8852924.675,8115780.621,737144.059,0,2026,2011,liability,A,C,C,41.4388,-88.1236,jpower,https://www.gem.wiki/Elwood_Energy_power_station
G100000402261,L100000401554,US,Elwood Energy power station,GT6,gas,natural_gas,gas turbine,operating,192.0,2001,2025,25,retired_year,0.3753,country_implied,0.3406,0.3909,10.0,default,56100.0,ipcc_default,561.0,no,0.0,0.0,S1,25,0,8852924.675,8115780.621,737144.059,0,2026,2011,liability,A,C,C,41.4388,-88.1236,jpower,https://www.gem.wiki/Elwood_Energy_power_station
G100000402261,L100000401554,US,Elwood Energy power station,GT6,gas,natural_gas,gas turbine,operating,192.0,2001,2025,25,retired_year,0.3753,country_implied,0.3406,0.3909,10.0,default,56100.0,ipcc_default,561.0,no,0.0,0.0,S2,25,0,8852924.675,8115780.621,737144.059,0,2026,2011,liability,A,C,C,41.4388,-88.1236,jpower,https://www.gem.wiki/Elwood_Energy_power_station
G100000402262,L100000401554,US,Elwood Energy power station,GT7,gas,natural_gas,gas turbine,operating,192.0,2001,2025,25,retired_year,0.3753,country_implied,0.3406,0.3909,10.0,default,56100.0,ipcc_default,561.0,no,0.0,0.0,S1,25,0,8852924.675,8115780.621,737144.059,0,2026,2011,liability,A,C,C,41.4388,-88.1236,jpower,https://www.gem.wiki/Elwood_Energy_power_station
G100000402262,L100000401554,US,Elwood Energy power station,GT7,gas,natural_gas,gas turbine,operating,192.0,2001,2025,25,retired_year,0.3753,country_implied,0.3406,0.3909,10.0,default,56100.0,ipcc_default,561.0,no,0.0,0.0,S2,25,0,8852924.675,8115780.621,737144.059,0,2026,2011,liability,A,C,C,41.4388,-88.1236,jpower,https://www.gem.wiki/Elwood_Energy_power_station
G100000402263,L100000401554,US,Elwood Energy power station,GT8,gas,natural_gas,gas turbine,retired,192.0,2001,2025,25,retired_year,0.3753,country_implied,0.3406,0.3909,10.0,default,56100.0,ipcc_default,561.0,no,0.0,0.0,S1,25,0,8852924.675,8115780.621,737144.059,0,2026,2011,liability,A,C,C,41.4388,-88.1236,jpower,https://www.gem.wiki/Elwood_Energy_power_station
G100000402263,L100000401554,US,Elwood Energy power station,GT8,gas,natural_gas,gas turbine,retired,192.0,2001,2025,25,retired_year,0.3753,country_implied,0.3406,0.3909,10.0,default,56100.0,ipcc_default,561.0,no,0.0,0.0,S2,25,0,8852924.675,8115780.621,737144.059,0,2026,2011,liability,A,C,C,41.4388,-88.1236,jpower,https://www.gem.wiki/Elwood_Energy_power_station
G100000402264,L100000401554,US,Elwood Energy power station,GT9,gas,natural_gas,gas turbine,retired,192.0,2001,2025,25,retired_year,0.3753,country_implied,0.3406,0.3909,10.0,default,56100.0,ipcc_default,561.0,no,0.0,0.0,S1,25,0,8852924.675,8115780.621,737144.059,0,2026,2011,liability,A,C,C,41.4388,-88.1236,jpower,https://www.gem.wiki/Elwood_Energy_power_station
G100000402264,L100000401554,US,Elwood Energy power station,GT9,gas,natural_gas,gas turbine,retired,192.0,2001,2025,25,retired_year,0.3753,country_implied,0.3406,0.3909,10.0,default,56100.0,ipcc_default,561.0,no,0.0,0.0,S2,25,0,8852924.675,8115780.621,737144.059,0,2026,2011,liability,A,C,C,41.4388,-88.1236,jpower,https://www.gem.wiki/Elwood_Energy_power_station
G100001055519,L100001048361,US,Fairhaven power station,--,bioenergy,wood,,operating,18.8,1986,2015,30,default,0.5425,country_implied,0.5369,0.6024,13.4328,default,112000.0,ipcc_default,0.0,yes,1504.478,2150638.47,S1,16,14,0.0,822254.43,-822254.43,0,2026,,contribution,A,C,C,40.7995,-124.2028,kepco,https://www.gem.wiki/Fairhaven_power_station
G100001055519,L100001048361,US,Fairhaven power station,--,bioenergy,wood,,operating,18.8,1986,2015,30,default,0.5425,country_implied,0.5369,0.6024,13.4328,default,112000.0,ipcc_default,0.0,yes,1504.478,2150638.47,S2,16,14,0.0,822254.43,-822254.43,0,2026,,contribution,A,C,C,40.7995,-124.2028,kepco,https://www.gem.wiki/Fairhaven_power_station
G100000402913,L100000401960,US,Freeport Pretreatment Facility power station,65GTG,gas,natural_gas,gas turbine,operating,87.0,2019,2048,30,default,0.3753,country_implied,0.3406,0.3909,10.0,default,56100.0,ipcc_default,561.0,no,0.0,0.0,S1,30,0,4813777.8,2649136.731,2164641.064,1855569.644,2026,2019,liability,A,C,C,28.979167,-95.30694,osaka_gas,https://www.gem.wiki/Freeport_Pretreatment_Facility_power_station
G100000402913,L100000401960,US,Freeport Pretreatment Facility power station,65GTG,gas,natural_gas,gas turbine,operating,87.0,2019,2048,30,default,0.3753,country_implied,0.3406,0.3909,10.0,default,56100.0,ipcc_default,561.0,no,0.0,0.0,S2,30,0,4813777.8,2295461.068,2518316.726,2209245.306,2026,2019,liability,A,C,C,28.979167,-95.30694,osaka_gas,https://www.gem.wiki/Freeport_Pretreatment_Facility_power_station
G100000805265,L100000804580,US,Happy solar farm,--,solar,,PV,operating,95.0,2023,2047,25,default,0.2098,country_implied,0.1949,0.2098,,not_applicable,,not_applicable,0.0,no,0.0,0.0,S1,25,0,0.0,1287735.001,-1287735.001,-1085017.334,2026,,contribution,A,B,B,35.1677,-91.6603,jera,https://www.gem.wiki/Happy_Solar_1
G100000805265,L100000804580,US,Happy solar farm,--,solar,,PV,operating,95.0,2023,2047,25,default,0.2098,country_implied,0.1949,0.2098,,not_applicable,,not_applicable,0.0,no,0.0,0.0,S2,25,0,0.0,1085157.047,-1085157.047,-882439.38,2026,,contribution,A,B,B,35.1677,-91.6603,jera,https://www.gem.wiki/Happy_Solar_1
G100000401766,L100000401672,US,Hermiston generating plant,CC1,gas,natural_gas,combined cycle,operating,311.0,1996,2025,30,default,0.3753,country_implied,0.3406,0.3909,6.5455,default,56100.0,ipcc_default,367.2,no,0.0,0.0,S1,26,4,9761556.662,13767034.038,-4005477.368,0,2026,,contribution,A,C,C,45.8042,-119.37,sumitomo_corp,https://www.gem.wiki/Hermiston_generating_plant
G100000401766,L100000401672,US,Hermiston generating plant,CC1,gas,natural_gas,combined cycle,operating,311.0,1996,2025,30,default,0.3753,country_implied,0.3406,0.3909,6.5455,default,56100.0,ipcc_default,367.2,no,0.0,0.0,S2,26,4,9761556.662,13767034.038,-4005477.368,0,2026,,contribution,A,C,C,45.8042,-119.37,sumitomo_corp,https://www.gem.wiki/Hermiston_generating_plant
G100000401767,L100000401672,US,Hermiston generating plant,CC2,gas,natural_gas,combined cycle,operating,311.0,1996,2025,30,default,0.3753,country_implied,0.3406,0.3909,6.5455,default,56100.0,ipcc_default,367.2,no,0.0,0.0,S1,26,4,9761556.662,13767034.038,-4005477.368,0,2026,,contribution,A,C,C,45.8042,-119.37,sumitomo_corp,https://www.gem.wiki/Hermiston_generating_plant
G100000401767,L100000401672,US,Hermiston generating plant,CC2,gas,natural_gas,combined cycle,operating,311.0,1996,2025,30,default,0.3753,country_implied,0.3406,0.3909,6.5455,default,56100.0,ipcc_default,367.2,no,0.0,0.0,S2,26,4,9761556.662,13767034.038,-4005477.368,0,2026,,contribution,A,C,C,45.8042,-119.37,sumitomo_corp,https://www.gem.wiki/Hermiston_generating_plant
G100000402108,L100000402410,US,Hickory Run Energy Station,HRES,gas,natural_gas,combined cycle,operating,1034.0,2020,2049,30,default,0.3753,country_implied,0.3406,0.3909,6.5455,default,56100.0,ipcc_default,367.2,no,0.0,0.0,S1,30,0,37447871.4,30655799.412,6792071.98,7484769.216,2026,2027,liability,A,C,C,40.994444,-80.43,itochu;kansai,https://www.gem.wiki/Hickory_Run_Energy_Station
G100000402108,L100000402410,US,Hickory Run Energy Station,HRES,gas,natural_gas,combined cycle,operating,1034.0,2020,2049,30,default,0.3753,country_implied,0.3406,0.3909,6.5455,default,56100.0,ipcc_default,367.2,no,0.0,0.0,S2,30,0,37447871.4,26191855.749,11256015.642,11948712.878,2026,2026,liability,A,C,C,40.994444,-80.43,itochu;kansai,https://www.gem.wiki/Hickory_Run_Energy_Station
G100000805206,L100000804525,US,Ho'Ohana Solar,--,solar,,PV,operating,52.0,2025,2049,25,default,0.2098,country_implied,0.1949,0.2098,,not_applicable,,not_applicable,0.0,no,0.0,0.0,S1,25,0,0.0,668538.351,-668538.351,-631801.975,2026,,contribution,A,B,B,21.4188,-158.0329,hanwha_energy,https://www.gem.wiki/Ho'Ohana_Solar
G100000805206,L100000804525,US,Ho'Ohana Solar,--,solar,,PV,operating,52.0,2025,2049,25,default,0.2098,country_implied,0.1949,0.2098,,not_applicable,,not_applicable,0.0,no,0.0,0.0,S2,25,0,0.0,543042.769,-543042.769,-506306.393,2026,,contribution,A,B,B,21.4188,-158.0329,hanwha_energy,https://www.gem.wiki/Ho'Ohana_Solar
G100000401930,L100000402411,US,Indeck Niles energy center,CC_set,gas,natural_gas,combined cycle,operating,1174.0,2022,2051,30,default,0.3753,country_implied,0.3406,0.3909,6.5455,default,56100.0,ipcc_default,367.2,no,0.0,0.0,S1,30,0,42518182.8,33028390.325,9489792.469,9886026.733,2026,2027,liability,A,C,C,41.862114,-86.22139,kepco;kospo;dl_enc,https://www.gem.wiki/Indeck_Niles_energy_center
G100000401930,L100000402411,US,Indeck Niles energy center,CC_set,gas,natural_gas,combined cycle,operating,1174.0,2022,2051,30,default,0.3753,country_implied,0.3406,0.3909,6.5455,default,56100.0,ipcc_default,367.2,no,0.0,0.0,S2,30,0,42518182.8,27366189.582,15151993.216,15548227.48,2026,2026,liability,A,C,C,41.862114,-86.22139,kepco;kospo;dl_enc,https://www.gem.wiki/Indeck_Niles_energy_center
G100000409539,L100000407441,US,Indigo energy facility,CTG3,gas,natural_gas,gas turbine,operating,50.0,2001,2030,30,default,0.3753,country_implied,0.3406,0.3909,10.0,default,56100.0,ipcc_default,561.0,no,0.0,0.0,S1,30,0,2766538.95,2404048.319,362490.641,170526.042,2026,2011,liability,A,C,C,33.910873,-116.553,mitsubishi_corp,https://www.gem.wiki/Indigo_energy_facility
G100000409539,L100000407441,US,Indigo energy facility,CTG3,gas,natural_gas,gas turbine,operating,50.0,2001,2030,30,default,0.3753,country_implied,0.3406,0.3909,10.0,default,56100.0,ipcc_default,561.0,no,0.0,0.0,S2,30,0,2766538.95,2386963.486,379575.474,187610.875,2026,2011,liability,A,C,C,33.910873,-116.553,mitsubishi_corp,https://www.gem.wiki/Indigo_energy_facility
G100000409540,L100000407441,US,Indigo energy facility,CTG2,gas,natural_gas,gas turbine,operating,50.0,2001,2030,30,default,0.3753,country_implied,0.3406,0.3909,10.0,default,56100.0,ipcc_default,561.0,no,0.0,0.0,S1,30,0,2766538.95,2404048.319,362490.641,170526.042,2026,2011,liability,A,C,C,33.910873,-116.553,mitsubishi_corp,https://www.gem.wiki/Indigo_energy_facility
G100000409540,L100000407441,US,Indigo energy facility,CTG2,gas,natural_gas,gas turbine,operating,50.0,2001,2030,30,default,0.3753,country_implied,0.3406,0.3909,10.0,default,56100.0,ipcc_default,561.0,no,0.0,0.0,S2,30,0,2766538.95,2386963.486,379575.474,187610.875,2026,2011,liability,A,C,C,33.910873,-116.553,mitsubishi_corp,https://www.gem.wiki/Indigo_energy_facility
G100000409541,L100000407441,US,Indigo energy facility,CTG1,gas,natural_gas,gas turbine,operating,50.0,2001,2030,30,default,0.3753,country_implied,0.3406,0.3909,10.0,default,56100.0,ipcc_default,561.0,no,0.0,0.0,S1,30,0,2766538.95,2404048.319,362490.641,170526.042,2026,2011,liability,A,C,C,33.910873,-116.553,mitsubishi_corp,https://www.gem.wiki/Indigo_energy_facility
G100000409541,L100000407441,US,Indigo energy facility,CTG1,gas,natural_gas,gas turbine,operating,50.0,2001,2030,30,default,0.3753,country_implied,0.3406,0.3909,10.0,default,56100.0,ipcc_default,561.0,no,0.0,0.0,S2,30,0,2766538.95,2386963.486,379575.474,187610.875,2026,2011,liability,A,C,C,33.910873,-116.553,mitsubishi_corp,https://www.gem.wiki/Indigo_energy_facility
G100000909808,L100000907281,US,Ironwood wind farm,1,wind,,Onshore,operating,167.9,2012,2036,25,default,0.3338,country_implied,0.325,0.3504,,not_applicable,,not_applicable,0.0,no,0.0,0.0,S1,25,0,0.0,4883441.722,-4883441.722,-1760034.174,2026,,contribution,A,B,B,37.8386,-99.774,sumitomo_corp,https://www.gem.wiki/Ironwood_wind_farm
G100000909808,L100000907281,US,Ironwood wind farm,1,wind,,Onshore,operating,167.9,2012,2036,25,default,0.3338,country_implied,0.325,0.3504,,not_applicable,,not_applicable,0.0,no,0.0,0.0,S2,25,0,0.0,4690006.187,-4690006.187,-1566598.639,2026,,contribution,A,B,B,37.8386,-99.774,sumitomo_corp,https://www.gem.wiki/Ironwood_wind_farm
G100000403818,L100000402412,US,Jackson Generation power station,1,gas,natural_gas,combined cycle,operating,644.0,2022,2051,30,default,0.3753,country_implied,0.3406,0.3909,6.5455,default,56100.0,ipcc_default,367.2,no,0.0,0.0,S1,30,0,23323432.47,18117788.221,5205644.25,5422999.332,2026,2027,liability,A,C,C,41.438536,-88.11063,jpower,https://www.gem.wiki/Jackson_Generation_power_station
G100000403818,L100000402412,US,Jackson Generation power station,1,gas,natural_gas,combined cycle,operating,644.0,2022,2051,30,default,0.3753,country_implied,0.3406,0.3909,6.5455,default,56100.0,ipcc_default,367.2,no,0.0,0.0,S2,30,0,23323432.47,15011776.91,8311655.561,8529010.643,2026,2026,liability,A,C,C,41.438536,-88.11063,jpower,https://www.gem.wiki/Jackson_Generation_power_station
G100000403819,L100000402412,US,Jackson Generation power station,2,gas,natural_gas,combined cycle,operating,644.0,2022,2051,30,default,0.3753,country_implied,0.3406,0.3909,6.5455,default,56100.0,ipcc_default,367.2,no,0.0,0.0,S1,30,0,23323432.47,18117788.221,5205644.25,5422999.332,2026,2027,liability,A,C,C,41.438536,-88.11063,jpower,https://www.gem.wiki/Jackson_Generation_power_station
G100000403819,L100000402412,US,Jackson Generation power station,2,gas,natural_gas,combined cycle,operating,644.0,2022,2051,30,default,0.3753,country_implied,0.3406,0.3909,6.5455,default,56100.0,ipcc_default,367.2,no,0.0,0.0,S2,30,0,23323432.47,15011776.91,8311655.561,8529010.643,2026,2026,liability,A,C,C,41.438536,-88.11063,jpower,https://www.gem.wiki/Jackson_Generation_power_station
G100000805856,L100000805079,US,Kellam Solar,--,solar,,PV,operating,59.0,2020,2044,25,default,0.2098,country_implied,0.1949,0.2098,,not_applicable,,not_applicable,0.0,no,0.0,0.0,S1,25,0,0.0,865630.373,-865630.373,-604635.318,2026,,contribution,A,B,B,32.4744,-95.7156,hanwha_energy,https://www.gem.wiki/Kellam_Solar
G100000805856,L100000805079,US,Kellam Solar,--,solar,,PV,operating,59.0,2020,2044,25,default,0.2098,country_implied,0.1949,0.2098,,not_applicable,,not_applicable,0.0,no,0.0,0.0,S2,25,0,0.0,764226.945,-764226.945,-503231.89,2026,,contribution,A,B,B,32.4744,-95.7156,hanwha_energy,https://www.gem.wiki/Kellam_Solar
G100000401944,L100000401619,US,Kiamichi energy facility,STG1,gas,natural_gas,combined cycle,operating,685.0,2003,2032,30,default,0.3753,country_implied,0.3406,0.3909,6.5455,default,56100.0,ipcc_default,367.2,no,0.0,0.0,S1,30,0,24808309.38,31651032.943,-6842723.559,366121.643,2026,2027,contribution,A,C,C,34.6831,-95.9349,itochu,https://www.gem.wiki/Kiamichi_energy_facility
G100000401944,L100000401619,US,Kiamichi energy facility,STG1,gas,natural_gas,combined cycle,operating,685.0,2003,2032,30,default,0.3753,country_implied,0.3406,0.3909,6.5455,default,56100.0,ipcc_default,367.2,no,0.0,0.0,S2,30,0,24808309.38,31235457.279,-6427147.894,781697.308,2026,2026,contribution,A,C,C,34.6831,-95.9349,itochu,https://www.gem.wiki/Kiamichi_energy_facility
G100000401945,L100000401619,US,Kiamichi energy facility,STG2,gas,natural_gas,combined cycle,operating,685.0,2003,2032,30,default,0.3753,country_implied,0.3406,0.3909,6.5455,default,56100.0,ipcc_default,367.2,no,0.0,0.0,S1,30,0,24808309.38,31651032.943,-6842723.559,366121.643,2026,2027,contribution,A,C,C,34.6831,-95.9349,itochu,https://www.gem.wiki/Kiamichi_energy_facility
G100000401945,L100000401619,US,Kiamichi energy facility,STG2,gas,natural_gas,combined cycle,operating,685.0,2003,2032,30,default,0.3753,country_implied,0.3406,0.3909,6.5455,default,56100.0,ipcc_default,367.2,no,0.0,0.0,S2,30,0,24808309.38,31235457.279,-6427147.894,781697.308,2026,2026,contribution,A,C,C,34.6831,-95.9349,itochu,https://www.gem.wiki/Kiamichi_energy_facility
G100000409537,L100000407429,US,Larkspur energy facility,CTG2,gas,natural_gas,gas turbine,operating,50.0,2001,2030,30,default,0.3753,country_implied,0.3406,0.3909,10.0,default,56100.0,ipcc_default,561.0,no,0.0,0.0,S1,30,0,2766538.95,2404048.319,362490.641,170526.042,2026,2011,liability,A,C,C,32.567041,-116.9442,mitsubishi_corp,https://www.gem.wiki/Larkspur_energy_facility
G100000409537,L100000407429,US,Larkspur energy facility,CTG2,gas,natural_gas,gas turbine,operating,50.0,2001,2030,30,default,0.3753,country_implied,0.3406,0.3909,10.0,default,56100.0,ipcc_default,561.0,no,0.0,0.0,S2,30,0,2766538.95,2386963.486,379575.474,187610.875,2026,2011,liability,A,C,C,32.567041,-116.9442,mitsubishi_corp,https://www.gem.wiki/Larkspur_energy_facility
G100000409538,L100000407429,US,Larkspur energy facility,CTG1,gas,natural_gas,gas turbine,operating,50.0,2001,2030,30,default,0.3753,country_implied,0.3406,0.3909,10.0,default,56100.0,ipcc_default,561.0,no,0.0,0.0,S1,30,0,2766538.95,2404048.319,362490.641,170526.042,2026,2011,liability,A,C,C,32.567041,-116.9442,mitsubishi_corp,https://www.gem.wiki/Larkspur_energy_facility
G100000409538,L100000407429,US,Larkspur energy facility,CTG1,gas,natural_gas,gas turbine,operating,50.0,2001,2030,30,default,0.3753,country_implied,0.3406,0.3909,10.0,default,56100.0,ipcc_default,561.0,no,0.0,0.0,S2,30,0,2766538.95,2386963.486,379575.474,187610.875,2026,2011,liability,A,C,C,32.567041,-116.9442,mitsubishi_corp,https://www.gem.wiki/Larkspur_energy_facility
G100000401698,L100000402481,US,Linden cogeneration plant,CC1,gas,natural_gas,combined cycle,operating,974.0,2002,2031,30,default,0.3753,country_implied,0.3406,0.3909,6.5455,default,56100.0,ipcc_default,367.2,no,0.0,0.0,S1,30,0,35274880.8,45917359.07,-10642478.285,355336.785,2026,2027,contribution,A,C,C,40.6322,-74.2156,jera,https://www.gem.wiki/Linden_cogeneration_plant
G100000401698,L100000402481,US,Linden cogeneration plant,CC1,gas,natural_gas,combined cycle,operating,974.0,2002,2031,30,default,0.3753,country_implied,0.3406,0.3909,6.5455,default,56100.0,ipcc_default,367.2,no,0.0,0.0,S2,30,0,35274880.8,45462966.028,-10188085.241,809729.829,2026,2026,contribution,A,C,C,40.6322,-74.2156,jera,https://www.gem.wiki/Linden_cogeneration_plant
G100000409513,L100000407419,US,Mariposa Energy Project,CTG4,gas,natural_gas,gas turbine,operating,50.0,2012,2041,30,default,0.3753,country_implied,0.3406,0.3909,10.0,default,56100.0,ipcc_default,561.0,no,0.0,0.0,S1,30,0,2766538.95,1848202.677,918336.286,673064.442,2026,2012,liability,A,C,C,37.789167,-121.6019,mitsubishi_corp,https://www.gem.wiki/Mariposa_Energy_Project
G100000409513,L100000407419,US,Mariposa Energy Project,CTG4,gas,natural_gas,gas turbine,operating,50.0,2012,2041,30,default,0.3753,country_implied,0.3406,0.3909,10.0,default,56100.0,ipcc_default,561.0,no,0.0,0.0,S2,30,0,2766538.95,1730000.07,1036538.889,791267.045,2026,2012,liability,A,C,C,37.789167,-121.6019,mitsubishi_corp,https://www.gem.wiki/Mariposa_Energy_Project
G100000409514,L100000407419,US,Mariposa Energy Project,CTG3,gas,natural_gas,gas turbine,operating,50.0,2012,2041,30,default,0.3753,country_implied,0.3406,0.3909,10.0,default,56100.0,ipcc_default,561.0,no,0.0,0.0,S1,30,0,2766538.95,1848202.677,918336.286,673064.442,2026,2012,liability,A,C,C,37.789167,-121.6019,mitsubishi_corp,https://www.gem.wiki/Mariposa_Energy_Project
G100000409514,L100000407419,US,Mariposa Energy Project,CTG3,gas,natural_gas,gas turbine,operating,50.0,2012,2041,30,default,0.3753,country_implied,0.3406,0.3909,10.0,default,56100.0,ipcc_default,561.0,no,0.0,0.0,S2,30,0,2766538.95,1730000.07,1036538.889,791267.045,2026,2012,liability,A,C,C,37.789167,-121.6019,mitsubishi_corp,https://www.gem.wiki/Mariposa_Energy_Project
G100000409515,L100000407419,US,Mariposa Energy Project,CTG2,gas,natural_gas,gas turbine,operating,50.0,2012,2041,30,default,0.3753,country_implied,0.3406,0.3909,10.0,default,56100.0,ipcc_default,561.0,no,0.0,0.0,S1,30,0,2766538.95,1848202.677,918336.286,673064.442,2026,2012,liability,A,C,C,37.789167,-121.6019,mitsubishi_corp,https://www.gem.wiki/Mariposa_Energy_Project
G100000409515,L100000407419,US,Mariposa Energy Project,CTG2,gas,natural_gas,gas turbine,operating,50.0,2012,2041,30,default,0.3753,country_implied,0.3406,0.3909,10.0,default,56100.0,ipcc_default,561.0,no,0.0,0.0,S2,30,0,2766538.95,1730000.07,1036538.889,791267.045,2026,2012,liability,A,C,C,37.789167,-121.6019,mitsubishi_corp,https://www.gem.wiki/Mariposa_Energy_Project
G100000409516,L100000407419,US,Mariposa Energy Project,CTG1,gas,natural_gas,gas turbine,operating,50.0,2012,2041,30,default,0.3753,country_implied,0.3406,0.3909,10.0,default,56100.0,ipcc_default,561.0,no,0.0,0.0,S1,30,0,2766538.95,1848202.677,918336.286,673064.442,2026,2012,liability,A,C,C,37.789167,-121.6019,mitsubishi_corp,https://www.gem.wiki/Mariposa_Energy_Project
G100000409516,L100000407419,US,Mariposa Energy Project,CTG1,gas,natural_gas,gas turbine,operating,50.0,2012,2041,30,default,0.3753,country_implied,0.3406,0.3909,10.0,default,56100.0,ipcc_default,561.0,no,0.0,0.0,S2,30,0,2766538.95,1730000.07,1036538.889,791267.045,2026,2012,liability,A,C,C,37.789167,-121.6019,mitsubishi_corp,https://www.gem.wiki/Mariposa_Energy_Project
G100000401776,L100000401674,US,Michigan power station,CC1,gas,natural_gas,combined cycle,operating,138.0,1995,2024,30,default,0.3753,country_implied,0.3406,0.3909,6.5455,default,56100.0,ipcc_default,367.2,no,0.0,0.0,S1,25,5,4164898.65,5934445.229,-1769546.57,0,2026,,contribution,A,C,C,43.9375,-86.425,osaka_gas,https://www.gem.wiki/Michigan_power_station
G100000401776,L100000401674,US,Michigan power station,CC1,gas,natural_gas,combined cycle,operating,138.0,1995,2024,30,default,0.3753,country_implied,0.3406,0.3909,6.5455,default,56100.0,ipcc_default,367.2,no,0.0,0.0,S2,25,5,4164898.65,5934445.229,-1769546.57,0,2026,,contribution,A,C,C,43.9375,-86.425,osaka_gas,https://www.gem.wiki/Michigan_power_station
G100000401760,L100000401582,US,NAEA Lakewood power station,LCLP,gas,natural_gas,combined cycle,mothballed,237.0,1994,2023,30,default,0.3753,country_implied,0.3406,0.3909,6.5455,default,56100.0,ipcc_default,367.2,no,0.0,0.0,S1,24,6,6866650.296,9892735.596,-3026085.29,0,2026,,contribution,A,C,C,40.0613,-74.1686,toyota_tsusho,https://www.gem.wiki/NAEA_Lakewood_power_station
G100000401760,L100000401582,US,NAEA Lakewood power station,LCLP,gas,natural_gas,combined cycle,mothballed,237.0,1994,2023,30,default,0.3753,country_implied,0.3406,0.3909,6.5455,default,56100.0,ipcc_default,367.2,no,0.0,0.0,S2,24,6,6866650.296,9892735.596,-3026085.29,0,2026,,contribution,A,C,C,40.0613,-74.1686,toyota_tsusho,https://www.gem.wiki/NAEA_Lakewood_power_station
G100001093093,L100001082659,US,Novva Utah Data Center power station,1,gas,natural_gas,internal combustion,construction,200.0,2027,2056,30,default,0.3753,country_implied,0.3406,0.3909,8.5714,default,56100.0,ipcc_default,480.857,no,0.0,0.0,S1,30,0,9485276.43,4906305.259,4578971.183,4578971.183,2026,2027,liability,A,C,C,40.576798,-112.045465,mitsui,https://www.gem.wiki/Novva_Utah_Data_Center_power_station
G100001093093,L100001082659,US,Novva Utah Data Center power station,1,gas,natural_gas,internal combustion,construction,200.0,2027,2056,30,default,0.3753,country_implied,0.3406,0.3909,8.5714,default,56100.0,ipcc_default,480.857,no,0.0,0.0,S2,30,0,9485276.43,3694796.982,5790479.462,5790479.462,2026,2027,liability,A,C,C,40.576798,-112.045465,mitsui,https://www.gem.wiki/Novva_Utah_Data_Center_power_station
G100000403347,L100000402176,US,Orange Grove peaking facility,CTG1,gas,natural_gas,gas turbine,operating,59.0,2010,2039,30,default,0.3753,country_implied,0.3406,0.3909,10.0,default,56100.0,ipcc_default,561.0,no,0.0,0.0,S1,30,0,3264515.97,2302009.231,962506.748,672948.253,2026,2011,liability,A,C,C,33.3594,-117.1114,jpower,https://www.gem.wiki/Orange_Grove_peaking_facility
G100000403347,L100000402176,US,Orange Grove peaking facility,CTG1,gas,natural_gas,gas turbine,operating,59.0,2010,2039,30,default,0.3753,country_implied,0.3406,0.3909,10.0,default,56100.0,ipcc_default,561.0,no,0.0,0.0,S2,30,0,3264515.97,2189000.241,1075515.737,785957.242,2026,2011,liability,A,C,C,33.3594,-117.1114,jpower,https://www.gem.wiki/Orange_Grove_peaking_facility
G100000403348,L100000402176,US,Orange Grove peaking facility,CTG2,gas,natural_gas,gas turbine,operating,59.0,2010,2039,30,default,0.3753,country_implied,0.3406,0.3909,10.0,default,56100.0,ipcc_default,561.0,no,0.0,0.0,S1,30,0,3264515.97,2302009.231,962506.748,672948.253,2026,2011,liability,A,C,C,33.3594,-117.1114,jpower,https://www.gem.wiki/Orange_Grove_peaking_facility
G100000403348,L100000402176,US,Orange Grove peaking facility,CTG2,gas,natural_gas,gas turbine,operating,59.0,2010,2039,30,default,0.3753,country_implied,0.3406,0.3909,10.0,default,56100.0,ipcc_default,561.0,no,0.0,0.0,S2,30,0,3264515.97,2189000.241,1075515.737,785957.242,2026,2011,liability,A,C,C,33.3594,-117.1114,jpower,https://www.gem.wiki/Orange_Grove_peaking_facility
G100000401762,L100000401670,US,Oyster Creek Unit VIII power station,CC1,gas,natural_gas,combined cycle,operating,498.0,1994,2023,30,default,0.3753,country_implied,0.3406,0.3909,6.5455,default,56100.0,ipcc_default,367.2,no,0.0,0.0,S1,24,6,14428657.608,20787267.202,-6358609.599,0,2026,,contribution,A,C,C,28.9802,-95.342,toyota_tsusho,https://www.gem.wiki/Oyster_Creek_Unit_VIII_power_station
G100000401762,L100000401670,US,Oyster Creek Unit VIII power station,CC1,gas,natural_gas,combined cycle,operating,498.0,1994,2023,30,default,0.3753,country_implied,0.3406,0.3909,6.5455,default,56100.0,ipcc_default,367.2,no,0.0,0.0,S2,24,6,14428657.608,20787267.202,-6358609.599,0,2026,,contribution,A,C,C,28.9802,-95.342,toyota_tsusho,https://www.gem.wiki/Oyster_Creek_Unit_VIII_power_station
G100001094048,L100001083293,US,Oʻahu power station,1,gas,natural_gas,combined cycle,announced,500.0,2030,2059,30,default,0.3753,country_implied,0.3406,0.3909,6.5455,default,56100.0,ipcc_default,367.2,no,0.0,0.0,S1,30,0,18108255.03,11271592.984,6836662.042,6836662.042,2026,2030,liability,A,C,C,21.338,-158.085,jera,https://www.gem.wiki/Oʻahu_power_station
G100001094048,L100001083293,US,Oʻahu power station,1,gas,natural_gas,combined cycle,announced,500.0,2030,2059,30,default,0.3753,country_implied,0.3406,0.3909,6.5455,default,56100.0,ipcc_default,367.2,no,0.0,0.0,S2,30,0,18108255.03,7976458.998,10131796.025,10131796.025,2026,2030,liability,A,C,C,21.338,-158.085,jera,https://www.gem.wiki/Oʻahu_power_station
G100001054213,L100001047602,US,Pacific-Ultrapower Chinese power station,GEN1,bioenergy,wood,,operating,25.0,1986,2015,30,default,0.5425,country_implied,0.5369,0.6024,13.4328,default,112000.0,ipcc_default,0.0,yes,1504.478,2859891.582,S1,16,14,0.0,1093423.443,-1093423.443,0,2026,,contribution,A,C,C,37.874056,-120.477556,ihi,https://www.gem.wiki/Pacific-Ultrapower_Chinese_power_station
G100001054213,L100001047602,US,Pacific-Ultrapower Chinese power station,GEN1,bioenergy,wood,,operating,25.0,1986,2015,30,default,0.5425,country_implied,0.5369,0.6024,13.4328,default,112000.0,ipcc_default,0.0,yes,1504.478,2859891.582,S2,16,14,0.0,1093423.443,-1093423.443,0,2026,,contribution,A,C,C,37.874056,-120.477556,ihi,https://www.gem.wiki/Pacific-Ultrapower_Chinese_power_station
G100000804757,L100000804159,US,Pigeon Run Solar Project,--,solar,,PV,announced,60.0,2028,2052,25,default,0.2098,country_implied,0.1949,0.2098,,not_applicable,,not_applicable,0.0,no,0.0,0.0,S1,25,0,0.0,708867.321,-708867.321,-708867.321,2026,,contribution,A,B,B,37.1585,-79.0556,hanwha_energy,https://www.gem.wiki/Pigeon_Run_Solar_Project
G100000804757,L100000804159,US,Pigeon Run Solar Project,--,solar,,PV,announced,60.0,2028,2052,25,default,0.2098,country_implied,0.1949,0.2098,,not_applicable,,not_applicable,0.0,no,0.0,0.0,S2,25,0,0.0,541080.013,-541080.013,-541080.013,2026,,contribution,A,B,B,37.1585,-79.0556,hanwha_energy,https://www.gem.wiki/Pigeon_Run_Solar_Project
G100000805866,L100000805088,US,Ramsey solar farm,--,solar,,PV,operating,500.0,2023,2047,25,default,0.2098,country_implied,0.1949,0.2098,,not_applicable,,not_applicable,0.0,no,0.0,0.0,S1,25,0,0.0,6777552.632,-6777552.632,-5710617.543,2026,,contribution,A,B,B,29.122,-96.276,tokyo_gas,https://www.gem.wiki/Ramsey_solar_farm
G100000805866,L100000805088,US,Ramsey solar farm,--,solar,,PV,operating,500.0,2023,2047,25,default,0.2098,country_implied,0.1949,0.2098,,not_applicable,,not_applicable,0.0,no,0.0,0.0,S2,25,0,0.0,5711352.868,-5711352.868,-4644417.779,2026,,contribution,A,B,B,29.122,-96.276,tokyo_gas,https://www.gem.wiki/Ramsey_solar_farm
G100000401830,L100000401736,US,Rathdrum power station,CC1,gas,natural_gas,combined cycle,operating,302.0,2001,2030,30,default,0.3753,country_implied,0.3406,0.3909,6.5455,default,56100.0,ipcc_default,367.2,no,0.0,0.0,S1,30,0,10937386.02,14520451.856,-3583065.822,67892.414,2026,2027,contribution,A,C,C,47.7858,-116.9203,itochu,https://www.gem.wiki/Rathdrum_power_station
G100000401830,L100000401736,US,Rathdrum power station,CC1,gas,natural_gas,combined cycle,operating,302.0,2001,2030,30,default,0.3753,country_implied,0.3406,0.3909,6.5455,default,56100.0,ipcc_default,367.2,no,0.0,0.0,S2,30,0,10937386.02,14417259.466,-3479873.432,171084.804,2026,2026,contribution,A,C,C,47.7858,-116.9203,itochu,https://www.gem.wiki/Rathdrum_power_station
G100001055141,L100001048103,US,Red Bluff power station,1,gas,natural_gas,internal combustion,operating,46.4,2001,2030,30,default,0.3753,country_implied,0.3406,0.3909,8.5714,default,56100.0,ipcc_default,480.857,no,0.0,0.0,S1,30,0,2200584.12,2230956.844,-30372.707,97120.831,2026,2017,contribution,A,C,C,40.1501,-122.2124,kepco,https://www.gem.wiki/Red_Bluff_power_station
G100001055141,L100001048103,US,Red Bluff power station,1,gas,natural_gas,internal combustion,operating,46.4,2001,2030,30,default,0.3753,country_implied,0.3406,0.3909,8.5714,default,56100.0,ipcc_default,480.857,no,0.0,0.0,S2,30,0,2200584.12,2215102.119,-14517.983,112975.555,2026,2017,contribution,A,C,C,40.1501,-122.2124,kepco,https://www.gem.wiki/Red_Bluff_power_station
G100001058616,L100001050857,US,Richwood Solar and Storage solar farm,RICSS,solar,,PV,announced,250.0,2026,2050,25,default,0.2098,country_implied,0.1949,0.2098,,not_applicable,,not_applicable,0.0,no,0.0,0.0,S1,25,0,0.0,3124831.205,-3124831.205,-3124831.205,2026,,contribution,A,B,B,40.3532,-83.3312,samsung_ct,https://www.gem.wiki/Richwood_Solar_and_Storage_solar_farm
G100001058616,L100001050857,US,Richwood Solar and Storage solar farm,RICSS,solar,,PV,announced,250.0,2026,2050,25,default,0.2098,country_implied,0.1949,0.2098,,not_applicable,,not_applicable,0.0,no,0.0,0.0,S2,25,0,0.0,2486168.458,-2486168.458,-2486168.458,2026,,contribution,A,B,B,40.3532,-83.3312,samsung_ct,https://www.gem.wiki/Richwood_Solar_and_Storage_solar_farm
G100001054226,L100001047613,US,Rio Bravo Fresno power station,GEN1,bioenergy,wood,,operating,28.0,1988,2017,30,default,0.5425,country_implied,0.5369,0.6024,13.4328,default,112000.0,ipcc_default,0.0,yes,1504.478,3603463.393,S1,18,12,0.0,1351360.797,-1351360.797,0,2026,,contribution,A,C,C,36.688915,-119.723218,ihi,https://www.gem.wiki/Rio_Bravo_Fresno_power_station
G100001054226,L100001047613,US,Rio Bravo Fresno power station,GEN1,bioenergy,wood,,operating,28.0,1988,2017,30,default,0.5425,country_implied,0.5369,0.6024,13.4328,default,112000.0,ipcc_default,0.0,yes,1504.478,3603463.393,S2,18,12,0.0,1351360.797,-1351360.797,0,2026,,contribution,A,C,C,36.688915,-119.723218,ihi,https://www.gem.wiki/Rio_Bravo_Fresno_power_station
G100000108579,L100000103801,US,Rio Bravo Jasmin Power Plant,--,coal,bituminous,subcritical,retired,38.2,1989,2016,28,retired_year,0.4456,country_implied,0.3858,0.4553,10.2857,default,94600.0,ipcc_default,973.029,no,0.0,0.0,S1,17,11,2466534.335,1444398.92,1022135.415,0,2026,2000,liability,A,C,C,35.741417,-119.051593,ihi,https://www.gem.wiki/Rio_Bravo_Jasmin_Power_Plant
G100000108579,L100000103801,US,Rio Bravo Jasmin Power Plant,--,coal,bituminous,subcritical,retired,38.2,1989,2016,28,retired_year,0.4456,country_implied,0.3858,0.4553,10.2857,default,94600.0,ipcc_default,973.029,no,0.0,0.0,S2,17,11,2466534.335,1444398.92,1022135.415,0,2026,2000,liability,A,C,C,35.741417,-119.051593,ihi,https://www.gem.wiki/Rio_Bravo_Jasmin_Power_Plant
G100000108580,L100000103802,US,Rio Bravo Poso Power Plant,--,coal,bituminous,subcritical,retired,38.2,1989,2014,26,retired_year,0.4456,country_implied,0.3858,0.4553,10.2857,default,94600.0,ipcc_default,973.029,no,0.0,0.0,S1,15,11,2176353.825,1297038.968,879314.857,0,2026,2000,liability,A,C,C,35.547217,-119.075593,ihi,https://www.gem.wiki/Rio_Bravo_Poso_Power_Plant
G100000108580,L100000103802,US,Rio Bravo Poso Power Plant,--,coal,bituminous,subcritical,retired,38.2,1989,2014,26,retired_year,0.4456,country_implied,0.3858,0.4553,10.2857,default,94600.0,ipcc_default,973.029,no,0.0,0.0,S2,15,11,2176353.825,1297038.968,879314.857,0,2026,2000,liability,A,C,C,35.547217,-119.075593,ihi,https://www.gem.wiki/Rio_Bravo_Poso_Power_Plant
G100001054227,L100001047614,US,Rio Bravo Rocklin power station,GEN1,bioenergy,wood,,operating,28.0,1988,2017,30,default,0.5425,country_implied,0.5369,0.6024,13.4328,default,112000.0,ipcc_default,0.0,yes,1504.478,3603463.393,S1,18,12,0.0,1351360.797,-1351360.797,0,2026,,contribution,A,C,C,38.8319,-121.313652,ihi,https://www.gem.wiki/Rio_Bravo_Rocklin_power_station
G100001054227,L100001047614,US,Rio Bravo Rocklin power station,GEN1,bioenergy,wood,,operating,28.0,1988,2017,30,default,0.5425,country_implied,0.5369,0.6024,13.4328,default,112000.0,ipcc_default,0.0,yes,1504.478,3603463.393,S2,18,12,0.0,1351360.797,-1351360.797,0,2026,,contribution,A,C,C,38.8319,-121.313652,ihi,https://www.gem.wiki/Rio_Bravo_Rocklin_power_station
G100000401756,L100000402270,US,Saranac Facility power station,CA,gas,natural_gas,combined cycle,operating,286.0,1994,2023,30,default,0.3753,country_implied,0.3406,0.3909,6.5455,default,56100.0,ipcc_default,367.2,no,0.0,0.0,S1,24,6,8286337.488,11938069.115,-3651731.618,0,2026,,contribution,A,C,C,44.7132,-73.4557,osaka_gas,https://www.gem.wiki/Saranac_Facility_power_station
G100000401756,L100000402270,US,Saranac Facility power station,CA,gas,natural_gas,combined cycle,operating,286.0,1994,2023,30,default,0.3753,country_implied,0.3406,0.3909,6.5455,default,56100.0,ipcc_default,367.2,no,0.0,0.0,S2,24,6,8286337.488,11938069.115,-3651731.618,0,2026,,contribution,A,C,C,44.7132,-73.4557,osaka_gas,https://www.gem.wiki/Saranac_Facility_power_station
G100000402233,L100000401547,US,Sentinel energy center,CTG1,gas,natural_gas,gas turbine,operating,100.0,2013,2042,30,default,0.3753,country_implied,0.3406,0.3909,10.0,default,56100.0,ipcc_default,561.0,no,0.0,0.0,S1,30,0,5533077.93,3599529.669,1933548.246,1452285.537,2026,2013,liability,A,C,C,33.934167,-116.5714,mitsubishi_corp,https://www.gem.wiki/Sentinel_energy_center
G100000402233,L100000401547,US,Sentinel energy center,CTG1,gas,natural_gas,gas turbine,operating,100.0,2013,2042,30,default,0.3753,country_implied,0.3406,0.3909,10.0,default,56100.0,ipcc_default,561.0,no,0.0,0.0,S2,30,0,5533077.93,3339873.139,2193204.779,1711942.07,2026,2013,liability,A,C,C,33.934167,-116.5714,mitsubishi_corp,https://www.gem.wiki/Sentinel_energy_center
G100000402234,L100000401547,US,Sentinel energy center,CTG2,gas,natural_gas,gas turbine,operating,100.0,2013,2042,30,default,0.3753,country_implied,0.3406,0.3909,10.0,default,56100.0,ipcc_default,561.0,no,0.0,0.0,S1,30,0,5533077.93,3599529.669,1933548.246,1452285.537,2026,2013,liability,A,C,C,33.934167,-116.5714,mitsubishi_corp,https://www.gem.wiki/Sentinel_energy_center
G100000402234,L100000401547,US,Sentinel energy center,CTG2,gas,natural_gas,gas turbine,operating,100.0,2013,2042,30,default,0.3753,country_implied,0.3406,0.3909,10.0,default,56100.0,ipcc_default,561.0,no,0.0,0.0,S2,30,0,5533077.93,3339873.139,2193204.779,1711942.07,2026,2013,liability,A,C,C,33.934167,-116.5714,mitsubishi_corp,https://www.gem.wiki/Sentinel_energy_center
G100000402235,L100000401547,US,Sentinel energy center,CTG3,gas,natural_gas,gas turbine,operating,100.0,2013,2042,30,default,0.3753,country_implied,0.3406,0.3909,10.0,default,56100.0,ipcc_default,561.0,no,0.0,0.0,S1,30,0,5533077.93,3599529.669,1933548.246,1452285.537,2026,2013,liability,A,C,C,33.934167,-116.5714,mitsubishi_corp,https://www.gem.wiki/Sentinel_energy_center
G100000402235,L100000401547,US,Sentinel energy center,CTG3,gas,natural_gas,gas turbine,operating,100.0,2013,2042,30,default,0.3753,country_implied,0.3406,0.3909,10.0,default,56100.0,ipcc_default,561.0,no,0.0,0.0,S2,30,0,5533077.93,3339873.139,2193204.779,1711942.07,2026,2013,liability,A,C,C,33.934167,-116.5714,mitsubishi_corp,https://www.gem.wiki/Sentinel_energy_center
G100000402236,L100000401547,US,Sentinel energy center,CTG4,gas,natural_gas,gas turbine,operating,100.0,2013,2042,30,default,0.3753,country_implied,0.3406,0.3909,10.0,default,56100.0,ipcc_default,561.0,no,0.0,0.0,S1,30,0,5533077.93,3599529.669,1933548.246,1452285.537,2026,2013,liability,A,C,C,33.934167,-116.5714,mitsubishi_corp,https://www.gem.wiki/Sentinel_energy_center
G100000402236,L100000401547,US,Sentinel energy center,CTG4,gas,natural_gas,gas turbine,operating,100.0,2013,2042,30,default,0.3753,country_implied,0.3406,0.3909,10.0,default,56100.0,ipcc_default,561.0,no,0.0,0.0,S2,30,0,5533077.93,3339873.139,2193204.779,1711942.07,2026,2013,liability,A,C,C,33.934167,-116.5714,mitsubishi_corp,https://www.gem.wiki/Sentinel_energy_center
G100000402237,L100000401547,US,Sentinel energy center,CTG5,gas,natural_gas,gas turbine,operating,100.0,2013,2042,30,default,0.3753,country_implied,0.3406,0.3909,10.0,default,56100.0,ipcc_default,561.0,no,0.0,0.0,S1,30,0,5533077.93,3599529.669,1933548.246,1452285.537,2026,2013,liability,A,C,C,33.934167,-116.5714,mitsubishi_corp,https://www.gem.wiki/Sentinel_energy_center
G100000402237,L100000401547,US,Sentinel energy center,CTG5,gas,natural_gas,gas turbine,operating,100.0,2013,2042,30,default,0.3753,country_implied,0.3406,0.3909,10.0,default,56100.0,ipcc_default,561.0,no,0.0,0.0,S2,30,0,5533077.93,3339873.139,2193204.779,1711942.07,2026,2013,liability,A,C,C,33.934167,-116.5714,mitsubishi_corp,https://www.gem.wiki/Sentinel_energy_center
G100000402238,L100000401547,US,Sentinel energy center,CTG6,gas,natural_gas,gas turbine,operating,100.0,2013,2042,30,default,0.3753,country_implied,0.3406,0.3909,10.0,default,56100.0,ipcc_default,561.0,no,0.0,0.0,S1,30,0,5533077.93,3599529.669,1933548.246,1452285.537,2026,2013,liability,A,C,C,33.934167,-116.5714,mitsubishi_corp,https://www.gem.wiki/Sentinel_energy_center
G100000402238,L100000401547,US,Sentinel energy center,CTG6,gas,natural_gas,gas turbine,operating,100.0,2013,2042,30,default,0.3753,country_implied,0.3406,0.3909,10.0,default,56100.0,ipcc_default,561.0,no,0.0,0.0,S2,30,0,5533077.93,3339873.139,2193204.779,1711942.07,2026,2013,liability,A,C,C,33.934167,-116.5714,mitsubishi_corp,https://www.gem.wiki/Sentinel_energy_center
G100000402239,L100000401547,US,Sentinel energy center,CTG7,gas,natural_gas,gas turbine,operating,100.0,2013,2042,30,default,0.3753,country_implied,0.3406,0.3909,10.0,default,56100.0,ipcc_default,561.0,no,0.0,0.0,S1,30,0,5533077.93,3599529.669,1933548.246,1452285.537,2026,2013,liability,A,C,C,33.934167,-116.5714,mitsubishi_corp,https://www.gem.wiki/Sentinel_energy_center
G100000402239,L100000401547,US,Sentinel energy center,CTG7,gas,natural_gas,gas turbine,operating,100.0,2013,2042,30,default,0.3753,country_implied,0.3406,0.3909,10.0,default,56100.0,ipcc_default,561.0,no,0.0,0.0,S2,30,0,5533077.93,3339873.139,2193204.779,1711942.07,2026,2013,liability,A,C,C,33.934167,-116.5714,mitsubishi_corp,https://www.gem.wiki/Sentinel_energy_center
G100000402240,L100000401547,US,Sentinel energy center,CTG8,gas,natural_gas,gas turbine,operating,100.0,2013,2042,30,default,0.3753,country_implied,0.3406,0.3909,10.0,default,56100.0,ipcc_default,561.0,no,0.0,0.0,S1,30,0,5533077.93,3599529.669,1933548.246,1452285.537,2026,2013,liability,A,C,C,33.934167,-116.5714,mitsubishi_corp,https://www.gem.wiki/Sentinel_energy_center
G100000402240,L100000401547,US,Sentinel energy center,CTG8,gas,natural_gas,gas turbine,operating,100.0,2013,2042,30,default,0.3753,country_implied,0.3406,0.3909,10.0,default,56100.0,ipcc_default,561.0,no,0.0,0.0,S2,30,0,5533077.93,3339873.139,2193204.779,1711942.07,2026,2013,liability,A,C,C,33.934167,-116.5714,mitsubishi_corp,https://www.gem.wiki/Sentinel_energy_center
G100000804758,L100000804160,US,Shockoe Solar Project,--,solar,,PV,announced,60.0,2028,2052,25,default,0.2098,country_implied,0.1949,0.2098,,not_applicable,,not_applicable,0.0,no,0.0,0.0,S1,25,0,0.0,708867.321,-708867.321,-708867.321,2026,,contribution,A,B,B,36.8178,-79.2333,hanwha_energy,https://www.gem.wiki/Shockoe_Solar_Project
G100000804758,L100000804160,US,Shockoe Solar Project,--,solar,,PV,announced,60.0,2028,2052,25,default,0.2098,country_implied,0.1949,0.2098,,not_applicable,,not_applicable,0.0,no,0.0,0.0,S2,25,0,0.0,541080.013,-541080.013,-541080.013,2026,,contribution,A,B,B,36.8178,-79.2333,hanwha_energy,https://www.gem.wiki/Shockoe_Solar_Project
G100000909449,L100000906661,US,Spearville wind farm,3,wind,,Onshore,operating,101.0,2012,2036,25,default,0.3338,country_implied,0.325,0.3504,,not_applicable,,not_applicable,0.0,no,0.0,0.0,S1,25,0,0.0,2937627.241,-2937627.241,-1058745.989,2026,,contribution,A,B,B,37.8793,-99.7922,toyota_tsusho,https://www.gem.wiki/Spearville_wind_farm
G100000909449,L100000906661,US,Spearville wind farm,3,wind,,Onshore,operating,101.0,2012,2036,25,default,0.3338,country_implied,0.325,0.3504,,not_applicable,,not_applicable,0.0,no,0.0,0.0,S2,25,0,0.0,2821266.376,-2821266.376,-942385.124,2026,,contribution,A,B,B,37.8793,-99.7922,toyota_tsusho,https://www.gem.wiki/Spearville_wind_farm
G100001019596,L100001017609,US,Stark Solar,AG239,solar,,PV,announced,150.0,2027,2051,25,default,0.2098,country_implied,0.1949,0.2098,,not_applicable,,not_applicable,0.0,no,0.0,0.0,S1,25,0,0.0,1822809.955,-1822809.955,-1822809.955,2026,,contribution,A,B,B,40.8527,-81.157,samsung_ct,https://www.gem.wiki/Stark_Solar
G100001019596,L100001017609,US,Stark Solar,AG239,solar,,PV,announced,150.0,2027,2051,25,default,0.2098,country_implied,0.1949,0.2098,,not_applicable,,not_applicable,0.0,no,0.0,0.0,S2,25,0,0.0,1420501.342,-1420501.342,-1420501.342,2026,,contribution,A,B,B,40.8527,-81.157,samsung_ct,https://www.gem.wiki/Stark_Solar
G100000805130,L100000804463,US,Sun City Project solar farm,--,solar,,PV,operating,20.0,2011,2035,25,default,0.2098,country_implied,0.1949,0.2098,,not_applicable,,not_applicable,0.0,no,0.0,0.0,S1,25,0,0.0,375485.476,-375485.476,-121407.034,2026,,contribution,A,B,B,35.9831,-120.1103,toyota_tsusho,https://www.gem.wiki/Sun_City_Project_solar_farm
G100000805130,L100000804463,US,Sun City Project solar farm,--,solar,,PV,operating,20.0,2011,2035,25,default,0.2098,country_implied,0.1949,0.2098,,not_applicable,,not_applicable,0.0,no,0.0,0.0,S2,25,0,0.0,363116.629,-363116.629,-109038.187,2026,,contribution,A,B,B,35.9831,-120.1103,toyota_tsusho,https://www.gem.wiki/Sun_City_Project_solar_farm
G100000401785,L100000401622,US,Tenaska Frontier generation station,STG1,gas,natural_gas,combined cycle,operating,940.0,2000,2029,30,default,0.3753,country_implied,0.3406,0.3909,6.5455,default,56100.0,ipcc_default,367.2,no,0.0,0.0,S1,30,0,34043519.46,46041731.71,-11998212.268,108375.269,2026,2027,contribution,A,C,C,30.5924,-95.9178,mitsubishi_corp,https://www.gem.wiki/Tenaska_Frontier_generation_station
G100000401785,L100000401622,US,Tenaska Frontier generation station,STG1,gas,natural_gas,combined cycle,operating,940.0,2000,2029,30,default,0.3753,country_implied,0.3406,0.3909,6.5455,default,56100.0,ipcc_default,367.2,no,0.0,0.0,S2,30,0,34043519.46,45822139.267,-11778619.823,327967.714,2026,2026,contribution,A,C,C,30.5924,-95.9178,mitsubishi_corp,https://www.gem.wiki/Tenaska_Frontier_generation_station
G100000402349,L100000401624,US,Tenaska Georgia generation facility,GTG1,gas,natural_gas,gas turbine,operating,183.0,2001,2030,30,default,0.3753,country_implied,0.3406,0.3909,10.0,default,56100.0,ipcc_default,561.0,no,0.0,0.0,S1,30,0,10125532.59,8798816.853,1326715.745,624125.315,2026,2011,liability,A,C,C,33.3516,-84.9996,mitsubishi_corp;itochu,https://www.gem.wiki/Tenaska_Georgia_generation_facility
G100000402349,L100000401624,US,Tenaska Georgia generation facility,GTG1,gas,natural_gas,gas turbine,operating,183.0,2001,2030,30,default,0.3753,country_implied,0.3406,0.3909,10.0,default,56100.0,ipcc_default,561.0,no,0.0,0.0,S2,30,0,10125532.59,8736286.365,1389246.233,686655.803,2026,2011,liability,A,C,C,33.3516,-84.9996,mitsubishi_corp;itochu,https://www.gem.wiki/Tenaska_Georgia_generation_facility
G100000402350,L100000401624,US,Tenaska Georgia generation facility,GTG2,gas,natural_gas,gas turbine,operating,183.0,2001,2030,30,default,0.3753,country_implied,0.3406,0.3909,10.0,default,56100.0,ipcc_default,561.0,no,0.0,0.0,S1,30,0,10125532.59,8798816.853,1326715.745,624125.315,2026,2011,liability,A,C,C,33.3516,-84.9996,mitsubishi_corp;itochu,https://www.gem.wiki/Tenaska_Georgia_generation_facility
G100000402350,L100000401624,US,Tenaska Georgia generation facility,GTG2,gas,natural_gas,gas turbine,operating,183.0,2001,2030,30,default,0.3753,country_implied,0.3406,0.3909,10.0,default,56100.0,ipcc_default,561.0,no,0.0,0.0,S2,30,0,10125532.59,8736286.365,1389246.233,686655.803,2026,2011,liability,A,C,C,33.3516,-84.9996,mitsubishi_corp;itochu,https://www.gem.wiki/Tenaska_Georgia_generation_facility
G100000402351,L100000401624,US,Tenaska Georgia generation facility,GTG3,gas,natural_gas,gas turbine,operating,183.0,2001,2030,30,default,0.3753,country_implied,0.3406,0.3909,10.0,default,56100.0,ipcc_default,561.0,no,0.0,0.0,S1,30,0,10125532.59,8798816.853,1326715.745,624125.315,2026,2011,liability,A,C,C,33.3516,-84.9996,mitsubishi_corp;itochu,https://www.gem.wiki/Tenaska_Georgia_generation_facility
G100000402351,L100000401624,US,Tenaska Georgia generation facility,GTG3,gas,natural_gas,gas turbine,operating,183.0,2001,2030,30,default,0.3753,country_implied,0.3406,0.3909,10.0,default,56100.0,ipcc_default,561.0,no,0.0,0.0,S2,30,0,10125532.59,8736286.365,1389246.233,686655.803,2026,2011,liability,A,C,C,33.3516,-84.9996,mitsubishi_corp;itochu,https://www.gem.wiki/Tenaska_Georgia_generation_facility
G100000402352,L100000401624,US,Tenaska Georgia generation facility,GTG4,gas,natural_gas,gas turbine,operating,183.0,2002,2031,30,default,0.3753,country_implied,0.3406,0.3909,10.0,default,56100.0,ipcc_default,561.0,no,0.0,0.0,S1,30,0,10125532.59,8627183.48,1498349.117,766344.707,2026,2011,liability,A,C,C,33.3516,-84.9996,mitsubishi_corp;itochu,https://www.gem.wiki/Tenaska_Georgia_generation_facility
G100000402352,L100000401624,US,Tenaska Georgia generation facility,GTG4,gas,natural_gas,gas turbine,operating,183.0,2002,2031,30,default,0.3753,country_implied,0.3406,0.3909,10.0,default,56100.0,ipcc_default,561.0,no,0.0,0.0,S2,30,0,10125532.59,8541809.838,1583722.759,851718.349,2026,2011,liability,A,C,C,33.3516,-84.9996,mitsubishi_corp;itochu,https://www.gem.wiki/Tenaska_Georgia_generation_facility
G100000402353,L100000401624,US,Tenaska Georgia generation facility,GTG5,gas,natural_gas,gas turbine,operating,183.0,2002,2031,30,default,0.3753,country_implied,0.3406,0.3909,10.0,default,56100.0,ipcc_default,561.0,no,0.0,0.0,S1,30,0,10125532.59,8627183.48,1498349.117,766344.707,2026,2011,liability,A,C,C,33.3516,-84.9996,mitsubishi_corp;itochu,https://www.gem.wiki/Tenaska_Georgia_generation_facility
G100000402353,L100000401624,US,Tenaska Georgia generation facility,GTG5,gas,natural_gas,gas turbine,operating,183.0,2002,2031,30,default,0.3753,country_implied,0.3406,0.3909,10.0,default,56100.0,ipcc_default,561.0,no,0.0,0.0,S2,30,0,10125532.59,8541809.838,1583722.759,851718.349,2026,2011,liability,A,C,C,33.3516,-84.9996,mitsubishi_corp;itochu,https://www.gem.wiki/Tenaska_Georgia_generation_facility
G100000402354,L100000401624,US,Tenaska Georgia generation facility,GTG6,gas,natural_gas,gas turbine,operating,183.0,2002,2031,30,default,0.3753,country_implied,0.3406,0.3909,10.0,default,56100.0,ipcc_default,561.0,no,0.0,0.0,S1,30,0,10125532.59,8627183.48,1498349.117,766344.707,2026,2011,liability,A,C,C,33.3516,-84.9996,mitsubishi_corp;itochu,https://www.gem.wiki/Tenaska_Georgia_generation_facility
G100000402354,L100000401624,US,Tenaska Georgia generation facility,GTG6,gas,natural_gas,gas turbine,operating,183.0,2002,2031,30,default,0.3753,country_implied,0.3406,0.3909,10.0,default,56100.0,ipcc_default,561.0,no,0.0,0.0,S2,30,0,10125532.59,8541809.838,1583722.759,851718.349,2026,2011,liability,A,C,C,33.3516,-84.9996,mitsubishi_corp;itochu,https://www.gem.wiki/Tenaska_Georgia_generation_facility
G100000401866,L100000401621,US,Tenaska Lindsay Hill generating station,STG1,gas,natural_gas,combined cycle,operating,939.0,2002,2031,30,default,0.3753,country_implied,0.3406,0.3909,6.5455,default,56100.0,ipcc_default,367.2,no,0.0,0.0,S1,30,0,34007302.95,44267351.301,-10260048.366,342568.009,2026,2027,contribution,A,C,C,32.6514,-86.7386,mitsubishi_corp,https://www.gem.wiki/Tenaska_Lindsay_Hill_generating_station
G100000401866,L100000401621,US,Tenaska Lindsay Hill generating station,STG1,gas,natural_gas,combined cycle,operating,939.0,2002,2031,30,default,0.3753,country_implied,0.3406,0.3909,6.5455,default,56100.0,ipcc_default,367.2,no,0.0,0.0,S2,30,0,34007302.95,43829286.549,-9821983.614,780632.761,2026,2026,contribution,A,C,C,32.6514,-86.7386,mitsubishi_corp,https://www.gem.wiki/Tenaska_Lindsay_Hill_generating_station
G100000401922,L100000401626,US,Tenaska Virginia generating station,STG1,gas,natural_gas,combined cycle,operating,1011.0,2004,2033,30,default,0.3753,country_implied,0.3406,0.3909,6.5455,default,56100.0,ipcc_default,367.2,no,0.0,0.0,S1,30,0,36614891.67,45718629.73,-9103738.07,741034.42,2026,2027,contribution,A,C,C,37.8667,-78.3813,itochu;jpower,https://www.gem.wiki/Tenaska_Virginia_generating_station
G100000401922,L100000401626,US,Tenaska Virginia generating station,STG1,gas,natural_gas,combined cycle,operating,1011.0,2004,2033,30,default,0.3753,country_implied,0.3406,0.3909,6.5455,default,56100.0,ipcc_default,367.2,no,0.0,0.0,S2,30,0,36614891.67,44949415.869,-8334524.209,1510248.281,2026,2026,contribution,A,C,C,37.8667,-78.3813,itochu;jpower,https://www.gem.wiki/Tenaska_Virginia_generating_station
G100000402097,L100000401625,US,Tenaska Westmoreland generating station,STG1,gas,natural_gas,combined cycle,operating,1134.0,2018,2047,30,default,0.3753,country_implied,0.3406,0.3909,6.5455,default,56100.0,ipcc_default,367.2,no,0.0,0.0,S1,30,0,41069522.4,35505195.633,5564326.763,6949081.002,2026,2027,liability,A,C,C,40.175249,-79.69667,mitsubishi_corp;jpower,https://www.gem.wiki/Tenaska_Westmoreland_generating_station
G100000402097,L100000401625,US,Tenaska Westmoreland generating station,STG1,gas,natural_gas,combined cycle,operating,1134.0,2018,2047,30,default,0.3753,country_implied,0.3406,0.3909,6.5455,default,56100.0,ipcc_default,367.2,no,0.0,0.0,S2,30,0,41069522.4,31179512.398,9890009.996,11274764.235,2026,2026,liability,A,C,C,40.175249,-79.69667,mitsubishi_corp;jpower,https://www.gem.wiki/Tenaska_Westmoreland_generating_station
G100000413022,L100000408878,US,Trumbull Energy Center power station,CC1,gas,natural_gas,combined cycle,operating,940.0,2025,2054,30,default,0.3753,country_implied,0.3406,0.3909,6.5455,default,56100.0,ipcc_default,367.2,no,0.0,0.0,S1,30,0,34043519.46,24396373.15,9647146.292,9700300.662,2026,2027,liability,A,C,C,41.15018,-80.85367,kepco;kospo,https://www.gem.wiki/Trumbull_Energy_Center_power_station
G100000413022,L100000408878,US,Trumbull Energy Center power station,CC1,gas,natural_gas,combined cycle,operating,940.0,2025,2054,30,default,0.3753,country_implied,0.3406,0.3909,6.5455,default,56100.0,ipcc_default,367.2,no,0.0,0.0,S2,30,0,34043519.46,19149998.252,14893521.193,14946675.563,2026,2026,liability,A,C,C,41.15018,-80.85367,kepco;kospo,https://www.gem.wiki/Trumbull_Energy_Center_power_station
G100000805270,L100000804585,US,Ventress Solar,--,solar,,PV,operating,300.0,2024,2048,25,default,0.2098,country_implied,0.1949,0.2098,,not_applicable,,not_applicable,0.0,no,0.0,0.0,S1,25,0,0.0,3960770.337,-3960770.337,-3537230.914,2026,,contribution,A,B,B,30.6679,-91.3917,jera,https://www.gem.wiki/Ventress_Solar
G100000805270,L100000804585,US,Ventress Solar,--,solar,,PV,operating,300.0,2024,2048,25,default,0.2098,country_implied,0.1949,0.2098,,not_applicable,,not_applicable,0.0,no,0.0,0.0,S2,25,0,0.0,3279006.286,-3279006.286,-2855466.863,2026,,contribution,A,B,B,30.6679,-91.3917,jera,https://www.gem.wiki/Ventress_Solar
G100000805131,L100000804464,US,Waianae Solar Project,--,solar,,PV,operating,28.3,2017,2041,25,default,0.2098,country_implied,0.1949,0.2098,,not_applicable,,not_applicable,0.0,no,0.0,0.0,S1,25,0,0.0,450391.186,-450391.186,-253890.657,2026,,contribution,A,B,B,21.452,-158.1879,toyota_tsusho,https://www.gem.wiki/Waianae_Solar_Project
G100000805131,L100000804464,US,Waianae Solar Project,--,solar,,PV,operating,28.3,2017,2041,25,default,0.2098,country_implied,0.1949,0.2098,,not_applicable,,not_applicable,0.0,no,0.0,0.0,S2,25,0,0.0,412991.292,-412991.292,-216490.763,2026,,contribution,A,B,B,21.452,-158.1879,toyota_tsusho,https://www.gem.wiki/Waianae_Solar_Project
G100000402036,L100000402367,US,West Deptford Energy Station,700,gas,natural_gas,combined cycle,operating,755.0,2014,2043,30,default,0.3753,country_implied,0.3406,0.3909,6.5455,default,56100.0,ipcc_default,367.2,no,0.0,0.0,S1,30,0,27343465.08,26426979.949,916485.135,3123894.081,2026,2027,liability,A,C,C,39.8414,-75.2214,sumitomo_corp,https://www.gem.wiki/West_Deptford_Energy_Station
G100000402036,L100000402367,US,West Deptford Energy Station,700,gas,natural_gas,combined cycle,operating,755.0,2014,2043,30,default,0.3753,country_implied,0.3406,0.3909,6.5455,default,56100.0,ipcc_default,367.2,no,0.0,0.0,S2,30,0,27343465.08,24287615.176,3055849.908,5263258.854,2026,2026,liability,A,C,C,39.8414,-75.2214,sumitomo_corp,https://www.gem.wiki/West_Deptford_Energy_Station
G100000402051,L100000402387,US,Woodbridge energy center,CC1,gas,natural_gas,combined cycle,operating,773.0,2015,2044,30,default,0.3753,country_implied,0.3406,0.3909,6.5455,default,56100.0,ipcc_default,367.2,no,0.0,0.0,S1,30,0,27995362.26,26283562.256,1711800.011,3559605.739,2026,2027,liability,A,C,C,40.515,-74.31889,toyota_tsusho;osaka_gas,https://www.gem.wiki/Woodbridge_energy_center
G100000402051,L100000402387,US,Woodbridge energy center,CC1,gas,natural_gas,combined cycle,operating,773.0,2015,2044,30,default,0.3753,country_implied,0.3406,0.3909,6.5455,default,56100.0,ipcc_default,367.2,no,0.0,0.0,S2,30,0,27995362.26,23906978.114,4088384.155,5936189.883,2026,2026,liability,A,C,C,40.515,-74.31889,toyota_tsusho;osaka_gas,https://www.gem.wiki/Woodbridge_energy_center
G100000927614,L100000922142,UZ,Kungrad (ACWA Power) wind farm,1,wind,,Onshore,pre-construction,500.0,2027,2051,25,default,0.2767,country_implied,0.2767,0.4338,,not_applicable,,not_applicable,0.0,no,0.0,0.0,S1,25,0,0.0,27327437.49,-27327437.49,-27327437.49,2026,,contribution,A,B,B,43.7227,57.0599,sumitomo_corp,https://www.gem.wiki/Kungrad_wind_farm
G100000927615,L100000922142,UZ,Kungrad (ACWA Power) wind farm,2,wind,,Onshore,pre-construction,500.0,2027,2051,25,default,0.2767,country_implied,0.2767,0.4338,,not_applicable,,not_applicable,0.0,no,0.0,0.0,S1,25,0,0.0,27327437.49,-27327437.49,-27327437.49,2026,,contribution,A,B,B,43.7227,57.0599,sumitomo_corp,https://www.gem.wiki/Kungrad_wind_farm
G100000927616,L100000922142,UZ,Kungrad (ACWA Power) wind farm,3,wind,,Onshore,pre-construction,500.0,2027,2051,25,default,0.2767,country_implied,0.2767,0.4338,,not_applicable,,not_applicable,0.0,no,0.0,0.0,S1,25,0,0.0,27327437.49,-27327437.49,-27327437.49,2026,,contribution,A,B,B,43.7227,57.0599,sumitomo_corp,https://www.gem.wiki/Kungrad_wind_farm
G100000407423,L100000406884,UZ,Sirdaryo II power station,1,gas,natural_gas,combined cycle,construction,1573.0,2026,2055,30,default,0.494,country_implied,0.4863,0.5805,6.5455,default,56100.0,ipcc_default,367.2,no,0.0,0.0,S1,30,0,74986607.34,182248679.132,-107262071.798,-107262071.798,2026,,contribution,A,C,C,40.242115,69.10543,sojitz;kyushu,https://www.gem.wiki/Sirdaryo_II_power_station
G100000800994,L100000800861,VN,Cam An Bac Kn solar farm,--,solar,,PV,operating,50.0,2019,2043,25,default,0.1368,country_implied,0.1368,0.1792,,not_applicable,,not_applicable,0.0,no,0.0,0.0,S1,25,0,0.0,680519.128,-680519.128,-477380.773,2026,,contribution,A,B,B,11.9927,109.0829,hanwha_energy,https://www.gem.wiki/Cam_An_Bac_Kn_solar_farm
G100000800994,L100000800861,VN,Cam An Bac Kn solar farm,--,solar,,PV,operating,50.0,2019,2043,25,default,0.1368,country_implied,0.1368,0.1792,,not_applicable,,not_applicable,0.0,no,0.0,0.0,S2,25,0,0.0,680519.128,-680519.128,-477380.773,2026,,contribution,A,B,B,11.9927,109.0829,hanwha_energy,https://www.gem.wiki/Cam_An_Bac_Kn_solar_farm
G100000800995,L100000800862,VN,Cam An Bac Vn solar farm,--,solar,,PV,operating,45.0,2019,2043,25,default,0.1368,country_implied,0.1368,0.1792,,not_applicable,,not_applicable,0.0,no,0.0,0.0,S1,25,0,0.0,612467.218,-612467.218,-429642.698,2026,,contribution,A,B,B,11.992,109.085,hanwha_energy,https://www.gem.wiki/Cam_An_Bac_Vn_solar_farm
G100000800995,L100000800862,VN,Cam An Bac Vn solar farm,--,solar,,PV,operating,45.0,2019,2043,25,default,0.1368,country_implied,0.1368,0.1792,,not_applicable,,not_applicable,0.0,no,0.0,0.0,S2,25,0,0.0,612467.218,-612467.218,-429642.698,2026,,contribution,A,B,B,11.992,109.085,hanwha_energy,https://www.gem.wiki/Cam_An_Bac_Vn_solar_farm
G100000927505,L100000922059,VN,Cần Giờ offshore wind farm,1,wind,,Offshore mount unknown,announced,3000.0,2036,2060,25,default,0.2629,country_implied,0.0925,0.2629,,not_applicable,,not_applicable,0.0,no,0.0,0.0,S1,25,0,0.0,72208776.164,-72208776.164,-72208776.164,2026,,contribution,A,B,B,10.3448,106.9272,tokyo_gas,https://www.gem.wiki/Cần_Giờ_offshore_wind_farm
G100000927505,L100000922059,VN,Cần Giờ offshore wind farm,1,wind,,Offshore mount unknown,announced,3000.0,2036,2060,25,default,0.2629,country_implied,0.0925,0.2629,,not_applicable,,not_applicable,0.0,no,0.0,0.0,S2,25,0,0.0,72208776.164,-72208776.164,-72208776.164,2026,,contribution,A,B,B,10.3448,106.9272,tokyo_gas,https://www.gem.wiki/Cần_Giờ_offshore_wind_farm
G100000927506,L100000922059,VN,Cần Giờ offshore wind farm,2,wind,,Offshore mount unknown,announced,3000.0,2036,2060,25,default,0.2629,country_implied,0.0925,0.2629,,not_applicable,,not_applicable,0.0,no,0.0,0.0,S1,25,0,0.0,72208776.164,-72208776.164,-72208776.164,2026,,contribution,A,B,B,10.3448,106.9272,tokyo_gas,https://www.gem.wiki/Cần_Giờ_offshore_wind_farm
G100000927506,L100000922059,VN,Cần Giờ offshore wind farm,2,wind,,Offshore mount unknown,announced,3000.0,2036,2060,25,default,0.2629,country_implied,0.0925,0.2629,,not_applicable,,not_applicable,0.0,no,0.0,0.0,S2,25,0,0.0,72208776.164,-72208776.164,-72208776.164,2026,,contribution,A,B,B,10.3448,106.9272,tokyo_gas,https://www.gem.wiki/Cần_Giờ_offshore_wind_farm
G100001090017,L100001080172,VN,Dak Di 1 hydroelectric plant,,hydro,,run-of-river,operating,30.0,2022,2081,60,default,0.4734,country_implied,0.4015,0.486,,not_applicable,,not_applicable,0.0,no,0.0,0.0,S1,60,0,0.0,3078725.56,-3078725.56,-2850700.327,2026,,contribution,A,B,B,15.0389,108.1069,sumitomo_corp,https://www.gem.wiki/Dak_Di_1_hydroelectric_plant
G100001090017,L100001080172,VN,Dak Di 1 hydroelectric plant,,hydro,,run-of-river,operating,30.0,2022,2081,60,default,0.4734,country_implied,0.4015,0.486,,not_applicable,,not_applicable,0.0,no,0.0,0.0,S2,60,0,0.0,3078725.56,-3078725.56,-2850700.327,2026,,contribution,A,B,B,15.0389,108.1069,sumitomo_corp,https://www.gem.wiki/Dak_Di_1_hydroelectric_plant
G100000405995,L100000405976,VN,Hai Lang power station,1-1,gas,natural_gas,combined cycle,pre-construction,1500.0,2029,2058,30,default,0.2423,country_implied,0.2423,0.4453,6.5455,default,56100.0,ipcc_default,367.2,no,0.0,0.0,S1,30,0,35072983.14,40709200.083,-5636216.932,-5636216.932,2026,,contribution,A,C,C,16.994429,107.115361,kepco;kospo;hanwha_energy,https://www.gem.wiki/Hai_Lang_power_station
G100000405995,L100000405976,VN,Hai Lang power station,1-1,gas,natural_gas,combined cycle,pre-construction,1500.0,2029,2058,30,default,0.2423,country_implied,0.2423,0.4453,6.5455,default,56100.0,ipcc_default,367.2,no,0.0,0.0,S2,30,0,35072983.14,40709200.083,-5636216.932,-5636216.932,2026,,contribution,A,C,C,16.994429,107.115361,kepco;kospo;hanwha_energy,https://www.gem.wiki/Hai_Lang_power_station
G100000411109,L100000407815,VN,LNG Nghi Son power station,1,gas,natural_gas,combined cycle,pre-construction,750.0,2031,2060,30,default,0.2423,country_implied,0.2423,0.4453,6.5455,default,56100.0,ipcc_default,367.2,no,0.0,0.0,S1,30,0,17536491.57,20182465.431,-2645973.856,-2645973.856,2026,,contribution,A,C,C,19.437793,105.768091,jera,https://www.gem.wiki/LNG_Nghi_Son_power_station
G100000411109,L100000407815,VN,LNG Nghi Son power station,1,gas,natural_gas,combined cycle,pre-construction,750.0,2031,2060,30,default,0.2423,country_implied,0.2423,0.4453,6.5455,default,56100.0,ipcc_default,367.2,no,0.0,0.0,S2,30,0,17536491.57,20182465.431,-2645973.856,-2645973.856,2026,,contribution,A,C,C,19.437793,105.768091,jera,https://www.gem.wiki/LNG_Nghi_Son_power_station
G100000106995,L100000104335,VN,Mong Duong power station,Phase 2 Unit 1,coal,anthracite,subcritical,operating,620.0,2015,2054,40,default,0.6145,country_implied,0.4862,0.6445,10.2857,default,98300.0,ipcc_default,1011.086,no,0.0,0.0,S1,40,0,134978826.6,59477207.443,75501619.171,55992481.47,2026,2015,liability,A,C,C,21.07324,107.34847,posco_international,https://www.gem.wiki/Mong_Duong_power_station
G100000106995,L100000104335,VN,Mong Duong power station,Phase 2 Unit 1,coal,anthracite,subcritical,operating,620.0,2015,2054,40,default,0.6145,country_implied,0.4862,0.6445,10.2857,default,98300.0,ipcc_default,1011.086,no,0.0,0.0,S2,40,0,134978826.6,59477207.443,75501619.171,55992481.47,2026,2015,liability,A,C,C,21.07324,107.34847,posco_international,https://www.gem.wiki/Mong_Duong_power_station
G100000106996,L100000104335,VN,Mong Duong power station,Phase 2 Unit 2,coal,anthracite,subcritical,operating,620.0,2015,2054,40,default,0.6145,country_implied,0.4862,0.6445,10.2857,default,98300.0,ipcc_default,1011.086,no,0.0,0.0,S1,40,0,134978826.6,59477207.443,75501619.171,55992481.47,2026,2015,liability,A,C,C,21.07324,107.34847,posco_international,https://www.gem.wiki/Mong_Duong_power_station
G100000106996,L100000104335,VN,Mong Duong power station,Phase 2 Unit 2,coal,anthracite,subcritical,operating,620.0,2015,2054,40,default,0.6145,country_implied,0.4862,0.6445,10.2857,default,98300.0,ipcc_default,1011.086,no,0.0,0.0,S2,40,0,134978826.6,59477207.443,75501619.171,55992481.47,2026,2015,liability,A,C,C,21.07324,107.34847,posco_international,https://www.gem.wiki/Mong_Duong_power_station
G100000107410,L100000104345,VN,Nghi Son coal power station,Phase 1 Unit 1,coal,anthracite,subcritical,operating,300.0,2013,2052,40,default,0.6145,country_implied,0.4862,0.6445,10.2857,default,98300.0,ipcc_default,1011.086,no,0.0,0.0,S1,40,0,65312335.48,28708336.569,36603998.89,25145975.515,2026,2013,liability,A,C,C,19.31581,105.80026,,https://www.gem.wiki/Nghi_Son_coal_power_station
G100000107410,L100000104345,VN,Nghi Son coal power station,Phase 1 Unit 1,coal,anthracite,subcritical,operating,300.0,2013,2052,40,default,0.6145,country_implied,0.4862,0.6445,10.2857,default,98300.0,ipcc_default,1011.086,no,0.0,0.0,S2,40,0,65312335.48,28708336.569,36603998.89,25145975.515,2026,2013,liability,A,C,C,19.31581,105.80026,,https://www.gem.wiki/Nghi_Son_coal_power_station
G100000107411,L100000104345,VN,Nghi Son coal power station,Phase 1 Unit 2,coal,anthracite,subcritical,operating,300.0,2014,2053,40,default,0.6145,country_implied,0.4862,0.6445,10.2857,default,98300.0,ipcc_default,1011.086,no,0.0,0.0,S1,40,0,65312335.48,28769252.761,36543082.698,26118156.217,2026,2014,liability,A,C,C,19.31581,105.80026,,https://www.gem.wiki/Nghi_Son_coal_power_station
G100000107411,L100000104345,VN,Nghi Son coal power station,Phase 1 Unit 2,coal,anthracite,subcritical,operating,300.0,2014,2053,40,default,0.6145,country_implied,0.4862,0.6445,10.2857,default,98300.0,ipcc_default,1011.086,no,0.0,0.0,S2,40,0,65312335.48,28769252.761,36543082.698,26118156.217,2026,2014,liability,A,C,C,19.31581,105.80026,,https://www.gem.wiki/Nghi_Son_coal_power_station
G100000107412,L100000104345,VN,Nghi Son coal power station,Phase 2 Unit 1,coal,bituminous,supercritical,operating,660.0,2022,2061,40,default,0.6145,country_implied,0.4862,0.6445,9.2308,default,94600.0,ipcc_default,873.231,no,0.0,0.0,S1,40,0,124096333.56,61040345.278,63055988.28,57158127.469,2026,2022,liability,A,C,C,19.31581,105.80026,kepco;marubeni;tohoku,https://www.gem.wiki/Nghi_Son_coal_power_station
G100000107412,L100000104345,VN,Nghi Son coal power station,Phase 2 Unit 1,coal,bituminous,supercritical,operating,660.0,2022,2061,40,default,0.6145,country_implied,0.4862,0.6445,9.2308,default,94600.0,ipcc_default,873.231,no,0.0,0.0,S2,40,0,124096333.56,61040345.278,63055988.28,57158127.469,2026,2022,liability,A,C,C,19.31581,105.80026,kepco;marubeni;tohoku,https://www.gem.wiki/Nghi_Son_coal_power_station
G100000107413,L100000104345,VN,Nghi Son coal power station,Phase 2 Unit 2,coal,bituminous,supercritical,operating,660.0,2022,2061,40,default,0.6145,country_implied,0.4862,0.6445,9.2308,default,94600.0,ipcc_default,873.231,no,0.0,0.0,S1,40,0,124096333.56,61040345.278,63055988.28,57158127.469,2026,2022,liability,A,C,C,19.31581,105.80026,kepco;marubeni;tohoku,https://www.gem.wiki/Nghi_Son_coal_power_station
G100000107413,L100000104345,VN,Nghi Son coal power station,Phase 2 Unit 2,coal,bituminous,supercritical,operating,660.0,2022,2061,40,default,0.6145,country_implied,0.4862,0.6445,9.2308,default,94600.0,ipcc_default,873.231,no,0.0,0.0,S2,40,0,124096333.56,61040345.278,63055988.28,57158127.469,2026,2022,liability,A,C,C,19.31581,105.80026,kepco;marubeni;tohoku,https://www.gem.wiki/Nghi_Son_coal_power_station
G100000401318,L100000405444,VN,O Mon Power Complex,2,gas,natural_gas,combined cycle,pre-construction,1050.0,2028,2057,30,default,0.2423,country_implied,0.2423,0.4453,6.5455,default,56100.0,ipcc_default,367.2,no,0.0,0.0,S1,30,0,24551088.21,28617703.846,-4066615.642,-4066615.642,2026,,contribution,A,C,C,10.134916,105.669325,marubeni,https://www.gem.wiki/O_Mon_Power_Complex
G100000401318,L100000405444,VN,O Mon Power Complex,2,gas,natural_gas,combined cycle,pre-construction,1050.0,2028,2057,30,default,0.2423,country_implied,0.2423,0.4453,6.5455,default,56100.0,ipcc_default,367.2,no,0.0,0.0,S2,30,0,24551088.21,28617703.846,-4066615.642,-4066615.642,2026,,contribution,A,C,C,10.134916,105.669325,marubeni,https://www.gem.wiki/O_Mon_Power_Complex
G100000406001,L100000405979,VN,Quang Ninh Combined Cycle power station,1,gas,natural_gas,combined cycle,pre-construction,1500.0,2027,2056,30,default,0.2423,country_implied,0.2423,0.4453,6.5455,default,56100.0,ipcc_default,367.2,no,0.0,0.0,S1,30,0,35072983.14,41056405.105,-5983421.953,-5983421.953,2026,,contribution,A,C,C,21.004545,107.35511,marubeni;tokyo_gas,https://www.gem.wiki/Quang_Ninh_Combined_Cycle_power_station
G100000406001,L100000405979,VN,Quang Ninh Combined Cycle power station,1,gas,natural_gas,combined cycle,pre-construction,1500.0,2027,2056,30,default,0.2423,country_implied,0.2423,0.4453,6.5455,default,56100.0,ipcc_default,367.2,no,0.0,0.0,S2,30,0,35072983.14,41056405.105,-5983421.953,-5983421.953,2026,,contribution,A,C,C,21.004545,107.35511,marubeni;tokyo_gas,https://www.gem.wiki/Quang_Ninh_Combined_Cycle_power_station
G100000404544,L100000405451,VN,Son My I power station,1,gas,natural_gas,combined cycle,pre-construction,2250.0,2028,2057,30,default,0.2423,country_implied,0.2423,0.4453,6.5455,default,56100.0,ipcc_default,367.2,no,0.0,0.0,S1,30,0,52609474.74,61323651.1,-8714176.373,-8714176.373,2026,,contribution,A,C,C,10.65008,107.68464,sojitz;kyushu,https://www.gem.wiki/Son_My_I_power_station
G100000404544,L100000405451,VN,Son My I power station,1,gas,natural_gas,combined cycle,pre-construction,2250.0,2028,2057,30,default,0.2423,country_implied,0.2423,0.4453,6.5455,default,56100.0,ipcc_default,367.2,no,0.0,0.0,S2,30,0,52609474.74,61323651.1,-8714176.373,-8714176.373,2026,,contribution,A,C,C,10.65008,107.68464,sojitz;kyushu,https://www.gem.wiki/Son_My_I_power_station
G100000109514,L100000104315,VN,Song Hau Thermal Power Plant,Unit 1-1,coal,bituminous,supercritical,operating,600.0,2021,2060,40,default,0.6145,country_implied,0.4862,0.6445,9.2308,default,94600.0,ipcc_default,873.231,no,0.0,0.0,S1,40,0,112814848.68,55748452.636,57066396.053,50418687.679,2026,2021,liability,A,C,C,9.95266,105.86071,,https://www.gem.wiki/Song_Hau_Thermal_Power_Plant
G100000109514,L100000104315,VN,Song Hau Thermal Power Plant,Unit 1-1,coal,bituminous,supercritical,operating,600.0,2021,2060,40,default,0.6145,country_implied,0.4862,0.6445,9.2308,default,94600.0,ipcc_default,873.231,no,0.0,0.0,S2,40,0,112814848.68,55748452.636,57066396.053,50418687.679,2026,2021,liability,A,C,C,9.95266,105.86071,,https://www.gem.wiki/Song_Hau_Thermal_Power_Plant
G100000109515,L100000104315,VN,Song Hau Thermal Power Plant,Unit 1-2,coal,bituminous,supercritical,operating,600.0,2022,2061,40,default,0.6145,country_implied,0.4862,0.6445,9.2308,default,94600.0,ipcc_default,873.231,no,0.0,0.0,S1,40,0,112814848.68,55491222.979,57323625.709,51961934.064,2026,2022,liability,A,C,C,9.95266,105.86071,,https://www.gem.wiki/Song_Hau_Thermal_Power_Plant
G100000109515,L100000104315,VN,Song Hau Thermal Power Plant,Unit 1-2,coal,bituminous,supercritical,operating,600.0,2022,2061,40,default,0.6145,country_implied,0.4862,0.6445,9.2308,default,94600.0,ipcc_default,873.231,no,0.0,0.0,S2,40,0,112814848.68,55491222.979,57323625.709,51961934.064,2026,2022,liability,A,C,C,9.95266,105.86071,,https://www.gem.wiki/Song_Hau_Thermal_Power_Plant
G100000801689,L100000801470,VN,Thanh Hóa (BCG) solar farm,--,solar,,PV,operating,100.0,2019,2043,25,default,0.1368,country_implied,0.1368,0.1792,,not_applicable,,not_applicable,0.0,no,0.0,0.0,S1,25,0,0.0,1361038.257,-1361038.257,-954761.546,2026,,contribution,A,B,B,10.917,106.258,hanwha_energy,https://www.gem.wiki/Thanh_Hóa_(BCG)_solar_farm
G100000801689,L100000801470,VN,Thanh Hóa (BCG) solar farm,--,solar,,PV,operating,100.0,2019,2043,25,default,0.1368,country_implied,0.1368,0.1792,,not_applicable,,not_applicable,0.0,no,0.0,0.0,S2,25,0,0.0,1361038.257,-1361038.257,-954761.546,2026,,contribution,A,B,B,10.917,106.258,hanwha_energy,https://www.gem.wiki/Thanh_Hóa_(BCG)_solar_farm
G100000110552,L100000104316,VN,Van Phong power station,Phase 1 Unit 1,coal,bituminous,supercritical,operating,716.0,2023,2062,40,default,0.6145,country_implied,0.4862,0.6445,9.2308,default,94600.0,ipcc_default,873.231,no,0.0,0.0,S1,40,0,134625719.44,66136013.136,68489706.299,63855973.118,2026,2023,liability,A,C,C,12.47704,109.29244,sumitomo_corp,https://www.gem.wiki/Van_Phong_power_station
G100000110552,L100000104316,VN,Van Phong power station,Phase 1 Unit 1,coal,bituminous,supercritical,operating,716.0,2023,2062,40,default,0.6145,country_implied,0.4862,0.6445,9.2308,default,94600.0,ipcc_default,873.231,no,0.0,0.0,S2,40,0,134625719.44,66136013.136,68489706.299,63855973.118,2026,2023,liability,A,C,C,12.47704,109.29244,sumitomo_corp,https://www.gem.wiki/Van_Phong_power_station
G100000110553,L100000104316,VN,Van Phong power station,Phase 1 Unit 2,coal,bituminous,supercritical,operating,716.0,2024,2063,40,default,0.6145,country_implied,0.4862,0.6445,9.2308,default,94600.0,ipcc_default,873.231,no,0.0,0.0,S1,40,0,134625719.44,65826416.497,68799302.938,65710468.671,2026,2024,liability,A,C,C,12.47704,109.29244,sumitomo_corp,https://www.gem.wiki/Van_Phong_power_station
G100000110553,L100000104316,VN,Van Phong power station,Phase 1 Unit 2,coal,bituminous,supercritical,operating,716.0,2024,2063,40,default,0.6145,country_implied,0.4862,0.6445,9.2308,default,94600.0,ipcc_default,873.231,no,0.0,0.0,S2,40,0,134625719.44,65826416.497,68799302.938,65710468.671,2026,2024,liability,A,C,C,12.47704,109.29244,sumitomo_corp,https://www.gem.wiki/Van_Phong_power_station
G100000110618,L100000104306,VN,Vinh Tan power station,Phase 4 extension,coal,bituminous,ultra-supercritical,operating,600.0,2019,2058,40,default,0.6145,country_implied,0.4862,0.6445,8.3721,default,94600.0,ipcc_default,792.0,no,0.0,0.0,S1,40,0,102320444.16,56673598.048,45646846.112,38690638.518,2026,2019,liability,A,C,C,11.317,108.808,,https://www.gem.wiki/Vinh_Tan_power_station
G100000110618,L100000104306,VN,Vinh Tan power station,Phase 4 extension,coal,bituminous,ultra-supercritical,operating,600.0,2019,2058,40,default,0.6145,country_implied,0.4862,0.6445,8.3721,default,94600.0,ipcc_default,792.0,no,0.0,0.0,S2,40,0,102320444.16,56673598.048,45646846.112,38690638.518,2026,2019,liability,A,C,C,11.317,108.808,,https://www.gem.wiki/Vinh_Tan_power_station
G100000110619,L100000104306,VN,Vinh Tan power station,Phase 4 Unit 1,coal,bituminous,supercritical,operating,600.0,2017,2056,40,default,0.6145,country_implied,0.4862,0.6445,9.2308,default,94600.0,ipcc_default,873.231,no,0.0,0.0,S1,40,0,112814848.68,57031174.733,55783673.957,44300281.118,2026,2017,liability,A,C,C,11.317,108.808,,https://www.gem.wiki/Vinh_Tan_power_station
G100000110619,L100000104306,VN,Vinh Tan power station,Phase 4 Unit 1,coal,bituminous,supercritical,operating,600.0,2017,2056,40,default,0.6145,country_implied,0.4862,0.6445,9.2308,default,94600.0,ipcc_default,873.231,no,0.0,0.0,S2,40,0,112814848.68,57031174.733,55783673.957,44300281.118,2026,2017,liability,A,C,C,11.317,108.808,,https://www.gem.wiki/Vinh_Tan_power_station
G100000110620,L100000104306,VN,Vinh Tan power station,Phase 4 Unit 2,coal,bituminous,supercritical,operating,600.0,2018,2057,40,default,0.6145,country_implied,0.4862,0.6445,9.2308,default,94600.0,ipcc_default,873.231,no,0.0,0.0,S1,40,0,112814848.68,56939679.004,55875169.686,45821649.402,2026,2018,liability,A,C,C,11.317,108.808,,https://www.gem.wiki/Vinh_Tan_power_station
G100000110620,L100000104306,VN,Vinh Tan power station,Phase 4 Unit 2,coal,bituminous,supercritical,operating,600.0,2018,2057,40,default,0.6145,country_implied,0.4862,0.6445,9.2308,default,94600.0,ipcc_default,873.231,no,0.0,0.0,S2,40,0,112814848.68,56939679.004,55875169.686,45821649.402,2026,2018,liability,A,C,C,11.317,108.808,,https://www.gem.wiki/Vinh_Tan_power_station
G100000110670,L100000104310,VN,Vung Ang power station,Phase 2 Unit 1,coal,bituminous,ultra-supercritical,operating,660.0,2025,2064,40,default,0.6145,country_implied,0.4862,0.6445,8.3721,default,94600.0,ipcc_default,792.0,no,0.0,0.0,S1,40,0,112552488.56,60344347.406,52208141.176,51031207.373,2026,2025,liability,A,C,C,18.09792,106.38123,,https://www.gem.wiki/Vung_Ang_power_station
G100000110670,L100000104310,VN,Vung Ang power station,Phase 2 Unit 1,coal,bituminous,ultra-supercritical,operating,660.0,2025,2064,40,default,0.6145,country_implied,0.4862,0.6445,8.3721,default,94600.0,ipcc_default,792.0,no,0.0,0.0,S2,40,0,112552488.56,60344347.406,52208141.176,51031207.373,2026,2025,liability,A,C,C,18.09792,106.38123,,https://www.gem.wiki/Vung_Ang_power_station
G100000110671,L100000104310,VN,Vung Ang power station,Phase 2 Unit 2,coal,bituminous,ultra-supercritical,operating,660.0,2026,2065,40,default,0.6145,country_implied,0.4862,0.6445,8.3721,default,94600.0,ipcc_default,792.0,no,0.0,0.0,S1,40,0,112552488.56,60088646.129,52463842.453,52463842.453,2026,2026,liability,A,C,C,18.09792,106.38123,,https://www.gem.wiki/Vung_Ang_power_station
G100000110671,L100000104310,VN,Vung Ang power station,Phase 2 Unit 2,coal,bituminous,ultra-supercritical,operating,660.0,2026,2065,40,default,0.6145,country_implied,0.4862,0.6445,8.3721,default,94600.0,ipcc_default,792.0,no,0.0,0.0,S2,40,0,112552488.56,60088646.129,52463842.453,52463842.453,2026,2026,liability,A,C,C,18.09792,106.38123,,https://www.gem.wiki/Vung_Ang_power_station
G100000408644,L100000104310,VN,Vung Ang power station,3-CC1,gas,natural_gas,unknown,pre-construction,1500.0,2035,2064,30,default,0.2423,country_implied,0.2423,0.4453,7.2,default,56100.0,ipcc_default,403.92,no,0.0,0.0,S1,30,0,38580281.46,39685102.723,-1104821.256,-1104821.256,2026,2056,contribution,A,C,C,18.09792,106.38123,kepco,https://www.gem.wiki/Vung_Ang_power_station
G100000408644,L100000104310,VN,Vung Ang power station,3-CC1,gas,natural_gas,unknown,pre-construction,1500.0,2035,2064,30,default,0.2423,country_implied,0.2423,0.4453,7.2,default,56100.0,ipcc_default,403.92,no,0.0,0.0,S2,30,0,38580281.46,39685102.723,-1104821.256,-1104821.256,2026,2056,contribution,A,C,C,18.09792,106.38123,kepco,https://www.gem.wiki/Vung_Ang_power_station
G100000408559,L100000407110,ZA,Avon power station,1,gas,natural_gas,gas turbine,operating,167.5,2016,2045,30,default,0.7257,country_implied,0.3629,0.7257,10.0,default,56100.0,ipcc_default,561.0,no,0.0,0.0,S1,30,0,17920914.03,21090180.296,-3169266.263,-1207889.838,2026,2044,contribution,A,C,C,-29.418913,31.157693,mitsui,https://www.gem.wiki/Avon_power_station
G100000408559,L100000407110,ZA,Avon power station,1,gas,natural_gas,gas turbine,operating,167.5,2016,2045,30,default,0.7257,country_implied,0.3629,0.7257,10.0,default,56100.0,ipcc_default,561.0,no,0.0,0.0,S2,30,0,17920914.03,18299225.7,-378311.665,1583064.76,2026,2032,contribution,A,C,C,-29.418913,31.157693,mitsui,https://www.gem.wiki/Avon_power_station
G100000414449,L100000407110,ZA,Avon power station,4,gas,natural_gas,gas turbine,operating,167.5,2016,2045,30,default,0.7257,country_implied,0.3629,0.7257,10.0,default,56100.0,ipcc_default,561.0,no,0.0,0.0,S1,30,0,17920914.03,21090180.296,-3169266.263,-1207889.838,2026,2044,contribution,A,C,C,-29.418913,31.157693,mitsui,https://www.gem.wiki/Avon_power_station
G100000414449,L100000407110,ZA,Avon power station,4,gas,natural_gas,gas turbine,operating,167.5,2016,2045,30,default,0.7257,country_implied,0.3629,0.7257,10.0,default,56100.0,ipcc_default,561.0,no,0.0,0.0,S2,30,0,17920914.03,18299225.7,-378311.665,1583064.76,2026,2032,contribution,A,C,C,-29.418913,31.157693,mitsui,https://www.gem.wiki/Avon_power_station
G100000414450,L100000407110,ZA,Avon power station,3,gas,natural_gas,gas turbine,operating,167.5,2016,2045,30,default,0.7257,country_implied,0.3629,0.7257,10.0,default,56100.0,ipcc_default,561.0,no,0.0,0.0,S1,30,0,17920914.03,21090180.296,-3169266.263,-1207889.838,2026,2044,contribution,A,C,C,-29.418913,31.157693,mitsui,https://www.gem.wiki/Avon_power_station
G100000414450,L100000407110,ZA,Avon power station,3,gas,natural_gas,gas turbine,operating,167.5,2016,2045,30,default,0.7257,country_implied,0.3629,0.7257,10.0,default,56100.0,ipcc_default,561.0,no,0.0,0.0,S2,30,0,17920914.03,18299225.7,-378311.665,1583064.76,2026,2032,contribution,A,C,C,-29.418913,31.157693,mitsui,https://www.gem.wiki/Avon_power_station
G100000414451,L100000407110,ZA,Avon power station,2,gas,natural_gas,gas turbine,operating,167.5,2016,2045,30,default,0.7257,country_implied,0.3629,0.7257,10.0,default,56100.0,ipcc_default,561.0,no,0.0,0.0,S1,30,0,17920914.03,21090180.296,-3169266.263,-1207889.838,2026,2044,contribution,A,C,C,-29.418913,31.157693,mitsui,https://www.gem.wiki/Avon_power_station
G100000414451,L100000407110,ZA,Avon power station,2,gas,natural_gas,gas turbine,operating,167.5,2016,2045,30,default,0.7257,country_implied,0.3629,0.7257,10.0,default,56100.0,ipcc_default,561.0,no,0.0,0.0,S2,30,0,17920914.03,18299225.7,-378311.665,1583064.76,2026,2032,contribution,A,C,C,-29.418913,31.157693,mitsui,https://www.gem.wiki/Avon_power_station
G100000408558,L100000407109,ZA,Dedisa power station,1,gas,natural_gas,combined cycle,operating,335.0,2015,2044,30,default,0.7257,country_implied,0.3629,0.7257,6.5455,default,56100.0,ipcc_default,367.2,no,0.0,0.0,S1,30,0,23460105.66,42694334.33,-19234228.68,-10281779.106,2026,,contribution,A,C,C,-33.743385,25.672819,mitsui,https://www.gem.wiki/Dedisa_power_station
G100000408558,L100000407109,ZA,Dedisa power station,1,gas,natural_gas,combined cycle,operating,335.0,2015,2044,30,default,0.7257,country_implied,0.3629,0.7257,6.5455,default,56100.0,ipcc_default,367.2,no,0.0,0.0,S2,30,0,23460105.66,37567224.499,-14107118.853,-5154669.279,2026,2043,contribution,A,C,C,-33.743385,25.672819,mitsui,https://www.gem.wiki/Dedisa_power_station
