gem_unit_id,scenario,dimension,variant,parameter,ti_lifetime_tco2,ti_remaining_tco2
G100000811471,S1,lifetime,central,25,-23284300.78,-23284300.78
G100000811471,S1,lifetime,low,20,-20425771.538,-20425771.538
G100000811471,S1,lifetime,high,30,-25578198.874,-25578198.874
G100000811471,S1,capacity_factor,central,0.2671,-23284300.78,-23284300.78
G100000811471,S1,capacity_factor,low,0.2378,-20730088.829,-20730088.829
G100000811471,S1,capacity_factor,high,0.2767,-24121175.688,-24121175.688
G100000811471,S2,lifetime,central,25,-23284300.78,-23284300.78
G100000811471,S2,lifetime,low,20,-20425771.538,-20425771.538
G100000811471,S2,lifetime,high,30,-25578198.874,-25578198.874
G100000811471,S2,capacity_factor,central,0.2671,-23284300.78,-23284300.78
G100000811471,S2,capacity_factor,low,0.2378,-20730088.829,-20730088.829
G100000811471,S2,capacity_factor,high,0.2767,-24121175.688,-24121175.688
G100000405012,S1,capacity_factor,central,0.3313,-9722433.719,-262638.378
G100000405012,S1,capacity_factor,low,0.3242,-9514074.892,-257009.847
G100000405012,S1,capacity_factor,high,0.3969,-11647551.894,-314642.838
G100000405012,S1,efficiency,central,0.55,-9722433.719,-262638.378
G100000405012,S1,efficiency,low,0.511,-8241586.298,160460.885
G100000405012,S1,efficiency,high,0.589,-11007175.711,-629707.519
G100000405012,S1,emission_factor,central,56100.0,-9722433.719,-262638.378
G100000405012,S1,emission_factor,low,54300.0,-10344856.187,-440473.369
G100000405012,S1,emission_factor,high,58300.0,-8961395.72,-45198.95
G100000405012,S2,capacity_factor,central,0.3313,-9722433.719,-262638.378
G100000405012,S2,capacity_factor,low,0.3242,-9514074.892,-257009.847
G100000405012,S2,capacity_factor,high,0.3969,-11647551.894,-314642.838
G100000405012,S2,efficiency,central,0.55,-9722433.719,-262638.378
G100000405012,S2,efficiency,low,0.511,-8241586.298,160460.885
G100000405012,S2,efficiency,high,0.589,-11007175.711,-629707.519
G100000405012,S2,emission_factor,central,56100.0,-9722433.719,-262638.378
G100000405012,S2,emission_factor,low,54300.0,-10344856.187,-440473.369
G100000405012,S2,emission_factor,high,58300.0,-8961395.72,-45198.95
G100000405013,S1,capacity_factor,central,0.3313,-4844396.039,-130864.798
G100000405013,S1,capacity_factor,low,0.3242,-4740577.106,-128060.269
G100000405013,S1,capacity_factor,high,0.3969,-5803624.473,-156777.053
G100000405013,S1,efficiency,central,0.55,-4844396.039,-130864.798
G100000405013,S1,efficiency,low,0.511,-4106534.348,79952.828
G100000405013,S1,efficiency,high,0.589,-5484544.296,-313764.298
G100000405013,S1,emission_factor,central,56100.0,-4844396.039,-130864.798
G100000405013,S1,emission_factor,low,54300.0,-5154530.417,-219474.62
G100000405013,S1,emission_factor,high,58300.0,-4465193.714,-22521.275
G100000405013,S2,capacity_factor,central,0.3313,-4844396.039,-130864.798
G100000405013,S2,capacity_factor,low,0.3242,-4740577.106,-128060.269
G100000405013,S2,capacity_factor,high,0.3969,-5803624.473,-156777.053
G100000405013,S2,efficiency,central,0.55,-4844396.039,-130864.798
G100000405013,S2,efficiency,low,0.511,-4106534.348,79952.828
G100000405013,S2,efficiency,high,0.589,-5484544.296,-313764.298
G100000405013,S2,emission_factor,central,56100.0,-4844396.039,-130864.798
G100000405013,S2,emission_factor,low,54300.0,-5154530.417,-219474.62
G100000405013,S2,emission_factor,high,58300.0,-4465193.714,-22521.275
G100000405014,S1,capacity_factor,central,0.3313,-9722433.719,-262638.378
G100000405014,S1,capacity_factor,low,0.3242,-9514074.892,-257009.847
G100000405014,S1,capacity_factor,high,0.3969,-11647551.894,-314642.838
G100000405014,S1,efficiency,central,0.55,-9722433.719,-262638.378
G100000405014,S1,efficiency,low,0.511,-8241586.298,160460.885
G100000405014,S1,efficiency,high,0.589,-11007175.711,-629707.519
G100000405014,S1,emission_factor,central,56100.0,-9722433.719,-262638.378
G100000405014,S1,emission_factor,low,54300.0,-10344856.187,-440473.369
G100000405014,S1,emission_factor,high,58300.0,-8961395.72,-45198.95
G100000405014,S2,capacity_factor,central,0.3313,-9722433.719,-262638.378
G100000405014,S2,capacity_factor,low,0.3242,-9514074.892,-257009.847
G100000405014,S2,capacity_factor,high,0.3969,-11647551.894,-314642.838
G100000405014,S2,efficiency,central,0.55,-9722433.719,-262638.378
G100000405014,S2,efficiency,low,0.511,-8241586.298,160460.885
G100000405014,S2,efficiency,high,0.589,-11007175.711,-629707.519
G100000405014,S2,emission_factor,central,56100.0,-9722433.719,-262638.378
G100000405014,S2,emission_factor,low,54300.0,-10344856.187,-440473.369
G100000405014,S2,emission_factor,high,58300.0,-8961395.72,-45198.95
G100000405015,S1,lifetime,central,30,23683386.434,24241865.151
G100000405015,S1,lifetime,low,25,15652428.118,16210906.835
G100000405015,S1,lifetime,high,40,42378714.79,42937193.507
G100000405015,S1,capacity_factor,central,0.3313,23683386.434,24241865.151
G100000405015,S1,capacity_factor,low,0.3242,23175834.237,23722344.349
G100000405015,S1,capacity_factor,high,0.3969,28372882.812,29041944.698
G100000405015,S1,efficiency,central,0.55,23683386.434,24241865.151
G100000405015,S1,efficiency,low,0.511,29539431.604,29902708.815
G100000405015,S1,efficiency,high,0.589,18602844.703,19330674.811
G100000405015,S1,emission_factor,central,56100.0,23683386.434,24241865.151
G100000405015,S1,emission_factor,low,54300.0,21222002.484,21862527.333
G100000405015,S1,emission_factor,high,58300.0,26692928.691,27151089.333
G100000405015,S2,lifetime,central,30,23683386.434,24241865.151
G100000405015,S2,lifetime,low,25,15652428.118,16210906.835
G100000405015,S2,lifetime,high,40,42378714.79,42937193.507
G100000405015,S2,capacity_factor,central,0.3313,23683386.434,24241865.151
G100000405015,S2,capacity_factor,low,0.3242,23175834.237,23722344.349
G100000405015,S2,capacity_factor,high,0.3969,28372882.812,29041944.698
G100000405015,S2,efficiency,central,0.55,23683386.434,24241865.151
G100000405015,S2,efficiency,low,0.511,29539431.604,29902708.815
G100000405015,S2,efficiency,high,0.589,18602844.703,19330674.811
G100000405015,S2,emission_factor,central,56100.0,23683386.434,24241865.151
G100000405015,S2,emission_factor,low,54300.0,21222002.484,21862527.333
G100000405015,S2,emission_factor,high,58300.0,26692928.691,27151089.333
G100000405045,S1,lifetime,central,30,3167878.087,4432890.816
G100000405045,S1,lifetime,low,25,1389069.251,2654081.98
G100000405045,S1,lifetime,high,40,7510576.04,8775588.769
G100000405045,S1,capacity_factor,central,0.3313,3167878.087,4432890.816
G100000405045,S1,capacity_factor,low,0.3242,3099988.155,4337890.741
G100000405045,S1,capacity_factor,high,0.3969,3795142.811,5310637.987
G100000405045,S1,efficiency,central,0.55,3167878.087,4432890.816
G100000405045,S1,efficiency,low,0.511,4631889.379,5652900.226
G100000405045,S1,efficiency,high,0.589,1897742.653,3374444.62
G100000405045,S1,emission_factor,central,56100.0,3167878.087,4432890.816
G100000405045,S1,emission_factor,low,54300.0,2552532.098,3920102.491
G100000405045,S1,emission_factor,high,58300.0,3920263.652,5059878.787
G100000405045,S2,lifetime,central,30,3167878.087,4432890.816
G100000405045,S2,lifetime,low,25,1389069.251,2654081.98
G100000405045,S2,lifetime,high,40,7510576.04,8775588.769
G100000405045,S2,capacity_factor,central,0.3313,3167878.087,4432890.816
G100000405045,S2,capacity_factor,low,0.3242,3099988.155,4337890.741
G100000405045,S2,capacity_factor,high,0.3969,3795142.811,5310637.987
G100000405045,S2,efficiency,central,0.55,3167878.087,4432890.816
G100000405045,S2,efficiency,low,0.511,4631889.379,5652900.226
G100000405045,S2,efficiency,high,0.589,1897742.653,3374444.62
G100000405045,S2,emission_factor,central,56100.0,3167878.087,4432890.816
G100000405045,S2,emission_factor,low,54300.0,2552532.098,3920102.491
G100000405045,S2,emission_factor,high,58300.0,3920263.652,5059878.787
G100000405046,S1,lifetime,central,30,4708914.84,5226225.265
G100000405046,S1,lifetime,low,25,2810606.15,3327916.575
G100000405046,S1,lifetime,high,40,9224461.946,9741772.371
G100000405046,S1,capacity_factor,central,0.3313,4708914.84,5226225.265
G100000405046,S1,capacity_factor,low,0.3242,4607999.369,5114223.456
G100000405046,S1,capacity_factor,high,0.3969,5641316.935,6261058.884
G100000405046,S1,efficiency,central,0.55,4708914.84,5226225.265
G100000405046,S1,efficiency,low,0.511,6172926.132,6543835.429
G100000405046,S1,efficiency,high,0.589,3438779.406,4083103.375
G100000405046,S1,emission_factor,central,56100.0,4708914.84,5226225.265
G100000405046,S1,emission_factor,low,54300.0,4093568.852,4672413.876
G100000405046,S1,emission_factor,high,58300.0,5461300.405,5903372.274
G100000405046,S2,lifetime,central,30,4708914.84,5226225.265
G100000405046,S2,lifetime,low,25,2810606.15,3327916.575
G100000405046,S2,lifetime,high,40,9224461.946,9741772.371
G100000405046,S2,capacity_factor,central,0.3313,4708914.84,5226225.265
G100000405046,S2,capacity_factor,low,0.3242,4607999.369,5114223.456
G100000405046,S2,capacity_factor,high,0.3969,5641316.935,6261058.884
G100000405046,S2,efficiency,central,0.55,4708914.84,5226225.265
G100000405046,S2,efficiency,low,0.511,6172926.132,6543835.429
G100000405046,S2,efficiency,high,0.589,3438779.406,4083103.375
G100000405046,S2,emission_factor,central,56100.0,4708914.84,5226225.265
G100000405046,S2,emission_factor,low,54300.0,4093568.852,4672413.876
G100000405046,S2,emission_factor,high,58300.0,5461300.405,5903372.274
G100000405047,S1,lifetime,central,30,4708914.84,5226225.265
G100000405047,S1,lifetime,low,25,2810606.15,3327916.575
G100000405047,S1,lifetime,high,40,9224461.946,9741772.371
G100000405047,S1,capacity_factor,central,0.3313,4708914.84,5226225.265
G100000405047,S1,capacity_factor,low,0.3242,4607999.369,5114223.456
G100000405047,S1,capacity_factor,high,0.3969,5641316.935,6261058.884
G100000405047,S1,efficiency,central,0.55,4708914.84,5226225.265
G100000405047,S1,efficiency,low,0.511,6172926.132,6543835.429
G100000405047,S1,efficiency,high,0.589,3438779.406,4083103.375
G100000405047,S1,emission_factor,central,56100.0,4708914.84,5226225.265
G100000405047,S1,emission_factor,low,54300.0,4093568.852,4672413.876
G100000405047,S1,emission_factor,high,58300.0,5461300.405,5903372.274
G100000405047,S2,lifetime,central,30,4708914.84,5226225.265
G100000405047,S2,lifetime,low,25,2810606.15,3327916.575
G100000405047,S2,lifetime,high,40,9224461.946,9741772.371
G100000405047,S2,capacity_factor,central,0.3313,4708914.84,5226225.265
G100000405047,S2,capacity_factor,low,0.3242,4607999.369,5114223.456
G100000405047,S2,capacity_factor,high,0.3969,5641316.935,6261058.884
G100000405047,S2,efficiency,central,0.55,4708914.84,5226225.265
G100000405047,S2,efficiency,low,0.511,6172926.132,6543835.429
G100000405047,S2,efficiency,high,0.589,3438779.406,4083103.375
G100000405047,S2,emission_factor,central,56100.0,4708914.84,5226225.265
G100000405047,S2,emission_factor,low,54300.0,4093568.852,4672413.876
G100000405047,S2,emission_factor,high,58300.0,5461300.405,5903372.274
G100000405038,S1,capacity_factor,central,0.3313,-3505130.953,3897992.52
G100000405038,S1,capacity_factor,low,0.3242,-3430013.448,3814455.704
G100000405038,S1,capacity_factor,high,0.3969,-4199174.391,4669825.63
G100000405038,S1,efficiency,central,0.55,-3505130.953,3897992.52
G100000405038,S1,efficiency,low,0.511,-677799.814,5746632.113
G100000405038,S1,efficiency,high,0.589,-5958044.73,2294164.284
G100000405038,S1,emission_factor,central,56100.0,-3505130.953,3897992.52
G100000405038,S1,emission_factor,low,54300.0,-4693500.802,3120981.467
G100000405038,S1,emission_factor,high,58300.0,-2052107.237,4848046.491
G100000405038,S2,capacity_factor,central,0.3313,-3505130.953,3897992.52
G100000405038,S2,capacity_factor,low,0.3242,-3430013.448,3814455.704
G100000405038,S2,capacity_factor,high,0.3969,-4199174.391,4669825.63
G100000405038,S2,efficiency,central,0.55,-3505130.953,3897992.52
G100000405038,S2,efficiency,low,0.511,-677799.814,5746632.113
G100000405038,S2,efficiency,high,0.589,-5958044.73,2294164.284
G100000405038,S2,emission_factor,central,56100.0,-3505130.953,3897992.52
G100000405038,S2,emission_factor,low,54300.0,-4693500.802,3120981.467
G100000405038,S2,emission_factor,high,58300.0,-2052107.237,4848046.491
G100000405039,S1,capacity_factor,central,0.3313,1080171.555,1122932.287
G100000405039,S1,capacity_factor,low,0.3242,1057022.692,1098867.03
G100000405039,S1,capacity_factor,high,0.3969,1294054.001,1345281.693
G100000405039,S1,efficiency,central,0.36,1080171.555,1122932.287
G100000405039,S1,efficiency,low,0.335,1364486.355,1308830.424
G100000405039,S1,efficiency,high,0.385,832780.762,961176.767
G100000405039,S1,emission_factor,central,56100.0,1080171.555,1122932.287
G100000405039,S1,emission_factor,low,54300.0,957931.399,1043006.03
G100000405039,S1,emission_factor,high,58300.0,1229576.196,1220619.937
G100000405039,S2,capacity_factor,central,0.3313,1080171.555,1122932.287
G100000405039,S2,capacity_factor,low,0.3242,1057022.692,1098867.03
G100000405039,S2,capacity_factor,high,0.3969,1294054.001,1345281.693
G100000405039,S2,efficiency,central,0.36,1080171.555,1122932.287
G100000405039,S2,efficiency,low,0.335,1364486.355,1308830.424
G100000405039,S2,efficiency,high,0.385,832780.762,961176.767
G100000405039,S2,emission_factor,central,56100.0,1080171.555,1122932.287
G100000405039,S2,emission_factor,low,54300.0,957931.399,1043006.03
G100000405039,S2,emission_factor,high,58300.0,1229576.196,1220619.937
G100000405040,S1,capacity_factor,central,0.3313,1080171.555,1122932.287
G100000405040,S1,capacity_factor,low,0.3242,1057022.692,1098867.03
G100000405040,S1,capacity_factor,high,0.3969,1294054.001,1345281.693
G100000405040,S1,efficiency,central,0.36,1080171.555,1122932.287
G100000405040,S1,efficiency,low,0.335,1364486.355,1308830.424
G100000405040,S1,efficiency,high,0.385,832780.762,961176.767
G100000405040,S1,emission_factor,central,56100.0,1080171.555,1122932.287
G100000405040,S1,emission_factor,low,54300.0,957931.399,1043006.03
G100000405040,S1,emission_factor,high,58300.0,1229576.196,1220619.937
G100000405040,S2,capacity_factor,central,0.3313,1080171.555,1122932.287
G100000405040,S2,capacity_factor,low,0.3242,1057022.692,1098867.03
G100000405040,S2,capacity_factor,high,0.3969,1294054.001,1345281.693
G100000405040,S2,efficiency,central,0.36,1080171.555,1122932.287
G100000405040,S2,efficiency,low,0.335,1364486.355,1308830.424
G100000405040,S2,efficiency,high,0.385,832780.762,961176.767
G100000405040,S2,emission_factor,central,56100.0,1080171.555,1122932.287
G100000405040,S2,emission_factor,low,54300.0,957931.399,1043006.03
G100000405040,S2,emission_factor,high,58300.0,1229576.196,1220619.937
G100000405041,S1,capacity_factor,central,0.3313,1080171.555,1122932.287
G100000405041,S1,capacity_factor,low,0.3242,1057022.692,1098867.03
G100000405041,S1,capacity_factor,high,0.3969,1294054.001,1345281.693
G100000405041,S1,efficiency,central,0.36,1080171.555,1122932.287
G100000405041,S1,efficiency,low,0.335,1364486.355,1308830.424
G100000405041,S1,efficiency,high,0.385,832780.762,961176.767
G100000405041,S1,emission_factor,central,56100.0,1080171.555,1122932.287
G100000405041,S1,emission_factor,low,54300.0,957931.399,1043006.03
G100000405041,S1,emission_factor,high,58300.0,1229576.196,1220619.937
G100000405041,S2,capacity_factor,central,0.3313,1080171.555,1122932.287
G100000405041,S2,capacity_factor,low,0.3242,1057022.692,1098867.03
G100000405041,S2,capacity_factor,high,0.3969,1294054.001,1345281.693
G100000405041,S2,efficiency,central,0.36,1080171.555,1122932.287
G100000405041,S2,efficiency,low,0.335,1364486.355,1308830.424
G100000405041,S2,efficiency,high,0.385,832780.762,961176.767
G100000405041,S2,emission_factor,central,56100.0,1080171.555,1122932.287
G100000405041,S2,emission_factor,low,54300.0,957931.399,1043006.03
G100000405041,S2,emission_factor,high,58300.0,1229576.196,1220619.937
G100000405042,S1,capacity_factor,central,0.3313,1080171.555,1122932.287
G100000405042,S1,capacity_factor,low,0.3242,1057022.692,1098867.03
G100000405042,S1,capacity_factor,high,0.3969,1294054.001,1345281.693
G100000405042,S1,efficiency,central,0.36,1080171.555,1122932.287
G100000405042,S1,efficiency,low,0.335,1364486.355,1308830.424
G100000405042,S1,efficiency,high,0.385,832780.762,961176.767
G100000405042,S1,emission_factor,central,56100.0,1080171.555,1122932.287
G100000405042,S1,emission_factor,low,54300.0,957931.399,1043006.03
G100000405042,S1,emission_factor,high,58300.0,1229576.196,1220619.937
G100000405042,S2,capacity_factor,central,0.3313,1080171.555,1122932.287
G100000405042,S2,capacity_factor,low,0.3242,1057022.692,1098867.03
G100000405042,S2,capacity_factor,high,0.3969,1294054.001,1345281.693
G100000405042,S2,efficiency,central,0.36,1080171.555,1122932.287
G100000405042,S2,efficiency,low,0.335,1364486.355,1308830.424
G100000405042,S2,efficiency,high,0.385,832780.762,961176.767
G100000405042,S2,emission_factor,central,56100.0,1080171.555,1122932.287
G100000405042,S2,emission_factor,low,54300.0,957931.399,1043006.03
G100000405042,S2,emission_factor,high,58300.0,1229576.196,1220619.937
G100000804694,S1,lifetime,central,25,-25635511.596,-14982581.681
G100000804694,S1,lifetime,low,20,-22583237.12,-11930307.205
G100000804694,S1,lifetime,high,30,-28084886.114,-17431956.199
G100000804694,S1,capacity_factor,central,0.2671,-25635511.596,-14982581.681
G100000804694,S1,capacity_factor,low,0.2378,-22823379.472,-13339041.27
G100000804694,S1,capacity_factor,high,0.2767,-26556892.768,-15521079.562
G100000804694,S2,lifetime,central,25,-25635511.596,-14982581.681
G100000804694,S2,lifetime,low,20,-22583237.12,-11930307.205
G100000804694,S2,lifetime,high,30,-28084886.114,-17431956.199
G100000804694,S2,capacity_factor,central,0.2671,-25635511.596,-14982581.681
G100000804694,S2,capacity_factor,low,0.2378,-22823379.472,-13339041.27
G100000804694,S2,capacity_factor,high,0.2767,-26556892.768,-15521079.562
G100000405048,S1,capacity_factor,central,0.3313,-27776723.753,0
G100000405048,S1,capacity_factor,low,0.3242,-27181448.359,0
G100000405048,S1,capacity_factor,high,0.3969,-33276733.044,0
G100000405048,S1,efficiency,central,0.55,-27776723.753,0
G100000405048,S1,efficiency,low,0.511,-24886928.128,0
G100000405048,S1,efficiency,high,0.589,-30283829.973,0
G100000405048,S1,emission_factor,central,56100.0,-27776723.753,0
G100000405048,S1,emission_factor,low,54300.0,-28991348.36,0
G100000405048,S1,emission_factor,high,58300.0,-26291598.248,0
G100000405048,S2,capacity_factor,central,0.3313,-27776723.753,0
G100000405048,S2,capacity_factor,low,0.3242,-27181448.359,0
G100000405048,S2,capacity_factor,high,0.3969,-33276733.044,0
G100000405048,S2,efficiency,central,0.55,-27776723.753,0
G100000405048,S2,efficiency,low,0.511,-24886928.128,0
G100000405048,S2,efficiency,high,0.589,-30283829.973,0
G100000405048,S2,emission_factor,central,56100.0,-27776723.753,0
G100000405048,S2,emission_factor,low,54300.0,-28991348.36,0
G100000405048,S2,emission_factor,high,58300.0,-26291598.248,0
G100000405049,S1,capacity_factor,central,0.3313,-8420465.645,531970.427
G100000405049,S1,capacity_factor,low,0.3242,-8240008.942,520569.915
G100000405049,S1,capacity_factor,high,0.3969,-10087783.93,637304.747
G100000405049,S1,efficiency,central,0.55,-8420465.645,531970.427
G100000405049,S1,efficiency,low,0.511,-6685368.263,1266050.089
G100000405049,S1,efficiency,high,0.589,-9925787.824,-104896.648
G100000405049,S1,emission_factor,central,56100.0,-8420465.645,531970.427
G100000405049,S1,emission_factor,low,54300.0,-9149753.2,223425.693
G100000405049,S1,emission_factor,high,58300.0,-7528763.353,909229.089
G100000405049,S2,capacity_factor,central,0.3313,-8420465.645,531970.427
G100000405049,S2,capacity_factor,low,0.3242,-8240008.942,520569.915
G100000405049,S2,capacity_factor,high,0.3969,-10087783.93,637304.747
G100000405049,S2,efficiency,central,0.55,-8420465.645,531970.427
G100000405049,S2,efficiency,low,0.511,-6685368.263,1266050.089
G100000405049,S2,efficiency,high,0.589,-9925787.824,-104896.648
G100000405049,S2,emission_factor,central,56100.0,-8420465.645,531970.427
G100000405049,S2,emission_factor,low,54300.0,-9149753.2,223425.693
G100000405049,S2,emission_factor,high,58300.0,-7528763.353,909229.089
G100000405050,S1,capacity_factor,central,0.3313,-7683732.176,531970.427
G100000405050,S1,capacity_factor,low,0.3242,-7519064.207,520569.915
G100000405050,S1,capacity_factor,high,0.3969,-9205171.452,637304.747
G100000405050,S1,efficiency,central,0.55,-7683732.176,531970.427
G100000405050,S1,efficiency,low,0.511,-6015369.309,1266050.089
G100000405050,S1,efficiency,high,0.589,-9131157.348,-104896.648
G100000405050,S1,emission_factor,central,56100.0,-7683732.176,531970.427
G100000405050,S1,emission_factor,low,54300.0,-8384970.21,223425.693
G100000405050,S1,emission_factor,high,58300.0,-6826326.126,909229.089
G100000405050,S2,capacity_factor,central,0.3313,-7683732.176,531970.427
G100000405050,S2,capacity_factor,low,0.3242,-7519064.207,520569.915
G100000405050,S2,capacity_factor,high,0.3969,-9205171.452,637304.747
G100000405050,S2,efficiency,central,0.55,-7683732.176,531970.427
G100000405050,S2,efficiency,low,0.511,-6015369.309,1266050.089
G100000405050,S2,efficiency,high,0.589,-9131157.348,-104896.648
G100000405050,S2,emission_factor,central,56100.0,-7683732.176,531970.427
G100000405050,S2,emission_factor,low,54300.0,-8384970.21,223425.693
G100000405050,S2,emission_factor,high,58300.0,-6826326.126,909229.089
G100000405051,S1,capacity_factor,central,0.3313,-5412575.027,1355387.802
G100000405051,S1,capacity_factor,low,0.3242,-5296579.606,1326340.857
G100000405051,S1,capacity_factor,high,0.3969,-6484307.359,1623765.224
G100000405051,S1,efficiency,central,0.55,-5412575.027,1355387.802
G100000405051,S1,efficiency,low,0.511,-3671133.593,2293087.036
G100000405051,S1,efficiency,high,0.589,-6923401.125,541866.058
G100000405051,S1,emission_factor,central,56100.0,-5412575.027,1355387.802
G100000405051,S1,emission_factor,low,54300.0,-6144529.08,961258.697
G100000405051,S1,emission_factor,high,58300.0,-4517612.397,1837290.757
G100000405051,S2,capacity_factor,central,0.3313,-5412575.027,1355387.802
G100000405051,S2,capacity_factor,low,0.3242,-5296579.606,1326340.857
G100000405051,S2,capacity_factor,high,0.3969,-6484307.359,1623765.224
G100000405051,S2,efficiency,central,0.55,-5412575.027,1355387.802
G100000405051,S2,efficiency,low,0.511,-3671133.593,2293087.036
G100000405051,S2,efficiency,high,0.589,-6923401.125,541866.058
G100000405051,S2,emission_factor,central,56100.0,-5412575.027,1355387.802
G100000405051,S2,emission_factor,low,54300.0,-6144529.08,961258.697
G100000405051,S2,emission_factor,high,58300.0,-4517612.397,1837290.757
G100000405052,S1,capacity_factor,central,0.3313,-5412575.027,1355387.802
G100000405052,S1,capacity_factor,low,0.3242,-5296579.606,1326340.857
G100000405052,S1,capacity_factor,high,0.3969,-6484307.359,1623765.224
G100000405052,S1,efficiency,central,0.55,-5412575.027,1355387.802
G100000405052,S1,efficiency,low,0.511,-3671133.593,2293087.036
G100000405052,S1,efficiency,high,0.589,-6923401.125,541866.058
G100000405052,S1,emission_factor,central,56100.0,-5412575.027,1355387.802
G100000405052,S1,emission_factor,low,54300.0,-6144529.08,961258.697
G100000405052,S1,emission_factor,high,58300.0,-4517612.397,1837290.757
G100000405052,S2,capacity_factor,central,0.3313,-5412575.027,1355387.802
G100000405052,S2,capacity_factor,low,0.3242,-5296579.606,1326340.857
G100000405052,S2,capacity_factor,high,0.3969,-6484307.359,1623765.224
G100000405052,S2,efficiency,central,0.55,-5412575.027,1355387.802
G100000405052,S2,efficiency,low,0.511,-3671133.593,2293087.036
G100000405052,S2,efficiency,high,0.589,-6923401.125,541866.058
G100000405052,S2,emission_factor,central,56100.0,-5412575.027,1355387.802
G100000405052,S2,emission_factor,low,54300.0,-6144529.08,961258.697
G100000405052,S2,emission_factor,high,58300.0,-4517612.397,1837290.757
G100000405055,S1,lifetime,central,30,-6847703.311,-125547.63
G100000405055,S1,lifetime,low,25,-6722155.681,0
G100000405055,S1,lifetime,high,40,-6032633.879,689521.802
G100000405055,S1,capacity_factor,central,0.3313,-6847703.311,-125547.63
G100000405055,S1,capacity_factor,low,0.3242,-6700952.045,-122857.053
G100000405055,S1,capacity_factor,high,0.3969,-8203602.305,-150407.046
G100000405055,S1,efficiency,central,0.55,-6847703.311,-125547.63
G100000405055,S1,efficiency,low,0.511,-6023220.951,11866.097
G100000405055,S1,efficiency,high,0.589,-7563001.248,-244763.953
G100000405055,S1,emission_factor,central,56100.0,-6847703.311,-125547.63
G100000405055,S1,emission_factor,low,54300.0,-7194245.658,-183304.688
G100000405055,S1,emission_factor,high,58300.0,-6423984.841,-54927.885
G100000405055,S2,lifetime,central,30,-6847703.311,-125547.63
G100000405055,S2,lifetime,low,25,-6722155.681,0
G100000405055,S2,lifetime,high,40,-6032633.879,689521.802
G100000405055,S2,capacity_factor,central,0.3313,-6847703.311,-125547.63
G100000405055,S2,capacity_factor,low,0.3242,-6700952.045,-122857.053
G100000405055,S2,capacity_factor,high,0.3969,-8203602.305,-150407.046
G100000405055,S2,efficiency,central,0.55,-6847703.311,-125547.63
G100000405055,S2,efficiency,low,0.511,-6023220.951,11866.097
G100000405055,S2,efficiency,high,0.589,-7563001.248,-244763.953
G100000405055,S2,emission_factor,central,56100.0,-6847703.311,-125547.63
G100000405055,S2,emission_factor,low,54300.0,-7194245.658,-183304.688
G100000405055,S2,emission_factor,high,58300.0,-6423984.841,-54927.885
G100000405056,S1,lifetime,central,30,-1182130.947,43793.947
G100000405056,S1,lifetime,low,25,-1297417.085,0
G100000405056,S1,lifetime,high,40,-365598.953,860325.941
G100000405056,S1,capacity_factor,central,0.3313,-1182130.947,43793.947
G100000405056,S1,capacity_factor,low,0.3242,-1156797.021,42855.411
G100000405056,S1,capacity_factor,high,0.3969,-1416202.152,52465.493
G100000405056,S1,efficiency,central,0.38,-1182130.947,43793.947
G100000405056,S1,efficiency,low,0.353,-717070.277,61018.417
G100000405056,S1,efficiency,high,0.407,-1585494.981,28854.539
G100000405056,S1,emission_factor,central,56100.0,-1182130.947,43793.947
G100000405056,S1,emission_factor,low,54300.0,-1377214.107,36568.645
G100000405056,S1,emission_factor,high,58300.0,-943681.486,52625.409
G100000405056,S2,lifetime,central,30,-1182130.947,43793.947
G100000405056,S2,lifetime,low,25,-1297417.085,0
G100000405056,S2,lifetime,high,40,-365598.953,860325.941
G100000405056,S2,capacity_factor,central,0.3313,-1182130.947,43793.947
G100000405056,S2,capacity_factor,low,0.3242,-1156797.021,42855.411
G100000405056,S2,capacity_factor,high,0.3969,-1416202.152,52465.493
G100000405056,S2,efficiency,central,0.38,-1182130.947,43793.947
G100000405056,S2,efficiency,low,0.353,-717070.277,61018.417
G100000405056,S2,efficiency,high,0.407,-1585494.981,28854.539
G100000405056,S2,emission_factor,central,56100.0,-1182130.947,43793.947
G100000405056,S2,emission_factor,low,54300.0,-1377214.107,36568.645
G100000405056,S2,emission_factor,high,58300.0,-943681.486,52625.409
G100000405057,S1,lifetime,central,30,-1182130.947,43793.947
G100000405057,S1,lifetime,low,25,-1297417.085,0
G100000405057,S1,lifetime,high,40,-365598.953,860325.941
G100000405057,S1,capacity_factor,central,0.3313,-1182130.947,43793.947
G100000405057,S1,capacity_factor,low,0.3242,-1156797.021,42855.411
G100000405057,S1,capacity_factor,high,0.3969,-1416202.152,52465.493
G100000405057,S1,efficiency,central,0.38,-1182130.947,43793.947
G100000405057,S1,efficiency,low,0.353,-717070.277,61018.417
G100000405057,S1,efficiency,high,0.407,-1585494.981,28854.539
G100000405057,S1,emission_factor,central,56100.0,-1182130.947,43793.947
G100000405057,S1,emission_factor,low,54300.0,-1377214.107,36568.645
G100000405057,S1,emission_factor,high,58300.0,-943681.486,52625.409
G100000405057,S2,lifetime,central,30,-1182130.947,43793.947
G100000405057,S2,lifetime,low,25,-1297417.085,0
G100000405057,S2,lifetime,high,40,-365598.953,860325.941
G100000405057,S2,capacity_factor,central,0.3313,-1182130.947,43793.947
G100000405057,S2,capacity_factor,low,0.3242,-1156797.021,42855.411
G100000405057,S2,capacity_factor,high,0.3969,-1416202.152,52465.493
G100000405057,S2,efficiency,central,0.38,-1182130.947,43793.947
G100000405057,S2,efficiency,low,0.353,-717070.277,61018.417
G100000405057,S2,efficiency,high,0.407,-1585494.981,28854.539
G100000405057,S2,emission_factor,central,56100.0,-1182130.947,43793.947
G100000405057,S2,emission_factor,low,54300.0,-1377214.107,36568.645
G100000405057,S2,emission_factor,high,58300.0,-943681.486,52625.409
G100000405058,S1,lifetime,central,30,-1182130.947,43793.947
G100000405058,S1,lifetime,low,25,-1297417.085,0
G100000405058,S1,lifetime,high,40,-365598.953,860325.941
G100000405058,S1,capacity_factor,central,0.3313,-1182130.947,43793.947
G100000405058,S1,capacity_factor,low,0.3242,-1156797.021,42855.411
G100000405058,S1,capacity_factor,high,0.3969,-1416202.152,52465.493
G100000405058,S1,efficiency,central,0.38,-1182130.947,43793.947
G100000405058,S1,efficiency,low,0.353,-717070.277,61018.417
G100000405058,S1,efficiency,high,0.407,-1585494.981,28854.539
G100000405058,S1,emission_factor,central,56100.0,-1182130.947,43793.947
G100000405058,S1,emission_factor,low,54300.0,-1377214.107,36568.645
G100000405058,S1,emission_factor,high,58300.0,-943681.486,52625.409
G100000405058,S2,lifetime,central,30,-1182130.947,43793.947
G100000405058,S2,lifetime,low,25,-1297417.085,0
G100000405058,S2,lifetime,high,40,-365598.953,860325.941
G100000405058,S2,capacity_factor,central,0.3313,-1182130.947,43793.947
G100000405058,S2,capacity_factor,low,0.3242,-1156797.021,42855.411
G100000405058,S2,capacity_factor,high,0.3969,-1416202.152,52465.493
G100000405058,S2,efficiency,central,0.38,-1182130.947,43793.947
G100000405058,S2,efficiency,low,0.353,-717070.277,61018.417
G100000405058,S2,efficiency,high,0.407,-1585494.981,28854.539
G100000405058,S2,emission_factor,central,56100.0,-1182130.947,43793.947
G100000405058,S2,emission_factor,low,54300.0,-1377214.107,36568.645
G100000405058,S2,emission_factor,high,58300.0,-943681.486,52625.409
G100000405059,S1,lifetime,central,30,-1182130.947,43793.947
G100000405059,S1,lifetime,low,25,-1297417.085,0
G100000405059,S1,lifetime,high,40,-365598.953,860325.941
G100000405059,S1,capacity_factor,central,0.3313,-1182130.947,43793.947
G100000405059,S1,capacity_factor,low,0.3242,-1156797.021,42855.411
G100000405059,S1,capacity_factor,high,0.3969,-1416202.152,52465.493
G100000405059,S1,efficiency,central,0.38,-1182130.947,43793.947
G100000405059,S1,efficiency,low,0.353,-717070.277,61018.417
G100000405059,S1,efficiency,high,0.407,-1585494.981,28854.539
G100000405059,S1,emission_factor,central,56100.0,-1182130.947,43793.947
G100000405059,S1,emission_factor,low,54300.0,-1377214.107,36568.645
G100000405059,S1,emission_factor,high,58300.0,-943681.486,52625.409
G100000405059,S2,lifetime,central,30,-1182130.947,43793.947
G100000405059,S2,lifetime,low,25,-1297417.085,0
G100000405059,S2,lifetime,high,40,-365598.953,860325.941
G100000405059,S2,capacity_factor,central,0.3313,-1182130.947,43793.947
G100000405059,S2,capacity_factor,low,0.3242,-1156797.021,42855.411
G100000405059,S2,capacity_factor,high,0.3969,-1416202.152,52465.493
G100000405059,S2,efficiency,central,0.38,-1182130.947,43793.947
G100000405059,S2,efficiency,low,0.353,-717070.277,61018.417
G100000405059,S2,efficiency,high,0.407,-1585494.981,28854.539
G100000405059,S2,emission_factor,central,56100.0,-1182130.947,43793.947
G100000405059,S2,emission_factor,low,54300.0,-1377214.107,36568.645
G100000405059,S2,emission_factor,high,58300.0,-943681.486,52625.409
G100000405060,S1,lifetime,central,30,-1182130.947,43793.947
G100000405060,S1,lifetime,low,25,-1297417.085,0
G100000405060,S1,lifetime,high,40,-365598.953,860325.941
G100000405060,S1,capacity_factor,central,0.3313,-1182130.947,43793.947
G100000405060,S1,capacity_factor,low,0.3242,-1156797.021,42855.411
G100000405060,S1,capacity_factor,high,0.3969,-1416202.152,52465.493
G100000405060,S1,efficiency,central,0.38,-1182130.947,43793.947
G100000405060,S1,efficiency,low,0.353,-717070.277,61018.417
G100000405060,S1,efficiency,high,0.407,-1585494.981,28854.539
G100000405060,S1,emission_factor,central,56100.0,-1182130.947,43793.947
G100000405060,S1,emission_factor,low,54300.0,-1377214.107,36568.645
G100000405060,S1,emission_factor,high,58300.0,-943681.486,52625.409
G100000405060,S2,lifetime,central,30,-1182130.947,43793.947
G100000405060,S2,lifetime,low,25,-1297417.085,0
G100000405060,S2,lifetime,high,40,-365598.953,860325.941
G100000405060,S2,capacity_factor,central,0.3313,-1182130.947,43793.947
G100000405060,S2,capacity_factor,low,0.3242,-1156797.021,42855.411
G100000405060,S2,capacity_factor,high,0.3969,-1416202.152,52465.493
G100000405060,S2,efficiency,central,0.38,-1182130.947,43793.947
G100000405060,S2,efficiency,low,0.353,-717070.277,61018.417
G100000405060,S2,efficiency,high,0.407,-1585494.981,28854.539
G100000405060,S2,emission_factor,central,56100.0,-1182130.947,43793.947
G100000405060,S2,emission_factor,low,54300.0,-1377214.107,36568.645
G100000405060,S2,emission_factor,high,58300.0,-943681.486,52625.409
G100000405061,S1,lifetime,central,30,-1182130.947,43793.947
G100000405061,S1,lifetime,low,25,-1297417.085,0
G100000405061,S1,lifetime,high,40,-365598.953,860325.941
G100000405061,S1,capacity_factor,central,0.3313,-1182130.947,43793.947
G100000405061,S1,capacity_factor,low,0.3242,-1156797.021,42855.411
G100000405061,S1,capacity_factor,high,0.3969,-1416202.152,52465.493
G100000405061,S1,efficiency,central,0.38,-1182130.947,43793.947
G100000405061,S1,efficiency,low,0.353,-717070.277,61018.417
G100000405061,S1,efficiency,high,0.407,-1585494.981,28854.539
G100000405061,S1,emission_factor,central,56100.0,-1182130.947,43793.947
G100000405061,S1,emission_factor,low,54300.0,-1377214.107,36568.645
G100000405061,S1,emission_factor,high,58300.0,-943681.486,52625.409
G100000405061,S2,lifetime,central,30,-1182130.947,43793.947
G100000405061,S2,lifetime,low,25,-1297417.085,0
G100000405061,S2,lifetime,high,40,-365598.953,860325.941
G100000405061,S2,capacity_factor,central,0.3313,-1182130.947,43793.947
G100000405061,S2,capacity_factor,low,0.3242,-1156797.021,42855.411
G100000405061,S2,capacity_factor,high,0.3969,-1416202.152,52465.493
G100000405061,S2,efficiency,central,0.38,-1182130.947,43793.947
G100000405061,S2,efficiency,low,0.353,-717070.277,61018.417
G100000405061,S2,efficiency,high,0.407,-1585494.981,28854.539
G100000405061,S2,emission_factor,central,56100.0,-1182130.947,43793.947
G100000405061,S2,emission_factor,low,54300.0,-1377214.107,36568.645
G100000405061,S2,emission_factor,high,58300.0,-943681.486,52625.409
G100000405062,S1,lifetime,central,30,-13176001.912,987251.086
G100000405062,S1,lifetime,low,25,-14362472.478,-199219.48
G100000405062,S1,lifetime,high,40,-8389317.74,5773935.258
G100000405062,S1,capacity_factor,central,0.3313,-13176001.912,987251.086
G100000405062,S1,capacity_factor,low,0.3242,-12893630.608,966093.576
G100000405062,S1,capacity_factor,high,0.3969,-15784953.697,1182734.549
G100000405062,S1,efficiency,central,0.55,-13176001.912,987251.086
G100000405062,S1,efficiency,low,0.511,-10635942.32,2003274.923
G100000405062,S1,efficiency,high,0.589,-15379686.89,105777.095
G100000405062,S1,emission_factor,central,56100.0,-13176001.912,987251.086
G100000405062,S1,emission_factor,low,54300.0,-14243627.204,560200.97
G100000405062,S1,emission_factor,high,58300.0,-11870612.959,1509406.668
G100000405062,S2,lifetime,central,30,-13176001.912,987251.086
G100000405062,S2,lifetime,low,25,-14362472.478,-199219.48
G100000405062,S2,lifetime,high,40,-8389317.74,5773935.258
G100000405062,S2,capacity_factor,central,0.3313,-13176001.912,987251.086
G100000405062,S2,capacity_factor,low,0.3242,-12893630.608,966093.576
G100000405062,S2,capacity_factor,high,0.3969,-15784953.697,1182734.549
G100000405062,S2,efficiency,central,0.55,-13176001.912,987251.086
G100000405062,S2,efficiency,low,0.511,-10635942.32,2003274.923
G100000405062,S2,efficiency,high,0.589,-15379686.89,105777.095
G100000405062,S2,emission_factor,central,56100.0,-13176001.912,987251.086
G100000405062,S2,emission_factor,low,54300.0,-14243627.204,560200.97
G100000405062,S2,emission_factor,high,58300.0,-11870612.959,1509406.668
G100000410458,S1,capacity_factor,central,0.3313,-25255398.796,-511960.988
G100000410458,S1,capacity_factor,low,0.3242,-24714157.225,-500989.291
G100000410458,S1,capacity_factor,high,0.3969,-30256165.957,-613333.28
G100000410458,S1,efficiency,central,0.55,-25255398.796,-511960.988
G100000410458,S1,efficiency,low,0.511,-22341528.319,-234449.514
G100000410458,S1,efficiency,high,0.589,-27783391.686,-752722.215
G100000410458,S1,emission_factor,central,56100.0,-25255398.796,-511960.988
G100000410458,S1,emission_factor,low,54300.0,-26480142.428,-628603.238
G100000410458,S1,emission_factor,high,58300.0,-23757900.731,-369342.124
G100000410458,S2,capacity_factor,central,0.3313,-25255398.796,-511960.988
G100000410458,S2,capacity_factor,low,0.3242,-24714157.225,-500989.291
G100000410458,S2,capacity_factor,high,0.3969,-30256165.957,-613333.28
G100000410458,S2,efficiency,central,0.55,-25255398.796,-511960.988
G100000410458,S2,efficiency,low,0.511,-22341528.319,-234449.514
G100000410458,S2,efficiency,high,0.589,-27783391.686,-752722.215
G100000410458,S2,emission_factor,central,56100.0,-25255398.796,-511960.988
G100000410458,S2,emission_factor,low,54300.0,-26480142.428,-628603.238
G100000410458,S2,emission_factor,high,58300.0,-23757900.731,-369342.124
G100000407060,S1,lifetime,central,30,6152205.734,6152205.734
G100000407060,S1,lifetime,low,25,4969402.501,4969402.501
G100000407060,S1,lifetime,high,40,8612107.757,8612107.757
G100000407060,S1,capacity_factor,central,0.222,6152205.734,6152205.734
G100000407060,S1,capacity_factor,low,0.2204,6107865.507,6107865.507
G100000407060,S1,capacity_factor,high,0.2648,7338306.656,7338306.656
G100000407060,S1,efficiency,central,0.55,6152205.734,6152205.734
G100000407060,S1,efficiency,low,0.511,6765340.552,6765340.552
G100000407060,S1,efficiency,high,0.589,5620267.033,5620267.033
G100000407060,S1,emission_factor,central,56100.0,6152205.734,6152205.734
G100000407060,S1,emission_factor,low,54300.0,5894495.932,5894495.932
G100000407060,S1,emission_factor,high,58300.0,6467308.348,6467308.348
G100000407060,S2,lifetime,central,30,6152205.734,6152205.734
G100000407060,S2,lifetime,low,25,4969402.501,4969402.501
G100000407060,S2,lifetime,high,40,8612107.757,8612107.757
G100000407060,S2,capacity_factor,central,0.222,6152205.734,6152205.734
G100000407060,S2,capacity_factor,low,0.2204,6107865.507,6107865.507
G100000407060,S2,capacity_factor,high,0.2648,7338306.656,7338306.656
G100000407060,S2,efficiency,central,0.55,6152205.734,6152205.734
G100000407060,S2,efficiency,low,0.511,6765340.552,6765340.552
G100000407060,S2,efficiency,high,0.589,5620267.033,5620267.033
G100000407060,S2,emission_factor,central,56100.0,6152205.734,6152205.734
G100000407060,S2,emission_factor,low,54300.0,5894495.932,5894495.932
G100000407060,S2,emission_factor,high,58300.0,6467308.348,6467308.348
G100000407061,S1,lifetime,central,30,6327588.898,6327588.898
G100000407061,S1,lifetime,low,25,5130230.968,5130230.968
G100000407061,S1,lifetime,high,40,8807810.352,8807810.352
G100000407061,S1,capacity_factor,central,0.222,6327588.898,6327588.898
G100000407061,S1,capacity_factor,low,0.2204,6281984.647,6281984.647
G100000407061,S1,capacity_factor,high,0.2648,7547502.43,7547502.43
G100000407061,S1,efficiency,central,0.55,6327588.898,6327588.898
G100000407061,S1,efficiency,low,0.511,6940723.715,6940723.715
G100000407061,S1,efficiency,high,0.589,5795650.197,5795650.197
G100000407061,S1,emission_factor,central,56100.0,6327588.898,6327588.898
G100000407061,S1,emission_factor,low,54300.0,6069879.095,6069879.095
G100000407061,S1,emission_factor,high,58300.0,6642691.511,6642691.511
G100000407061,S2,lifetime,central,30,6327588.898,6327588.898
G100000407061,S2,lifetime,low,25,5130230.968,5130230.968
G100000407061,S2,lifetime,high,40,8807810.352,8807810.352
G100000407061,S2,capacity_factor,central,0.222,6327588.898,6327588.898
G100000407061,S2,capacity_factor,low,0.2204,6281984.647,6281984.647
G100000407061,S2,capacity_factor,high,0.2648,7547502.43,7547502.43
G100000407061,S2,efficiency,central,0.55,6327588.898,6327588.898
G100000407061,S2,efficiency,low,0.511,6940723.715,6940723.715
G100000407061,S2,efficiency,high,0.589,5795650.197,5795650.197
G100000407061,S2,emission_factor,central,56100.0,6327588.898,6327588.898
G100000407061,S2,emission_factor,low,54300.0,6069879.095,6069879.095
G100000407061,S2,emission_factor,high,58300.0,6642691.511,6642691.511
G100000907500,S1,lifetime,central,25,-2911275.697,-2172275.961
G100000907500,S1,lifetime,low,20,-2462947.813,-1723948.077
G100000907500,S1,lifetime,high,30,-3308249.68,-2569249.944
G100000907500,S1,capacity_factor,central,0.4723,-2911275.697,-2172275.961
G100000907500,S1,capacity_factor,low,0.4273,-2633893.933,-1965304.929
G100000907500,S1,capacity_factor,high,0.4883,-3009900.322,-2245865.66
G100000907500,S2,lifetime,central,25,-2911275.697,-2172275.961
G100000907500,S2,lifetime,low,20,-2462947.813,-1723948.077
G100000907500,S2,lifetime,high,30,-3308249.68,-2569249.944
G100000907500,S2,capacity_factor,central,0.4723,-2911275.697,-2172275.961
G100000907500,S2,capacity_factor,low,0.4273,-2633893.933,-1965304.929
G100000907500,S2,capacity_factor,high,0.4883,-3009900.322,-2245865.66
G100000409774,S1,lifetime,central,30,594269.382,772830.492
G100000409774,S1,lifetime,low,25,294890.804,473451.914
G100000409774,S1,lifetime,high,40,1338832.249,1517393.359
G100000409774,S1,capacity_factor,central,0.2131,594269.382,772830.492
G100000409774,S1,capacity_factor,low,0.2131,594269.382,772830.492
G100000409774,S1,capacity_factor,high,0.232,646975.582,841373.411
G100000409774,S1,efficiency,central,0.36,594269.382,772830.492
G100000409774,S1,efficiency,low,0.335,870930.979,948049.504
G100000409774,S1,efficiency,high,0.385,353537.862,620367.196
G100000409774,S1,emission_factor,central,56100.0,594269.382,772830.492
G100000409774,S1,emission_factor,low,54300.0,475319.688,697495.686
G100000409774,S1,emission_factor,high,58300.0,739652.337,864906.362
G100000409774,S2,lifetime,central,30,850666.233,1029227.343
G100000409774,S2,lifetime,low,25,457874.832,636435.942
G100000409774,S2,lifetime,high,40,1787095.415,1965656.525
G100000409774,S2,capacity_factor,central,0.2131,850666.233,1029227.343
G100000409774,S2,capacity_factor,low,0.2131,850666.233,1029227.343
G100000409774,S2,capacity_factor,high,0.232,926112.471,1120510.3
G100000409774,S2,efficiency,central,0.36,850666.233,1029227.343
G100000409774,S2,efficiency,low,0.335,1127327.832,1204446.357
G100000409774,S2,efficiency,high,0.385,609934.713,876764.047
G100000409774,S2,emission_factor,central,56100.0,850666.233,1029227.343
G100000409774,S2,emission_factor,low,54300.0,731716.542,953892.54
G100000409774,S2,emission_factor,high,58300.0,996049.197,1121303.222
G100000409775,S1,lifetime,central,30,594269.382,772830.492
G100000409775,S1,lifetime,low,25,294890.804,473451.914
G100000409775,S1,lifetime,high,40,1338832.249,1517393.359
G100000409775,S1,capacity_factor,central,0.2131,594269.382,772830.492
G100000409775,S1,capacity_factor,low,0.2131,594269.382,772830.492
G100000409775,S1,capacity_factor,high,0.232,646975.582,841373.411
G100000409775,S1,efficiency,central,0.36,594269.382,772830.492
G100000409775,S1,efficiency,low,0.335,870930.979,948049.504
G100000409775,S1,efficiency,high,0.385,353537.862,620367.196
G100000409775,S1,emission_factor,central,56100.0,594269.382,772830.492
G100000409775,S1,emission_factor,low,54300.0,475319.688,697495.686
G100000409775,S1,emission_factor,high,58300.0,739652.337,864906.362
G100000409775,S2,lifetime,central,30,850666.233,1029227.343
G100000409775,S2,lifetime,low,25,457874.832,636435.942
G100000409775,S2,lifetime,high,40,1787095.415,1965656.525
G100000409775,S2,capacity_factor,central,0.2131,850666.233,1029227.343
G100000409775,S2,capacity_factor,low,0.2131,850666.233,1029227.343
G100000409775,S2,capacity_factor,high,0.232,926112.471,1120510.3
G100000409775,S2,efficiency,central,0.36,850666.233,1029227.343
G100000409775,S2,efficiency,low,0.335,1127327.832,1204446.357
G100000409775,S2,efficiency,high,0.385,609934.713,876764.047
G100000409775,S2,emission_factor,central,56100.0,850666.233,1029227.343
G100000409775,S2,emission_factor,low,54300.0,731716.542,953892.54
G100000409775,S2,emission_factor,high,58300.0,996049.197,1121303.222
G100000409776,S1,lifetime,central,30,594269.382,772830.492
G100000409776,S1,lifetime,low,25,294890.804,473451.914
G100000409776,S1,lifetime,high,40,1338832.249,1517393.359
G100000409776,S1,capacity_factor,central,0.2131,594269.382,772830.492
G100000409776,S1,capacity_factor,low,0.2131,594269.382,772830.492
G100000409776,S1,capacity_factor,high,0.232,646975.582,841373.411
G100000409776,S1,efficiency,central,0.36,594269.382,772830.492
G100000409776,S1,efficiency,low,0.335,870930.979,948049.504
G100000409776,S1,efficiency,high,0.385,353537.862,620367.196
G100000409776,S1,emission_factor,central,56100.0,594269.382,772830.492
G100000409776,S1,emission_factor,low,54300.0,475319.688,697495.686
G100000409776,S1,emission_factor,high,58300.0,739652.337,864906.362
G100000409776,S2,lifetime,central,30,850666.233,1029227.343
G100000409776,S2,lifetime,low,25,457874.832,636435.942
G100000409776,S2,lifetime,high,40,1787095.415,1965656.525
G100000409776,S2,capacity_factor,central,0.2131,850666.233,1029227.343
G100000409776,S2,capacity_factor,low,0.2131,850666.233,1029227.343
G100000409776,S2,capacity_factor,high,0.232,926112.471,1120510.3
G100000409776,S2,efficiency,central,0.36,850666.233,1029227.343
G100000409776,S2,efficiency,low,0.335,1127327.832,1204446.357
G100000409776,S2,efficiency,high,0.385,609934.713,876764.047
G100000409776,S2,emission_factor,central,56100.0,850666.233,1029227.343
G100000409776,S2,emission_factor,low,54300.0,731716.542,953892.54
G100000409776,S2,emission_factor,high,58300.0,996049.197,1121303.222
G100000409777,S1,lifetime,central,30,594269.382,772830.492
G100000409777,S1,lifetime,low,25,294890.804,473451.914
G100000409777,S1,lifetime,high,40,1338832.249,1517393.359
G100000409777,S1,capacity_factor,central,0.2131,594269.382,772830.492
G100000409777,S1,capacity_factor,low,0.2131,594269.382,772830.492
G100000409777,S1,capacity_factor,high,0.232,646975.582,841373.411
G100000409777,S1,efficiency,central,0.36,594269.382,772830.492
G100000409777,S1,efficiency,low,0.335,870930.979,948049.504
G100000409777,S1,efficiency,high,0.385,353537.862,620367.196
G100000409777,S1,emission_factor,central,56100.0,594269.382,772830.492
G100000409777,S1,emission_factor,low,54300.0,475319.688,697495.686
G100000409777,S1,emission_factor,high,58300.0,739652.337,864906.362
G100000409777,S2,lifetime,central,30,850666.233,1029227.343
G100000409777,S2,lifetime,low,25,457874.832,636435.942
G100000409777,S2,lifetime,high,40,1787095.415,1965656.525
G100000409777,S2,capacity_factor,central,0.2131,850666.233,1029227.343
G100000409777,S2,capacity_factor,low,0.2131,850666.233,1029227.343
G100000409777,S2,capacity_factor,high,0.232,926112.471,1120510.3
G100000409777,S2,efficiency,central,0.36,850666.233,1029227.343
G100000409777,S2,efficiency,low,0.335,1127327.832,1204446.357
G100000409777,S2,efficiency,high,0.385,609934.713,876764.047
G100000409777,S2,emission_factor,central,56100.0,850666.233,1029227.343
G100000409777,S2,emission_factor,low,54300.0,731716.542,953892.54
G100000409777,S2,emission_factor,high,58300.0,996049.197,1121303.222
G100000409778,S1,lifetime,central,30,594269.382,772830.492
G100000409778,S1,lifetime,low,25,294890.804,473451.914
G100000409778,S1,lifetime,high,40,1338832.249,1517393.359
G100000409778,S1,capacity_factor,central,0.2131,594269.382,772830.492
G100000409778,S1,capacity_factor,low,0.2131,594269.382,772830.492
G100000409778,S1,capacity_factor,high,0.232,646975.582,841373.411
G100000409778,S1,efficiency,central,0.36,594269.382,772830.492
G100000409778,S1,efficiency,low,0.335,870930.979,948049.504
G100000409778,S1,efficiency,high,0.385,353537.862,620367.196
G100000409778,S1,emission_factor,central,56100.0,594269.382,772830.492
G100000409778,S1,emission_factor,low,54300.0,475319.688,697495.686
G100000409778,S1,emission_factor,high,58300.0,739652.337,864906.362
G100000409778,S2,lifetime,central,30,850666.233,1029227.343
G100000409778,S2,lifetime,low,25,457874.832,636435.942
G100000409778,S2,lifetime,high,40,1787095.415,1965656.525
G100000409778,S2,capacity_factor,central,0.2131,850666.233,1029227.343
G100000409778,S2,capacity_factor,low,0.2131,850666.233,1029227.343
G100000409778,S2,capacity_factor,high,0.232,926112.471,1120510.3
G100000409778,S2,efficiency,central,0.36,850666.233,1029227.343
G100000409778,S2,efficiency,low,0.335,1127327.832,1204446.357
G100000409778,S2,efficiency,high,0.385,609934.713,876764.047
G100000409778,S2,emission_factor,central,56100.0,850666.233,1029227.343
G100000409778,S2,emission_factor,low,54300.0,731716.542,953892.54
G100000409778,S2,emission_factor,high,58300.0,996049.197,1121303.222
G100000100962,S1,lifetime,central,40,25063056.381,18382703.752
G100000100962,S1,lifetime,low,30,16082948.902,9402596.273
G100000100962,S1,lifetime,high,50,35071508.192,28391155.563
G100000100962,S1,capacity_factor,central,0.617,25063056.381,18382703.752
G100000100962,S1,capacity_factor,low,0.6045,24555295.919,18010282.687
G100000100962,S1,capacity_factor,high,0.6367,25863286.867,18969639.35
G100000100962,S1,efficiency,central,0.35,25063056.381,18382703.752
G100000100962,S1,efficiency,low,0.325,28893247.899,20585063.875
G100000100962,S1,efficiency,high,0.374,21867829.596,16545448.35
G100000100962,S1,emission_factor,central,96100.0,25063056.381,18382703.752
G100000100962,S1,emission_factor,low,92800.0,23353164.251,17399515.777
G100000100962,S1,emission_factor,high,100000.0,27083702.803,19544575.445
G100000100962,S2,lifetime,central,40,26971500.96,20291148.331
G100000100962,S2,lifetime,low,30,16913775.205,10233422.576
G100000100962,S2,lifetime,high,50,38050115.965,31369763.336
G100000100962,S2,capacity_factor,central,0.617,26971500.96,20291148.331
G100000100962,S2,capacity_factor,low,0.6045,26425076.711,19880063.479
G100000100962,S2,capacity_factor,high,0.6367,27832665.577,20939018.06
G100000100962,S2,efficiency,central,0.35,26971500.96,20291148.331
G100000100962,S2,efficiency,low,0.325,30801692.477,22493508.453
G100000100962,S2,efficiency,high,0.374,23776274.178,18453892.932
G100000100962,S2,emission_factor,central,96100.0,26971500.96,20291148.331
G100000100962,S2,emission_factor,low,92800.0,25261608.829,19307960.355
G100000100962,S2,emission_factor,high,100000.0,28992147.38,21453020.022
G100000100963,S1,lifetime,central,40,25063056.381,18382703.752
G100000100963,S1,lifetime,low,30,16082948.902,9402596.273
G100000100963,S1,lifetime,high,50,35071508.192,28391155.563
G100000100963,S1,capacity_factor,central,0.617,25063056.381,18382703.752
G100000100963,S1,capacity_factor,low,0.6045,24555295.919,18010282.687
G100000100963,S1,capacity_factor,high,0.6367,25863286.867,18969639.35
G100000100963,S1,efficiency,central,0.35,25063056.381,18382703.752
G100000100963,S1,efficiency,low,0.325,28893247.899,20585063.875
G100000100963,S1,efficiency,high,0.374,21867829.596,16545448.35
G100000100963,S1,emission_factor,central,96100.0,25063056.381,18382703.752
G100000100963,S1,emission_factor,low,92800.0,23353164.251,17399515.777
G100000100963,S1,emission_factor,high,100000.0,27083702.803,19544575.445
G100000100963,S2,lifetime,central,40,26971500.96,20291148.331
G100000100963,S2,lifetime,low,30,16913775.205,10233422.576
G100000100963,S2,lifetime,high,50,38050115.965,31369763.336
G100000100963,S2,capacity_factor,central,0.617,26971500.96,20291148.331
G100000100963,S2,capacity_factor,low,0.6045,26425076.711,19880063.479
G100000100963,S2,capacity_factor,high,0.6367,27832665.577,20939018.06
G100000100963,S2,efficiency,central,0.35,26971500.96,20291148.331
G100000100963,S2,efficiency,low,0.325,30801692.477,22493508.453
G100000100963,S2,efficiency,high,0.374,23776274.178,18453892.932
G100000100963,S2,emission_factor,central,96100.0,26971500.96,20291148.331
G100000100963,S2,emission_factor,low,92800.0,25261608.829,19307960.355
G100000100963,S2,emission_factor,high,100000.0,28992147.38,21453020.022
G100000927827,S1,lifetime,central,25,-25941623.038,-25941623.038
G100000927827,S1,lifetime,low,20,-22402191.987,-22402191.987
G100000927827,S1,lifetime,high,30,-28910265.652,-28910265.652
G100000927827,S1,capacity_factor,central,0.2743,-25941623.038,-25941623.038
G100000927827,S1,capacity_factor,low,0.2402,-22716652.768,-22716652.768
G100000927827,S1,capacity_factor,high,0.2897,-27398061.223,-27398061.223
G100000927827,S2,lifetime,central,25,-18798235.638,-18798235.638
G100000927827,S2,lifetime,low,20,-16802511.634,-16802511.634
G100000927827,S2,lifetime,high,30,-20308823.476,-20308823.476
G100000927827,S2,capacity_factor,central,0.2743,-18798235.638,-18798235.638
G100000927827,S2,capacity_factor,low,0.2402,-16461305.874,-16461305.874
G100000927827,S2,capacity_factor,high,0.2897,-19853623.275,-19853623.275
G100000908242,S1,lifetime,central,25,-589492.51,-289042.221
G100000908242,S1,lifetime,low,20,-509509.296,-209059.007
G100000908242,S1,lifetime,high,30,-656577.182,-356126.893
G100000908242,S1,capacity_factor,central,0.2743,-589492.51,-289042.221
G100000908242,S1,capacity_factor,low,0.2402,-516208.897,-253109.52
G100000908242,S1,capacity_factor,high,0.2897,-622588.333,-305269.891
G100000908242,S2,lifetime,central,25,-549987.776,-249537.487
G100000908242,S2,lifetime,low,20,-488625.308,-188175.019
G100000908242,S2,lifetime,high,30,-596433.768,-295983.479
G100000908242,S2,capacity_factor,central,0.2743,-549987.776,-249537.487
G100000908242,S2,capacity_factor,low,0.2402,-481615.252,-218515.875
G100000908242,S2,capacity_factor,high,0.2897,-580865.69,-263547.248
G100000401509,S1,capacity_factor,central,0.2131,-352150.938,42627.411
G100000401509,S1,capacity_factor,low,0.2131,-352150.938,42627.411
G100000401509,S1,capacity_factor,high,0.232,-383383.47,46408.068
G100000401509,S1,efficiency,central,0.36,-352150.938,42627.411
G100000401509,S1,efficiency,low,0.335,-226168.311,62947.189
G100000401509,S1,efficiency,high,0.385,-461772.184,24946.564
G100000401509,S1,emission_factor,central,56100.0,-352150.938,42627.411
G100000401509,S1,emission_factor,low,54300.0,-406316.729,33890.992
G100000401509,S1,emission_factor,high,58300.0,-285948.302,53305.255
G100000401509,S2,capacity_factor,central,0.2131,-338836.346,55942.003
G100000401509,S2,capacity_factor,low,0.2131,-338836.346,55942.003
G100000401509,S2,capacity_factor,high,0.232,-368887.996,60903.542
G100000401509,S2,efficiency,central,0.36,-338836.346,55942.003
G100000401509,S2,efficiency,low,0.335,-212853.719,76261.781
G100000401509,S2,efficiency,high,0.385,-448457.591,38261.157
G100000401509,S2,emission_factor,central,56100.0,-338836.346,55942.003
G100000401509,S2,emission_factor,low,54300.0,-393002.136,47205.585
G100000401509,S2,emission_factor,high,58300.0,-272633.709,66619.848
G100000401510,S1,capacity_factor,central,0.2131,-352150.938,42627.411
G100000401510,S1,capacity_factor,low,0.2131,-352150.938,42627.411
G100000401510,S1,capacity_factor,high,0.232,-383383.47,46408.068
G100000401510,S1,efficiency,central,0.36,-352150.938,42627.411
G100000401510,S1,efficiency,low,0.335,-226168.311,62947.189
G100000401510,S1,efficiency,high,0.385,-461772.184,24946.564
G100000401510,S1,emission_factor,central,56100.0,-352150.938,42627.411
G100000401510,S1,emission_factor,low,54300.0,-406316.729,33890.992
G100000401510,S1,emission_factor,high,58300.0,-285948.302,53305.255
G100000401510,S2,capacity_factor,central,0.2131,-338836.346,55942.003
G100000401510,S2,capacity_factor,low,0.2131,-338836.346,55942.003
G100000401510,S2,capacity_factor,high,0.232,-368887.996,60903.542
G100000401510,S2,efficiency,central,0.36,-338836.346,55942.003
G100000401510,S2,efficiency,low,0.335,-212853.719,76261.781
G100000401510,S2,efficiency,high,0.385,-448457.591,38261.157
G100000401510,S2,emission_factor,central,56100.0,-338836.346,55942.003
G100000401510,S2,emission_factor,low,54300.0,-393002.136,47205.585
G100000401510,S2,emission_factor,high,58300.0,-272633.709,66619.848
G100000401511,S1,capacity_factor,central,0.2131,-352150.938,42627.411
G100000401511,S1,capacity_factor,low,0.2131,-352150.938,42627.411
G100000401511,S1,capacity_factor,high,0.232,-383383.47,46408.068
G100000401511,S1,efficiency,central,0.36,-352150.938,42627.411
G100000401511,S1,efficiency,low,0.335,-226168.311,62947.189
G100000401511,S1,efficiency,high,0.385,-461772.184,24946.564
G100000401511,S1,emission_factor,central,56100.0,-352150.938,42627.411
G100000401511,S1,emission_factor,low,54300.0,-406316.729,33890.992
G100000401511,S1,emission_factor,high,58300.0,-285948.302,53305.255
G100000401511,S2,capacity_factor,central,0.2131,-338836.346,55942.003
G100000401511,S2,capacity_factor,low,0.2131,-338836.346,55942.003
G100000401511,S2,capacity_factor,high,0.232,-368887.996,60903.542
G100000401511,S2,efficiency,central,0.36,-338836.346,55942.003
G100000401511,S2,efficiency,low,0.335,-212853.719,76261.781
G100000401511,S2,efficiency,high,0.385,-448457.591,38261.157
G100000401511,S2,emission_factor,central,56100.0,-338836.346,55942.003
G100000401511,S2,emission_factor,low,54300.0,-393002.136,47205.585
G100000401511,S2,emission_factor,high,58300.0,-272633.709,66619.848
G100000806494,S1,lifetime,central,25,-2582536.189,-2280189.093
G100000806494,S1,lifetime,low,20,-2230555.844,-1928208.748
G100000806494,S1,lifetime,high,30,-2877754.208,-2575407.112
G100000806494,S1,capacity_factor,central,0.1568,-2582536.189,-2280189.093
G100000806494,S1,capacity_factor,low,0.1459,-2403010.393,-2121681.048
G100000806494,S1,capacity_factor,high,0.1675,-2758767.932,-2435788.732
G100000806494,S2,lifetime,central,25,-2157902.258,-1855555.162
G100000806494,S2,lifetime,low,20,-1928764.848,-1626417.752
G100000806494,S2,lifetime,high,30,-2331339.162,-2028992.066
G100000806494,S2,capacity_factor,central,0.1568,-2157902.258,-1855555.162
G100000806494,S2,capacity_factor,low,0.1459,-2007895.02,-1726565.675
G100000806494,S2,capacity_factor,high,0.1675,-2305157.069,-1982177.869
G100000409789,S1,lifetime,central,30,-1997519.322,45577.915
G100000409789,S1,lifetime,low,25,-2444186.426,-401089.189
G100000409789,S1,lifetime,high,40,-539848.198,1503249.039
G100000409789,S1,capacity_factor,central,0.2131,-1997519.322,45577.915
G100000409789,S1,capacity_factor,low,0.2131,-1997519.322,45577.915
G100000409789,S1,capacity_factor,high,0.232,-2174680.822,49620.255
G100000409789,S1,efficiency,central,0.55,-1997519.322,45577.915
G100000409789,S1,efficiency,low,0.511,-1228475.175,583908.819
G100000409789,S1,efficiency,high,0.589,-2664720.607,-421462.984
G100000409789,S1,emission_factor,central,56100.0,-1997519.322,45577.915
G100000409789,S1,emission_factor,low,54300.0,-2320760.156,-180690.665
G100000409789,S1,emission_factor,high,58300.0,-1602291.69,322237.26
G100000409789,S2,lifetime,central,30,-772385.519,1270711.718
G100000409789,S2,lifetime,low,25,-1615649.847,427447.39
G100000409789,S2,lifetime,high,40,1474503.262,3517600.499
G100000409789,S2,capacity_factor,central,0.2131,-772385.519,1270711.718
G100000409789,S2,capacity_factor,low,0.2131,-772385.519,1270711.718
G100000409789,S2,capacity_factor,high,0.232,-840888.978,1383412.099
G100000409789,S2,efficiency,central,0.55,-772385.519,1270711.718
G100000409789,S2,efficiency,low,0.511,-3341.375,1809042.619
G100000409789,S2,efficiency,high,0.589,-1439586.803,803670.82
G100000409789,S2,emission_factor,central,56100.0,-772385.519,1270711.718
G100000409789,S2,emission_factor,low,54300.0,-1095626.356,1044443.135
G100000409789,S2,emission_factor,high,58300.0,-377157.889,1547371.061
G100000831054,S1,lifetime,central,25,-189892.365,-167660.961
G100000831054,S1,lifetime,low,20,-164011.457,-141780.053
G100000831054,S1,lifetime,high,30,-211599.573,-189368.169
G100000831054,S1,capacity_factor,central,0.1568,-189892.365,-167660.961
G100000831054,S1,capacity_factor,low,0.1459,-176691.94,-156005.959
G100000831054,S1,capacity_factor,high,0.1675,-202850.584,-179102.114
G100000831054,S2,lifetime,central,25,-158669.284,-136437.88
G100000831054,S2,lifetime,low,20,-141820.944,-119589.54
G100000831054,S2,lifetime,high,30,-171421.997,-149190.593
G100000831054,S2,capacity_factor,central,0.1568,-158669.284,-136437.88
G100000831054,S2,capacity_factor,low,0.1459,-147639.339,-126953.358
G100000831054,S2,capacity_factor,high,0.1675,-169496.844,-145748.374
G100000908243,S1,lifetime,central,25,-952279.539,-840792.639
G100000908243,S1,lifetime,low,20,-822490.968,-711004.068
G100000908243,S1,lifetime,high,30,-1061137.676,-949650.776
G100000908243,S1,capacity_factor,central,0.2743,-952279.539,-840792.639
G100000908243,S1,capacity_factor,low,0.2402,-833895.536,-736268.29
G100000908243,S1,capacity_factor,high,0.2897,-1005743.281,-887997.183
G100000908243,S2,lifetime,central,25,-795700.824,-684213.924
G100000908243,S2,lifetime,low,20,-711209.126,-599722.226
G100000908243,S2,lifetime,high,30,-859653.623,-748166.723
G100000908243,S2,capacity_factor,central,0.2743,-795700.824,-684213.924
G100000908243,S2,capacity_factor,low,0.2402,-696782.128,-599154.882
G100000908243,S2,capacity_factor,high,0.2897,-840373.782,-722627.684
G100000908250,S1,lifetime,central,25,-5319871.236,-5319871.236
G100000908250,S1,lifetime,low,20,-4594036.931,-4594036.931
G100000908250,S1,lifetime,high,30,-5928653.378,-5928653.378
G100000908250,S1,capacity_factor,central,0.2743,-5319871.236,-5319871.236
G100000908250,S1,capacity_factor,low,0.2402,-4658523.774,-4658523.774
G100000908250,S1,capacity_factor,high,0.2897,-5618544.287,-5618544.287
G100000908250,S2,lifetime,central,25,-4271693.394,-4271693.394
G100000908250,S2,lifetime,low,20,-3818186.867,-3818186.867
G100000908250,S2,lifetime,high,30,-4614957.923,-4614957.923
G100000908250,S2,capacity_factor,central,0.2743,-4271693.394,-4271693.394
G100000908250,S2,capacity_factor,low,0.2402,-3740651.673,-3740651.673
G100000908250,S2,capacity_factor,high,0.2897,-4511518.69,-4511518.69
G100000409792,S1,lifetime,central,30,-2081005.821,-58231.752
G100000409792,S1,lifetime,low,25,-1904124.757,0
G100000409792,S1,lifetime,high,40,-2166020.405,-143246.336
G100000409792,S1,capacity_factor,central,0.2131,-2081005.821,-58231.752
G100000409792,S1,capacity_factor,low,0.2131,-2081005.821,-58231.752
G100000409792,S1,capacity_factor,high,0.232,-2265571.805,-63396.37
G100000409792,S1,efficiency,central,0.55,-2081005.821,-58231.752
G100000409792,S1,efficiency,low,0.511,-1906689.155,-45780.562
G100000409792,S1,efficiency,high,0.589,-2232238.116,-69034.059
G100000409792,S1,emission_factor,central,56100.0,-2081005.821,-58231.752
G100000409792,S1,emission_factor,low,54300.0,-2154273.747,-63465.175
G100000409792,S1,emission_factor,high,58300.0,-1991420.895,-51832.829
G100000409792,S2,lifetime,central,30,-2074342.747,-51568.678
G100000409792,S2,lifetime,low,25,-1904124.757,0
G100000409792,S2,lifetime,high,40,-2036764.785,-13990.716
G100000409792,S2,capacity_factor,central,0.2131,-2074342.747,-51568.678
G100000409792,S2,capacity_factor,low,0.2131,-2074342.747,-51568.678
G100000409792,S2,capacity_factor,high,0.232,-2258317.777,-56142.342
G100000409792,S2,efficiency,central,0.55,-2074342.747,-51568.678
G100000409792,S2,efficiency,low,0.511,-1900026.079,-39117.486
G100000409792,S2,efficiency,high,0.589,-2225575.041,-62370.984
G100000409792,S2,emission_factor,central,56100.0,-2074342.747,-51568.678
G100000409792,S2,emission_factor,low,54300.0,-2147610.672,-56802.1
G100000409792,S2,emission_factor,high,58300.0,-1984757.82,-45169.754
G100000401527,S1,capacity_factor,central,0.2131,-609492.006,73778.211
G100000401527,S1,capacity_factor,low,0.2131,-609492.006,73778.211
G100000401527,S1,capacity_factor,high,0.232,-663548.312,80321.656
G100000401527,S1,efficiency,central,0.36,-609492.006,73778.211
G100000401527,S1,efficiency,low,0.335,-391445.153,108947.058
G100000401527,S1,efficiency,high,0.385,-799221.087,43176.746
G100000401527,S1,emission_factor,central,56100.0,-609492.006,73778.211
G100000401527,S1,emission_factor,low,54300.0,-703240.493,58657.488
G100000401527,S1,emission_factor,high,58300.0,-494910.525,92259.094
G100000401527,S2,capacity_factor,central,0.2131,-586447.518,96822.699
G100000401527,S2,capacity_factor,low,0.2131,-586447.518,96822.699
G100000401527,S2,capacity_factor,high,0.232,-638459.992,105409.976
G100000401527,S2,efficiency,central,0.36,-586447.518,96822.699
G100000401527,S2,efficiency,low,0.335,-368400.667,131991.544
G100000401527,S2,efficiency,high,0.385,-776176.599,66221.234
G100000401527,S2,emission_factor,central,56100.0,-586447.518,96822.699
G100000401527,S2,emission_factor,low,54300.0,-680196.007,81701.974
G100000401527,S2,emission_factor,high,58300.0,-471866.038,115303.581
G100000401536,S1,capacity_factor,central,0.2131,-2972451.442,-205841.374
G100000401536,S1,capacity_factor,low,0.2131,-2972451.442,-205841.374
G100000401536,S1,capacity_factor,high,0.232,-3236080.404,-224097.6
G100000401536,S1,efficiency,central,0.55,-2972451.442,-205841.374
G100000401536,S1,efficiency,low,0.511,-2641448.564,-98489.09
G100000401536,S1,efficiency,high,0.589,-3259620.321,-298977.227
G100000401536,S1,emission_factor,central,56100.0,-2972451.442,-205841.374
G100000401536,S1,emission_factor,low,54300.0,-3111576.934,-250963.156
G100000401536,S1,emission_factor,high,58300.0,-2802342.242,-150670.823
G100000401536,S2,capacity_factor,central,0.2131,-2786714.373,-20104.305
G100000401536,S2,capacity_factor,low,0.2131,-2786714.373,-20104.305
G100000401536,S2,capacity_factor,high,0.232,-3033870.175,-21887.371
G100000401536,S2,efficiency,central,0.55,-2786714.373,-20104.305
G100000401536,S2,efficiency,low,0.511,-2455711.495,87247.979
G100000401536,S2,efficiency,high,0.589,-3073883.253,-113240.159
G100000401536,S2,emission_factor,central,56100.0,-2786714.373,-20104.305
G100000401536,S2,emission_factor,low,54300.0,-2925839.865,-65226.087
G100000401536,S2,emission_factor,high,58300.0,-2616605.174,35066.245
G100001018523,S1,capacity_factor,central,0.2131,-6223026.998,-430942.761
G100001018523,S1,capacity_factor,low,0.2131,-6223026.998,-430942.761
G100001018523,S1,capacity_factor,high,0.232,-6774951.961,-469163.4
G100001018523,S1,efficiency,central,0.55,-6223026.998,-430942.761
G100001018523,S1,efficiency,low,0.511,-5530050.208,-206193.532
G100001018523,S1,efficiency,high,0.589,-6824234.357,-625928.932
G100001018523,S1,emission_factor,central,56100.0,-6223026.998,-430942.761
G100001018523,S1,emission_factor,low,54300.0,-6514295.569,-525408.244
G100001018523,S1,emission_factor,high,58300.0,-5866891.946,-315439.5
G100001018523,S2,capacity_factor,central,0.2131,-5834173.953,-42089.716
G100001018523,S2,capacity_factor,low,0.2131,-5834173.953,-42089.716
G100001018523,S2,capacity_factor,high,0.232,-6351611.246,-45822.685
G100001018523,S2,efficiency,central,0.55,-5834173.953,-42089.716
G100001018523,S2,efficiency,low,0.511,-5141197.164,182659.512
G100001018523,S2,efficiency,high,0.589,-6435381.313,-237075.888
G100001018523,S2,emission_factor,central,56100.0,-5834173.953,-42089.716
G100001018523,S2,emission_factor,low,54300.0,-6125442.525,-136555.2
G100001018523,S2,emission_factor,high,58300.0,-5478038.902,73413.544
G100001050978,S1,lifetime,central,25,-2746575.0,-2746575.0
G100001050978,S1,lifetime,low,20,-2371836.942,-2371836.942
G100001050978,S1,lifetime,high,30,-3060880.703,-3060880.703
G100001050978,S1,capacity_factor,central,0.1568,-2746575.0,-2746575.0
G100001050978,S1,capacity_factor,low,0.1459,-2555645.998,-2555645.998
G100001050978,S1,capacity_factor,high,0.1675,-2934000.715,-2934000.715
G100001050978,S2,lifetime,central,25,-2116697.578,-2116697.578
G100001050978,S2,lifetime,low,20,-1891977.321,-1891977.321
G100001050978,S2,lifetime,high,30,-2286791.07,-2286791.07
G100001050978,S2,capacity_factor,central,0.1568,-2116697.578,-2116697.578
G100001050978,S2,capacity_factor,low,0.1459,-1969554.698,-1969554.698
G100001050978,S2,capacity_factor,high,0.1675,-2261140.59,-2261140.59
G100000106718,S1,lifetime,central,40,4944630.759,4329868.671
G100000106718,S1,lifetime,low,30,4356513.305,3741751.217
G100000106718,S1,lifetime,high,50,5079580.613,4464818.525
G100000106718,S1,capacity_factor,central,0.3449,4944630.759,4329868.671
G100000106718,S1,capacity_factor,low,0.2267,3250066.087,2845987.903
G100000106718,S1,capacity_factor,high,0.3841,5506618.369,4821984.799
G100000106718,S1,efficiency,central,0.43,4944630.759,4329868.671
G100000106718,S1,efficiency,low,0.4,9320136.345,8377211.338
G100000106718,S1,efficiency,high,0.46,1139862.206,810457.76
G100000106718,S1,emission_factor,central,96100.0,4944630.759,4329868.671
G100000106718,S1,emission_factor,low,92800.0,2941339.22,2476823.997
G100000106718,S1,emission_factor,high,100000.0,7312285.268,6519949.091
G100000106719,S1,lifetime,central,40,4757889.551,4363994.707
G100000106719,S1,lifetime,low,30,4214441.708,3820546.864
G100000106719,S1,lifetime,high,50,4846723.366,4452828.522
G100000106719,S1,capacity_factor,central,0.3449,4757889.551,4363994.707
G100000106719,S1,capacity_factor,low,0.2267,3127322.59,2868418.672
G100000106719,S1,capacity_factor,high,0.3841,5298652.877,4859989.468
G100000106719,S1,efficiency,central,0.43,4757889.551,4363994.707
G100000106719,S1,efficiency,low,0.4,9133395.137,8520725.014
G100000106719,S1,efficiency,high,0.46,953120.998,749464.582
G100000106719,S1,emission_factor,central,96100.0,4757889.551,4363994.707
G100000106719,S1,emission_factor,low,92800.0,2754598.011,2460867.744
G100000106719,S1,emission_factor,high,100000.0,7125544.06,6613266.49
G100000400848,S1,lifetime,central,30,-41504387.394,-40247725.131
G100000400848,S1,lifetime,low,25,-34026266.217,-32769603.954
G100000400848,S1,lifetime,high,40,-57162581.046,-55905918.783
G100000400848,S1,capacity_factor,central,0.5815,-41504387.394,-40247725.131
G100000400848,S1,capacity_factor,low,0.5815,-41504387.394,-40247725.131
G100000400848,S1,capacity_factor,high,0.7021,-50112176.078,-48594888.761
G100000400848,S1,efficiency,central,0.55,-41504387.394,-40247725.131
G100000400848,S1,efficiency,low,0.511,-38292334.248,-37142740.423
G100000400848,S1,efficiency,high,0.589,-44291075.272,-42941523.413
G100000400848,S1,emission_factor,central,56100.0,-41504387.394,-40247725.131
G100000400848,S1,emission_factor,low,54300.0,-42854461.693,-41552796.953
G100000400848,S1,emission_factor,high,58300.0,-39853647.111,-38652009.524
G100000919680,S1,lifetime,central,25,-1452513.224,-429373.701
G100000919680,S1,lifetime,low,20,-1230704.254,-207564.731
G100000919680,S1,lifetime,high,30,-1638768.702,-615629.179
G100000919680,S1,capacity_factor,central,0.2613,-1452513.224,-429373.701
G100000919680,S1,capacity_factor,low,0.2613,-1452513.224,-429373.701
G100000919680,S1,capacity_factor,high,0.3234,-1797714.418,-531417.737
G100000919680,S2,lifetime,central,25,-1336410.025,-313270.502
G100000919680,S2,lifetime,low,20,-1198677.337,-175537.814
G100000919680,S2,lifetime,high,30,-1418135.457,-394995.934
G100000919680,S2,capacity_factor,central,0.2613,-1336410.025,-313270.502
G100000919680,S2,capacity_factor,low,0.2613,-1336410.025,-313270.502
G100000919680,S2,capacity_factor,high,0.3234,-1654018.383,-387721.702
G100000919685,S1,lifetime,central,25,-1192195.847,-681485.314
G100000919685,S1,lifetime,low,20,-1018511.36,-507800.827
G100000919685,S1,lifetime,high,30,-1338040.639,-827330.106
G100000919685,S1,capacity_factor,central,0.2613,-1192195.847,-681485.314
G100000919685,S1,capacity_factor,low,0.2613,-1192195.847,-681485.314
G100000919685,S1,capacity_factor,high,0.3234,-1475530.564,-843445.655
G100000919685,S2,lifetime,central,25,-928176.907,-417466.374
G100000919685,S2,lifetime,low,20,-861850.67,-351140.137
G100000919685,S2,lifetime,high,30,-967532.459,-456821.926
G100000919685,S2,capacity_factor,central,0.2613,-928176.907,-417466.374
G100000919685,S2,capacity_factor,low,0.2613,-928176.907,-417466.374
G100000919685,S2,capacity_factor,high,0.3234,-1148765.45,-516680.541
G100000919772,S1,lifetime,central,25,-1450413.49,-1024694.339
G100000919772,S1,lifetime,low,20,-1242826.968,-817107.817
G100000919772,S1,lifetime,high,30,-1624726.146,-1199006.995
G100000919772,S1,capacity_factor,central,0.2613,-1450413.49,-1024694.339
G100000919772,S1,capacity_factor,low,0.2613,-1450413.49,-1024694.339
G100000919772,S1,capacity_factor,high,0.3234,-1795115.661,-1268221.007
G100000919772,S2,lifetime,central,25,-1014349.754,-588630.603
G100000919772,S2,lifetime,low,20,-949986.482,-524267.331
G100000919772,S2,lifetime,high,30,-1052540.509,-626821.358
G100000919772,S2,capacity_factor,central,0.2613,-1014349.754,-588630.603
G100000919772,S2,capacity_factor,low,0.2613,-1014349.754,-588630.603
G100000919772,S2,capacity_factor,high,0.3234,-1255417.947,-728523.293
G100000806851,S1,lifetime,central,25,-201692.607,-53874.032
G100000806851,S1,lifetime,low,20,-181286.738,-33468.163
G100000806851,S1,lifetime,high,30,-217073.204,-69254.629
G100000806851,S1,capacity_factor,central,0.1335,-201692.607,-53874.032
G100000806851,S1,capacity_factor,low,0.1321,-199577.478,-53309.061
G100000806851,S1,capacity_factor,high,0.1374,-207584.75,-55447.879
G100000806851,S2,lifetime,central,25,-189399.113,-41580.538
G100000806851,S2,lifetime,low,20,-176262.917,-28444.342
G100000806851,S2,lifetime,high,30,-197116.404,-49297.829
G100000806851,S2,capacity_factor,central,0.1335,-189399.113,-41580.538
G100000806851,S2,capacity_factor,low,0.1321,-187412.903,-41144.486
G100000806851,S2,capacity_factor,high,0.1374,-194932.12,-42795.249
G100000917135,S1,lifetime,central,25,-634036.125,-100731.14
G100000917135,S1,lifetime,low,20,-566257.371,-32952.386
G100000917135,S1,lifetime,high,30,-685123.259,-151818.274
G100000917135,S1,capacity_factor,central,0.2122,-634036.125,-100731.14
G100000917135,S1,capacity_factor,low,0.2122,-634036.125,-100731.14
G100000917135,S1,capacity_factor,high,0.2577,-769986.378,-122329.948
G100000917135,S2,lifetime,central,25,-617172.972,-83867.987
G100000917135,S2,lifetime,low,20,-563914.795,-30609.81
G100000917135,S2,lifetime,high,30,-648461.24,-115156.255
G100000917135,S2,capacity_factor,central,0.2122,-617172.972,-83867.987
G100000917135,S2,capacity_factor,low,0.2122,-617172.972,-83867.987
G100000917135,S2,capacity_factor,high,0.2577,-749507.423,-101850.993
G100000806840,S1,lifetime,central,25,-201692.607,-53874.032
G100000806840,S1,lifetime,low,20,-181286.738,-33468.163
G100000806840,S1,lifetime,high,30,-217073.204,-69254.629
G100000806840,S1,capacity_factor,central,0.1335,-201692.607,-53874.032
G100000806840,S1,capacity_factor,low,0.1321,-199577.478,-53309.061
G100000806840,S1,capacity_factor,high,0.1374,-207584.75,-55447.879
G100000806840,S2,lifetime,central,25,-189399.113,-41580.538
G100000806840,S2,lifetime,low,20,-176262.917,-28444.342
G100000806840,S2,lifetime,high,30,-197116.404,-49297.829
G100000806840,S2,capacity_factor,central,0.1335,-189399.113,-41580.538
G100000806840,S2,capacity_factor,low,0.1321,-187412.903,-41144.486
G100000806840,S2,capacity_factor,high,0.1374,-194932.12,-42795.249
G100000404589,S1,lifetime,central,30,-64715243.545,-15037757.458
G100000404589,S1,lifetime,low,25,-53979609.325,-4302123.238
G100000404589,S1,lifetime,high,40,-86102344.04,-36424857.953
G100000404589,S1,capacity_factor,central,0.4656,-64715243.545,-15037757.458
G100000404589,S1,capacity_factor,low,0.4656,-64715243.545,-15037757.458
G100000404589,S1,capacity_factor,high,0.5446,-75695707.979,-17589266.991
G100000404589,S1,efficiency,central,0.55,-64715243.545,-15037757.458
G100000404589,S1,efficiency,low,0.511,-61330686.295,-14248027.433
G100000404589,S1,efficiency,high,0.589,-67651591.181,-15722905.239
G100000404589,S1,emission_factor,central,56100.0,-64715243.545,-15037757.458
G100000404589,S1,emission_factor,low,54300.0,-66137823.917,-15369692.878
G100000404589,S1,emission_factor,high,58300.0,-62975849.847,-14631898.928
G100000404586,S1,lifetime,central,30,-48780677.225,-42232169.466
G100000404586,S1,lifetime,low,25,-40703779.293,-34155271.534
G100000404586,S1,lifetime,high,40,-64870891.023,-58322383.264
G100000404586,S1,capacity_factor,central,0.4656,-48780677.225,-42232169.466
G100000404586,S1,capacity_factor,low,0.4656,-48780677.225,-42232169.466
G100000404586,S1,capacity_factor,high,0.5446,-57057467.389,-49397851.141
G100000404586,S1,efficiency,central,0.55,-48780677.225,-42232169.466
G100000404586,S1,efficiency,low,0.511,-46208825.212,-40003231.057
G100000404586,S1,efficiency,high,0.589,-51011944.417,-44165934.366
G100000404586,S1,emission_factor,central,56100.0,-48780677.225,-42232169.466
G100000404586,S1,emission_factor,low,54300.0,-49861665.346,-43169025.839
G100000404586,S1,emission_factor,high,58300.0,-47458949.491,-41086672.098
G100000411179,S1,lifetime,central,30,-48780677.225,-42232169.466
G100000411179,S1,lifetime,low,25,-40703779.293,-34155271.534
G100000411179,S1,lifetime,high,40,-64870891.023,-58322383.264
G100000411179,S1,capacity_factor,central,0.4656,-48780677.225,-42232169.466
G100000411179,S1,capacity_factor,low,0.4656,-48780677.225,-42232169.466
G100000411179,S1,capacity_factor,high,0.5446,-57057467.389,-49397851.141
G100000411179,S1,efficiency,central,0.55,-48780677.225,-42232169.466
G100000411179,S1,efficiency,low,0.511,-46208825.212,-40003231.057
G100000411179,S1,efficiency,high,0.589,-51011944.417,-44165934.366
G100000411179,S1,emission_factor,central,56100.0,-48780677.225,-42232169.466
G100000411179,S1,emission_factor,low,54300.0,-49861665.346,-43169025.839
G100000411179,S1,emission_factor,high,58300.0,-47458949.491,-41086672.098
G100001095198,S1,lifetime,central,30,-5519547.224,0
G100001095198,S1,lifetime,low,25,-3894691.024,0
G100001095198,S1,lifetime,high,40,-8691389.92,-312037.107
G100001095198,S1,capacity_factor,central,0.4406,-5519547.224,0
G100001095198,S1,capacity_factor,low,0.4406,-5519547.224,0
G100001095198,S1,capacity_factor,high,0.5154,-6456592.463,0
G100001095198,S1,efficiency,central,0.36,-5519547.224,0
G100001095198,S1,efficiency,low,0.335,-4843790.013,0
G100001095198,S1,efficiency,high,0.385,-6107543.762,0
G100001095198,S1,emission_factor,central,56100.0,-5519547.224,0
G100001095198,S1,emission_factor,low,54300.0,-5810086.69,0
G100001095198,S1,emission_factor,high,58300.0,-5164443.435,0
G100000600287,S1,lifetime,central,60,-47616815.559,-23155880.5
G100000600287,S1,lifetime,low,40,-43968867.765,-19507932.706
G100000600287,S1,lifetime,high,80,-48789290.347,-24328355.288
G100000600287,S1,capacity_factor,central,0.4023,-47616815.559,-23155880.5
G100000600287,S1,capacity_factor,low,0.3786,-44811648.945,-21791738.397
G100000600287,S1,capacity_factor,high,0.4442,-52576160.757,-25567591.644
G100000600287,S2,lifetime,central,60,-38184324.191,-13723389.132
G100000600287,S2,lifetime,low,40,-37374859.553,-12913924.494
G100000600287,S2,lifetime,high,80,-38294396.548,-13833461.489
G100000600287,S2,capacity_factor,central,0.4023,-38184324.191,-13723389.132
G100000600287,S2,capacity_factor,low,0.3786,-35934837.533,-12914926.985
G100000600287,S2,capacity_factor,high,0.4442,-42161264.744,-15152695.631
G100000406788,S1,lifetime,central,30,14701515.067,13443945.15
G100000406788,S1,lifetime,low,25,11989023.283,10731453.366
G100000406788,S1,lifetime,high,40,20271124.195,19013554.278
G100000406788,S1,capacity_factor,central,0.3219,14701515.067,13443945.15
G100000406788,S1,capacity_factor,low,0.2479,11321856.43,10353383.045
G100000406788,S1,capacity_factor,high,0.5805,26512051.869,24244206.771
G100000406788,S1,efficiency,central,0.55,14701515.067,13443945.15
G100000406788,S1,efficiency,low,0.511,16041010.277,14649490.839
G100000406788,S1,efficiency,high,0.589,13539406.323,12398047.28
G100000406788,S1,emission_factor,central,56100.0,14701515.067,13443945.15
G100000406788,S1,emission_factor,low,54300.0,14138505.065,12937236.148
G100000406788,S1,emission_factor,high,58300.0,15389909.253,14063499.917
G100000406788,S2,lifetime,central,30,15496461.029,14238891.112
G100000406788,S2,lifetime,low,25,12644371.544,11386801.627
G100000406788,S2,lifetime,high,40,21275440.023,20017870.106
G100000406788,S2,capacity_factor,central,0.3219,15496461.029,14238891.112
G100000406788,S2,capacity_factor,low,0.2479,11934056.197,10965582.812
G100000406788,S2,capacity_factor,high,0.5805,27945621.708,25677776.61
G100000406788,S2,efficiency,central,0.55,15496461.029,14238891.112
G100000406788,S2,efficiency,low,0.511,16835956.24,15444436.802
G100000406788,S2,efficiency,high,0.589,14334352.284,13192993.241
G100000406788,S2,emission_factor,central,56100.0,15496461.029,14238891.112
G100000406788,S2,emission_factor,low,54300.0,14933451.026,13732182.109
G100000406788,S2,emission_factor,high,58300.0,16184855.214,14858445.878
G100001033657,S1,lifetime,central,25,-103881.5,-92080.011
G100001033657,S1,lifetime,low,20,-82593.627,-70792.138
G100001033657,S1,lifetime,high,30,-125385.371,-113583.882
G100001033657,S1,capacity_factor,central,0.1958,-103881.5,-92080.011
G100001033657,S1,capacity_factor,low,0.1515,-80378.178,-71246.791
G100001033657,S1,capacity_factor,high,0.1958,-103881.5,-92080.011
G100001033657,S2,lifetime,central,25,-68590.763,-56789.274
G100001033657,S2,lifetime,low,20,-59966.109,-48164.62
G100001033657,S2,lifetime,high,30,-75538.22,-63736.731
G100001033657,S2,capacity_factor,central,0.1958,-68590.763,-56789.274
G100001033657,S2,capacity_factor,low,0.1515,-53072.013,-43940.626
G100001033657,S2,capacity_factor,high,0.1958,-68590.763,-56789.274
G100000909359,S1,lifetime,central,25,-1324819.829,-666267.169
G100000909359,S1,lifetime,low,20,-1045245.394,-386692.734
G100000909359,S1,lifetime,high,30,-1607230.969,-948678.309
G100000909359,S1,capacity_factor,central,0.3313,-1324819.829,-666267.169
G100000909359,S1,capacity_factor,low,0.2865,-1145671.24,-576171.278
G100000909359,S1,capacity_factor,high,0.3313,-1324819.829,-666267.169
G100000909359,S2,lifetime,central,25,-1160521.818,-501969.158
G100000909359,S2,lifetime,low,20,-982404.051,-323851.391
G100000909359,S2,lifetime,high,30,-1304001.844,-645449.184
G100000909359,S2,capacity_factor,central,0.3313,-1160521.818,-501969.158
G100000909359,S2,capacity_factor,low,0.2865,-1003590.406,-434090.444
G100000909359,S2,capacity_factor,high,0.3313,-1160521.818,-501969.158
G100000909362,S1,lifetime,central,25,-1324819.829,-666267.169
G100000909362,S1,lifetime,low,20,-1045245.394,-386692.734
G100000909362,S1,lifetime,high,30,-1607230.969,-948678.309
G100000909362,S1,capacity_factor,central,0.3313,-1324819.829,-666267.169
G100000909362,S1,capacity_factor,low,0.2865,-1145671.24,-576171.278
G100000909362,S1,capacity_factor,high,0.3313,-1324819.829,-666267.169
G100000909362,S2,lifetime,central,25,-1160521.818,-501969.158
G100000909362,S2,lifetime,low,20,-982404.051,-323851.391
G100000909362,S2,lifetime,high,30,-1304001.844,-645449.184
G100000909362,S2,capacity_factor,central,0.3313,-1160521.818,-501969.158
G100000909362,S2,capacity_factor,low,0.2865,-1003590.406,-434090.444
G100000909362,S2,capacity_factor,high,0.3313,-1160521.818,-501969.158
G100000908900,S1,lifetime,central,25,-538686.691,-201286.438
G100000908900,S1,lifetime,low,20,-426409.477,-89009.224
G100000908900,S1,lifetime,high,30,-652103.131,-314702.878
G100000908900,S1,capacity_factor,central,0.3313,-538686.691,-201286.438
G100000908900,S1,capacity_factor,low,0.2865,-465842.851,-174067.504
G100000908900,S1,capacity_factor,high,0.3313,-538686.691,-201286.438
G100000908900,S2,lifetime,central,25,-498915.234,-161514.981
G100000908900,S2,lifetime,low,20,-416977.957,-79577.704
G100000908900,S2,lifetime,high,30,-564918.558,-227518.305
G100000908900,S2,capacity_factor,central,0.3313,-498915.234,-161514.981
G100000908900,S2,capacity_factor,low,0.2865,-431449.484,-139674.137
G100000908900,S2,capacity_factor,high,0.3313,-498915.234,-161514.981
G100000908654,S1,lifetime,central,25,-240771.466,-110932.046
G100000908654,S1,lifetime,low,20,-190042.281,-60202.861
G100000908654,S1,lifetime,high,30,-292015.376,-162175.956
G100000908654,S1,capacity_factor,central,0.3313,-240771.466,-110932.046
G100000908654,S1,capacity_factor,low,0.2865,-208213.179,-95931.275
G100000908654,S1,capacity_factor,high,0.3313,-240771.466,-110932.046
G100000908654,S2,lifetime,central,25,-215177.337,-85337.917
G100000908654,S2,lifetime,low,20,-181360.908,-51521.488
G100000908654,S2,lifetime,high,30,-242417.642,-112578.222
G100000908654,S2,capacity_factor,central,0.3313,-215177.337,-85337.917
G100000908654,S2,capacity_factor,low,0.2865,-186080.014,-73798.11
G100000908654,S2,capacity_factor,high,0.3313,-215177.337,-85337.917
G100000908980,S1,lifetime,central,25,-657022.86,-274250.817
G100000908980,S1,lifetime,low,20,-519205.287,-136433.244
G100000908980,S1,lifetime,high,30,-796238.8,-413466.757
G100000908980,S1,capacity_factor,central,0.3313,-657022.86,-274250.817
G100000908980,S1,capacity_factor,low,0.2865,-568177.026,-237165.286
G100000908980,S1,capacity_factor,high,0.3313,-657022.86,-274250.817
G100000908980,S2,lifetime,central,25,-598226.819,-215454.776
G100000908980,S2,lifetime,low,20,-502102.238,-119330.195
G100000908980,S2,lifetime,high,30,-675658.504,-292886.461
G100000908980,S2,capacity_factor,central,0.3313,-598226.819,-215454.776
G100000908980,S2,capacity_factor,low,0.2865,-517331.672,-186319.932
G100000908980,S2,capacity_factor,high,0.3313,-598226.819,-215454.776
G100000404229,S1,lifetime,central,30,2165558.546,158561.085
G100000404229,S1,lifetime,low,25,1764125.858,0
G100000404229,S1,lifetime,high,40,2953357.331,946359.87
G100000404229,S1,capacity_factor,central,0.4896,2165558.546,158561.085
G100000404229,S1,capacity_factor,low,0.4142,1832055.451,134142.16
G100000404229,S1,capacity_factor,high,0.4939,2184577.953,159953.676
G100000404229,S1,efficiency,central,0.36,2165558.546,158561.085
G100000404229,S1,efficiency,low,0.335,2416939.065,176516.837
G100000404229,S1,efficiency,high,0.385,1946824.85,142937.25
G100000404229,S1,emission_factor,central,56100.0,2165558.546,158561.085
G100000404229,S1,emission_factor,low,54300.0,2057478.369,150841.073
G100000404229,S1,emission_factor,high,58300.0,2297656.545,167996.657
G100000404229,S2,lifetime,central,30,2170926.937,163929.476
G100000404229,S2,lifetime,low,25,1764125.858,0
G100000404229,S2,lifetime,high,40,3075984.611,1068987.15
G100000404229,S2,capacity_factor,central,0.4896,2170926.937,163929.476
G100000404229,S2,capacity_factor,low,0.4142,1836597.092,138683.801
G100000404229,S2,capacity_factor,high,0.4939,2189993.492,165369.215
G100000404229,S2,efficiency,central,0.36,2170926.937,163929.476
G100000404229,S2,efficiency,low,0.335,2422307.454,181885.226
G100000404229,S2,efficiency,high,0.385,1952193.24,148305.64
G100000404229,S2,emission_factor,central,56100.0,2170926.937,163929.476
G100000404229,S2,emission_factor,low,54300.0,2062846.758,156209.462
G100000404229,S2,emission_factor,high,58300.0,2303024.934,173365.046
G100000101634,S1,capacity_factor,central,0.5752,24482681.0,16548396.307
G100000101634,S1,capacity_factor,low,0.4037,17182994.3,11614373.417
G100000101634,S1,capacity_factor,high,0.6024,25640415.569,17330935.215
G100000101634,S1,efficiency,central,0.35,24482681.0,16548396.307
G100000101634,S1,efficiency,low,0.325,27075519.34,18104099.311
G100000101634,S1,efficiency,high,0.374,22319644.246,15250574.256
G100000101634,S1,emission_factor,central,94600.0,24482681.0,16548396.307
G100000101634,S1,emission_factor,low,89500.0,22665431.945,15458046.875
G100000101634,S1,emission_factor,high,99700.0,26299806.735,17638671.748
G100000101634,S2,capacity_factor,central,0.5752,24482681.0,16548396.307
G100000101634,S2,capacity_factor,low,0.4037,17182994.3,11614373.417
G100000101634,S2,capacity_factor,high,0.6024,25640415.569,17330935.215
G100000101634,S2,efficiency,central,0.35,24482681.0,16548396.307
G100000101634,S2,efficiency,low,0.325,27075519.34,18104099.311
G100000101634,S2,efficiency,high,0.374,22319644.246,15250574.256
G100000101634,S2,emission_factor,central,94600.0,24482681.0,16548396.307
G100000101634,S2,emission_factor,low,89500.0,22665431.945,15458046.875
G100000101634,S2,emission_factor,high,99700.0,26299806.735,17638671.748
G100000101635,S1,capacity_factor,central,0.5752,24482681.0,16548396.307
G100000101635,S1,capacity_factor,low,0.4037,17182994.3,11614373.417
G100000101635,S1,capacity_factor,high,0.6024,25640415.569,17330935.215
G100000101635,S1,efficiency,central,0.35,24482681.0,16548396.307
G100000101635,S1,efficiency,low,0.325,27075519.34,18104099.311
G100000101635,S1,efficiency,high,0.374,22319644.246,15250574.256
G100000101635,S1,emission_factor,central,94600.0,24482681.0,16548396.307
G100000101635,S1,emission_factor,low,89500.0,22665431.945,15458046.875
G100000101635,S1,emission_factor,high,99700.0,26299806.735,17638671.748
G100000101635,S2,capacity_factor,central,0.5752,24482681.0,16548396.307
G100000101635,S2,capacity_factor,low,0.4037,17182994.3,11614373.417
G100000101635,S2,capacity_factor,high,0.6024,25640415.569,17330935.215
G100000101635,S2,efficiency,central,0.35,24482681.0,16548396.307
G100000101635,S2,efficiency,low,0.325,27075519.34,18104099.311
G100000101635,S2,efficiency,high,0.374,22319644.246,15250574.256
G100000101635,S2,emission_factor,central,94600.0,24482681.0,16548396.307
G100000101635,S2,emission_factor,low,89500.0,22665431.945,15458046.875
G100000101635,S2,emission_factor,high,99700.0,26299806.735,17638671.748
G100000808947,S1,lifetime,central,25,-981842.878,-525130.725
G100000808947,S1,lifetime,low,20,-892365.877,-435653.724
G100000808947,S1,lifetime,high,30,-1045927.222,-589215.069
G100000808947,S1,capacity_factor,central,0.2086,-981842.878,-525130.725
G100000808947,S1,capacity_factor,low,0.2086,-981842.878,-525130.725
G100000808947,S1,capacity_factor,high,0.2603,-1225185.531,-655280.576
G100000808947,S2,lifetime,central,25,-981842.878,-525130.725
G100000808947,S2,lifetime,low,20,-892365.877,-435653.724
G100000808947,S2,lifetime,high,30,-1045927.222,-589215.069
G100000808947,S2,capacity_factor,central,0.2086,-981842.878,-525130.725
G100000808947,S2,capacity_factor,low,0.2086,-981842.878,-525130.725
G100000808947,S2,capacity_factor,high,0.2603,-1225185.531,-655280.576
G100000103885,S1,lifetime,central,40,49083900.028,45681297.763
G100000103885,S1,lifetime,low,30,33223392.521,29820790.256
G100000103885,S1,lifetime,high,50,66561248.185,63158645.92
G100000103885,S1,capacity_factor,central,0.53,49083900.028,45681297.763
G100000103885,S1,capacity_factor,low,0.53,49083900.028,45681297.763
G100000103885,S1,capacity_factor,high,0.5728,53047656.481,49370278.033
G100000103885,S1,efficiency,central,0.43,49083900.028,45681297.763
G100000103885,S1,efficiency,low,0.4,56364553.274,52051869.354
G100000103885,S1,efficiency,high,0.46,42752897.198,40141670.288
G100000103885,S1,emission_factor,central,94600.0,49083900.028,45681297.763
G100000103885,S1,emission_factor,low,89500.0,43850526.027,41102095.512
G100000103885,S1,emission_factor,high,99700.0,54317435.823,50260641.584
G100000103885,S2,lifetime,central,40,49083900.028,45681297.763
G100000103885,S2,lifetime,low,30,33223392.521,29820790.256
G100000103885,S2,lifetime,high,50,66561248.185,63158645.92
G100000103885,S2,capacity_factor,central,0.53,49083900.028,45681297.763
G100000103885,S2,capacity_factor,low,0.53,49083900.028,45681297.763
G100000103885,S2,capacity_factor,high,0.5728,53047656.481,49370278.033
G100000103885,S2,efficiency,central,0.43,49083900.028,45681297.763
G100000103885,S2,efficiency,low,0.4,56364553.274,52051869.354
G100000103885,S2,efficiency,high,0.46,42752897.198,40141670.288
G100000103885,S2,emission_factor,central,94600.0,49083900.028,45681297.763
G100000103885,S2,emission_factor,low,89500.0,43850526.027,41102095.512
G100000103885,S2,emission_factor,high,99700.0,54317435.823,50260641.584
G100000103886,S1,lifetime,central,40,49083900.028,45681297.763
G100000103886,S1,lifetime,low,30,33223392.521,29820790.256
G100000103886,S1,lifetime,high,50,66561248.185,63158645.92
G100000103886,S1,capacity_factor,central,0.53,49083900.028,45681297.763
G100000103886,S1,capacity_factor,low,0.53,49083900.028,45681297.763
G100000103886,S1,capacity_factor,high,0.5728,53047656.481,49370278.033
G100000103886,S1,efficiency,central,0.43,49083900.028,45681297.763
G100000103886,S1,efficiency,low,0.4,56364553.274,52051869.354
G100000103886,S1,efficiency,high,0.46,42752897.198,40141670.288
G100000103886,S1,emission_factor,central,94600.0,49083900.028,45681297.763
G100000103886,S1,emission_factor,low,89500.0,43850526.027,41102095.512
G100000103886,S1,emission_factor,high,99700.0,54317435.823,50260641.584
G100000103886,S2,lifetime,central,40,49083900.028,45681297.763
G100000103886,S2,lifetime,low,30,33223392.521,29820790.256
G100000103886,S2,lifetime,high,50,66561248.185,63158645.92
G100000103886,S2,capacity_factor,central,0.53,49083900.028,45681297.763
G100000103886,S2,capacity_factor,low,0.53,49083900.028,45681297.763
G100000103886,S2,capacity_factor,high,0.5728,53047656.481,49370278.033
G100000103886,S2,efficiency,central,0.43,49083900.028,45681297.763
G100000103886,S2,efficiency,low,0.4,56364553.274,52051869.354
G100000103886,S2,efficiency,high,0.46,42752897.198,40141670.288
G100000103886,S2,emission_factor,central,94600.0,49083900.028,45681297.763
G100000103886,S2,emission_factor,low,89500.0,43850526.027,41102095.512
G100000103886,S2,emission_factor,high,99700.0,54317435.823,50260641.584
G100000104399,S1,lifetime,central,40,26872175.636,17830865.241
G100000104399,S1,lifetime,low,30,17633374.302,8592063.907
G100000104399,S1,lifetime,high,50,37201109.853,28159799.458
G100000104399,S1,capacity_factor,central,0.53,26872175.636,17830865.241
G100000104399,S1,capacity_factor,low,0.53,26872175.636,17830865.241
G100000104399,S1,capacity_factor,high,0.5728,29042230.574,19270791.716
G100000104399,S1,efficiency,central,0.35,26872175.636,17830865.241
G100000104399,S1,efficiency,low,0.325,31459227.61,20239067.527
G100000104399,S1,efficiency,high,0.374,23045495.864,15821858.36
G100000104399,S1,emission_factor,central,94600.0,26872175.636,17830865.241
G100000104399,S1,emission_factor,low,89500.0,23657237.107,16143022.512
G100000104399,S1,emission_factor,high,99700.0,30086895.984,19518593.423
G100000104399,S2,lifetime,central,40,26872175.636,17830865.241
G100000104399,S2,lifetime,low,30,17633374.302,8592063.907
G100000104399,S2,lifetime,high,50,37201109.853,28159799.458
G100000104399,S2,capacity_factor,central,0.53,26872175.636,17830865.241
G100000104399,S2,capacity_factor,low,0.53,26872175.636,17830865.241
G100000104399,S2,capacity_factor,high,0.5728,29042230.574,19270791.716
G100000104399,S2,efficiency,central,0.35,26872175.636,17830865.241
G100000104399,S2,efficiency,low,0.325,31459227.61,20239067.527
G100000104399,S2,efficiency,high,0.374,23045495.864,15821858.36
G100000104399,S2,emission_factor,central,94600.0,26872175.636,17830865.241
G100000104399,S2,emission_factor,low,89500.0,23657237.107,16143022.512
G100000104399,S2,emission_factor,high,99700.0,30086895.984,19518593.423
G100000104400,S1,lifetime,central,40,26872175.636,17830865.241
G100000104400,S1,lifetime,low,30,17633374.302,8592063.907
G100000104400,S1,lifetime,high,50,37201109.853,28159799.458
G100000104400,S1,capacity_factor,central,0.53,26872175.636,17830865.241
G100000104400,S1,capacity_factor,low,0.53,26872175.636,17830865.241
G100000104400,S1,capacity_factor,high,0.5728,29042230.574,19270791.716
G100000104400,S1,efficiency,central,0.35,26872175.636,17830865.241
G100000104400,S1,efficiency,low,0.325,31459227.61,20239067.527
G100000104400,S1,efficiency,high,0.374,23045495.864,15821858.36
G100000104400,S1,emission_factor,central,94600.0,26872175.636,17830865.241
G100000104400,S1,emission_factor,low,89500.0,23657237.107,16143022.512
G100000104400,S1,emission_factor,high,99700.0,30086895.984,19518593.423
G100000104400,S2,lifetime,central,40,26872175.636,17830865.241
G100000104400,S2,lifetime,low,30,17633374.302,8592063.907
G100000104400,S2,lifetime,high,50,37201109.853,28159799.458
G100000104400,S2,capacity_factor,central,0.53,26872175.636,17830865.241
G100000104400,S2,capacity_factor,low,0.53,26872175.636,17830865.241
G100000104400,S2,capacity_factor,high,0.5728,29042230.574,19270791.716
G100000104400,S2,efficiency,central,0.35,26872175.636,17830865.241
G100000104400,S2,efficiency,low,0.325,31459227.61,20239067.527
G100000104400,S2,efficiency,high,0.374,23045495.864,15821858.36
G100000104400,S2,emission_factor,central,94600.0,26872175.636,17830865.241
G100000104400,S2,emission_factor,low,89500.0,23657237.107,16143022.512
G100000104400,S2,emission_factor,high,99700.0,30086895.984,19518593.423
G100000112868,S1,capacity_factor,central,0.53,634545.869,0
G100000112868,S1,capacity_factor,low,0.53,634545.869,0
G100000112868,S1,capacity_factor,high,0.5728,685788.441,0
G100000112868,S1,efficiency,central,0.37,634545.869,0
G100000112868,S1,efficiency,low,0.344,828340.055,0
G100000112868,S1,efficiency,high,0.396,466201.655,0
G100000112868,S1,emission_factor,central,94600.0,634545.869,0
G100000112868,S1,emission_factor,low,89500.0,496309.702,0
G100000112868,S1,emission_factor,high,99700.0,772768.775,0
G100000112868,S2,capacity_factor,central,0.53,634545.869,0
G100000112868,S2,capacity_factor,low,0.53,634545.869,0
G100000112868,S2,capacity_factor,high,0.5728,685788.441,0
G100000112868,S2,efficiency,central,0.37,634545.869,0
G100000112868,S2,efficiency,low,0.344,828340.055,0
G100000112868,S2,efficiency,high,0.396,466201.655,0
G100000112868,S2,emission_factor,central,94600.0,634545.869,0
G100000112868,S2,emission_factor,low,89500.0,496309.702,0
G100000112868,S2,emission_factor,high,99700.0,772768.775,0
G100000112869,S1,capacity_factor,central,0.53,634545.869,0
G100000112869,S1,capacity_factor,low,0.53,634545.869,0
G100000112869,S1,capacity_factor,high,0.5728,685788.441,0
G100000112869,S1,efficiency,central,0.37,634545.869,0
G100000112869,S1,efficiency,low,0.344,828340.055,0
G100000112869,S1,efficiency,high,0.396,466201.655,0
G100000112869,S1,emission_factor,central,94600.0,634545.869,0
G100000112869,S1,emission_factor,low,89500.0,496309.702,0
G100000112869,S1,emission_factor,high,99700.0,772768.775,0
G100000112869,S2,capacity_factor,central,0.53,634545.869,0
G100000112869,S2,capacity_factor,low,0.53,634545.869,0
G100000112869,S2,capacity_factor,high,0.5728,685788.441,0
G100000112869,S2,efficiency,central,0.37,634545.869,0
G100000112869,S2,efficiency,low,0.344,828340.055,0
G100000112869,S2,efficiency,high,0.396,466201.655,0
G100000112869,S2,emission_factor,central,94600.0,634545.869,0
G100000112869,S2,emission_factor,low,89500.0,496309.702,0
G100000112869,S2,emission_factor,high,99700.0,772768.775,0
G100000104499,S1,capacity_factor,central,0.53,6838501.9,479264.544
G100000104499,S1,capacity_factor,low,0.53,6838501.9,479264.544
G100000104499,S1,capacity_factor,high,0.5728,7390743.186,517967.417
G100000104499,S1,efficiency,central,0.35,6838501.9,479264.544
G100000104499,S1,efficiency,low,0.325,8480458.004,557452.93
G100000104499,S1,efficiency,high,0.374,5468724.484,414037.048
G100000104499,S1,emission_factor,central,94600.0,6838501.9,479264.544
G100000104499,S1,emission_factor,low,89500.0,5687700.042,424464.456
G100000104499,S1,emission_factor,high,99700.0,7989225.662,534060.914
G100000104499,S2,capacity_factor,central,0.53,6838501.9,479264.544
G100000104499,S2,capacity_factor,low,0.53,6838501.9,479264.544
G100000104499,S2,capacity_factor,high,0.5728,7390743.186,517967.417
G100000104499,S2,efficiency,central,0.35,6838501.9,479264.544
G100000104499,S2,efficiency,low,0.325,8480458.004,557452.93
G100000104499,S2,efficiency,high,0.374,5468724.484,414037.048
G100000104499,S2,emission_factor,central,94600.0,6838501.9,479264.544
G100000104499,S2,emission_factor,low,89500.0,5687700.042,424464.456
G100000104499,S2,emission_factor,high,99700.0,7989225.662,534060.914
G100000104500,S1,capacity_factor,central,0.53,6838501.9,479264.544
G100000104500,S1,capacity_factor,low,0.53,6838501.9,479264.544
G100000104500,S1,capacity_factor,high,0.5728,7390743.186,517967.417
G100000104500,S1,efficiency,central,0.35,6838501.9,479264.544
G100000104500,S1,efficiency,low,0.325,8480458.004,557452.93
G100000104500,S1,efficiency,high,0.374,5468724.484,414037.048
G100000104500,S1,emission_factor,central,94600.0,6838501.9,479264.544
G100000104500,S1,emission_factor,low,89500.0,5687700.042,424464.456
G100000104500,S1,emission_factor,high,99700.0,7989225.662,534060.914
G100000104500,S2,capacity_factor,central,0.53,6838501.9,479264.544
G100000104500,S2,capacity_factor,low,0.53,6838501.9,479264.544
G100000104500,S2,capacity_factor,high,0.5728,7390743.186,517967.417
G100000104500,S2,efficiency,central,0.35,6838501.9,479264.544
G100000104500,S2,efficiency,low,0.325,8480458.004,557452.93
G100000104500,S2,efficiency,high,0.374,5468724.484,414037.048
G100000104500,S2,emission_factor,central,94600.0,6838501.9,479264.544
G100000104500,S2,emission_factor,low,89500.0,5687700.042,424464.456
G100000104500,S2,emission_factor,high,99700.0,7989225.662,534060.914
G100001072474,S1,lifetime,central,25,-873263.639,-873263.639
G100001072474,S1,lifetime,low,20,-733790.204,-733790.204
G100001072474,S1,lifetime,high,30,-998612.159,-998612.159
G100001072474,S1,capacity_factor,central,0.2023,-873263.639,-873263.639
G100001072474,S1,capacity_factor,low,0.2023,-873263.639,-873263.639
G100001072474,S1,capacity_factor,high,0.2379,-1026937.32,-1026937.32
G100001072474,S2,lifetime,central,25,-873263.639,-873263.639
G100001072474,S2,lifetime,low,20,-733790.204,-733790.204
G100001072474,S2,lifetime,high,30,-998612.159,-998612.159
G100001072474,S2,capacity_factor,central,0.2023,-873263.639,-873263.639
G100001072474,S2,capacity_factor,low,0.2023,-873263.639,-873263.639
G100001072474,S2,capacity_factor,high,0.2379,-1026937.32,-1026937.32
G100000112047,S1,lifetime,central,40,3966811.312,2553647.456
G100000112047,S1,lifetime,low,30,2585533.719,1172369.863
G100000112047,S1,lifetime,high,50,5516825.761,4103661.905
G100000112047,S1,capacity_factor,central,0.53,3966811.312,2553647.456
G100000112047,S1,capacity_factor,low,0.53,3966811.312,2553647.456
G100000112047,S1,capacity_factor,high,0.5728,4287150.039,2759866.535
G100000112047,S1,efficiency,central,0.35,3966811.312,2553647.456
G100000112047,S1,efficiency,low,0.325,4661819.191,2901151.395
G100000112047,S1,efficiency,high,0.374,3387011.351,2263747.475
G100000112047,S1,emission_factor,central,94600.0,3966811.312,2553647.456
G100000112047,S1,emission_factor,low,89500.0,3479699.418,2310091.51
G100000112047,S1,emission_factor,high,99700.0,4453890.152,2797186.876
G100000112047,S2,lifetime,central,40,3966811.312,2553647.456
G100000112047,S2,lifetime,low,30,2585533.719,1172369.863
G100000112047,S2,lifetime,high,50,5516825.761,4103661.905
G100000112047,S2,capacity_factor,central,0.53,3966811.312,2553647.456
G100000112047,S2,capacity_factor,low,0.53,3966811.312,2553647.456
G100000112047,S2,capacity_factor,high,0.5728,4287150.039,2759866.535
G100000112047,S2,efficiency,central,0.35,3966811.312,2553647.456
G100000112047,S2,efficiency,low,0.325,4661819.191,2901151.395
G100000112047,S2,efficiency,high,0.374,3387011.351,2263747.475
G100000112047,S2,emission_factor,central,94600.0,3966811.312,2553647.456
G100000112047,S2,emission_factor,low,89500.0,3479699.418,2310091.51
G100000112047,S2,emission_factor,high,99700.0,4453890.152,2797186.876
G100000112048,S1,lifetime,central,40,3966811.312,2553647.456
G100000112048,S1,lifetime,low,30,2585533.719,1172369.863
G100000112048,S1,lifetime,high,50,5516825.761,4103661.905
G100000112048,S1,capacity_factor,central,0.53,3966811.312,2553647.456
G100000112048,S1,capacity_factor,low,0.53,3966811.312,2553647.456
G100000112048,S1,capacity_factor,high,0.5728,4287150.039,2759866.535
G100000112048,S1,efficiency,central,0.35,3966811.312,2553647.456
G100000112048,S1,efficiency,low,0.325,4661819.191,2901151.395
G100000112048,S1,efficiency,high,0.374,3387011.351,2263747.475
G100000112048,S1,emission_factor,central,94600.0,3966811.312,2553647.456
G100000112048,S1,emission_factor,low,89500.0,3479699.418,2310091.51
G100000112048,S1,emission_factor,high,99700.0,4453890.152,2797186.876
G100000112048,S2,lifetime,central,40,3966811.312,2553647.456
G100000112048,S2,lifetime,low,30,2585533.719,1172369.863
G100000112048,S2,lifetime,high,50,5516825.761,4103661.905
G100000112048,S2,capacity_factor,central,0.53,3966811.312,2553647.456
G100000112048,S2,capacity_factor,low,0.53,3966811.312,2553647.456
G100000112048,S2,capacity_factor,high,0.5728,4287150.039,2759866.535
G100000112048,S2,efficiency,central,0.35,3966811.312,2553647.456
G100000112048,S2,efficiency,low,0.325,4661819.191,2901151.395
G100000112048,S2,efficiency,high,0.374,3387011.351,2263747.475
G100000112048,S2,emission_factor,central,94600.0,3966811.312,2553647.456
G100000112048,S2,emission_factor,low,89500.0,3479699.418,2310091.51
G100000112048,S2,emission_factor,high,99700.0,4453890.152,2797186.876
G100000105165,S1,lifetime,central,40,30728362.046,27830184.218
G100000105165,S1,lifetime,low,30,21093745.616,18195567.788
G100000105165,S1,lifetime,high,50,41238901.033,38340723.205
G100000105165,S1,capacity_factor,central,0.53,30728362.046,27830184.218
G100000105165,S1,capacity_factor,low,0.53,30728362.046,27830184.218
G100000105165,S1,capacity_factor,high,0.5728,33209822.23,30077602.87
G100000105165,S1,efficiency,central,0.39,30728362.046,27830184.218
G100000105165,S1,efficiency,low,0.363,34950113.273,31418672.759
G100000105165,S1,efficiency,high,0.417,27053284.364,24706368.188
G100000105165,S1,emission_factor,central,94600.0,30728362.046,27830184.218
G100000105165,S1,emission_factor,low,89500.0,27668563.713,25229355.633
G100000105165,S1,emission_factor,high,99700.0,33788508.79,30431308.948
G100000105165,S2,lifetime,central,40,30728362.046,27830184.218
G100000105165,S2,lifetime,low,30,21093745.616,18195567.788
G100000105165,S2,lifetime,high,50,41238901.033,38340723.205
G100000105165,S2,capacity_factor,central,0.53,30728362.046,27830184.218
G100000105165,S2,capacity_factor,low,0.53,30728362.046,27830184.218
G100000105165,S2,capacity_factor,high,0.5728,33209822.23,30077602.87
G100000105165,S2,efficiency,central,0.39,30728362.046,27830184.218
G100000105165,S2,efficiency,low,0.363,34950113.273,31418672.759
G100000105165,S2,efficiency,high,0.417,27053284.364,24706368.188
G100000105165,S2,emission_factor,central,94600.0,30728362.046,27830184.218
G100000105165,S2,emission_factor,low,89500.0,27668563.713,25229355.633
G100000105165,S2,emission_factor,high,99700.0,33788508.79,30431308.948
G100000105166,S1,lifetime,central,40,31309290.934,28844886.892
G100000105166,S1,lifetime,low,30,21578428.238,19114024.196
G100000105166,S1,lifetime,high,50,41897569.126,39433165.084
G100000105166,S1,capacity_factor,central,0.53,31309290.934,28844886.892
G100000105166,S1,capacity_factor,low,0.53,31309290.934,28844886.892
G100000105166,S1,capacity_factor,high,0.5728,33837663.865,31174247.571
G100000105166,S1,efficiency,central,0.39,31309290.934,28844886.892
G100000105166,S1,efficiency,low,0.363,35531042.16,32538919.213
G100000105166,S1,efficiency,high,0.417,27634213.252,25629193.92
G100000105166,S1,emission_factor,central,94600.0,31309290.934,28844886.892
G100000105166,S1,emission_factor,low,89500.0,28249492.6,26167563.348
G100000105166,S1,emission_factor,high,99700.0,34369437.677,31522515.29
G100000105166,S2,lifetime,central,40,31309290.934,28844886.892
G100000105166,S2,lifetime,low,30,21578428.238,19114024.196
G100000105166,S2,lifetime,high,50,41897569.126,39433165.084
G100000105166,S2,capacity_factor,central,0.53,31309290.934,28844886.892
G100000105166,S2,capacity_factor,low,0.53,31309290.934,28844886.892
G100000105166,S2,capacity_factor,high,0.5728,33837663.865,31174247.571
G100000105166,S2,efficiency,central,0.39,31309290.934,28844886.892
G100000105166,S2,efficiency,low,0.363,35531042.16,32538919.213
G100000105166,S2,efficiency,high,0.417,27634213.252,25629193.92
G100000105166,S2,emission_factor,central,94600.0,31309290.934,28844886.892
G100000105166,S2,emission_factor,low,89500.0,28249492.6,26167563.348
G100000105166,S2,emission_factor,high,99700.0,34369437.677,31522515.29
G100000106307,S1,lifetime,central,40,30134482.23,26824207.849
G100000106307,S1,lifetime,low,30,20598189.44,17287915.059
G100000106307,S1,lifetime,high,50,40565604.057,37255329.676
G100000106307,S1,capacity_factor,central,0.53,30134482.23,26824207.849
G100000106307,S1,capacity_factor,low,0.53,30134482.23,26824207.849
G100000106307,S1,capacity_factor,high,0.5728,32567983.817,28990389.164
G100000106307,S1,efficiency,central,0.39,30134482.23,26824207.849
G100000106307,S1,efficiency,low,0.363,34356233.458,30307152.61
G100000106307,S1,efficiency,high,0.417,26459404.548,23792268.761
G100000106307,S1,emission_factor,central,94600.0,30134482.23,26824207.849
G100000106307,S1,emission_factor,low,89500.0,27074683.897,24299874.223
G100000106307,S1,emission_factor,high,99700.0,33194628.974,29348828.911
G100000106307,S2,lifetime,central,40,30134482.23,26824207.849
G100000106307,S2,lifetime,low,30,20598189.44,17287915.059
G100000106307,S2,lifetime,high,50,40565604.057,37255329.676
G100000106307,S2,capacity_factor,central,0.53,30134482.23,26824207.849
G100000106307,S2,capacity_factor,low,0.53,30134482.23,26824207.849
G100000106307,S2,capacity_factor,high,0.5728,32567983.817,28990389.164
G100000106307,S2,efficiency,central,0.39,30134482.23,26824207.849
G100000106307,S2,efficiency,low,0.363,34356233.458,30307152.61
G100000106307,S2,efficiency,high,0.417,26459404.548,23792268.761
G100000106307,S2,emission_factor,central,94600.0,30134482.23,26824207.849
G100000106307,S2,emission_factor,low,89500.0,27074683.897,24299874.223
G100000106307,S2,emission_factor,high,99700.0,33194628.974,29348828.911
G100000106308,S1,lifetime,central,40,30134482.23,26824207.849
G100000106308,S1,lifetime,low,30,20598189.44,17287915.059
G100000106308,S1,lifetime,high,50,40565604.057,37255329.676
G100000106308,S1,capacity_factor,central,0.53,30134482.23,26824207.849
G100000106308,S1,capacity_factor,low,0.53,30134482.23,26824207.849
G100000106308,S1,capacity_factor,high,0.5728,32567983.817,28990389.164
G100000106308,S1,efficiency,central,0.39,30134482.23,26824207.849
G100000106308,S1,efficiency,low,0.363,34356233.458,30307152.61
G100000106308,S1,efficiency,high,0.417,26459404.548,23792268.761
G100000106308,S1,emission_factor,central,94600.0,30134482.23,26824207.849
G100000106308,S1,emission_factor,low,89500.0,27074683.897,24299874.223
G100000106308,S1,emission_factor,high,99700.0,33194628.974,29348828.911
G100000106308,S2,lifetime,central,40,30134482.23,26824207.849
G100000106308,S2,lifetime,low,30,20598189.44,17287915.059
G100000106308,S2,lifetime,high,50,40565604.057,37255329.676
G100000106308,S2,capacity_factor,central,0.53,30134482.23,26824207.849
G100000106308,S2,capacity_factor,low,0.53,30134482.23,26824207.849
G100000106308,S2,capacity_factor,high,0.5728,32567983.817,28990389.164
G100000106308,S2,efficiency,central,0.39,30134482.23,26824207.849
G100000106308,S2,efficiency,low,0.363,34356233.458,30307152.61
G100000106308,S2,efficiency,high,0.417,26459404.548,23792268.761
G100000106308,S2,emission_factor,central,94600.0,30134482.23,26824207.849
G100000106308,S2,emission_factor,low,89500.0,27074683.897,24299874.223
G100000106308,S2,emission_factor,high,99700.0,33194628.974,29348828.911
G100000803804,S1,lifetime,central,25,-389189.145,-173036.487
G100000803804,S1,lifetime,low,20,-328252.431,-112099.773
G100000803804,S1,lifetime,high,30,-443954.609,-227801.951
G100000803804,S1,capacity_factor,central,0.1116,-389189.145,-173036.487
G100000803804,S1,capacity_factor,low,0.108,-376634.656,-167454.665
G100000803804,S1,capacity_factor,high,0.1241,-432781.118,-192417.813
G100000803804,S2,lifetime,central,25,-389189.145,-173036.487
G100000803804,S2,lifetime,low,20,-328252.431,-112099.773
G100000803804,S2,lifetime,high,30,-443954.609,-227801.951
G100000803804,S2,capacity_factor,central,0.1116,-389189.145,-173036.487
G100000803804,S2,capacity_factor,low,0.108,-376634.656,-167454.665
G100000803804,S2,capacity_factor,high,0.1241,-432781.118,-192417.813
G100000107657,S1,lifetime,central,40,25507814.924,15888375.923
G100000107657,S1,lifetime,low,30,16516393.395,6896954.394
G100000107657,S1,lifetime,high,50,35636938.109,26017499.108
G100000107657,S1,capacity_factor,central,0.53,25507814.924,15888375.923
G100000107657,S1,capacity_factor,low,0.53,25507814.924,15888375.923
G100000107657,S1,capacity_factor,high,0.5728,27567691.298,17171437.223
G100000107657,S1,efficiency,central,0.35,25507814.924,15888375.923
G100000107657,S1,efficiency,low,0.325,30094866.898,18067225.61
G100000107657,S1,efficiency,high,0.374,21681135.152,14070703.031
G100000107657,S1,emission_factor,central,94600.0,25507814.924,15888375.923
G100000107657,S1,emission_factor,low,89500.0,22292876.396,14361280.121
G100000107657,S1,emission_factor,high,99700.0,28722535.272,17415368.088
G100000107657,S2,lifetime,central,40,25507814.924,15888375.923
G100000107657,S2,lifetime,low,30,16516393.395,6896954.394
G100000107657,S2,lifetime,high,50,35636938.109,26017499.108
G100000107657,S2,capacity_factor,central,0.53,25507814.924,15888375.923
G100000107657,S2,capacity_factor,low,0.53,25507814.924,15888375.923
G100000107657,S2,capacity_factor,high,0.5728,27567691.298,17171437.223
G100000107657,S2,efficiency,central,0.35,25507814.924,15888375.923
G100000107657,S2,efficiency,low,0.325,30094866.898,18067225.61
G100000107657,S2,efficiency,high,0.374,21681135.152,14070703.031
G100000107657,S2,emission_factor,central,94600.0,25507814.924,15888375.923
G100000107657,S2,emission_factor,low,89500.0,22292876.396,14361280.121
G100000107657,S2,emission_factor,high,99700.0,28722535.272,17415368.088
G100000107658,S1,lifetime,central,40,11322683.65,8892009.733
G100000107658,S1,lifetime,low,30,7593925.607,5163251.69
G100000107658,S1,lifetime,high,50,15443772.503,13013098.586
G100000107658,S1,capacity_factor,central,0.53,11322683.65,8892009.733
G100000107658,S1,capacity_factor,low,0.53,11322683.65,8892009.733
G100000107658,S1,capacity_factor,high,0.5728,12237043.763,9610081.464
G100000107658,S1,efficiency,central,0.37,11322683.65,8892009.733
G100000107658,S1,efficiency,low,0.344,13066831.327,10069309.415
G100000107658,S1,efficiency,high,0.396,9807585.726,7869318.635
G100000107658,S1,emission_factor,central,94600.0,11322683.65,8892009.733
G100000107658,S1,emission_factor,low,89500.0,10078558.147,8052225.019
G100000107658,S1,emission_factor,high,99700.0,12566689.81,9731713.891
G100000107658,S2,lifetime,central,40,11322683.65,8892009.733
G100000107658,S2,lifetime,low,30,7593925.607,5163251.69
G100000107658,S2,lifetime,high,50,15443772.503,13013098.586
G100000107658,S2,capacity_factor,central,0.53,11322683.65,8892009.733
G100000107658,S2,capacity_factor,low,0.53,11322683.65,8892009.733
G100000107658,S2,capacity_factor,high,0.5728,12237043.763,9610081.464
G100000107658,S2,efficiency,central,0.37,11322683.65,8892009.733
G100000107658,S2,efficiency,low,0.344,13066831.327,10069309.415
G100000107658,S2,efficiency,high,0.396,9807585.726,7869318.635
G100000107658,S2,emission_factor,central,94600.0,11322683.65,8892009.733
G100000107658,S2,emission_factor,low,89500.0,10078558.147,8052225.019
G100000107658,S2,emission_factor,high,99700.0,12566689.81,9731713.891
G100000107659,S1,lifetime,central,40,25507814.924,15888375.923
G100000107659,S1,lifetime,low,30,16516393.395,6896954.394
G100000107659,S1,lifetime,high,50,35636938.109,26017499.108
G100000107659,S1,capacity_factor,central,0.53,25507814.924,15888375.923
G100000107659,S1,capacity_factor,low,0.53,25507814.924,15888375.923
G100000107659,S1,capacity_factor,high,0.5728,27567691.298,17171437.223
G100000107659,S1,efficiency,central,0.35,25507814.924,15888375.923
G100000107659,S1,efficiency,low,0.325,30094866.898,18067225.61
G100000107659,S1,efficiency,high,0.374,21681135.152,14070703.031
G100000107659,S1,emission_factor,central,94600.0,25507814.924,15888375.923
G100000107659,S1,emission_factor,low,89500.0,22292876.396,14361280.121
G100000107659,S1,emission_factor,high,99700.0,28722535.272,17415368.088
G100000107659,S2,lifetime,central,40,25507814.924,15888375.923
G100000107659,S2,lifetime,low,30,16516393.395,6896954.394
G100000107659,S2,lifetime,high,50,35636938.109,26017499.108
G100000107659,S2,capacity_factor,central,0.53,25507814.924,15888375.923
G100000107659,S2,capacity_factor,low,0.53,25507814.924,15888375.923
G100000107659,S2,capacity_factor,high,0.5728,27567691.298,17171437.223
G100000107659,S2,efficiency,central,0.35,25507814.924,15888375.923
G100000107659,S2,efficiency,low,0.325,30094866.898,18067225.61
G100000107659,S2,efficiency,high,0.374,21681135.152,14070703.031
G100000107659,S2,emission_factor,central,94600.0,25507814.924,15888375.923
G100000107659,S2,emission_factor,low,89500.0,22292876.396,14361280.121
G100000107659,S2,emission_factor,high,99700.0,28722535.272,17415368.088
G100000107660,S1,lifetime,central,40,28895960.219,20825490.921
G100000107660,S1,lifetime,low,30,19305346.751,11234877.453
G100000107660,S1,lifetime,high,50,39509056.249,31438586.951
G100000107660,S1,capacity_factor,central,0.53,28895960.219,20825490.921
G100000107660,S1,capacity_factor,low,0.53,28895960.219,20825490.921
G100000107660,S1,capacity_factor,high,0.5728,31229445.308,22507247.546
G100000107660,S1,efficiency,central,0.35,28895960.219,20825490.921
G100000107660,S1,efficiency,low,0.325,33483012.194,23577722.106
G100000107660,S1,efficiency,high,0.374,25069280.447,18529483.058
G100000107660,S1,emission_factor,central,94600.0,28895960.219,20825490.921
G100000107660,S1,emission_factor,low,89500.0,25681021.69,18896527.803
G100000107660,S1,emission_factor,high,99700.0,32110680.567,22754323.13
G100000107660,S2,lifetime,central,40,28895960.219,20825490.921
G100000107660,S2,lifetime,low,30,19305346.751,11234877.453
G100000107660,S2,lifetime,high,50,39509056.249,31438586.951
G100000107660,S2,capacity_factor,central,0.53,28895960.219,20825490.921
G100000107660,S2,capacity_factor,low,0.53,28895960.219,20825490.921
G100000107660,S2,capacity_factor,high,0.5728,31229445.308,22507247.546
G100000107660,S2,efficiency,central,0.35,28895960.219,20825490.921
G100000107660,S2,efficiency,low,0.325,33483012.194,23577722.106
G100000107660,S2,efficiency,high,0.374,25069280.447,18529483.058
G100000107660,S2,emission_factor,central,94600.0,28895960.219,20825490.921
G100000107660,S2,emission_factor,low,89500.0,25681021.69,18896527.803
G100000107660,S2,emission_factor,high,99700.0,32110680.567,22754323.13
G100000107661,S1,lifetime,central,40,28895960.219,20825490.921
G100000107661,S1,lifetime,low,30,19305346.751,11234877.453
G100000107661,S1,lifetime,high,50,39509056.249,31438586.951
G100000107661,S1,capacity_factor,central,0.53,28895960.219,20825490.921
G100000107661,S1,capacity_factor,low,0.53,28895960.219,20825490.921
G100000107661,S1,capacity_factor,high,0.5728,31229445.308,22507247.546
G100000107661,S1,efficiency,central,0.35,28895960.219,20825490.921
G100000107661,S1,efficiency,low,0.325,33483012.194,23577722.106
G100000107661,S1,efficiency,high,0.374,25069280.447,18529483.058
G100000107661,S1,emission_factor,central,94600.0,28895960.219,20825490.921
G100000107661,S1,emission_factor,low,89500.0,25681021.69,18896527.803
G100000107661,S1,emission_factor,high,99700.0,32110680.567,22754323.13
G100000107661,S2,lifetime,central,40,28895960.219,20825490.921
G100000107661,S2,lifetime,low,30,19305346.751,11234877.453
G100000107661,S2,lifetime,high,50,39509056.249,31438586.951
G100000107661,S2,capacity_factor,central,0.53,28895960.219,20825490.921
G100000107661,S2,capacity_factor,low,0.53,28895960.219,20825490.921
G100000107661,S2,capacity_factor,high,0.5728,31229445.308,22507247.546
G100000107661,S2,efficiency,central,0.35,28895960.219,20825490.921
G100000107661,S2,efficiency,low,0.325,33483012.194,23577722.106
G100000107661,S2,efficiency,high,0.374,25069280.447,18529483.058
G100000107661,S2,emission_factor,central,94600.0,28895960.219,20825490.921
G100000107661,S2,emission_factor,low,89500.0,25681021.69,18896527.803
G100000107661,S2,emission_factor,high,99700.0,32110680.567,22754323.13
G100000107662,S1,lifetime,central,40,4193586.532,3293336.936
G100000107662,S1,lifetime,low,30,2812565.035,1912315.439
G100000107662,S1,lifetime,high,50,5719915.737,4819666.141
G100000107662,S1,capacity_factor,central,0.53,4193586.532,3293336.936
G100000107662,S1,capacity_factor,low,0.53,4193586.532,3293336.936
G100000107662,S1,capacity_factor,high,0.5728,4532238.431,3559289.431
G100000107662,S1,efficiency,central,0.37,4193586.532,3293336.936
G100000107662,S1,efficiency,low,0.344,4839567.154,3729373.854
G100000107662,S1,efficiency,high,0.396,3632439.154,2914562.454
G100000107662,S1,emission_factor,central,94600.0,4193586.532,3293336.936
G100000107662,S1,emission_factor,low,89500.0,3732799.314,2982305.562
G100000107662,S1,emission_factor,high,99700.0,4654329.555,3604338.475
G100000107662,S2,lifetime,central,40,4193586.532,3293336.936
G100000107662,S2,lifetime,low,30,2812565.035,1912315.439
G100000107662,S2,lifetime,high,50,5719915.737,4819666.141
G100000107662,S2,capacity_factor,central,0.53,4193586.532,3293336.936
G100000107662,S2,capacity_factor,low,0.53,4193586.532,3293336.936
G100000107662,S2,capacity_factor,high,0.5728,4532238.431,3559289.431
G100000107662,S2,efficiency,central,0.37,4193586.532,3293336.936
G100000107662,S2,efficiency,low,0.344,4839567.154,3729373.854
G100000107662,S2,efficiency,high,0.396,3632439.154,2914562.454
G100000107662,S2,emission_factor,central,94600.0,4193586.532,3293336.936
G100000107662,S2,emission_factor,low,89500.0,3732799.314,2982305.562
G100000107662,S2,emission_factor,high,99700.0,4654329.555,3604338.475
G100000107663,S1,lifetime,central,40,4193586.532,3293336.936
G100000107663,S1,lifetime,low,30,2812565.035,1912315.439
G100000107663,S1,lifetime,high,50,5719915.737,4819666.141
G100000107663,S1,capacity_factor,central,0.53,4193586.532,3293336.936
G100000107663,S1,capacity_factor,low,0.53,4193586.532,3293336.936
G100000107663,S1,capacity_factor,high,0.5728,4532238.431,3559289.431
G100000107663,S1,efficiency,central,0.37,4193586.532,3293336.936
G100000107663,S1,efficiency,low,0.344,4839567.154,3729373.854
G100000107663,S1,efficiency,high,0.396,3632439.154,2914562.454
G100000107663,S1,emission_factor,central,94600.0,4193586.532,3293336.936
G100000107663,S1,emission_factor,low,89500.0,3732799.314,2982305.562
G100000107663,S1,emission_factor,high,99700.0,4654329.555,3604338.475
G100000107663,S2,lifetime,central,40,4193586.532,3293336.936
G100000107663,S2,lifetime,low,30,2812565.035,1912315.439
G100000107663,S2,lifetime,high,50,5719915.737,4819666.141
G100000107663,S2,capacity_factor,central,0.53,4193586.532,3293336.936
G100000107663,S2,capacity_factor,low,0.53,4193586.532,3293336.936
G100000107663,S2,capacity_factor,high,0.5728,4532238.431,3559289.431
G100000107663,S2,efficiency,central,0.37,4193586.532,3293336.936
G100000107663,S2,efficiency,low,0.344,4839567.154,3729373.854
G100000107663,S2,efficiency,high,0.396,3632439.154,2914562.454
G100000107663,S2,emission_factor,central,94600.0,4193586.532,3293336.936
G100000107663,S2,emission_factor,low,89500.0,3732799.314,2982305.562
G100000107663,S2,emission_factor,high,99700.0,4654329.555,3604338.475
G100000107664,S1,lifetime,central,40,11322683.65,8892009.733
G100000107664,S1,lifetime,low,30,7593925.607,5163251.69
G100000107664,S1,lifetime,high,50,15443772.503,13013098.586
G100000107664,S1,capacity_factor,central,0.53,11322683.65,8892009.733
G100000107664,S1,capacity_factor,low,0.53,11322683.65,8892009.733
G100000107664,S1,capacity_factor,high,0.5728,12237043.763,9610081.464
G100000107664,S1,efficiency,central,0.37,11322683.65,8892009.733
G100000107664,S1,efficiency,low,0.344,13066831.327,10069309.415
G100000107664,S1,efficiency,high,0.396,9807585.726,7869318.635
G100000107664,S1,emission_factor,central,94600.0,11322683.65,8892009.733
G100000107664,S1,emission_factor,low,89500.0,10078558.147,8052225.019
G100000107664,S1,emission_factor,high,99700.0,12566689.81,9731713.891
G100000107664,S2,lifetime,central,40,11322683.65,8892009.733
G100000107664,S2,lifetime,low,30,7593925.607,5163251.69
G100000107664,S2,lifetime,high,50,15443772.503,13013098.586
G100000107664,S2,capacity_factor,central,0.53,11322683.65,8892009.733
G100000107664,S2,capacity_factor,low,0.53,11322683.65,8892009.733
G100000107664,S2,capacity_factor,high,0.5728,12237043.763,9610081.464
G100000107664,S2,efficiency,central,0.37,11322683.65,8892009.733
G100000107664,S2,efficiency,low,0.344,13066831.327,10069309.415
G100000107664,S2,efficiency,high,0.396,9807585.726,7869318.635
G100000107664,S2,emission_factor,central,94600.0,11322683.65,8892009.733
G100000107664,S2,emission_factor,low,89500.0,10078558.147,8052225.019
G100000107664,S2,emission_factor,high,99700.0,12566689.81,9731713.891
G100000107665,S1,lifetime,central,40,11322683.65,8892009.733
G100000107665,S1,lifetime,low,30,7593925.607,5163251.69
G100000107665,S1,lifetime,high,50,15443772.503,13013098.586
G100000107665,S1,capacity_factor,central,0.53,11322683.65,8892009.733
G100000107665,S1,capacity_factor,low,0.53,11322683.65,8892009.733
G100000107665,S1,capacity_factor,high,0.5728,12237043.763,9610081.464
G100000107665,S1,efficiency,central,0.37,11322683.65,8892009.733
G100000107665,S1,efficiency,low,0.344,13066831.327,10069309.415
G100000107665,S1,efficiency,high,0.396,9807585.726,7869318.635
G100000107665,S1,emission_factor,central,94600.0,11322683.65,8892009.733
G100000107665,S1,emission_factor,low,89500.0,10078558.147,8052225.019
G100000107665,S1,emission_factor,high,99700.0,12566689.81,9731713.891
G100000107665,S2,lifetime,central,40,11322683.65,8892009.733
G100000107665,S2,lifetime,low,30,7593925.607,5163251.69
G100000107665,S2,lifetime,high,50,15443772.503,13013098.586
G100000107665,S2,capacity_factor,central,0.53,11322683.65,8892009.733
G100000107665,S2,capacity_factor,low,0.53,11322683.65,8892009.733
G100000107665,S2,capacity_factor,high,0.5728,12237043.763,9610081.464
G100000107665,S2,efficiency,central,0.37,11322683.65,8892009.733
G100000107665,S2,efficiency,low,0.344,13066831.327,10069309.415
G100000107665,S2,efficiency,high,0.396,9807585.726,7869318.635
G100000107665,S2,emission_factor,central,94600.0,11322683.65,8892009.733
G100000107665,S2,emission_factor,low,89500.0,10078558.147,8052225.019
G100000107665,S2,emission_factor,high,99700.0,12566689.81,9731713.891
G100000107666,S1,lifetime,central,40,11322683.65,8892009.733
G100000107666,S1,lifetime,low,30,7593925.607,5163251.69
G100000107666,S1,lifetime,high,50,15443772.503,13013098.586
G100000107666,S1,capacity_factor,central,0.53,11322683.65,8892009.733
G100000107666,S1,capacity_factor,low,0.53,11322683.65,8892009.733
G100000107666,S1,capacity_factor,high,0.5728,12237043.763,9610081.464
G100000107666,S1,efficiency,central,0.37,11322683.65,8892009.733
G100000107666,S1,efficiency,low,0.344,13066831.327,10069309.415
G100000107666,S1,efficiency,high,0.396,9807585.726,7869318.635
G100000107666,S1,emission_factor,central,94600.0,11322683.65,8892009.733
G100000107666,S1,emission_factor,low,89500.0,10078558.147,8052225.019
G100000107666,S1,emission_factor,high,99700.0,12566689.81,9731713.891
G100000107666,S2,lifetime,central,40,11322683.65,8892009.733
G100000107666,S2,lifetime,low,30,7593925.607,5163251.69
G100000107666,S2,lifetime,high,50,15443772.503,13013098.586
G100000107666,S2,capacity_factor,central,0.53,11322683.65,8892009.733
G100000107666,S2,capacity_factor,low,0.53,11322683.65,8892009.733
G100000107666,S2,capacity_factor,high,0.5728,12237043.763,9610081.464
G100000107666,S2,efficiency,central,0.37,11322683.65,8892009.733
G100000107666,S2,efficiency,low,0.344,13066831.327,10069309.415
G100000107666,S2,efficiency,high,0.396,9807585.726,7869318.635
G100000107666,S2,emission_factor,central,94600.0,11322683.65,8892009.733
G100000107666,S2,emission_factor,low,89500.0,10078558.147,8052225.019
G100000107666,S2,emission_factor,high,99700.0,12566689.81,9731713.891
G100000113713,S1,lifetime,central,40,28964124.415,23680530.452
G100000113713,S1,lifetime,low,30,19640852.491,14357258.528
G100000113713,S1,lifetime,high,50,39206328.924,33922734.961
G100000113713,S1,capacity_factor,central,0.53,28964124.415,23680530.452
G100000113713,S1,capacity_factor,low,0.53,28964124.415,23680530.452
G100000113713,S1,capacity_factor,high,0.5728,31303114.087,25592844.988
G100000113713,S1,efficiency,central,0.37,28964124.415,23680530.452
G100000113713,S1,efficiency,low,0.344,33227596.516,26771547.725
G100000113713,S1,efficiency,high,0.396,25260551.716,20995440.245
G100000113713,S1,emission_factor,central,94600.0,28964124.415,23680530.452
G100000113713,S1,emission_factor,low,89500.0,25922928.756,21475663.599
G100000113713,S1,emission_factor,high,99700.0,32005028.364,25885185.816
G100000113713,S2,lifetime,central,40,28964124.415,23680530.452
G100000113713,S2,lifetime,low,30,19640852.491,14357258.528
G100000113713,S2,lifetime,high,50,39206328.924,33922734.961
G100000113713,S2,capacity_factor,central,0.53,28964124.415,23680530.452
G100000113713,S2,capacity_factor,low,0.53,28964124.415,23680530.452
G100000113713,S2,capacity_factor,high,0.5728,31303114.087,25592844.988
G100000113713,S2,efficiency,central,0.37,28964124.415,23680530.452
G100000113713,S2,efficiency,low,0.344,33227596.516,26771547.725
G100000113713,S2,efficiency,high,0.396,25260551.716,20995440.245
G100000113713,S2,emission_factor,central,94600.0,28964124.415,23680530.452
G100000113713,S2,emission_factor,low,89500.0,25922928.756,21475663.599
G100000113713,S2,emission_factor,high,99700.0,32005028.364,25885185.816
G100000113714,S1,lifetime,central,40,28964124.415,23680530.452
G100000113714,S1,lifetime,low,30,19640852.491,14357258.528
G100000113714,S1,lifetime,high,50,39206328.924,33922734.961
G100000113714,S1,capacity_factor,central,0.53,28964124.415,23680530.452
G100000113714,S1,capacity_factor,low,0.53,28964124.415,23680530.452
G100000113714,S1,capacity_factor,high,0.5728,31303114.087,25592844.988
G100000113714,S1,efficiency,central,0.37,28964124.415,23680530.452
G100000113714,S1,efficiency,low,0.344,33227596.516,26771547.725
G100000113714,S1,efficiency,high,0.396,25260551.716,20995440.245
G100000113714,S1,emission_factor,central,94600.0,28964124.415,23680530.452
G100000113714,S1,emission_factor,low,89500.0,25922928.756,21475663.599
G100000113714,S1,emission_factor,high,99700.0,32005028.364,25885185.816
G100000113714,S2,lifetime,central,40,28964124.415,23680530.452
G100000113714,S2,lifetime,low,30,19640852.491,14357258.528
G100000113714,S2,lifetime,high,50,39206328.924,33922734.961
G100000113714,S2,capacity_factor,central,0.53,28964124.415,23680530.452
G100000113714,S2,capacity_factor,low,0.53,28964124.415,23680530.452
G100000113714,S2,capacity_factor,high,0.5728,31303114.087,25592844.988
G100000113714,S2,efficiency,central,0.37,28964124.415,23680530.452
G100000113714,S2,efficiency,low,0.344,33227596.516,26771547.725
G100000113714,S2,efficiency,high,0.396,25260551.716,20995440.245
G100000113714,S2,emission_factor,central,94600.0,28964124.415,23680530.452
G100000113714,S2,emission_factor,low,89500.0,25922928.756,21475663.599
G100000113714,S2,emission_factor,high,99700.0,32005028.364,25885185.816
G100000108003,S1,capacity_factor,central,0.53,1034755.461,0
G100000108003,S1,capacity_factor,low,0.53,1034755.461,0
G100000108003,S1,capacity_factor,high,0.5728,1118316.845,0
G100000108003,S1,efficiency,central,0.35,1034755.461,0
G100000108003,S1,efficiency,low,0.325,1330133.81,0
G100000108003,S1,efficiency,high,0.374,788340.478,0
G100000108003,S1,emission_factor,central,94600.0,1034755.461,0
G100000108003,S1,emission_factor,low,89500.0,827732.903,0
G100000108003,S1,emission_factor,high,99700.0,1241763.968,0
G100000108003,S2,capacity_factor,central,0.53,1034755.461,0
G100000108003,S2,capacity_factor,low,0.53,1034755.461,0
G100000108003,S2,capacity_factor,high,0.5728,1118316.845,0
G100000108003,S2,efficiency,central,0.35,1034755.461,0
G100000108003,S2,efficiency,low,0.325,1330133.81,0
G100000108003,S2,efficiency,high,0.374,788340.478,0
G100000108003,S2,emission_factor,central,94600.0,1034755.461,0
G100000108003,S2,emission_factor,low,89500.0,827732.903,0
G100000108003,S2,emission_factor,high,99700.0,1241763.968,0
G100000108004,S1,capacity_factor,central,0.53,989597.499,0
G100000108004,S1,capacity_factor,low,0.53,989597.499,0
G100000108004,S1,capacity_factor,high,0.5728,1069512.164,0
G100000108004,S1,efficiency,central,0.35,989597.499,0
G100000108004,S1,efficiency,low,0.325,1267600.651,0
G100000108004,S1,efficiency,high,0.374,757677.515,0
G100000108004,S1,emission_factor,central,94600.0,989597.499,0
G100000108004,S1,emission_factor,low,89500.0,794752.738,0
G100000108004,S1,emission_factor,high,99700.0,1184429.035,0
G100000108004,S2,capacity_factor,central,0.53,989597.499,0
G100000108004,S2,capacity_factor,low,0.53,989597.499,0
G100000108004,S2,capacity_factor,high,0.5728,1069512.164,0
G100000108004,S2,efficiency,central,0.35,989597.499,0
G100000108004,S2,efficiency,low,0.325,1267600.651,0
G100000108004,S2,efficiency,high,0.374,757677.515,0
G100000108004,S2,emission_factor,central,94600.0,989597.499,0
G100000108004,S2,emission_factor,low,89500.0,794752.738,0
G100000108004,S2,emission_factor,high,99700.0,1184429.035,0
G100000108005,S1,lifetime,central,40,25658348.168,18015273.775
G100000108005,S1,lifetime,low,30,17043950.057,9400875.664
G100000108005,S1,lifetime,high,50,35222339.881,27579265.488
G100000108005,S1,capacity_factor,central,0.53,25658348.168,18015273.775
G100000108005,S1,capacity_factor,low,0.53,25658348.168,18015273.775
G100000108005,S1,capacity_factor,high,0.5728,27730380.812,19470092.108
G100000108005,S1,efficiency,central,0.35,25658348.168,18015273.775
G100000108005,S1,efficiency,low,0.325,29828395.417,20413050.941
G100000108005,S1,efficiency,high,0.374,22179548.379,16014963.895
G100000108005,S1,emission_factor,central,94600.0,25658348.168,18015273.775
G100000108005,S1,emission_factor,low,89500.0,22735676.784,16334737.727
G100000108005,S1,emission_factor,high,99700.0,28580821.211,19695695.776
G100000108005,S2,lifetime,central,40,25658348.168,18015273.775
G100000108005,S2,lifetime,low,30,17043950.057,9400875.664
G100000108005,S2,lifetime,high,50,35222339.881,27579265.488
G100000108005,S2,capacity_factor,central,0.53,25658348.168,18015273.775
G100000108005,S2,capacity_factor,low,0.53,25658348.168,18015273.775
G100000108005,S2,capacity_factor,high,0.5728,27730380.812,19470092.108
G100000108005,S2,efficiency,central,0.35,25658348.168,18015273.775
G100000108005,S2,efficiency,low,0.325,29828395.417,20413050.941
G100000108005,S2,efficiency,high,0.374,22179548.379,16014963.895
G100000108005,S2,emission_factor,central,94600.0,25658348.168,18015273.775
G100000108005,S2,emission_factor,low,89500.0,22735676.784,16334737.727
G100000108005,S2,emission_factor,high,99700.0,28580821.211,19695695.776
G100000108006,S1,lifetime,central,40,25658348.168,18015273.775
G100000108006,S1,lifetime,low,30,17043950.057,9400875.664
G100000108006,S1,lifetime,high,50,35222339.881,27579265.488
G100000108006,S1,capacity_factor,central,0.53,25658348.168,18015273.775
G100000108006,S1,capacity_factor,low,0.53,25658348.168,18015273.775
G100000108006,S1,capacity_factor,high,0.5728,27730380.812,19470092.108
G100000108006,S1,efficiency,central,0.35,25658348.168,18015273.775
G100000108006,S1,efficiency,low,0.325,29828395.417,20413050.941
G100000108006,S1,efficiency,high,0.374,22179548.379,16014963.895
G100000108006,S1,emission_factor,central,94600.0,25658348.168,18015273.775
G100000108006,S1,emission_factor,low,89500.0,22735676.784,16334737.727
G100000108006,S1,emission_factor,high,99700.0,28580821.211,19695695.776
G100000108006,S2,lifetime,central,40,25658348.168,18015273.775
G100000108006,S2,lifetime,low,30,17043950.057,9400875.664
G100000108006,S2,lifetime,high,50,35222339.881,27579265.488
G100000108006,S2,capacity_factor,central,0.53,25658348.168,18015273.775
G100000108006,S2,capacity_factor,low,0.53,25658348.168,18015273.775
G100000108006,S2,capacity_factor,high,0.5728,27730380.812,19470092.108
G100000108006,S2,efficiency,central,0.35,25658348.168,18015273.775
G100000108006,S2,efficiency,low,0.325,29828395.417,20413050.941
G100000108006,S2,efficiency,high,0.374,22179548.379,16014963.895
G100000108006,S2,emission_factor,central,94600.0,25658348.168,18015273.775
G100000108006,S2,emission_factor,low,89500.0,22735676.784,16334737.727
G100000108006,S2,emission_factor,high,99700.0,28580821.211,19695695.776
G100000109043,S1,capacity_factor,central,0.53,894638.079,0
G100000109043,S1,capacity_factor,low,0.53,894638.079,0
G100000109043,S1,capacity_factor,high,0.5728,966884.323,0
G100000109043,S1,efficiency,central,0.35,894638.079,0
G100000109043,S1,efficiency,low,0.325,1190016.428,0
G100000109043,S1,efficiency,high,0.374,648223.096,0
G100000109043,S1,emission_factor,central,94600.0,894638.079,0
G100000109043,S1,emission_factor,low,89500.0,687615.521,0
G100000109043,S1,emission_factor,high,99700.0,1101646.586,0
G100000109043,S2,capacity_factor,central,0.53,894638.079,0
G100000109043,S2,capacity_factor,low,0.53,894638.079,0
G100000109043,S2,capacity_factor,high,0.5728,966884.323,0
G100000109043,S2,efficiency,central,0.35,894638.079,0
G100000109043,S2,efficiency,low,0.325,1190016.428,0
G100000109043,S2,efficiency,high,0.374,648223.096,0
G100000109043,S2,emission_factor,central,94600.0,894638.079,0
G100000109043,S2,emission_factor,low,89500.0,687615.521,0
G100000109043,S2,emission_factor,high,99700.0,1101646.586,0
G100000109044,S1,capacity_factor,central,0.53,894638.079,0
G100000109044,S1,capacity_factor,low,0.53,894638.079,0
G100000109044,S1,capacity_factor,high,0.5728,966884.323,0
G100000109044,S1,efficiency,central,0.35,894638.079,0
G100000109044,S1,efficiency,low,0.325,1190016.428,0
G100000109044,S1,efficiency,high,0.374,648223.096,0
G100000109044,S1,emission_factor,central,94600.0,894638.079,0
G100000109044,S1,emission_factor,low,89500.0,687615.521,0
G100000109044,S1,emission_factor,high,99700.0,1101646.586,0
G100000109044,S2,capacity_factor,central,0.53,894638.079,0
G100000109044,S2,capacity_factor,low,0.53,894638.079,0
G100000109044,S2,capacity_factor,high,0.5728,966884.323,0
G100000109044,S2,efficiency,central,0.35,894638.079,0
G100000109044,S2,efficiency,low,0.325,1190016.428,0
G100000109044,S2,efficiency,high,0.374,648223.096,0
G100000109044,S2,emission_factor,central,94600.0,894638.079,0
G100000109044,S2,emission_factor,low,89500.0,687615.521,0
G100000109044,S2,emission_factor,high,99700.0,1101646.586,0
G100000109045,S1,capacity_factor,central,0.53,1789276.156,0
G100000109045,S1,capacity_factor,low,0.53,1789276.156,0
G100000109045,S1,capacity_factor,high,0.5728,1933768.645,0
G100000109045,S1,efficiency,central,0.35,1789276.156,0
G100000109045,S1,efficiency,low,0.325,2380032.849,0
G100000109045,S1,efficiency,high,0.374,1296446.185,0
G100000109045,S1,emission_factor,central,94600.0,1789276.156,0
G100000109045,S1,emission_factor,low,89500.0,1375231.041,0
G100000109045,S1,emission_factor,high,99700.0,2203293.17,0
G100000109045,S2,capacity_factor,central,0.53,1789276.156,0
G100000109045,S2,capacity_factor,low,0.53,1789276.156,0
G100000109045,S2,capacity_factor,high,0.5728,1933768.645,0
G100000109045,S2,efficiency,central,0.35,1789276.156,0
G100000109045,S2,efficiency,low,0.325,2380032.849,0
G100000109045,S2,efficiency,high,0.374,1296446.185,0
G100000109045,S2,emission_factor,central,94600.0,1789276.156,0
G100000109045,S2,emission_factor,low,89500.0,1375231.041,0
G100000109045,S2,emission_factor,high,99700.0,2203293.17,0
G100000109046,S1,capacity_factor,central,0.53,1789276.156,0
G100000109046,S1,capacity_factor,low,0.53,1789276.156,0
G100000109046,S1,capacity_factor,high,0.5728,1933768.645,0
G100000109046,S1,efficiency,central,0.35,1789276.156,0
G100000109046,S1,efficiency,low,0.325,2380032.849,0
G100000109046,S1,efficiency,high,0.374,1296446.185,0
G100000109046,S1,emission_factor,central,94600.0,1789276.156,0
G100000109046,S1,emission_factor,low,89500.0,1375231.041,0
G100000109046,S1,emission_factor,high,99700.0,2203293.17,0
G100000109046,S2,capacity_factor,central,0.53,1789276.156,0
G100000109046,S2,capacity_factor,low,0.53,1789276.156,0
G100000109046,S2,capacity_factor,high,0.5728,1933768.645,0
G100000109046,S2,efficiency,central,0.35,1789276.156,0
G100000109046,S2,efficiency,low,0.325,2380032.849,0
G100000109046,S2,efficiency,high,0.374,1296446.185,0
G100000109046,S2,emission_factor,central,94600.0,1789276.156,0
G100000109046,S2,emission_factor,low,89500.0,1375231.041,0
G100000109046,S2,emission_factor,high,99700.0,2203293.17,0
G100000109047,S1,lifetime,central,40,28286904.996,23860540.726
G100000109047,S1,lifetime,low,30,19058501.391,14632137.121
G100000109047,S1,lifetime,high,50,38469341.509,34042977.239
G100000109047,S1,capacity_factor,central,0.53,28286904.996,23860540.726
G100000109047,S1,capacity_factor,low,0.53,28286904.996,23860540.726
G100000109047,S1,capacity_factor,high,0.5728,30571206.006,25787391.941
G100000109047,S1,efficiency,central,0.39,28286904.996,23860540.726
G100000109047,S1,efficiency,low,0.363,32508656.223,27026854.145
G100000109047,S1,efficiency,high,0.417,24611827.314,21104232.464
G100000109047,S1,emission_factor,central,94600.0,28286904.996,23860540.726
G100000109047,S1,emission_factor,low,89500.0,25227106.662,21565691.975
G100000109047,S1,emission_factor,high,99700.0,31347051.739,26155650.782
G100000109047,S2,lifetime,central,40,28286904.996,23860540.726
G100000109047,S2,lifetime,low,30,19058501.391,14632137.121
G100000109047,S2,lifetime,high,50,38469341.509,34042977.239
G100000109047,S2,capacity_factor,central,0.53,28286904.996,23860540.726
G100000109047,S2,capacity_factor,low,0.53,28286904.996,23860540.726
G100000109047,S2,capacity_factor,high,0.5728,30571206.006,25787391.941
G100000109047,S2,efficiency,central,0.39,28286904.996,23860540.726
G100000109047,S2,efficiency,low,0.363,32508656.223,27026854.145
G100000109047,S2,efficiency,high,0.417,24611827.314,21104232.464
G100000109047,S2,emission_factor,central,94600.0,28286904.996,23860540.726
G100000109047,S2,emission_factor,low,89500.0,25227106.662,21565691.975
G100000109047,S2,emission_factor,high,99700.0,31347051.739,26155650.782
G100000109048,S1,lifetime,central,40,28286904.996,23860540.726
G100000109048,S1,lifetime,low,30,19058501.391,14632137.121
G100000109048,S1,lifetime,high,50,38469341.509,34042977.239
G100000109048,S1,capacity_factor,central,0.53,28286904.996,23860540.726
G100000109048,S1,capacity_factor,low,0.53,28286904.996,23860540.726
G100000109048,S1,capacity_factor,high,0.5728,30571206.006,25787391.941
G100000109048,S1,efficiency,central,0.39,28286904.996,23860540.726
G100000109048,S1,efficiency,low,0.363,32508656.223,27026854.145
G100000109048,S1,efficiency,high,0.417,24611827.314,21104232.464
G100000109048,S1,emission_factor,central,94600.0,28286904.996,23860540.726
G100000109048,S1,emission_factor,low,89500.0,25227106.662,21565691.975
G100000109048,S1,emission_factor,high,99700.0,31347051.739,26155650.782
G100000109048,S2,lifetime,central,40,28286904.996,23860540.726
G100000109048,S2,lifetime,low,30,19058501.391,14632137.121
G100000109048,S2,lifetime,high,50,38469341.509,34042977.239
G100000109048,S2,capacity_factor,central,0.53,28286904.996,23860540.726
G100000109048,S2,capacity_factor,low,0.53,28286904.996,23860540.726
G100000109048,S2,capacity_factor,high,0.5728,30571206.006,25787391.941
G100000109048,S2,efficiency,central,0.39,28286904.996,23860540.726
G100000109048,S2,efficiency,low,0.363,32508656.223,27026854.145
G100000109048,S2,efficiency,high,0.417,24611827.314,21104232.464
G100000109048,S2,emission_factor,central,94600.0,28286904.996,23860540.726
G100000109048,S2,emission_factor,low,89500.0,25227106.662,21565691.975
G100000109048,S2,emission_factor,high,99700.0,31347051.739,26155650.782
G100000106344,S1,lifetime,central,40,5458121.225,2089986.18
G100000106344,S1,lifetime,low,30,3160281.996,0
G100000106344,S1,lifetime,high,50,8182794.417,4814659.372
G100000106344,S1,capacity_factor,central,0.53,5458121.225,2089986.18
G100000106344,S1,capacity_factor,low,0.53,5458121.225,2089986.18
G100000106344,S1,capacity_factor,high,0.5728,5898890.259,2258762.423
G100000106344,S1,efficiency,central,0.35,5458121.225,2089986.18
G100000106344,S1,efficiency,low,0.325,6674385.008,2402739.725
G100000106344,S1,efficiency,high,0.374,4443471.288,1829076.197
G100000106344,S1,emission_factor,central,94600.0,5458121.225,2089986.18
G100000106344,S1,emission_factor,low,89500.0,4605675.401,1870785.826
G100000106344,S1,emission_factor,high,99700.0,6310509.195,2309171.658
G100000106344,S2,lifetime,central,40,5458121.225,2089986.18
G100000106344,S2,lifetime,low,30,3160281.996,0
G100000106344,S2,lifetime,high,50,8182794.417,4814659.372
G100000106344,S2,capacity_factor,central,0.53,5458121.225,2089986.18
G100000106344,S2,capacity_factor,low,0.53,5458121.225,2089986.18
G100000106344,S2,capacity_factor,high,0.5728,5898890.259,2258762.423
G100000106344,S2,efficiency,central,0.35,5458121.225,2089986.18
G100000106344,S2,efficiency,low,0.325,6674385.008,2402739.725
G100000106344,S2,efficiency,high,0.374,4443471.288,1829076.197
G100000106344,S2,emission_factor,central,94600.0,5458121.225,2089986.18
G100000106344,S2,emission_factor,low,89500.0,4605675.401,1870785.826
G100000106344,S2,emission_factor,high,99700.0,6310509.195,2309171.658
G100000106345,S1,lifetime,central,40,5712874.772,2344739.727
G100000106345,S1,lifetime,low,30,3368135.045,0
G100000106345,S1,lifetime,high,50,8475429.962,5107294.917
G100000106345,S1,capacity_factor,central,0.53,5712874.772,2344739.727
G100000106345,S1,capacity_factor,low,0.53,5712874.772,2344739.727
G100000106345,S1,capacity_factor,high,0.5728,6174216.356,2534088.52
G100000106345,S1,efficiency,central,0.35,5712874.772,2344739.727
G100000106345,S1,efficiency,low,0.325,6963888.948,2692243.665
G100000106345,S1,efficiency,high,0.374,4669234.836,2054839.745
G100000106345,S1,emission_factor,central,94600.0,5712874.772,2344739.727
G100000106345,S1,emission_factor,low,89500.0,4836073.353,2101183.778
G100000106345,S1,emission_factor,high,99700.0,6589616.684,2588279.147
G100000106345,S2,lifetime,central,40,5712874.772,2344739.727
G100000106345,S2,lifetime,low,30,3368135.045,0
G100000106345,S2,lifetime,high,50,8475429.962,5107294.917
G100000106345,S2,capacity_factor,central,0.53,5712874.772,2344739.727
G100000106345,S2,capacity_factor,low,0.53,5712874.772,2344739.727
G100000106345,S2,capacity_factor,high,0.5728,6174216.356,2534088.52
G100000106345,S2,efficiency,central,0.35,5712874.772,2344739.727
G100000106345,S2,efficiency,low,0.325,6963888.948,2692243.665
G100000106345,S2,efficiency,high,0.374,4669234.836,2054839.745
G100000106345,S2,emission_factor,central,94600.0,5712874.772,2344739.727
G100000106345,S2,emission_factor,low,89500.0,4836073.353,2101183.778
G100000106345,S2,emission_factor,high,99700.0,6589616.684,2588279.147
G100000106346,S1,lifetime,central,40,50131112.881,34215486.765
G100000106346,S1,lifetime,low,30,33115503.636,17199877.52
G100000106346,S1,lifetime,high,50,69086903.12,53171277.004
G100000106346,S1,capacity_factor,central,0.53,50131112.881,34215486.765
G100000106346,S1,capacity_factor,low,0.53,50131112.881,34215486.765
G100000106346,S1,capacity_factor,high,0.5728,54179436.71,36978548.717
G100000106346,S1,efficiency,central,0.35,50131112.881,34215486.765
G100000106346,S1,efficiency,low,0.325,58471207.375,38802538.74
G100000106346,S1,efficiency,high,0.374,43173513.3,30388807.001
G100000106346,S1,emission_factor,central,94600.0,50131112.881,34215486.765
G100000106346,S1,emission_factor,low,89500.0,44285770.108,31000548.244
G100000106346,S1,emission_factor,high,99700.0,55976058.972,37430207.117
G100000106346,S2,lifetime,central,40,50131112.881,34215486.765
G100000106346,S2,lifetime,low,30,33115503.636,17199877.52
G100000106346,S2,lifetime,high,50,69086903.12,53171277.004
G100000106346,S2,capacity_factor,central,0.53,50131112.881,34215486.765
G100000106346,S2,capacity_factor,low,0.53,50131112.881,34215486.765
G100000106346,S2,capacity_factor,high,0.5728,54179436.71,36978548.717
G100000106346,S2,efficiency,central,0.35,50131112.881,34215486.765
G100000106346,S2,efficiency,low,0.325,58471207.375,38802538.74
G100000106346,S2,efficiency,high,0.374,43173513.3,30388807.001
G100000106346,S2,emission_factor,central,94600.0,50131112.881,34215486.765
G100000106346,S2,emission_factor,low,89500.0,44285770.108,31000548.244
G100000106346,S2,emission_factor,high,99700.0,55976058.972,37430207.117
G100000106347,S1,lifetime,central,40,50131112.881,34215486.765
G100000106347,S1,lifetime,low,30,33115503.636,17199877.52
G100000106347,S1,lifetime,high,50,69086903.12,53171277.004
G100000106347,S1,capacity_factor,central,0.53,50131112.881,34215486.765
G100000106347,S1,capacity_factor,low,0.53,50131112.881,34215486.765
G100000106347,S1,capacity_factor,high,0.5728,54179436.71,36978548.717
G100000106347,S1,efficiency,central,0.35,50131112.881,34215486.765
G100000106347,S1,efficiency,low,0.325,58471207.375,38802538.74
G100000106347,S1,efficiency,high,0.374,43173513.3,30388807.001
G100000106347,S1,emission_factor,central,94600.0,50131112.881,34215486.765
G100000106347,S1,emission_factor,low,89500.0,44285770.108,31000548.244
G100000106347,S1,emission_factor,high,99700.0,55976058.972,37430207.117
G100000106347,S2,lifetime,central,40,50131112.881,34215486.765
G100000106347,S2,lifetime,low,30,33115503.636,17199877.52
G100000106347,S2,lifetime,high,50,69086903.12,53171277.004
G100000106347,S2,capacity_factor,central,0.53,50131112.881,34215486.765
G100000106347,S2,capacity_factor,low,0.53,50131112.881,34215486.765
G100000106347,S2,capacity_factor,high,0.5728,54179436.71,36978548.717
G100000106347,S2,efficiency,central,0.35,50131112.881,34215486.765
G100000106347,S2,efficiency,low,0.325,58471207.375,38802538.74
G100000106347,S2,efficiency,high,0.374,43173513.3,30388807.001
G100000106347,S2,emission_factor,central,94600.0,50131112.881,34215486.765
G100000106347,S2,emission_factor,low,89500.0,44285770.108,31000548.244
G100000106347,S2,emission_factor,high,99700.0,55976058.972,37430207.117
G100000109051,S1,lifetime,central,40,29558956.084,21844367.017
G100000109051,S1,lifetime,low,30,19855992.269,12141403.202
G100000109051,S1,lifetime,high,50,40262798.593,32548209.526
G100000109051,S1,capacity_factor,central,0.53,29558956.084,21844367.017
G100000109051,S1,capacity_factor,low,0.53,29558956.084,21844367.017
G100000109051,S1,capacity_factor,high,0.5728,31945981.217,23608402.693
G100000109051,S1,efficiency,central,0.35,29558956.084,21844367.017
G100000109051,S1,efficiency,low,0.325,34146008.059,24711274.501
G100000109051,S1,efficiency,high,0.374,25732276.313,19452692.16
G100000109051,S1,emission_factor,central,94600.0,29558956.084,21844367.017
G100000109051,S1,emission_factor,low,89500.0,26344017.556,19835030.436
G100000109051,S1,emission_factor,high,99700.0,32773676.433,23853567.235
G100000109051,S2,lifetime,central,40,29558956.084,21844367.017
G100000109051,S2,lifetime,low,30,19855992.269,12141403.202
G100000109051,S2,lifetime,high,50,40262798.593,32548209.526
G100000109051,S2,capacity_factor,central,0.53,29558956.084,21844367.017
G100000109051,S2,capacity_factor,low,0.53,29558956.084,21844367.017
G100000109051,S2,capacity_factor,high,0.5728,31945981.217,23608402.693
G100000109051,S2,efficiency,central,0.35,29558956.084,21844367.017
G100000109051,S2,efficiency,low,0.325,34146008.059,24711274.501
G100000109051,S2,efficiency,high,0.374,25732276.313,19452692.16
G100000109051,S2,emission_factor,central,94600.0,29558956.084,21844367.017
G100000109051,S2,emission_factor,low,89500.0,26344017.556,19835030.436
G100000109051,S2,emission_factor,high,99700.0,32773676.433,23853567.235
G100000109052,S1,lifetime,central,40,30249711.125,22873214.329
G100000109052,S1,lifetime,low,30,20436770.837,13060274.041
G100000109052,S1,lifetime,high,50,41042382.813,33665886.017
G100000109052,S1,capacity_factor,central,0.53,30249711.125,22873214.329
G100000109052,S1,capacity_factor,low,0.53,30249711.125,22873214.329
G100000109052,S1,capacity_factor,high,0.5728,32692517.986,24720334.279
G100000109052,S1,efficiency,central,0.35,30249711.125,22873214.329
G100000109052,S1,efficiency,low,0.325,34836763.1,25854798.112
G100000109052,S1,efficiency,high,0.374,26423031.354,20385872.478
G100000109052,S1,emission_factor,central,94600.0,30249711.125,22873214.329
G100000109052,S1,emission_factor,low,89500.0,27034772.597,20783504.285
G100000109052,S1,emission_factor,high,99700.0,33464431.474,24962782.556
G100000109052,S2,lifetime,central,40,30249711.125,22873214.329
G100000109052,S2,lifetime,low,30,20436770.837,13060274.041
G100000109052,S2,lifetime,high,50,41042382.813,33665886.017
G100000109052,S2,capacity_factor,central,0.53,30249711.125,22873214.329
G100000109052,S2,capacity_factor,low,0.53,30249711.125,22873214.329
G100000109052,S2,capacity_factor,high,0.5728,32692517.986,24720334.279
G100000109052,S2,efficiency,central,0.35,30249711.125,22873214.329
G100000109052,S2,efficiency,low,0.325,34836763.1,25854798.112
G100000109052,S2,efficiency,high,0.374,26423031.354,20385872.478
G100000109052,S2,emission_factor,central,94600.0,30249711.125,22873214.329
G100000109052,S2,emission_factor,low,89500.0,27034772.597,20783504.285
G100000109052,S2,emission_factor,high,99700.0,33464431.474,24962782.556
G100000109057,S1,lifetime,central,40,27499737.387,20793831.209
G100000109057,S1,lifetime,low,30,18578882.58,11872976.402
G100000109057,S1,lifetime,high,50,37311257.103,30605350.925
G100000109057,S1,capacity_factor,central,0.53,27499737.387,20793831.209
G100000109057,S1,capacity_factor,low,0.53,27499737.387,20793831.209
G100000109057,S1,capacity_factor,high,0.5728,29720470.895,22473031.161
G100000109057,S1,efficiency,central,0.35,27499737.387,20793831.209
G100000109057,S1,efficiency,low,0.325,31669784.635,23504361.918
G100000109057,S1,efficiency,high,0.374,24020937.599,18532611.346
G100000109057,S1,emission_factor,central,94600.0,27499737.387,20793831.209
G100000109057,S1,emission_factor,low,89500.0,24577066.003,18894094.808
G100000109057,S1,emission_factor,high,99700.0,30422210.43,22693438.688
G100000109057,S2,lifetime,central,40,27499737.387,20793831.209
G100000109057,S2,lifetime,low,30,18578882.58,11872976.402
G100000109057,S2,lifetime,high,50,37311257.103,30605350.925
G100000109057,S2,capacity_factor,central,0.53,27499737.387,20793831.209
G100000109057,S2,capacity_factor,low,0.53,27499737.387,20793831.209
G100000109057,S2,capacity_factor,high,0.5728,29720470.895,22473031.161
G100000109057,S2,efficiency,central,0.35,27499737.387,20793831.209
G100000109057,S2,efficiency,low,0.325,31669784.635,23504361.918
G100000109057,S2,efficiency,high,0.374,24020937.599,18532611.346
G100000109057,S2,emission_factor,central,94600.0,27499737.387,20793831.209
G100000109057,S2,emission_factor,low,89500.0,24577066.003,18894094.808
G100000109057,S2,emission_factor,high,99700.0,30422210.43,22693438.688
G100000109058,S1,lifetime,central,40,27499737.387,20793831.209
G100000109058,S1,lifetime,low,30,18578882.58,11872976.402
G100000109058,S1,lifetime,high,50,37311257.103,30605350.925
G100000109058,S1,capacity_factor,central,0.53,27499737.387,20793831.209
G100000109058,S1,capacity_factor,low,0.53,27499737.387,20793831.209
G100000109058,S1,capacity_factor,high,0.5728,29720470.895,22473031.161
G100000109058,S1,efficiency,central,0.35,27499737.387,20793831.209
G100000109058,S1,efficiency,low,0.325,31669784.635,23504361.918
G100000109058,S1,efficiency,high,0.374,24020937.599,18532611.346
G100000109058,S1,emission_factor,central,94600.0,27499737.387,20793831.209
G100000109058,S1,emission_factor,low,89500.0,24577066.003,18894094.808
G100000109058,S1,emission_factor,high,99700.0,30422210.43,22693438.688
G100000109058,S2,lifetime,central,40,27499737.387,20793831.209
G100000109058,S2,lifetime,low,30,18578882.58,11872976.402
G100000109058,S2,lifetime,high,50,37311257.103,30605350.925
G100000109058,S2,capacity_factor,central,0.53,27499737.387,20793831.209
G100000109058,S2,capacity_factor,low,0.53,27499737.387,20793831.209
G100000109058,S2,capacity_factor,high,0.5728,29720470.895,22473031.161
G100000109058,S2,efficiency,central,0.35,27499737.387,20793831.209
G100000109058,S2,efficiency,low,0.325,31669784.635,23504361.918
G100000109058,S2,efficiency,high,0.374,24020937.599,18532611.346
G100000109058,S2,emission_factor,central,94600.0,27499737.387,20793831.209
G100000109058,S2,emission_factor,low,89500.0,24577066.003,18894094.808
G100000109058,S2,emission_factor,high,99700.0,30422210.43,22693438.688
G100000109059,S1,lifetime,central,40,30134482.23,26824207.849
G100000109059,S1,lifetime,low,30,20598189.44,17287915.059
G100000109059,S1,lifetime,high,50,40565604.057,37255329.676
G100000109059,S1,capacity_factor,central,0.53,30134482.23,26824207.849
G100000109059,S1,capacity_factor,low,0.53,30134482.23,26824207.849
G100000109059,S1,capacity_factor,high,0.5728,32567983.817,28990389.164
G100000109059,S1,efficiency,central,0.39,30134482.23,26824207.849
G100000109059,S1,efficiency,low,0.363,34356233.458,30307152.61
G100000109059,S1,efficiency,high,0.417,26459404.548,23792268.761
G100000109059,S1,emission_factor,central,94600.0,30134482.23,26824207.849
G100000109059,S1,emission_factor,low,89500.0,27074683.897,24299874.223
G100000109059,S1,emission_factor,high,99700.0,33194628.974,29348828.911
G100000109059,S2,lifetime,central,40,30134482.23,26824207.849
G100000109059,S2,lifetime,low,30,20598189.44,17287915.059
G100000109059,S2,lifetime,high,50,40565604.057,37255329.676
G100000109059,S2,capacity_factor,central,0.53,30134482.23,26824207.849
G100000109059,S2,capacity_factor,low,0.53,30134482.23,26824207.849
G100000109059,S2,capacity_factor,high,0.5728,32567983.817,28990389.164
G100000109059,S2,efficiency,central,0.39,30134482.23,26824207.849
G100000109059,S2,efficiency,low,0.363,34356233.458,30307152.61
G100000109059,S2,efficiency,high,0.417,26459404.548,23792268.761
G100000109059,S2,emission_factor,central,94600.0,30134482.23,26824207.849
G100000109059,S2,emission_factor,low,89500.0,27074683.897,24299874.223
G100000109059,S2,emission_factor,high,99700.0,33194628.974,29348828.911
G100000109060,S1,lifetime,central,40,30134482.23,26824207.849
G100000109060,S1,lifetime,low,30,20598189.44,17287915.059
G100000109060,S1,lifetime,high,50,40565604.057,37255329.676
G100000109060,S1,capacity_factor,central,0.53,30134482.23,26824207.849
G100000109060,S1,capacity_factor,low,0.53,30134482.23,26824207.849
G100000109060,S1,capacity_factor,high,0.5728,32567983.817,28990389.164
G100000109060,S1,efficiency,central,0.39,30134482.23,26824207.849
G100000109060,S1,efficiency,low,0.363,34356233.458,30307152.61
G100000109060,S1,efficiency,high,0.417,26459404.548,23792268.761
G100000109060,S1,emission_factor,central,94600.0,30134482.23,26824207.849
G100000109060,S1,emission_factor,low,89500.0,27074683.897,24299874.223
G100000109060,S1,emission_factor,high,99700.0,33194628.974,29348828.911
G100000109060,S2,lifetime,central,40,30134482.23,26824207.849
G100000109060,S2,lifetime,low,30,20598189.44,17287915.059
G100000109060,S2,lifetime,high,50,40565604.057,37255329.676
G100000109060,S2,capacity_factor,central,0.53,30134482.23,26824207.849
G100000109060,S2,capacity_factor,low,0.53,30134482.23,26824207.849
G100000109060,S2,capacity_factor,high,0.5728,32567983.817,28990389.164
G100000109060,S2,efficiency,central,0.39,30134482.23,26824207.849
G100000109060,S2,efficiency,low,0.363,34356233.458,30307152.61
G100000109060,S2,efficiency,high,0.417,26459404.548,23792268.761
G100000109060,S2,emission_factor,central,94600.0,30134482.23,26824207.849
G100000109060,S2,emission_factor,low,89500.0,27074683.897,24299874.223
G100000109060,S2,emission_factor,high,99700.0,33194628.974,29348828.911
G100000109061,S1,lifetime,central,40,23188922.658,14443978.112
G100000109061,S1,lifetime,low,30,15014903.087,6269958.541
G100000109061,S1,lifetime,high,50,32397216.463,23652271.917
G100000109061,S1,capacity_factor,central,0.53,23188922.658,14443978.112
G100000109061,S1,capacity_factor,low,0.53,23188922.658,14443978.112
G100000109061,S1,capacity_factor,high,0.5728,25061537.543,15610397.474
G100000109061,S1,efficiency,central,0.35,23188922.658,14443978.112
G100000109061,S1,efficiency,low,0.325,27358969.907,16424750.554
G100000109061,S1,efficiency,high,0.374,19710122.869,12791548.212
G100000109061,S1,emission_factor,central,94600.0,23188922.658,14443978.112
G100000109061,S1,emission_factor,low,89500.0,20266251.274,13055709.203
G100000109061,S1,emission_factor,high,99700.0,26111395.701,15832152.809
G100000109061,S2,lifetime,central,40,23188922.658,14443978.112
G100000109061,S2,lifetime,low,30,15014903.087,6269958.541
G100000109061,S2,lifetime,high,50,32397216.463,23652271.917
G100000109061,S2,capacity_factor,central,0.53,23188922.658,14443978.112
G100000109061,S2,capacity_factor,low,0.53,23188922.658,14443978.112
G100000109061,S2,capacity_factor,high,0.5728,25061537.543,15610397.474
G100000109061,S2,efficiency,central,0.35,23188922.658,14443978.112
G100000109061,S2,efficiency,low,0.325,27358969.907,16424750.554
G100000109061,S2,efficiency,high,0.374,19710122.869,12791548.212
G100000109061,S2,emission_factor,central,94600.0,23188922.658,14443978.112
G100000109061,S2,emission_factor,low,89500.0,20266251.274,13055709.203
G100000109061,S2,emission_factor,high,99700.0,26111395.701,15832152.809
G100000109062,S1,lifetime,central,40,23188922.658,14443978.112
G100000109062,S1,lifetime,low,30,15014903.087,6269958.541
G100000109062,S1,lifetime,high,50,32397216.463,23652271.917
G100000109062,S1,capacity_factor,central,0.53,23188922.658,14443978.112
G100000109062,S1,capacity_factor,low,0.53,23188922.658,14443978.112
G100000109062,S1,capacity_factor,high,0.5728,25061537.543,15610397.474
G100000109062,S1,efficiency,central,0.35,23188922.658,14443978.112
G100000109062,S1,efficiency,low,0.325,27358969.907,16424750.554
G100000109062,S1,efficiency,high,0.374,19710122.869,12791548.212
G100000109062,S1,emission_factor,central,94600.0,23188922.658,14443978.112
G100000109062,S1,emission_factor,low,89500.0,20266251.274,13055709.203
G100000109062,S1,emission_factor,high,99700.0,26111395.701,15832152.809
G100000109062,S2,lifetime,central,40,23188922.658,14443978.112
G100000109062,S2,lifetime,low,30,15014903.087,6269958.541
G100000109062,S2,lifetime,high,50,32397216.463,23652271.917
G100000109062,S2,capacity_factor,central,0.53,23188922.658,14443978.112
G100000109062,S2,capacity_factor,low,0.53,23188922.658,14443978.112
G100000109062,S2,capacity_factor,high,0.5728,25061537.543,15610397.474
G100000109062,S2,efficiency,central,0.35,23188922.658,14443978.112
G100000109062,S2,efficiency,low,0.325,27358969.907,16424750.554
G100000109062,S2,efficiency,high,0.374,19710122.869,12791548.212
G100000109062,S2,emission_factor,central,94600.0,23188922.658,14443978.112
G100000109062,S2,emission_factor,low,89500.0,20266251.274,13055709.203
G100000109062,S2,emission_factor,high,99700.0,26111395.701,15832152.809
G100000109063,S1,lifetime,central,40,40196484.633,29636425.819
G100000109063,S1,lifetime,low,30,25747741.337,15187682.523
G100000109063,S1,lifetime,high,50,56544415.132,45984356.318
G100000109063,S1,capacity_factor,central,0.53,40196484.633,29636425.819
G100000109063,S1,capacity_factor,low,0.53,40196484.633,29636425.819
G100000109063,S1,capacity_factor,high,0.5728,43442540.372,32029706.996
G100000109063,S1,efficiency,central,0.39,40196484.633,29636425.819
G100000109063,S1,efficiency,low,0.363,47433772.436,33797866.307
G100000109063,S1,efficiency,high,0.417,33896351.464,26013849.246
G100000109063,S1,emission_factor,central,94600.0,40196484.633,29636425.819
G100000109063,S1,emission_factor,low,89500.0,34951116.046,26620338.883
G100000109063,S1,emission_factor,high,99700.0,45442450.467,32652856.171
G100000109063,S2,lifetime,central,40,40196484.633,29636425.819
G100000109063,S2,lifetime,low,30,25747741.337,15187682.523
G100000109063,S2,lifetime,high,50,56544415.132,45984356.318
G100000109063,S2,capacity_factor,central,0.53,40196484.633,29636425.819
G100000109063,S2,capacity_factor,low,0.53,40196484.633,29636425.819
G100000109063,S2,capacity_factor,high,0.5728,43442540.372,32029706.996
G100000109063,S2,efficiency,central,0.39,40196484.633,29636425.819
G100000109063,S2,efficiency,low,0.363,47433772.436,33797866.307
G100000109063,S2,efficiency,high,0.417,33896351.464,26013849.246
G100000109063,S2,emission_factor,central,94600.0,40196484.633,29636425.819
G100000109063,S2,emission_factor,low,89500.0,34951116.046,26620338.883
G100000109063,S2,emission_factor,high,99700.0,45442450.467,32652856.171
G100000109064,S1,lifetime,central,40,40196484.633,29636425.819
G100000109064,S1,lifetime,low,30,25747741.337,15187682.523
G100000109064,S1,lifetime,high,50,56544415.132,45984356.318
G100000109064,S1,capacity_factor,central,0.53,40196484.633,29636425.819
G100000109064,S1,capacity_factor,low,0.53,40196484.633,29636425.819
G100000109064,S1,capacity_factor,high,0.5728,43442540.372,32029706.996
G100000109064,S1,efficiency,central,0.39,40196484.633,29636425.819
G100000109064,S1,efficiency,low,0.363,47433772.436,33797866.307
G100000109064,S1,efficiency,high,0.417,33896351.464,26013849.246
G100000109064,S1,emission_factor,central,94600.0,40196484.633,29636425.819
G100000109064,S1,emission_factor,low,89500.0,34951116.046,26620338.883
G100000109064,S1,emission_factor,high,99700.0,45442450.467,32652856.171
G100000109064,S2,lifetime,central,40,40196484.633,29636425.819
G100000109064,S2,lifetime,low,30,25747741.337,15187682.523
G100000109064,S2,lifetime,high,50,56544415.132,45984356.318
G100000109064,S2,capacity_factor,central,0.53,40196484.633,29636425.819
G100000109064,S2,capacity_factor,low,0.53,40196484.633,29636425.819
G100000109064,S2,capacity_factor,high,0.5728,43442540.372,32029706.996
G100000109064,S2,efficiency,central,0.39,40196484.633,29636425.819
G100000109064,S2,efficiency,low,0.363,47433772.436,33797866.307
G100000109064,S2,efficiency,high,0.417,33896351.464,26013849.246
G100000109064,S2,emission_factor,central,94600.0,40196484.633,29636425.819
G100000109064,S2,emission_factor,low,89500.0,34951116.046,26620338.883
G100000109064,S2,emission_factor,high,99700.0,45442450.467,32652856.171
G100000604115,S1,lifetime,central,60,-1801825.379,0
G100000604115,S1,lifetime,low,40,0,0
G100000604115,S1,lifetime,high,80,-34942869.885,0
G100000604115,S1,capacity_factor,central,0.4167,-1801825.379,0
G100000604115,S1,capacity_factor,low,0.3776,-1632755.611,0
G100000604115,S1,capacity_factor,high,0.4186,-1810041.046,0
G100000604115,S2,lifetime,central,60,-1801825.379,0
G100000604115,S2,lifetime,low,40,0,0
G100000604115,S2,lifetime,high,80,-34942869.885,0
G100000604115,S2,capacity_factor,central,0.4167,-1801825.379,0
G100000604115,S2,capacity_factor,low,0.3776,-1632755.611,0
G100000604115,S2,capacity_factor,high,0.4186,-1810041.046,0
G100000111277,S1,lifetime,central,40,26831428.446,13804873.779
G100000111277,S1,lifetime,low,30,17236244.592,4209689.925
G100000111277,S1,lifetime,high,50,37740869.311,24714314.644
G100000111277,S1,capacity_factor,central,0.53,26831428.446,13804873.779
G100000111277,S1,capacity_factor,low,0.53,26831428.446,13804873.779
G100000111277,S1,capacity_factor,high,0.5728,28998192.862,14919682.455
G100000111277,S1,efficiency,central,0.35,26831428.446,13804873.779
G100000111277,S1,efficiency,low,0.325,31886776.233,15700629.197
G100000111277,S1,efficiency,high,0.374,22614098.914,12223375.203
G100000111277,S1,emission_factor,central,98300.0,26831428.446,13804873.779
G100000111277,S1,emission_factor,low,94600.0,24357638.201,12877202.435
G100000111277,S1,emission_factor,high,101000.0,28636436.734,14481751.887
G100000111277,S2,lifetime,central,40,26831428.446,13804873.779
G100000111277,S2,lifetime,low,30,17236244.592,4209689.925
G100000111277,S2,lifetime,high,50,37740869.311,24714314.644
G100000111277,S2,capacity_factor,central,0.53,26831428.446,13804873.779
G100000111277,S2,capacity_factor,low,0.53,26831428.446,13804873.779
G100000111277,S2,capacity_factor,high,0.5728,28998192.862,14919682.455
G100000111277,S2,efficiency,central,0.35,26831428.446,13804873.779
G100000111277,S2,efficiency,low,0.325,31886776.233,15700629.197
G100000111277,S2,efficiency,high,0.374,22614098.914,12223375.203
G100000111277,S2,emission_factor,central,98300.0,26831428.446,13804873.779
G100000111277,S2,emission_factor,low,94600.0,24357638.201,12877202.435
G100000111277,S2,emission_factor,high,101000.0,28636436.734,14481751.887
G100000111278,S1,lifetime,central,40,26831428.446,13804873.779
G100000111278,S1,lifetime,low,30,17236244.592,4209689.925
G100000111278,S1,lifetime,high,50,37740869.311,24714314.644
G100000111278,S1,capacity_factor,central,0.53,26831428.446,13804873.779
G100000111278,S1,capacity_factor,low,0.53,26831428.446,13804873.779
G100000111278,S1,capacity_factor,high,0.5728,28998192.862,14919682.455
G100000111278,S1,efficiency,central,0.35,26831428.446,13804873.779
G100000111278,S1,efficiency,low,0.325,31886776.233,15700629.197
G100000111278,S1,efficiency,high,0.374,22614098.914,12223375.203
G100000111278,S1,emission_factor,central,98300.0,26831428.446,13804873.779
G100000111278,S1,emission_factor,low,94600.0,24357638.201,12877202.435
G100000111278,S1,emission_factor,high,101000.0,28636436.734,14481751.887
G100000111278,S2,lifetime,central,40,26831428.446,13804873.779
G100000111278,S2,lifetime,low,30,17236244.592,4209689.925
G100000111278,S2,lifetime,high,50,37740869.311,24714314.644
G100000111278,S2,capacity_factor,central,0.53,26831428.446,13804873.779
G100000111278,S2,capacity_factor,low,0.53,26831428.446,13804873.779
G100000111278,S2,capacity_factor,high,0.5728,28998192.862,14919682.455
G100000111278,S2,efficiency,central,0.35,26831428.446,13804873.779
G100000111278,S2,efficiency,low,0.325,31886776.233,15700629.197
G100000111278,S2,efficiency,high,0.374,22614098.914,12223375.203
G100000111278,S2,emission_factor,central,98300.0,26831428.446,13804873.779
G100000111278,S2,emission_factor,low,94600.0,24357638.201,12877202.435
G100000111278,S2,emission_factor,high,101000.0,28636436.734,14481751.887
G100000111279,S1,lifetime,central,40,26831428.446,13804873.779
G100000111279,S1,lifetime,low,30,17236244.592,4209689.925
G100000111279,S1,lifetime,high,50,37740869.311,24714314.644
G100000111279,S1,capacity_factor,central,0.53,26831428.446,13804873.779
G100000111279,S1,capacity_factor,low,0.53,26831428.446,13804873.779
G100000111279,S1,capacity_factor,high,0.5728,28998192.862,14919682.455
G100000111279,S1,efficiency,central,0.35,26831428.446,13804873.779
G100000111279,S1,efficiency,low,0.325,31886776.233,15700629.197
G100000111279,S1,efficiency,high,0.374,22614098.914,12223375.203
G100000111279,S1,emission_factor,central,98300.0,26831428.446,13804873.779
G100000111279,S1,emission_factor,low,94600.0,24357638.201,12877202.435
G100000111279,S1,emission_factor,high,101000.0,28636436.734,14481751.887
G100000111279,S2,lifetime,central,40,26831428.446,13804873.779
G100000111279,S2,lifetime,low,30,17236244.592,4209689.925
G100000111279,S2,lifetime,high,50,37740869.311,24714314.644
G100000111279,S2,capacity_factor,central,0.53,26831428.446,13804873.779
G100000111279,S2,capacity_factor,low,0.53,26831428.446,13804873.779
G100000111279,S2,capacity_factor,high,0.5728,28998192.862,14919682.455
G100000111279,S2,efficiency,central,0.35,26831428.446,13804873.779
G100000111279,S2,efficiency,low,0.325,31886776.233,15700629.197
G100000111279,S2,efficiency,high,0.374,22614098.914,12223375.203
G100000111279,S2,emission_factor,central,98300.0,26831428.446,13804873.779
G100000111279,S2,emission_factor,low,94600.0,24357638.201,12877202.435
G100000111279,S2,emission_factor,high,101000.0,28636436.734,14481751.887
G100000111280,S1,lifetime,central,40,27464500.504,14841275.623
G100000111280,S1,lifetime,low,30,17724906.14,5101681.259
G100000111280,S1,lifetime,high,50,38490583.084,25867358.203
G100000111280,S1,capacity_factor,central,0.53,27464500.504,14841275.623
G100000111280,S1,capacity_factor,low,0.53,27464500.504,14841275.623
G100000111280,S1,capacity_factor,high,0.5728,29682388.475,16039778.637
G100000111280,S1,efficiency,central,0.35,27464500.504,14841275.623
G100000111280,S1,efficiency,low,0.325,32519848.292,16863414.736
G100000111280,S1,efficiency,high,0.374,23247170.973,13154343.809
G100000111280,S1,emission_factor,central,98300.0,27464500.504,14841275.623
G100000111280,S1,emission_factor,low,94600.0,24990710.259,13851759.523
G100000111280,S1,emission_factor,high,101000.0,29269508.792,15563278.938
G100000111280,S2,lifetime,central,40,27464500.504,14841275.623
G100000111280,S2,lifetime,low,30,17724906.14,5101681.259
G100000111280,S2,lifetime,high,50,38490583.084,25867358.203
G100000111280,S2,capacity_factor,central,0.53,27464500.504,14841275.623
G100000111280,S2,capacity_factor,low,0.53,27464500.504,14841275.623
G100000111280,S2,capacity_factor,high,0.5728,29682388.475,16039778.637
G100000111280,S2,efficiency,central,0.35,27464500.504,14841275.623
G100000111280,S2,efficiency,low,0.325,32519848.292,16863414.736
G100000111280,S2,efficiency,high,0.374,23247170.973,13154343.809
G100000111280,S2,emission_factor,central,98300.0,27464500.504,14841275.623
G100000111280,S2,emission_factor,low,94600.0,24990710.259,13851759.523
G100000111280,S2,emission_factor,high,101000.0,29269508.792,15563278.938
G100000111281,S1,lifetime,central,40,27464500.504,14841275.623
G100000111281,S1,lifetime,low,30,17724906.14,5101681.259
G100000111281,S1,lifetime,high,50,38490583.084,25867358.203
G100000111281,S1,capacity_factor,central,0.53,27464500.504,14841275.623
G100000111281,S1,capacity_factor,low,0.53,27464500.504,14841275.623
G100000111281,S1,capacity_factor,high,0.5728,29682388.475,16039778.637
G100000111281,S1,efficiency,central,0.35,27464500.504,14841275.623
G100000111281,S1,efficiency,low,0.325,32519848.292,16863414.736
G100000111281,S1,efficiency,high,0.374,23247170.973,13154343.809
G100000111281,S1,emission_factor,central,98300.0,27464500.504,14841275.623
G100000111281,S1,emission_factor,low,94600.0,24990710.259,13851759.523
G100000111281,S1,emission_factor,high,101000.0,29269508.792,15563278.938
G100000111281,S2,lifetime,central,40,27464500.504,14841275.623
G100000111281,S2,lifetime,low,30,17724906.14,5101681.259
G100000111281,S2,lifetime,high,50,38490583.084,25867358.203
G100000111281,S2,capacity_factor,central,0.53,27464500.504,14841275.623
G100000111281,S2,capacity_factor,low,0.53,27464500.504,14841275.623
G100000111281,S2,capacity_factor,high,0.5728,29682388.475,16039778.637
G100000111281,S2,efficiency,central,0.35,27464500.504,14841275.623
G100000111281,S2,efficiency,low,0.325,32519848.292,16863414.736
G100000111281,S2,efficiency,high,0.374,23247170.973,13154343.809
G100000111281,S2,emission_factor,central,98300.0,27464500.504,14841275.623
G100000111281,S2,emission_factor,low,94600.0,24990710.259,13851759.523
G100000111281,S2,emission_factor,high,101000.0,29269508.792,15563278.938
G100000111282,S1,lifetime,central,40,27464500.504,14841275.623
G100000111282,S1,lifetime,low,30,17724906.14,5101681.259
G100000111282,S1,lifetime,high,50,38490583.084,25867358.203
G100000111282,S1,capacity_factor,central,0.53,27464500.504,14841275.623
G100000111282,S1,capacity_factor,low,0.53,27464500.504,14841275.623
G100000111282,S1,capacity_factor,high,0.5728,29682388.475,16039778.637
G100000111282,S1,efficiency,central,0.35,27464500.504,14841275.623
G100000111282,S1,efficiency,low,0.325,32519848.292,16863414.736
G100000111282,S1,efficiency,high,0.374,23247170.973,13154343.809
G100000111282,S1,emission_factor,central,98300.0,27464500.504,14841275.623
G100000111282,S1,emission_factor,low,94600.0,24990710.259,13851759.523
G100000111282,S1,emission_factor,high,101000.0,29269508.792,15563278.938
G100000111282,S2,lifetime,central,40,27464500.504,14841275.623
G100000111282,S2,lifetime,low,30,17724906.14,5101681.259
G100000111282,S2,lifetime,high,50,38490583.084,25867358.203
G100000111282,S2,capacity_factor,central,0.53,27464500.504,14841275.623
G100000111282,S2,capacity_factor,low,0.53,27464500.504,14841275.623
G100000111282,S2,capacity_factor,high,0.5728,29682388.475,16039778.637
G100000111282,S2,efficiency,central,0.35,27464500.504,14841275.623
G100000111282,S2,efficiency,low,0.325,32519848.292,16863414.736
G100000111282,S2,efficiency,high,0.374,23247170.973,13154343.809
G100000111282,S2,emission_factor,central,98300.0,27464500.504,14841275.623
G100000111282,S2,emission_factor,low,94600.0,24990710.259,13851759.523
G100000111282,S2,emission_factor,high,101000.0,29269508.792,15563278.938
G100000111283,S1,lifetime,central,40,53099086.105,34646062.082
G100000111283,S1,lifetime,low,30,35241119.261,16788095.238
G100000111283,S1,lifetime,high,50,72939112.738,54486088.715
G100000111283,S1,capacity_factor,central,0.53,53099086.105,34646062.082
G100000111283,S1,capacity_factor,low,0.53,53099086.105,34646062.082
G100000111283,S1,capacity_factor,high,0.5728,57387087.779,37443895.019
G100000111283,S1,efficiency,central,0.35,53099086.105,34646062.082
G100000111283,S1,efficiency,low,0.325,61765396.585,39195875.084
G100000111283,S1,efficiency,high,0.374,45869378.33,30850465.498
G100000111283,S1,emission_factor,central,98300.0,53099086.105,34646062.082
G100000111283,S1,emission_factor,low,94600.0,48858302.815,32419650.855
G100000111283,S1,emission_factor,high,101000.0,56193386.023,36270569.538
G100000111283,S2,lifetime,central,40,53099086.105,34646062.082
G100000111283,S2,lifetime,low,30,35241119.261,16788095.238
G100000111283,S2,lifetime,high,50,72939112.738,54486088.715
G100000111283,S2,capacity_factor,central,0.53,53099086.105,34646062.082
G100000111283,S2,capacity_factor,low,0.53,53099086.105,34646062.082
G100000111283,S2,capacity_factor,high,0.5728,57387087.779,37443895.019
G100000111283,S2,efficiency,central,0.35,53099086.105,34646062.082
G100000111283,S2,efficiency,low,0.325,61765396.585,39195875.084
G100000111283,S2,efficiency,high,0.374,45869378.33,30850465.498
G100000111283,S2,emission_factor,central,98300.0,53099086.105,34646062.082
G100000111283,S2,emission_factor,low,94600.0,48858302.815,32419650.855
G100000111283,S2,emission_factor,high,101000.0,56193386.023,36270569.538
G100000111284,S1,lifetime,central,40,53099086.105,34646062.082
G100000111284,S1,lifetime,low,30,35241119.261,16788095.238
G100000111284,S1,lifetime,high,50,72939112.738,54486088.715
G100000111284,S1,capacity_factor,central,0.53,53099086.105,34646062.082
G100000111284,S1,capacity_factor,low,0.53,53099086.105,34646062.082
G100000111284,S1,capacity_factor,high,0.5728,57387087.779,37443895.019
G100000111284,S1,efficiency,central,0.35,53099086.105,34646062.082
G100000111284,S1,efficiency,low,0.325,61765396.585,39195875.084
G100000111284,S1,efficiency,high,0.374,45869378.33,30850465.498
G100000111284,S1,emission_factor,central,98300.0,53099086.105,34646062.082
G100000111284,S1,emission_factor,low,94600.0,48858302.815,32419650.855
G100000111284,S1,emission_factor,high,101000.0,56193386.023,36270569.538
G100000111284,S2,lifetime,central,40,53099086.105,34646062.082
G100000111284,S2,lifetime,low,30,35241119.261,16788095.238
G100000111284,S2,lifetime,high,50,72939112.738,54486088.715
G100000111284,S2,capacity_factor,central,0.53,53099086.105,34646062.082
G100000111284,S2,capacity_factor,low,0.53,53099086.105,34646062.082
G100000111284,S2,capacity_factor,high,0.5728,57387087.779,37443895.019
G100000111284,S2,efficiency,central,0.35,53099086.105,34646062.082
G100000111284,S2,efficiency,low,0.325,61765396.585,39195875.084
G100000111284,S2,efficiency,high,0.374,45869378.33,30850465.498
G100000111284,S2,emission_factor,central,98300.0,53099086.105,34646062.082
G100000111284,S2,emission_factor,low,94600.0,48858302.815,32419650.855
G100000111284,S2,emission_factor,high,101000.0,56193386.023,36270569.538
G100000111447,S1,lifetime,central,40,29558956.084,21844367.017
G100000111447,S1,lifetime,low,30,19855992.269,12141403.202
G100000111447,S1,lifetime,high,50,40262798.593,32548209.526
G100000111447,S1,capacity_factor,central,0.53,29558956.084,21844367.017
G100000111447,S1,capacity_factor,low,0.53,29558956.084,21844367.017
G100000111447,S1,capacity_factor,high,0.5728,31945981.217,23608402.693
G100000111447,S1,efficiency,central,0.35,29558956.084,21844367.017
G100000111447,S1,efficiency,low,0.325,34146008.059,24711274.501
G100000111447,S1,efficiency,high,0.374,25732276.313,19452692.16
G100000111447,S1,emission_factor,central,94600.0,29558956.084,21844367.017
G100000111447,S1,emission_factor,low,89500.0,26344017.556,19835030.436
G100000111447,S1,emission_factor,high,99700.0,32773676.433,23853567.235
G100000111447,S2,lifetime,central,40,29558956.084,21844367.017
G100000111447,S2,lifetime,low,30,19855992.269,12141403.202
G100000111447,S2,lifetime,high,50,40262798.593,32548209.526
G100000111447,S2,capacity_factor,central,0.53,29558956.084,21844367.017
G100000111447,S2,capacity_factor,low,0.53,29558956.084,21844367.017
G100000111447,S2,capacity_factor,high,0.5728,31945981.217,23608402.693
G100000111447,S2,efficiency,central,0.35,29558956.084,21844367.017
G100000111447,S2,efficiency,low,0.325,34146008.059,24711274.501
G100000111447,S2,efficiency,high,0.374,25732276.313,19452692.16
G100000111447,S2,emission_factor,central,94600.0,29558956.084,21844367.017
G100000111447,S2,emission_factor,low,89500.0,26344017.556,19835030.436
G100000111447,S2,emission_factor,high,99700.0,32773676.433,23853567.235
G100000111448,S1,lifetime,central,40,30249711.125,22873214.329
G100000111448,S1,lifetime,low,30,20436770.837,13060274.041
G100000111448,S1,lifetime,high,50,41042382.813,33665886.017
G100000111448,S1,capacity_factor,central,0.53,30249711.125,22873214.329
G100000111448,S1,capacity_factor,low,0.53,30249711.125,22873214.329
G100000111448,S1,capacity_factor,high,0.5728,32692517.986,24720334.279
G100000111448,S1,efficiency,central,0.35,30249711.125,22873214.329
G100000111448,S1,efficiency,low,0.325,34836763.1,25854798.112
G100000111448,S1,efficiency,high,0.374,26423031.354,20385872.478
G100000111448,S1,emission_factor,central,94600.0,30249711.125,22873214.329
G100000111448,S1,emission_factor,low,89500.0,27034772.597,20783504.285
G100000111448,S1,emission_factor,high,99700.0,33464431.474,24962782.556
G100000111448,S2,lifetime,central,40,30249711.125,22873214.329
G100000111448,S2,lifetime,low,30,20436770.837,13060274.041
G100000111448,S2,lifetime,high,50,41042382.813,33665886.017
G100000111448,S2,capacity_factor,central,0.53,30249711.125,22873214.329
G100000111448,S2,capacity_factor,low,0.53,30249711.125,22873214.329
G100000111448,S2,capacity_factor,high,0.5728,32692517.986,24720334.279
G100000111448,S2,efficiency,central,0.35,30249711.125,22873214.329
G100000111448,S2,efficiency,low,0.325,34836763.1,25854798.112
G100000111448,S2,efficiency,high,0.374,26423031.354,20385872.478
G100000111448,S2,emission_factor,central,94600.0,30249711.125,22873214.329
G100000111448,S2,emission_factor,low,89500.0,27034772.597,20783504.285
G100000111448,S2,emission_factor,high,99700.0,33464431.474,24962782.556
G100000111465,S1,lifetime,central,40,74369545.49,69214087.514
G100000111465,S1,lifetime,low,30,50338473.512,45183015.536
G100000111465,S1,lifetime,high,50,100850376.032,95694918.056
G100000111465,S1,capacity_factor,central,0.53,74369545.49,69214087.514
G100000111465,S1,capacity_factor,low,0.53,74369545.49,69214087.514
G100000111465,S1,capacity_factor,high,0.5728,80375237.093,74803451.567
G100000111465,S1,efficiency,central,0.43,74369545.49,69214087.514
G100000111465,S1,efficiency,low,0.4,85400838.29,78866468.714
G100000111465,S1,efficiency,high,0.46,64777116.97,60820712.559
G100000111465,S1,emission_factor,central,94600.0,74369545.49,69214087.514
G100000111465,S1,emission_factor,low,89500.0,66440190.942,62275902.286
G100000111465,S1,emission_factor,high,99700.0,82299145.182,76152487.246
G100000111465,S2,lifetime,central,40,74369545.49,69214087.514
G100000111465,S2,lifetime,low,30,50338473.512,45183015.536
G100000111465,S2,lifetime,high,50,100850376.032,95694918.056
G100000111465,S2,capacity_factor,central,0.53,74369545.49,69214087.514
G100000111465,S2,capacity_factor,low,0.53,74369545.49,69214087.514
G100000111465,S2,capacity_factor,high,0.5728,80375237.093,74803451.567
G100000111465,S2,efficiency,central,0.43,74369545.49,69214087.514
G100000111465,S2,efficiency,low,0.4,85400838.29,78866468.714
G100000111465,S2,efficiency,high,0.46,64777116.97,60820712.559
G100000111465,S2,emission_factor,central,94600.0,74369545.49,69214087.514
G100000111465,S2,emission_factor,low,89500.0,66440190.942,62275902.286
G100000111465,S2,emission_factor,high,99700.0,82299145.182,76152487.246
G100000111466,S1,lifetime,central,40,74369545.49,69214087.514
G100000111466,S1,lifetime,low,30,50338473.512,45183015.536
G100000111466,S1,lifetime,high,50,100850376.032,95694918.056
G100000111466,S1,capacity_factor,central,0.53,74369545.49,69214087.514
G100000111466,S1,capacity_factor,low,0.53,74369545.49,69214087.514
G100000111466,S1,capacity_factor,high,0.5728,80375237.093,74803451.567
G100000111466,S1,efficiency,central,0.43,74369545.49,69214087.514
G100000111466,S1,efficiency,low,0.4,85400838.29,78866468.714
G100000111466,S1,efficiency,high,0.46,64777116.97,60820712.559
G100000111466,S1,emission_factor,central,94600.0,74369545.49,69214087.514
G100000111466,S1,emission_factor,low,89500.0,66440190.942,62275902.286
G100000111466,S1,emission_factor,high,99700.0,82299145.182,76152487.246
G100000111466,S2,lifetime,central,40,74369545.49,69214087.514
G100000111466,S2,lifetime,low,30,50338473.512,45183015.536
G100000111466,S2,lifetime,high,50,100850376.032,95694918.056
G100000111466,S2,capacity_factor,central,0.53,74369545.49,69214087.514
G100000111466,S2,capacity_factor,low,0.53,74369545.49,69214087.514
G100000111466,S2,capacity_factor,high,0.5728,80375237.093,74803451.567
G100000111466,S2,efficiency,central,0.43,74369545.49,69214087.514
G100000111466,S2,efficiency,low,0.4,85400838.29,78866468.714
G100000111466,S2,efficiency,high,0.46,64777116.97,60820712.559
G100000111466,S2,emission_factor,central,94600.0,74369545.49,69214087.514
G100000111466,S2,emission_factor,low,89500.0,66440190.942,62275902.286
G100000111466,S2,emission_factor,high,99700.0,82299145.182,76152487.246
G100001072762,S1,lifetime,central,25,-49832.442,-44401.95
G100001072762,S1,lifetime,low,20,-47222.968,-41792.476
G100001072762,S1,lifetime,high,30,-51360.821,-45930.329
G100001072762,S1,capacity_factor,central,0.1042,-49832.442,-44401.95
G100001072762,S1,capacity_factor,low,0.088,-42084.983,-37498.771
G100001072762,S1,capacity_factor,high,0.1184,-56623.428,-50452.888
G100001072762,S2,lifetime,central,25,-49832.442,-44401.95
G100001072762,S2,lifetime,low,20,-47222.968,-41792.476
G100001072762,S2,lifetime,high,30,-51360.821,-45930.329
G100001072762,S2,capacity_factor,central,0.1042,-49832.442,-44401.95
G100001072762,S2,capacity_factor,low,0.088,-42084.983,-37498.771
G100001072762,S2,capacity_factor,high,0.1184,-56623.428,-50452.888
G100000900028,S1,lifetime,central,25,-11013447.311,-7785386.64
G100000900028,S1,lifetime,low,20,-8924802.311,-5696741.64
G100000900028,S1,lifetime,high,30,-13047471.455,-9819410.784
G100000900028,S1,capacity_factor,central,0.3504,-11013447.311,-7785386.64
G100000900028,S1,capacity_factor,low,0.3186,-10013939.252,-7078836.141
G100000900028,S1,capacity_factor,high,0.4107,-12908740.902,-9125166.365
G100000900064,S1,lifetime,central,25,-12419727.318,-11890703.276
G100000900064,S1,lifetime,low,20,-10065653.552,-9536629.51
G100000900064,S1,lifetime,high,30,-14712239.004,-14183214.962
G100000900064,S1,capacity_factor,central,0.3504,-12419727.318,-11890703.276
G100000900064,S1,capacity_factor,low,0.3186,-11292594.529,-10811581.231
G100000900064,S1,capacity_factor,high,0.4107,-14557026.285,-13936963.003
G100001050895,S1,lifetime,central,25,-13962046.399,-13367326.561
G100001050895,S1,lifetime,low,20,-11315636.673,-10720916.835
G100001050895,S1,lifetime,high,30,-16539249.077,-15944529.239
G100001050895,S1,capacity_factor,central,0.3504,-13962046.399,-13367326.561
G100001050895,S1,capacity_factor,low,0.3186,-12694942.872,-12154195.896
G100001050895,S1,capacity_factor,high,0.4107,-16364761.574,-15667696.97
G100000827656,S1,lifetime,central,25,-302764.088,-70636.722
G100000827656,S1,lifetime,low,20,-278445.349,-46317.983
G100000827656,S1,lifetime,high,30,-318789.421,-86662.055
G100000827656,S1,capacity_factor,central,0.1521,-302764.088,-70636.722
G100000827656,S1,capacity_factor,low,0.1521,-302764.088,-70636.722
G100000827656,S1,capacity_factor,high,0.1926,-383381.744,-89445.316
G100000827656,S2,lifetime,central,25,-302635.696,-70508.33
G100000827656,S2,lifetime,low,20,-278392.352,-46264.986
G100000827656,S2,lifetime,high,30,-318583.304,-86455.938
G100000827656,S2,capacity_factor,central,0.1521,-302635.696,-70508.33
G100000827656,S2,capacity_factor,low,0.1521,-302635.696,-70508.33
G100000827656,S2,capacity_factor,high,0.1926,-383219.168,-89282.74
G100000827657,S1,lifetime,central,25,-302764.088,-70636.722
G100000827657,S1,lifetime,low,20,-278445.349,-46317.983
G100000827657,S1,lifetime,high,30,-318789.421,-86662.055
G100000827657,S1,capacity_factor,central,0.1521,-302764.088,-70636.722
G100000827657,S1,capacity_factor,low,0.1521,-302764.088,-70636.722
G100000827657,S1,capacity_factor,high,0.1926,-383381.744,-89445.316
G100000827657,S2,lifetime,central,25,-302635.696,-70508.33
G100000827657,S2,lifetime,low,20,-278392.352,-46264.986
G100000827657,S2,lifetime,high,30,-318583.304,-86455.938
G100000827657,S2,capacity_factor,central,0.1521,-302635.696,-70508.33
G100000827657,S2,capacity_factor,low,0.1521,-302635.696,-70508.33
G100000827657,S2,capacity_factor,high,0.1926,-383219.168,-89282.74
G100000828105,S1,lifetime,central,25,-302764.088,-70636.722
G100000828105,S1,lifetime,low,20,-278445.349,-46317.983
G100000828105,S1,lifetime,high,30,-318789.421,-86662.055
G100000828105,S1,capacity_factor,central,0.1521,-302764.088,-70636.722
G100000828105,S1,capacity_factor,low,0.1521,-302764.088,-70636.722
G100000828105,S1,capacity_factor,high,0.1926,-383381.744,-89445.316
G100000828105,S2,lifetime,central,25,-302635.696,-70508.33
G100000828105,S2,lifetime,low,20,-278392.352,-46264.986
G100000828105,S2,lifetime,high,30,-318583.304,-86455.938
G100000828105,S2,capacity_factor,central,0.1521,-302635.696,-70508.33
G100000828105,S2,capacity_factor,low,0.1521,-302635.696,-70508.33
G100000828105,S2,capacity_factor,high,0.1926,-383219.168,-89282.74
G100000828106,S1,lifetime,central,25,-302764.088,-70636.722
G100000828106,S1,lifetime,low,20,-278445.349,-46317.983
G100000828106,S1,lifetime,high,30,-318789.421,-86662.055
G100000828106,S1,capacity_factor,central,0.1521,-302764.088,-70636.722
G100000828106,S1,capacity_factor,low,0.1521,-302764.088,-70636.722
G100000828106,S1,capacity_factor,high,0.1926,-383381.744,-89445.316
G100000828106,S2,lifetime,central,25,-302635.696,-70508.33
G100000828106,S2,lifetime,low,20,-278392.352,-46264.986
G100000828106,S2,lifetime,high,30,-318583.304,-86455.938
G100000828106,S2,capacity_factor,central,0.1521,-302635.696,-70508.33
G100000828106,S2,capacity_factor,low,0.1521,-302635.696,-70508.33
G100000828106,S2,capacity_factor,high,0.1926,-383219.168,-89282.74
G100000915831,S1,lifetime,central,25,-392234.698,0
G100000915831,S1,lifetime,low,20,-341631.196,0
G100000915831,S1,lifetime,high,30,-424909.115,-11966.368
G100000915831,S1,capacity_factor,central,0.2014,-392234.698,0
G100000915831,S1,capacity_factor,low,0.2014,-392234.698,0
G100000915831,S1,capacity_factor,high,0.2538,-494285.835,0
G100000915831,S2,lifetime,central,25,-392234.698,0
G100000915831,S2,lifetime,low,20,-341631.196,0
G100000915831,S2,lifetime,high,30,-424902.895,-11960.148
G100000915831,S2,capacity_factor,central,0.2014,-392234.698,0
G100000915831,S2,capacity_factor,low,0.2014,-392234.698,0
G100000915831,S2,capacity_factor,high,0.2538,-494285.835,0
G100000201371,S1,lifetime,central,30,-625277.976,-89031.055
G100000201371,S1,lifetime,low,25,-613281.748,-77034.827
G100000201371,S1,lifetime,high,40,-635063.272,-98816.351
G100000201371,S1,capacity_factor,central,0.3225,-625277.976,-89031.055
G100000201371,S1,capacity_factor,low,0.3225,-625277.976,-89031.055
G100000201371,S1,capacity_factor,high,0.6226,-1207125.797,-171878.251
G100000201371,S1,efficiency,central,0.268,-625277.976,-89031.055
G100000201371,S1,efficiency,low,0.249,11040002.406,6132451.815
G100000201371,S1,efficiency,high,0.287,9495470.513,5308701.472
G100000201371,S2,lifetime,central,30,-625277.976,-89031.055
G100000201371,S2,lifetime,low,25,-613281.748,-77034.827
G100000201371,S2,lifetime,high,40,-635063.272,-98816.351
G100000201371,S2,capacity_factor,central,0.3225,-625277.976,-89031.055
G100000201371,S2,capacity_factor,low,0.3225,-625277.976,-89031.055
G100000201371,S2,capacity_factor,high,0.6226,-1207125.797,-171878.251
G100000201371,S2,efficiency,central,0.268,-625277.976,-89031.055
G100000201371,S2,efficiency,low,0.249,11040002.406,6132451.815
G100000201371,S2,efficiency,high,0.287,9495470.513,5308701.472
G100000200289,S1,lifetime,central,30,-471949.123,-315343.377
G100000200289,S1,lifetime,low,25,-462430.352,-305824.606
G100000200289,S1,lifetime,high,40,-479713.581,-323107.835
G100000200289,S1,capacity_factor,central,0.3225,-471949.123,-315343.377
G100000200289,S1,capacity_factor,low,0.3225,-471949.123,-315343.377
G100000200289,S1,capacity_factor,high,0.6226,-911117.904,-608783.834
G100000200289,S1,efficiency,central,0.268,-471949.123,-315343.377
G100000200289,S1,efficiency,low,0.249,36582470.924,33033634.665
G100000200289,S1,efficiency,high,0.287,31676310.778,28618090.534
G100000200289,S2,lifetime,central,30,-471949.123,-315343.377
G100000200289,S2,lifetime,low,25,-462430.352,-305824.606
G100000200289,S2,lifetime,high,40,-479713.581,-323107.835
G100000200289,S2,capacity_factor,central,0.3225,-471949.123,-315343.377
G100000200289,S2,capacity_factor,low,0.3225,-471949.123,-315343.377
G100000200289,S2,capacity_factor,high,0.6226,-911117.904,-608783.834
G100000200289,S2,efficiency,central,0.268,-471949.123,-315343.377
G100000200289,S2,efficiency,low,0.249,36582470.924,33033634.665
G100000200289,S2,efficiency,high,0.287,31676310.778,28618090.534
G100000200290,S1,capacity_factor,central,0.3225,-2002088.758,0
G100000200290,S1,capacity_factor,low,0.3225,-2002088.758,0
G100000200290,S1,capacity_factor,high,0.6226,-3865117.709,0
G100000200290,S1,efficiency,central,0.268,-2002088.758,0
G100000200290,S1,efficiency,low,0.249,10907488.202,0
G100000200290,S1,efficiency,high,0.287,9198206.235,0
G100000200290,S2,capacity_factor,central,0.3225,-2002088.758,0
G100000200290,S2,capacity_factor,low,0.3225,-2002088.758,0
G100000200290,S2,capacity_factor,high,0.6226,-3865117.709,0
G100000200290,S2,efficiency,central,0.268,-2002088.758,0
G100000200290,S2,efficiency,low,0.249,10907488.202,0
G100000200290,S2,efficiency,high,0.287,9198206.235,0
G100000201378,S1,lifetime,central,30,-1470703.976,0
G100000201378,S1,lifetime,low,25,-1370926.388,0
G100000201378,S1,lifetime,high,40,-1535634.096,-64930.12
G100000201378,S1,capacity_factor,central,0.3225,-1470703.976,0
G100000201378,S1,capacity_factor,low,0.3225,-1470703.976,0
G100000201378,S1,capacity_factor,high,0.6226,-2839256.734,0
G100000201378,S1,efficiency,central,0.268,-1470703.976,0
G100000201378,S1,efficiency,low,0.249,8822190.481,0
G100000201378,S1,efficiency,high,0.287,7459368.217,0
G100000201378,S2,lifetime,central,30,-1470703.976,0
G100000201378,S2,lifetime,low,25,-1370926.388,0
G100000201378,S2,lifetime,high,40,-1535634.096,-64930.12
G100000201378,S2,capacity_factor,central,0.3225,-1470703.976,0
G100000201378,S2,capacity_factor,low,0.3225,-1470703.976,0
G100000201378,S2,capacity_factor,high,0.6226,-2839256.734,0
G100000201378,S2,efficiency,central,0.268,-1470703.976,0
G100000201378,S2,efficiency,low,0.249,8822190.481,0
G100000201378,S2,efficiency,high,0.287,7459368.217,0
G100000200235,S1,lifetime,central,30,-1138235.956,-291863.684
G100000200235,S1,lifetime,low,25,-1118702.559,-272330.287
G100000200235,S1,lifetime,high,40,-1154169.222,-307796.95
G100000200235,S1,capacity_factor,central,0.3225,-1138235.956,-291863.684
G100000200235,S1,capacity_factor,low,0.3225,-1138235.956,-291863.684
G100000200235,S1,capacity_factor,high,0.6226,-2197413.051,-563455.29
G100000200235,S1,efficiency,central,0.268,-1138235.956,-291863.684
G100000200235,S1,efficiency,low,0.249,34543798.16,24685560.198
G100000200235,S1,efficiency,high,0.287,29819347.647,21378444.84
G100000200235,S2,lifetime,central,30,-1138235.956,-291863.684
G100000200235,S2,lifetime,low,25,-1118702.559,-272330.287
G100000200235,S2,lifetime,high,40,-1154169.222,-307796.95
G100000200235,S2,capacity_factor,central,0.3225,-1138235.956,-291863.684
G100000200235,S2,capacity_factor,low,0.3225,-1138235.956,-291863.684
G100000200235,S2,capacity_factor,high,0.6226,-2197413.051,-563455.29
G100000200235,S2,efficiency,central,0.268,-1138235.956,-291863.684
G100000200235,S2,efficiency,low,0.249,34543798.16,24685560.198
G100000200235,S2,efficiency,high,0.287,29819347.647,21378444.84
G100001052830,S1,lifetime,central,30,-539291.705,-22440.93
G100001052830,S1,lifetime,low,25,-521860.098,-5009.323
G100001052830,S1,lifetime,high,40,-553510.621,-36659.846
G100001052830,S1,capacity_factor,central,0.3225,-539291.705,-22440.93
G100001052830,S1,capacity_factor,low,0.3225,-539291.705,-22440.93
G100001052830,S1,capacity_factor,high,0.6226,-1041125.627,-43323.173
G100001052830,S1,efficiency,central,0.268,-539291.705,-22440.93
G100001052830,S1,efficiency,low,0.249,4264059.041,938229.218
G100001052830,S1,efficiency,high,0.287,3628075.323,811032.475
G100001052830,S2,lifetime,central,30,-539291.705,-22440.93
G100001052830,S2,lifetime,low,25,-521860.098,-5009.323
G100001052830,S2,lifetime,high,40,-553510.621,-36659.846
G100001052830,S2,capacity_factor,central,0.3225,-539291.705,-22440.93
G100001052830,S2,capacity_factor,low,0.3225,-539291.705,-22440.93
G100001052830,S2,capacity_factor,high,0.6226,-1041125.627,-43323.173
G100001052830,S2,efficiency,central,0.268,-539291.705,-22440.93
G100001052830,S2,efficiency,low,0.249,4264059.041,938229.218
G100001052830,S2,efficiency,high,0.287,3628075.323,811032.475
G100000915436,S1,lifetime,central,25,-48614.674,-17718.165
G100000915436,S1,lifetime,low,20,-42904.0,-12007.491
G100000915436,S1,lifetime,high,30,-53252.995,-22356.486
G100000915436,S1,capacity_factor,central,0.2068,-48614.674,-17718.165
G100000915436,S1,capacity_factor,low,0.2068,-48614.674,-17718.165
G100000915436,S1,capacity_factor,high,0.2495,-58652.617,-21376.606
G100000915436,S2,lifetime,central,25,-43939.164,-13042.655
G100000915436,S2,lifetime,low,20,-40636.942,-9740.433
G100000915436,S2,lifetime,high,30,-46023.777,-15127.268
G100000915436,S2,capacity_factor,central,0.2068,-43939.164,-13042.655
G100000915436,S2,capacity_factor,low,0.2068,-43939.164,-13042.655
G100000915436,S2,capacity_factor,high,0.2495,-53011.708,-15735.697
G100000920005,S1,lifetime,central,25,-566775.225,-566775.225
G100000920005,S1,lifetime,low,20,-495132.296,-495132.296
G100000920005,S1,lifetime,high,30,-624964.977,-624964.977
G100000920005,S1,capacity_factor,central,0.2068,-566775.225,-566775.225
G100000920005,S1,capacity_factor,low,0.2068,-566775.225,-566775.225
G100000920005,S1,capacity_factor,high,0.2495,-683802.797,-683802.797
G100000920005,S2,lifetime,central,25,-347652.336,-347652.336
G100000920005,S2,lifetime,low,20,-325026.616,-325026.616
G100000920005,S2,lifetime,high,30,-361935.312,-361935.312
G100000920005,S2,capacity_factor,central,0.2068,-347652.336,-347652.336
G100000920005,S2,capacity_factor,low,0.2068,-347652.336,-347652.336
G100000920005,S2,capacity_factor,high,0.2495,-419435.481,-419435.481
G100000911915,S1,lifetime,central,25,-24307.341,-8859.085
G100000911915,S1,lifetime,low,20,-21452.003,-6003.747
G100000911915,S1,lifetime,high,30,-26626.5,-11178.244
G100000911915,S1,capacity_factor,central,0.2068,-24307.341,-8859.085
G100000911915,S1,capacity_factor,low,0.2068,-24307.341,-8859.085
G100000911915,S1,capacity_factor,high,0.2495,-29326.308,-10688.302
G100000911915,S2,lifetime,central,25,-21969.582,-6521.326
G100000911915,S2,lifetime,low,20,-20318.472,-4870.216
G100000911915,S2,lifetime,high,30,-23011.889,-7563.633
G100000911915,S2,capacity_factor,central,0.2068,-21969.582,-6521.326
G100000911915,S2,capacity_factor,low,0.2068,-21969.582,-6521.326
G100000911915,S2,capacity_factor,high,0.2495,-26505.855,-7867.849
G100000913238,S1,lifetime,central,25,-30384.17,-11073.852
G100000913238,S1,lifetime,low,20,-26814.999,-7504.681
G100000913238,S1,lifetime,high,30,-33283.121,-13972.803
G100000913238,S1,capacity_factor,central,0.2068,-30384.17,-11073.852
G100000913238,S1,capacity_factor,low,0.2068,-30384.17,-11073.852
G100000913238,S1,capacity_factor,high,0.2495,-36657.886,-13360.38
G100000913238,S2,lifetime,central,25,-27461.977,-8151.659
G100000913238,S2,lifetime,low,20,-25398.088,-6087.77
G100000913238,S2,lifetime,high,30,-28764.86,-9454.542
G100000913238,S2,capacity_factor,central,0.2068,-27461.977,-8151.659
G100000913238,S2,capacity_factor,low,0.2068,-27461.977,-8151.659
G100000913238,S2,capacity_factor,high,0.2495,-33132.316,-9834.81
G100000806629,S1,lifetime,central,25,-68927.006,-20194.058
G100000806629,S1,lifetime,low,20,-60880.543,-12147.595
G100000806629,S1,lifetime,high,30,-75462.494,-26729.546
G100000806629,S1,capacity_factor,central,0.117,-68927.006,-20194.058
G100000806629,S1,capacity_factor,low,0.1124,-66217.054,-19400.103
G100000806629,S1,capacity_factor,high,0.1314,-77410.327,-22679.479
G100000806629,S2,lifetime,central,25,-64162.462,-15429.514
G100000806629,S2,lifetime,low,20,-59016.04,-10283.092
G100000806629,S2,lifetime,high,30,-67411.275,-18678.327
G100000806629,S2,capacity_factor,central,0.117,-64162.462,-15429.514
G100000806629,S2,capacity_factor,low,0.1124,-61639.833,-14822.882
G100000806629,S2,capacity_factor,high,0.1314,-72059.379,-17328.531
G100000200254,S1,lifetime,central,30,-1234328.31,-617316.253
G100000200254,S1,lifetime,low,25,-1134450.084,-517438.027
G100000200254,S1,lifetime,high,40,-1370366.597,-753354.54
G100000200254,S1,capacity_factor,central,0.6711,-1234328.31,-617316.253
G100000200254,S1,capacity_factor,low,0.5801,-1066955.521,-533609.234
G100000200254,S1,capacity_factor,high,0.6848,-1259526.187,-629918.293
G100000200254,S1,efficiency,central,0.268,-1234328.31,-617316.253
G100000200254,S1,efficiency,low,0.249,10189029.167,6998255.399
G100000200254,S1,efficiency,high,0.287,8676528.869,5989921.866
G100000200254,S2,lifetime,central,30,-1234328.31,-617316.253
G100000200254,S2,lifetime,low,25,-1134450.084,-517438.027
G100000200254,S2,lifetime,high,40,-1370366.597,-753354.54
G100000200254,S2,capacity_factor,central,0.6711,-1234328.31,-617316.253
G100000200254,S2,capacity_factor,low,0.5801,-1066955.521,-533609.234
G100000200254,S2,capacity_factor,high,0.6848,-1259526.187,-629918.293
G100000200254,S2,efficiency,central,0.268,-1234328.31,-617316.253
G100000200254,S2,efficiency,low,0.249,10189029.167,6998255.399
G100000200254,S2,efficiency,high,0.287,8676528.869,5989921.866
G100001092248,S1,lifetime,central,25,-3966591.121,-2162728.916
G100001092248,S1,lifetime,low,20,-3515692.889,-1711830.684
G100001092248,S1,lifetime,high,30,-4313630.232,-2509768.027
G100001092248,S1,capacity_factor,central,0.2934,-3966591.121,-2162728.916
G100001092248,S1,capacity_factor,low,0.2878,-3890882.497,-2121449.836
G100001092248,S1,capacity_factor,high,0.3184,-4304576.048,-2347010.519
G100001092248,S2,lifetime,central,25,-3966591.121,-2162728.916
G100001092248,S2,lifetime,low,20,-3515692.889,-1711830.684
G100001092248,S2,lifetime,high,30,-4313630.232,-2509768.027
G100001092248,S2,capacity_factor,central,0.2934,-3966591.121,-2162728.916
G100001092248,S2,capacity_factor,low,0.2878,-3890882.497,-2121449.836
G100001092248,S2,capacity_factor,high,0.3184,-4304576.048,-2347010.519
G100000108655,S1,capacity_factor,central,0.1989,11193827.452,0
G100000108655,S1,capacity_factor,low,0.0819,4609223.071,0
G100000108655,S1,capacity_factor,high,0.1989,11193827.452,0
G100000108655,S1,efficiency,central,0.35,11193827.452,0
G100000108655,S1,efficiency,low,0.325,13119887.103,0
G100000108655,S1,efficiency,high,0.374,9587040.884,0
G100000108655,S1,emission_factor,central,94600.0,11193827.452,0
G100000108655,S1,emission_factor,low,89500.0,9843905.232,0
G100000108655,S1,emission_factor,high,99700.0,12543658.063,0
G100000108655,S2,capacity_factor,central,0.1989,11193827.452,0
G100000108655,S2,capacity_factor,low,0.0819,4609223.071,0
G100000108655,S2,capacity_factor,high,0.1989,11193827.452,0
G100000108655,S2,efficiency,central,0.35,11193827.452,0
G100000108655,S2,efficiency,low,0.325,13119887.103,0
G100000108655,S2,efficiency,high,0.374,9587040.884,0
G100000108655,S2,emission_factor,central,94600.0,11193827.452,0
G100000108655,S2,emission_factor,low,89500.0,9843905.232,0
G100000108655,S2,emission_factor,high,99700.0,12543658.063,0
G100000108656,S1,capacity_factor,central,0.1989,11193827.452,0
G100000108656,S1,capacity_factor,low,0.0819,4609223.071,0
G100000108656,S1,capacity_factor,high,0.1989,11193827.452,0
G100000108656,S1,efficiency,central,0.35,11193827.452,0
G100000108656,S1,efficiency,low,0.325,13119887.103,0
G100000108656,S1,efficiency,high,0.374,9587040.884,0
G100000108656,S1,emission_factor,central,94600.0,11193827.452,0
G100000108656,S1,emission_factor,low,89500.0,9843905.232,0
G100000108656,S1,emission_factor,high,99700.0,12543658.063,0
G100000108656,S2,capacity_factor,central,0.1989,11193827.452,0
G100000108656,S2,capacity_factor,low,0.0819,4609223.071,0
G100000108656,S2,capacity_factor,high,0.1989,11193827.452,0
G100000108656,S2,efficiency,central,0.35,11193827.452,0
G100000108656,S2,efficiency,low,0.325,13119887.103,0
G100000108656,S2,efficiency,high,0.374,9587040.884,0
G100000108656,S2,emission_factor,central,94600.0,11193827.452,0
G100000108656,S2,emission_factor,low,89500.0,9843905.232,0
G100000108656,S2,emission_factor,high,99700.0,12543658.063,0
G100000200324,S1,lifetime,central,30,-1172611.893,-586450.438
G100000200324,S1,lifetime,low,25,-1077727.579,-491566.124
G100000200324,S1,lifetime,high,40,-1301848.265,-715686.81
G100000200324,S1,capacity_factor,central,0.6711,-1172611.893,-586450.438
G100000200324,S1,capacity_factor,low,0.5801,-1013607.745,-506928.772
G100000200324,S1,capacity_factor,high,0.6848,-1196549.877,-598422.38
G100000200324,S1,efficiency,central,0.268,-1172611.893,-586450.438
G100000200324,S1,efficiency,low,0.249,9679577.702,6648342.625
G100000200324,S1,efficiency,high,0.287,8242702.431,5690425.776
G100000200324,S2,lifetime,central,30,-1172611.893,-586450.438
G100000200324,S2,lifetime,low,25,-1077727.579,-491566.124
G100000200324,S2,lifetime,high,40,-1301848.265,-715686.81
G100000200324,S2,capacity_factor,central,0.6711,-1172611.893,-586450.438
G100000200324,S2,capacity_factor,low,0.5801,-1013607.745,-506928.772
G100000200324,S2,capacity_factor,high,0.6848,-1196549.877,-598422.38
G100000200324,S2,efficiency,central,0.268,-1172611.893,-586450.438
G100000200324,S2,efficiency,low,0.249,9679577.702,6648342.625
G100000200324,S2,efficiency,high,0.287,8242702.431,5690425.776
G100000200331,S1,lifetime,central,30,-1231588.626,-666058.477
G100000200331,S1,lifetime,low,25,-1132066.387,-566536.238
G100000200331,S1,lifetime,high,40,-1367142.036,-801611.887
G100000200331,S1,capacity_factor,central,0.6711,-1231588.626,-666058.477
G100000200331,S1,capacity_factor,low,0.5801,-1064587.338,-575742.1
G100000200331,S1,capacity_factor,high,0.6848,-1256730.579,-679655.559
G100000200331,S1,efficiency,central,0.268,-1231588.626,-666058.477
G100000200331,S1,efficiency,low,0.249,10762936.717,7730109.264
G100000200331,S1,efficiency,high,0.287,9174811.413,6618421.551
G100000200331,S2,lifetime,central,30,-1231588.626,-666058.477
G100000200331,S2,lifetime,low,25,-1132066.387,-566536.238
G100000200331,S2,lifetime,high,40,-1367142.036,-801611.887
G100000200331,S2,capacity_factor,central,0.6711,-1231588.626,-666058.477
G100000200331,S2,capacity_factor,low,0.5801,-1064587.338,-575742.1
G100000200331,S2,capacity_factor,high,0.6848,-1256730.579,-679655.559
G100000200331,S2,efficiency,central,0.268,-1231588.626,-666058.477
G100000200331,S2,efficiency,low,0.249,10762936.717,7730109.264
G100000200331,S2,efficiency,high,0.287,9174811.413,6618421.551
G100001063662,S1,lifetime,central,25,-7978174.508,-5941782.668
G100001063662,S1,lifetime,low,20,-7090355.287,-5053963.447
G100001063662,S1,lifetime,high,30,-8661495.072,-6625103.232
G100001063662,S1,capacity_factor,central,0.2934,-7978174.508,-5941782.668
G100001063662,S1,capacity_factor,low,0.2878,-7825898.511,-5828374.408
G100001063662,S1,capacity_factor,high,0.3184,-8657978.061,-6448069.533
G100001063662,S2,lifetime,central,25,-7978174.508,-5941782.668
G100001063662,S2,lifetime,low,20,-7090355.287,-5053963.447
G100001063662,S2,lifetime,high,30,-8661495.072,-6625103.232
G100001063662,S2,capacity_factor,central,0.2934,-7978174.508,-5941782.668
G100001063662,S2,capacity_factor,low,0.2878,-7825898.511,-5828374.408
G100001063662,S2,capacity_factor,high,0.3184,-8657978.061,-6448069.533
G100000200357,S1,lifetime,central,30,-1369592.653,-796860.106
G100000200357,S1,lifetime,low,25,-1259406.526,-686673.979
G100000200357,S1,lifetime,high,40,-1519670.722,-946938.175
G100000200357,S1,capacity_factor,central,0.6711,-1369592.653,-796860.106
G100000200357,S1,capacity_factor,low,0.5801,-1183878.257,-688807.254
G100000200357,S1,capacity_factor,high,0.6848,-1397551.855,-813127.405
G100000200357,S1,efficiency,central,0.268,-1369592.653,-796860.106
G100000200357,S1,efficiency,low,0.249,12624020.247,9465122.686
G100000200357,S1,efficiency,high,0.287,10771207.39,8106393.257
G100000200357,S2,lifetime,central,30,-1369592.653,-796860.106
G100000200357,S2,lifetime,low,25,-1259406.526,-686673.979
G100000200357,S2,lifetime,high,40,-1519670.722,-946938.175
G100000200357,S2,capacity_factor,central,0.6711,-1369592.653,-796860.106
G100000200357,S2,capacity_factor,low,0.5801,-1183878.257,-688807.254
G100000200357,S2,capacity_factor,high,0.6848,-1397551.855,-813127.405
G100000200357,S2,efficiency,central,0.268,-1369592.653,-796860.106
G100000200357,S2,efficiency,low,0.249,12624020.247,9465122.686
G100000200357,S2,efficiency,high,0.287,10771207.39,8106393.257
G100000407094,S1,lifetime,central,30,-11667905.797,-10551911.041
G100000407094,S1,lifetime,low,25,-8220454.082,-7104459.326
G100000407094,S1,lifetime,high,40,-21019451.397,-19903456.641
G100000407094,S1,capacity_factor,central,0.5562,-11667905.797,-10551911.041
G100000407094,S1,capacity_factor,low,0.4626,-9704374.725,-8776184.913
G100000407094,S1,capacity_factor,high,0.5562,-11667905.797,-10551911.041
G100000407094,S1,efficiency,central,0.55,-11667905.797,-10551911.041
G100000407094,S1,efficiency,low,0.511,-10234164.589,-9452709.448
G100000407094,S1,efficiency,high,0.589,-12911779.756,-11505547.742
G100000407094,S1,emission_factor,central,56100.0,-11667905.797,-10551911.041
G100000407094,S1,emission_factor,low,54300.0,-12270528.814,-11013922.021
G100000407094,S1,emission_factor,high,58300.0,-10931076.652,-9987008.697
G100000806445,S1,lifetime,central,25,-1363405.173,-1129881.631
G100000806445,S1,lifetime,low,20,-1108767.745,-875244.203
G100000806445,S1,lifetime,high,30,-1609569.074,-1376045.532
G100000806445,S1,capacity_factor,central,0.1826,-1363405.173,-1129881.631
G100000806445,S1,capacity_factor,low,0.1598,-1193166.193,-988801.12
G100000806445,S1,capacity_factor,high,0.1826,-1363405.173,-1129881.631
G100000806445,S2,lifetime,central,25,-763345.371,-533823.028
G100000806445,S2,lifetime,low,20,-702147.979,-472625.636
G100000806445,S2,lifetime,high,30,-804705.021,-575182.678
G100000806445,S2,capacity_factor,central,0.1826,-763345.371,-533823.028
G100000806445,S2,capacity_factor,low,0.1598,-668031.713,-467168.237
G100000806445,S2,capacity_factor,high,0.1826,-763345.371,-533823.028
G100000407918,S1,lifetime,central,30,-4702885.03,-4498015.45
G100000407918,S1,lifetime,low,25,-4115477.447,-3910607.867
G100000407918,S1,lifetime,high,40,-5662517.138,-5457647.558
G100000407918,S1,capacity_factor,central,0.5,-4702885.03,-4498015.45
G100000407918,S1,capacity_factor,low,0.3,-2821731.016,-2698809.268
G100000407918,S1,capacity_factor,high,0.7,-6584039.041,-6297221.63
G100000407918,S1,efficiency,central,0.55,-4702885.03,-4498015.45
G100000407918,S1,efficiency,low,0.511,-3973751.726,-3793186.59
G100000407918,S1,efficiency,high,0.589,-5335460.782,-5109505.344
G100000407918,S1,emission_factor,central,56100.0,-4702885.03,-4498015.45
G100000407918,S1,emission_factor,low,54300.0,-5009350.734,-4794265.631
G100000407918,S1,emission_factor,high,58300.0,-4328168.404,-4135789.379
G100000407918,S2,lifetime,central,30,3705682.871,3874397.041
G100000407918,S2,lifetime,low,25,2408868.285,2577582.455
G100000407918,S2,lifetime,high,40,6555575.045,6724289.215
G100000407918,S2,capacity_factor,central,0.5,3705682.871,3874397.041
G100000407918,S2,capacity_factor,low,0.3,2223409.719,2324638.221
G100000407918,S2,capacity_factor,high,0.7,5187956.019,5424155.858
G100000407918,S2,efficiency,central,0.55,3705682.871,3874397.041
G100000407918,S2,efficiency,low,0.511,4434816.176,4579225.903
G100000407918,S2,efficiency,high,0.589,3073107.119,3262907.148
G100000407918,S2,emission_factor,central,56100.0,3705682.871,3874397.041
G100000407918,S2,emission_factor,low,54300.0,3399217.168,3578146.862
G100000407918,S2,emission_factor,high,58300.0,4080399.496,4236623.112
G100001062047,S1,lifetime,central,25,-2881180.881,-2881180.881
G100001062047,S1,lifetime,low,20,-2343273.533,-2343273.533
G100001062047,S1,lifetime,high,30,-3401188.346,-3401188.346
G100001062047,S1,capacity_factor,central,0.1826,-2881180.881,-2881180.881
G100001062047,S1,capacity_factor,low,0.1598,-2521427.735,-2521427.735
G100001062047,S1,capacity_factor,high,0.1826,-2881180.881,-2881180.881
G100001062047,S2,lifetime,central,25,-1068627.246,-1068627.246
G100001062047,S2,lifetime,low,20,-984493.866,-984493.866
G100001062047,S2,lifetime,high,30,-1125487.974,-1125487.974
G100001062047,S2,capacity_factor,central,0.1826,-1068627.246,-1068627.246
G100001062047,S2,capacity_factor,low,0.1598,-935195.152,-935195.152
G100001062047,S2,capacity_factor,high,0.1826,-1068627.246,-1068627.246
G100000100367,S1,lifetime,central,40,6378904.17,5372989.319
G100000100367,S1,lifetime,low,30,4640381.685,3634466.834
G100000100367,S1,lifetime,high,50,8210056.059,7204141.208
G100000100367,S1,capacity_factor,central,0.46,6378904.17,5372989.319
G100000100367,S1,capacity_factor,low,0.46,6378904.17,5372989.319
G100000100367,S1,capacity_factor,high,0.5534,7674099.059,6463939.758
G100000100367,S1,efficiency,central,0.37,6378904.17,5372989.319
G100000100367,S1,efficiency,low,0.344,8060891.447,6760628.822
G100000100367,S1,efficiency,high,0.396,4917803.447,4167581.222
G100000100367,S1,emission_factor,central,94600.0,6378904.17,5372989.319
G100000100367,S1,emission_factor,low,89500.0,5179118.574,4383166.203
G100000100367,S1,emission_factor,high,99700.0,7578574.677,6362717.488
G100000100367,S2,lifetime,central,40,6378904.17,5372989.319
G100000100367,S2,lifetime,low,30,4640381.685,3634466.834
G100000100367,S2,lifetime,high,50,8210056.059,7204141.208
G100000100367,S2,capacity_factor,central,0.46,6378904.17,5372989.319
G100000100367,S2,capacity_factor,low,0.46,6378904.17,5372989.319
G100000100367,S2,capacity_factor,high,0.5534,7674099.059,6463939.758
G100000100367,S2,efficiency,central,0.37,6378904.17,5372989.319
G100000100367,S2,efficiency,low,0.344,8060891.447,6760628.822
G100000100367,S2,efficiency,high,0.396,4917803.447,4167581.222
G100000100367,S2,emission_factor,central,94600.0,6378904.17,5372989.319
G100000100367,S2,emission_factor,low,89500.0,5179118.574,4383166.203
G100000100367,S2,emission_factor,high,99700.0,7578574.677,6362717.488
G100000112731,S1,lifetime,central,40,6378904.17,5372989.319
G100000112731,S1,lifetime,low,30,4640381.685,3634466.834
G100000112731,S1,lifetime,high,50,8210056.059,7204141.208
G100000112731,S1,capacity_factor,central,0.46,6378904.17,5372989.319
G100000112731,S1,capacity_factor,low,0.46,6378904.17,5372989.319
G100000112731,S1,capacity_factor,high,0.5534,7674099.059,6463939.758
G100000112731,S1,efficiency,central,0.37,6378904.17,5372989.319
G100000112731,S1,efficiency,low,0.344,8060891.447,6760628.822
G100000112731,S1,efficiency,high,0.396,4917803.447,4167581.222
G100000112731,S1,emission_factor,central,94600.0,6378904.17,5372989.319
G100000112731,S1,emission_factor,low,89500.0,5179118.574,4383166.203
G100000112731,S1,emission_factor,high,99700.0,7578574.677,6362717.488
G100000112731,S2,lifetime,central,40,6378904.17,5372989.319
G100000112731,S2,lifetime,low,30,4640381.685,3634466.834
G100000112731,S2,lifetime,high,50,8210056.059,7204141.208
G100000112731,S2,capacity_factor,central,0.46,6378904.17,5372989.319
G100000112731,S2,capacity_factor,low,0.46,6378904.17,5372989.319
G100000112731,S2,capacity_factor,high,0.5534,7674099.059,6463939.758
G100000112731,S2,efficiency,central,0.37,6378904.17,5372989.319
G100000112731,S2,efficiency,low,0.344,8060891.447,6760628.822
G100000112731,S2,efficiency,high,0.396,4917803.447,4167581.222
G100000112731,S2,emission_factor,central,94600.0,6378904.17,5372989.319
G100000112731,S2,emission_factor,low,89500.0,5179118.574,4383166.203
G100000112731,S2,emission_factor,high,99700.0,7578574.677,6362717.488
G100000100538,S1,lifetime,central,40,25368912.556,24861289.337
G100000100538,S1,lifetime,low,30,18075688.743,17568065.524
G100000100538,S1,lifetime,high,50,33270649.087,32763025.868
G100000100538,S1,capacity_factor,central,0.46,25368912.556,24861289.337
G100000100538,S1,capacity_factor,low,0.46,25368912.556,24861289.337
G100000100538,S1,capacity_factor,high,0.5534,30519904.801,29909211.998
G100000100538,S1,efficiency,central,0.43,25368912.556,24861289.337
G100000100538,S1,efficiency,low,0.4,35095077.482,34344300.14
G100000100538,S1,efficiency,high,0.46,16911419.882,16615233.98
G100000100538,S1,emission_factor,central,96100.0,25368912.556,24861289.337
G100000100538,S1,emission_factor,low,92800.0,20915862.846,20519565.87
G100000100538,S1,emission_factor,high,100000.0,30631892.522,29992694.804
G100000100538,S2,lifetime,central,40,25368912.556,24861289.337
G100000100538,S2,lifetime,low,30,18075688.743,17568065.524
G100000100538,S2,lifetime,high,50,33270649.087,32763025.868
G100000100538,S2,capacity_factor,central,0.46,25368912.556,24861289.337
G100000100538,S2,capacity_factor,low,0.46,25368912.556,24861289.337
G100000100538,S2,capacity_factor,high,0.5534,30519904.801,29909211.998
G100000100538,S2,efficiency,central,0.43,25368912.556,24861289.337
G100000100538,S2,efficiency,low,0.4,35095077.482,34344300.14
G100000100538,S2,efficiency,high,0.46,16911419.882,16615233.98
G100000100538,S2,emission_factor,central,96100.0,25368912.556,24861289.337
G100000100538,S2,emission_factor,low,92800.0,20915862.846,20519565.87
G100000100538,S2,emission_factor,high,100000.0,30631892.522,29992694.804
G100000113472,S1,lifetime,central,40,25368912.556,24861289.337
G100000113472,S1,lifetime,low,30,18075688.743,17568065.524
G100000113472,S1,lifetime,high,50,33270649.087,32763025.868
G100000113472,S1,capacity_factor,central,0.46,25368912.556,24861289.337
G100000113472,S1,capacity_factor,low,0.46,25368912.556,24861289.337
G100000113472,S1,capacity_factor,high,0.5534,30519904.801,29909211.998
G100000113472,S1,efficiency,central,0.43,25368912.556,24861289.337
G100000113472,S1,efficiency,low,0.4,35095077.482,34344300.14
G100000113472,S1,efficiency,high,0.46,16911419.882,16615233.98
G100000113472,S1,emission_factor,central,96100.0,25368912.556,24861289.337
G100000113472,S1,emission_factor,low,92800.0,20915862.846,20519565.87
G100000113472,S1,emission_factor,high,100000.0,30631892.522,29992694.804
G100000113472,S2,lifetime,central,40,25368912.556,24861289.337
G100000113472,S2,lifetime,low,30,18075688.743,17568065.524
G100000113472,S2,lifetime,high,50,33270649.087,32763025.868
G100000113472,S2,capacity_factor,central,0.46,25368912.556,24861289.337
G100000113472,S2,capacity_factor,low,0.46,25368912.556,24861289.337
G100000113472,S2,capacity_factor,high,0.5534,30519904.801,29909211.998
G100000113472,S2,efficiency,central,0.43,25368912.556,24861289.337
G100000113472,S2,efficiency,low,0.4,35095077.482,34344300.14
G100000113472,S2,efficiency,high,0.46,16911419.882,16615233.98
G100000113472,S2,emission_factor,central,96100.0,25368912.556,24861289.337
G100000113472,S2,emission_factor,low,92800.0,20915862.846,20519565.87
G100000113472,S2,emission_factor,high,100000.0,30631892.522,29992694.804
G100000101261,S1,lifetime,central,40,23403042.035,21478310.767
G100000101261,S1,lifetime,low,30,16650687.012,14725955.744
G100000101261,S1,lifetime,high,50,30737751.345,28813020.077
G100000101261,S1,capacity_factor,central,0.46,23403042.035,21478310.767
G100000101261,S1,capacity_factor,low,0.46,23403042.035,21478310.767
G100000101261,S1,capacity_factor,high,0.5534,28154877.093,25839341.694
G100000101261,S1,efficiency,central,0.43,23403042.035,21478310.767
G100000101261,S1,efficiency,low,0.4,32642898.717,29794181.781
G100000101261,S1,efficiency,high,0.46,15368423.997,14247154.533
G100000101261,S1,emission_factor,central,96100.0,23403042.035,21478310.767
G100000101261,S1,emission_factor,low,92800.0,19172644.809,17670953.265
G100000101261,S1,emission_factor,high,100000.0,28402873.002,25978158.638
G100000101261,S2,lifetime,central,40,23403042.035,21478310.767
G100000101261,S2,lifetime,low,30,16650687.012,14725955.744
G100000101261,S2,lifetime,high,50,30737751.345,28813020.077
G100000101261,S2,capacity_factor,central,0.46,23403042.035,21478310.767
G100000101261,S2,capacity_factor,low,0.46,23403042.035,21478310.767
G100000101261,S2,capacity_factor,high,0.5534,28154877.093,25839341.694
G100000101261,S2,efficiency,central,0.43,23403042.035,21478310.767
G100000101261,S2,efficiency,low,0.4,32642898.717,29794181.781
G100000101261,S2,efficiency,high,0.46,15368423.997,14247154.533
G100000101261,S2,emission_factor,central,96100.0,23403042.035,21478310.767
G100000101261,S2,emission_factor,low,92800.0,19172644.809,17670953.265
G100000101261,S2,emission_factor,high,100000.0,28402873.002,25978158.638
G100000101262,S1,lifetime,central,40,23403042.035,21478310.767
G100000101262,S1,lifetime,low,30,16650687.012,14725955.744
G100000101262,S1,lifetime,high,50,30737751.345,28813020.077
G100000101262,S1,capacity_factor,central,0.46,23403042.035,21478310.767
G100000101262,S1,capacity_factor,low,0.46,23403042.035,21478310.767
G100000101262,S1,capacity_factor,high,0.5534,28154877.093,25839341.694
G100000101262,S1,efficiency,central,0.43,23403042.035,21478310.767
G100000101262,S1,efficiency,low,0.4,32642898.717,29794181.781
G100000101262,S1,efficiency,high,0.46,15368423.997,14247154.533
G100000101262,S1,emission_factor,central,96100.0,23403042.035,21478310.767
G100000101262,S1,emission_factor,low,92800.0,19172644.809,17670953.265
G100000101262,S1,emission_factor,high,100000.0,28402873.002,25978158.638
G100000101262,S2,lifetime,central,40,23403042.035,21478310.767
G100000101262,S2,lifetime,low,30,16650687.012,14725955.744
G100000101262,S2,lifetime,high,50,30737751.345,28813020.077
G100000101262,S2,capacity_factor,central,0.46,23403042.035,21478310.767
G100000101262,S2,capacity_factor,low,0.46,23403042.035,21478310.767
G100000101262,S2,capacity_factor,high,0.5534,28154877.093,25839341.694
G100000101262,S2,efficiency,central,0.43,23403042.035,21478310.767
G100000101262,S2,efficiency,low,0.4,32642898.717,29794181.781
G100000101262,S2,efficiency,high,0.46,15368423.997,14247154.533
G100000101262,S2,emission_factor,central,96100.0,23403042.035,21478310.767
G100000101262,S2,emission_factor,low,92800.0,19172644.809,17670953.265
G100000101262,S2,emission_factor,high,100000.0,28402873.002,25978158.638
G100000101590,S1,capacity_factor,central,0.46,16456031.393,9467729.281
G100000101590,S1,capacity_factor,low,0.46,16456031.393,9467729.281
G100000101590,S1,capacity_factor,high,0.5534,19797321.243,11390089.965
G100000101590,S1,efficiency,central,0.39,16456031.393,9467729.281
G100000101590,S1,efficiency,low,0.363,21810941.607,12404292.947
G100000101590,S1,efficiency,high,0.417,11794527.202,6911420.531
G100000101590,S1,emission_factor,central,94600.0,16456031.393,9467729.281
G100000101590,S1,emission_factor,low,89500.0,12574953.483,7339396.233
G100000101590,S1,emission_factor,high,99700.0,20337551.205,11596304.662
G100000101590,S2,capacity_factor,central,0.46,16456031.393,9467729.281
G100000101590,S2,capacity_factor,low,0.46,16456031.393,9467729.281
G100000101590,S2,capacity_factor,high,0.5534,19797321.243,11390089.965
G100000101590,S2,efficiency,central,0.39,16456031.393,9467729.281
G100000101590,S2,efficiency,low,0.363,21810941.607,12404292.947
G100000101590,S2,efficiency,high,0.417,11794527.202,6911420.531
G100000101590,S2,emission_factor,central,94600.0,16456031.393,9467729.281
G100000101590,S2,emission_factor,low,89500.0,12574953.483,7339396.233
G100000101590,S2,emission_factor,high,99700.0,20337551.205,11596304.662
G100000101591,S1,lifetime,central,40,21100987.768,19848580.777
G100000101591,S1,lifetime,low,30,14943743.901,13691336.91
G100000101591,S1,lifetime,high,50,27823260.855,26570853.864
G100000101591,S1,capacity_factor,central,0.46,21100987.768,19848580.777
G100000101591,S1,capacity_factor,low,0.46,21100987.768,19848580.777
G100000101591,S1,capacity_factor,high,0.5534,25385405.725,23878705.662
G100000101591,S1,efficiency,central,0.43,21100987.768,19848580.777
G100000101591,S1,efficiency,low,0.4,29947668.318,28031760.286
G100000101591,S1,efficiency,high,0.46,13408222.074,12732772.51
G100000101591,S1,emission_factor,central,94600.0,21100987.768,19848580.777
G100000101591,S1,emission_factor,low,89500.0,14741944.642,13966465.886
G100000101591,S1,emission_factor,high,99700.0,27460227.488,25730877.518
G100000101591,S2,lifetime,central,40,21100987.768,19848580.777
G100000101591,S2,lifetime,low,30,14943743.901,13691336.91
G100000101591,S2,lifetime,high,50,27823260.855,26570853.864
G100000101591,S2,capacity_factor,central,0.46,21100987.768,19848580.777
G100000101591,S2,capacity_factor,low,0.46,21100987.768,19848580.777
G100000101591,S2,capacity_factor,high,0.5534,25385405.725,23878705.662
G100000101591,S2,efficiency,central,0.43,21100987.768,19848580.777
G100000101591,S2,efficiency,low,0.4,29947668.318,28031760.286
G100000101591,S2,efficiency,high,0.46,13408222.074,12732772.51
G100000101591,S2,emission_factor,central,94600.0,21100987.768,19848580.777
G100000101591,S2,emission_factor,low,89500.0,14741944.642,13966465.886
G100000101591,S2,emission_factor,high,99700.0,27460227.488,25730877.518
G100000700188,S1,lifetime,central,30,-11875358.238,-9028714.076
G100000700188,S1,lifetime,low,25,-9955668.284,-7109024.122
G100000700188,S1,lifetime,high,40,-15644861.069,-12798216.907
G100000700188,S1,capacity_factor,central,0.8,-11875358.238,-9028714.076
G100000700188,S1,capacity_factor,low,0.65,-9648728.569,-7335830.187
G100000700188,S1,capacity_factor,high,0.9,-13359778.018,-10157303.337
G100000700188,S2,lifetime,central,30,-11875358.238,-9028714.076
G100000700188,S2,lifetime,low,25,-9955668.284,-7109024.122
G100000700188,S2,lifetime,high,40,-15644861.069,-12798216.907
G100000700188,S2,capacity_factor,central,0.8,-11875358.238,-9028714.076
G100000700188,S2,capacity_factor,low,0.65,-9648728.569,-7335830.187
G100000700188,S2,capacity_factor,high,0.9,-13359778.018,-10157303.337
G100000700189,S1,lifetime,central,30,-10963257.904,-10963257.904
G100000700189,S1,lifetime,low,25,-9191580.561,-9191580.561
G100000700189,S1,lifetime,high,40,-14442123.514,-14442123.514
G100000700189,S1,capacity_factor,central,0.8,-10963257.904,-10963257.904
G100000700189,S1,capacity_factor,low,0.65,-8907647.045,-8907647.045
G100000700189,S1,capacity_factor,high,0.9,-12333665.14,-12333665.14
G100000700189,S2,lifetime,central,30,-10963257.904,-10963257.904
G100000700189,S2,lifetime,low,25,-9191580.561,-9191580.561
G100000700189,S2,lifetime,high,40,-14442123.514,-14442123.514
G100000700189,S2,capacity_factor,central,0.8,-10963257.904,-10963257.904
G100000700189,S2,capacity_factor,low,0.65,-8907647.045,-8907647.045
G100000700189,S2,capacity_factor,high,0.9,-12333665.14,-12333665.14
G100000400914,S1,lifetime,central,30,-22290157.48,-20687215.392
G100000400914,S1,lifetime,low,25,-18831276.8,-17228334.712
G100000400914,S1,lifetime,high,40,-28910459.828,-27307517.74
G100000400914,S1,capacity_factor,central,0.333,-22290157.48,-20687215.392
G100000400914,S1,capacity_factor,low,0.3049,-20409216.267,-18941537.461
G100000400914,S1,capacity_factor,high,0.3376,-22598069.564,-20972984.733
G100000400914,S1,efficiency,central,0.55,-22290157.48,-20687215.392
G100000400914,S1,efficiency,low,0.511,-20131922.9,-18672863.118
G100000400914,S1,efficiency,high,0.589,-24162581.707,-22434811.337
G100000400914,S1,emission_factor,central,56100.0,-22290157.48,-20687215.392
G100000400914,S1,emission_factor,low,54300.0,-23197295.967,-21533877.981
G100000400914,S1,emission_factor,high,58300.0,-21180996.269,-19651998.263
G100000400914,S2,lifetime,central,30,-22290157.48,-20687215.392
G100000400914,S2,lifetime,low,25,-18831276.8,-17228334.712
G100000400914,S2,lifetime,high,40,-28910459.828,-27307517.74
G100000400914,S2,capacity_factor,central,0.333,-22290157.48,-20687215.392
G100000400914,S2,capacity_factor,low,0.3049,-20409216.267,-18941537.461
G100000400914,S2,capacity_factor,high,0.3376,-22598069.564,-20972984.733
G100000400914,S2,efficiency,central,0.55,-22290157.48,-20687215.392
G100000400914,S2,efficiency,low,0.511,-20131922.9,-18672863.118
G100000400914,S2,efficiency,high,0.589,-24162581.707,-22434811.337
G100000400914,S2,emission_factor,central,56100.0,-22290157.48,-20687215.392
G100000400914,S2,emission_factor,low,54300.0,-23197295.967,-21533877.981
G100000400914,S2,emission_factor,high,58300.0,-21180996.269,-19651998.263
G100000410593,S1,lifetime,central,30,-22290157.48,-20687215.392
G100000410593,S1,lifetime,low,25,-18831276.8,-17228334.712
G100000410593,S1,lifetime,high,40,-28910459.828,-27307517.74
G100000410593,S1,capacity_factor,central,0.333,-22290157.48,-20687215.392
G100000410593,S1,capacity_factor,low,0.3049,-20409216.267,-18941537.461
G100000410593,S1,capacity_factor,high,0.3376,-22598069.564,-20972984.733
G100000410593,S1,efficiency,central,0.55,-22290157.48,-20687215.392
G100000410593,S1,efficiency,low,0.511,-20131922.9,-18672863.118
G100000410593,S1,efficiency,high,0.589,-24162581.707,-22434811.337
G100000410593,S1,emission_factor,central,56100.0,-22290157.48,-20687215.392
G100000410593,S1,emission_factor,low,54300.0,-23197295.967,-21533877.981
G100000410593,S1,emission_factor,high,58300.0,-21180996.269,-19651998.263
G100000410593,S2,lifetime,central,30,-22290157.48,-20687215.392
G100000410593,S2,lifetime,low,25,-18831276.8,-17228334.712
G100000410593,S2,lifetime,high,40,-28910459.828,-27307517.74
G100000410593,S2,capacity_factor,central,0.333,-22290157.48,-20687215.392
G100000410593,S2,capacity_factor,low,0.3049,-20409216.267,-18941537.461
G100000410593,S2,capacity_factor,high,0.3376,-22598069.564,-20972984.733
G100000410593,S2,efficiency,central,0.55,-22290157.48,-20687215.392
G100000410593,S2,efficiency,low,0.511,-20131922.9,-18672863.118
G100000410593,S2,efficiency,high,0.589,-24162581.707,-22434811.337
G100000410593,S2,emission_factor,central,56100.0,-22290157.48,-20687215.392
G100000410593,S2,emission_factor,low,54300.0,-23197295.967,-21533877.981
G100000410593,S2,emission_factor,high,58300.0,-21180996.269,-19651998.263
G100001093557,S1,lifetime,central,40,4129761.189,2994671.385
G100001093557,S1,lifetime,low,30,3002195.091,1867105.287
G100001093557,S1,lifetime,high,50,5319841.856,4184752.052
G100001093557,S1,capacity_factor,central,0.46,4129761.189,2994671.385
G100001093557,S1,capacity_factor,low,0.46,4129761.189,2994671.385
G100001093557,S1,capacity_factor,high,0.5534,4968282.27,3602719.881
G100001093557,S1,efficiency,central,0.37,4129761.189,2994671.385
G100001093557,S1,efficiency,low,0.344,5251086.036,3779598.778
G100001093557,S1,efficiency,high,0.396,3155694.036,2312824.378
G100001093557,S1,emission_factor,central,94600.0,4129761.189,2994671.385
G100001093557,S1,emission_factor,low,89500.0,3329904.126,2434771.44
G100001093557,S1,emission_factor,high,99700.0,4929541.529,3554517.623
G100001093557,S2,lifetime,central,40,4129761.189,2994671.385
G100001093557,S2,lifetime,low,30,3002195.091,1867105.287
G100001093557,S2,lifetime,high,50,5319841.856,4184752.052
G100001093557,S2,capacity_factor,central,0.46,4129761.189,2994671.385
G100001093557,S2,capacity_factor,low,0.46,4129761.189,2994671.385
G100001093557,S2,capacity_factor,high,0.5534,4968282.27,3602719.881
G100001093557,S2,efficiency,central,0.37,4129761.189,2994671.385
G100001093557,S2,efficiency,low,0.344,5251086.036,3779598.778
G100001093557,S2,efficiency,high,0.396,3155694.036,2312824.378
G100001093557,S2,emission_factor,central,94600.0,4129761.189,2994671.385
G100001093557,S2,emission_factor,low,89500.0,3329904.126,2434771.44
G100001093557,S2,emission_factor,high,99700.0,4929541.529,3554517.623
G100001093558,S1,lifetime,central,40,4129761.189,2994671.385
G100001093558,S1,lifetime,low,30,3002195.091,1867105.287
G100001093558,S1,lifetime,high,50,5319841.856,4184752.052
G100001093558,S1,capacity_factor,central,0.46,4129761.189,2994671.385
G100001093558,S1,capacity_factor,low,0.46,4129761.189,2994671.385
G100001093558,S1,capacity_factor,high,0.5534,4968282.27,3602719.881
G100001093558,S1,efficiency,central,0.37,4129761.189,2994671.385
G100001093558,S1,efficiency,low,0.344,5251086.036,3779598.778
G100001093558,S1,efficiency,high,0.396,3155694.036,2312824.378
G100001093558,S1,emission_factor,central,94600.0,4129761.189,2994671.385
G100001093558,S1,emission_factor,low,89500.0,3329904.126,2434771.44
G100001093558,S1,emission_factor,high,99700.0,4929541.529,3554517.623
G100001093558,S2,lifetime,central,40,4129761.189,2994671.385
G100001093558,S2,lifetime,low,30,3002195.091,1867105.287
G100001093558,S2,lifetime,high,50,5319841.856,4184752.052
G100001093558,S2,capacity_factor,central,0.46,4129761.189,2994671.385
G100001093558,S2,capacity_factor,low,0.46,4129761.189,2994671.385
G100001093558,S2,capacity_factor,high,0.5534,4968282.27,3602719.881
G100001093558,S2,efficiency,central,0.37,4129761.189,2994671.385
G100001093558,S2,efficiency,low,0.344,5251086.036,3779598.778
G100001093558,S2,efficiency,high,0.396,3155694.036,2312824.378
G100001093558,S2,emission_factor,central,94600.0,4129761.189,2994671.385
G100001093558,S2,emission_factor,low,89500.0,3329904.126,2434771.44
G100001093558,S2,emission_factor,high,99700.0,4929541.529,3554517.623
G100000107732,S1,lifetime,central,40,34050352.704,11996741.903
G100000107732,S1,lifetime,low,30,25394161.153,3340550.352
G100000107732,S1,lifetime,high,50,43133546.323,21079935.522
G100000107732,S1,capacity_factor,central,0.46,34050352.704,11996741.903
G100000107732,S1,capacity_factor,low,0.46,34050352.704,11996741.903
G100000107732,S1,capacity_factor,high,0.5534,40964054.748,14432602.106
G100000107732,S1,efficiency,central,0.35,34050352.704,11996741.903
G100000107732,S1,efficiency,low,0.325,42139098.225,14827802.835
G100000107732,S1,efficiency,high,0.374,27302550.088,9635010.989
G100000107732,S1,emission_factor,central,96100.0,34050352.704,11996741.903
G100000107732,S1,emission_factor,low,92800.0,30439336.848,10732886.355
G100000107732,S1,emission_factor,high,100000.0,38317631.402,13490289.448
G100000107732,S2,lifetime,central,40,34050352.704,11996741.903
G100000107732,S2,lifetime,low,30,25394161.153,3340550.352
G100000107732,S2,lifetime,high,50,43133546.323,21079935.522
G100000107732,S2,capacity_factor,central,0.46,34050352.704,11996741.903
G100000107732,S2,capacity_factor,low,0.46,34050352.704,11996741.903
G100000107732,S2,capacity_factor,high,0.5534,40964054.748,14432602.106
G100000107732,S2,efficiency,central,0.35,34050352.704,11996741.903
G100000107732,S2,efficiency,low,0.325,42139098.225,14827802.835
G100000107732,S2,efficiency,high,0.374,27302550.088,9635010.989
G100000107732,S2,emission_factor,central,96100.0,34050352.704,11996741.903
G100000107732,S2,emission_factor,low,92800.0,30439336.848,10732886.355
G100000107732,S2,emission_factor,high,100000.0,38317631.402,13490289.448
G100000107733,S1,lifetime,central,40,34050352.704,11996741.903
G100000107733,S1,lifetime,low,30,25394161.153,3340550.352
G100000107733,S1,lifetime,high,50,43133546.323,21079935.522
G100000107733,S1,capacity_factor,central,0.46,34050352.704,11996741.903
G100000107733,S1,capacity_factor,low,0.46,34050352.704,11996741.903
G100000107733,S1,capacity_factor,high,0.5534,40964054.748,14432602.106
G100000107733,S1,efficiency,central,0.35,34050352.704,11996741.903
G100000107733,S1,efficiency,low,0.325,42139098.225,14827802.835
G100000107733,S1,efficiency,high,0.374,27302550.088,9635010.989
G100000107733,S1,emission_factor,central,96100.0,34050352.704,11996741.903
G100000107733,S1,emission_factor,low,92800.0,30439336.848,10732886.355
G100000107733,S1,emission_factor,high,100000.0,38317631.402,13490289.448
G100000107733,S2,lifetime,central,40,34050352.704,11996741.903
G100000107733,S2,lifetime,low,30,25394161.153,3340550.352
G100000107733,S2,lifetime,high,50,43133546.323,21079935.522
G100000107733,S2,capacity_factor,central,0.46,34050352.704,11996741.903
G100000107733,S2,capacity_factor,low,0.46,34050352.704,11996741.903
G100000107733,S2,capacity_factor,high,0.5534,40964054.748,14432602.106
G100000107733,S2,efficiency,central,0.35,34050352.704,11996741.903
G100000107733,S2,efficiency,low,0.325,42139098.225,14827802.835
G100000107733,S2,efficiency,high,0.374,27302550.088,9635010.989
G100000107733,S2,emission_factor,central,96100.0,34050352.704,11996741.903
G100000107733,S2,emission_factor,low,92800.0,30439336.848,10732886.355
G100000107733,S2,emission_factor,high,100000.0,38317631.402,13490289.448
G100001051495,S1,lifetime,central,60,-6998098.51,-6128645.472
G100001051495,S1,lifetime,low,40,-4778423.723,-3908970.685
G100001051495,S1,lifetime,high,80,-9111566.258,-8242113.22
G100001051495,S1,capacity_factor,central,0.4419,-6998098.51,-6128645.472
G100001051495,S1,capacity_factor,low,0.4272,-6765303.649,-5924773.352
G100001051495,S1,capacity_factor,high,0.4658,-7376588.104,-6460111.017
G100001051495,S2,lifetime,central,60,-6998098.51,-6128645.472
G100001051495,S2,lifetime,low,40,-4778423.723,-3908970.685
G100001051495,S2,lifetime,high,80,-9111566.258,-8242113.22
G100001051495,S2,capacity_factor,central,0.4419,-6998098.51,-6128645.472
G100001051495,S2,capacity_factor,low,0.4272,-6765303.649,-5924773.352
G100001051495,S2,capacity_factor,high,0.4658,-7376588.104,-6460111.017
G100000700240,S1,lifetime,central,30,-12649268.492,-10481086.146
G100000700240,S1,lifetime,low,25,-10604123.199,-8435940.853
G100000700240,S1,lifetime,high,40,-16665115.62,-14496933.274
G100000700240,S1,capacity_factor,central,0.8,-12649268.492,-10481086.146
G100000700240,S1,capacity_factor,low,0.65,-10277530.647,-8515882.491
G100000700240,S1,capacity_factor,high,0.9,-14230427.055,-11791221.915
G100000700240,S2,lifetime,central,30,-12649268.492,-10481086.146
G100000700240,S2,lifetime,low,25,-10604123.199,-8435940.853
G100000700240,S2,lifetime,high,40,-16665115.62,-14496933.274
G100000700240,S2,capacity_factor,central,0.8,-12649268.492,-10481086.146
G100000700240,S2,capacity_factor,low,0.65,-10277530.647,-8515882.491
G100000700240,S2,capacity_factor,high,0.9,-14230427.055,-11791221.915
G100001051492,S1,lifetime,central,60,-8506507.456,-7301126.908
G100001051492,S1,lifetime,low,40,-5807953.957,-4602573.409
G100001051492,S1,lifetime,high,80,-11075940.528,-9870559.98
G100001051492,S1,capacity_factor,central,0.4419,-8506507.456,-7301126.908
G100001051492,S1,capacity_factor,low,0.4272,-8223534.704,-7058251.675
G100001051492,S1,capacity_factor,high,0.4658,-8966578.801,-7696005.686
G100001051492,S2,lifetime,central,60,-8506507.456,-7301126.908
G100001051492,S2,lifetime,low,40,-5807953.957,-4602573.409
G100001051492,S2,lifetime,high,80,-11075940.528,-9870559.98
G100001051492,S2,capacity_factor,central,0.4419,-8506507.456,-7301126.908
G100001051492,S2,capacity_factor,low,0.4272,-8223534.704,-7058251.675
G100001051492,S2,capacity_factor,high,0.4658,-8966578.801,-7696005.686
G100000109790,S1,lifetime,central,40,6161424.3,5156770.633
G100000109790,S1,lifetime,low,30,4525203.93,3520550.263
G100000109790,S1,lifetime,high,50,7859397.604,6854743.937
G100000109790,S1,capacity_factor,central,0.46,6161424.3,5156770.633
G100000109790,S1,capacity_factor,low,0.46,6161424.3,5156770.633
G100000109790,S1,capacity_factor,high,0.5534,7412461.324,6203819.28
G100000109790,S1,efficiency,central,0.35,6161424.3,5156770.633
G100000109790,S1,efficiency,low,0.325,7449481.599,6219417.905
G100000109790,S1,efficiency,high,0.374,5086899.436,4270287.62
G100000109790,S1,emission_factor,central,101000.0,6161424.3,5156770.633
G100000109790,S1,emission_factor,low,90900.0,4486934.176,3775316.28
G100000109790,S1,emission_factor,high,115000.0,8482449.722,7071616.607
G100000109790,S2,lifetime,central,40,6161424.3,5156770.633
G100000109790,S2,lifetime,low,30,4525203.93,3520550.263
G100000109790,S2,lifetime,high,50,7859397.604,6854743.937
G100000109790,S2,capacity_factor,central,0.46,6161424.3,5156770.633
G100000109790,S2,capacity_factor,low,0.46,6161424.3,5156770.633
G100000109790,S2,capacity_factor,high,0.5534,7412461.324,6203819.28
G100000109790,S2,efficiency,central,0.35,6161424.3,5156770.633
G100000109790,S2,efficiency,low,0.325,7449481.599,6219417.905
G100000109790,S2,efficiency,high,0.374,5086899.436,4270287.62
G100000109790,S2,emission_factor,central,101000.0,6161424.3,5156770.633
G100000109790,S2,emission_factor,low,90900.0,4486934.176,3775316.28
G100000109790,S2,emission_factor,high,115000.0,8482449.722,7071616.607
G100000109791,S1,lifetime,central,40,6161424.3,5156770.633
G100000109791,S1,lifetime,low,30,4525203.93,3520550.263
G100000109791,S1,lifetime,high,50,7859397.604,6854743.937
G100000109791,S1,capacity_factor,central,0.46,6161424.3,5156770.633
G100000109791,S1,capacity_factor,low,0.46,6161424.3,5156770.633
G100000109791,S1,capacity_factor,high,0.5534,7412461.324,6203819.28
G100000109791,S1,efficiency,central,0.35,6161424.3,5156770.633
G100000109791,S1,efficiency,low,0.325,7449481.599,6219417.905
G100000109791,S1,efficiency,high,0.374,5086899.436,4270287.62
G100000109791,S1,emission_factor,central,101000.0,6161424.3,5156770.633
G100000109791,S1,emission_factor,low,90900.0,4486934.176,3775316.28
G100000109791,S1,emission_factor,high,115000.0,8482449.722,7071616.607
G100000109791,S2,lifetime,central,40,6161424.3,5156770.633
G100000109791,S2,lifetime,low,30,4525203.93,3520550.263
G100000109791,S2,lifetime,high,50,7859397.604,6854743.937
G100000109791,S2,capacity_factor,central,0.46,6161424.3,5156770.633
G100000109791,S2,capacity_factor,low,0.46,6161424.3,5156770.633
G100000109791,S2,capacity_factor,high,0.5534,7412461.324,6203819.28
G100000109791,S2,efficiency,central,0.35,6161424.3,5156770.633
G100000109791,S2,efficiency,low,0.325,7449481.599,6219417.905
G100000109791,S2,efficiency,high,0.374,5086899.436,4270287.62
G100000109791,S2,emission_factor,central,101000.0,6161424.3,5156770.633
G100000109791,S2,emission_factor,low,90900.0,4486934.176,3775316.28
G100000109791,S2,emission_factor,high,115000.0,8482449.722,7071616.607
G100000109956,S1,lifetime,central,40,32502945.031,20985556.835
G100000109956,S1,lifetime,low,30,23787937.044,12270548.848
G100000109956,S1,lifetime,high,50,41633595.145,30116206.949
G100000109956,S1,capacity_factor,central,0.46,32502945.031,20985556.835
G100000109956,S1,capacity_factor,low,0.46,32502945.031,20985556.835
G100000109956,S1,capacity_factor,high,0.5534,39102456.04,25246537.284
G100000109956,S1,efficiency,central,0.35,32502945.031,20985556.835
G100000109956,S1,efficiency,low,0.325,40465374.868,25962075.483
G100000109956,S1,efficiency,high,0.374,25860406.568,16833970.294
G100000109956,S1,emission_factor,central,94600.0,32502945.031,20985556.835
G100000109956,S1,emission_factor,low,89500.0,26922297.026,17497651.831
G100000109956,S1,emission_factor,high,99700.0,38083214.318,24473225.137
G100000109956,S2,lifetime,central,40,32502945.031,20985556.835
G100000109956,S2,lifetime,low,30,23787937.044,12270548.848
G100000109956,S2,lifetime,high,50,41633595.145,30116206.949
G100000109956,S2,capacity_factor,central,0.46,32502945.031,20985556.835
G100000109956,S2,capacity_factor,low,0.46,32502945.031,20985556.835
G100000109956,S2,capacity_factor,high,0.5534,39102456.04,25246537.284
G100000109956,S2,efficiency,central,0.35,32502945.031,20985556.835
G100000109956,S2,efficiency,low,0.325,40465374.868,25962075.483
G100000109956,S2,efficiency,high,0.374,25860406.568,16833970.294
G100000109956,S2,emission_factor,central,94600.0,32502945.031,20985556.835
G100000109956,S2,emission_factor,low,89500.0,26922297.026,17497651.831
G100000109956,S2,emission_factor,high,99700.0,38083214.318,24473225.137
G100000109957,S1,lifetime,central,40,32584217.26,21880085.918
G100000109957,S1,lifetime,low,30,23827185.146,13123053.804
G100000109957,S1,lifetime,high,50,41755873.961,31051742.619
G100000109957,S1,capacity_factor,central,0.46,32584217.26,21880085.918
G100000109957,S1,capacity_factor,low,0.46,32584217.26,21880085.918
G100000109957,S1,capacity_factor,high,0.5534,39200230.065,26322694.663
G100000109957,S1,efficiency,central,0.35,32584217.26,21880085.918
G100000109957,S1,efficiency,low,0.325,40546647.097,27055665.312
G100000109957,S1,efficiency,high,0.374,25941678.797,17562435.915
G100000109957,S1,emission_factor,central,94600.0,32584217.26,21880085.918
G100000109957,S1,emission_factor,low,89500.0,27003569.255,18252664.714
G100000109957,S1,emission_factor,high,99700.0,38164486.547,25507260.952
G100000109957,S2,lifetime,central,40,32584217.26,21880085.918
G100000109957,S2,lifetime,low,30,23827185.146,13123053.804
G100000109957,S2,lifetime,high,50,41755873.961,31051742.619
G100000109957,S2,capacity_factor,central,0.46,32584217.26,21880085.918
G100000109957,S2,capacity_factor,low,0.46,32584217.26,21880085.918
G100000109957,S2,capacity_factor,high,0.5534,39200230.065,26322694.663
G100000109957,S2,efficiency,central,0.35,32584217.26,21880085.918
G100000109957,S2,efficiency,low,0.325,40546647.097,27055665.312
G100000109957,S2,efficiency,high,0.374,25941678.797,17562435.915
G100000109957,S2,emission_factor,central,94600.0,32584217.26,21880085.918
G100000109957,S2,emission_factor,low,89500.0,27003569.255,18252664.714
G100000109957,S2,emission_factor,high,99700.0,38164486.547,25507260.952
G100000109958,S1,capacity_factor,central,0.46,14858978.743,12832945.829
G100000109958,S1,capacity_factor,low,0.46,14858978.743,12832945.829
G100000109958,S1,capacity_factor,high,0.5534,17875997.469,15438591.787
G100000109958,S1,efficiency,central,0.43,14858978.743,12832945.829
G100000109958,S1,efficiency,low,0.4,21180985.944,18182336.538
G100000109958,S1,efficiency,high,0.46,9361608.504,8181324.858
G100000109958,S1,emission_factor,central,96100.0,14858978.743,12832945.829
G100000109958,S1,emission_factor,low,92800.0,11964496.431,10383768.489
G100000109958,S1,emission_factor,high,100000.0,18279915.72,15727584.81
G100000109958,S2,capacity_factor,central,0.46,14858978.743,12832945.829
G100000109958,S2,capacity_factor,low,0.46,14858978.743,12832945.829
G100000109958,S2,capacity_factor,high,0.5534,17875997.469,15438591.787
G100000109958,S2,efficiency,central,0.43,14858978.743,12832945.829
G100000109958,S2,efficiency,low,0.4,21180985.944,18182336.538
G100000109958,S2,efficiency,high,0.46,9361608.504,8181324.858
G100000109958,S2,emission_factor,central,96100.0,14858978.743,12832945.829
G100000109958,S2,emission_factor,low,92800.0,11964496.431,10383768.489
G100000109958,S2,emission_factor,high,100000.0,18279915.72,15727584.81
G100000109959,S1,capacity_factor,central,0.46,14858978.743,12832945.829
G100000109959,S1,capacity_factor,low,0.46,14858978.743,12832945.829
G100000109959,S1,capacity_factor,high,0.5534,17875997.469,15438591.787
G100000109959,S1,efficiency,central,0.43,14858978.743,12832945.829
G100000109959,S1,efficiency,low,0.4,21180985.944,18182336.538
G100000109959,S1,efficiency,high,0.46,9361608.504,8181324.858
G100000109959,S1,emission_factor,central,96100.0,14858978.743,12832945.829
G100000109959,S1,emission_factor,low,92800.0,11964496.431,10383768.489
G100000109959,S1,emission_factor,high,100000.0,18279915.72,15727584.81
G100000109959,S2,capacity_factor,central,0.46,14858978.743,12832945.829
G100000109959,S2,capacity_factor,low,0.46,14858978.743,12832945.829
G100000109959,S2,capacity_factor,high,0.5534,17875997.469,15438591.787
G100000109959,S2,efficiency,central,0.43,14858978.743,12832945.829
G100000109959,S2,efficiency,low,0.4,21180985.944,18182336.538
G100000109959,S2,efficiency,high,0.46,9361608.504,8181324.858
G100000109959,S2,emission_factor,central,96100.0,14858978.743,12832945.829
G100000109959,S2,emission_factor,low,92800.0,11964496.431,10383768.489
G100000109959,S2,emission_factor,high,100000.0,18279915.72,15727584.81
G100000109960,S1,lifetime,central,40,32303809.879,16575458.655
G100000109960,S1,lifetime,low,30,23800475.161,8072123.937
G100000109960,S1,lifetime,high,50,41227912.981,25499561.757
G100000109960,S1,capacity_factor,central,0.46,32303809.879,16575458.655
G100000109960,S1,capacity_factor,low,0.46,32303809.879,16575458.655
G100000109960,S1,capacity_factor,high,0.5534,38862887.795,19940997.431
G100000109960,S1,efficiency,central,0.35,32303809.879,16575458.655
G100000109960,S1,efficiency,low,0.325,40266239.715,20556673.573
G100000109960,S1,efficiency,high,0.374,25661271.418,13254189.423
G100000109960,S1,emission_factor,central,94600.0,32303809.879,16575458.655
G100000109960,S1,emission_factor,low,89500.0,26723161.873,13785134.651
G100000109960,S1,emission_factor,high,99700.0,37884079.166,19365593.297
G100000109960,S2,lifetime,central,40,32303809.879,16575458.655
G100000109960,S2,lifetime,low,30,23800475.161,8072123.937
G100000109960,S2,lifetime,high,50,41227912.981,25499561.757
G100000109960,S2,capacity_factor,central,0.46,32303809.879,16575458.655
G100000109960,S2,capacity_factor,low,0.46,32303809.879,16575458.655
G100000109960,S2,capacity_factor,high,0.5534,38862887.795,19940997.431
G100000109960,S2,efficiency,central,0.35,32303809.879,16575458.655
G100000109960,S2,efficiency,low,0.325,40266239.715,20556673.573
G100000109960,S2,efficiency,high,0.374,25661271.418,13254189.423
G100000109960,S2,emission_factor,central,94600.0,32303809.879,16575458.655
G100000109960,S2,emission_factor,low,89500.0,26723161.873,13785134.651
G100000109960,S2,emission_factor,high,99700.0,37884079.166,19365593.297
G100000109961,S1,lifetime,central,40,32303809.879,16575458.655
G100000109961,S1,lifetime,low,30,23800475.161,8072123.937
G100000109961,S1,lifetime,high,50,41227912.981,25499561.757
G100000109961,S1,capacity_factor,central,0.46,32303809.879,16575458.655
G100000109961,S1,capacity_factor,low,0.46,32303809.879,16575458.655
G100000109961,S1,capacity_factor,high,0.5534,38862887.795,19940997.431
G100000109961,S1,efficiency,central,0.35,32303809.879,16575458.655
G100000109961,S1,efficiency,low,0.325,40266239.715,20556673.573
G100000109961,S1,efficiency,high,0.374,25661271.418,13254189.423
G100000109961,S1,emission_factor,central,94600.0,32303809.879,16575458.655
G100000109961,S1,emission_factor,low,89500.0,26723161.873,13785134.651
G100000109961,S1,emission_factor,high,99700.0,37884079.166,19365593.297
G100000109961,S2,lifetime,central,40,32303809.879,16575458.655
G100000109961,S2,lifetime,low,30,23800475.161,8072123.937
G100000109961,S2,lifetime,high,50,41227912.981,25499561.757
G100000109961,S2,capacity_factor,central,0.46,32303809.879,16575458.655
G100000109961,S2,capacity_factor,low,0.46,32303809.879,16575458.655
G100000109961,S2,capacity_factor,high,0.5534,38862887.795,19940997.431
G100000109961,S2,efficiency,central,0.35,32303809.879,16575458.655
G100000109961,S2,efficiency,low,0.325,40266239.715,20556673.573
G100000109961,S2,efficiency,high,0.374,25661271.418,13254189.423
G100000109961,S2,emission_factor,central,94600.0,32303809.879,16575458.655
G100000109961,S2,emission_factor,low,89500.0,26723161.873,13785134.651
G100000109961,S2,emission_factor,high,99700.0,37884079.166,19365593.297
G100000401458,S1,lifetime,central,30,-5878128.713,-3399680.656
G100000401458,S1,lifetime,low,25,-5178854.066,-2700406.009
G100000401458,S1,lifetime,high,40,-7002801.706,-4524353.649
G100000401458,S1,capacity_factor,central,0.2082,-5878128.713,-3399680.656
G100000401458,S1,capacity_factor,low,0.1699,-4796801.481,-2774283.109
G100000401458,S1,capacity_factor,high,0.2224,-6279038.545,-3631551.285
G100000401458,S1,efficiency,central,0.55,-5878128.713,-3399680.656
G100000401458,S1,efficiency,low,0.511,-5283173.612,-3003043.922
G100000401458,S1,efficiency,high,0.589,-6394295.187,-3743791.639
G100000401458,S1,emission_factor,central,56100.0,-5878128.713,-3399680.656
G100000401458,S1,emission_factor,low,54300.0,-6128197.295,-3566393.045
G100000401458,S1,emission_factor,high,58300.0,-5572369.028,-3195840.867
G100000401484,S1,lifetime,central,30,-6332644.145,-857709.601
G100000401484,S1,lifetime,low,25,-5474934.544,0
G100000401484,S1,lifetime,high,40,-7778631.423,-2303696.879
G100000401484,S1,capacity_factor,central,0.2082,-6332644.145,-857709.601
G100000401484,S1,capacity_factor,low,0.1699,-5167705.283,-699927.286
G100000401484,S1,capacity_factor,high,0.2224,-6764553.593,-916208.527
G100000401484,S1,efficiency,central,0.55,-6332644.145,-857709.601
G100000401484,S1,efficiency,low,0.511,-5825092.242,-773117.618
G100000401484,S1,efficiency,high,0.589,-6772982.044,-931099.25
G100000401484,S1,emission_factor,central,56100.0,-6332644.145,-857709.601
G100000401484,S1,emission_factor,low,54300.0,-6545975.851,-893264.884
G100000401484,S1,emission_factor,high,58300.0,-6071802.768,-814236.039
G100000400429,S1,lifetime,central,30,1521820.465,1414228.155
G100000400429,S1,lifetime,low,25,1101741.12,994148.81
G100000400429,S1,lifetime,high,40,2484527.048,2376934.738
G100000400429,S1,capacity_factor,central,0.2447,1521820.465,1414228.155
G100000400429,S1,capacity_factor,low,0.2377,1478286.575,1373772.099
G100000400429,S1,capacity_factor,high,0.2955,1837752.138,1707823.542
G100000400429,S1,efficiency,central,0.55,1521820.465,1414228.155
G100000400429,S1,efficiency,low,0.511,1846218.501,1652120.047
G100000400429,S1,efficiency,high,0.589,1240381.765,1207839.775
G100000400429,S1,emission_factor,central,56100.0,1521820.465,1414228.155
G100000400429,S1,emission_factor,low,54300.0,1385471.086,1314238.611
G100000400429,S1,emission_factor,high,58300.0,1688535.3,1536485.702
G100000400429,S2,lifetime,central,30,2350129.225,2242536.915
G100000400429,S2,lifetime,low,25,1705924.006,1598331.696
G100000400429,S2,lifetime,high,40,3707695.532,3600103.222
G100000400429,S2,capacity_factor,central,0.2447,2350129.225,2242536.915
G100000400429,S2,capacity_factor,low,0.2377,2282900.356,2178385.88
G100000400429,S2,capacity_factor,high,0.2955,2838018.742,2708090.146
G100000400429,S2,efficiency,central,0.55,2350129.225,2242536.915
G100000400429,S2,efficiency,low,0.511,2674527.263,2480428.809
G100000400429,S2,efficiency,high,0.589,2068690.523,2036148.533
G100000400429,S2,emission_factor,central,56100.0,2350129.225,2242536.915
G100000400429,S2,emission_factor,low,54300.0,2213779.847,2142547.372
G100000400429,S2,emission_factor,high,58300.0,2516844.057,2364794.459
G100001020490,S1,lifetime,central,30,3084549.335,217691.558
G100001020490,S1,lifetime,low,25,2121488.49,0
G100001020490,S1,lifetime,high,40,5596248.167,2729390.39
G100001020490,S1,capacity_factor,central,0.2447,3084549.335,217691.558
G100001020490,S1,capacity_factor,low,0.2377,2996311.307,211464.174
G100001020490,S1,capacity_factor,high,0.2955,3724905.309,262884.575
G100001020490,S1,efficiency,central,0.36,3084549.335,217691.558
G100001020490,S1,efficiency,low,0.335,4042994.765,249639.739
G100001020490,S1,efficiency,high,0.385,2250577.34,189892.491
G100001020490,S1,emission_factor,central,56100.0,3084549.335,217691.558
G100001020490,S1,emission_factor,low,54300.0,2672469.058,203955.549
G100001020490,S1,emission_factor,high,58300.0,3588203.014,234480.014
G100001020490,S2,lifetime,central,30,3099876.356,233018.579
G100001020490,S2,lifetime,low,25,2121488.49,0
G100001020490,S2,lifetime,high,40,6250845.709,3383987.932
G100001020490,S2,capacity_factor,central,0.2447,3099876.356,233018.579
G100001020490,S2,capacity_factor,low,0.2377,3011199.876,226352.743
G100001020490,S2,capacity_factor,high,0.2955,3743414.236,281393.502
G100001020490,S2,efficiency,central,0.36,3099876.356,233018.579
G100001020490,S2,efficiency,low,0.335,4058321.786,264966.76
G100001020490,S2,efficiency,high,0.385,2265904.361,205219.512
G100001020490,S2,emission_factor,central,56100.0,3099876.356,233018.579
G100001020490,S2,emission_factor,low,54300.0,2687796.078,219282.569
G100001020490,S2,emission_factor,high,58300.0,3603530.035,249807.035
G100000406671,S1,lifetime,central,30,-4758569.89,-916486.926
G100000406671,S1,lifetime,low,25,-4115928.831,-273845.867
G100000406671,S1,lifetime,high,40,-5869946.244,-2027863.28
G100000406671,S1,capacity_factor,central,0.6949,-4758569.89,-916486.926
G100000406671,S1,capacity_factor,low,0.5931,-4061458.917,-782225.35
G100000406671,S1,capacity_factor,high,0.6973,-4775004.727,-919652.23
G100000406671,S1,efficiency,central,0.55,-4758569.89,-916486.926
G100000406671,S1,efficiency,low,0.511,-4144418.7,-773184.983
G100000406671,S1,efficiency,high,0.589,-5291390.363,-1040811.703
G100000406671,S1,emission_factor,central,56100.0,-4758569.89,-916486.926
G100000406671,S1,emission_factor,low,54300.0,-5016706.883,-976718.891
G100000406671,S1,emission_factor,high,58300.0,-4442944.943,-842841.105
G100000406671,S2,lifetime,central,30,-4689218.665,-849139.185
G100000406671,S2,lifetime,low,25,-4104041.968,-263962.488
G100000406671,S2,lifetime,high,40,-5558357.922,-1718278.442
G100000406671,S2,capacity_factor,central,0.6949,-4689218.665,-849139.185
G100000406671,S2,capacity_factor,low,0.5931,-4002267.361,-724743.776
G100000406671,S2,capacity_factor,high,0.6973,-4705413.978,-852071.885
G100000406671,S2,efficiency,central,0.55,-4689218.665,-849139.185
G100000406671,S2,efficiency,low,0.511,-4075067.471,-705837.239
G100000406671,S2,efficiency,high,0.589,-5222039.136,-973463.96
G100000406671,S2,emission_factor,central,56100.0,-4689218.665,-849139.185
G100000406671,S2,emission_factor,low,54300.0,-4947355.656,-909371.148
G100000406671,S2,emission_factor,high,58300.0,-4373593.716,-775493.362
G100000406670,S1,lifetime,central,30,-5788323.739,-4183865.607
G100000406670,S1,lifetime,low,25,-5042541.757,-3438083.625
G100000406670,S1,lifetime,high,40,-7024438.861,-5419980.729
G100000406670,S1,capacity_factor,central,0.6949,-5788323.739,-4183865.607
G100000406670,S1,capacity_factor,low,0.5931,-4940358.051,-3570946.455
G100000406670,S1,capacity_factor,high,0.6973,-5808315.072,-4198315.567
G100000406670,S1,efficiency,central,0.55,-5788323.739,-4183865.607
G100000406670,S1,efficiency,low,0.511,-4795445.982,-3422659.326
G100000406670,S1,efficiency,high,0.589,-6649716.839,-4844266.984
G100000406670,S1,emission_factor,central,56100.0,-5788323.739,-4183865.607
G100000406670,S1,emission_factor,low,54300.0,-6205645.211,-4503812.068
G100000406670,S1,emission_factor,high,58300.0,-5278063.406,-3792666.019
G100000406670,S2,lifetime,central,30,-4933393.18,-3332174.015
G100000406670,S2,lifetime,low,25,-4485927.367,-2884708.202
G100000406670,S2,lifetime,high,40,-5419321.528,-3818102.363
G100000406670,S2,capacity_factor,central,0.6949,-4933393.18,-3332174.015
G100000406670,S2,capacity_factor,low,0.5931,-4210671.313,-2844024.188
G100000406670,S2,capacity_factor,high,0.6973,-4950431.811,-3343682.459
G100000406670,S2,efficiency,central,0.55,-4933393.18,-3332174.015
G100000406670,S2,efficiency,low,0.511,-3940515.42,-2570967.731
G100000406670,S2,efficiency,high,0.589,-5794786.28,-3992575.391
G100000406670,S2,emission_factor,central,56100.0,-4933393.18,-3332174.015
G100000406670,S2,emission_factor,low,54300.0,-5350714.649,-3652120.473
G100000406670,S2,emission_factor,high,58300.0,-4423132.845,-2940974.424
G100000404602,S1,lifetime,central,30,-5395220.072,-929579.294
G100000404602,S1,lifetime,low,25,-5521837.022,-1056196.244
G100000404602,S1,lifetime,high,40,-4249619.576,216021.202
G100000404602,S1,capacity_factor,central,0.4187,-5395220.072,-929579.294
G100000404602,S1,capacity_factor,low,0.4187,-5395220.072,-929579.294
G100000404602,S1,capacity_factor,high,0.4706,-6063985.107,-1044805.384
G100000404602,S1,efficiency,central,0.55,-5395220.072,-929579.294
G100000404602,S1,efficiency,low,0.511,-4244993.136,-316124.927
G100000404602,S1,efficiency,high,0.589,-6393124.934,-1461795.22
G100000404602,S1,emission_factor,central,56100.0,-5395220.072,-929579.294
G100000404602,S1,emission_factor,low,54300.0,-5878677.767,-1187423.397
G100000404602,S1,emission_factor,high,58300.0,-4804094.753,-614312.458
G100000804668,S1,lifetime,central,25,-1023241.27,-667500.181
G100000804668,S1,lifetime,low,20,-870108.865,-514367.776
G100000804668,S1,lifetime,high,30,-1156409.117,-800668.028
G100000804668,S1,capacity_factor,central,0.2039,-1023241.27,-667500.181
G100000804668,S1,capacity_factor,low,0.1868,-937427.509,-611520.52
G100000804668,S1,capacity_factor,high,0.2075,-1041307.326,-679285.375
G100000404603,S1,lifetime,central,30,-7273643.699,-1121397.721
G100000404603,S1,lifetime,low,25,-7185796.668,-1033550.69
G100000404603,S1,lifetime,high,40,-6408710.837,-256464.859
G100000404603,S1,capacity_factor,central,0.4187,-7273643.699,-1121397.721
G100000404603,S1,capacity_factor,low,0.4187,-7273643.699,-1121397.721
G100000404603,S1,capacity_factor,high,0.4706,-8175248.922,-1260400.684
G100000404603,S1,efficiency,central,0.55,-7273643.699,-1121397.721
G100000404603,S1,efficiency,low,0.511,-6040156.37,-586886.544
G100000404603,S1,efficiency,high,0.589,-8343782.96,-1585124.733
G100000404603,S1,emission_factor,central,56100.0,-7273643.699,-1121397.721
G100000404603,S1,emission_factor,low,54300.0,-7792096.994,-1346060.815
G100000404603,S1,emission_factor,high,58300.0,-6639729.149,-846701.416
G100000908108,S1,lifetime,central,25,-1509602.446,-1124405.11
G100000908108,S1,lifetime,low,20,-1284396.913,-899199.577
G100000908108,S1,lifetime,high,30,-1705446.896,-1320249.56
G100000908108,S1,capacity_factor,central,0.3171,-1509602.446,-1124405.11
G100000908108,S1,capacity_factor,low,0.2899,-1380112.737,-1027956.61
G100000908108,S1,capacity_factor,high,0.3171,-1509602.446,-1124405.11
G100000908107,S1,lifetime,central,25,-2723602.515,-1776712.127
G100000908107,S1,lifetime,low,20,-2316003.822,-1369113.434
G100000908107,S1,lifetime,high,30,-3078060.74,-2131170.352
G100000908107,S1,capacity_factor,central,0.3171,-2723602.515,-1776712.127
G100000908107,S1,capacity_factor,low,0.2899,-2489979.093,-1624310.459
G100000908107,S1,capacity_factor,high,0.3171,-2723602.515,-1776712.127
G100000411581,S1,lifetime,central,30,336530.548,3091164.477
G100000411581,S1,lifetime,low,25,-1253660.171,1500973.758
G100000411581,S1,lifetime,high,40,4815070.984,7569704.913
G100000411581,S1,capacity_factor,central,0.4187,336530.548,3091164.477
G100000411581,S1,capacity_factor,low,0.4187,336530.548,3091164.477
G100000411581,S1,capacity_factor,high,0.4706,378245.227,3474330.077
G100000411581,S1,efficiency,central,0.42,336530.548,3091164.477
G100000411581,S1,efficiency,low,0.391,2588320.711,4442238.575
G100000411581,S1,efficiency,high,0.449,-1624365.612,1914626.78
G100000411581,S1,emission_factor,central,56100.0,336530.548,3091164.477
G100000411581,S1,emission_factor,low,54300.0,-637683.141,2506636.263
G100000411581,S1,emission_factor,high,58300.0,1527031.324,3805464.943
G100000411580,S1,lifetime,central,30,140758.684,1292923.45
G100000411580,S1,lifetime,low,25,-524361.171,627803.595
G100000411580,S1,lifetime,high,40,2013971.833,3166136.599
G100000411580,S1,capacity_factor,central,0.4187,140758.684,1292923.45
G100000411580,S1,capacity_factor,low,0.4187,140758.684,1292923.45
G100000411580,S1,capacity_factor,high,0.4706,158206.437,1453187.902
G100000411580,S1,efficiency,central,0.42,140758.684,1292923.45
G100000411580,S1,efficiency,low,0.391,1082601.902,1858029.38
G100000411580,S1,efficiency,high,0.449,-679413.989,800819.845
G100000411580,S1,emission_factor,central,56100.0,140758.684,1292923.45
G100000411580,S1,emission_factor,low,54300.0,-266720.028,1048436.222
G100000411580,S1,emission_factor,high,58300.0,638702.539,1591689.762
G100000804642,S1,lifetime,central,25,-1134068.182,-589317.859
G100000804642,S1,lifetime,low,20,-964345.354,-419595.031
G100000804642,S1,lifetime,high,30,-1281663.495,-736913.172
G100000804642,S1,capacity_factor,central,0.2039,-1134068.182,-589317.859
G100000804642,S1,capacity_factor,low,0.1868,-1038959.962,-539894.928
G100000804642,S1,capacity_factor,high,0.2075,-1154090.97,-599722.689
G100000801577,S1,lifetime,central,25,-342762.573,-200295.23
G100000801577,S1,lifetime,low,20,-286543.626,-144076.283
G100000801577,S1,lifetime,high,30,-393912.021,-251444.678
G100000801577,S1,capacity_factor,central,0.1251,-342762.573,-200295.23
G100000801577,S1,capacity_factor,low,0.1226,-335912.798,-196292.525
G100000801577,S1,capacity_factor,high,0.1263,-346050.465,-202216.529
G100000801577,S2,lifetime,central,25,-276183.387,-133716.044
G100000801577,S2,lifetime,low,20,-249503.303,-107035.96
G100000801577,S2,lifetime,high,30,-294752.077,-152284.734
G100000801577,S2,capacity_factor,central,0.1251,-276183.387,-133716.044
G100000801577,S2,capacity_factor,low,0.1226,-270664.133,-131043.86
G100000801577,S2,capacity_factor,high,0.1263,-278832.627,-134998.691
G100000901211,S1,lifetime,central,25,-480497.529,-65726.924
G100000901211,S1,lifetime,low,20,-397421.123,0
G100000901211,S1,lifetime,high,30,-554972.764,-140202.159
G100000901211,S1,capacity_factor,central,0.1696,-480497.529,-65726.924
G100000901211,S1,capacity_factor,low,0.1696,-480497.529,-65726.924
G100000901211,S1,capacity_factor,high,0.2123,-601471.849,-82274.917
G100000901211,S2,lifetime,central,25,-475563.806,-60793.201
G100000901211,S2,lifetime,low,20,-397421.123,0
G100000901211,S2,lifetime,high,30,-535314.394,-120543.789
G100000901211,S2,capacity_factor,central,0.1696,-475563.806,-60793.201
G100000901211,S2,capacity_factor,low,0.1696,-475563.806,-60793.201
G100000901211,S2,capacity_factor,high,0.2123,-595295.968,-76099.036
G100000901212,S1,lifetime,central,25,-340962.893,-58057.256
G100000901212,S1,lifetime,low,20,-282905.637,0
G100000901212,S1,lifetime,high,30,-393009.293,-110103.656
G100000901212,S1,capacity_factor,central,0.1696,-340962.893,-58057.256
G100000901212,S1,capacity_factor,low,0.1696,-340962.893,-58057.256
G100000901212,S1,capacity_factor,high,0.2123,-426806.735,-72674.265
G100000901212,S2,lifetime,central,25,-335805.073,-52899.436
G100000901212,S2,lifetime,low,20,-282905.637,0
G100000901212,S2,lifetime,high,30,-376253.806,-93348.169
G100000901212,S2,capacity_factor,central,0.1696,-335805.073,-52899.436
G100000901212,S2,capacity_factor,low,0.1696,-335805.073,-52899.436
G100000901212,S2,capacity_factor,high,0.2123,-420350.336,-66217.866
G100000901213,S1,lifetime,central,25,-852407.233,-145143.139
G100000901213,S1,lifetime,low,20,-707264.094,0
G100000901213,S1,lifetime,high,30,-982523.233,-275259.139
G100000901213,S1,capacity_factor,central,0.1696,-852407.233,-145143.139
G100000901213,S1,capacity_factor,low,0.1696,-852407.233,-145143.139
G100000901213,S1,capacity_factor,high,0.2123,-1067016.838,-181685.663
G100000901213,S2,lifetime,central,25,-839512.684,-132248.59
G100000901213,S2,lifetime,low,20,-707264.094,0
G100000901213,S2,lifetime,high,30,-940634.517,-233370.423
G100000901213,S2,capacity_factor,central,0.1696,-839512.684,-132248.59
G100000901213,S2,capacity_factor,low,0.1696,-839512.684,-132248.59
G100000901213,S2,capacity_factor,high,0.2123,-1050875.844,-165544.669
G100000900878,S1,lifetime,central,25,-264947.406,-141085.376
G100000900878,S1,lifetime,low,20,-222955.32,-99093.29
G100000900878,S1,lifetime,high,30,-302591.919,-178729.889
G100000900878,S1,capacity_factor,central,0.1696,-264947.406,-141085.376
G100000900878,S1,capacity_factor,low,0.1696,-264947.406,-141085.376
G100000900878,S1,capacity_factor,high,0.2123,-331652.914,-176606.281
G100000900878,S2,lifetime,central,25,-235711.02,-111848.99
G100000900878,S2,lifetime,low,20,-207875.381,-84013.351
G100000900878,S2,lifetime,high,30,-256995.109,-133133.079
G100000900878,S2,capacity_factor,central,0.1696,-235711.02,-111848.99
G100000900878,S2,capacity_factor,low,0.1696,-235711.02,-111848.99
G100000900878,S2,capacity_factor,high,0.2123,-295055.719,-140009.086
G100001055350,S1,lifetime,central,25,-159357.707,-159357.707
G100001055350,S1,lifetime,low,20,-134047.414,-134047.414
G100001055350,S1,lifetime,high,30,-182047.542,-182047.542
G100001055350,S1,capacity_factor,central,0.1696,-159357.707,-159357.707
G100001055350,S1,capacity_factor,low,0.1696,-159357.707,-159357.707
G100001055350,S1,capacity_factor,high,0.2123,-199479.022,-199479.022
G100001055350,S2,lifetime,central,25,-112055.72,-112055.72
G100001055350,S2,lifetime,low,20,-99849.811,-99849.811
G100001055350,S2,lifetime,high,30,-121388.779,-121388.779
G100001055350,S2,capacity_factor,central,0.1696,-112055.72,-112055.72
G100001055350,S2,capacity_factor,low,0.1696,-112055.72,-112055.72
G100001055350,S2,capacity_factor,high,0.2123,-140267.86,-140267.86
G100000401385,S1,lifetime,central,30,-1992247.635,1275812.411
G100000401385,S1,lifetime,low,25,-2982274.117,285785.929
G100000401385,S1,lifetime,high,40,1182551.276,4450611.322
G100000401385,S1,capacity_factor,central,0.3965,-1992247.635,1275812.411
G100000401385,S1,capacity_factor,low,0.3965,-1992247.635,1275812.411
G100000401385,S1,capacity_factor,high,0.4708,-2365574.242,1514886.466
G100000401385,S1,efficiency,central,0.55,-1992247.635,1275812.411
G100000401385,S1,efficiency,low,0.511,285520.611,2642473.36
G100000401385,S1,efficiency,high,0.589,-3968375.948,90135.424
G100000401385,S1,emission_factor,central,56100.0,-1992247.635,1275812.411
G100000401385,S1,emission_factor,low,54300.0,-2949627.929,701384.237
G100000401385,S1,emission_factor,high,58300.0,-821655.609,1978167.628
G100000401385,S2,lifetime,central,30,1945163.82,5213223.866
G100000401385,S2,lifetime,low,25,-628374.678,2639685.368
G100000401385,S2,lifetime,high,40,8654286.446,11922346.492
G100000401385,S2,capacity_factor,central,0.3965,1945163.82,5213223.866
G100000401385,S2,capacity_factor,low,0.3965,1945163.82,5213223.866
G100000401385,S2,capacity_factor,high,0.4708,2309667.405,6190128.113
G100000401385,S2,efficiency,central,0.55,1945163.82,5213223.866
G100000401385,S2,efficiency,low,0.511,4222932.065,6579884.814
G100000401385,S2,efficiency,high,0.589,-30964.493,4027546.879
G100000401385,S2,emission_factor,central,56100.0,1945163.82,5213223.866
G100000401385,S2,emission_factor,low,54300.0,987783.532,4638795.698
G100000401385,S2,emission_factor,high,58300.0,3115755.845,5915579.082
G100000401386,S1,lifetime,central,30,-1992247.635,1275812.411
G100000401386,S1,lifetime,low,25,-2982274.117,285785.929
G100000401386,S1,lifetime,high,40,1182551.276,4450611.322
G100000401386,S1,capacity_factor,central,0.3965,-1992247.635,1275812.411
G100000401386,S1,capacity_factor,low,0.3965,-1992247.635,1275812.411
G100000401386,S1,capacity_factor,high,0.4708,-2365574.242,1514886.466
G100000401386,S1,efficiency,central,0.55,-1992247.635,1275812.411
G100000401386,S1,efficiency,low,0.511,285520.611,2642473.36
G100000401386,S1,efficiency,high,0.589,-3968375.948,90135.424
G100000401386,S1,emission_factor,central,56100.0,-1992247.635,1275812.411
G100000401386,S1,emission_factor,low,54300.0,-2949627.929,701384.237
G100000401386,S1,emission_factor,high,58300.0,-821655.609,1978167.628
G100000401386,S2,lifetime,central,30,1945163.82,5213223.866
G100000401386,S2,lifetime,low,25,-628374.678,2639685.368
G100000401386,S2,lifetime,high,40,8654286.446,11922346.492
G100000401386,S2,capacity_factor,central,0.3965,1945163.82,5213223.866
G100000401386,S2,capacity_factor,low,0.3965,1945163.82,5213223.866
G100000401386,S2,capacity_factor,high,0.4708,2309667.405,6190128.113
G100000401386,S2,efficiency,central,0.55,1945163.82,5213223.866
G100000401386,S2,efficiency,low,0.511,4222932.065,6579884.814
G100000401386,S2,efficiency,high,0.589,-30964.493,4027546.879
G100000401386,S2,emission_factor,central,56100.0,1945163.82,5213223.866
G100000401386,S2,emission_factor,low,54300.0,987783.532,4638795.698
G100000401386,S2,emission_factor,high,58300.0,3115755.845,5915579.082
G100000901041,S1,lifetime,central,25,-275827.63,-208518.202
G100000901041,S1,lifetime,low,20,-231909.033,-164599.605
G100000901041,S1,lifetime,high,30,-315199.196,-247889.768
G100000901041,S1,capacity_factor,central,0.1696,-275827.63,-208518.202
G100000901041,S1,capacity_factor,low,0.1696,-275827.63,-208518.202
G100000901041,S1,capacity_factor,high,0.2123,-345272.441,-261016.595
G100000901041,S2,lifetime,central,25,-222631.356,-155321.928
G100000901041,S2,lifetime,low,20,-197799.918,-130490.49
G100000901041,S2,lifetime,high,30,-241618.325,-174308.897
G100000901041,S2,capacity_factor,central,0.1696,-222631.356,-155321.928
G100000901041,S2,capacity_factor,low,0.1696,-222631.356,-155321.928
G100000901041,S2,capacity_factor,high,0.2123,-278682.999,-194427.153
G100000900879,S1,lifetime,central,25,-669972.705,-159121.482
G100000900879,S1,lifetime,low,20,-558825.083,-47973.86
G100000900879,S1,lifetime,high,30,-769612.863,-258761.64
G100000900879,S1,capacity_factor,central,0.1696,-669972.705,-159121.482
G100000900879,S1,capacity_factor,low,0.1696,-669972.705,-159121.482
G100000900879,S1,capacity_factor,high,0.2123,-838650.973,-199183.317
G100000900879,S2,lifetime,central,25,-651633.726,-140782.503
G100000900879,S2,lifetime,low,20,-556603.321,-45752.098
G100000900879,S2,lifetime,high,30,-724297.245,-213446.022
G100000900879,S2,capacity_factor,central,0.1696,-651633.726,-140782.503
G100000900879,S2,capacity_factor,low,0.1696,-651633.726,-140782.503
G100000900879,S2,capacity_factor,high,0.2123,-815694.811,-176227.155
G100000602405,S1,lifetime,central,60,-14595852.203,-12522330.165
G100000602405,S1,lifetime,low,40,-10183750.885,-8110228.847
G100000602405,S1,lifetime,high,80,-18664043.573,-16590521.535
G100000602405,S1,capacity_factor,central,0.4481,-14595852.203,-12522330.165
G100000602405,S1,capacity_factor,low,0.4058,-13218024.607,-11340240.088
G100000602405,S1,capacity_factor,high,0.4669,-15208220.031,-13047703.539
G100000602433,S1,lifetime,central,60,-20635515.181,-17703984.025
G100000602433,S1,lifetime,low,40,-14397716.767,-11466185.611
G100000602433,S1,lifetime,high,80,-26387096.086,-23455564.93
G100000602433,S1,capacity_factor,central,0.4481,-20635515.181,-17703984.025
G100000602433,S1,capacity_factor,low,0.4058,-18687552.026,-16032753.223
G100000602433,S1,capacity_factor,high,0.4669,-21501276.593,-18446753.279
G100000105353,S1,lifetime,central,40,37426936.311,27759805.938
G100000105353,S1,lifetime,low,30,26886217.394,17219087.021
G100000105353,S1,lifetime,high,50,48617621.256,38950490.883
G100000105353,S1,capacity_factor,central,0.7681,37426936.311,27759805.938
G100000105353,S1,capacity_factor,low,0.7275,35448634.512,26292486.423
G100000105353,S1,capacity_factor,high,0.7771,37865476.121,28085073.813
G100000105353,S1,efficiency,central,0.35,37426936.311,27759805.938
G100000105353,S1,efficiency,low,0.325,44477594.503,32695266.671
G100000105353,S1,efficiency,high,0.374,31545029.762,23642471.353
G100000105353,S1,emission_factor,central,94600.0,37426936.311,27759805.938
G100000105353,S1,emission_factor,low,89500.0,32485323.974,24300677.303
G100000105353,S1,emission_factor,high,99700.0,42368213.303,31218699.831
G100000105354,S1,lifetime,central,40,37426936.311,27759805.938
G100000105354,S1,lifetime,low,30,26886217.394,17219087.021
G100000105354,S1,lifetime,high,50,48617621.256,38950490.883
G100000105354,S1,capacity_factor,central,0.7681,37426936.311,27759805.938
G100000105354,S1,capacity_factor,low,0.7275,35448634.512,26292486.423
G100000105354,S1,capacity_factor,high,0.7771,37865476.121,28085073.813
G100000105354,S1,efficiency,central,0.35,37426936.311,27759805.938
G100000105354,S1,efficiency,low,0.325,44477594.503,32695266.671
G100000105354,S1,efficiency,high,0.374,31545029.762,23642471.353
G100000105354,S1,emission_factor,central,94600.0,37426936.311,27759805.938
G100000105354,S1,emission_factor,low,89500.0,32485323.974,24300677.303
G100000105354,S1,emission_factor,high,99700.0,42368213.303,31218699.831
G100000108700,S1,lifetime,central,40,42852512.288,36665091.32
G100000108700,S1,lifetime,low,30,29899950.958,23712529.99
G100000108700,S1,lifetime,high,50,57064529.347,50877108.379
G100000108700,S1,capacity_factor,central,0.7681,42852512.288,36665091.32
G100000108700,S1,capacity_factor,low,0.7275,40587427.012,34727058.892
G100000108700,S1,capacity_factor,high,0.7771,43354624.785,37094704.419
G100000108700,S1,efficiency,central,0.43,42852512.288,36665091.32
G100000108700,S1,efficiency,low,0.4,53931537.282,45528311.314
G100000108700,S1,efficiency,high,0.46,33218577.506,28957943.496
G100000108700,S1,emission_factor,central,94600.0,42852512.288,36665091.32
G100000108700,S1,emission_factor,low,89500.0,34888847.569,30294159.545
G100000108700,S1,emission_factor,high,99700.0,50816423.203,43036220.051
G100000108701,S1,lifetime,central,40,42852512.288,36665091.32
G100000108701,S1,lifetime,low,30,29899950.958,23712529.99
G100000108701,S1,lifetime,high,50,57064529.347,50877108.379
G100000108701,S1,capacity_factor,central,0.7681,42852512.288,36665091.32
G100000108701,S1,capacity_factor,low,0.7275,40587427.012,34727058.892
G100000108701,S1,capacity_factor,high,0.7771,43354624.785,37094704.419
G100000108701,S1,efficiency,central,0.43,42852512.288,36665091.32
G100000108701,S1,efficiency,low,0.4,53931537.282,45528311.314
G100000108701,S1,efficiency,high,0.46,33218577.506,28957943.496
G100000108701,S1,emission_factor,central,94600.0,42852512.288,36665091.32
G100000108701,S1,emission_factor,low,89500.0,34888847.569,30294159.545
G100000108701,S1,emission_factor,high,99700.0,50816423.203,43036220.051
G100000200987,S1,lifetime,central,30,-446961.633,-153584.346
G100000200987,S1,lifetime,low,25,-378279.491,-84902.204
G100000200987,S1,lifetime,high,40,-578890.129,-285512.842
G100000200987,S1,capacity_factor,central,0.6,-446961.633,-153584.346
G100000200987,S1,capacity_factor,low,0.4,-297974.422,-102389.566
G100000200987,S1,capacity_factor,high,0.8,-595948.843,-204779.129
G100000200987,S1,efficiency,central,0.268,-446961.633,-153584.346
G100000200987,S1,efficiency,low,0.249,727545.393,277068.229
G100000200987,S1,efficiency,high,0.287,572035.754,220048.026
G100000100149,S1,lifetime,central,40,2788599.229,1365110.241
G100000100149,S1,lifetime,low,30,2465502.859,1042013.871
G100000100149,S1,lifetime,high,50,2704480.636,1280991.648
G100000100149,S1,capacity_factor,central,0.4756,2788599.229,1365110.241
G100000100149,S1,capacity_factor,low,0.1998,1171493.115,573484.077
G100000100149,S1,capacity_factor,high,0.4852,2844887.185,1392665.031
G100000100149,S1,efficiency,central,0.35,2788599.229,1365110.241
G100000100149,S1,efficiency,low,0.325,3287536.203,1676945.851
G100000100149,S1,efficiency,high,0.374,2372368.491,1104966.031
G100000100149,S1,emission_factor,central,94600.0,2788599.229,1365110.241
G100000100149,S1,emission_factor,low,89500.0,2438908.03,1146553.241
G100000100149,S1,emission_factor,high,99700.0,3138266.697,1583652.41
G100000100150,S1,lifetime,central,40,2788599.229,1365110.241
G100000100150,S1,lifetime,low,30,2465502.859,1042013.871
G100000100150,S1,lifetime,high,50,2704480.636,1280991.648
G100000100150,S1,capacity_factor,central,0.4756,2788599.229,1365110.241
G100000100150,S1,capacity_factor,low,0.1998,1171493.115,573484.077
G100000100150,S1,capacity_factor,high,0.4852,2844887.185,1392665.031
G100000100150,S1,efficiency,central,0.35,2788599.229,1365110.241
G100000100150,S1,efficiency,low,0.325,3287536.203,1676945.851
G100000100150,S1,efficiency,high,0.374,2372368.491,1104966.031
G100000100150,S1,emission_factor,central,94600.0,2788599.229,1365110.241
G100000100150,S1,emission_factor,low,89500.0,2438908.03,1146553.241
G100000100150,S1,emission_factor,high,99700.0,3138266.697,1583652.41
G100000100151,S1,lifetime,central,40,2788599.229,1365110.241
G100000100151,S1,lifetime,low,30,2465502.859,1042013.871
G100000100151,S1,lifetime,high,50,2704480.636,1280991.648
G100000100151,S1,capacity_factor,central,0.4756,2788599.229,1365110.241
G100000100151,S1,capacity_factor,low,0.1998,1171493.115,573484.077
G100000100151,S1,capacity_factor,high,0.4852,2844887.185,1392665.031
G100000100151,S1,efficiency,central,0.35,2788599.229,1365110.241
G100000100151,S1,efficiency,low,0.325,3287536.203,1676945.851
G100000100151,S1,efficiency,high,0.374,2372368.491,1104966.031
G100000100151,S1,emission_factor,central,94600.0,2788599.229,1365110.241
G100000100151,S1,emission_factor,low,89500.0,2438908.03,1146553.241
G100000100151,S1,emission_factor,high,99700.0,3138266.697,1583652.41
G100000404370,S1,lifetime,central,30,-3222807.056,-2699745.758
G100000404370,S1,lifetime,low,25,-2110985.42,-1587924.122
G100000404370,S1,lifetime,high,40,-6487319.551,-5964258.253
G100000404370,S1,capacity_factor,central,0.4678,-3222807.056,-2699745.758
G100000404370,S1,capacity_factor,low,0.3746,-2580725.786,-2161874.222
G100000404370,S1,capacity_factor,high,0.5366,-3696789.798,-3096801.142
G100000404370,S1,efficiency,central,0.55,-3222807.056,-2699745.758
G100000404370,S1,efficiency,low,0.511,-2805921.042,-2463510.351
G100000404370,S1,efficiency,high,0.589,-3584485.758,-2904697.024
G100000404370,S1,emission_factor,central,56100.0,-3222807.056,-2699745.758
G100000404370,S1,emission_factor,low,54300.0,-3398030.529,-2799039.059
G100000404370,S1,emission_factor,high,58300.0,-3008560.745,-2578339.514
G100000411300,S1,lifetime,central,30,-633101.149,-719702.949
G100000411300,S1,lifetime,low,25,-290110.271,-376712.071
G100000411300,S1,lifetime,high,40,-1749194.154,-1835795.954
G100000411300,S1,capacity_factor,central,0.4678,-633101.149,-719702.949
G100000411300,S1,capacity_factor,low,0.3746,-506968.129,-576316.212
G100000411300,S1,capacity_factor,high,0.5366,-726212.221,-825550.667
G100000411300,S1,efficiency,central,0.42,-633101.149,-719702.949
G100000411300,S1,efficiency,low,0.391,-413873.85,-595474.146
G100000411300,S1,efficiency,high,0.449,-824007.913,-827883.448
G100000411300,S1,emission_factor,central,56100.0,-633101.149,-719702.949
G100000411300,S1,emission_factor,low,54300.0,-727947.57,-773449.254
G100000411300,S1,emission_factor,high,58300.0,-517197.69,-654024.322
G100000808629,S1,lifetime,central,25,-2863004.953,-2339236.154
G100000808629,S1,lifetime,low,20,-2368216.324,-1844447.525
G100000808629,S1,lifetime,high,30,-3323536.713,-2799767.914
G100000808629,S1,capacity_factor,central,0.2325,-2863004.953,-2339236.154
G100000808629,S1,capacity_factor,low,0.2325,-2863004.953,-2339236.154
G100000808629,S1,capacity_factor,high,0.2581,-3178243.349,-2596803.662
G100000808629,S2,lifetime,central,25,-2776951.446,-2253182.647
G100000808629,S2,lifetime,low,20,-2314828.195,-1791059.396
G100000808629,S2,lifetime,high,30,-3199404.637,-2675635.838
G100000808629,S2,capacity_factor,central,0.2325,-2776951.446,-2253182.647
G100000808629,S2,capacity_factor,low,0.2325,-2776951.446,-2253182.647
G100000808629,S2,capacity_factor,high,0.2581,-3082714.707,-2501275.02
G100000808681,S1,lifetime,central,25,-2707168.027,-2099779.606
G100000808681,S1,lifetime,low,20,-2237298.56,-1629910.139
G100000808681,S1,lifetime,high,30,-3144505.912,-2537117.491
G100000808681,S1,capacity_factor,central,0.2325,-2707168.027,-2099779.606
G100000808681,S1,capacity_factor,low,0.2325,-2707168.027,-2099779.606
G100000808681,S1,capacity_factor,high,0.2581,-3005247.603,-2330981.144
G100000808681,S2,lifetime,central,25,-2633167.024,-2025778.603
G100000808681,S2,lifetime,low,20,-2192734.74,-1585346.319
G100000808681,S2,lifetime,high,30,-3035791.25,-2428402.829
G100000808681,S2,capacity_factor,central,0.2325,-2633167.024,-2025778.603
G100000808681,S2,capacity_factor,low,0.2325,-2633167.024,-2025778.603
G100000808681,S2,capacity_factor,high,0.2581,-2923098.535,-2248832.076
G100000808682,S1,lifetime,central,25,-2502420.099,-2151906.086
G100000808682,S1,lifetime,low,20,-2071209.336,-1720695.323
G100000808682,S1,lifetime,high,30,-2903775.815,-2553261.802
G100000808682,S1,capacity_factor,central,0.2325,-2502420.099,-2151906.086
G100000808682,S1,capacity_factor,low,0.2325,-2502420.099,-2151906.086
G100000808682,S1,capacity_factor,high,0.2581,-2777955.39,-2388847.146
G100000808682,S2,lifetime,central,25,-2419958.938,-2069444.925
G100000808682,S2,lifetime,low,20,-2018663.814,-1668149.801
G100000808682,S2,lifetime,high,30,-2786805.67,-2436291.657
G100000808682,S2,capacity_factor,central,0.2325,-2419958.938,-2069444.925
G100000808682,S2,capacity_factor,low,0.2325,-2419958.938,-2069444.925
G100000808682,S2,capacity_factor,high,0.2581,-2686414.632,-2297306.388
G100000406382,S1,lifetime,central,30,-5000755.146,-1725496.99
G100000406382,S1,lifetime,low,25,-4903455.436,-1628197.28
G100000406382,S1,lifetime,high,40,-4424688.692,-1149430.536
G100000406382,S1,capacity_factor,central,0.5314,-5000755.146,-1725496.99
G100000406382,S1,capacity_factor,low,0.5216,-4908531.963,-1693675.631
G100000406382,S1,capacity_factor,high,0.5646,-5313184.711,-1833299.963
G100000406382,S1,efficiency,central,0.55,-5000755.146,-1725496.99
G100000406382,S1,efficiency,low,0.511,-3306100.578,-708704.25
G100000406382,S1,efficiency,high,0.589,-6470990.264,-2607638.062
G100000406382,S1,emission_factor,central,56100.0,-5000755.146,-1725496.99
G100000406382,S1,emission_factor,low,54300.0,-5713043.974,-2152870.287
G100000406382,S1,emission_factor,high,58300.0,-4129837.253,-1202946.255
G100000406382,S2,lifetime,central,30,-4517447.965,-1242189.809
G100000406382,S2,lifetime,low,25,-4632362.377,-1357104.221
G100000406382,S2,lifetime,high,40,-3390594.442,-115336.286
G100000406382,S2,capacity_factor,central,0.5314,-4517447.965,-1242189.809
G100000406382,S2,capacity_factor,low,0.5216,-4434137.861,-1219281.529
G100000406382,S2,capacity_factor,high,0.5646,-4799682.201,-1319797.453
G100000406382,S2,efficiency,central,0.55,-4517447.965,-1242189.809
G100000406382,S2,efficiency,low,0.511,-2822793.394,-225397.066
G100000406382,S2,efficiency,high,0.589,-5987683.081,-2124330.879
G100000406382,S2,emission_factor,central,56100.0,-4517447.965,-1242189.809
G100000406382,S2,emission_factor,low,54300.0,-5229736.793,-1669563.106
G100000406382,S2,emission_factor,high,58300.0,-3646530.07,-719639.072
G100000906678,S1,lifetime,central,25,-5359725.577,-2363251.244
G100000906678,S1,lifetime,low,20,-4424226.703,-1427752.37
G100000906678,S1,lifetime,high,30,-6230454.881,-3233980.548
G100000906678,S1,capacity_factor,central,0.325,-5359725.577,-2363251.244
G100000906678,S1,capacity_factor,low,0.3002,-4950737.284,-2182916.993
G100000906678,S1,capacity_factor,high,0.325,-5359725.577,-2363251.244
G100000906678,S2,lifetime,central,25,-5306654.807,-2310180.474
G100000906678,S2,lifetime,low,20,-4404137.223,-1407662.89
G100000906678,S2,lifetime,high,30,-6131697.596,-3135223.263
G100000906678,S2,capacity_factor,central,0.325,-5306654.807,-2310180.474
G100000906678,S2,capacity_factor,low,0.3002,-4901716.225,-2133895.934
G100000906678,S2,capacity_factor,high,0.325,-5306654.807,-2310180.474
G100000808683,S1,lifetime,central,25,-2685682.569,-2083114.69
G100000808683,S1,lifetime,low,20,-2219542.225,-1616974.346
G100000808683,S1,lifetime,high,30,-3119549.517,-2516981.638
G100000808683,S1,capacity_factor,central,0.2325,-2685682.569,-2083114.69
G100000808683,S1,capacity_factor,low,0.2325,-2685682.569,-2083114.69
G100000808683,S1,capacity_factor,high,0.2581,-2981396.429,-2312481.293
G100000808683,S2,lifetime,central,25,-2612268.875,-2009700.996
G100000808683,S2,lifetime,low,20,-2175332.085,-1572764.206
G100000808683,S2,lifetime,high,30,-3011697.67,-2409129.791
G100000808683,S2,capacity_factor,central,0.2325,-2612268.875,-2009700.996
G100000808683,S2,capacity_factor,low,0.2325,-2612268.875,-2009700.996
G100000808683,S2,capacity_factor,high,0.2581,-2899899.339,-2230984.203
G100000406438,S1,lifetime,central,30,-10183020.2,-1001663.375
G100000406438,S1,lifetime,low,25,-9181356.825,0
G100000406438,S1,lifetime,high,40,-11124651.929,-1943295.104
G100000406438,S1,capacity_factor,central,0.5314,-10183020.2,-1001663.375
G100000406438,S1,capacity_factor,low,0.5216,-9995226.451,-983190.847
G100000406438,S1,capacity_factor,high,0.5646,-10819219.43,-1064243.774
G100000406438,S1,efficiency,central,0.55,-10183020.2,-1001663.375
G100000406438,S1,efficiency,low,0.511,-8245713.015,-678778.843
G100000406438,S1,efficiency,high,0.589,-11863773.973,-1281789.003
G100000406438,S1,emission_factor,central,56100.0,-10183020.2,-1001663.375
G100000406438,S1,emission_factor,low,54300.0,-10997299.576,-1137376.604
G100000406438,S1,emission_factor,high,58300.0,-9187398.127,-835726.363
G100000406438,S2,lifetime,central,30,-10127405.352,-946048.527
G100000406438,S2,lifetime,low,25,-9181356.825,0
G100000406438,S2,lifetime,high,40,-10724508.538,-1543151.713
G100000406438,S2,capacity_factor,central,0.5314,-10127405.352,-946048.527
G100000406438,S2,capacity_factor,low,0.5216,-9940637.243,-928601.639
G100000406438,S2,capacity_factor,high,0.5646,-10760129.963,-1005154.307
G100000406438,S2,efficiency,central,0.55,-10127405.352,-946048.527
G100000406438,S2,efficiency,low,0.511,-8190098.168,-623163.996
G100000406438,S2,efficiency,high,0.589,-11808159.125,-1226174.155
G100000406438,S2,emission_factor,central,56100.0,-10127405.352,-946048.527
G100000406438,S2,emission_factor,low,54300.0,-10941684.728,-1081761.756
G100000406438,S2,emission_factor,high,58300.0,-9131783.278,-780111.514
G100000406435,S1,lifetime,central,30,-8653520.288,-1641068.106
G100000406435,S1,lifetime,low,25,-8014115.557,-1001663.375
G100000406435,S1,lifetime,high,40,-8944141.207,-1931689.025
G100000406435,S1,capacity_factor,central,0.5314,-8653520.288,-1641068.106
G100000406435,S1,capacity_factor,low,0.5216,-8493933.349,-1610803.77
G100000406435,S1,capacity_factor,high,0.5646,-9194161.75,-1743596.258
G100000406435,S1,efficiency,central,0.55,-8653520.288,-1641068.106
G100000406435,S1,efficiency,low,0.511,-6716213.102,-995299.042
G100000406435,S1,efficiency,high,0.589,-10334274.059,-2201319.361
G100000406435,S1,emission_factor,central,56100.0,-8653520.288,-1641068.106
G100000406435,S1,emission_factor,low,54300.0,-9467799.664,-1912494.564
G100000406435,S1,emission_factor,high,58300.0,-7657898.215,-1309194.08
G100000406435,S2,lifetime,central,30,-8460168.957,-1447716.775
G100000406435,S2,lifetime,low,25,-7958500.709,-946048.527
G100000406435,S2,lifetime,high,40,-8279678.144,-1267225.962
G100000406435,S2,capacity_factor,central,0.5314,-8460168.957,-1447716.775
G100000406435,S2,capacity_factor,low,0.5216,-8304147.775,-1421018.196
G100000406435,S2,capacity_factor,high,0.5646,-8988730.512,-1538165.02
G100000406435,S2,efficiency,central,0.55,-8460168.957,-1447716.775
G100000406435,S2,efficiency,low,0.511,-6522861.772,-801947.712
G100000406435,S2,efficiency,high,0.589,-10140922.729,-2007968.031
G100000406435,S2,emission_factor,central,56100.0,-8460168.957,-1447716.775
G100000406435,S2,emission_factor,low,54300.0,-9274448.332,-1719143.232
G100000406435,S2,emission_factor,high,58300.0,-7464546.884,-1115842.749
G100000406433,S1,lifetime,central,30,-9177976.062,-1740526.775
G100000406433,S1,lifetime,low,25,-8499819.532,-1062370.245
G100000406433,S1,lifetime,high,40,-9486210.368,-2048761.081
G100000406433,S1,capacity_factor,central,0.5314,-9177976.062,-1740526.775
G100000406433,S1,capacity_factor,low,0.5216,-9008717.19,-1708428.24
G100000406433,S1,capacity_factor,high,0.5646,-9751383.674,-1849268.758
G100000406433,S1,efficiency,central,0.55,-9177976.062,-1740526.775
G100000406433,S1,efficiency,low,0.511,-7123256.322,-1055620.195
G100000406433,S1,efficiency,high,0.589,-10960593.702,-2334732.655
G100000406433,S1,emission_factor,central,56100.0,-9177976.062,-1740526.775
G100000406433,S1,emission_factor,low,54300.0,-10041605.704,-2028403.324
G100000406433,S1,emission_factor,high,58300.0,-8122013.256,-1388539.174
G100000406433,S2,lifetime,central,30,-8972906.471,-1535457.184
G100000406433,S2,lifetime,low,25,-8440834.087,-1003384.8
G100000406433,S2,lifetime,high,40,-8781476.821,-1344027.534
G100000406433,S2,capacity_factor,central,0.5314,-8972906.471,-1535457.184
G100000406433,S2,capacity_factor,low,0.5216,-8807429.461,-1507140.511
G100000406433,S2,capacity_factor,high,0.5646,-9533502.056,-1631387.14
G100000406433,S2,efficiency,central,0.55,-8972906.471,-1535457.184
G100000406433,S2,efficiency,low,0.511,-6918186.731,-850550.604
G100000406433,S2,efficiency,high,0.589,-10755524.111,-2129663.064
G100000406433,S2,emission_factor,central,56100.0,-8972906.471,-1535457.184
G100000406433,S2,emission_factor,low,54300.0,-9836536.112,-1823333.732
G100000406433,S2,emission_factor,high,58300.0,-7916943.664,-1183469.582
G100000801025,S1,lifetime,central,25,-621932.503,-460653.951
G100000801025,S1,lifetime,low,20,-508346.223,-347067.671
G100000801025,S1,lifetime,high,30,-730449.645,-569171.093
G100000801025,S1,capacity_factor,central,0.1677,-621932.503,-460653.951
G100000801025,S1,capacity_factor,low,0.1474,-546647.889,-404892.026
G100000801025,S1,capacity_factor,high,0.1677,-621932.503,-460653.951
G100000801025,S2,lifetime,central,25,-590393.888,-429115.336
G100000801025,S2,lifetime,low,20,-490173.78,-328895.228
G100000801025,S2,lifetime,high,30,-682674.767,-521396.215
G100000801025,S2,capacity_factor,central,0.1677,-590393.888,-429115.336
G100000801025,S2,capacity_factor,low,0.1474,-518927.004,-377171.141
G100000801025,S2,capacity_factor,high,0.1677,-590393.888,-429115.336
G100000105181,S1,capacity_factor,central,0.7702,39497138.74,31006234.587
G100000105181,S1,capacity_factor,low,0.6686,34286921.529,26916084.712
G100000105181,S1,capacity_factor,high,0.7702,39497138.74,31006234.587
G100000105181,S1,efficiency,central,0.43,39497138.74,31006234.587
G100000105181,S1,efficiency,low,0.4,49917131.409,38620844.615
G100000105181,S1,efficiency,high,0.46,30436275.55,24384834.564
G100000105181,S1,emission_factor,central,94600.0,39497138.74,31006234.587
G100000105181,S1,emission_factor,low,89500.0,32007190.123,25532810.598
G100000105181,S1,emission_factor,high,99700.0,46987318.914,36479827.792
G100000105181,S2,capacity_factor,central,0.7702,44325412.096,35834507.943
G100000105181,S2,capacity_factor,low,0.6686,38478279.055,31107442.238
G100000105181,S2,capacity_factor,high,0.7702,44325412.096,35834507.943
G100000105181,S2,efficiency,central,0.43,44325412.096,35834507.943
G100000105181,S2,efficiency,low,0.4,54745404.765,43449117.971
G100000105181,S2,efficiency,high,0.46,35264548.905,29213107.919
G100000105181,S2,emission_factor,central,94600.0,44325412.096,35834507.943
G100000105181,S2,emission_factor,low,89500.0,36835463.476,30361083.951
G100000105181,S2,emission_factor,high,99700.0,51815592.27,41308101.148
G100000105182,S1,capacity_factor,central,0.7702,39497138.74,31006234.587
G100000105182,S1,capacity_factor,low,0.6686,34286921.529,26916084.712
G100000105182,S1,capacity_factor,high,0.7702,39497138.74,31006234.587
G100000105182,S1,efficiency,central,0.43,39497138.74,31006234.587
G100000105182,S1,efficiency,low,0.4,49917131.409,38620844.615
G100000105182,S1,efficiency,high,0.46,30436275.55,24384834.564
G100000105182,S1,emission_factor,central,94600.0,39497138.74,31006234.587
G100000105182,S1,emission_factor,low,89500.0,32007190.123,25532810.598
G100000105182,S1,emission_factor,high,99700.0,46987318.914,36479827.792
G100000105182,S2,capacity_factor,central,0.7702,44325412.096,35834507.943
G100000105182,S2,capacity_factor,low,0.6686,38478279.055,31107442.238
G100000105182,S2,capacity_factor,high,0.7702,44325412.096,35834507.943
G100000105182,S2,efficiency,central,0.43,44325412.096,35834507.943
G100000105182,S2,efficiency,low,0.4,54745404.765,43449117.971
G100000105182,S2,efficiency,high,0.46,35264548.905,29213107.919
G100000105182,S2,emission_factor,central,94600.0,44325412.096,35834507.943
G100000105182,S2,emission_factor,low,89500.0,36835463.476,30361083.951
G100000105182,S2,emission_factor,high,99700.0,51815592.27,41308101.148
G100000404367,S1,lifetime,central,30,-10988753.692,-10457167.55
G100000404367,S1,lifetime,low,25,-9819462.077,-9287875.935
G100000404367,S1,lifetime,high,40,-12624808.598,-12093222.456
G100000404367,S1,capacity_factor,central,0.4308,-10988753.692,-10457167.55
G100000404367,S1,capacity_factor,low,0.4086,-10422480.872,-9918288.444
G100000404367,S1,capacity_factor,high,0.4849,-12368724.853,-11770381.955
G100000404367,S1,efficiency,central,0.55,-10988753.692,-10457167.55
G100000404367,S1,efficiency,low,0.511,-9085052.925,-8616923.475
G100000404367,S1,efficiency,high,0.589,-12640351.474,-12053712.072
G100000404367,S1,emission_factor,central,56100.0,-10988753.692,-10457167.55
G100000404367,S1,emission_factor,low,54300.0,-11788907.786,-11230649.84
G100000404367,S1,emission_factor,high,58300.0,-10010402.645,-9511428.204
G100000404367,S2,lifetime,central,30,-7573255.779,-7041669.637
G100000404367,S2,lifetime,low,25,-7364910.104,-6833323.962
G100000404367,S2,lifetime,high,40,-6979848.096,-6448261.954
G100000404367,S2,capacity_factor,central,0.4308,-7573255.779,-7041669.637
G100000404367,S2,capacity_factor,low,0.4086,-7182990.511,-6678798.083
G100000404367,S2,capacity_factor,high,0.4849,-8524307.634,-7925964.736
G100000404367,S2,efficiency,central,0.55,-7573255.779,-7041669.637
G100000404367,S2,efficiency,low,0.511,-5669555.011,-5201425.561
G100000404367,S2,efficiency,high,0.589,-9224853.561,-8638214.159
G100000404367,S2,emission_factor,central,56100.0,-7573255.779,-7041669.637
G100000404367,S2,emission_factor,low,54300.0,-8373409.875,-7815151.929
G100000404367,S2,emission_factor,high,58300.0,-6594904.737,-6095930.296
G100000404368,S1,lifetime,central,30,-10988753.692,-10457167.55
G100000404368,S1,lifetime,low,25,-9819462.077,-9287875.935
G100000404368,S1,lifetime,high,40,-12624808.598,-12093222.456
G100000404368,S1,capacity_factor,central,0.4308,-10988753.692,-10457167.55
G100000404368,S1,capacity_factor,low,0.4086,-10422480.872,-9918288.444
G100000404368,S1,capacity_factor,high,0.4849,-12368724.853,-11770381.955
G100000404368,S1,efficiency,central,0.55,-10988753.692,-10457167.55
G100000404368,S1,efficiency,low,0.511,-9085052.925,-8616923.475
G100000404368,S1,efficiency,high,0.589,-12640351.474,-12053712.072
G100000404368,S1,emission_factor,central,56100.0,-10988753.692,-10457167.55
G100000404368,S1,emission_factor,low,54300.0,-11788907.786,-11230649.84
G100000404368,S1,emission_factor,high,58300.0,-10010402.645,-9511428.204
G100000404368,S2,lifetime,central,30,-7573255.779,-7041669.637
G100000404368,S2,lifetime,low,25,-7364910.104,-6833323.962
G100000404368,S2,lifetime,high,40,-6979848.096,-6448261.954
G100000404368,S2,capacity_factor,central,0.4308,-7573255.779,-7041669.637
G100000404368,S2,capacity_factor,low,0.4086,-7182990.511,-6678798.083
G100000404368,S2,capacity_factor,high,0.4849,-8524307.634,-7925964.736
G100000404368,S2,efficiency,central,0.55,-7573255.779,-7041669.637
G100000404368,S2,efficiency,low,0.511,-5669555.011,-5201425.561
G100000404368,S2,efficiency,high,0.589,-9224853.561,-8638214.159
G100000404368,S2,emission_factor,central,56100.0,-7573255.779,-7041669.637
G100000404368,S2,emission_factor,low,54300.0,-8373409.875,-7815151.929
G100000404368,S2,emission_factor,high,58300.0,-6594904.737,-6095930.296
G100000801448,S1,lifetime,central,25,-3157140.726,-2607390.398
G100000801448,S1,lifetime,low,20,-2580898.194,-2031147.866
G100000801448,S1,lifetime,high,30,-3707666.658,-3157916.33
G100000801448,S1,capacity_factor,central,0.1677,-3157140.726,-2607390.398
G100000801448,S1,capacity_factor,low,0.1474,-2774970.44,-2291767.111
G100000801448,S1,capacity_factor,high,0.1677,-3157140.726,-2607390.398
G100000801448,S2,lifetime,central,25,-2962294.375,-2412544.047
G100000801448,S2,lifetime,low,20,-2461305.541,-1911555.213
G100000801448,S2,lifetime,high,30,-3423595.932,-2873845.604
G100000801448,S2,capacity_factor,central,0.1677,-2962294.375,-2412544.047
G100000801448,S2,capacity_factor,low,0.1474,-2603710.139,-2120506.81
G100000801448,S2,capacity_factor,high,0.1677,-2962294.375,-2412544.047
G100000602544,S1,lifetime,central,60,-260664734.777,-260664734.777
G100000602544,S1,lifetime,low,40,-124711727.055,-124711727.055
G100000602544,S1,lifetime,high,80,-361949957.936,-361949957.936
G100000602544,S1,capacity_factor,central,0.8496,-260664734.777,-260664734.777
G100000602544,S1,capacity_factor,low,0.8064,-247410595.718,-247410595.718
G100000602544,S1,capacity_factor,high,0.859,-263548737.256,-263548737.256
G100000407164,S1,lifetime,central,30,447862.423,0
G100000407164,S1,lifetime,low,25,431111.529,0
G100000407164,S1,lifetime,high,40,552800.611,0
G100000407164,S1,capacity_factor,central,0.2735,447862.423,0
G100000407164,S1,capacity_factor,low,0.27,442131.093,0
G100000407164,S1,capacity_factor,high,0.3185,521550.938,0
G100000407164,S1,efficiency,central,0.38,447862.423,0
G100000407164,S1,efficiency,low,0.353,769260.169,0
G100000407164,S1,efficiency,high,0.407,169102.467,0
G100000407164,S1,emission_factor,central,56100.0,447862.423,0
G100000407164,S1,emission_factor,low,54300.0,313042.836,0
G100000407164,S1,emission_factor,high,58300.0,612651.932,0
G100000407164,S2,lifetime,central,30,447862.423,0
G100000407164,S2,lifetime,low,25,431111.529,0
G100000407164,S2,lifetime,high,40,552800.611,0
G100000407164,S2,capacity_factor,central,0.2735,447862.423,0
G100000407164,S2,capacity_factor,low,0.27,442131.093,0
G100000407164,S2,capacity_factor,high,0.3185,521550.938,0
G100000407164,S2,efficiency,central,0.38,447862.423,0
G100000407164,S2,efficiency,low,0.353,769260.169,0
G100000407164,S2,efficiency,high,0.407,169102.467,0
G100000407164,S2,emission_factor,central,56100.0,447862.423,0
G100000407164,S2,emission_factor,low,54300.0,313042.836,0
G100000407164,S2,emission_factor,high,58300.0,612651.932,0
G100000407165,S1,lifetime,central,30,447862.423,0
G100000407165,S1,lifetime,low,25,431111.529,0
G100000407165,S1,lifetime,high,40,552800.611,0
G100000407165,S1,capacity_factor,central,0.2735,447862.423,0
G100000407165,S1,capacity_factor,low,0.27,442131.093,0
G100000407165,S1,capacity_factor,high,0.3185,521550.938,0
G100000407165,S1,efficiency,central,0.38,447862.423,0
G100000407165,S1,efficiency,low,0.353,769260.169,0
G100000407165,S1,efficiency,high,0.407,169102.467,0
G100000407165,S1,emission_factor,central,56100.0,447862.423,0
G100000407165,S1,emission_factor,low,54300.0,313042.836,0
G100000407165,S1,emission_factor,high,58300.0,612651.932,0
G100000407165,S2,lifetime,central,30,447862.423,0
G100000407165,S2,lifetime,low,25,431111.529,0
G100000407165,S2,lifetime,high,40,552800.611,0
G100000407165,S2,capacity_factor,central,0.2735,447862.423,0
G100000407165,S2,capacity_factor,low,0.27,442131.093,0
G100000407165,S2,capacity_factor,high,0.3185,521550.938,0
G100000407165,S2,efficiency,central,0.38,447862.423,0
G100000407165,S2,efficiency,low,0.353,769260.169,0
G100000407165,S2,efficiency,high,0.407,169102.467,0
G100000407165,S2,emission_factor,central,56100.0,447862.423,0
G100000407165,S2,emission_factor,low,54300.0,313042.836,0
G100000407165,S2,emission_factor,high,58300.0,612651.932,0
G100000407166,S1,lifetime,central,30,447862.423,0
G100000407166,S1,lifetime,low,25,431111.529,0
G100000407166,S1,lifetime,high,40,552800.611,0
G100000407166,S1,capacity_factor,central,0.2735,447862.423,0
G100000407166,S1,capacity_factor,low,0.27,442131.093,0
G100000407166,S1,capacity_factor,high,0.3185,521550.938,0
G100000407166,S1,efficiency,central,0.38,447862.423,0
G100000407166,S1,efficiency,low,0.353,769260.169,0
G100000407166,S1,efficiency,high,0.407,169102.467,0
G100000407166,S1,emission_factor,central,56100.0,447862.423,0
G100000407166,S1,emission_factor,low,54300.0,313042.836,0
G100000407166,S1,emission_factor,high,58300.0,612651.932,0
G100000407166,S2,lifetime,central,30,447862.423,0
G100000407166,S2,lifetime,low,25,431111.529,0
G100000407166,S2,lifetime,high,40,552800.611,0
G100000407166,S2,capacity_factor,central,0.2735,447862.423,0
G100000407166,S2,capacity_factor,low,0.27,442131.093,0
G100000407166,S2,capacity_factor,high,0.3185,521550.938,0
G100000407166,S2,efficiency,central,0.38,447862.423,0
G100000407166,S2,efficiency,low,0.353,769260.169,0
G100000407166,S2,efficiency,high,0.407,169102.467,0
G100000407166,S2,emission_factor,central,56100.0,447862.423,0
G100000407166,S2,emission_factor,low,54300.0,313042.836,0
G100000407166,S2,emission_factor,high,58300.0,612651.932,0
G100000407167,S1,lifetime,central,30,447862.423,0
G100000407167,S1,lifetime,low,25,431111.529,0
G100000407167,S1,lifetime,high,40,552800.611,0
G100000407167,S1,capacity_factor,central,0.2735,447862.423,0
G100000407167,S1,capacity_factor,low,0.27,442131.093,0
G100000407167,S1,capacity_factor,high,0.3185,521550.938,0
G100000407167,S1,efficiency,central,0.38,447862.423,0
G100000407167,S1,efficiency,low,0.353,769260.169,0
G100000407167,S1,efficiency,high,0.407,169102.467,0
G100000407167,S1,emission_factor,central,56100.0,447862.423,0
G100000407167,S1,emission_factor,low,54300.0,313042.836,0
G100000407167,S1,emission_factor,high,58300.0,612651.932,0
G100000407167,S2,lifetime,central,30,447862.423,0
G100000407167,S2,lifetime,low,25,431111.529,0
G100000407167,S2,lifetime,high,40,552800.611,0
G100000407167,S2,capacity_factor,central,0.2735,447862.423,0
G100000407167,S2,capacity_factor,low,0.27,442131.093,0
G100000407167,S2,capacity_factor,high,0.3185,521550.938,0
G100000407167,S2,efficiency,central,0.38,447862.423,0
G100000407167,S2,efficiency,low,0.353,769260.169,0
G100000407167,S2,efficiency,high,0.407,169102.467,0
G100000407167,S2,emission_factor,central,56100.0,447862.423,0
G100000407167,S2,emission_factor,low,54300.0,313042.836,0
G100000407167,S2,emission_factor,high,58300.0,612651.932,0
G100000407168,S1,lifetime,central,30,447862.423,0
G100000407168,S1,lifetime,low,25,431111.529,0
G100000407168,S1,lifetime,high,40,552800.611,0
G100000407168,S1,capacity_factor,central,0.2735,447862.423,0
G100000407168,S1,capacity_factor,low,0.27,442131.093,0
G100000407168,S1,capacity_factor,high,0.3185,521550.938,0
G100000407168,S1,efficiency,central,0.38,447862.423,0
G100000407168,S1,efficiency,low,0.353,769260.169,0
G100000407168,S1,efficiency,high,0.407,169102.467,0
G100000407168,S1,emission_factor,central,56100.0,447862.423,0
G100000407168,S1,emission_factor,low,54300.0,313042.836,0
G100000407168,S1,emission_factor,high,58300.0,612651.932,0
G100000407168,S2,lifetime,central,30,447862.423,0
G100000407168,S2,lifetime,low,25,431111.529,0
G100000407168,S2,lifetime,high,40,552800.611,0
G100000407168,S2,capacity_factor,central,0.2735,447862.423,0
G100000407168,S2,capacity_factor,low,0.27,442131.093,0
G100000407168,S2,capacity_factor,high,0.3185,521550.938,0
G100000407168,S2,efficiency,central,0.38,447862.423,0
G100000407168,S2,efficiency,low,0.353,769260.169,0
G100000407168,S2,efficiency,high,0.407,169102.467,0
G100000407168,S2,emission_factor,central,56100.0,447862.423,0
G100000407168,S2,emission_factor,low,54300.0,313042.836,0
G100000407168,S2,emission_factor,high,58300.0,612651.932,0
G100000407169,S1,lifetime,central,30,447862.423,0
G100000407169,S1,lifetime,low,25,431111.529,0
G100000407169,S1,lifetime,high,40,552800.611,0
G100000407169,S1,capacity_factor,central,0.2735,447862.423,0
G100000407169,S1,capacity_factor,low,0.27,442131.093,0
G100000407169,S1,capacity_factor,high,0.3185,521550.938,0
G100000407169,S1,efficiency,central,0.38,447862.423,0
G100000407169,S1,efficiency,low,0.353,769260.169,0
G100000407169,S1,efficiency,high,0.407,169102.467,0
G100000407169,S1,emission_factor,central,56100.0,447862.423,0
G100000407169,S1,emission_factor,low,54300.0,313042.836,0
G100000407169,S1,emission_factor,high,58300.0,612651.932,0
G100000407169,S2,lifetime,central,30,447862.423,0
G100000407169,S2,lifetime,low,25,431111.529,0
G100000407169,S2,lifetime,high,40,552800.611,0
G100000407169,S2,capacity_factor,central,0.2735,447862.423,0
G100000407169,S2,capacity_factor,low,0.27,442131.093,0
G100000407169,S2,capacity_factor,high,0.3185,521550.938,0
G100000407169,S2,efficiency,central,0.38,447862.423,0
G100000407169,S2,efficiency,low,0.353,769260.169,0
G100000407169,S2,efficiency,high,0.407,169102.467,0
G100000407169,S2,emission_factor,central,56100.0,447862.423,0
G100000407169,S2,emission_factor,low,54300.0,313042.836,0
G100000407169,S2,emission_factor,high,58300.0,612651.932,0
G100001001502,S1,lifetime,central,25,-3865945.892,-2372464.641
G100001001502,S1,lifetime,low,20,-3590155.669,-2096674.418
G100001001502,S1,lifetime,high,30,-4044631.562,-2551150.311
G100001001502,S1,capacity_factor,central,0.3266,-3865945.892,-2372464.641
G100001001502,S1,capacity_factor,low,0.2705,-3201893.335,-1964946.983
G100001001502,S1,capacity_factor,high,0.3267,-3867129.584,-2373191.052
G100001001502,S2,lifetime,central,25,-3682368.811,-2188887.56
G100001001502,S2,lifetime,low,20,-3454034.363,-1960553.112
G100001001502,S2,lifetime,high,30,-3822672.086,-2329190.835
G100001001502,S2,capacity_factor,central,0.3266,-3682368.811,-2188887.56
G100001001502,S2,capacity_factor,low,0.2705,-3049849.243,-1812902.891
G100001001502,S2,capacity_factor,high,0.3267,-3683496.292,-2189557.76
G100001001503,S1,lifetime,central,25,-4080720.663,-2504268.231
G100001001503,S1,lifetime,low,20,-3789608.76,-2213156.328
G100001001503,S1,lifetime,high,30,-4269333.315,-2692880.883
G100001001503,S1,capacity_factor,central,0.3266,-4080720.663,-2504268.231
G100001001503,S1,capacity_factor,low,0.2705,-3379776.302,-2074110.708
G100001001503,S1,capacity_factor,high,0.3267,-4081970.119,-2505035.001
G100001001503,S2,lifetime,central,25,-3886944.854,-2310492.422
G100001001503,S2,lifetime,low,20,-3645925.159,-2069472.727
G100001001503,S2,lifetime,high,30,-4035042.754,-2458590.322
G100001001503,S2,capacity_factor,central,0.3266,-3886944.854,-2310492.422
G100001001503,S2,capacity_factor,low,0.2705,-3219285.314,-1913619.72
G100001001503,S2,capacity_factor,high,0.3267,-3888134.979,-2311199.861
G100000915732,S1,lifetime,central,25,-243430.903,-135709.272
G100000915732,S1,lifetime,low,20,-225884.281,-118162.65
G100000915732,S1,lifetime,high,30,-254799.439,-147077.808
G100000915732,S1,capacity_factor,central,0.3266,-243430.903,-135709.272
G100000915732,S1,capacity_factor,low,0.2705,-201616.837,-112398.523
G100000915732,S1,capacity_factor,high,0.3267,-243505.436,-135750.823
G100000915732,S2,lifetime,central,25,-233235.014,-125513.383
G100000915732,S2,lifetime,low,20,-218552.883,-110831.252
G100000915732,S2,lifetime,high,30,-242256.647,-134535.016
G100000915732,S2,capacity_factor,central,0.3266,-233235.014,-125513.383
G100000915732,S2,capacity_factor,low,0.2705,-193172.292,-103953.978
G100000915732,S2,capacity_factor,high,0.3267,-233306.426,-125551.813
G100000200272,S1,lifetime,central,30,-1909540.543,-555490.085
G100000200272,S1,lifetime,low,25,-1820065.637,-466015.179
G100000200272,S1,lifetime,high,40,-2005071.441,-651020.983
G100000200272,S1,capacity_factor,central,0.6,-1909540.543,-555490.085
G100000200272,S1,capacity_factor,low,0.4,-1273027.028,-370326.723
G100000200272,S1,capacity_factor,high,0.8,-2546054.058,-740653.448
G100000200272,S1,efficiency,central,0.268,-1909540.543,-555490.085
G100000200272,S1,efficiency,low,0.249,10601512.568,6534106.676
G100000200272,S1,efficiency,high,0.287,8944996.823,5595414.421
G100000200272,S2,lifetime,central,30,-1870501.638,-516451.18
G100000200272,S2,lifetime,low,25,-1794029.665,-439979.207
G100000200272,S2,lifetime,high,40,-1946364.081,-592313.623
G100000200272,S2,capacity_factor,central,0.6,-1870501.638,-516451.18
G100000200272,S2,capacity_factor,low,0.4,-1247001.091,-344300.786
G100000200272,S2,capacity_factor,high,0.8,-2494002.185,-688601.575
G100000200272,S2,efficiency,central,0.268,-1870501.638,-516451.18
G100000200272,S2,efficiency,low,0.249,10640551.471,6573145.579
G100000200272,S2,efficiency,high,0.287,8984035.729,5634453.327
G100000919565,S1,lifetime,central,25,-2289130.573,-725856.268
G100000919565,S1,lifetime,low,20,-2122768.838,-559494.533
G100000919565,S1,lifetime,high,30,-2396916.964,-833642.659
G100000919565,S1,capacity_factor,central,0.3266,-2289130.573,-725856.268
G100000919565,S1,capacity_factor,low,0.2705,-1895927.191,-601176.12
G100000919565,S1,capacity_factor,high,0.3267,-2289831.473,-726078.515
G100000919565,S2,lifetime,central,25,-2244094.861,-680820.556
G100000919565,S2,lifetime,low,20,-2097316.111,-534041.806
G100000919565,S2,lifetime,high,30,-2334285.089,-771010.784
G100000919565,S2,capacity_factor,central,0.3266,-2244094.861,-680820.556
G100000919565,S2,capacity_factor,low,0.2705,-1858627.252,-563876.181
G100000919565,S2,capacity_factor,high,0.3267,-2244781.971,-681029.013
G100000400522,S1,lifetime,central,30,3781769.749,4764715.667
G100000400522,S1,lifetime,low,25,1829519.194,2812465.112
G100000400522,S1,lifetime,high,40,8214990.735,9197936.653
G100000400522,S1,capacity_factor,central,0.3601,3781769.749,4764715.667
G100000400522,S1,capacity_factor,low,0.3386,3555976.771,4480235.279
G100000400522,S1,capacity_factor,high,0.4335,4552616.457,5735918.473
G100000400522,S1,efficiency,central,0.55,3781769.749,4764715.667
G100000400522,S1,efficiency,low,0.511,4935446.438,5341554.012
G100000400522,S1,efficiency,high,0.589,2780871.971,4264266.778
G100000400522,S1,emission_factor,central,56100.0,3781769.749,4764715.667
G100000400522,S1,emission_factor,low,54300.0,3296862.06,4522261.823
G100000400522,S1,emission_factor,high,58300.0,4374667.969,5061164.777
G100000400522,S2,lifetime,central,30,3963120.685,4946066.603
G100000400522,S2,lifetime,low,25,1938839.527,2921785.445
G100000400522,S2,lifetime,high,40,8510701.671,9493647.589
G100000400522,S2,capacity_factor,central,0.3601,3963120.685,4946066.603
G100000400522,S2,capacity_factor,low,0.3386,3726500.033,4650758.541
G100000400522,S2,capacity_factor,high,0.4335,4770932.562,5954234.578
G100000400522,S2,efficiency,central,0.55,3963120.685,4946066.603
G100000400522,S2,efficiency,low,0.511,5116797.374,5522904.948
G100000400522,S2,efficiency,high,0.589,2962222.907,4445617.714
G100000400522,S2,emission_factor,central,56100.0,3963120.685,4946066.603
G100000400522,S2,emission_factor,low,54300.0,3478212.996,4703612.759
G100000400522,S2,emission_factor,high,58300.0,4556018.905,5242515.713
G100000400523,S1,lifetime,central,30,3781769.749,4764715.667
G100000400523,S1,lifetime,low,25,1829519.194,2812465.112
G100000400523,S1,lifetime,high,40,8214990.735,9197936.653
G100000400523,S1,capacity_factor,central,0.3601,3781769.749,4764715.667
G100000400523,S1,capacity_factor,low,0.3386,3555976.771,4480235.279
G100000400523,S1,capacity_factor,high,0.4335,4552616.457,5735918.473
G100000400523,S1,efficiency,central,0.55,3781769.749,4764715.667
G100000400523,S1,efficiency,low,0.511,4935446.438,5341554.012
G100000400523,S1,efficiency,high,0.589,2780871.971,4264266.778
G100000400523,S1,emission_factor,central,56100.0,3781769.749,4764715.667
G100000400523,S1,emission_factor,low,54300.0,3296862.06,4522261.823
G100000400523,S1,emission_factor,high,58300.0,4374667.969,5061164.777
G100000400523,S2,lifetime,central,30,3963120.685,4946066.603
G100000400523,S2,lifetime,low,25,1938839.527,2921785.445
G100000400523,S2,lifetime,high,40,8510701.671,9493647.589
G100000400523,S2,capacity_factor,central,0.3601,3963120.685,4946066.603
G100000400523,S2,capacity_factor,low,0.3386,3726500.033,4650758.541
G100000400523,S2,capacity_factor,high,0.4335,4770932.562,5954234.578
G100000400523,S2,efficiency,central,0.55,3963120.685,4946066.603
G100000400523,S2,efficiency,low,0.511,5116797.374,5522904.948
G100000400523,S2,efficiency,high,0.589,2962222.907,4445617.714
G100000400523,S2,emission_factor,central,56100.0,3963120.685,4946066.603
G100000400523,S2,emission_factor,low,54300.0,3478212.996,4703612.759
G100000400523,S2,emission_factor,high,58300.0,4556018.905,5242515.713
G100000409937,S1,lifetime,central,30,-2670517.049,0
G100000409937,S1,lifetime,low,25,-2902573.678,0
G100000409937,S1,lifetime,high,40,-1182182.667,1399432.668
G100000409937,S1,capacity_factor,central,0.3601,-2670517.049,0
G100000409937,S1,capacity_factor,low,0.3386,-2511072.127,0
G100000409937,S1,capacity_factor,high,0.4335,-3214854.596,0
G100000409937,S1,efficiency,central,0.55,-2670517.049,0
G100000409937,S1,efficiency,low,0.511,-2012788.73,0
G100000409937,S1,efficiency,high,0.589,-3241143.827,0
G100000409937,S1,emission_factor,central,56100.0,-2670517.049,0
G100000409937,S1,emission_factor,low,54300.0,-2946970.166,0
G100000409937,S1,emission_factor,high,58300.0,-2332496.913,0
G100000409937,S2,lifetime,central,30,-2670517.049,0
G100000409937,S2,lifetime,low,25,-2902573.678,0
G100000409937,S2,lifetime,high,40,-1128231.201,1453384.134
G100000409937,S2,capacity_factor,central,0.3601,-2670517.049,0
G100000409937,S2,capacity_factor,low,0.3386,-2511072.127,0
G100000409937,S2,capacity_factor,high,0.4335,-3214854.596,0
G100000409937,S2,efficiency,central,0.55,-2670517.049,0
G100000409937,S2,efficiency,low,0.511,-2012788.73,0
G100000409937,S2,efficiency,high,0.589,-3241143.827,0
G100000409937,S2,emission_factor,central,56100.0,-2670517.049,0
G100000409937,S2,emission_factor,low,54300.0,-2946970.166,0
G100000409937,S2,emission_factor,high,58300.0,-2332496.913,0
G100000919566,S1,lifetime,central,25,-2289130.573,-725856.268
G100000919566,S1,lifetime,low,20,-2122768.838,-559494.533
G100000919566,S1,lifetime,high,30,-2396916.964,-833642.659
G100000919566,S1,capacity_factor,central,0.3266,-2289130.573,-725856.268
G100000919566,S1,capacity_factor,low,0.2705,-1895927.191,-601176.12
G100000919566,S1,capacity_factor,high,0.3267,-2289831.473,-726078.515
G100000919566,S2,lifetime,central,25,-2244094.861,-680820.556
G100000919566,S2,lifetime,low,20,-2097316.111,-534041.806
G100000919566,S2,lifetime,high,30,-2334285.089,-771010.784
G100000919566,S2,capacity_factor,central,0.3266,-2244094.861,-680820.556
G100000919566,S2,capacity_factor,low,0.2705,-1858627.252,-563876.181
G100000919566,S2,capacity_factor,high,0.3267,-2244781.971,-681029.013
G100000925203,S1,lifetime,central,25,-322162.158,-197705.386
G100000925203,S1,lifetime,low,20,-299179.64,-174722.868
G100000925203,S1,lifetime,high,30,-337052.632,-212595.86
G100000925203,S1,capacity_factor,central,0.3266,-322162.158,-197705.386
G100000925203,S1,capacity_factor,low,0.2705,-266824.444,-163745.582
G100000925203,S1,capacity_factor,high,0.3267,-322260.797,-197765.919
G100000925203,S2,lifetime,central,25,-306864.069,-182407.297
G100000925203,S2,lifetime,low,20,-287836.198,-163379.426
G100000925203,S2,lifetime,high,30,-318556.008,-194099.236
G100000925203,S2,capacity_factor,central,0.3266,-306864.069,-182407.297
G100000925203,S2,capacity_factor,low,0.2705,-254154.104,-151075.242
G100000925203,S2,capacity_factor,high,0.3267,-306958.029,-182463.151
G100000400547,S1,capacity_factor,central,0.3601,-2426988.451,601658.78
G100000400547,S1,capacity_factor,low,0.3386,-2282083.559,565736.358
G100000400547,S1,capacity_factor,high,0.4335,-2921687.017,724296.254
G100000400547,S1,efficiency,central,0.55,-2426988.451,601658.78
G100000400547,S1,efficiency,low,0.511,-1615082.954,700671.646
G100000400547,S1,efficiency,high,0.589,-3131375.053,515757.974
G100000400547,S1,emission_factor,central,56100.0,-2426988.451,601658.78
G100000400547,S1,emission_factor,low,54300.0,-2768244.561,560042.181
G100000400547,S1,emission_factor,high,58300.0,-2009733.493,652543.531
G100000400547,S2,capacity_factor,central,0.3601,-2406529.409,622117.822
G100000400547,S2,capacity_factor,low,0.3386,-2262846.035,584973.882
G100000400547,S2,capacity_factor,high,0.4335,-2897057.761,748925.51
G100000400547,S2,efficiency,central,0.55,-2406529.409,622117.822
G100000400547,S2,efficiency,low,0.511,-1594623.913,721130.687
G100000400547,S2,efficiency,high,0.589,-3110916.01,536217.017
G100000400547,S2,emission_factor,central,56100.0,-2406529.409,622117.822
G100000400547,S2,emission_factor,low,54300.0,-2747785.517,580501.225
G100000400547,S2,emission_factor,high,58300.0,-1989274.449,673002.575
G100000917534,S1,lifetime,central,25,-418810.805,-257017.004
G100000917534,S1,lifetime,low,20,-388933.53,-227139.729
G100000917534,S1,lifetime,high,30,-438168.419,-276374.618
G100000917534,S1,capacity_factor,central,0.3266,-418810.805,-257017.004
G100000917534,S1,capacity_factor,low,0.2705,-346871.777,-212869.256
G100000917534,S1,capacity_factor,high,0.3267,-418939.039,-257095.697
G100000917534,S2,lifetime,central,25,-398923.288,-237129.487
G100000917534,S2,lifetime,low,20,-374187.056,-212393.255
G100000917534,S2,lifetime,high,30,-414122.81,-252329.009
G100000917534,S2,capacity_factor,central,0.3266,-398923.288,-237129.487
G100000917534,S2,capacity_factor,low,0.2705,-330400.332,-196397.811
G100000917534,S2,capacity_factor,high,0.3267,-399045.434,-237202.092
G100000925208,S1,lifetime,central,25,-672332.961,-374816.08
G100000925208,S1,lifetime,low,20,-623870.863,-326353.982
G100000925208,S1,lifetime,high,30,-703731.775,-406214.894
G100000925208,S1,capacity_factor,central,0.3266,-672332.961,-374816.08
G100000925208,S1,capacity_factor,low,0.2705,-556846.498,-310434.015
G100000925208,S1,capacity_factor,high,0.3267,-672538.822,-374930.845
G100000925208,S2,lifetime,central,25,-644172.892,-346656.011
G100000925208,S2,lifetime,low,20,-603622.247,-306105.366
G100000925208,S2,lifetime,high,30,-669089.784,-371572.903
G100000925208,S2,capacity_factor,central,0.3266,-644172.892,-346656.011
G100000925208,S2,capacity_factor,low,0.2705,-533523.478,-287110.995
G100000925208,S2,capacity_factor,high,0.3267,-644370.13,-346762.153
G100000925252,S1,lifetime,central,25,-923531.517,-566755.44
G100000925252,S1,lifetime,low,20,-857648.297,-500872.22
G100000925252,S1,lifetime,high,30,-966217.538,-609441.461
G100000925252,S1,capacity_factor,central,0.3266,-923531.517,-566755.44
G100000925252,S1,capacity_factor,low,0.2705,-764896.739,-469404.0
G100000925252,S1,capacity_factor,high,0.3267,-923814.292,-566928.976
G100000925252,S2,lifetime,central,25,-879676.994,-522900.917
G100000925252,S2,lifetime,low,20,-825130.432,-468354.355
G100000925252,S2,lifetime,high,30,-913193.887,-556417.81
G100000925252,S2,capacity_factor,central,0.3266,-879676.994,-522900.917
G100000925252,S2,capacity_factor,low,0.2705,-728575.096,-433082.357
G100000925252,S2,capacity_factor,high,0.3267,-879946.339,-523061.023
G100001001606,S1,lifetime,central,25,-110069.312,-110069.312
G100001001606,S1,lifetime,low,20,-91640.877,-91640.877
G100001001606,S1,lifetime,high,30,-126991.653,-126991.653
G100001001606,S1,capacity_factor,central,0.3004,-110069.312,-110069.312
G100001001606,S1,capacity_factor,low,0.2658,-97391.556,-97391.556
G100001001606,S1,capacity_factor,high,0.3339,-122344.02,-122344.02
G100001001606,S2,lifetime,central,25,-33777.261,-33777.261
G100001001606,S2,lifetime,low,20,-32526.494,-32526.494
G100001001606,S2,lifetime,high,30,-34430.769,-34430.769
G100001001606,S2,capacity_factor,central,0.3004,-33777.261,-33777.261
G100001001606,S2,capacity_factor,low,0.2658,-29886.806,-29886.806
G100001001606,S2,capacity_factor,high,0.3339,-37544.034,-37544.034
G100000912690,S1,lifetime,central,25,-26564.414,-10298.718
G100000912690,S1,lifetime,low,20,-22121.799,-5856.103
G100000912690,S1,lifetime,high,30,-30643.953,-14378.257
G100000912690,S1,capacity_factor,central,0.3004,-26564.414,-10298.718
G100000912690,S1,capacity_factor,low,0.2658,-23504.728,-9112.515
G100000912690,S1,capacity_factor,high,0.3339,-29526.819,-11447.21
G100000912690,S2,lifetime,central,25,-21944.746,-5679.05
G100000912690,S2,lifetime,low,20,-20307.924,-4042.228
G100000912690,S2,lifetime,high,30,-22799.975,-6534.279
G100000912690,S2,capacity_factor,central,0.3004,-21944.746,-5679.05
G100000912690,S2,capacity_factor,low,0.2658,-19417.151,-5024.938
G100000912690,S2,capacity_factor,high,0.3339,-24391.975,-6312.366
G100000918907,S1,lifetime,central,25,-116224.947,-40458.156
G100000918907,S1,lifetime,low,20,-96857.721,-21090.93
G100000918907,S1,lifetime,high,30,-134009.372,-58242.581
G100000918907,S1,capacity_factor,central,0.3004,-116224.947,-40458.156
G100000918907,S1,capacity_factor,low,0.2658,-102838.186,-35798.197
G100000918907,S1,capacity_factor,high,0.3339,-129186.121,-44969.971
G100000918907,S2,lifetime,central,25,-99041.439,-23274.648
G100000918907,S2,lifetime,low,20,-91053.992,-15287.201
G100000918907,S2,lifetime,high,30,-103214.842,-27448.051
G100000918907,S2,capacity_factor,central,0.3004,-99041.439,-23274.648
G100000918907,S2,capacity_factor,low,0.2658,-87633.869,-20593.88
G100000918907,S2,capacity_factor,high,0.3339,-110086.34,-25870.19
G100000604925,S1,lifetime,central,60,-1104836.419,-1104836.419
G100000604925,S1,lifetime,low,40,-724968.541,-724968.541
G100000604925,S1,lifetime,high,80,-1397645.286,-1397645.286
G100000604925,S1,capacity_factor,central,0.3817,-1104836.419,-1104836.419
G100000604925,S1,capacity_factor,low,0.3817,-1104836.419,-1104836.419
G100000604925,S1,capacity_factor,high,0.5522,-1598351.243,-1598351.243
G100000804621,S1,lifetime,central,25,-1892220.832,-1415150.694
G100000804621,S1,lifetime,low,20,-1534258.641,-1057188.503
G100000804621,S1,lifetime,high,30,-2240317.603,-1763247.465
G100000804621,S1,capacity_factor,central,0.1572,-1892220.832,-1415150.694
G100000804621,S1,capacity_factor,low,0.1572,-1892220.832,-1415150.694
G100000804621,S1,capacity_factor,high,0.4281,-5153051.771,-3853855.039
G100000804621,S2,lifetime,central,25,-1865012.891,-1387942.753
G100000804621,S2,lifetime,low,20,-1518892.628,-1041822.49
G100000804621,S2,lifetime,high,30,-2198277.66,-1721207.522
G100000804621,S2,capacity_factor,central,0.1572,-1865012.891,-1387942.753
G100000804621,S2,capacity_factor,low,0.1572,-1865012.891,-1387942.753
G100000804621,S2,capacity_factor,high,0.4281,-5078956.866,-3779760.134
G100000834618,S1,lifetime,central,25,-8673797.627,-8673797.627
G100000834618,S1,lifetime,low,20,-7034620.696,-7034620.696
G100000834618,S1,lifetime,high,30,-10267798.884,-10267798.884
G100000834618,S1,capacity_factor,central,0.1572,-8673797.627,-8673797.627
G100000834618,S1,capacity_factor,low,0.1572,-8673797.627,-8673797.627
G100000834618,S1,capacity_factor,high,0.4281,-23621200.789,-23621200.789
G100000834618,S2,lifetime,central,25,-8442327.799,-8442327.799
G100000834618,S2,lifetime,low,20,-6879197.88,-6879197.88
G100000834618,S2,lifetime,high,30,-9947400.5,-9947400.5
G100000834618,S2,capacity_factor,central,0.1572,-8442327.799,-8442327.799
G100000834618,S2,capacity_factor,low,0.1572,-8442327.799,-8442327.799
G100000834618,S2,capacity_factor,high,0.4281,-22990843.067,-22990843.067
G100000404688,S1,lifetime,central,30,-25319199.55,-18139257.892
G100000404688,S1,lifetime,low,25,-22077363.999,-14897422.341
G100000404688,S1,lifetime,high,40,-30703704.096,-23523762.438
G100000404688,S1,capacity_factor,central,0.4111,-25319199.55,-18139257.892
G100000404688,S1,capacity_factor,low,0.3318,-20435199.251,-14640247.554
G100000404688,S1,capacity_factor,high,0.4111,-25319199.55,-18139257.892
G100000404688,S1,efficiency,central,0.55,-25319199.55,-18139257.892
G100000404688,S1,efficiency,low,0.511,-20659500.839,-14566822.212
G100000404688,S1,efficiency,high,0.589,-29361824.409,-21238603.617
G100000404688,S1,emission_factor,central,56100.0,-25319199.55,-18139257.892
G100000404688,S1,emission_factor,low,54300.0,-27277741.074,-19640806.392
G100000404688,S1,emission_factor,high,58300.0,-22924484.386,-16303309.599
G100000404688,S2,lifetime,central,30,-23830276.69,-16650335.032
G100000404688,S2,lifetime,low,25,-21134679.914,-13954738.256
G100000404688,S2,lifetime,high,40,-27805046.79,-20625105.132
G100000404688,S2,capacity_factor,central,0.4111,-23830276.69,-16650335.032
G100000404688,S2,capacity_factor,low,0.3318,-19233485.297,-13438533.6
G100000404688,S2,capacity_factor,high,0.4111,-23830276.69,-16650335.032
G100000404688,S2,efficiency,central,0.55,-23830276.69,-16650335.032
G100000404688,S2,efficiency,low,0.511,-19170577.979,-13077899.352
G100000404688,S2,efficiency,high,0.589,-27872901.55,-19749680.758
G100000404688,S2,emission_factor,central,56100.0,-23830276.69,-16650335.032
G100000404688,S2,emission_factor,low,54300.0,-25788818.217,-18151883.535
G100000404688,S2,emission_factor,high,58300.0,-21435561.525,-14814386.738
G100000411532,S1,lifetime,central,30,-420971.736,-278743.022
G100000411532,S1,lifetime,low,25,-425399.408,-283170.694
G100000411532,S1,lifetime,high,40,-327576.038,-185347.324
G100000411532,S1,capacity_factor,central,0.4111,-420971.736,-278743.022
G100000411532,S1,capacity_factor,low,0.3318,-339767.505,-224974.297
G100000411532,S1,capacity_factor,high,0.4111,-420971.736,-278743.022
G100000411532,S1,efficiency,central,0.42,-420971.736,-278743.022
G100000411532,S1,efficiency,low,0.391,40246.043,105605.128
G100000411532,S1,efficiency,high,0.449,-822607.814,-613439.753
G100000411532,S1,emission_factor,central,56100.0,-420971.736,-278743.022
G100000411532,S1,emission_factor,low,54300.0,-620512.829,-445027.266
G100000411532,S1,emission_factor,high,58300.0,-177130.13,-75541.683
G100000411532,S2,lifetime,central,30,-285780.937,-143552.223
G100000411532,S2,lifetime,low,25,-336134.933,-193906.219
G100000411532,S2,lifetime,high,40,-76562.063,65666.651
G100000411532,S2,capacity_factor,central,0.4111,-285780.937,-143552.223
G100000411532,S2,capacity_factor,low,0.3318,-230654.622,-115861.414
G100000411532,S2,capacity_factor,high,0.4111,-285780.937,-143552.223
G100000411532,S2,efficiency,central,0.42,-285780.937,-143552.223
G100000411532,S2,efficiency,low,0.391,175436.842,240795.927
G100000411532,S2,efficiency,high,0.449,-687417.018,-478248.957
G100000411532,S2,emission_factor,central,56100.0,-285780.937,-143552.223
G100000411532,S2,emission_factor,low,54300.0,-485322.031,-309836.468
G100000411532,S2,emission_factor,high,58300.0,-41939.333,59649.114
G100000410072,S1,lifetime,central,30,240857.477,285688.544
G100000410072,S1,lifetime,low,25,52271.551,97102.618
G100000410072,S1,lifetime,high,40,834284.168,879115.235
G100000410072,S1,capacity_factor,central,0.4111,240857.477,285688.544
G100000410072,S1,capacity_factor,low,0.3318,194396.768,230580.051
G100000410072,S1,capacity_factor,high,0.4111,240857.477,285688.544
G100000410072,S1,efficiency,central,0.36,240857.477,285688.544
G100000410072,S1,efficiency,low,0.335,1507310.054,665624.318
G100000410072,S1,efficiency,high,0.385,-861120.738,-44904.921
G100000410072,S1,emission_factor,central,56100.0,240857.477,285688.544
G100000410072,S1,emission_factor,low,54300.0,-303649.404,122336.479
G100000410072,S1,emission_factor,high,58300.0,906365.89,485341.068
G100000410072,S2,lifetime,central,30,287793.467,332624.534
G100000410072,S2,lifetime,low,25,62932.089,107763.156
G100000410072,S2,lifetime,high,40,1024024.349,1068855.416
G100000410072,S2,capacity_factor,central,0.4111,287793.467,332624.534
G100000410072,S2,capacity_factor,low,0.3318,232278.94,268462.223
G100000410072,S2,capacity_factor,high,0.4111,287793.467,332624.534
G100000410072,S2,efficiency,central,0.36,287793.467,332624.534
G100000410072,S2,efficiency,low,0.335,1554246.043,712560.307
G100000410072,S2,efficiency,high,0.385,-814184.749,2031.068
G100000410072,S2,emission_factor,central,56100.0,287793.467,332624.534
G100000410072,S2,emission_factor,low,54300.0,-256713.415,169272.468
G100000410072,S2,emission_factor,high,58300.0,953301.878,532277.056
G100000404706,S1,lifetime,central,30,-14321223.655,-10260054.576
G100000404706,S1,lifetime,low,25,-12487553.84,-8426384.761
G100000404706,S1,lifetime,high,40,-17366844.972,-13305675.893
G100000404706,S1,capacity_factor,central,0.4111,-14321223.655,-10260054.576
G100000404706,S1,capacity_factor,low,0.3318,-11558701.07,-8280919.749
G100000404706,S1,capacity_factor,high,0.4111,-14321223.655,-10260054.576
G100000404706,S1,efficiency,central,0.55,-14321223.655,-10260054.576
G100000404706,S1,efficiency,low,0.511,-11685572.114,-8239388.393
G100000404706,S1,efficiency,high,0.589,-16607841.554,-12013128.297
G100000404706,S1,emission_factor,central,56100.0,-14321223.655,-10260054.576
G100000404706,S1,emission_factor,low,54300.0,-15429027.682,-11109370.997
G100000404706,S1,emission_factor,high,58300.0,-12966708.029,-9221592.596
G100000404706,S2,lifetime,central,30,-13479048.64,-9417879.561
G100000404706,S2,lifetime,low,25,-11954346.24,-7893177.161
G100000404706,S2,lifetime,high,40,-15727286.049,-11666116.97
G100000404706,S2,capacity_factor,central,0.4111,-13479048.64,-9417879.561
G100000404706,S2,capacity_factor,low,0.3318,-10878979.177,-7601197.856
G100000404706,S2,capacity_factor,high,0.4111,-13479048.64,-9417879.561
G100000404706,S2,efficiency,central,0.55,-13479048.64,-9417879.561
G100000404706,S2,efficiency,low,0.511,-10843397.097,-7397213.376
G100000404706,S2,efficiency,high,0.589,-15765666.537,-11170953.28
G100000404706,S2,emission_factor,central,56100.0,-13479048.64,-9417879.561
G100000404706,S2,emission_factor,low,54300.0,-14586852.667,-10267195.982
G100000404706,S2,emission_factor,high,58300.0,-12124533.014,-8379417.581
G100000411167,S1,lifetime,central,30,-14321223.655,-10260054.576
G100000411167,S1,lifetime,low,25,-12487553.84,-8426384.761
G100000411167,S1,lifetime,high,40,-17366844.972,-13305675.893
G100000411167,S1,capacity_factor,central,0.4111,-14321223.655,-10260054.576
G100000411167,S1,capacity_factor,low,0.3318,-11558701.07,-8280919.749
G100000411167,S1,capacity_factor,high,0.4111,-14321223.655,-10260054.576
G100000411167,S1,efficiency,central,0.55,-14321223.655,-10260054.576
G100000411167,S1,efficiency,low,0.511,-11685572.114,-8239388.393
G100000411167,S1,efficiency,high,0.589,-16607841.554,-12013128.297
G100000411167,S1,emission_factor,central,56100.0,-14321223.655,-10260054.576
G100000411167,S1,emission_factor,low,54300.0,-15429027.682,-11109370.997
G100000411167,S1,emission_factor,high,58300.0,-12966708.029,-9221592.596
G100000411167,S2,lifetime,central,30,-13479048.64,-9417879.561
G100000411167,S2,lifetime,low,25,-11954346.24,-7893177.161
G100000411167,S2,lifetime,high,40,-15727286.049,-11666116.97
G100000411167,S2,capacity_factor,central,0.4111,-13479048.64,-9417879.561
G100000411167,S2,capacity_factor,low,0.3318,-10878979.177,-7601197.856
G100000411167,S2,capacity_factor,high,0.4111,-13479048.64,-9417879.561
G100000411167,S2,efficiency,central,0.55,-13479048.64,-9417879.561
G100000411167,S2,efficiency,low,0.511,-10843397.097,-7397213.376
G100000411167,S2,efficiency,high,0.589,-15765666.537,-11170953.28
G100000411167,S2,emission_factor,central,56100.0,-13479048.64,-9417879.561
G100000411167,S2,emission_factor,low,54300.0,-14586852.667,-10267195.982
G100000411167,S2,emission_factor,high,58300.0,-12124533.014,-8379417.581
G100000404707,S1,capacity_factor,central,0.4111,-14354493.277,-7743949.235
G100000404707,S1,capacity_factor,low,0.3318,-11585553.075,-6250163.844
G100000404707,S1,capacity_factor,high,0.4111,-14354493.277,-7743949.235
G100000404707,S1,efficiency,central,0.55,-14354493.277,-7743949.235
G100000404707,S1,efficiency,low,0.511,-11932297.713,-6290631.897
G100000404707,S1,efficiency,high,0.589,-16455922.705,-9004806.893
G100000404707,S1,emission_factor,central,56100.0,-14354493.277,-7743949.235
G100000404707,S1,emission_factor,low,54300.0,-15372578.539,-8354800.392
G100000404707,S1,emission_factor,high,58300.0,-13109677.076,-6997059.516
G100000404707,S2,capacity_factor,central,0.4111,-13864469.061,-7253925.019
G100000404707,S2,capacity_factor,low,0.3318,-11190053.109,-5854663.878
G100000404707,S2,capacity_factor,high,0.4111,-13864469.061,-7253925.019
G100000404707,S2,efficiency,central,0.55,-13864469.061,-7253925.019
G100000404707,S2,efficiency,low,0.511,-11442273.497,-5800607.681
G100000404707,S2,efficiency,high,0.589,-15965898.488,-8514782.676
G100000404707,S2,emission_factor,central,56100.0,-13864469.061,-7253925.019
G100000404707,S2,emission_factor,low,54300.0,-14882554.325,-7864776.178
G100000404707,S2,emission_factor,high,58300.0,-12619652.859,-6507035.299
G100000411165,S1,capacity_factor,central,0.4111,-7177246.638,-3871974.618
G100000411165,S1,capacity_factor,low,0.3318,-5792776.539,-3125081.922
G100000411165,S1,capacity_factor,high,0.4111,-7177246.638,-3871974.618
G100000411165,S1,efficiency,central,0.55,-7177246.638,-3871974.618
G100000411165,S1,efficiency,low,0.511,-5966148.856,-3145315.949
G100000411165,S1,efficiency,high,0.589,-8227961.352,-4502403.446
G100000411165,S1,emission_factor,central,56100.0,-7177246.638,-3871974.618
G100000411165,S1,emission_factor,low,54300.0,-7686289.269,-4177400.196
G100000411165,S1,emission_factor,high,58300.0,-6554838.54,-3498529.758
G100000411165,S2,capacity_factor,central,0.4111,-6932234.531,-3626962.511
G100000411165,S2,capacity_factor,low,0.3318,-5595026.558,-2927331.941
G100000411165,S2,capacity_factor,high,0.4111,-6932234.531,-3626962.511
G100000411165,S2,efficiency,central,0.55,-6932234.531,-3626962.511
G100000411165,S2,efficiency,low,0.511,-5721136.749,-2900303.842
G100000411165,S2,efficiency,high,0.589,-7982949.243,-4257391.337
G100000411165,S2,emission_factor,central,56100.0,-6932234.531,-3626962.511
G100000411165,S2,emission_factor,low,54300.0,-7441277.161,-3932388.088
G100000411165,S2,emission_factor,high,58300.0,-6309826.431,-3253517.649
G100000411166,S1,capacity_factor,central,0.4111,-14354493.277,-7743949.235
G100000411166,S1,capacity_factor,low,0.3318,-11585553.075,-6250163.844
G100000411166,S1,capacity_factor,high,0.4111,-14354493.277,-7743949.235
G100000411166,S1,efficiency,central,0.55,-14354493.277,-7743949.235
G100000411166,S1,efficiency,low,0.511,-11932297.713,-6290631.897
G100000411166,S1,efficiency,high,0.589,-16455922.705,-9004806.893
G100000411166,S1,emission_factor,central,56100.0,-14354493.277,-7743949.235
G100000411166,S1,emission_factor,low,54300.0,-15372578.539,-8354800.392
G100000411166,S1,emission_factor,high,58300.0,-13109677.076,-6997059.516
G100000411166,S2,capacity_factor,central,0.4111,-13864469.061,-7253925.019
G100000411166,S2,capacity_factor,low,0.3318,-11190053.109,-5854663.878
G100000411166,S2,capacity_factor,high,0.4111,-13864469.061,-7253925.019
G100000411166,S2,efficiency,central,0.55,-13864469.061,-7253925.019
G100000411166,S2,efficiency,low,0.511,-11442273.497,-5800607.681
G100000411166,S2,efficiency,high,0.589,-15965898.488,-8514782.676
G100000411166,S2,emission_factor,central,56100.0,-13864469.061,-7253925.019
G100000411166,S2,emission_factor,low,54300.0,-14882554.325,-7864776.178
G100000411166,S2,emission_factor,high,58300.0,-12619652.859,-6507035.299
G100000604224,S1,lifetime,central,60,-11450033.853,-7342339.132
G100000604224,S1,lifetime,low,40,-6809855.865,-2702161.144
G100000604224,S1,lifetime,high,80,-17205184.084,-13097489.363
G100000604224,S1,capacity_factor,central,0.4602,-11450033.853,-7342339.132
G100000604224,S1,capacity_factor,low,0.344,-8558912.748,-5488406.48
G100000604224,S1,capacity_factor,high,0.4602,-11450033.853,-7342339.132
G100000404387,S1,lifetime,central,30,-16689470.384,-4639753.97
G100000404387,S1,lifetime,low,25,-12771217.434,-721501.02
G100000404387,S1,lifetime,high,40,-26172313.246,-14122596.832
G100000404387,S1,capacity_factor,central,0.5789,-16689470.384,-4639753.97
G100000404387,S1,capacity_factor,low,0.5732,-16525141.519,-4594069.746
G100000404387,S1,capacity_factor,high,0.6423,-18517268.661,-5147890.783
G100000404387,S1,efficiency,central,0.55,-16689470.384,-4639753.97
G100000404387,S1,efficiency,low,0.511,-14022595.732,-4106379.04
G100000404387,S1,efficiency,high,0.589,-19003176.578,-5102495.208
G100000404387,S1,emission_factor,central,56100.0,-16689470.384,-4639753.97
G100000404387,S1,emission_factor,low,54300.0,-17810397.955,-4863939.484
G100000404387,S1,emission_factor,high,58300.0,-15318908.558,-4365641.604
G100000404388,S1,lifetime,central,30,-16689470.384,-4639753.97
G100000404388,S1,lifetime,low,25,-12771217.434,-721501.02
G100000404388,S1,lifetime,high,40,-26172313.246,-14122596.832
G100000404388,S1,capacity_factor,central,0.5789,-16689470.384,-4639753.97
G100000404388,S1,capacity_factor,low,0.5732,-16525141.519,-4594069.746
G100000404388,S1,capacity_factor,high,0.6423,-18517268.661,-5147890.783
G100000404388,S1,efficiency,central,0.55,-16689470.384,-4639753.97
G100000404388,S1,efficiency,low,0.511,-14022595.732,-4106379.04
G100000404388,S1,efficiency,high,0.589,-19003176.578,-5102495.208
G100000404388,S1,emission_factor,central,56100.0,-16689470.384,-4639753.97
G100000404388,S1,emission_factor,low,54300.0,-17810397.955,-4863939.484
G100000404388,S1,emission_factor,high,58300.0,-15318908.558,-4365641.604
G100000105513,S1,lifetime,central,40,7608219.362,5225208.793
G100000105513,S1,lifetime,low,30,6324704.015,3941693.446
G100000105513,S1,lifetime,high,50,8363447.141,5980436.572
G100000105513,S1,capacity_factor,central,0.6523,7608219.362,5225208.793
G100000105513,S1,capacity_factor,low,0.6278,7322459.162,5028953.054
G100000105513,S1,capacity_factor,high,0.7253,8459668.098,5809970.773
G100000105513,S1,efficiency,central,0.35,7608219.362,5225208.793
G100000105513,S1,efficiency,low,0.325,9433022.762,6593811.343
G100000105513,S1,efficiency,high,0.374,6085929.761,4083491.592
G100000105513,S1,emission_factor,central,96100.0,7608219.362,5225208.793
G100000105513,S1,emission_factor,low,92800.0,6793582.033,4614230.795
G100000105513,S1,emission_factor,high,100000.0,8570908.161,5947225.392
G100000105514,S1,lifetime,central,40,7129515.799,5509855.433
G100000105514,S1,lifetime,low,30,5998558.235,4378897.869
G100000105514,S1,lifetime,high,50,7714842.792,6095182.426
G100000105514,S1,capacity_factor,central,0.6523,7129515.799,5509855.433
G100000105514,S1,capacity_factor,low,0.6278,6861735.421,5302908.536
G100000105514,S1,capacity_factor,high,0.7253,7927392.007,6126472.701
G100000105514,S1,efficiency,central,0.35,7129515.799,5509855.433
G100000105514,S1,efficiency,low,0.325,8954319.199,7015318.238
G100000105514,S1,efficiency,high,0.374,5607226.198,4253966.512
G100000105514,S1,emission_factor,central,96100.0,7129515.799,5509855.433
G100000105514,S1,emission_factor,low,92800.0,6314878.47,4837779.636
G100000105514,S1,emission_factor,high,100000.0,8092204.598,6304073.692
G100000107172,S1,lifetime,central,40,8647785.837,4517613.851
G100000107172,S1,lifetime,low,30,7088502.414,2958330.428
G100000107172,S1,lifetime,high,50,9685890.449,5555718.463
G100000107172,S1,capacity_factor,central,0.6523,8647785.837,4517613.851
G100000107172,S1,capacity_factor,low,0.6278,8322980.146,4347934.963
G100000107172,S1,capacity_factor,high,0.7253,9615574.223,5023187.682
G100000107172,S1,efficiency,central,0.35,8647785.837,4517613.851
G100000107172,S1,efficiency,low,0.325,10538184.963,5651853.325
G100000107172,S1,efficiency,high,0.374,7070748.532,3571391.469
G100000107172,S1,emission_factor,central,94600.0,8647785.837,4517613.851
G100000107172,S1,emission_factor,low,89500.0,7322857.097,3722656.607
G100000107172,S1,emission_factor,high,99700.0,9972624.658,5312517.143
G100000107173,S1,lifetime,central,40,8480236.642,4645805.411
G100000107173,S1,lifetime,low,30,6970582.371,3136151.14
G100000107173,S1,lifetime,high,50,9463070.233,5628639.002
G100000107173,S1,capacity_factor,central,0.6523,8480236.642,4645805.411
G100000107173,S1,capacity_factor,low,0.6278,8161723.999,4471311.724
G100000107173,S1,capacity_factor,high,0.7253,9429274.313,5165725.377
G100000107173,S1,efficiency,central,0.35,8480236.642,4645805.411
G100000107173,S1,efficiency,low,0.325,10370635.768,5827304.863
G100000107173,S1,efficiency,high,0.374,6903199.336,3660157.096
G100000107173,S1,emission_factor,central,94600.0,8480236.642,4645805.411
G100000107173,S1,emission_factor,low,89500.0,7155307.901,3817724.948
G100000107173,S1,emission_factor,high,99700.0,9805075.462,5473829.673
G100000107724,S1,lifetime,central,40,27677512.476,20496544.742
G100000107724,S1,lifetime,low,30,23318341.055,16137373.321
G100000107724,S1,lifetime,high,50,29877535.374,22696567.64
G100000107724,S1,capacity_factor,central,0.6523,27677512.476,20496544.742
G100000107724,S1,capacity_factor,low,0.6278,26637961.57,19726706.714
G100000107724,S1,capacity_factor,high,0.7253,30774949.868,22790347.847
G100000107724,S1,efficiency,central,0.35,27677512.476,20496544.742
G100000107724,S1,efficiency,low,0.325,34862739.923,26244726.699
G100000107724,S1,efficiency,high,0.374,21683343.526,15701209.582
G100000107724,S1,emission_factor,central,94600.0,27677512.476,20496544.742
G100000107724,S1,emission_factor,low,89500.0,22641584.244,16467802.156
G100000107724,S1,emission_factor,high,99700.0,32713098.956,24525013.926
G100001054434,S1,lifetime,central,30,-624515.407,-351343.335
G100001054434,S1,lifetime,low,25,-508152.165,-234980.093
G100001054434,S1,lifetime,high,40,-876906.433,-603734.361
G100001054434,S1,capacity_factor,central,0.2044,-624515.407,-351343.335
G100001054434,S1,capacity_factor,low,0.1884,-575629.663,-323840.922
G100001054434,S1,capacity_factor,high,0.2854,-871999.496,-490574.305
G100001054434,S1,efficiency,central,0.268,-624515.407,-351343.335
G100001054434,S1,efficiency,low,0.249,1028135.132,530070.284
G100001054434,S1,efficiency,high,0.287,809317.292,413367.436
G100000603038,S1,lifetime,central,60,-7456742.273,-7456742.273
G100000603038,S1,lifetime,low,40,-6092944.616,-6092944.616
G100000603038,S1,lifetime,high,80,-7995333.179,-7995333.179
G100000603038,S1,capacity_factor,central,0.4087,-7456742.273,-7456742.273
G100000603038,S1,capacity_factor,low,0.372,-6787149.804,-6787149.804
G100000603038,S1,capacity_factor,high,0.4107,-7493232.32,-7493232.32
G100000901029,S1,lifetime,central,25,-1041692.91,-513299.463
G100000901029,S1,lifetime,low,20,-892051.289,-363657.842
G100000901029,S1,lifetime,high,30,-1173288.895,-644895.448
G100000901029,S1,capacity_factor,central,0.2752,-1041692.91,-513299.463
G100000901029,S1,capacity_factor,low,0.24,-908453.115,-447644.879
G100000901029,S1,capacity_factor,high,0.3186,-1205971.51,-594248.575
G100000900916,S1,lifetime,central,25,-982692.033,-567975.186
G100000900916,S1,lifetime,low,20,-840548.056,-425831.209
G100000900916,S1,lifetime,high,30,-1107694.551,-692977.704
G100000900916,S1,capacity_factor,central,0.2752,-982692.033,-567975.186
G100000900916,S1,capacity_factor,low,0.24,-856998.863,-495327.196
G100000900916,S1,capacity_factor,high,0.3186,-1137665.989,-657546.85
G100000603057,S1,lifetime,central,60,-7641907.302,-7641907.302
G100000603057,S1,lifetime,low,40,-6244243.947,-6244243.947
G100000603057,S1,lifetime,high,80,-8071407.843,-8071407.843
G100000603057,S1,capacity_factor,central,0.4087,-7641907.302,-7641907.302
G100000603057,S1,capacity_factor,low,0.372,-6955687.583,-6955687.583
G100000603057,S1,capacity_factor,high,0.4107,-7679303.47,-7679303.47
G100000603065,S1,lifetime,central,60,-16766035.907,-16766035.907
G100000603065,S1,lifetime,low,40,-13699618.987,-13699618.987
G100000603065,S1,lifetime,high,80,-17889756.123,-17889756.123
G100000603065,S1,capacity_factor,central,0.4087,-16766035.907,-16766035.907
G100000603065,S1,capacity_factor,low,0.372,-15260497.573,-15260497.573
G100000603065,S1,capacity_factor,high,0.4107,-16848081.601,-16848081.601
G100000900949,S1,lifetime,central,25,-1041692.91,-513299.463
G100000900949,S1,lifetime,low,20,-892051.289,-363657.842
G100000900949,S1,lifetime,high,30,-1173288.895,-644895.448
G100000900949,S1,capacity_factor,central,0.2752,-1041692.91,-513299.463
G100000900949,S1,capacity_factor,low,0.24,-908453.115,-447644.879
G100000900949,S1,capacity_factor,high,0.3186,-1205971.51,-594248.575
G100000603079,S1,lifetime,central,60,-7330101.971,-5221349.942
G100000603079,S1,lifetime,low,40,-6034874.069,-3926122.04
G100000603079,S1,lifetime,high,80,-8104754.768,-5996002.739
G100000603079,S1,capacity_factor,central,0.4087,-7330101.971,-5221349.942
G100000603079,S1,capacity_factor,low,0.372,-6671881.41,-4752488.813
G100000603079,S1,capacity_factor,high,0.4107,-7365972.303,-5246900.959
G100000918205,S1,lifetime,central,25,-1939710.193,-390273.124
G100000918205,S1,lifetime,low,20,-1670777.578,-121340.509
G100000918205,S1,lifetime,high,30,-2165795.32,-616358.251
G100000918205,S1,capacity_factor,central,0.2582,-1939710.193,-390273.124
G100000918205,S1,capacity_factor,low,0.2582,-1939710.193,-390273.124
G100000918205,S1,capacity_factor,high,0.2955,-2219923.942,-446652.624
G100000918205,S2,lifetime,central,25,-1833858.874,-284421.805
G100000918205,S2,lifetime,low,20,-1656317.392,-106880.323
G100000918205,S2,lifetime,high,30,-1931095.683,-381658.614
G100000918205,S2,capacity_factor,central,0.2582,-1833858.874,-284421.805
G100000918205,S2,capacity_factor,low,0.2582,-1833858.874,-284421.805
G100000918205,S2,capacity_factor,high,0.2955,-2098781.169,-325509.851
G100000402109,S1,lifetime,central,30,-20823942.938,-2554553.851
G100000402109,S1,lifetime,low,25,-17615048.417,0
G100000402109,S1,lifetime,high,40,-26779864.802,-8510475.715
G100000402109,S1,capacity_factor,central,0.4527,-20823942.938,-2554553.851
G100000402109,S1,capacity_factor,low,0.4251,-19554358.61,-2398809.018
G100000402109,S1,capacity_factor,high,0.4527,-20823942.938,-2554553.851
G100000402109,S1,efficiency,central,0.55,-20823942.938,-2554553.851
G100000402109,S1,efficiency,low,0.511,-18910153.616,-2299381.942
G100000402109,S1,efficiency,high,0.589,-22484293.266,-2775933.895
G100000402109,S1,emission_factor,central,56100.0,-20823942.938,-2554553.851
G100000402109,S1,emission_factor,low,54300.0,-21628337.401,-2661806.447
G100000402109,S1,emission_factor,high,58300.0,-19840407.177,-2423415.75
G100000402109,S2,lifetime,central,30,-19712936.627,-1443547.54
G100000402109,S2,lifetime,low,25,-17615048.417,0
G100000402109,S2,lifetime,high,40,-17921181.789,348207.298
G100000402109,S2,capacity_factor,central,0.4527,-19712936.627,-1443547.54
G100000402109,S2,capacity_factor,low,0.4251,-18511087.605,-1355538.013
G100000402109,S2,capacity_factor,high,0.4527,-19712936.627,-1443547.54
G100000402109,S2,efficiency,central,0.55,-19712936.627,-1443547.54
G100000402109,S2,efficiency,low,0.511,-17799147.304,-1188375.63
G100000402109,S2,efficiency,high,0.589,-21373286.955,-1664927.584
G100000402109,S2,emission_factor,central,56100.0,-19712936.627,-1443547.54
G100000402109,S2,emission_factor,low,54300.0,-20517331.09,-1550800.136
G100000402109,S2,emission_factor,high,58300.0,-18729400.865,-1312409.438
G100000400584,S1,lifetime,central,30,4895114.788,3976577.988
G100000400584,S1,lifetime,low,25,3449092.033,2530555.233
G100000400584,S1,lifetime,high,40,7904980.318,6986443.518
G100000400584,S1,capacity_factor,central,0.2294,4895114.788,3976577.988
G100000400584,S1,capacity_factor,low,0.1534,3273367.953,2659141.514
G100000400584,S1,capacity_factor,high,0.4738,10110311.191,8213176.335
G100000400584,S1,efficiency,central,0.55,4895114.788,3976577.988
G100000400584,S1,efficiency,low,0.511,5601337.101,4329689.144
G100000400584,S1,efficiency,high,0.589,4282415.975,3670228.581
G100000400584,S1,emission_factor,central,56100.0,4895114.788,3976577.988
G100000400584,S1,emission_factor,low,54300.0,4598278.917,3828160.053
G100000400584,S1,emission_factor,high,58300.0,5258056.987,4158049.088
G100000400584,S2,lifetime,central,30,4895114.788,3976577.988
G100000400584,S2,lifetime,low,25,3449092.033,2530555.233
G100000400584,S2,lifetime,high,40,7904980.318,6986443.518
G100000400584,S2,capacity_factor,central,0.2294,4895114.788,3976577.988
G100000400584,S2,capacity_factor,low,0.1534,3273367.953,2659141.514
G100000400584,S2,capacity_factor,high,0.4738,10110311.191,8213176.335
G100000400584,S2,efficiency,central,0.55,4895114.788,3976577.988
G100000400584,S2,efficiency,low,0.511,5601337.101,4329689.144
G100000400584,S2,efficiency,high,0.589,4282415.975,3670228.581
G100000400584,S2,emission_factor,central,56100.0,4895114.788,3976577.988
G100000400584,S2,emission_factor,low,54300.0,4598278.917,3828160.053
G100000400584,S2,emission_factor,high,58300.0,5258056.987,4158049.088
G100000400585,S1,lifetime,central,30,4895114.788,3976577.988
G100000400585,S1,lifetime,low,25,3449092.033,2530555.233
G100000400585,S1,lifetime,high,40,7904980.318,6986443.518
G100000400585,S1,capacity_factor,central,0.2294,4895114.788,3976577.988
G100000400585,S1,capacity_factor,low,0.1534,3273367.953,2659141.514
G100000400585,S1,capacity_factor,high,0.4738,10110311.191,8213176.335
G100000400585,S1,efficiency,central,0.55,4895114.788,3976577.988
G100000400585,S1,efficiency,low,0.511,5601337.101,4329689.144
G100000400585,S1,efficiency,high,0.589,4282415.975,3670228.581
G100000400585,S1,emission_factor,central,56100.0,4895114.788,3976577.988
G100000400585,S1,emission_factor,low,54300.0,4598278.917,3828160.053
G100000400585,S1,emission_factor,high,58300.0,5258056.987,4158049.088
G100000400585,S2,lifetime,central,30,4895114.788,3976577.988
G100000400585,S2,lifetime,low,25,3449092.033,2530555.233
G100000400585,S2,lifetime,high,40,7904980.318,6986443.518
G100000400585,S2,capacity_factor,central,0.2294,4895114.788,3976577.988
G100000400585,S2,capacity_factor,low,0.1534,3273367.953,2659141.514
G100000400585,S2,capacity_factor,high,0.4738,10110311.191,8213176.335
G100000400585,S2,efficiency,central,0.55,4895114.788,3976577.988
G100000400585,S2,efficiency,low,0.511,5601337.101,4329689.144
G100000400585,S2,efficiency,high,0.589,4282415.975,3670228.581
G100000400585,S2,emission_factor,central,56100.0,4895114.788,3976577.988
G100000400585,S2,emission_factor,low,54300.0,4598278.917,3828160.053
G100000400585,S2,emission_factor,high,58300.0,5258056.987,4158049.088
G100000107913,S1,capacity_factor,central,0.1361,6268807.442,0
G100000107913,S1,capacity_factor,low,0.1361,6268807.442,0
G100000107913,S1,capacity_factor,high,0.8458,38957805.56,0
G100000107913,S1,efficiency,central,0.35,6268807.442,0
G100000107913,S1,efficiency,low,0.325,7181695.699,0
G100000107913,S1,efficiency,high,0.374,5507244.023,0
G100000107913,S1,emission_factor,central,94600.0,6268807.442,0
G100000107913,S1,emission_factor,low,89500.0,5628989.186,0
G100000107913,S1,emission_factor,high,99700.0,6908582.283,0
G100000107913,S2,capacity_factor,central,0.1361,6268807.442,0
G100000107913,S2,capacity_factor,low,0.1361,6268807.442,0
G100000107913,S2,capacity_factor,high,0.8458,38957805.56,0
G100000107913,S2,efficiency,central,0.35,6268807.442,0
G100000107913,S2,efficiency,low,0.325,7181695.699,0
G100000107913,S2,efficiency,high,0.374,5507244.023,0
G100000107913,S2,emission_factor,central,94600.0,6268807.442,0
G100000107913,S2,emission_factor,low,89500.0,5628989.186,0
G100000107913,S2,emission_factor,high,99700.0,6908582.283,0
G100000107914,S1,capacity_factor,central,0.1361,5801992.912,0
G100000107914,S1,capacity_factor,low,0.1361,5801992.912,0
G100000107914,S1,capacity_factor,high,0.8458,36056764.198,0
G100000107914,S1,efficiency,central,0.35,5801992.912,0
G100000107914,S1,efficiency,low,0.325,6623592.343,0
G100000107914,S1,efficiency,high,0.374,5116585.835,0
G100000107914,S1,emission_factor,central,94600.0,5801992.912,0
G100000107914,S1,emission_factor,low,89500.0,5226156.482,0
G100000107914,S1,emission_factor,high,99700.0,6377790.269,0
G100000107914,S2,capacity_factor,central,0.1361,5801992.912,0
G100000107914,S2,capacity_factor,low,0.1361,5801992.912,0
G100000107914,S2,capacity_factor,high,0.8458,36056764.198,0
G100000107914,S2,efficiency,central,0.35,5801992.912,0
G100000107914,S2,efficiency,low,0.325,6623592.343,0
G100000107914,S2,efficiency,high,0.374,5116585.835,0
G100000107914,S2,emission_factor,central,94600.0,5801992.912,0
G100000107914,S2,emission_factor,low,89500.0,5226156.482,0
G100000107914,S2,emission_factor,high,99700.0,6377790.269,0
G100000114668,S1,capacity_factor,central,0.1361,272451.501,0
G100000114668,S1,capacity_factor,low,0.1361,272451.501,0
G100000114668,S1,capacity_factor,high,0.8458,1693162.956,0
G100000114668,S1,efficiency,central,0.35,272451.501,0
G100000114668,S1,efficiency,low,0.325,321531.512,0
G100000114668,S1,efficiency,high,0.374,231507.229,0
G100000114668,S1,emission_factor,central,94600.0,272451.501,0
G100000114668,S1,emission_factor,low,89500.0,238052.666,0
G100000114668,S1,emission_factor,high,99700.0,306847.997,0
G100000114668,S2,capacity_factor,central,0.1361,272451.501,0
G100000114668,S2,capacity_factor,low,0.1361,272451.501,0
G100000114668,S2,capacity_factor,high,0.8458,1693162.956,0
G100000114668,S2,efficiency,central,0.35,272451.501,0
G100000114668,S2,efficiency,low,0.325,321531.512,0
G100000114668,S2,efficiency,high,0.374,231507.229,0
G100000114668,S2,emission_factor,central,94600.0,272451.501,0
G100000114668,S2,emission_factor,low,89500.0,238052.666,0
G100000114668,S2,emission_factor,high,99700.0,306847.997,0
G100000400593,S1,lifetime,central,30,-142714.883,347883.132
G100000400593,S1,lifetime,low,25,-957866.43,0
G100000400593,S1,lifetime,high,40,1957676.072,2448274.087
G100000400593,S1,capacity_factor,central,0.2294,-142714.883,347883.132
G100000400593,S1,capacity_factor,low,0.1534,-95433.578,232629.784
G100000400593,S1,capacity_factor,high,0.4738,-294761.603,718513.635
G100000400593,S1,efficiency,central,0.55,-142714.883,347883.132
G100000400593,S1,efficiency,low,0.511,414829.05,385052.727
G100000400593,S1,efficiency,high,0.589,-626424.475,315635.826
G100000400593,S1,emission_factor,central,56100.0,-142714.883,347883.132
G100000400593,S1,emission_factor,low,54300.0,-377058.991,332260.191
G100000400593,S1,emission_factor,high,58300.0,143818.432,366985.353
G100000400593,S2,lifetime,central,30,-142714.883,347883.132
G100000400593,S2,lifetime,low,25,-957866.43,0
G100000400593,S2,lifetime,high,40,1957676.072,2448274.087
G100000400593,S2,capacity_factor,central,0.2294,-142714.883,347883.132
G100000400593,S2,capacity_factor,low,0.1534,-95433.578,232629.784
G100000400593,S2,capacity_factor,high,0.4738,-294761.603,718513.635
G100000400593,S2,efficiency,central,0.55,-142714.883,347883.132
G100000400593,S2,efficiency,low,0.511,414829.05,385052.727
G100000400593,S2,efficiency,high,0.589,-626424.475,315635.826
G100000400593,S2,emission_factor,central,56100.0,-142714.883,347883.132
G100000400593,S2,emission_factor,low,54300.0,-377058.991,332260.191
G100000400593,S2,emission_factor,high,58300.0,143818.432,366985.353
G100000400594,S1,lifetime,central,30,-142714.883,347883.132
G100000400594,S1,lifetime,low,25,-957866.43,0
G100000400594,S1,lifetime,high,40,1957676.072,2448274.087
G100000400594,S1,capacity_factor,central,0.2294,-142714.883,347883.132
G100000400594,S1,capacity_factor,low,0.1534,-95433.578,232629.784
G100000400594,S1,capacity_factor,high,0.4738,-294761.603,718513.635
G100000400594,S1,efficiency,central,0.55,-142714.883,347883.132
G100000400594,S1,efficiency,low,0.511,414829.05,385052.727
G100000400594,S1,efficiency,high,0.589,-626424.475,315635.826
G100000400594,S1,emission_factor,central,56100.0,-142714.883,347883.132
G100000400594,S1,emission_factor,low,54300.0,-377058.991,332260.191
G100000400594,S1,emission_factor,high,58300.0,143818.432,366985.353
G100000400594,S2,lifetime,central,30,-142714.883,347883.132
G100000400594,S2,lifetime,low,25,-957866.43,0
G100000400594,S2,lifetime,high,40,1957676.072,2448274.087
G100000400594,S2,capacity_factor,central,0.2294,-142714.883,347883.132
G100000400594,S2,capacity_factor,low,0.1534,-95433.578,232629.784
G100000400594,S2,capacity_factor,high,0.4738,-294761.603,718513.635
G100000400594,S2,efficiency,central,0.55,-142714.883,347883.132
G100000400594,S2,efficiency,low,0.511,414829.05,385052.727
G100000400594,S2,efficiency,high,0.589,-626424.475,315635.826
G100000400594,S2,emission_factor,central,56100.0,-142714.883,347883.132
G100000400594,S2,emission_factor,low,54300.0,-377058.991,332260.191
G100000400594,S2,emission_factor,high,58300.0,143818.432,366985.353
G100000400595,S1,lifetime,central,30,142245.506,534591.288
G100000400595,S1,lifetime,low,25,-721168.472,0
G100000400595,S1,lifetime,high,40,2284515.679,2676861.461
G100000400595,S1,capacity_factor,central,0.2294,142245.506,534591.288
G100000400595,S1,capacity_factor,low,0.1534,95119.707,357481.707
G100000400595,S1,capacity_factor,high,0.4738,293792.156,1104138.414
G100000400595,S1,efficiency,central,0.55,142245.506,534591.288
G100000400595,S1,efficiency,low,0.511,699789.439,590345.681
G100000400595,S1,efficiency,high,0.589,-341464.086,486220.329
G100000400595,S1,emission_factor,central,56100.0,142245.506,534591.288
G100000400595,S1,emission_factor,low,54300.0,-92098.603,511156.876
G100000400595,S1,emission_factor,high,58300.0,428778.82,563244.619
G100000400595,S2,lifetime,central,30,142245.506,534591.288
G100000400595,S2,lifetime,low,25,-721168.472,0
G100000400595,S2,lifetime,high,40,2284515.679,2676861.461
G100000400595,S2,capacity_factor,central,0.2294,142245.506,534591.288
G100000400595,S2,capacity_factor,low,0.1534,95119.707,357481.707
G100000400595,S2,capacity_factor,high,0.4738,293792.156,1104138.414
G100000400595,S2,efficiency,central,0.55,142245.506,534591.288
G100000400595,S2,efficiency,low,0.511,699789.439,590345.681
G100000400595,S2,efficiency,high,0.589,-341464.086,486220.329
G100000400595,S2,emission_factor,central,56100.0,142245.506,534591.288
G100000400595,S2,emission_factor,low,54300.0,-92098.603,511156.876
G100000400595,S2,emission_factor,high,58300.0,428778.82,563244.619
G100000804692,S1,lifetime,central,25,-8079411.566,-6729233.22
G100000804692,S1,lifetime,low,20,-6528647.512,-5178469.166
G100000804692,S1,lifetime,high,30,-9599140.051,-8248961.705
G100000804692,S1,capacity_factor,central,0.1461,-8079411.566,-6729233.22
G100000804692,S1,capacity_factor,low,0.0832,-4601006.45,-3832116.386
G100000804692,S1,capacity_factor,high,0.303,-16756069.162,-13955904.625
G100000804693,S1,lifetime,central,25,-6283986.775,-5233848.061
G100000804693,S1,lifetime,low,20,-5077836.956,-4027698.242
G100000804693,S1,lifetime,high,30,-7465997.82,-6415859.106
G100000804693,S1,capacity_factor,central,0.1461,-6283986.775,-5233848.061
G100000804693,S1,capacity_factor,low,0.0832,-3578560.571,-2980534.965
G100000804693,S1,capacity_factor,high,0.303,-13032498.237,-10854592.486
G100000404740,S1,lifetime,central,30,-18743014.905,-8598882.012
G100000404740,S1,lifetime,low,25,-16042708.656,-5898575.763
G100000404740,S1,lifetime,high,40,-23662162.756,-13518029.863
G100000404740,S1,capacity_factor,central,0.4891,-18743014.905,-8598882.012
G100000404740,S1,capacity_factor,low,0.4686,-17957425.444,-8238470.887
G100000404740,S1,capacity_factor,high,0.4936,-18915461.371,-8677996.647
G100000404740,S1,efficiency,central,0.55,-18743014.905,-8598882.012
G100000404740,S1,efficiency,low,0.511,-16282703.345,-7368726.231
G100000404740,S1,efficiency,high,0.589,-20877512.706,-9666130.911
G100000404740,S1,emission_factor,central,56100.0,-18743014.905,-8598882.012
G100000404740,S1,emission_factor,low,54300.0,-19777120.894,-9115935.005
G100000404740,S1,emission_factor,high,58300.0,-17478610.109,-7966679.613
G100000404741,S1,lifetime,central,30,-18743014.905,-8598882.012
G100000404741,S1,lifetime,low,25,-16042708.656,-5898575.763
G100000404741,S1,lifetime,high,40,-23662162.756,-13518029.863
G100000404741,S1,capacity_factor,central,0.4891,-18743014.905,-8598882.012
G100000404741,S1,capacity_factor,low,0.4686,-17957425.444,-8238470.887
G100000404741,S1,capacity_factor,high,0.4936,-18915461.371,-8677996.647
G100000404741,S1,efficiency,central,0.55,-18743014.905,-8598882.012
G100000404741,S1,efficiency,low,0.511,-16282703.345,-7368726.231
G100000404741,S1,efficiency,high,0.589,-20877512.706,-9666130.911
G100000404741,S1,emission_factor,central,56100.0,-18743014.905,-8598882.012
G100000404741,S1,emission_factor,low,54300.0,-19777120.894,-9115935.005
G100000404741,S1,emission_factor,high,58300.0,-17478610.109,-7966679.613
G100000404742,S1,lifetime,central,30,-18743014.905,-8598882.012
G100000404742,S1,lifetime,low,25,-16042708.656,-5898575.763
G100000404742,S1,lifetime,high,40,-23662162.756,-13518029.863
G100000404742,S1,capacity_factor,central,0.4891,-18743014.905,-8598882.012
G100000404742,S1,capacity_factor,low,0.4686,-17957425.444,-8238470.887
G100000404742,S1,capacity_factor,high,0.4936,-18915461.371,-8677996.647
G100000404742,S1,efficiency,central,0.55,-18743014.905,-8598882.012
G100000404742,S1,efficiency,low,0.511,-16282703.345,-7368726.231
G100000404742,S1,efficiency,high,0.589,-20877512.706,-9666130.911
G100000404742,S1,emission_factor,central,56100.0,-18743014.905,-8598882.012
G100000404742,S1,emission_factor,low,54300.0,-19777120.894,-9115935.005
G100000404742,S1,emission_factor,high,58300.0,-17478610.109,-7966679.613
G100000404743,S1,lifetime,central,30,-18743014.905,-8598882.012
G100000404743,S1,lifetime,low,25,-16042708.656,-5898575.763
G100000404743,S1,lifetime,high,40,-23662162.756,-13518029.863
G100000404743,S1,capacity_factor,central,0.4891,-18743014.905,-8598882.012
G100000404743,S1,capacity_factor,low,0.4686,-17957425.444,-8238470.887
G100000404743,S1,capacity_factor,high,0.4936,-18915461.371,-8677996.647
G100000404743,S1,efficiency,central,0.55,-18743014.905,-8598882.012
G100000404743,S1,efficiency,low,0.511,-16282703.345,-7368726.231
G100000404743,S1,efficiency,high,0.589,-20877512.706,-9666130.911
G100000404743,S1,emission_factor,central,56100.0,-18743014.905,-8598882.012
G100000404743,S1,emission_factor,low,54300.0,-19777120.894,-9115935.005
G100000404743,S1,emission_factor,high,58300.0,-17478610.109,-7966679.613
G100000404749,S1,lifetime,central,30,-32526948.361,-21448166.855
G100000404749,S1,lifetime,low,25,-27902365.776,-16823584.27
G100000404749,S1,lifetime,high,40,-40909193.21,-29830411.704
G100000404749,S1,capacity_factor,central,0.4891,-32526948.361,-21448166.855
G100000404749,S1,capacity_factor,low,0.4686,-31163622.986,-20549194.415
G100000404749,S1,capacity_factor,high,0.4936,-32826214.906,-21645502.268
G100000404749,S1,efficiency,central,0.55,-32526948.361,-21448166.855
G100000404749,S1,efficiency,low,0.511,-27988159.837,-18271014.888
G100000404749,S1,efficiency,high,0.589,-36464674.909,-24204575.438
G100000404749,S1,emission_factor,central,56100.0,-32526948.361,-21448166.855
G100000404749,S1,emission_factor,low,54300.0,-34434669.514,-22783571.663
G100000404749,S1,emission_factor,high,58300.0,-30194371.43,-19815363.003
G100000410062,S1,lifetime,central,30,-32146988.047,-22337985.412
G100000410062,S1,lifetime,low,25,-27581060.058,-17772057.423
G100000410062,S1,lifetime,high,40,-40415422.466,-30606419.831
G100000410062,S1,capacity_factor,central,0.4891,-32146988.047,-22337985.412
G100000410062,S1,capacity_factor,low,0.4686,-30799588.222,-21401717.367
G100000410062,S1,capacity_factor,high,0.4936,-32442758.74,-22543507.665
G100000410062,S1,efficiency,central,0.55,-32146988.047,-22337985.412
G100000410062,S1,efficiency,low,0.511,-27608199.523,-19009540.494
G100000410062,S1,efficiency,high,0.589,-36084714.596,-25225651.547
G100000410062,S1,emission_factor,central,56100.0,-32146988.047,-22337985.412
G100000410062,S1,emission_factor,low,54300.0,-34054709.2,-23736980.925
G100000410062,S1,emission_factor,high,58300.0,-29814411.117,-20627428.996
G100001050396,S1,lifetime,central,25,-362932.384,-362932.384
G100001050396,S1,lifetime,low,20,-298184.246,-298184.246
G100001050396,S1,lifetime,high,30,-424179.228,-424179.228
G100001050396,S1,capacity_factor,central,0.0425,-362932.384,-362932.384
G100001050396,S1,capacity_factor,low,0.0163,-139195.243,-139195.243
G100001050396,S1,capacity_factor,high,0.0609,-520060.756,-520060.756
G100001050396,S2,lifetime,central,25,-248084.458,-248084.458
G100001050396,S2,lifetime,low,20,-215682.52,-215682.52
G100001050396,S2,lifetime,high,30,-274763.837,-274763.837
G100001050396,S2,capacity_factor,central,0.0425,-248084.458,-248084.458
G100001050396,S2,capacity_factor,low,0.0163,-95147.686,-95147.686
G100001050396,S2,capacity_factor,high,0.0609,-355490.436,-355490.436
G100001050400,S1,lifetime,central,25,-1666189.579,-1666189.579
G100001050400,S1,lifetime,low,20,-1368936.765,-1368936.765
G100001050400,S1,lifetime,high,30,-1947368.278,-1947368.278
G100001050400,S1,capacity_factor,central,0.0425,-1666189.579,-1666189.579
G100001050400,S1,capacity_factor,low,0.0163,-639032.706,-639032.706
G100001050400,S1,capacity_factor,high,0.0609,-2387551.654,-2387551.654
G100001050400,S2,lifetime,central,25,-1138933.196,-1138933.196
G100001050400,S2,lifetime,low,20,-990178.843,-990178.843
G100001050400,S2,lifetime,high,30,-1261415.803,-1261415.803
G100001050400,S2,capacity_factor,central,0.0425,-1138933.196,-1138933.196
G100001050400,S2,capacity_factor,low,0.0163,-436814.378,-436814.378
G100001050400,S2,capacity_factor,high,0.0609,-1632024.275,-1632024.275
G100001050397,S1,lifetime,central,25,-384928.287,-384928.287
G100001050397,S1,lifetime,low,20,-316256.02,-316256.02
G100001050397,S1,lifetime,high,30,-449887.063,-449887.063
G100001050397,S1,capacity_factor,central,0.0425,-384928.287,-384928.287
G100001050397,S1,capacity_factor,low,0.0163,-147631.321,-147631.321
G100001050397,S1,capacity_factor,high,0.0609,-551579.589,-551579.589
G100001050397,S2,lifetime,central,25,-263119.878,-263119.878
G100001050397,S2,lifetime,low,20,-228754.187,-228754.187
G100001050397,S2,lifetime,high,30,-291416.189,-291416.189
G100001050397,S2,capacity_factor,central,0.0425,-263119.878,-263119.878
G100001050397,S2,capacity_factor,low,0.0163,-100914.213,-100914.213
G100001050397,S2,capacity_factor,high,0.0609,-377035.312,-377035.312
G100001050401,S1,lifetime,central,25,-2535027.706,-2535027.706
G100001050401,S1,lifetime,low,20,-2082771.775,-2082771.775
G100001050401,S1,lifetime,high,30,-2962827.643,-2962827.643
G100001050401,S1,capacity_factor,central,0.0425,-2535027.706,-2535027.706
G100001050401,S1,capacity_factor,low,0.0163,-972257.685,-972257.685
G100001050401,S1,capacity_factor,high,0.0609,-3632545.583,-3632545.583
G100001050401,S2,lifetime,central,25,-1732832.355,-1732832.355
G100001050401,S2,lifetime,low,20,-1506509.725,-1506509.725
G100001050401,S2,lifetime,high,30,-1919183.781,-1919183.781
G100001050401,S2,capacity_factor,central,0.0425,-1732832.355,-1732832.355
G100001050401,S2,capacity_factor,low,0.0163,-664592.174,-664592.174
G100001050401,S2,capacity_factor,high,0.0609,-2483046.831,-2483046.831
G100001050399,S1,lifetime,central,25,-193014.042,-193014.042
G100001050399,S1,lifetime,low,20,-158579.805,-158579.805
G100001050399,S1,lifetime,high,30,-225586.228,-225586.228
G100001050399,S1,capacity_factor,central,0.0425,-193014.042,-193014.042
G100001050399,S1,capacity_factor,low,0.0163,-74026.561,-74026.561
G100001050399,S1,capacity_factor,high,0.0609,-276577.764,-276577.764
G100001050399,S2,lifetime,central,25,-131935.828,-131935.828
G100001050399,S2,lifetime,low,20,-114703.889,-114703.889
G100001050399,S2,lifetime,high,30,-146124.407,-146124.407
G100001050399,S2,capacity_factor,central,0.0425,-131935.828,-131935.828
G100001050399,S2,capacity_factor,low,0.0163,-50601.272,-50601.272
G100001050399,S2,capacity_factor,high,0.0609,-189056.277,-189056.277
G100001050398,S1,lifetime,central,25,-362932.384,-362932.384
G100001050398,S1,lifetime,low,20,-298184.246,-298184.246
G100001050398,S1,lifetime,high,30,-424179.228,-424179.228
G100001050398,S1,capacity_factor,central,0.0425,-362932.384,-362932.384
G100001050398,S1,capacity_factor,low,0.0163,-139195.243,-139195.243
G100001050398,S1,capacity_factor,high,0.0609,-520060.756,-520060.756
G100001050398,S2,lifetime,central,25,-248084.458,-248084.458
G100001050398,S2,lifetime,low,20,-215682.52,-215682.52
G100001050398,S2,lifetime,high,30,-274763.837,-274763.837
G100001050398,S2,capacity_factor,central,0.0425,-248084.458,-248084.458
G100001050398,S2,capacity_factor,low,0.0163,-95147.686,-95147.686
G100001050398,S2,capacity_factor,high,0.0609,-355490.436,-355490.436
G100000200353,S1,lifetime,central,30,-4462577.165,-3970280.097
G100000200353,S1,lifetime,low,25,-3814334.044,-3322036.976
G100000200353,S1,lifetime,high,40,-5655796.622,-5163499.554
G100000200353,S1,capacity_factor,central,0.9361,-4462577.165,-3970280.097
G100000200353,S1,capacity_factor,low,0.7763,-3700778.392,-3292520.499
G100000200353,S1,capacity_factor,high,0.9361,-4462577.165,-3970280.097
G100000200353,S1,efficiency,central,0.268,-4462577.165,-3970280.097
G100000200353,S1,efficiency,low,0.249,7488031.832,6785268.001
G100000200353,S1,efficiency,high,0.287,5905721.23,5361188.459
G100000200353,S2,lifetime,central,30,-3299077.357,-2806780.289
G100000200353,S2,lifetime,low,25,-2974676.775,-2482379.707
G100000200353,S2,lifetime,high,40,-3786118.385,-3293821.317
G100000200353,S2,capacity_factor,central,0.9361,-3299077.357,-2806780.289
G100000200353,S2,capacity_factor,low,0.7763,-2735897.605,-2327639.712
G100000200353,S2,capacity_factor,high,0.9361,-3299077.357,-2806780.289
G100000200353,S2,efficiency,central,0.268,-3299077.357,-2806780.289
G100000200353,S2,efficiency,low,0.249,8651531.637,7948767.806
G100000200353,S2,efficiency,high,0.287,7069221.04,6524688.269
G100001070617,S1,lifetime,central,30,1766321.178,1692917.736
G100001070617,S1,lifetime,low,25,1535016.973,1461613.531
G100001070617,S1,lifetime,high,40,2152280.566,2078877.124
G100001070617,S1,capacity_factor,central,0.5384,1766321.178,1692917.736
G100001070617,S1,capacity_factor,low,0.5384,1766321.178,1692917.736
G100001070617,S1,capacity_factor,high,0.5639,1849978.666,1773098.649
G100001070617,S1,efficiency,central,0.42,1766321.178,1692917.736
G100001070617,S1,efficiency,low,0.391,4289450.258,4131942.513
G100001070617,S1,efficiency,high,0.449,-430861.4,-431025.423
G100001070617,S1,emission_factor,central,56100.0,1766321.178,1692917.736
G100001070617,S1,emission_factor,low,54300.0,674715.52,637698.933
G100001070617,S1,emission_factor,high,58300.0,3100276.347,2982407.732
G100001070617,S2,lifetime,central,30,23477925.855,23404522.413
G100001070617,S2,lifetime,low,25,18162494.822,18089091.38
G100001070617,S2,lifetime,high,40,34473581.124,34400177.682
G100001070617,S2,capacity_factor,central,0.5384,23477925.855,23404522.413
G100001070617,S2,capacity_factor,low,0.5384,23477925.855,23404522.413
G100001070617,S2,capacity_factor,high,0.5639,24589900.426,24513020.409
G100001070617,S2,efficiency,central,0.42,23477925.855,23404522.413
G100001070617,S2,efficiency,low,0.391,26001054.928,25843547.183
G100001070617,S2,efficiency,high,0.449,21280743.274,21280579.251
G100001070617,S2,emission_factor,central,56100.0,23477925.855,23404522.413
G100001070617,S2,emission_factor,low,54300.0,22386320.191,22349303.604
G100001070617,S2,emission_factor,high,58300.0,24811881.024,24694012.409
G100001070620,S1,lifetime,central,30,1675636.432,1675636.432
G100001070620,S1,lifetime,low,25,1459623.688,1459623.688
G100001070620,S1,lifetime,high,40,2030797.362,2030797.362
G100001070620,S1,capacity_factor,central,0.5384,1675636.432,1675636.432
G100001070620,S1,capacity_factor,low,0.5384,1675636.432,1675636.432
G100001070620,S1,capacity_factor,high,0.5639,1754998.859,1754998.859
G100001070620,S1,efficiency,central,0.42,1675636.432,1675636.432
G100001070620,S1,efficiency,low,0.391,4198765.514,4198765.514
G100001070620,S1,efficiency,high,0.449,-521546.144,-521546.144
G100001070620,S1,emission_factor,central,56100.0,1675636.432,1675636.432
G100001070620,S1,emission_factor,low,54300.0,584030.776,584030.776
G100001070620,S1,emission_factor,high,58300.0,3009591.602,3009591.602
G100001070620,S2,lifetime,central,30,26223601.109,26223601.109
G100001070620,S2,lifetime,low,25,20815871.855,20815871.855
G100001070620,S2,lifetime,high,40,37308830.65,37308830.65
G100001070620,S2,capacity_factor,central,0.5384,26223601.109,26223601.109
G100001070620,S2,capacity_factor,low,0.5384,26223601.109,26223601.109
G100001070620,S2,capacity_factor,high,0.5639,27465617.876,27465617.876
G100001070620,S2,efficiency,central,0.42,26223601.109,26223601.109
G100001070620,S2,efficiency,low,0.391,28746730.181,28746730.181
G100001070620,S2,efficiency,high,0.449,24026418.526,24026418.526
G100001070620,S2,emission_factor,central,56100.0,26223601.109,26223601.109
G100001070620,S2,emission_factor,low,54300.0,25131995.443,25131995.443
G100001070620,S2,emission_factor,high,58300.0,27557556.276,27557556.276
G100001070621,S1,lifetime,central,30,1766321.178,1692917.736
G100001070621,S1,lifetime,low,25,1535016.973,1461613.531
G100001070621,S1,lifetime,high,40,2152280.566,2078877.124
G100001070621,S1,capacity_factor,central,0.5384,1766321.178,1692917.736
G100001070621,S1,capacity_factor,low,0.5384,1766321.178,1692917.736
G100001070621,S1,capacity_factor,high,0.5639,1849978.666,1773098.649
G100001070621,S1,efficiency,central,0.42,1766321.178,1692917.736
G100001070621,S1,efficiency,low,0.391,4289450.258,4131942.513
G100001070621,S1,efficiency,high,0.449,-430861.4,-431025.423
G100001070621,S1,emission_factor,central,56100.0,1766321.178,1692917.736
G100001070621,S1,emission_factor,low,54300.0,674715.52,637698.933
G100001070621,S1,emission_factor,high,58300.0,3100276.347,2982407.732
G100001070621,S2,lifetime,central,30,23477925.855,23404522.413
G100001070621,S2,lifetime,low,25,18162494.822,18089091.38
G100001070621,S2,lifetime,high,40,34473581.124,34400177.682
G100001070621,S2,capacity_factor,central,0.5384,23477925.855,23404522.413
G100001070621,S2,capacity_factor,low,0.5384,23477925.855,23404522.413
G100001070621,S2,capacity_factor,high,0.5639,24589900.426,24513020.409
G100001070621,S2,efficiency,central,0.42,23477925.855,23404522.413
G100001070621,S2,efficiency,low,0.391,26001054.928,25843547.183
G100001070621,S2,efficiency,high,0.449,21280743.274,21280579.251
G100001070621,S2,emission_factor,central,56100.0,23477925.855,23404522.413
G100001070621,S2,emission_factor,low,54300.0,22386320.191,22349303.604
G100001070621,S2,emission_factor,high,58300.0,24811881.024,24694012.409
G100001021007,S1,lifetime,central,25,-45745307.57,-45745307.57
G100001021007,S1,lifetime,low,20,-36618921.995,-36618921.995
G100001021007,S1,lifetime,high,30,-54860383.259,-54860383.259
G100001021007,S1,capacity_factor,central,0.1515,-45745307.57,-45745307.57
G100001021007,S1,capacity_factor,low,0.1464,-44205366.525,-44205366.525
G100001021007,S1,capacity_factor,high,0.3165,-95566929.679,-95566929.679
G100001004868,S1,lifetime,central,30,-72045056.473,-72045056.473
G100001004868,S1,lifetime,low,25,-60117209.139,-60117209.139
G100001004868,S1,lifetime,high,40,-95805472.681,-95805472.681
G100001004868,S1,capacity_factor,central,0.4736,-72045056.473,-72045056.473
G100001004868,S1,capacity_factor,low,0.4018,-61122685.156,-61122685.156
G100001004868,S1,capacity_factor,high,0.4736,-72045056.473,-72045056.473
G100001004868,S1,efficiency,central,0.55,-72045056.473,-72045056.473
G100001004868,S1,efficiency,low,0.511,-65766555.889,-65766555.889
G100001004868,S1,efficiency,high,0.589,-77492108.762,-77492108.762
G100001004868,S1,emission_factor,central,56100.0,-72045056.473,-72045056.473
G100001004868,S1,emission_factor,low,54300.0,-74684004.799,-74684004.799
G100001004868,S1,emission_factor,high,58300.0,-68818405.677,-68818405.677
G100001004869,S1,lifetime,central,30,-72045056.473,-72045056.473
G100001004869,S1,lifetime,low,25,-60117209.139,-60117209.139
G100001004869,S1,lifetime,high,40,-95805472.681,-95805472.681
G100001004869,S1,capacity_factor,central,0.4736,-72045056.473,-72045056.473
G100001004869,S1,capacity_factor,low,0.4018,-61122685.156,-61122685.156
G100001004869,S1,capacity_factor,high,0.4736,-72045056.473,-72045056.473
G100001004869,S1,efficiency,central,0.55,-72045056.473,-72045056.473
G100001004869,S1,efficiency,low,0.511,-65766555.889,-65766555.889
G100001004869,S1,efficiency,high,0.589,-77492108.762,-77492108.762
G100001004869,S1,emission_factor,central,56100.0,-72045056.473,-72045056.473
G100001004869,S1,emission_factor,low,54300.0,-74684004.799,-74684004.799
G100001004869,S1,emission_factor,high,58300.0,-68818405.677,-68818405.677
G100000404756,S1,lifetime,central,30,-27711138.655,-16471976.614
G100000404756,S1,lifetime,low,25,-23151346.825,-11912184.784
G100000404756,S1,lifetime,high,40,-36794443.623,-25555281.582
G100000404756,S1,capacity_factor,central,0.4736,-27711138.655,-16471976.614
G100000404756,S1,capacity_factor,low,0.4018,-23509998.968,-13974747.05
G100000404756,S1,capacity_factor,high,0.4736,-27711138.655,-16471976.614
G100000404756,S1,efficiency,central,0.55,-27711138.655,-16471976.614
G100000404756,S1,efficiency,low,0.511,-25328796.49,-15042571.315
G100000404756,S1,efficiency,high,0.589,-29777992.386,-17712088.853
G100000404756,S1,emission_factor,central,56100.0,-27711138.655,-16471976.614
G100000404756,S1,emission_factor,low,54300.0,-28712472.937,-17072777.184
G100000404756,S1,emission_factor,high,58300.0,-26486803.935,-15737375.781
G100000404757,S1,lifetime,central,30,-27711138.655,-16471976.614
G100000404757,S1,lifetime,low,25,-23151346.825,-11912184.784
G100000404757,S1,lifetime,high,40,-36794443.623,-25555281.582
G100000404757,S1,capacity_factor,central,0.4736,-27711138.655,-16471976.614
G100000404757,S1,capacity_factor,low,0.4018,-23509998.968,-13974747.05
G100000404757,S1,capacity_factor,high,0.4736,-27711138.655,-16471976.614
G100000404757,S1,efficiency,central,0.55,-27711138.655,-16471976.614
G100000404757,S1,efficiency,low,0.511,-25328796.49,-15042571.315
G100000404757,S1,efficiency,high,0.589,-29777992.386,-17712088.853
G100000404757,S1,emission_factor,central,56100.0,-27711138.655,-16471976.614
G100000404757,S1,emission_factor,low,54300.0,-28712472.937,-17072777.184
G100000404757,S1,emission_factor,high,58300.0,-26486803.935,-15737375.781
G100000404758,S1,lifetime,central,30,-27711138.655,-16471976.614
G100000404758,S1,lifetime,low,25,-23151346.825,-11912184.784
G100000404758,S1,lifetime,high,40,-36794443.623,-25555281.582
G100000404758,S1,capacity_factor,central,0.4736,-27711138.655,-16471976.614
G100000404758,S1,capacity_factor,low,0.4018,-23509998.968,-13974747.05
G100000404758,S1,capacity_factor,high,0.4736,-27711138.655,-16471976.614
G100000404758,S1,efficiency,central,0.55,-27711138.655,-16471976.614
G100000404758,S1,efficiency,low,0.511,-25328796.49,-15042571.315
G100000404758,S1,efficiency,high,0.589,-29777992.386,-17712088.853
G100000404758,S1,emission_factor,central,56100.0,-27711138.655,-16471976.614
G100000404758,S1,emission_factor,low,54300.0,-28712472.937,-17072777.184
G100000404758,S1,emission_factor,high,58300.0,-26486803.935,-15737375.781
G100000404759,S1,lifetime,central,30,-27711138.655,-16471976.614
G100000404759,S1,lifetime,low,25,-23151346.825,-11912184.784
G100000404759,S1,lifetime,high,40,-36794443.623,-25555281.582
G100000404759,S1,capacity_factor,central,0.4736,-27711138.655,-16471976.614
G100000404759,S1,capacity_factor,low,0.4018,-23509998.968,-13974747.05
G100000404759,S1,capacity_factor,high,0.4736,-27711138.655,-16471976.614
G100000404759,S1,efficiency,central,0.55,-27711138.655,-16471976.614
G100000404759,S1,efficiency,low,0.511,-25328796.49,-15042571.315
G100000404759,S1,efficiency,high,0.589,-29777992.386,-17712088.853
G100000404759,S1,emission_factor,central,56100.0,-27711138.655,-16471976.614
G100000404759,S1,emission_factor,low,54300.0,-28712472.937,-17072777.184
G100000404759,S1,emission_factor,high,58300.0,-26486803.935,-15737375.781
G100000404760,S1,lifetime,central,30,-27711138.655,-16471976.614
G100000404760,S1,lifetime,low,25,-23151346.825,-11912184.784
G100000404760,S1,lifetime,high,40,-36794443.623,-25555281.582
G100000404760,S1,capacity_factor,central,0.4736,-27711138.655,-16471976.614
G100000404760,S1,capacity_factor,low,0.4018,-23509998.968,-13974747.05
G100000404760,S1,capacity_factor,high,0.4736,-27711138.655,-16471976.614
G100000404760,S1,efficiency,central,0.55,-27711138.655,-16471976.614
G100000404760,S1,efficiency,low,0.511,-25328796.49,-15042571.315
G100000404760,S1,efficiency,high,0.589,-29777992.386,-17712088.853
G100000404760,S1,emission_factor,central,56100.0,-27711138.655,-16471976.614
G100000404760,S1,emission_factor,low,54300.0,-28712472.937,-17072777.184
G100000404760,S1,emission_factor,high,58300.0,-26486803.935,-15737375.781
G100000404761,S1,lifetime,central,30,-27699680.764,-17382482.824
G100000404761,S1,lifetime,low,25,-23142309.667,-12825111.727
G100000404761,S1,lifetime,high,40,-36778153.049,-26460955.109
G100000404761,S1,capacity_factor,central,0.4736,-27699680.764,-17382482.824
G100000404761,S1,capacity_factor,low,0.4018,-23500278.148,-14747216.212
G100000404761,S1,capacity_factor,high,0.4736,-27699680.764,-17382482.824
G100000404761,S1,efficiency,central,0.55,-27699680.764,-17382482.824
G100000404761,S1,efficiency,low,0.511,-25317338.599,-15873666.119
G100000404761,S1,efficiency,high,0.589,-29766534.495,-18691490.187
G100000404761,S1,emission_factor,central,56100.0,-27699680.764,-17382482.824
G100000404761,S1,emission_factor,low,54300.0,-28701015.046,-18016661.203
G100000404761,S1,emission_factor,high,58300.0,-26475346.044,-16607070.833
G100000411495,S1,lifetime,central,30,8065865.048,4745926.592
G100000411495,S1,lifetime,low,25,6652893.417,3332954.961
G100000411495,S1,lifetime,high,40,10934489.638,7614551.182
G100000411495,S1,capacity_factor,central,0.632,8065865.048,4745926.592
G100000411495,S1,capacity_factor,low,0.6018,7680439.218,4519143.389
G100000411495,S1,capacity_factor,high,0.6474,8262406.697,4861571.005
G100000411495,S1,efficiency,central,0.36,8065865.048,4745926.592
G100000411495,S1,efficiency,low,0.335,13841172.281,8018600.69
G100000411495,S1,efficiency,high,0.385,3040597.715,1898275.102
G100000411495,S1,emission_factor,central,77400.0,8065865.048,4745926.592
G100000411495,S1,emission_factor,low,75500.0,6166132.204,3669411.313
G100000411495,S1,emission_factor,high,78800.0,9465668.197,5539148.376
G100000411496,S1,lifetime,central,30,8065865.048,4745926.592
G100000411496,S1,lifetime,low,25,6652893.417,3332954.961
G100000411496,S1,lifetime,high,40,10934489.638,7614551.182
G100000411496,S1,capacity_factor,central,0.632,8065865.048,4745926.592
G100000411496,S1,capacity_factor,low,0.6018,7680439.218,4519143.389
G100000411496,S1,capacity_factor,high,0.6474,8262406.697,4861571.005
G100000411496,S1,efficiency,central,0.36,8065865.048,4745926.592
G100000411496,S1,efficiency,low,0.335,13841172.281,8018600.69
G100000411496,S1,efficiency,high,0.385,3040597.715,1898275.102
G100000411496,S1,emission_factor,central,77400.0,8065865.048,4745926.592
G100000411496,S1,emission_factor,low,75500.0,6166132.204,3669411.313
G100000411496,S1,emission_factor,high,78800.0,9465668.197,5539148.376
G100000804626,S1,lifetime,central,25,-9160896.312,-8056164.592
G100000804626,S1,lifetime,low,20,-7333807.598,-6229075.878
G100000804626,S1,lifetime,high,30,-10985720.818,-9880989.098
G100000804626,S1,capacity_factor,central,0.1515,-9160896.312,-8056164.592
G100000804626,S1,capacity_factor,low,0.1464,-8852509.703,-7784966.97
G100000804626,S1,capacity_factor,high,0.3165,-19138110.118,-16830205.236
G100001004865,S1,lifetime,central,30,-72045056.473,-72045056.473
G100001004865,S1,lifetime,low,25,-60117209.139,-60117209.139
G100001004865,S1,lifetime,high,40,-95805472.681,-95805472.681
G100001004865,S1,capacity_factor,central,0.4736,-72045056.473,-72045056.473
G100001004865,S1,capacity_factor,low,0.4018,-61122685.156,-61122685.156
G100001004865,S1,capacity_factor,high,0.4736,-72045056.473,-72045056.473
G100001004865,S1,efficiency,central,0.55,-72045056.473,-72045056.473
G100001004865,S1,efficiency,low,0.511,-65766555.889,-65766555.889
G100001004865,S1,efficiency,high,0.589,-77492108.762,-77492108.762
G100001004865,S1,emission_factor,central,56100.0,-72045056.473,-72045056.473
G100001004865,S1,emission_factor,low,54300.0,-74684004.799,-74684004.799
G100001004865,S1,emission_factor,high,58300.0,-68818405.677,-68818405.677
G100001004866,S1,lifetime,central,30,-72045056.473,-72045056.473
G100001004866,S1,lifetime,low,25,-60117209.139,-60117209.139
G100001004866,S1,lifetime,high,40,-95805472.681,-95805472.681
G100001004866,S1,capacity_factor,central,0.4736,-72045056.473,-72045056.473
G100001004866,S1,capacity_factor,low,0.4018,-61122685.156,-61122685.156
G100001004866,S1,capacity_factor,high,0.4736,-72045056.473,-72045056.473
G100001004866,S1,efficiency,central,0.55,-72045056.473,-72045056.473
G100001004866,S1,efficiency,low,0.511,-65766555.889,-65766555.889
G100001004866,S1,efficiency,high,0.589,-77492108.762,-77492108.762
G100001004866,S1,emission_factor,central,56100.0,-72045056.473,-72045056.473
G100001004866,S1,emission_factor,low,54300.0,-74684004.799,-74684004.799
G100001004866,S1,emission_factor,high,58300.0,-68818405.677,-68818405.677
G100001053404,S1,lifetime,central,30,-19021990.075,-19021990.075
G100001053404,S1,lifetime,low,25,-15872685.491,-15872685.491
G100001053404,S1,lifetime,high,40,-25295450.011,-25295450.011
G100001053404,S1,capacity_factor,central,0.4736,-19021990.075,-19021990.075
G100001053404,S1,capacity_factor,low,0.4018,-16138166.41,-16138166.41
G100001053404,S1,capacity_factor,high,0.4736,-19021990.075,-19021990.075
G100001053404,S1,efficiency,central,0.55,-19021990.075,-19021990.075
G100001053404,S1,efficiency,low,0.511,-17365163.528,-17365163.528
G100001053404,S1,efficiency,high,0.589,-20459406.649,-20459406.649
G100001053404,S1,emission_factor,central,56100.0,-19021990.075,-19021990.075
G100001053404,S1,emission_factor,low,54300.0,-19718379.214,-19718379.214
G100001053404,S1,emission_factor,high,58300.0,-18170512.778,-18170512.778
G100000411439,S1,lifetime,central,30,4539860.697,2200644.008
G100000411439,S1,lifetime,low,25,3746664.888,1407448.199
G100000411439,S1,lifetime,high,40,6150376.307,3811159.618
G100000411439,S1,capacity_factor,central,0.632,4539860.697,2200644.008
G100000411439,S1,capacity_factor,low,0.6018,4322924.316,2095486.65
G100000411439,S1,capacity_factor,high,0.6474,4650483.884,2254267.294
G100000411439,S1,efficiency,central,0.36,4539860.697,2200644.008
G100000411439,S1,efficiency,low,0.335,7801662.123,3722818.005
G100000411439,S1,efficiency,high,0.385,1701669.842,876154.941
G100000411439,S1,emission_factor,central,77400.0,4539860.697,2200644.008
G100000411439,S1,emission_factor,low,75500.0,3466921.879,1699939.225
G100000411439,S1,emission_factor,high,78800.0,5330447.192,2569584.371
G100000411440,S1,lifetime,central,30,4539860.697,2200644.008
G100000411440,S1,lifetime,low,25,3746664.888,1407448.199
G100000411440,S1,lifetime,high,40,6150376.307,3811159.618
G100000411440,S1,capacity_factor,central,0.632,4539860.697,2200644.008
G100000411440,S1,capacity_factor,low,0.6018,4322924.316,2095486.65
G100000411440,S1,capacity_factor,high,0.6474,4650483.884,2254267.294
G100000411440,S1,efficiency,central,0.36,4539860.697,2200644.008
G100000411440,S1,efficiency,low,0.335,7801662.123,3722818.005
G100000411440,S1,efficiency,high,0.385,1701669.842,876154.941
G100000411440,S1,emission_factor,central,77400.0,4539860.697,2200644.008
G100000411440,S1,emission_factor,low,75500.0,3466921.879,1699939.225
G100000411440,S1,emission_factor,high,78800.0,5330447.192,2569584.371
G100000411441,S1,lifetime,central,30,4539860.697,2200644.008
G100000411441,S1,lifetime,low,25,3746664.888,1407448.199
G100000411441,S1,lifetime,high,40,6150376.307,3811159.618
G100000411441,S1,capacity_factor,central,0.632,4539860.697,2200644.008
G100000411441,S1,capacity_factor,low,0.6018,4322924.316,2095486.65
G100000411441,S1,capacity_factor,high,0.6474,4650483.884,2254267.294
G100000411441,S1,efficiency,central,0.36,4539860.697,2200644.008
G100000411441,S1,efficiency,low,0.335,7801662.123,3722818.005
G100000411441,S1,efficiency,high,0.385,1701669.842,876154.941
G100000411441,S1,emission_factor,central,77400.0,4539860.697,2200644.008
G100000411441,S1,emission_factor,low,75500.0,3466921.879,1699939.225
G100000411441,S1,emission_factor,high,78800.0,5330447.192,2569584.371
G100000410899,S1,lifetime,central,30,-37683507.428,-36417712.741
G100000410899,S1,lifetime,low,25,-31444554.908,-30178760.221
G100000410899,S1,lifetime,high,40,-50111618.498,-48845823.811
G100000410899,S1,capacity_factor,central,0.4736,-37683507.428,-36417712.741
G100000410899,S1,capacity_factor,low,0.4018,-31970509.469,-30896615.243
G100000410899,S1,capacity_factor,high,0.4736,-37683507.428,-36417712.741
G100000410899,S1,efficiency,central,0.55,-37683507.428,-36417712.741
G100000410899,S1,efficiency,low,0.511,-34404734.899,-33248232.629
G100000410899,S1,efficiency,high,0.589,-40528079.18,-39167465.434
G100000410899,S1,emission_factor,central,56100.0,-37683507.428,-36417712.741
G100000410899,S1,emission_factor,low,54300.0,-39061624.886,-37749892.95
G100000410899,S1,emission_factor,high,58300.0,-35998478.678,-34788851.616
G100000804741,S1,lifetime,central,25,-2723196.197,-2613943.869
G100000804741,S1,lifetime,low,20,-2179906.859,-2070654.531
G100000804741,S1,lifetime,high,30,-3265812.281,-3156559.953
G100000804741,S1,capacity_factor,central,0.1515,-2723196.197,-2613943.869
G100000804741,S1,capacity_factor,low,0.1464,-2631524.243,-2525949.717
G100000804741,S1,capacity_factor,high,0.3165,-5689053.435,-5460813.424
G100000404486,S1,lifetime,central,30,-1760313.085,-823194.18
G100000404486,S1,lifetime,low,25,-1563028.813,-625909.908
G100000404486,S1,lifetime,high,40,-2051109.844,-1113990.939
G100000404486,S1,capacity_factor,central,0.3626,-1760313.085,-823194.18
G100000404486,S1,capacity_factor,low,0.3626,-1760313.085,-823194.18
G100000404486,S1,capacity_factor,high,0.4091,-1986056.491,-928761.002
G100000404486,S1,efficiency,central,0.55,-1760313.085,-823194.18
G100000404486,S1,efficiency,low,0.511,-1466553.382,-656730.349
G100000404486,S1,efficiency,high,0.589,-2015170.828,-967613.566
G100000404486,S1,emission_factor,central,56100.0,-1760313.085,-823194.18
G100000404486,S1,emission_factor,low,54300.0,-1883784.713,-893161.436
G100000404486,S1,emission_factor,high,58300.0,-1609343.923,-737644.989
G100000404486,S2,lifetime,central,30,-720229.058,216889.847
G100000404486,S2,lifetime,low,25,-975600.467,-38481.562
G100000404486,S2,lifetime,high,40,66587.167,1003706.072
G100000404486,S2,capacity_factor,central,0.3626,-720229.058,216889.847
G100000404486,S2,capacity_factor,low,0.3626,-720229.058,216889.847
G100000404486,S2,capacity_factor,high,0.4091,-812591.585,244703.904
G100000404486,S2,efficiency,central,0.55,-720229.058,216889.847
G100000404486,S2,efficiency,low,0.511,-426469.356,383353.677
G100000404486,S2,efficiency,high,0.589,-975086.802,72470.46
G100000404486,S2,emission_factor,central,56100.0,-720229.058,216889.847
G100000404486,S2,emission_factor,low,54300.0,-843700.687,146922.59
G100000404486,S2,emission_factor,high,58300.0,-569259.894,302439.04
G100000401094,S1,lifetime,central,30,-7925878.022,-6059638.008
G100000401094,S1,lifetime,low,25,-7119826.554,-5253586.54
G100000401094,S1,lifetime,high,40,-8987324.613,-7121084.599
G100000401094,S1,capacity_factor,central,0.3626,-7925878.022,-6059638.008
G100000401094,S1,capacity_factor,low,0.3626,-7925878.022,-6059638.008
G100000401094,S1,capacity_factor,high,0.4091,-8942296.465,-6836728.926
G100000401094,S1,efficiency,central,0.55,-7925878.022,-6059638.008
G100000401094,S1,efficiency,low,0.511,-6256788.782,-4668730.308
G100000401094,S1,efficiency,high,0.589,-9373933.371,-7266350.798
G100000401094,S1,emission_factor,central,56100.0,-7925878.022,-6059638.008
G100000401094,S1,emission_factor,low,54300.0,-8627421.358,-6644257.455
G100000401094,S1,emission_factor,high,58300.0,-7068098.677,-5344821.887
G100000401094,S2,lifetime,central,30,2814912.946,4681152.96
G100000401094,S2,lifetime,low,25,522139.237,2388379.251
G100000401094,S2,lifetime,high,40,8367192.783,10233432.797
G100000401094,S2,capacity_factor,central,0.3626,2814912.946,4681152.96
G100000401094,S2,capacity_factor,low,0.3626,2814912.946,4681152.96
G100000401094,S2,capacity_factor,high,0.4091,3175898.751,5281466.29
G100000401094,S2,efficiency,central,0.55,2814912.946,4681152.96
G100000401094,S2,efficiency,low,0.511,4484002.186,6072060.66
G100000401094,S2,efficiency,high,0.589,1366857.597,3474440.17
G100000401094,S2,emission_factor,central,56100.0,2814912.946,4681152.96
G100000401094,S2,emission_factor,low,54300.0,2113369.609,4096533.512
G100000401094,S2,emission_factor,high,58300.0,3672692.293,5395969.083
G100000401095,S1,lifetime,central,30,-7925878.022,-6059638.008
G100000401095,S1,lifetime,low,25,-7119826.554,-5253586.54
G100000401095,S1,lifetime,high,40,-8987324.613,-7121084.599
G100000401095,S1,capacity_factor,central,0.3626,-7925878.022,-6059638.008
G100000401095,S1,capacity_factor,low,0.3626,-7925878.022,-6059638.008
G100000401095,S1,capacity_factor,high,0.4091,-8942296.465,-6836728.926
G100000401095,S1,efficiency,central,0.55,-7925878.022,-6059638.008
G100000401095,S1,efficiency,low,0.511,-6256788.782,-4668730.308
G100000401095,S1,efficiency,high,0.589,-9373933.371,-7266350.798
G100000401095,S1,emission_factor,central,56100.0,-7925878.022,-6059638.008
G100000401095,S1,emission_factor,low,54300.0,-8627421.358,-6644257.455
G100000401095,S1,emission_factor,high,58300.0,-7068098.677,-5344821.887
G100000401095,S2,lifetime,central,30,2814912.946,4681152.96
G100000401095,S2,lifetime,low,25,522139.237,2388379.251
G100000401095,S2,lifetime,high,40,8367192.783,10233432.797
G100000401095,S2,capacity_factor,central,0.3626,2814912.946,4681152.96
G100000401095,S2,capacity_factor,low,0.3626,2814912.946,4681152.96
G100000401095,S2,capacity_factor,high,0.4091,3175898.751,5281466.29
G100000401095,S2,efficiency,central,0.55,2814912.946,4681152.96
G100000401095,S2,efficiency,low,0.511,4484002.186,6072060.66
G100000401095,S2,efficiency,high,0.589,1366857.597,3474440.17
G100000401095,S2,emission_factor,central,56100.0,2814912.946,4681152.96
G100000401095,S2,emission_factor,low,54300.0,2113369.609,4096533.512
G100000401095,S2,emission_factor,high,58300.0,3672692.293,5395969.083
G100000401096,S1,lifetime,central,30,-7669712.827,-6198256.645
G100000401096,S1,lifetime,low,25,-6901529.716,-5430073.534
G100000401096,S1,lifetime,high,40,-8660107.857,-7188651.675
G100000401096,S1,capacity_factor,central,0.3626,-7669712.827,-6198256.645
G100000401096,S1,capacity_factor,low,0.3626,-7669712.827,-6198256.645
G100000401096,S1,capacity_factor,high,0.4091,-8653280.521,-6993124.084
G100000401096,S1,efficiency,central,0.55,-7669712.827,-6198256.645
G100000401096,S1,efficiency,low,0.511,-6000623.587,-4751712.637
G100000401096,S1,efficiency,high,0.589,-9117768.176,-7453237.947
G100000401096,S1,emission_factor,central,56100.0,-7669712.827,-6198256.645
G100000401096,S1,emission_factor,low,54300.0,-8371256.163,-6806260.87
G100000401096,S1,emission_factor,high,58300.0,-6811933.482,-5454847.879
G100000401096,S2,lifetime,central,30,3713961.754,5185417.936
G100000401096,S2,lifetime,low,25,1341807.63,2813263.812
G100000401096,S2,lifetime,high,40,9368247.333,10839703.515
G100000401096,S2,capacity_factor,central,0.3626,3713961.754,5185417.936
G100000401096,S2,capacity_factor,low,0.3626,3713961.754,5185417.936
G100000401096,S2,capacity_factor,high,0.4091,4190242.015,5850398.452
G100000401096,S2,efficiency,central,0.55,3713961.754,5185417.936
G100000401096,S2,efficiency,low,0.511,5383050.994,6631961.944
G100000401096,S2,efficiency,high,0.589,2265906.406,3930436.635
G100000401096,S2,emission_factor,central,56100.0,3713961.754,5185417.936
G100000401096,S2,emission_factor,low,54300.0,3012418.417,4577413.71
G100000401096,S2,emission_factor,high,58300.0,4571741.101,5928826.704
G100000401097,S1,lifetime,central,30,-7669712.827,-6198256.645
G100000401097,S1,lifetime,low,25,-6901529.716,-5430073.534
G100000401097,S1,lifetime,high,40,-8660107.857,-7188651.675
G100000401097,S1,capacity_factor,central,0.3626,-7669712.827,-6198256.645
G100000401097,S1,capacity_factor,low,0.3626,-7669712.827,-6198256.645
G100000401097,S1,capacity_factor,high,0.4091,-8653280.521,-6993124.084
G100000401097,S1,efficiency,central,0.55,-7669712.827,-6198256.645
G100000401097,S1,efficiency,low,0.511,-6000623.587,-4751712.637
G100000401097,S1,efficiency,high,0.589,-9117768.176,-7453237.947
G100000401097,S1,emission_factor,central,56100.0,-7669712.827,-6198256.645
G100000401097,S1,emission_factor,low,54300.0,-8371256.163,-6806260.87
G100000401097,S1,emission_factor,high,58300.0,-6811933.482,-5454847.879
G100000401097,S2,lifetime,central,30,3713961.754,5185417.936
G100000401097,S2,lifetime,low,25,1341807.63,2813263.812
G100000401097,S2,lifetime,high,40,9368247.333,10839703.515
G100000401097,S2,capacity_factor,central,0.3626,3713961.754,5185417.936
G100000401097,S2,capacity_factor,low,0.3626,3713961.754,5185417.936
G100000401097,S2,capacity_factor,high,0.4091,4190242.015,5850398.452
G100000401097,S2,efficiency,central,0.55,3713961.754,5185417.936
G100000401097,S2,efficiency,low,0.511,5383050.994,6631961.944
G100000401097,S2,efficiency,high,0.589,2265906.406,3930436.635
G100000401097,S2,emission_factor,central,56100.0,3713961.754,5185417.936
G100000401097,S2,emission_factor,low,54300.0,3012418.417,4577413.71
G100000401097,S2,emission_factor,high,58300.0,4571741.101,5928826.704
G100000404422,S1,lifetime,central,30,-2280678.648,-416961.311
G100000404422,S1,lifetime,low,25,-1991259.167,-127541.83
G100000404422,S1,lifetime,high,40,-2739296.6,-875579.263
G100000404422,S1,capacity_factor,central,0.3626,-2280678.648,-416961.311
G100000404422,S1,capacity_factor,low,0.3626,-2280678.648,-416961.311
G100000404422,S1,capacity_factor,high,0.4091,-2573153.984,-470432.634
G100000404422,S1,efficiency,central,0.55,-2280678.648,-416961.311
G100000404422,S1,efficiency,low,0.511,-1968225.143,-344055.494
G100000404422,S1,efficiency,high,0.589,-2551754.609,-480212.37
G100000404422,S1,emission_factor,central,56100.0,-2280678.648,-416961.311
G100000404422,S1,emission_factor,low,54300.0,-2412007.56,-447604.725
G100000404422,S1,emission_factor,high,58300.0,-2120102.354,-379493.51
G100000404422,S2,lifetime,central,30,-2031189.04,-167471.703
G100000404422,S2,lifetime,low,25,-1961399.145,-97681.808
G100000404422,S2,lifetime,high,40,-1633025.41,230691.927
G100000404422,S2,capacity_factor,central,0.3626,-2031189.04,-167471.703
G100000404422,S2,capacity_factor,low,0.3626,-2031189.04,-167471.703
G100000404422,S2,capacity_factor,high,0.4091,-2291669.705,-188948.355
G100000404422,S2,efficiency,central,0.55,-2031189.04,-167471.703
G100000404422,S2,efficiency,low,0.511,-1718735.533,-94565.884
G100000404422,S2,efficiency,high,0.589,-2302264.999,-230722.76
G100000404422,S2,emission_factor,central,56100.0,-2031189.04,-167471.703
G100000404422,S2,emission_factor,low,54300.0,-2162517.95,-198115.115
G100000404422,S2,emission_factor,high,58300.0,-1870612.745,-130003.901
G100000404487,S1,lifetime,central,30,-1758528.032,-1137687.745
G100000404487,S1,lifetime,low,25,-1571255.386,-950415.099
G100000404487,S1,lifetime,high,40,-2018274.67,-1397434.383
G100000404487,S1,capacity_factor,central,0.3626,-1758528.032,-1137687.745
G100000404487,S1,capacity_factor,low,0.3626,-1758528.032,-1137687.745
G100000404487,S1,capacity_factor,high,0.4091,-1984042.522,-1283585.377
G100000404487,S1,efficiency,central,0.55,-1758528.032,-1137687.745
G100000404487,S1,efficiency,low,0.511,-1419369.099,-888971.195
G100000404487,S1,efficiency,high,0.589,-2052772.881,-1353467.303
G100000404487,S1,emission_factor,central,56100.0,-1758528.032,-1137687.745
G100000404487,S1,emission_factor,low,54300.0,-1901081.638,-1242227.057
G100000404487,S1,emission_factor,high,58300.0,-1584227.271,-1009867.189
G100000404487,S2,lifetime,central,30,40779.156,661619.443
G100000404487,S2,lifetime,low,25,-370431.102,250409.185
G100000404487,S2,lifetime,high,40,1098735.508,1719575.795
G100000404487,S2,capacity_factor,central,0.3626,40779.156,661619.443
G100000404487,S2,capacity_factor,low,0.3626,40779.156,661619.443
G100000404487,S2,capacity_factor,high,0.4091,46008.696,746465.841
G100000404487,S2,efficiency,central,0.55,40779.156,661619.443
G100000404487,S2,efficiency,low,0.511,379938.089,910335.993
G100000404487,S2,efficiency,high,0.589,-253465.689,445839.889
G100000404487,S2,emission_factor,central,56100.0,40779.156,661619.443
G100000404487,S2,emission_factor,low,54300.0,-101774.449,557080.132
G100000404487,S2,emission_factor,high,58300.0,215079.921,789440.003
G100000404488,S1,lifetime,central,30,-1758528.032,-1137687.745
G100000404488,S1,lifetime,low,25,-1571255.386,-950415.099
G100000404488,S1,lifetime,high,40,-2018274.67,-1397434.383
G100000404488,S1,capacity_factor,central,0.3626,-1758528.032,-1137687.745
G100000404488,S1,capacity_factor,low,0.3626,-1758528.032,-1137687.745
G100000404488,S1,capacity_factor,high,0.4091,-1984042.522,-1283585.377
G100000404488,S1,efficiency,central,0.55,-1758528.032,-1137687.745
G100000404488,S1,efficiency,low,0.511,-1419369.099,-888971.195
G100000404488,S1,efficiency,high,0.589,-2052772.881,-1353467.303
G100000404488,S1,emission_factor,central,56100.0,-1758528.032,-1137687.745
G100000404488,S1,emission_factor,low,54300.0,-1901081.638,-1242227.057
G100000404488,S1,emission_factor,high,58300.0,-1584227.271,-1009867.189
G100000404488,S2,lifetime,central,30,40779.156,661619.443
G100000404488,S2,lifetime,low,25,-370431.102,250409.185
G100000404488,S2,lifetime,high,40,1098735.508,1719575.795
G100000404488,S2,capacity_factor,central,0.3626,40779.156,661619.443
G100000404488,S2,capacity_factor,low,0.3626,40779.156,661619.443
G100000404488,S2,capacity_factor,high,0.4091,46008.696,746465.841
G100000404488,S2,efficiency,central,0.55,40779.156,661619.443
G100000404488,S2,efficiency,low,0.511,379938.089,910335.993
G100000404488,S2,efficiency,high,0.589,-253465.689,445839.889
G100000404488,S2,emission_factor,central,56100.0,40779.156,661619.443
G100000404488,S2,emission_factor,low,54300.0,-101774.449,557080.132
G100000404488,S2,emission_factor,high,58300.0,215079.921,789440.003
G100000404501,S1,lifetime,central,30,-2014758.34,-942183.157
G100000404501,S1,lifetime,low,25,-1788957.523,-716382.34
G100000404501,S1,lifetime,high,40,-2347588.449,-1275013.266
G100000404501,S1,capacity_factor,central,0.3626,-2014758.34,-942183.157
G100000404501,S1,capacity_factor,low,0.3626,-2014758.34,-942183.157
G100000404501,S1,capacity_factor,high,0.4091,-2273131.931,-1063009.185
G100000404501,S1,efficiency,central,0.55,-2014758.34,-942183.157
G100000404501,S1,efficiency,low,0.511,-1678537.005,-751657.734
G100000404501,S1,efficiency,high,0.589,-2306454.61,-1107477.71
G100000404501,S1,emission_factor,central,56100.0,-2014758.34,-942183.157
G100000404501,S1,emission_factor,low,54300.0,-2156077.233,-1022263.863
G100000404501,S1,emission_factor,high,58300.0,-1841967.273,-844268.219
G100000404501,S2,lifetime,central,30,-824334.896,248240.287
G100000404501,S2,lifetime,low,25,-1116619.081,-44043.898
G100000404501,S2,lifetime,high,40,76212.035,1148787.218
G100000404501,S2,capacity_factor,central,0.3626,-824334.896,248240.287
G100000404501,S2,capacity_factor,low,0.3626,-824334.896,248240.287
G100000404501,S2,capacity_factor,high,0.4091,-930048.007,280074.739
G100000404501,S2,efficiency,central,0.55,-824334.896,248240.287
G100000404501,S2,efficiency,low,0.511,-488113.56,438765.711
G100000404501,S2,efficiency,high,0.589,-1116031.166,82945.734
G100000404501,S2,emission_factor,central,56100.0,-824334.896,248240.287
G100000404501,S2,emission_factor,low,54300.0,-965653.786,168159.584
G100000404501,S2,emission_factor,high,58300.0,-651543.826,346155.228
G100000404497,S1,lifetime,central,30,-1760313.085,-823194.18
G100000404497,S1,lifetime,low,25,-1563028.813,-625909.908
G100000404497,S1,lifetime,high,40,-2051109.844,-1113990.939
G100000404497,S1,capacity_factor,central,0.3626,-1760313.085,-823194.18
G100000404497,S1,capacity_factor,low,0.3626,-1760313.085,-823194.18
G100000404497,S1,capacity_factor,high,0.4091,-1986056.491,-928761.002
G100000404497,S1,efficiency,central,0.55,-1760313.085,-823194.18
G100000404497,S1,efficiency,low,0.511,-1466553.382,-656730.349
G100000404497,S1,efficiency,high,0.589,-2015170.828,-967613.566
G100000404497,S1,emission_factor,central,56100.0,-1760313.085,-823194.18
G100000404497,S1,emission_factor,low,54300.0,-1883784.713,-893161.436
G100000404497,S1,emission_factor,high,58300.0,-1609343.923,-737644.989
G100000404497,S2,lifetime,central,30,-720229.058,216889.847
G100000404497,S2,lifetime,low,25,-975600.467,-38481.562
G100000404497,S2,lifetime,high,40,66587.167,1003706.072
G100000404497,S2,capacity_factor,central,0.3626,-720229.058,216889.847
G100000404497,S2,capacity_factor,low,0.3626,-720229.058,216889.847
G100000404497,S2,capacity_factor,high,0.4091,-812591.585,244703.904
G100000404497,S2,efficiency,central,0.55,-720229.058,216889.847
G100000404497,S2,efficiency,low,0.511,-426469.356,383353.677
G100000404497,S2,efficiency,high,0.589,-975086.802,72470.46
G100000404497,S2,emission_factor,central,56100.0,-720229.058,216889.847
G100000404497,S2,emission_factor,low,54300.0,-843700.687,146922.59
G100000404497,S2,emission_factor,high,58300.0,-569259.894,302439.04
G100000404498,S1,lifetime,central,30,-1760313.085,-823194.18
G100000404498,S1,lifetime,low,25,-1563028.813,-625909.908
G100000404498,S1,lifetime,high,40,-2051109.844,-1113990.939
G100000404498,S1,capacity_factor,central,0.3626,-1760313.085,-823194.18
G100000404498,S1,capacity_factor,low,0.3626,-1760313.085,-823194.18
G100000404498,S1,capacity_factor,high,0.4091,-1986056.491,-928761.002
G100000404498,S1,efficiency,central,0.55,-1760313.085,-823194.18
G100000404498,S1,efficiency,low,0.511,-1466553.382,-656730.349
G100000404498,S1,efficiency,high,0.589,-2015170.828,-967613.566
G100000404498,S1,emission_factor,central,56100.0,-1760313.085,-823194.18
G100000404498,S1,emission_factor,low,54300.0,-1883784.713,-893161.436
G100000404498,S1,emission_factor,high,58300.0,-1609343.923,-737644.989
G100000404498,S2,lifetime,central,30,-720229.058,216889.847
G100000404498,S2,lifetime,low,25,-975600.467,-38481.562
G100000404498,S2,lifetime,high,40,66587.167,1003706.072
G100000404498,S2,capacity_factor,central,0.3626,-720229.058,216889.847
G100000404498,S2,capacity_factor,low,0.3626,-720229.058,216889.847
G100000404498,S2,capacity_factor,high,0.4091,-812591.585,244703.904
G100000404498,S2,efficiency,central,0.55,-720229.058,216889.847
G100000404498,S2,efficiency,low,0.511,-426469.356,383353.677
G100000404498,S2,efficiency,high,0.589,-975086.802,72470.46
G100000404498,S2,emission_factor,central,56100.0,-720229.058,216889.847
G100000404498,S2,emission_factor,low,54300.0,-843700.687,146922.59
G100000404498,S2,emission_factor,high,58300.0,-569259.894,302439.04
G100000404489,S1,lifetime,central,30,-1751604.698,-1133208.663
G100000404489,S1,lifetime,low,25,-1565069.344,-946673.309
G100000404489,S1,lifetime,high,40,-2010328.714,-1391932.679
G100000404489,S1,capacity_factor,central,0.3626,-1751604.698,-1133208.663
G100000404489,S1,capacity_factor,low,0.3626,-1751604.698,-1133208.663
G100000404489,S1,capacity_factor,high,0.4091,-1976231.331,-1278531.89
G100000404489,S1,efficiency,central,0.55,-1751604.698,-1133208.663
G100000404489,S1,efficiency,low,0.511,-1413781.031,-885471.308
G100000404489,S1,efficiency,high,0.589,-2044691.097,-1348138.69
G100000404489,S1,emission_factor,central,56100.0,-1751604.698,-1133208.663
G100000404489,S1,emission_factor,low,54300.0,-1893597.068,-1237336.401
G100000404489,S1,emission_factor,high,58300.0,-1577990.155,-1005891.332
G100000404489,S2,lifetime,central,30,40618.607,659014.642
G100000404489,S2,lifetime,low,25,-368972.711,249423.324
G100000404489,S2,lifetime,high,40,1094409.777,1712805.812
G100000404489,S2,capacity_factor,central,0.3626,40618.607,659014.642
G100000404489,S2,capacity_factor,low,0.3626,40618.607,659014.642
G100000404489,S2,capacity_factor,high,0.4091,45827.557,743526.998
G100000404489,S2,efficiency,central,0.55,40618.607,659014.642
G100000404489,S2,efficiency,low,0.511,378442.274,906751.997
G100000404489,S2,efficiency,high,0.589,-252467.795,444084.612
G100000404489,S2,emission_factor,central,56100.0,40618.607,659014.642
G100000404489,S2,emission_factor,low,54300.0,-101373.764,554886.903
G100000404489,S2,emission_factor,high,58300.0,214233.146,786331.969
G100000404499,S1,lifetime,central,30,-2128378.547,-995316.598
G100000404499,S1,lifetime,low,25,-1889843.929,-756781.98
G100000404499,S1,lifetime,high,40,-2479978.265,-1346916.316
G100000404499,S1,capacity_factor,central,0.3626,-2128378.547,-995316.598
G100000404499,S1,capacity_factor,low,0.3626,-2128378.547,-995316.598
G100000404499,S1,capacity_factor,high,0.4091,-2401322.848,-1122956.484
G100000404499,S1,efficiency,central,0.55,-2128378.547,-995316.598
G100000404499,S1,efficiency,low,0.511,-1773196.358,-794046.693
G100000404499,S1,efficiency,high,0.589,-2436524.73,-1169932.77
G100000404499,S1,emission_factor,central,56100.0,-2128378.547,-995316.598
G100000404499,S1,emission_factor,low,54300.0,-2277666.973,-1079913.373
G100000404499,S1,emission_factor,high,58300.0,-1945843.107,-891879.85
G100000404499,S2,lifetime,central,30,-870822.408,262239.541
G100000404499,S2,lifetime,low,25,-1179589.658,-46527.709
G100000404499,S2,lifetime,high,40,80509.935,1213571.884
G100000404499,S2,capacity_factor,central,0.3626,-870822.408,262239.541
G100000404499,S2,capacity_factor,low,0.3626,-870822.408,262239.541
G100000404499,S2,capacity_factor,high,0.4091,-982497.097,295869.267
G100000404499,S2,efficiency,central,0.55,-870822.408,262239.541
G100000404499,S2,efficiency,low,0.511,-515640.216,463509.449
G100000404499,S2,efficiency,high,0.589,-1178968.587,87623.373
G100000404499,S2,emission_factor,central,56100.0,-870822.408,262239.541
G100000404499,S2,emission_factor,low,54300.0,-1020110.831,177642.769
G100000404499,S2,emission_factor,high,58300.0,-688286.965,365676.292
G100000404490,S1,lifetime,central,30,-1968350.09,-920480.769
G100000404490,S1,lifetime,low,25,-1747750.404,-699881.083
G100000404490,S1,lifetime,high,40,-2293513.739,-1245644.418
G100000404490,S1,capacity_factor,central,0.3626,-1968350.09,-920480.769
G100000404490,S1,capacity_factor,low,0.3626,-1968350.09,-920480.769
G100000404490,S1,capacity_factor,high,0.4091,-2220772.259,-1038523.666
G100000404490,S1,efficiency,central,0.55,-1968350.09,-920480.769
G100000404490,S1,efficiency,low,0.511,-1639873.325,-734343.934
G100000404490,S1,efficiency,high,0.589,-2253327.381,-1081967.9
G100000404490,S1,emission_factor,central,56100.0,-1968350.09,-920480.769
G100000404490,S1,emission_factor,low,54300.0,-2106413.816,-998716.879
G100000404490,S1,emission_factor,high,58300.0,-1799539.112,-824821.213
G100000404490,S2,lifetime,central,30,-805347.04,242522.281
G100000404490,S2,lifetime,low,25,-1090898.707,-43029.386
G100000404490,S2,lifetime,high,40,74456.556,1122325.877
G100000404490,S2,capacity_factor,central,0.3626,-805347.04,242522.281
G100000404490,S2,capacity_factor,low,0.3626,-805347.04,242522.281
G100000404490,S2,capacity_factor,high,0.4091,-908625.135,273623.458
G100000404490,S2,efficiency,central,0.55,-805347.04,242522.281
G100000404490,S2,efficiency,low,0.511,-476870.275,428659.116
G100000404490,S2,efficiency,high,0.589,-1090324.333,81035.148
G100000404490,S2,emission_factor,central,56100.0,-805347.04,242522.281
G100000404490,S2,emission_factor,low,54300.0,-943410.768,164286.169
G100000404490,S2,emission_factor,high,58300.0,-636536.062,338181.837
G100000404491,S1,lifetime,central,30,-1710354.8,-1170432.469
G100000404491,S1,lifetime,low,25,-1530976.808,-991054.477
G100000404491,S1,lifetime,high,40,-1955288.882,-1415366.551
G100000404491,S1,capacity_factor,central,0.3626,-1710354.8,-1170432.469
G100000404491,S1,capacity_factor,low,0.3626,-1710354.8,-1170432.469
G100000404491,S1,capacity_factor,high,0.4091,-1929691.532,-1320529.301
G100000404491,S1,efficiency,central,0.55,-1710354.8,-1170432.469
G100000404491,S1,efficiency,low,0.511,-1371195.868,-910410.622
G100000404491,S1,efficiency,high,0.589,-2004599.649,-1396020.189
G100000404491,S1,emission_factor,central,56100.0,-1710354.8,-1170432.469
G100000404491,S1,emission_factor,low,54300.0,-1852908.406,-1279723.568
G100000404491,S1,emission_factor,high,58300.0,-1536054.039,-1036801.888
G100000404491,S2,lifetime,central,30,215076.046,754998.377
G100000404491,S2,lifetime,low,25,-215474.527,324447.804
G100000404491,S2,lifetime,high,40,1297885.212,1837807.543
G100000404491,S2,capacity_factor,central,0.3626,215076.046,754998.377
G100000404491,S2,capacity_factor,low,0.3626,215076.046,754998.377
G100000404491,S2,capacity_factor,high,0.4091,242657.504,851819.735
G100000404491,S2,efficiency,central,0.55,215076.046,754998.377
G100000404491,S2,efficiency,low,0.511,554234.979,1015020.225
G100000404491,S2,efficiency,high,0.589,-79168.798,529410.662
G100000404491,S2,emission_factor,central,56100.0,215076.046,754998.377
G100000404491,S2,emission_factor,low,54300.0,72522.441,645707.279
G100000404491,S2,emission_factor,high,58300.0,389376.812,888628.963
G100000401103,S1,lifetime,central,30,-1818093.687,-1244160.501
G100000401103,S1,lifetime,low,25,-1627416.293,-1053483.107
G100000401103,S1,lifetime,high,40,-2078456.689,-1504523.503
G100000401103,S1,capacity_factor,central,0.3626,-1818093.687,-1244160.501
G100000401103,S1,capacity_factor,low,0.3626,-1818093.687,-1244160.501
G100000401103,S1,capacity_factor,high,0.4091,-2051246.904,-1403712.249
G100000401103,S1,efficiency,central,0.55,-1818093.687,-1244160.501
G100000401103,S1,efficiency,low,0.511,-1457570.411,-967759.323
G100000401103,S1,efficiency,high,0.589,-2130873.643,-1483958.468
G100000401103,S1,emission_factor,central,56100.0,-1818093.687,-1244160.501
G100000401103,S1,emission_factor,low,54300.0,-1969627.047,-1360336.077
G100000401103,S1,emission_factor,high,58300.0,-1632813.351,-1102112.245
G100000401103,S2,lifetime,central,30,228624.144,802557.33
G100000401103,S2,lifetime,low,25,-229047.725,344885.461
G100000401103,S2,lifetime,high,40,1379641.761,1953574.947
G100000401103,S2,capacity_factor,central,0.3626,228624.144,802557.33
G100000401103,S2,capacity_factor,low,0.3626,228624.144,802557.33
G100000401103,S2,capacity_factor,high,0.4091,257943.018,905477.673
G100000401103,S2,efficiency,central,0.55,228624.144,802557.33
G100000401103,S2,efficiency,low,0.511,589147.419,1078958.507
G100000401103,S2,efficiency,high,0.589,-84155.811,562759.364
G100000401103,S2,emission_factor,central,56100.0,228624.144,802557.33
G100000401103,S2,emission_factor,low,54300.0,77090.783,686381.753
G100000401103,S2,emission_factor,high,58300.0,413904.486,944605.592
G100000401104,S1,lifetime,central,30,-1723822.161,-1179648.474
G100000401104,S1,lifetime,low,25,-1543031.744,-998858.057
G100000401104,S1,lifetime,high,40,-1970684.861,-1426511.174
G100000401104,S1,capacity_factor,central,0.3626,-1723822.161,-1179648.474
G100000401104,S1,capacity_factor,low,0.3626,-1723822.161,-1179648.474
G100000401104,S1,capacity_factor,high,0.4091,-1944885.954,-1330927.169
G100000401104,S1,efficiency,central,0.55,-1723822.161,-1179648.474
G100000401104,S1,efficiency,low,0.511,-1381992.686,-917579.211
G100000401104,S1,efficiency,high,0.589,-2020383.897,-1407012.472
G100000401104,S1,emission_factor,central,56100.0,-1723822.161,-1179648.474
G100000401104,S1,emission_factor,low,54300.0,-1867498.241,-1289800.136
G100000401104,S1,emission_factor,high,58300.0,-1548148.951,-1044965.68
G100000401104,S2,lifetime,central,30,216769.558,760943.245
G100000401104,S2,lifetime,low,25,-217171.176,327002.511
G100000401104,S2,lifetime,high,40,1308104.777,1852278.464
G100000401104,S2,capacity_factor,central,0.3626,216769.558,760943.245
G100000401104,S2,capacity_factor,low,0.3626,216769.558,760943.245
G100000401104,S2,capacity_factor,high,0.4091,244568.191,858526.976
G100000401104,S2,efficiency,central,0.55,216769.558,760943.245
G100000401104,S2,efficiency,low,0.511,558599.038,1023012.513
G100000401104,S2,efficiency,high,0.589,-79792.176,533579.249
G100000401104,S2,emission_factor,central,56100.0,216769.558,760943.245
G100000401104,S2,emission_factor,low,54300.0,73093.483,650791.588
G100000401104,S2,emission_factor,high,58300.0,392442.769,895626.04
G100000401105,S1,lifetime,central,30,-1723822.161,-1179648.474
G100000401105,S1,lifetime,low,25,-1543031.744,-998858.057
G100000401105,S1,lifetime,high,40,-1970684.861,-1426511.174
G100000401105,S1,capacity_factor,central,0.3626,-1723822.161,-1179648.474
G100000401105,S1,capacity_factor,low,0.3626,-1723822.161,-1179648.474
G100000401105,S1,capacity_factor,high,0.4091,-1944885.954,-1330927.169
G100000401105,S1,efficiency,central,0.55,-1723822.161,-1179648.474
G100000401105,S1,efficiency,low,0.511,-1381992.686,-917579.211
G100000401105,S1,efficiency,high,0.589,-2020383.897,-1407012.472
G100000401105,S1,emission_factor,central,56100.0,-1723822.161,-1179648.474
G100000401105,S1,emission_factor,low,54300.0,-1867498.241,-1289800.136
G100000401105,S1,emission_factor,high,58300.0,-1548148.951,-1044965.68
G100000401105,S2,lifetime,central,30,216769.558,760943.245
G100000401105,S2,lifetime,low,25,-217171.176,327002.511
G100000401105,S2,lifetime,high,40,1308104.777,1852278.464
G100000401105,S2,capacity_factor,central,0.3626,216769.558,760943.245
G100000401105,S2,capacity_factor,low,0.3626,216769.558,760943.245
G100000401105,S2,capacity_factor,high,0.4091,244568.191,858526.976
G100000401105,S2,efficiency,central,0.55,216769.558,760943.245
G100000401105,S2,efficiency,low,0.511,558599.038,1023012.513
G100000401105,S2,efficiency,high,0.589,-79792.176,533579.249
G100000401105,S2,emission_factor,central,56100.0,216769.558,760943.245
G100000401105,S2,emission_factor,low,54300.0,73093.483,650791.588
G100000401105,S2,emission_factor,high,58300.0,392442.769,895626.04
G100000404500,S1,lifetime,central,30,-1824324.47,-853128.515
G100000404500,S1,lifetime,low,25,-1619866.224,-648670.269
G100000404500,S1,lifetime,high,40,-2125695.656,-1154499.701
G100000404500,S1,capacity_factor,central,0.3626,-1824324.47,-853128.515
G100000404500,S1,capacity_factor,low,0.3626,-1824324.47,-853128.515
G100000404500,S1,capacity_factor,high,0.4091,-2058276.728,-962534.131
G100000404500,S1,efficiency,central,0.55,-1824324.47,-853128.515
G100000404500,S1,efficiency,low,0.511,-1519882.596,-680611.453
G100000404500,S1,efficiency,high,0.589,-2088449.768,-1002799.516
G100000404500,S1,emission_factor,central,56100.0,-1824324.47,-853128.515
G100000404500,S1,emission_factor,low,54300.0,-1952285.977,-925640.035
G100000404500,S1,emission_factor,high,58300.0,-1667865.519,-764468.442
G100000404500,S2,lifetime,central,30,-746419.205,224776.75
G100000404500,S2,lifetime,low,25,-1011076.847,-39880.892
G100000404500,S2,lifetime,high,40,69008.519,1040204.474
G100000404500,S2,capacity_factor,central,0.3626,-746419.205,224776.75
G100000404500,S2,capacity_factor,low,0.3626,-746419.205,224776.75
G100000404500,S2,capacity_factor,high,0.4091,-842140.366,253602.231
G100000404500,S2,efficiency,central,0.55,-746419.205,224776.75
G100000404500,S2,efficiency,low,0.511,-441977.329,397293.814
G100000404500,S2,efficiency,high,0.589,-1010544.503,75105.749
G100000404500,S2,emission_factor,central,56100.0,-746419.205,224776.75
G100000404500,S2,emission_factor,low,54300.0,-874380.711,152265.231
G100000404500,S2,emission_factor,high,58300.0,-589960.253,313436.824
G100000404492,S1,lifetime,central,30,-1972587.035,-1201566.669
G100000404492,S1,lifetime,low,25,-1759980.741,-988960.375
G100000404492,S1,lifetime,high,40,-2271713.979,-1500693.613
G100000404492,S1,capacity_factor,central,0.3626,-1972587.035,-1201566.669
G100000404492,S1,capacity_factor,low,0.3626,-1972587.035,-1201566.669
G100000404492,S1,capacity_factor,high,0.4091,-2225552.557,-1355656.165
G100000404492,S1,efficiency,central,0.55,-1972587.035,-1201566.669
G100000404492,S1,efficiency,low,0.511,-1603250.97,-943031.424
G100000404492,S1,efficiency,high,0.589,-2293012.727,-1425864.654
G100000404492,S1,emission_factor,central,56100.0,-1972587.035,-1201566.669
G100000404492,S1,emission_factor,low,54300.0,-2127824.549,-1310232.929
G100000404492,S1,emission_factor,high,58300.0,-1782777.622,-1068700.081
G100000404492,S2,lifetime,central,30,-148501.348,622519.018
G100000404492,S2,lifetime,low,25,-573924.841,197095.525
G100000404492,S2,lifetime,high,40,974836.019,1745856.385
G100000404492,S2,capacity_factor,central,0.3626,-148501.348,622519.018
G100000404492,S2,capacity_factor,low,0.3626,-148501.348,622519.018
G100000404492,S2,capacity_factor,high,0.4091,-167545.236,702351.156
G100000404492,S2,efficiency,central,0.55,-148501.348,622519.018
G100000404492,S2,efficiency,low,0.511,220834.716,881054.262
G100000404492,S2,efficiency,high,0.589,-468927.038,398221.035
G100000404492,S2,emission_factor,central,56100.0,-148501.348,622519.018
G100000404492,S2,emission_factor,low,54300.0,-303738.862,513852.758
G100000404492,S2,emission_factor,high,58300.0,41308.064,755385.605
G100000404493,S1,lifetime,central,30,-1972587.035,-1201566.669
G100000404493,S1,lifetime,low,25,-1759980.741,-988960.375
G100000404493,S1,lifetime,high,40,-2271713.979,-1500693.613
G100000404493,S1,capacity_factor,central,0.3626,-1972587.035,-1201566.669
G100000404493,S1,capacity_factor,low,0.3626,-1972587.035,-1201566.669
G100000404493,S1,capacity_factor,high,0.4091,-2225552.557,-1355656.165
G100000404493,S1,efficiency,central,0.55,-1972587.035,-1201566.669
G100000404493,S1,efficiency,low,0.511,-1603250.97,-943031.424
G100000404493,S1,efficiency,high,0.589,-2293012.727,-1425864.654
G100000404493,S1,emission_factor,central,56100.0,-1972587.035,-1201566.669
G100000404493,S1,emission_factor,low,54300.0,-2127824.549,-1310232.929
G100000404493,S1,emission_factor,high,58300.0,-1782777.622,-1068700.081
G100000404493,S2,lifetime,central,30,-148501.348,622519.018
G100000404493,S2,lifetime,low,25,-573924.841,197095.525
G100000404493,S2,lifetime,high,40,974836.019,1745856.385
G100000404493,S2,capacity_factor,central,0.3626,-148501.348,622519.018
G100000404493,S2,capacity_factor,low,0.3626,-148501.348,622519.018
G100000404493,S2,capacity_factor,high,0.4091,-167545.236,702351.156
G100000404493,S2,efficiency,central,0.55,-148501.348,622519.018
G100000404493,S2,efficiency,low,0.511,220834.716,881054.262
G100000404493,S2,efficiency,high,0.589,-468927.038,398221.035
G100000404493,S2,emission_factor,central,56100.0,-148501.348,622519.018
G100000404493,S2,emission_factor,low,54300.0,-303738.862,513852.758
G100000404493,S2,emission_factor,high,58300.0,41308.064,755385.605
G100000404494,S1,lifetime,central,30,-1854203.289,-1129455.295
G100000404494,S1,lifetime,low,25,-1654356.447,-929608.453
G100000404494,S1,lifetime,high,40,-2135378.291,-1410630.297
G100000404494,S1,capacity_factor,central,0.3626,-1854203.289,-1129455.295
G100000404494,S1,capacity_factor,low,0.3626,-1854203.289,-1129455.295
G100000404494,S1,capacity_factor,high,0.4091,-2091987.219,-1274297.191
G100000404494,S1,efficiency,central,0.55,-1854203.289,-1129455.295
G100000404494,S1,efficiency,low,0.511,-1507032.728,-886435.903
G100000404494,S1,efficiency,high,0.589,-2155398.801,-1340292.153
G100000404494,S1,emission_factor,central,56100.0,-1854203.289,-1129455.295
G100000404494,S1,emission_factor,low,54300.0,-2000124.307,-1231600.008
G100000404494,S1,emission_factor,high,58300.0,-1675785.188,-1004562.625
G100000404494,S2,lifetime,central,30,-139589.122,585158.872
G100000404494,S2,lifetime,low,25,-539481.053,185266.941
G100000404494,S2,lifetime,high,40,916331.756,1641079.75
G100000404494,S2,capacity_factor,central,0.3626,-139589.122,585158.872
G100000404494,S2,capacity_factor,low,0.3626,-139589.122,585158.872
G100000404494,S2,capacity_factor,high,0.4091,-157490.098,660199.93
G100000404494,S2,efficiency,central,0.55,-139589.122,585158.872
G100000404494,S2,efficiency,low,0.511,207581.439,828178.264
G100000404494,S2,efficiency,high,0.589,-440784.632,374322.016
G100000404494,S2,emission_factor,central,56100.0,-139589.122,585158.872
G100000404494,S2,emission_factor,low,54300.0,-285510.136,483014.163
G100000404494,S2,emission_factor,high,58300.0,38828.982,710051.545
G100000404495,S1,lifetime,central,30,-1800068.065,-1164562.261
G100000404495,S1,lifetime,low,25,-1608371.654,-972865.85
G100000404495,S1,lifetime,high,40,-2065950.452,-1430444.648
G100000404495,S1,capacity_factor,central,0.3626,-1800068.065,-1164562.261
G100000404495,S1,capacity_factor,low,0.3626,-1800068.065,-1164562.261
G100000404495,S1,capacity_factor,high,0.4091,-2030909.668,-1313906.291
G100000404495,S1,efficiency,central,0.55,-1800068.065,-1164562.261
G100000404495,S1,efficiency,low,0.511,-1452897.505,-909970.517
G100000404495,S1,efficiency,high,0.589,-2101263.577,-1385438.969
G100000404495,S1,emission_factor,central,56100.0,-1800068.065,-1164562.261
G100000404495,S1,emission_factor,low,54300.0,-1945989.083,-1271571.007
G100000404495,S1,emission_factor,high,58300.0,-1621649.964,-1033722.32
G100000404495,S2,lifetime,central,30,41742.443,677248.247
G100000404495,S2,lifetime,low,25,-379181.442,256324.362
G100000404495,S2,lifetime,high,40,1124689.888,1760195.692
G100000404495,S2,capacity_factor,central,0.3626,41742.443,677248.247
G100000404495,S2,capacity_factor,low,0.3626,41742.443,677248.247
G100000404495,S2,capacity_factor,high,0.4091,47095.515,764098.892
G100000404495,S2,efficiency,central,0.55,41742.443,677248.247
G100000404495,S2,efficiency,low,0.511,388913.004,931839.992
G100000404495,S2,efficiency,high,0.589,-259453.067,456371.541
G100000404495,S2,emission_factor,central,56100.0,41742.443,677248.247
G100000404495,S2,emission_factor,low,54300.0,-104178.571,570239.505
G100000404495,S2,emission_factor,high,58300.0,220160.547,808088.191
G100000404496,S1,lifetime,central,30,-1954045.005,-1190272.119
G100000404496,S1,lifetime,low,25,-1743437.179,-979664.293
G100000404496,S1,lifetime,high,40,-2250360.2,-1486587.314
G100000404496,S1,capacity_factor,central,0.3626,-1954045.005,-1190272.119
G100000404496,S1,capacity_factor,low,0.3626,-1954045.005,-1190272.119
G100000404496,S1,capacity_factor,high,0.4091,-2204632.687,-1342913.194
G100000404496,S1,efficiency,central,0.55,-1954045.005,-1190272.119
G100000404496,S1,efficiency,low,0.511,-1588180.641,-934167.063
G100000404496,S1,efficiency,high,0.589,-2271458.738,-1412461.732
G100000404496,S1,emission_factor,central,56100.0,-1954045.005,-1190272.119
G100000404496,S1,emission_factor,low,54300.0,-2107823.304,-1297916.927
G100000404496,S1,emission_factor,high,58300.0,-1766019.77,-1058654.453
G100000404496,S2,lifetime,central,30,-147105.458,616667.428
G100000404496,S2,lifetime,low,25,-568530.031,195242.855
G100000404496,S2,lifetime,high,40,965672.699,1729445.585
G100000404496,S2,capacity_factor,central,0.3626,-147105.458,616667.428
G100000404496,S2,capacity_factor,low,0.3626,-147105.458,616667.428
G100000404496,S2,capacity_factor,high,0.4091,-165970.334,695749.159
G100000404496,S2,efficiency,central,0.55,-147105.458,616667.428
G100000404496,S2,efficiency,low,0.511,218758.902,872772.48
G100000404496,S2,efficiency,high,0.589,-464519.191,394477.815
G100000404496,S2,emission_factor,central,56100.0,-147105.458,616667.428
G100000404496,S2,emission_factor,low,54300.0,-300883.759,509022.618
G100000404496,S2,emission_factor,high,58300.0,40919.773,748285.09
G100000404427,S1,lifetime,central,30,-13440565.584,-3884260.828
G100000404427,S1,lifetime,low,25,-11829724.21,-2273419.454
G100000404427,S1,lifetime,high,40,-15933383.115,-6377078.359
G100000404427,S1,capacity_factor,central,0.3626,-13440565.584,-3884260.828
G100000404427,S1,capacity_factor,low,0.3626,-13440565.584,-3884260.828
G100000404427,S1,capacity_factor,high,0.4091,-15164190.238,-4382380.322
G100000404427,S1,efficiency,central,0.55,-13440565.584,-3884260.828
G100000404427,S1,efficiency,low,0.511,-11480387.18,-3165528.746
G100000404427,S1,efficiency,high,0.589,-15141161.788,-4507812.769
G100000404427,S1,emission_factor,central,56100.0,-13440565.584,-3884260.828
G100000404427,S1,emission_factor,low,54300.0,-14264458.078,-4186354.742
G100000404427,S1,emission_factor,high,58300.0,-12433189.52,-3514889.604
G100000404427,S2,lifetime,central,30,-10053584.654,-497279.898
G100000404427,S2,lifetime,low,25,-10629977.052,-1073672.296
G100000404427,S2,lifetime,high,40,-6252407.735,3303897.021
G100000404427,S2,capacity_factor,central,0.3626,-10053584.654,-497279.898
G100000404427,S2,capacity_factor,low,0.3626,-10053584.654,-497279.898
G100000404427,S2,capacity_factor,high,0.4091,-11342861.229,-561051.313
G100000404427,S2,efficiency,central,0.55,-10053584.654,-497279.898
G100000404427,S2,efficiency,low,0.511,-8093406.249,221452.185
G100000404427,S2,efficiency,high,0.589,-11754180.86,-1120831.841
G100000404427,S2,emission_factor,central,56100.0,-10053584.654,-497279.898
G100000404427,S2,emission_factor,low,54300.0,-10877477.15,-799373.814
G100000404427,S2,emission_factor,high,58300.0,-9046208.589,-127908.673
G100000404428,S1,lifetime,central,30,-13177104.078,-4176526.124
G100000404428,S1,lifetime,low,25,-11616386.529,-2615808.575
G100000404428,S1,lifetime,high,40,-15575875.642,-6575297.688
G100000404428,S1,capacity_factor,central,0.3626,-13177104.078,-4176526.124
G100000404428,S1,capacity_factor,low,0.3626,-13177104.078,-4176526.124
G100000404428,S1,capacity_factor,high,0.4091,-14866942.3,-4712125.861
G100000404428,S1,efficiency,central,0.55,-13177104.078,-4176526.124
G100000404428,S1,efficiency,low,0.511,-11216925.673,-3392454.761
G100000404428,S1,efficiency,high,0.589,-14877700.282,-4856764.605
G100000404428,S1,emission_factor,central,56100.0,-13177104.078,-4176526.124
G100000404428,S1,emission_factor,low,54300.0,-14000996.572,-4506083.121
G100000404428,S1,emission_factor,high,58300.0,-12169728.013,-3773575.697
G100000404428,S2,lifetime,central,30,-9257354.932,-256776.978
G100000404428,S2,lifetime,low,25,-10051212.394,-1050634.44
G100000404428,S2,lifetime,high,40,-5176730.152,3823847.802
G100000404428,S2,capacity_factor,central,0.3626,-9257354.932,-256776.978
G100000404428,S2,capacity_factor,low,0.3626,-9257354.932,-256776.978
G100000404428,S2,capacity_factor,high,0.4091,-10444522.62,-289706.181
G100000404428,S2,efficiency,central,0.55,-9257354.932,-256776.978
G100000404428,S2,efficiency,low,0.511,-7297176.527,527294.385
G100000404428,S2,efficiency,high,0.589,-10957951.138,-937015.461
G100000404428,S2,emission_factor,central,56100.0,-9257354.932,-256776.978
G100000404428,S2,emission_factor,low,54300.0,-10081247.428,-586333.977
G100000404428,S2,emission_factor,high,58300.0,-8249978.866,146173.45
G100000404445,S1,lifetime,central,30,-2291445.33,-239809.428
G100000404445,S1,lifetime,low,25,-1987552.453,0
G100000404445,S1,lifetime,high,40,-2780105.501,-728469.599
G100000404445,S1,capacity_factor,central,0.3626,-2291445.33,-239809.428
G100000404445,S1,capacity_factor,low,0.3626,-2291445.33,-239809.428
G100000404445,S1,capacity_factor,high,0.4091,-2585301.391,-270562.705
G100000404445,S1,efficiency,central,0.55,-2291445.33,-239809.428
G100000404445,S1,efficiency,low,0.511,-1989673.993,-199573.249
G100000404445,S1,efficiency,high,0.589,-2553253.737,-274717.215
G100000404445,S1,emission_factor,central,56100.0,-2291445.33,-239809.428
G100000404445,S1,emission_factor,low,54300.0,-2418284.364,-256721.299
G100000404445,S1,emission_factor,high,58300.0,-2136358.824,-219131.227
G100000404445,S2,lifetime,central,30,-2199526.032,-147890.13
G100000404445,S2,lifetime,low,25,-1987552.453,0
G100000404445,S2,lifetime,high,40,-2000750.328,50885.574
G100000404445,S2,capacity_factor,central,0.3626,-2199526.032,-147890.13
G100000404445,S2,capacity_factor,low,0.3626,-2199526.032,-147890.13
G100000404445,S2,capacity_factor,high,0.4091,-2481594.316,-166855.63
G100000404445,S2,efficiency,central,0.55,-2199526.032,-147890.13
G100000404445,S2,efficiency,low,0.511,-1897754.694,-107653.95
G100000404445,S2,efficiency,high,0.589,-2461334.439,-182797.917
G100000404445,S2,emission_factor,central,56100.0,-2199526.032,-147890.13
G100000404445,S2,emission_factor,low,54300.0,-2326365.066,-164802.001
G100000404445,S2,emission_factor,high,58300.0,-2044439.526,-127211.929
G100000404446,S1,lifetime,central,30,-12462080.01,-6242862.857
G100000404446,S1,lifetime,low,25,-11079185.765,-4859968.612
G100000404446,S1,lifetime,high,40,-14479585.21,-8260368.057
G100000404446,S1,capacity_factor,central,0.3626,-12462080.01,-6242862.857
G100000404446,S1,capacity_factor,low,0.3626,-12462080.01,-6242862.857
G100000404446,S1,capacity_factor,high,0.4091,-14060223.201,-7043450.619
G100000404446,S1,efficiency,central,0.55,-12462080.01,-6242862.857
G100000404446,S1,efficiency,low,0.511,-10325645.783,-4961002.321
G100000404446,S1,efficiency,high,0.589,-14315590.859,-7354969.366
G100000404446,S1,emission_factor,central,56100.0,-12462080.01,-6242862.857
G100000404446,S1,emission_factor,low,54300.0,-13360055.483,-6781648.141
G100000404446,S1,emission_factor,high,58300.0,-11364122.449,-5584088.321
G100000404446,S2,lifetime,central,30,-4175451.454,2043765.699
G100000404446,S2,lifetime,low,25,-6197563.416,21653.737
G100000404446,S2,lifetime,high,40,1758703.995,7977921.148
G100000404446,S2,capacity_factor,central,0.3626,-4175451.454,2043765.699
G100000404446,S2,capacity_factor,low,0.3626,-4175451.454,2043765.699
G100000404446,S2,capacity_factor,high,0.4091,-4710913.376,2305859.206
G100000404446,S2,efficiency,central,0.55,-4175451.454,2043765.699
G100000404446,S2,efficiency,low,0.511,-2039017.227,3325626.235
G100000404446,S2,efficiency,high,0.589,-6028962.303,931659.19
G100000404446,S2,emission_factor,central,56100.0,-4175451.454,2043765.699
G100000404446,S2,emission_factor,low,54300.0,-5073426.927,1504980.415
G100000404446,S2,emission_factor,high,58300.0,-3077493.89,2702540.238
G100000404447,S1,lifetime,central,30,-12462080.01,-6242862.857
G100000404447,S1,lifetime,low,25,-11079185.765,-4859968.612
G100000404447,S1,lifetime,high,40,-14479585.21,-8260368.057
G100000404447,S1,capacity_factor,central,0.3626,-12462080.01,-6242862.857
G100000404447,S1,capacity_factor,low,0.3626,-12462080.01,-6242862.857
G100000404447,S1,capacity_factor,high,0.4091,-14060223.201,-7043450.619
G100000404447,S1,efficiency,central,0.55,-12462080.01,-6242862.857
G100000404447,S1,efficiency,low,0.511,-10325645.783,-4961002.321
G100000404447,S1,efficiency,high,0.589,-14315590.859,-7354969.366
G100000404447,S1,emission_factor,central,56100.0,-12462080.01,-6242862.857
G100000404447,S1,emission_factor,low,54300.0,-13360055.483,-6781648.141
G100000404447,S1,emission_factor,high,58300.0,-11364122.449,-5584088.321
G100000404447,S2,lifetime,central,30,-4175451.454,2043765.699
G100000404447,S2,lifetime,low,25,-6197563.416,21653.737
G100000404447,S2,lifetime,high,40,1758703.995,7977921.148
G100000404447,S2,capacity_factor,central,0.3626,-4175451.454,2043765.699
G100000404447,S2,capacity_factor,low,0.3626,-4175451.454,2043765.699
G100000404447,S2,capacity_factor,high,0.4091,-4710913.376,2305859.206
G100000404447,S2,efficiency,central,0.55,-4175451.454,2043765.699
G100000404447,S2,efficiency,low,0.511,-2039017.227,3325626.235
G100000404447,S2,efficiency,high,0.589,-6028962.303,931659.19
G100000404447,S2,emission_factor,central,56100.0,-4175451.454,2043765.699
G100000404447,S2,emission_factor,low,54300.0,-5073426.927,1504980.415
G100000404447,S2,emission_factor,high,58300.0,-3077493.89,2702540.238
G100000401098,S1,lifetime,central,30,-7417621.136,-6329493.98
G100000401098,S1,lifetime,low,25,-6686984.179,-5598857.023
G100000401098,S1,lifetime,high,40,-8337568.91,-7249441.754
G100000401098,S1,capacity_factor,central,0.3626,-7417621.136,-6329493.98
G100000401098,S1,capacity_factor,low,0.3626,-7417621.136,-6329493.98
G100000401098,S1,capacity_factor,high,0.4091,-8368860.468,-7141191.358
G100000401098,S1,efficiency,central,0.55,-7417621.136,-6329493.98
G100000401098,S1,efficiency,low,0.511,-5748531.896,-4827313.664
G100000401098,S1,efficiency,high,0.589,-8865676.484,-7632743.793
G100000401098,S1,emission_factor,central,56100.0,-7417621.136,-6329493.98
G100000401098,S1,emission_factor,low,54300.0,-8119164.471,-6960882.982
G100000401098,S1,emission_factor,high,58300.0,-6559841.791,-5557492.569
G100000401098,S2,lifetime,central,30,4614748.238,5702875.394
G100000401098,S2,lifetime,low,25,2167874.038,3256001.194
G100000401098,S2,lifetime,high,40,10365050.899,11453178.055
G100000401098,S2,capacity_factor,central,0.3626,4614748.238,5702875.394
G100000401098,S2,capacity_factor,low,0.3626,4614748.238,5702875.394
G100000401098,S2,capacity_factor,high,0.4091,5206545.796,6434214.906
G100000401098,S2,efficiency,central,0.55,4614748.238,5702875.394
G100000401098,S2,efficiency,low,0.511,6283837.478,7205055.71
G100000401098,S2,efficiency,high,0.589,3166692.891,4399625.582
G100000401098,S2,emission_factor,central,56100.0,4614748.238,5702875.394
G100000401098,S2,emission_factor,low,54300.0,3913204.902,5071486.391
G100000401098,S2,emission_factor,high,58300.0,5472527.585,6474876.807
G100000401099,S1,lifetime,central,30,-7417621.136,-6329493.98
G100000401099,S1,lifetime,low,25,-6686984.179,-5598857.023
G100000401099,S1,lifetime,high,40,-8337568.91,-7249441.754
G100000401099,S1,capacity_factor,central,0.3626,-7417621.136,-6329493.98
G100000401099,S1,capacity_factor,low,0.3626,-7417621.136,-6329493.98
G100000401099,S1,capacity_factor,high,0.4091,-8368860.468,-7141191.358
G100000401099,S1,efficiency,central,0.55,-7417621.136,-6329493.98
G100000401099,S1,efficiency,low,0.511,-5748531.896,-4827313.664
G100000401099,S1,efficiency,high,0.589,-8865676.484,-7632743.793
G100000401099,S1,emission_factor,central,56100.0,-7417621.136,-6329493.98
G100000401099,S1,emission_factor,low,54300.0,-8119164.471,-6960882.982
G100000401099,S1,emission_factor,high,58300.0,-6559841.791,-5557492.569
G100000401099,S2,lifetime,central,30,4614748.238,5702875.394
G100000401099,S2,lifetime,low,25,2167874.038,3256001.194
G100000401099,S2,lifetime,high,40,10365050.899,11453178.055
G100000401099,S2,capacity_factor,central,0.3626,4614748.238,5702875.394
G100000401099,S2,capacity_factor,low,0.3626,4614748.238,5702875.394
G100000401099,S2,capacity_factor,high,0.4091,5206545.796,6434214.906
G100000401099,S2,efficiency,central,0.55,4614748.238,5702875.394
G100000401099,S2,efficiency,low,0.511,6283837.478,7205055.71
G100000401099,S2,efficiency,high,0.589,3166692.891,4399625.582
G100000401099,S2,emission_factor,central,56100.0,4614748.238,5702875.394
G100000401099,S2,emission_factor,low,54300.0,3913204.902,5071486.391
G100000401099,S2,emission_factor,high,58300.0,5472527.585,6474876.807
G100000401100,S1,lifetime,central,30,-7180147.524,-6453412.547
G100000401100,S1,lifetime,low,25,-6486737.297,-5760002.32
G100000401100,S1,lifetime,high,40,-8030247.584,-7303512.607
G100000401100,S1,capacity_factor,central,0.3626,-7180147.524,-6453412.547
G100000401100,S1,capacity_factor,low,0.3626,-7180147.524,-6453412.547
G100000401100,S1,capacity_factor,high,0.4091,-8100933.124,-7281001.302
G100000401100,S1,efficiency,central,0.55,-7180147.524,-6453412.547
G100000401100,S1,efficiency,low,0.511,-5511058.284,-4895595.923
G100000401100,S1,efficiency,high,0.589,-8628202.872,-7804930.872
G100000401100,S1,emission_factor,central,56100.0,-7180147.524,-6453412.547
G100000401100,S1,emission_factor,low,54300.0,-7881690.859,-7108186.327
G100000401100,S1,emission_factor,high,58300.0,-6322368.178,-5652818.491
G100000401100,S2,lifetime,central,30,5506015.917,6232750.894
G100000401100,S2,lifetime,low,25,2988808.216,3715543.193
G100000401100,S2,lifetime,high,40,11346698.784,12073433.761
G100000401100,S2,capacity_factor,central,0.3626,5506015.917,6232750.894
G100000401100,S2,capacity_factor,low,0.3626,5506015.917,6232750.894
G100000401100,S2,capacity_factor,high,0.4091,6212110.076,7032041.898
G100000401100,S2,efficiency,central,0.55,5506015.917,6232750.894
G100000401100,S2,efficiency,low,0.511,7175105.157,7790567.518
G100000401100,S2,efficiency,high,0.589,4057960.571,4881232.571
G100000401100,S2,emission_factor,central,56100.0,5506015.917,6232750.894
G100000401100,S2,emission_factor,low,54300.0,4804472.582,5577977.114
G100000401100,S2,emission_factor,high,58300.0,6363795.265,7033344.952
G100000401101,S1,lifetime,central,30,-7180147.524,-6453412.547
G100000401101,S1,lifetime,low,25,-6486737.297,-5760002.32
G100000401101,S1,lifetime,high,40,-8030247.584,-7303512.607
G100000401101,S1,capacity_factor,central,0.3626,-7180147.524,-6453412.547
G100000401101,S1,capacity_factor,low,0.3626,-7180147.524,-6453412.547
G100000401101,S1,capacity_factor,high,0.4091,-8100933.124,-7281001.302
G100000401101,S1,efficiency,central,0.55,-7180147.524,-6453412.547
G100000401101,S1,efficiency,low,0.511,-5511058.284,-4895595.923
G100000401101,S1,efficiency,high,0.589,-8628202.872,-7804930.872
G100000401101,S1,emission_factor,central,56100.0,-7180147.524,-6453412.547
G100000401101,S1,emission_factor,low,54300.0,-7881690.859,-7108186.327
G100000401101,S1,emission_factor,high,58300.0,-6322368.178,-5652818.491
G100000401101,S2,lifetime,central,30,5506015.917,6232750.894
G100000401101,S2,lifetime,low,25,2988808.216,3715543.193
G100000401101,S2,lifetime,high,40,11346698.784,12073433.761
G100000401101,S2,capacity_factor,central,0.3626,5506015.917,6232750.894
G100000401101,S2,capacity_factor,low,0.3626,5506015.917,6232750.894
G100000401101,S2,capacity_factor,high,0.4091,6212110.076,7032041.898
G100000401101,S2,efficiency,central,0.55,5506015.917,6232750.894
G100000401101,S2,efficiency,low,0.511,7175105.157,7790567.518
G100000401101,S2,efficiency,high,0.589,4057960.571,4881232.571
G100000401101,S2,emission_factor,central,56100.0,5506015.917,6232750.894
G100000401101,S2,emission_factor,low,54300.0,4804472.582,5577977.114
G100000401101,S2,emission_factor,high,58300.0,6363795.265,7033344.952
G100000404434,S1,capacity_factor,central,0.3626,-569580.122,0
G100000404434,S1,capacity_factor,low,0.3626,-569580.122,0
G100000404434,S1,capacity_factor,high,0.4091,-642623.352,0
G100000404434,S1,efficiency,central,0.55,-569580.122,0
G100000404434,S1,efficiency,low,0.511,-491244.199,0
G100000404434,S1,efficiency,high,0.589,-637542.186,0
G100000404434,S1,emission_factor,central,56100.0,-569580.122,0
G100000404434,S1,emission_factor,low,54300.0,-602505.888,0
G100000404434,S1,emission_factor,high,58300.0,-529321.678,0
G100000404434,S2,capacity_factor,central,0.3626,-569580.122,0
G100000404434,S2,capacity_factor,low,0.3626,-569580.122,0
G100000404434,S2,capacity_factor,high,0.4091,-642623.352,0
G100000404434,S2,efficiency,central,0.55,-569580.122,0
G100000404434,S2,efficiency,low,0.511,-491244.199,0
G100000404434,S2,efficiency,high,0.589,-637542.186,0
G100000404434,S2,emission_factor,central,56100.0,-569580.122,0
G100000404434,S2,emission_factor,low,54300.0,-602505.888,0
G100000404434,S2,emission_factor,high,58300.0,-529321.678,0
G100000404508,S1,lifetime,central,30,-11764660.919,-6724590.77
G100000404508,S1,lifetime,low,25,-10484246.983,-5444176.834
G100000404508,S1,lifetime,high,40,-13589884.325,-8549814.176
G100000404508,S1,capacity_factor,central,0.3626,-11764660.919,-6724590.77
G100000404508,S1,capacity_factor,low,0.3626,-11764660.919,-6724590.77
G100000404508,S1,capacity_factor,high,0.4091,-13273366.747,-7586955.554
G100000404508,S1,efficiency,central,0.55,-11764660.919,-6724590.77
G100000404508,S1,efficiency,low,0.511,-9628226.692,-5300301.286
G100000404508,S1,efficiency,high,0.589,-13618171.768,-7960264.669
G100000404508,S1,emission_factor,central,56100.0,-11764660.919,-6724590.77
G100000404508,S1,emission_factor,low,54300.0,-12662636.392,-7323241.086
G100000404508,S1,emission_factor,high,58300.0,-10666703.358,-5992619.064
G100000404508,S2,lifetime,central,30,-1982944.707,3057125.442
G100000404508,S2,lifetime,low,25,-4306318.399,733751.75
G100000404508,S2,lifetime,high,40,4338339.572,9378409.721
G100000404508,S2,capacity_factor,central,0.3626,-1982944.707,3057125.442
G100000404508,S2,capacity_factor,low,0.3626,-1982944.707,3057125.442
G100000404508,S2,capacity_factor,high,0.4091,-2237238.498,3449172.695
G100000404508,S2,efficiency,central,0.55,-1982944.707,3057125.442
G100000404508,S2,efficiency,low,0.511,153489.521,4481414.927
G100000404508,S2,efficiency,high,0.589,-3836455.556,1821451.543
G100000404508,S2,emission_factor,central,56100.0,-1982944.707,3057125.442
G100000404508,S2,emission_factor,low,54300.0,-2880920.179,2458475.127
G100000404508,S2,emission_factor,high,58300.0,-884987.142,3789097.152
G100000404509,S1,lifetime,central,30,-11764660.919,-6724590.77
G100000404509,S1,lifetime,low,25,-10484246.983,-5444176.834
G100000404509,S1,lifetime,high,40,-13589884.325,-8549814.176
G100000404509,S1,capacity_factor,central,0.3626,-11764660.919,-6724590.77
G100000404509,S1,capacity_factor,low,0.3626,-11764660.919,-6724590.77
G100000404509,S1,capacity_factor,high,0.4091,-13273366.747,-7586955.554
G100000404509,S1,efficiency,central,0.55,-11764660.919,-6724590.77
G100000404509,S1,efficiency,low,0.511,-9628226.692,-5300301.286
G100000404509,S1,efficiency,high,0.589,-13618171.768,-7960264.669
G100000404509,S1,emission_factor,central,56100.0,-11764660.919,-6724590.77
G100000404509,S1,emission_factor,low,54300.0,-12662636.392,-7323241.086
G100000404509,S1,emission_factor,high,58300.0,-10666703.358,-5992619.064
G100000404509,S2,lifetime,central,30,-1982944.707,3057125.442
G100000404509,S2,lifetime,low,25,-4306318.399,733751.75
G100000404509,S2,lifetime,high,40,4338339.572,9378409.721
G100000404509,S2,capacity_factor,central,0.3626,-1982944.707,3057125.442
G100000404509,S2,capacity_factor,low,0.3626,-1982944.707,3057125.442
G100000404509,S2,capacity_factor,high,0.4091,-2237238.498,3449172.695
G100000404509,S2,efficiency,central,0.55,-1982944.707,3057125.442
G100000404509,S2,efficiency,low,0.511,153489.521,4481414.927
G100000404509,S2,efficiency,high,0.589,-3836455.556,1821451.543
G100000404509,S2,emission_factor,central,56100.0,-1982944.707,3057125.442
G100000404509,S2,emission_factor,low,54300.0,-2880920.179,2458475.127
G100000404509,S2,emission_factor,high,58300.0,-884987.142,3789097.152
G100001055214,S1,lifetime,central,30,-917997.311,-283231.95
G100001055214,S1,lifetime,low,25,-779405.911,-144640.55
G100001055214,S1,lifetime,high,40,-1178034.02,-543268.659
G100001055214,S1,capacity_factor,central,0.2699,-917997.311,-283231.95
G100001055214,S1,capacity_factor,low,0.2699,-917997.311,-283231.95
G100001055214,S1,capacity_factor,high,0.3776,-1284311.911,-396251.886
G100001055214,S1,efficiency,central,0.268,-917997.311,-283231.95
G100001055214,S1,efficiency,low,0.249,1723664.746,597322.069
G100001055214,S1,efficiency,high,0.287,1373897.637,480733.033
G100001055214,S2,lifetime,central,30,-850759.363,-215994.002
G100001055214,S2,lifetime,low,25,-758974.032,-124208.671
G100001055214,S2,lifetime,high,40,-968705.698,-333940.337
G100001055214,S2,capacity_factor,central,0.2699,-850759.363,-215994.002
G100001055214,S2,capacity_factor,low,0.2699,-850759.363,-215994.002
G100001055214,S2,capacity_factor,high,0.3776,-1190243.558,-302183.533
G100001055214,S2,efficiency,central,0.268,-850759.363,-215994.002
G100001055214,S2,efficiency,low,0.249,1790902.692,664560.015
G100001055214,S2,efficiency,high,0.287,1441135.584,547970.98
G100000835182,S1,lifetime,central,25,-105287.015,-64055.348
G100000835182,S1,lifetime,low,20,-86422.866,-45191.199
G100000835182,S1,lifetime,high,30,-123178.144,-81946.477
G100000835182,S1,capacity_factor,central,0.167,-105287.015,-64055.348
G100000835182,S1,capacity_factor,low,0.1346,-84860.074,-51627.844
G100000835182,S1,capacity_factor,high,0.1939,-122246.421,-74373.245
G100000835183,S1,lifetime,central,25,-168907.664,-95812.721
G100000835183,S1,lifetime,low,20,-138645.737,-65550.794
G100000835183,S1,lifetime,high,30,-197608.669,-124513.726
G100000835183,S1,capacity_factor,central,0.167,-168907.664,-95812.721
G100000835183,S1,capacity_factor,low,0.1346,-136137.555,-77223.905
G100000835183,S1,capacity_factor,high,0.1939,-196114.945,-111246.025
G100000405904,S1,lifetime,central,30,-6335962.767,-3183152.863
G100000405904,S1,lifetime,low,25,-6052143.256,-2899333.352
G100000405904,S1,lifetime,high,40,-6107333.679,-2954523.775
G100000405904,S1,capacity_factor,central,0.332,-6335962.767,-3183152.863
G100000405904,S1,capacity_factor,low,0.2681,-5116480.777,-2570491.815
G100000405904,S1,capacity_factor,high,0.4548,-8679505.626,-4360535.913
G100000405904,S1,efficiency,central,0.55,-6335962.767,-3183152.863
G100000405904,S1,efficiency,low,0.511,-4068308.117,-1595794.609
G100000405904,S1,efficiency,high,0.589,-8303316.805,-4560300.689
G100000405904,S1,emission_factor,central,56100.0,-6335962.767,-3183152.863
G100000405904,S1,emission_factor,low,54300.0,-7289092.159,-3850343.438
G100000405904,S1,emission_factor,high,58300.0,-5170568.327,-2367376.756
G100000406640,S1,lifetime,central,30,-10193691.005,-6800839.0
G100000406640,S1,lifetime,low,25,-8491175.41,-5098323.405
G100000406640,S1,lifetime,high,40,-13603337.662,-10210485.657
G100000406640,S1,capacity_factor,central,0.5264,-10193691.005,-6800839.0
G100000406640,S1,capacity_factor,low,0.5087,-9850932.019,-6572163.372
G100000406640,S1,capacity_factor,high,0.5264,-10193691.005,-6800839.0
G100000406640,S1,efficiency,central,0.55,-10193691.005,-6800839.0
G100000406640,S1,efficiency,low,0.511,-9286490.099,-6196038.395
G100000406640,S1,efficiency,high,0.589,-10980753.261,-7325547.169
G100000406640,S1,emission_factor,central,56100.0,-10193691.005,-6800839.0
G100000406640,S1,emission_factor,low,54300.0,-10575001.208,-7055045.802
G100000406640,S1,emission_factor,high,58300.0,-9727461.77,-6490019.509
G100000406630,S1,lifetime,central,30,-1751599.5,-644865.824
G100000406630,S1,lifetime,low,25,-1458065.033,-351331.357
G100000406630,S1,lifetime,high,40,-2340738.024,-1234004.348
G100000406630,S1,capacity_factor,central,0.5264,-1751599.5,-644865.824
G100000406630,S1,capacity_factor,low,0.5087,-1692702.635,-623182.457
G100000406630,S1,capacity_factor,high,0.5264,-1751599.5,-644865.824
G100000406630,S1,efficiency,central,0.36,-1751599.5,-644865.824
G100000406630,S1,efficiency,low,0.335,-1143480.457,-421888.842
G100000406630,S1,efficiency,high,0.385,-2280742.046,-838884.759
G100000406630,S1,emission_factor,central,56100.0,-1751599.5,-644865.824
G100000406630,S1,emission_factor,low,54300.0,-2013058.17,-740734.003
G100000406630,S1,emission_factor,high,58300.0,-1432038.903,-527693.606
G100000406631,S1,lifetime,central,30,-1751599.5,-644865.824
G100000406631,S1,lifetime,low,25,-1458065.033,-351331.357
G100000406631,S1,lifetime,high,40,-2340738.024,-1234004.348
G100000406631,S1,capacity_factor,central,0.5264,-1751599.5,-644865.824
G100000406631,S1,capacity_factor,low,0.5087,-1692702.635,-623182.457
G100000406631,S1,capacity_factor,high,0.5264,-1751599.5,-644865.824
G100000406631,S1,efficiency,central,0.36,-1751599.5,-644865.824
G100000406631,S1,efficiency,low,0.335,-1143480.457,-421888.842
G100000406631,S1,efficiency,high,0.385,-2280742.046,-838884.759
G100000406631,S1,emission_factor,central,56100.0,-1751599.5,-644865.824
G100000406631,S1,emission_factor,low,54300.0,-2013058.17,-740734.003
G100000406631,S1,emission_factor,high,58300.0,-1432038.903,-527693.606
G100000406632,S1,lifetime,central,30,-413667.846,0
G100000406632,S1,lifetime,low,25,-241661.935,0
G100000406632,S1,lifetime,high,40,-761158.29,0
G100000406632,S1,capacity_factor,central,0.5264,-413667.846,0
G100000406632,S1,capacity_factor,low,0.5087,-399758.424,0
G100000406632,S1,capacity_factor,high,0.5264,-413667.846,0
G100000406632,S1,efficiency,central,0.36,-413667.846,0
G100000406632,S1,efficiency,low,0.335,-268877.598,0
G100000406632,S1,efficiency,high,0.385,-539654.166,0
G100000406632,S1,emission_factor,central,56100.0,-413667.846,0
G100000406632,S1,emission_factor,low,54300.0,-475919.91,0
G100000406632,S1,emission_factor,high,58300.0,-337581.99,0
G100000406633,S1,lifetime,central,30,-413667.846,0
G100000406633,S1,lifetime,low,25,-241661.935,0
G100000406633,S1,lifetime,high,40,-761158.29,0
G100000406633,S1,capacity_factor,central,0.5264,-413667.846,0
G100000406633,S1,capacity_factor,low,0.5087,-399758.424,0
G100000406633,S1,capacity_factor,high,0.5264,-413667.846,0
G100000406633,S1,efficiency,central,0.36,-413667.846,0
G100000406633,S1,efficiency,low,0.335,-268877.598,0
G100000406633,S1,efficiency,high,0.385,-539654.166,0
G100000406633,S1,emission_factor,central,56100.0,-413667.846,0
G100000406633,S1,emission_factor,low,54300.0,-475919.91,0
G100000406633,S1,emission_factor,high,58300.0,-337581.99,0
G100000406634,S1,lifetime,central,30,-413667.846,0
G100000406634,S1,lifetime,low,25,-241661.935,0
G100000406634,S1,lifetime,high,40,-761158.29,0
G100000406634,S1,capacity_factor,central,0.5264,-413667.846,0
G100000406634,S1,capacity_factor,low,0.5087,-399758.424,0
G100000406634,S1,capacity_factor,high,0.5264,-413667.846,0
G100000406634,S1,efficiency,central,0.36,-413667.846,0
G100000406634,S1,efficiency,low,0.335,-268877.598,0
G100000406634,S1,efficiency,high,0.385,-539654.166,0
G100000406634,S1,emission_factor,central,56100.0,-413667.846,0
G100000406634,S1,emission_factor,low,54300.0,-475919.91,0
G100000406634,S1,emission_factor,high,58300.0,-337581.99,0
G100000406635,S1,lifetime,central,30,-413667.846,0
G100000406635,S1,lifetime,low,25,-241661.935,0
G100000406635,S1,lifetime,high,40,-761158.29,0
G100000406635,S1,capacity_factor,central,0.5264,-413667.846,0
G100000406635,S1,capacity_factor,low,0.5087,-399758.424,0
G100000406635,S1,capacity_factor,high,0.5264,-413667.846,0
G100000406635,S1,efficiency,central,0.36,-413667.846,0
G100000406635,S1,efficiency,low,0.335,-268877.598,0
G100000406635,S1,efficiency,high,0.385,-539654.166,0
G100000406635,S1,emission_factor,central,56100.0,-413667.846,0
G100000406635,S1,emission_factor,low,54300.0,-475919.91,0
G100000406635,S1,emission_factor,high,58300.0,-337581.99,0
G100000406636,S1,lifetime,central,30,-484604.004,0
G100000406636,S1,lifetime,low,25,-243089.237,0
G100000406636,S1,lifetime,high,40,-973817.797,0
G100000406636,S1,capacity_factor,central,0.5264,-484604.004,0
G100000406636,S1,capacity_factor,low,0.5087,-468309.38,0
G100000406636,S1,capacity_factor,high,0.5264,-484604.004,0
G100000406636,S1,efficiency,central,0.36,-484604.004,0
G100000406636,S1,efficiency,low,0.335,-314716.781,0
G100000406636,S1,efficiency,high,0.385,-632427.954,0
G100000406636,S1,emission_factor,central,56100.0,-484604.004,0
G100000406636,S1,emission_factor,low,54300.0,-557646.425,0
G100000406636,S1,emission_factor,high,58300.0,-395329.934,0
G100000406637,S1,lifetime,central,30,-484604.004,0
G100000406637,S1,lifetime,low,25,-243089.237,0
G100000406637,S1,lifetime,high,40,-973817.797,0
G100000406637,S1,capacity_factor,central,0.5264,-484604.004,0
G100000406637,S1,capacity_factor,low,0.5087,-468309.38,0
G100000406637,S1,capacity_factor,high,0.5264,-484604.004,0
G100000406637,S1,efficiency,central,0.36,-484604.004,0
G100000406637,S1,efficiency,low,0.335,-314716.781,0
G100000406637,S1,efficiency,high,0.385,-632427.954,0
G100000406637,S1,emission_factor,central,56100.0,-484604.004,0
G100000406637,S1,emission_factor,low,54300.0,-557646.425,0
G100000406637,S1,emission_factor,high,58300.0,-395329.934,0
G100000406638,S1,lifetime,central,30,-484604.004,0
G100000406638,S1,lifetime,low,25,-243089.237,0
G100000406638,S1,lifetime,high,40,-973817.797,0
G100000406638,S1,capacity_factor,central,0.5264,-484604.004,0
G100000406638,S1,capacity_factor,low,0.5087,-468309.38,0
G100000406638,S1,capacity_factor,high,0.5264,-484604.004,0
G100000406638,S1,efficiency,central,0.36,-484604.004,0
G100000406638,S1,efficiency,low,0.335,-314716.781,0
G100000406638,S1,efficiency,high,0.385,-632427.954,0
G100000406638,S1,emission_factor,central,56100.0,-484604.004,0
G100000406638,S1,emission_factor,low,54300.0,-557646.425,0
G100000406638,S1,emission_factor,high,58300.0,-395329.934,0
G100000406639,S1,lifetime,central,30,-340260.005,0
G100000406639,S1,lifetime,low,25,-96716.282,0
G100000406639,S1,lifetime,high,40,-827197.309,0
G100000406639,S1,capacity_factor,central,0.5264,-340260.005,0
G100000406639,S1,capacity_factor,low,0.5087,-328818.893,0
G100000406639,S1,capacity_factor,high,0.5264,-340260.005,0
G100000406639,S1,efficiency,central,0.36,-340260.005,0
G100000406639,S1,efficiency,low,0.335,-221338.95,0
G100000406639,S1,efficiency,high,0.385,-443736.77,0
G100000406639,S1,emission_factor,central,56100.0,-340260.005,0
G100000406639,S1,emission_factor,low,54300.0,-391389.699,0
G100000406639,S1,emission_factor,high,58300.0,-277768.156,0
G100000927779,S1,lifetime,central,25,-5219748.835,-3690028.924
G100000927779,S1,lifetime,low,20,-4228808.693,-2699088.782
G100000927779,S1,lifetime,high,30,-6185500.766,-4655780.855
G100000927779,S1,capacity_factor,central,0.3031,-5219748.835,-3690028.924
G100000927779,S1,capacity_factor,low,0.2377,-4093481.682,-2893830.005
G100000927779,S1,capacity_factor,high,0.3031,-5219748.835,-3690028.924
G100000927779,S2,lifetime,central,25,-4171431.186,-2641711.275
G100000927779,S2,lifetime,low,20,-3628646.847,-2098926.936
G100000927779,S2,lifetime,high,30,-4609463.171,-3079743.26
G100000927779,S2,capacity_factor,central,0.3031,-4171431.186,-2641711.275
G100000927779,S2,capacity_factor,low,0.2377,-3271359.926,-2071708.249
G100000927779,S2,capacity_factor,high,0.3031,-4171431.186,-2641711.275
G100000920987,S1,lifetime,central,25,-15024207.786,-13114805.24
G100000920987,S1,lifetime,low,20,-12172665.462,-10263262.916
G100000920987,S1,lifetime,high,30,-17803268.327,-15893865.781
G100000920987,S1,capacity_factor,central,0.3031,-15024207.786,-13114805.24
G100000920987,S1,capacity_factor,low,0.2377,-11782428.872,-10285018.824
G100000920987,S1,capacity_factor,high,0.3031,-15024207.786,-13114805.24
G100000920987,S2,lifetime,central,25,-10720390.206,-8810987.66
G100000920987,S2,lifetime,low,20,-9377291.268,-7467888.722
G100000920987,S2,lifetime,high,30,-11804283.49,-9894880.944
G100000920987,S2,capacity_factor,central,0.3031,-10720390.206,-8810987.66
G100000920987,S2,capacity_factor,low,0.2377,-8407247.617,-6909837.569
G100000920987,S2,capacity_factor,high,0.3031,-10720390.206,-8810987.66
G100000901008,S1,lifetime,central,25,-11862112.576,-11357731.177
G100000901008,S1,lifetime,low,20,-9610257.09,-9105875.691
G100000901008,S1,lifetime,high,30,-14056729.325,-13552347.926
G100000901008,S1,capacity_factor,central,0.3031,-11862112.576,-11357731.177
G100000901008,S1,capacity_factor,low,0.2377,-9302620.125,-8907069.288
G100000901008,S1,capacity_factor,high,0.3031,-11862112.576,-11357731.177
G100000901008,S2,lifetime,central,25,-7902738.424,-7398357.025
G100000901008,S2,lifetime,low,20,-6919196.608,-6414815.209
G100000901008,S2,lifetime,high,30,-8696465.687,-8192084.288
G100000901008,S2,capacity_factor,central,0.3031,-7902738.424,-7398357.025
G100000901008,S2,capacity_factor,low,0.2377,-6197561.609,-5802010.772
G100000901008,S2,capacity_factor,high,0.3031,-7902738.424,-7398357.025
G100000901009,S1,lifetime,central,25,-9173367.058,-8783312.109
G100000901009,S1,lifetime,low,20,-7431932.149,-7041877.2
G100000901009,S1,lifetime,high,30,-10870537.345,-10480482.396
G100000901009,S1,capacity_factor,central,0.3031,-9173367.058,-8783312.109
G100000901009,S1,capacity_factor,low,0.2377,-7194026.227,-6888133.58
G100000901009,S1,capacity_factor,high,0.3031,-9173367.058,-8783312.109
G100000901009,S2,lifetime,central,25,-6111451.05,-5721396.101
G100000901009,S2,lifetime,low,20,-5350845.378,-4960790.429
G100000901009,S2,lifetime,high,30,-6725266.8,-6335211.851
G100000901009,S2,capacity_factor,central,0.3031,-6111451.05,-5721396.101
G100000901009,S2,capacity_factor,low,0.2377,-4792780.978,-4486888.331
G100000901009,S2,capacity_factor,high,0.3031,-6111451.05,-5721396.101
G100000901010,S1,lifetime,central,25,-20140691.7,-20140691.7
G100000901010,S1,lifetime,low,20,-16317264.205,-16317264.205
G100000901010,S1,lifetime,high,30,-23866933.383,-23866933.383
G100000901010,S1,capacity_factor,central,0.3031,-20140691.7,-20140691.7
G100000901010,S1,capacity_factor,low,0.2377,-15794927.144,-15794927.144
G100000901010,S1,capacity_factor,high,0.3031,-20140691.7,-20140691.7
G100000901010,S2,lifetime,central,25,-12921175.139,-12921175.139
G100000901010,S2,lifetime,low,20,-11313059.592,-11313059.592
G100000901010,S2,lifetime,high,30,-14218938.991,-14218938.991
G100000901010,S2,capacity_factor,central,0.3031,-12921175.139,-12921175.139
G100000901010,S2,capacity_factor,low,0.2377,-10133168.364,-10133168.364
G100000901010,S2,capacity_factor,high,0.3031,-12921175.139,-12921175.139
G100000103902,S1,capacity_factor,central,0.7211,54671293.526,22839891.766
G100000103902,S1,capacity_factor,low,0.6983,52942676.836,22117731.826
G100000103902,S1,capacity_factor,high,0.7662,58090618.635,24268374.803
G100000103902,S1,efficiency,central,0.35,54671293.526,22839891.766
G100000103902,S1,efficiency,low,0.325,66841218.421,27520632.112
G100000103902,S1,efficiency,high,0.374,44518714.99,18935053.868
G100000103902,S1,emission_factor,central,94600.0,54671293.526,22839891.766
G100000103902,S1,emission_factor,low,89500.0,46141727.992,19559289.638
G100000103902,S1,emission_factor,high,99700.0,63200280.215,26120271.263
G100000103902,S2,capacity_factor,central,0.7211,64097803.634,32266401.874
G100000103902,S2,capacity_factor,low,0.6983,62071136.149,31246191.139
G100000103902,S2,capacity_factor,high,0.7662,68106694.141,34284450.309
G100000103902,S2,efficiency,central,0.35,64097803.634,32266401.874
G100000103902,S2,efficiency,low,0.325,76267728.53,36947142.221
G100000103902,S2,efficiency,high,0.374,53945225.102,28361563.98
G100000103902,S2,emission_factor,central,94600.0,64097803.634,32266401.874
G100000103902,S2,emission_factor,low,89500.0,55568238.104,28985799.75
G100000103902,S2,emission_factor,high,99700.0,72626790.324,35546781.372
G100000103903,S1,capacity_factor,central,0.7211,54671293.526,22839891.766
G100000103903,S1,capacity_factor,low,0.6983,52942676.836,22117731.826
G100000103903,S1,capacity_factor,high,0.7662,58090618.635,24268374.803
G100000103903,S1,efficiency,central,0.35,54671293.526,22839891.766
G100000103903,S1,efficiency,low,0.325,66841218.421,27520632.112
G100000103903,S1,efficiency,high,0.374,44518714.99,18935053.868
G100000103903,S1,emission_factor,central,94600.0,54671293.526,22839891.766
G100000103903,S1,emission_factor,low,89500.0,46141727.992,19559289.638
G100000103903,S1,emission_factor,high,99700.0,63200280.215,26120271.263
G100000103903,S2,capacity_factor,central,0.7211,64097803.634,32266401.874
G100000103903,S2,capacity_factor,low,0.6983,62071136.149,31246191.139
G100000103903,S2,capacity_factor,high,0.7662,68106694.141,34284450.309
G100000103903,S2,efficiency,central,0.35,64097803.634,32266401.874
G100000103903,S2,efficiency,low,0.325,76267728.53,36947142.221
G100000103903,S2,efficiency,high,0.374,53945225.102,28361563.98
G100000103903,S2,emission_factor,central,94600.0,64097803.634,32266401.874
G100000103903,S2,emission_factor,low,89500.0,55568238.104,28985799.75
G100000103903,S2,emission_factor,high,99700.0,72626790.324,35546781.372
G100000406220,S1,lifetime,central,30,-32928903.58,-5967696.356
G100000406220,S1,lifetime,low,25,-27987192.591,-1025985.367
G100000406220,S1,lifetime,high,40,-41896642.784,-14935435.56
G100000406220,S1,capacity_factor,central,0.7429,-32928903.58,-5967696.356
G100000406220,S1,capacity_factor,low,0.6798,-30132007.879,-5460815.7
G100000406220,S1,capacity_factor,high,0.7429,-32928903.58,-5967696.356
G100000406220,S1,efficiency,central,0.55,-32928903.58,-5967696.356
G100000406220,S1,efficiency,low,0.511,-29646036.121,-5311122.864
G100000406220,S1,efficiency,high,0.589,-35777027.98,-6537321.236
G100000406220,S1,emission_factor,central,56100.0,-32928903.58,-5967696.356
G100000406220,S1,emission_factor,low,54300.0,-34308742.197,-6243664.08
G100000406220,S1,emission_factor,high,58300.0,-31241770.36,-5630269.712
G100000406220,S2,lifetime,central,30,-31159996.55,-4198789.326
G100000406220,S2,lifetime,low,25,-27896102.988,-934895.764
G100000406220,S2,lifetime,high,40,-32036005.799,-5074798.575
G100000406220,S2,capacity_factor,central,0.7429,-31159996.55,-4198789.326
G100000406220,S2,capacity_factor,low,0.6798,-28513347.225,-3842155.046
G100000406220,S2,capacity_factor,high,0.7429,-31159996.55,-4198789.326
G100000406220,S2,efficiency,central,0.55,-31159996.55,-4198789.326
G100000406220,S2,efficiency,low,0.511,-27877129.092,-3542215.835
G100000406220,S2,efficiency,high,0.589,-34008120.95,-4768414.206
G100000406220,S2,emission_factor,central,56100.0,-31159996.55,-4198789.326
G100000406220,S2,emission_factor,low,54300.0,-32539835.166,-4474757.049
G100000406220,S2,emission_factor,high,58300.0,-29472863.33,-3861362.682
G100000901246,S1,lifetime,central,25,-11922326.337,-10911986.376
G100000901246,S1,lifetime,low,20,-9658845.25,-8648505.289
G100000901246,S1,lifetime,high,30,-14128273.247,-13117933.286
G100000901246,S1,capacity_factor,central,0.3031,-11922326.337,-10911986.376
G100000901246,S1,capacity_factor,low,0.2377,-9349841.54,-8557503.009
G100000901246,S1,capacity_factor,high,0.3031,-11922326.337,-10911986.376
G100000901246,S2,lifetime,central,25,-8228488.229,-7218148.268
G100000901246,S2,lifetime,low,20,-7201850.762,-6191510.801
G100000901246,S2,lifetime,high,30,-9056994.159,-8046654.198
G100000901246,S2,capacity_factor,central,0.3031,-8228488.229,-7218148.268
G100000901246,S2,capacity_factor,low,0.2377,-6453024.257,-5660685.726
G100000901246,S2,capacity_factor,high,0.3031,-8228488.229,-7218148.268
G100000805443,S1,lifetime,central,25,-1226482.915,-639097.504
G100000805443,S1,lifetime,low,20,-1042661.787,-455276.376
G100000805443,S1,lifetime,high,30,-1386149.236,-798763.825
G100000805443,S1,capacity_factor,central,0.2098,-1226482.915,-639097.504
G100000805443,S1,capacity_factor,low,0.1949,-1139378.073,-593708.787
G100000805443,S1,capacity_factor,high,0.2098,-1226482.915,-639097.504
G100000805443,S2,lifetime,central,25,-1136896.496,-549511.085
G100000805443,S2,lifetime,low,20,-996278.614,-408893.203
G100000805443,S2,lifetime,high,30,-1247009.799,-659624.388
G100000805443,S2,capacity_factor,central,0.2098,-1136896.496,-549511.085
G100000805443,S2,capacity_factor,low,0.1949,-1056154.084,-510484.798
G100000805443,S2,capacity_factor,high,0.2098,-1136896.496,-549511.085
G100000805444,S1,lifetime,central,25,-1635310.551,-852130.004
G100000805444,S1,lifetime,low,20,-1390215.712,-607035.165
G100000805444,S1,lifetime,high,30,-1848198.979,-1065018.432
G100000805444,S1,capacity_factor,central,0.2098,-1635310.551,-852130.004
G100000805444,S1,capacity_factor,low,0.1949,-1519170.765,-791611.715
G100000805444,S1,capacity_factor,high,0.2098,-1635310.551,-852130.004
G100000805444,S2,lifetime,central,25,-1515861.992,-732681.445
G100000805444,S2,lifetime,low,20,-1328371.483,-545190.936
G100000805444,S2,lifetime,high,30,-1662679.73,-879499.183
G100000805444,S2,capacity_factor,central,0.2098,-1515861.992,-732681.445
G100000805444,S2,capacity_factor,low,0.1949,-1408205.447,-680646.397
G100000805444,S2,capacity_factor,high,0.2098,-1515861.992,-732681.445
G100000805445,S1,lifetime,central,25,-981186.331,-511278.004
G100000805445,S1,lifetime,low,20,-834129.427,-364221.1
G100000805445,S1,lifetime,high,30,-1108919.387,-639011.06
G100000805445,S1,capacity_factor,central,0.2098,-981186.331,-511278.004
G100000805445,S1,capacity_factor,low,0.1949,-911502.46,-474967.03
G100000805445,S1,capacity_factor,high,0.2098,-981186.331,-511278.004
G100000805445,S2,lifetime,central,25,-909517.195,-439608.868
G100000805445,S2,lifetime,low,20,-797022.89,-327114.563
G100000805445,S2,lifetime,high,30,-997607.838,-527699.511
G100000805445,S2,capacity_factor,central,0.2098,-909517.195,-439608.868
G100000805445,S2,capacity_factor,low,0.1949,-844923.268,-408387.838
G100000805445,S2,capacity_factor,high,0.2098,-909517.195,-439608.868
G100000100917,S1,capacity_factor,central,0.4456,9580843.528,0
G100000100917,S1,capacity_factor,low,0.3858,8295084.005,0
G100000100917,S1,capacity_factor,high,0.4553,9789403.182,0
G100000100917,S1,efficiency,central,0.35,9580843.528,0
G100000100917,S1,efficiency,low,0.325,11239175.329,0
G100000100917,S1,efficiency,high,0.374,8197404.929,0
G100000100917,S1,emission_factor,central,94600.0,9580843.528,0
G100000100917,S1,emission_factor,low,89500.0,8418564.394,0
G100000100917,S1,emission_factor,high,99700.0,10743043.785,0
G100000100917,S2,capacity_factor,central,0.4456,9580843.528,0
G100000100917,S2,capacity_factor,low,0.3858,8295084.005,0
G100000100917,S2,capacity_factor,high,0.4553,9789403.182,0
G100000100917,S2,efficiency,central,0.35,9580843.528,0
G100000100917,S2,efficiency,low,0.325,11239175.329,0
G100000100917,S2,efficiency,high,0.374,8197404.929,0
G100000100917,S2,emission_factor,central,94600.0,9580843.528,0
G100000100917,S2,emission_factor,low,89500.0,8418564.394,0
G100000100917,S2,emission_factor,high,99700.0,10743043.785,0
G100000402524,S1,lifetime,central,30,3027497.851,3503909.669
G100000402524,S1,lifetime,low,25,1695832.408,2172244.226
G100000402524,S1,lifetime,high,40,6383381.215,6859793.033
G100000402524,S1,capacity_factor,central,0.3753,3027497.851,3503909.669
G100000402524,S1,capacity_factor,low,0.3406,2747577.321,3179940.405
G100000402524,S1,capacity_factor,high,0.3909,3153341.091,3649555.797
G100000402524,S1,efficiency,central,0.55,3027497.851,3503909.669
G100000402524,S1,efficiency,low,0.511,4478638.838,4616451.093
G100000402524,S1,efficiency,high,0.589,1768528.343,2538699.712
G100000402524,S1,emission_factor,central,56100.0,3027497.851,3503909.669
G100000402524,S1,emission_factor,low,54300.0,2417561.452,3036291.762
G100000402524,S1,emission_factor,high,58300.0,3773269.103,4075667.628
G100000402524,S2,lifetime,central,30,5161747.538,5638159.356
G100000402524,S2,lifetime,low,25,3183470.164,3659881.982
G100000402524,S2,lifetime,high,40,9837152.693,10313564.511
G100000402524,S2,capacity_factor,central,0.3753,5161747.538,5638159.356
G100000402524,S2,capacity_factor,low,0.3406,4684495.634,5116858.718
G100000402524,S2,capacity_factor,high,0.3909,5376304.594,5872519.3
G100000402524,S2,efficiency,central,0.55,5161747.538,5638159.356
G100000402524,S2,efficiency,low,0.511,6612888.523,6750700.778
G100000402524,S2,efficiency,high,0.589,3902778.03,4672949.399
G100000402524,S2,emission_factor,central,56100.0,5161747.538,5638159.356
G100000402524,S2,emission_factor,low,54300.0,4551811.14,5170541.45
G100000402524,S2,emission_factor,high,58300.0,5907518.79,6209917.315
G100000409585,S1,lifetime,central,30,1355714.998,637767.399
G100000409585,S1,lifetime,low,25,717947.599,0
G100000409585,S1,lifetime,high,40,3040878.74,2322931.141
G100000409585,S1,capacity_factor,central,0.3753,1355714.998,637767.399
G100000409585,S1,capacity_factor,low,0.3406,1230366.45,578799.83
G100000409585,S1,capacity_factor,high,0.3909,1412067.66,664277.315
G100000409585,S1,efficiency,central,0.36,1355714.998,637767.399
G100000409585,S1,efficiency,low,0.335,2127868.409,766459.635
G100000409585,S1,efficiency,high,0.385,683841.251,525788.441
G100000409585,S1,emission_factor,central,56100.0,1355714.998,637767.399
G100000409585,S1,emission_factor,low,54300.0,1023730.323,582436.62
G100000409585,S1,emission_factor,high,58300.0,1761474.048,705393.906
G100000409585,S2,lifetime,central,30,1419612.273,701664.674
G100000409585,S2,lifetime,low,25,717947.599,0
G100000409585,S2,lifetime,high,40,3440451.252,2722503.653
G100000409585,S2,capacity_factor,central,0.3753,1419612.273,701664.674
G100000409585,S2,capacity_factor,low,0.3406,1288355.824,636789.204
G100000409585,S2,capacity_factor,high,0.3909,1478620.936,730830.591
G100000409585,S2,efficiency,central,0.36,1419612.273,701664.674
G100000409585,S2,efficiency,low,0.335,2191765.683,830356.909
G100000409585,S2,efficiency,high,0.385,747738.526,589685.716
G100000409585,S2,emission_factor,central,56100.0,1419612.273,701664.674
G100000409585,S2,emission_factor,low,54300.0,1087627.597,646333.894
G100000409585,S2,emission_factor,high,58300.0,1825371.324,769291.182
G100000909836,S1,lifetime,central,25,-5814629.715,-1267324.91
G100000909836,S1,lifetime,low,20,-4935245.004,-387940.199
G100000909836,S1,lifetime,high,30,-6578459.866,-2031155.061
G100000909836,S1,capacity_factor,central,0.3338,-5814629.715,-1267324.91
G100000909836,S1,capacity_factor,low,0.325,-5661338.101,-1233914.307
G100000909836,S1,capacity_factor,high,0.3504,-6103793.447,-1330349.456
G100000909836,S2,lifetime,central,25,-5717502.75,-1170197.945
G100000909836,S2,lifetime,low,20,-4923441.712,-376136.907
G100000909836,S2,lifetime,high,30,-6339306.175,-1792001.37
G100000909836,S2,capacity_factor,central,0.3338,-5717502.75,-1170197.945
G100000909836,S2,capacity_factor,low,0.325,-5566771.706,-1139347.912
G100000909836,S2,capacity_factor,high,0.3504,-6001836.323,-1228392.332
G100000402098,S1,lifetime,central,30,6902695.106,7988914.049
G100000402098,S1,lifetime,low,25,3866497.9,4952716.843
G100000402098,S1,lifetime,high,40,14554109.179,15640328.122
G100000402098,S1,capacity_factor,central,0.3753,6902695.106,7988914.049
G100000402098,S1,capacity_factor,low,0.3406,6264476.292,7250264.121
G100000402098,S1,capacity_factor,high,0.3909,7189617.683,8320987.215
G100000402098,S1,efficiency,central,0.55,6902695.106,7988914.049
G100000402098,S1,efficiency,low,0.511,10211296.554,10525508.493
G100000402098,S1,efficiency,high,0.589,4032244.616,5788235.34
G100000402098,S1,emission_factor,central,56100.0,6902695.106,7988914.049
G100000402098,S1,emission_factor,low,54300.0,5512040.106,6922745.216
G100000402098,S1,emission_factor,high,58300.0,8603053.554,9292522.193
G100000402098,S2,lifetime,central,30,11768784.394,12855003.337
G100000402098,S2,lifetime,low,25,7258311.98,8344530.923
G100000402098,S2,lifetime,high,40,22428708.15,23514927.093
G100000402098,S2,capacity_factor,central,0.3753,11768784.394,12855003.337
G100000402098,S2,capacity_factor,low,0.3406,10680650.051,11666437.88
G100000402098,S2,capacity_factor,high,0.3909,12257974.473,13389344.005
G100000402098,S2,efficiency,central,0.55,11768784.394,12855003.337
G100000402098,S2,efficiency,low,0.511,15077385.84,15391597.779
G100000402098,S2,efficiency,high,0.589,8898333.904,10654324.628
G100000402098,S2,emission_factor,central,56100.0,11768784.394,12855003.337
G100000402098,S2,emission_factor,low,54300.0,10378129.392,11788834.502
G100000402098,S2,emission_factor,high,58300.0,13469142.84,14158611.479
G100000402033,S1,lifetime,central,30,3134705.448,4340504.659
G100000402033,S1,lifetime,low,25,1326135.044,2531934.255
G100000402033,S1,lifetime,high,40,7833449.55,9039248.761
G100000402033,S1,capacity_factor,central,0.3753,3134705.448,4340504.659
G100000402033,S1,capacity_factor,low,0.3406,2844872.569,3939184.351
G100000402033,S1,capacity_factor,high,0.3909,3265004.955,4520925.317
G100000402033,S1,efficiency,central,0.55,3134705.448,4340504.659
G100000402033,S1,efficiency,low,0.511,5276865.95,5840017.011
G100000402033,S1,efficiency,high,0.589,1276226.639,3039569.493
G100000402033,S1,emission_factor,central,56100.0,3134705.448,4340504.659
G100000402033,S1,emission_factor,low,54300.0,2234323.136,3710237.042
G100000402033,S1,emission_factor,high,58300.0,4235605.857,5111134.947
G100000402033,S2,lifetime,central,30,5897976.327,7103775.538
G100000402033,S2,lifetime,low,25,3158275.414,4364074.625
G100000402033,S2,lifetime,high,40,12547581.761,13753380.972
G100000402033,S2,capacity_factor,central,0.3753,5897976.327,7103775.538
G100000402033,S2,capacity_factor,low,0.3406,5352653.176,6446964.958
G100000402033,S2,capacity_factor,high,0.3909,6143136.014,7399056.376
G100000402033,S2,efficiency,central,0.55,5897976.327,7103775.538
G100000402033,S2,efficiency,low,0.511,8040136.829,8603287.89
G100000402033,S2,efficiency,high,0.589,4039497.517,5802840.371
G100000402033,S2,emission_factor,central,56100.0,5897976.327,7103775.538
G100000402033,S2,emission_factor,low,54300.0,4997594.014,6473507.92
G100000402033,S2,emission_factor,high,58300.0,6998876.735,7874405.825
G100000409401,S1,lifetime,central,30,5747249.924,5874334.828
G100000409401,S1,lifetime,low,25,3856074.398,3983159.302
G100000409401,S1,lifetime,high,40,10295657.536,10422742.44
G100000409401,S1,capacity_factor,central,0.3753,5747249.924,5874334.828
G100000409401,S1,capacity_factor,low,0.3406,5215862.84,5331197.555
G100000409401,S1,capacity_factor,high,0.3909,5986144.405,6118511.815
G100000409401,S1,efficiency,central,0.55,5747249.924,5874334.828
G100000409401,S1,efficiency,low,0.511,7543900.668,7491320.498
G100000409401,S1,efficiency,high,0.589,4188525.765,4471483.085
G100000409401,S1,emission_factor,central,56100.0,5747249.924,5874334.828
G100000409401,S1,emission_factor,low,54300.0,4992090.563,5194691.404
G100000409401,S1,emission_factor,high,58300.0,6670585.754,6705337.075
G100000409401,S2,lifetime,central,30,9046750.995,9173835.899
G100000409401,S2,lifetime,low,25,6335522.462,6462607.366
G100000409401,S2,lifetime,high,40,15201074.574,15328159.478
G100000409401,S2,capacity_factor,central,0.3753,9046750.995,9173835.899
G100000409401,S2,capacity_factor,low,0.3406,8210294.135,8325628.85
G100000409401,S2,capacity_factor,high,0.3909,9422795.001,9555162.411
G100000409401,S2,efficiency,central,0.55,9046750.995,9173835.899
G100000409401,S2,efficiency,low,0.511,10843401.736,10790821.566
G100000409401,S2,efficiency,high,0.589,7488026.835,7770984.155
G100000409401,S2,emission_factor,central,56100.0,9046750.995,9173835.899
G100000409401,S2,emission_factor,low,54300.0,8291591.638,8494192.479
G100000409401,S2,emission_factor,high,58300.0,9970086.825,10004838.146
G100000409402,S1,lifetime,central,30,5747249.924,5874334.828
G100000409402,S1,lifetime,low,25,3856074.398,3983159.302
G100000409402,S1,lifetime,high,40,10295657.536,10422742.44
G100000409402,S1,capacity_factor,central,0.3753,5747249.924,5874334.828
G100000409402,S1,capacity_factor,low,0.3406,5215862.84,5331197.555
G100000409402,S1,capacity_factor,high,0.3909,5986144.405,6118511.815
G100000409402,S1,efficiency,central,0.55,5747249.924,5874334.828
G100000409402,S1,efficiency,low,0.511,7543900.668,7491320.498
G100000409402,S1,efficiency,high,0.589,4188525.765,4471483.085
G100000409402,S1,emission_factor,central,56100.0,5747249.924,5874334.828
G100000409402,S1,emission_factor,low,54300.0,4992090.563,5194691.404
G100000409402,S1,emission_factor,high,58300.0,6670585.754,6705337.075
G100000409402,S2,lifetime,central,30,9046750.995,9173835.899
G100000409402,S2,lifetime,low,25,6335522.462,6462607.366
G100000409402,S2,lifetime,high,40,15201074.574,15328159.478
G100000409402,S2,capacity_factor,central,0.3753,9046750.995,9173835.899
G100000409402,S2,capacity_factor,low,0.3406,8210294.135,8325628.85
G100000409402,S2,capacity_factor,high,0.3909,9422795.001,9555162.411
G100000409402,S2,efficiency,central,0.55,9046750.995,9173835.899
G100000409402,S2,efficiency,low,0.511,10843401.736,10790821.566
G100000409402,S2,efficiency,high,0.589,7488026.835,7770984.155
G100000409402,S2,emission_factor,central,56100.0,9046750.995,9173835.899
G100000409402,S2,emission_factor,low,54300.0,8291591.638,8494192.479
G100000409402,S2,emission_factor,high,58300.0,9970086.825,10004838.146
G100000401997,S1,lifetime,central,30,4131537.153,5159723.282
G100000401997,S1,lifetime,low,25,2080003.126,3108189.255
G100000401997,S1,lifetime,high,40,9377067.735,10405253.864
G100000401997,S1,capacity_factor,central,0.3753,4131537.153,5159723.282
G100000401997,S1,capacity_factor,low,0.3406,3749537.847,4682658.538
G100000401997,S1,capacity_factor,high,0.3909,4303271.709,5374196.19
G100000401997,S1,efficiency,central,0.55,4131537.153,5159723.282
G100000401997,S1,efficiency,low,0.511,6458890.884,6866449.351
G100000401997,S1,efficiency,high,0.589,2112389.856,3679015.263
G100000401997,S1,emission_factor,central,56100.0,4131537.153,5159723.282
G100000401997,S1,emission_factor,low,54300.0,3153315.339,4442360.617
G100000401997,S1,emission_factor,high,58300.0,5327612.184,6036844.971
G100000401997,S2,lifetime,central,30,7343376.028,8371562.157
G100000401997,S2,lifetime,low,25,4266311.114,5294497.243
G100000401997,S2,lifetime,high,40,14708192.186,15736378.315
G100000401997,S2,capacity_factor,central,0.3753,7343376.028,8371562.157
G100000401997,S2,capacity_factor,low,0.3406,6664412.136,7597532.827
G100000401997,S2,capacity_factor,high,0.3909,7648616.28,8719540.761
G100000401997,S2,efficiency,central,0.55,7343376.028,8371562.157
G100000401997,S2,efficiency,low,0.511,9670729.761,10078288.228
G100000401997,S2,efficiency,high,0.589,5324228.733,6890854.14
G100000401997,S2,emission_factor,central,56100.0,7343376.028,8371562.157
G100000401997,S2,emission_factor,low,54300.0,6365154.216,7654199.494
G100000401997,S2,emission_factor,high,58300.0,8539451.059,9248683.846
G100001058233,S1,lifetime,central,25,-1916146.492,-1916146.492
G100001058233,S1,lifetime,low,20,-1632673.258,-1632673.258
G100001058233,S1,lifetime,high,30,-2162370.293,-2162370.293
G100001058233,S1,capacity_factor,central,0.2098,-1916146.492,-1916146.492
G100001058233,S1,capacity_factor,low,0.1949,-1780061.733,-1780061.733
G100001058233,S1,capacity_factor,high,0.2098,-1916146.492,-1916146.492
G100001058233,S2,lifetime,central,25,-1524518.498,-1524518.498
G100001058233,S2,lifetime,low,20,-1348272.249,-1348272.249
G100001058233,S2,lifetime,high,30,-1662531.217,-1662531.217
G100001058233,S2,capacity_factor,central,0.2098,-1524518.498,-1524518.498
G100001058233,S2,capacity_factor,low,0.1949,-1416247.164,-1416247.164
G100001058233,S2,capacity_factor,high,0.2098,-1524518.498,-1524518.498
G100000403260,S1,lifetime,central,30,8210707.487,7038367.615
G100000403260,S1,lifetime,low,25,6322375.832,5150035.96
G100000403260,S1,lifetime,high,40,12422689.499,11250349.627
G100000403260,S1,capacity_factor,central,0.3753,8210707.487,7038367.615
G100000403260,S1,capacity_factor,low,0.3406,7451550.675,6387604.606
G100000403260,S1,capacity_factor,high,0.3909,8551999.878,7330929.653
G100000403260,S1,efficiency,central,0.36,8210707.487,7038367.615
G100000403260,S1,efficiency,low,0.335,9573331.153,8083045.76
G100000403260,S1,efficiency,high,0.385,7025047.929,6129361.955
G100000403260,S1,emission_factor,central,56100.0,8210707.487,7038367.615
G100000403260,S1,emission_factor,low,54300.0,7624852.174,6589211.876
G100000403260,S1,emission_factor,high,58300.0,8926752.862,7587335.735
G100000403260,S2,lifetime,central,30,9552235.86,8379895.988
G100000403260,S2,lifetime,low,25,7257462.418,6085122.546
G100000403260,S2,lifetime,high,40,14593631.569,13421291.697
G100000403260,S2,capacity_factor,central,0.3753,9552235.86,8379895.988
G100000403260,S2,capacity_factor,low,0.3406,8669042.187,7605096.118
G100000403260,S2,capacity_factor,high,0.3909,9949291.226,8728221.001
G100000403260,S2,efficiency,central,0.36,9552235.86,8379895.988
G100000403260,S2,efficiency,low,0.335,10914859.525,9424574.132
G100000403260,S2,efficiency,high,0.385,8366576.301,7470890.327
G100000403260,S2,emission_factor,central,56100.0,9552235.86,8379895.988
G100000403260,S2,emission_factor,low,54300.0,8966380.548,7930740.25
G100000403260,S2,emission_factor,high,58300.0,10268281.24,8928864.113
G100000409593,S1,lifetime,central,30,-843571.417,0
G100000409593,S1,lifetime,low,25,-145006.356,0
G100000409593,S1,lifetime,high,40,-1334273.568,0
G100000409593,S1,capacity_factor,central,0.3753,-843571.417,0
G100000409593,S1,capacity_factor,low,0.3406,-765575.337,0
G100000409593,S1,capacity_factor,high,0.3909,-878635.935,0
G100000409593,S1,efficiency,central,0.38,-843571.417,0
G100000409593,S1,efficiency,low,0.353,-378489.595,0
G100000409593,S1,efficiency,high,0.407,-1246953.797,0
G100000409593,S1,emission_factor,central,56100.0,-843571.417,0
G100000409593,S1,emission_factor,low,54300.0,-1038663.448,0
G100000409593,S1,emission_factor,high,58300.0,-605111.108,0
G100000409593,S2,lifetime,central,30,-843571.417,0
G100000409593,S2,lifetime,low,25,-145006.356,0
G100000409593,S2,lifetime,high,40,-1334273.568,0
G100000409593,S2,capacity_factor,central,0.3753,-843571.417,0
G100000409593,S2,capacity_factor,low,0.3406,-765575.337,0
G100000409593,S2,capacity_factor,high,0.3909,-878635.935,0
G100000409593,S2,efficiency,central,0.38,-843571.417,0
G100000409593,S2,efficiency,low,0.353,-378489.595,0
G100000409593,S2,efficiency,high,0.407,-1246953.797,0
G100000409593,S2,emission_factor,central,56100.0,-843571.417,0
G100000409593,S2,emission_factor,low,54300.0,-1038663.448,0
G100000409593,S2,emission_factor,high,58300.0,-605111.108,0
G100000414292,S1,lifetime,central,30,-32468.074,103818.702
G100000414292,S1,lifetime,low,25,-136286.776,0
G100000414292,S1,lifetime,high,40,283819.574,420106.35
G100000414292,S1,capacity_factor,central,0.3753,-32468.074,103818.702
G100000414292,S1,capacity_factor,low,0.3406,-29466.096,94219.692
G100000414292,S1,capacity_factor,high,0.3909,-33817.67,108134.107
G100000414292,S1,efficiency,central,0.42,-32468.074,103818.702
G100000414292,S1,efficiency,low,0.391,142003.489,132897.297
G100000414292,S1,efficiency,high,0.449,-184400.802,78496.582
G100000414292,S1,emission_factor,central,56100.0,-32468.074,103818.702
G100000414292,S1,emission_factor,low,54300.0,-107951.393,91238.149
G100000414292,S1,emission_factor,high,58300.0,59773.438,119192.287
G100000414292,S2,lifetime,central,30,-15519.92,120766.856
G100000414292,S2,lifetime,low,25,-136286.776,0
G100000414292,S2,lifetime,high,40,389802.444,526089.22
G100000414292,S2,capacity_factor,central,0.3753,-15519.92,120766.856
G100000414292,S2,capacity_factor,low,0.3406,-14084.958,109600.83
G100000414292,S2,capacity_factor,high,0.3909,-16165.035,125786.742
G100000414292,S2,efficiency,central,0.42,-15519.92,120766.856
G100000414292,S2,efficiency,low,0.391,158951.643,149845.451
G100000414292,S2,efficiency,high,0.449,-167452.648,95444.736
G100000414292,S2,emission_factor,central,56100.0,-15519.92,120766.856
G100000414292,S2,emission_factor,low,54300.0,-91003.239,108186.303
G100000414292,S2,emission_factor,high,58300.0,76721.593,136140.442
G100000909610,S1,lifetime,central,25,-3810189.789,-1373224.994
G100000909610,S1,lifetime,low,20,-3238405.752,-801440.957
G100000909610,S1,lifetime,high,30,-4306839.169,-1869874.374
G100000909610,S1,capacity_factor,central,0.3338,-3810189.789,-1373224.994
G100000909610,S1,capacity_factor,low,0.325,-3709741.407,-1337022.539
G100000909610,S1,capacity_factor,high,0.3504,-3999671.967,-1441515.993
G100000909610,S2,lifetime,central,25,-3659266.293,-1222301.498
G100000909610,S2,lifetime,low,20,-3184049.214,-747084.419
G100000909610,S2,lifetime,high,30,-4031393.4,-1594428.605
G100000909610,S2,capacity_factor,central,0.3338,-3659266.293,-1222301.498
G100000909610,S2,capacity_factor,low,0.325,-3562796.72,-1190077.852
G100000909610,S2,capacity_factor,high,0.3504,-3841242.989,-1283087.015
G100000805256,S1,lifetime,central,25,-548423.073,-197656.366
G100000805256,S1,lifetime,low,20,-466122.826,-115356.119
G100000805256,S1,lifetime,high,30,-619908.747,-269142.04
G100000805256,S1,capacity_factor,central,0.2098,-548423.073,-197656.366
G100000805256,S1,capacity_factor,low,0.1949,-509474.056,-183618.807
G100000805256,S1,capacity_factor,high,0.2098,-548423.073,-197656.366
G100000805256,S2,lifetime,central,25,-526699.765,-175933.058
G100000805256,S2,lifetime,low,20,-458298.97,-107532.263
G100000805256,S2,lifetime,high,30,-580262.214,-229495.507
G100000805256,S2,capacity_factor,central,0.2098,-526699.765,-175933.058
G100000805256,S2,capacity_factor,low,0.1949,-489293.538,-163438.289
G100000805256,S2,capacity_factor,high,0.2098,-526699.765,-175933.058
G100000908927,S1,lifetime,central,25,-1484653.166,-88364.157
G100000908927,S1,lifetime,low,20,-1257091.104,0
G100000908927,S1,lifetime,high,30,-1684957.461,-288668.452
G100000908927,S1,capacity_factor,central,0.3338,-1484653.166,-88364.157
G100000908927,S1,capacity_factor,low,0.325,-1445513.12,-86034.604
G100000908927,S1,capacity_factor,high,0.3504,-1558485.527,-92758.539
G100000908927,S2,lifetime,central,25,-1481964.638,-85675.629
G100000908927,S2,lifetime,low,20,-1257091.104,0
G100000908927,S2,lifetime,high,30,-1662834.097,-266545.088
G100000908927,S2,capacity_factor,central,0.3338,-1481964.638,-85675.629
G100000908927,S2,capacity_factor,low,0.325,-1442895.47,-83416.954
G100000908927,S2,capacity_factor,high,0.3504,-1555663.299,-89936.311
G100000909108,S1,lifetime,central,25,-1982709.755,-500086.433
G100000909108,S1,lifetime,low,20,-1683476.024,-200852.702
G100000909108,S1,lifetime,high,30,-2242623.006,-759999.684
G100000909108,S1,capacity_factor,central,0.3338,-1982709.755,-500086.433
G100000909108,S1,capacity_factor,low,0.325,-1930439.393,-486902.607
G100000909108,S1,capacity_factor,high,0.3504,-2081310.658,-524955.919
G100000909108,S2,lifetime,central,25,-1940076.916,-457453.594
G100000909108,S2,lifetime,low,20,-1675420.891,-192797.569
G100000909108,S2,lifetime,high,30,-2147320.456,-664697.134
G100000909108,S2,capacity_factor,central,0.3338,-1940076.916,-457453.594
G100000909108,S2,capacity_factor,low,0.325,-1888930.488,-445393.702
G100000909108,S2,capacity_factor,high,0.3504,-2036557.67,-480202.931
G100000414131,S1,lifetime,central,30,482294.31,117969.147
G100000414131,S1,lifetime,low,25,364325.163,0
G100000414131,S1,lifetime,high,40,755619.852,391294.689
G100000414131,S1,capacity_factor,central,0.1114,482294.31,117969.147
G100000414131,S1,capacity_factor,low,0.1052,455452.073,111403.538
G100000414131,S1,capacity_factor,high,0.1282,555028.104,135759.828
G100000414131,S1,efficiency,central,0.36,482294.31,117969.147
G100000414131,S1,efficiency,low,0.335,579527.503,134174.68
G100000414131,S1,efficiency,high,0.385,397688.802,103868.229
G100000414131,S1,emission_factor,central,77400.0,482294.31,117969.147
G100000414131,S1,emission_factor,low,75500.0,450310.366,112638.491
G100000414131,S1,emission_factor,high,78800.0,505861.423,121897.0
G100000414131,S2,lifetime,central,30,488126.28,123801.117
G100000414131,S2,lifetime,low,25,364325.163,0
G100000414131,S2,lifetime,high,40,792089.243,427764.08
G100000414131,S2,capacity_factor,central,0.1114,488126.28,123801.117
G100000414131,S2,capacity_factor,low,0.1052,460959.464,116910.929
G100000414131,S2,capacity_factor,high,0.1282,561739.579,142471.303
G100000414131,S2,efficiency,central,0.36,488126.28,123801.117
G100000414131,S2,efficiency,low,0.335,585359.472,140006.649
G100000414131,S2,efficiency,high,0.385,403520.772,109700.199
G100000414131,S2,emission_factor,central,77400.0,488126.28,123801.117
G100000414131,S2,emission_factor,low,75500.0,456142.334,118470.459
G100000414131,S2,emission_factor,high,78800.0,511693.392,127728.969
G100000414132,S1,lifetime,central,30,482294.31,117969.147
G100000414132,S1,lifetime,low,25,364325.163,0
G100000414132,S1,lifetime,high,40,755619.852,391294.689
G100000414132,S1,capacity_factor,central,0.1114,482294.31,117969.147
G100000414132,S1,capacity_factor,low,0.1052,455452.073,111403.538
G100000414132,S1,capacity_factor,high,0.1282,555028.104,135759.828
G100000414132,S1,efficiency,central,0.36,482294.31,117969.147
G100000414132,S1,efficiency,low,0.335,579527.503,134174.68
G100000414132,S1,efficiency,high,0.385,397688.802,103868.229
G100000414132,S1,emission_factor,central,77400.0,482294.31,117969.147
G100000414132,S1,emission_factor,low,75500.0,450310.366,112638.491
G100000414132,S1,emission_factor,high,78800.0,505861.423,121897.0
G100000414132,S2,lifetime,central,30,488126.28,123801.117
G100000414132,S2,lifetime,low,25,364325.163,0
G100000414132,S2,lifetime,high,40,792089.243,427764.08
G100000414132,S2,capacity_factor,central,0.1114,488126.28,123801.117
G100000414132,S2,capacity_factor,low,0.1052,460959.464,116910.929
G100000414132,S2,capacity_factor,high,0.1282,561739.579,142471.303
G100000414132,S2,efficiency,central,0.36,488126.28,123801.117
G100000414132,S2,efficiency,low,0.335,585359.472,140006.649
G100000414132,S2,efficiency,high,0.385,403520.772,109700.199
G100000414132,S2,emission_factor,central,77400.0,488126.28,123801.117
G100000414132,S2,emission_factor,low,75500.0,456142.334,118470.459
G100000414132,S2,emission_factor,high,78800.0,511693.392,127728.969
G100000414133,S1,lifetime,central,30,482294.31,117969.147
G100000414133,S1,lifetime,low,25,364325.163,0
G100000414133,S1,lifetime,high,40,755619.852,391294.689
G100000414133,S1,capacity_factor,central,0.1114,482294.31,117969.147
G100000414133,S1,capacity_factor,low,0.1052,455452.073,111403.538
G100000414133,S1,capacity_factor,high,0.1282,555028.104,135759.828
G100000414133,S1,efficiency,central,0.36,482294.31,117969.147
G100000414133,S1,efficiency,low,0.335,579527.503,134174.68
G100000414133,S1,efficiency,high,0.385,397688.802,103868.229
G100000414133,S1,emission_factor,central,77400.0,482294.31,117969.147
G100000414133,S1,emission_factor,low,75500.0,450310.366,112638.491
G100000414133,S1,emission_factor,high,78800.0,505861.423,121897.0
G100000414133,S2,lifetime,central,30,488126.28,123801.117
G100000414133,S2,lifetime,low,25,364325.163,0
G100000414133,S2,lifetime,high,40,792089.243,427764.08
G100000414133,S2,capacity_factor,central,0.1114,488126.28,123801.117
G100000414133,S2,capacity_factor,low,0.1052,460959.464,116910.929
G100000414133,S2,capacity_factor,high,0.1282,561739.579,142471.303
G100000414133,S2,efficiency,central,0.36,488126.28,123801.117
G100000414133,S2,efficiency,low,0.335,585359.472,140006.649
G100000414133,S2,efficiency,high,0.385,403520.772,109700.199
G100000414133,S2,emission_factor,central,77400.0,488126.28,123801.117
G100000414133,S2,emission_factor,low,75500.0,456142.334,118470.459
G100000414133,S2,emission_factor,high,78800.0,511693.392,127728.969
G100000414134,S1,lifetime,central,30,482294.31,117969.147
G100000414134,S1,lifetime,low,25,364325.163,0
G100000414134,S1,lifetime,high,40,755619.852,391294.689
G100000414134,S1,capacity_factor,central,0.1114,482294.31,117969.147
G100000414134,S1,capacity_factor,low,0.1052,455452.073,111403.538
G100000414134,S1,capacity_factor,high,0.1282,555028.104,135759.828
G100000414134,S1,efficiency,central,0.36,482294.31,117969.147
G100000414134,S1,efficiency,low,0.335,579527.503,134174.68
G100000414134,S1,efficiency,high,0.385,397688.802,103868.229
G100000414134,S1,emission_factor,central,77400.0,482294.31,117969.147
G100000414134,S1,emission_factor,low,75500.0,450310.366,112638.491
G100000414134,S1,emission_factor,high,78800.0,505861.423,121897.0
G100000414134,S2,lifetime,central,30,488126.28,123801.117
G100000414134,S2,lifetime,low,25,364325.163,0
G100000414134,S2,lifetime,high,40,792089.243,427764.08
G100000414134,S2,capacity_factor,central,0.1114,488126.28,123801.117
G100000414134,S2,capacity_factor,low,0.1052,460959.464,116910.929
G100000414134,S2,capacity_factor,high,0.1282,561739.579,142471.303
G100000414134,S2,efficiency,central,0.36,488126.28,123801.117
G100000414134,S2,efficiency,low,0.335,585359.472,140006.649
G100000414134,S2,efficiency,high,0.385,403520.772,109700.199
G100000414134,S2,emission_factor,central,77400.0,488126.28,123801.117
G100000414134,S2,emission_factor,low,75500.0,456142.334,118470.459
G100000414134,S2,emission_factor,high,78800.0,511693.392,127728.969
G100000414135,S1,lifetime,central,30,466940.239,93273.52
G100000414135,S1,lifetime,low,25,351805.414,0
G100000414135,S1,lifetime,high,40,735665.525,361998.806
G100000414135,S1,capacity_factor,central,0.1114,466940.239,93273.52
G100000414135,S1,capacity_factor,low,0.1052,440952.538,88082.354
G100000414135,S1,capacity_factor,high,0.1282,537358.517,107339.905
G100000414135,S1,efficiency,central,0.36,466940.239,93273.52
G100000414135,S1,efficiency,low,0.335,564173.432,106237.947
G100000414135,S1,efficiency,high,0.385,382334.731,81992.786
G100000414135,S1,emission_factor,central,77400.0,466940.239,93273.52
G100000414135,S1,emission_factor,low,75500.0,434956.294,89008.995
G100000414135,S1,emission_factor,high,78800.0,490507.352,96415.803
G100000414135,S2,lifetime,central,30,470927.403,97260.684
G100000414135,S2,lifetime,low,25,351805.414,0
G100000414135,S2,lifetime,high,40,768357.074,394690.355
G100000414135,S2,capacity_factor,central,0.1114,470927.403,97260.684
G100000414135,S2,capacity_factor,low,0.1052,444717.796,91847.612
G100000414135,S2,capacity_factor,high,0.1282,541946.975,111928.363
G100000414135,S2,efficiency,central,0.36,470927.403,97260.684
G100000414135,S2,efficiency,low,0.335,568160.595,110225.11
G100000414135,S2,efficiency,high,0.385,386321.895,85979.95
G100000414135,S2,emission_factor,central,77400.0,470927.403,97260.684
G100000414135,S2,emission_factor,low,75500.0,438943.457,92996.158
G100000414135,S2,emission_factor,high,78800.0,494494.515,100402.966
G100000414136,S1,lifetime,central,30,466940.239,93273.52
G100000414136,S1,lifetime,low,25,351805.414,0
G100000414136,S1,lifetime,high,40,735665.525,361998.806
G100000414136,S1,capacity_factor,central,0.1114,466940.239,93273.52
G100000414136,S1,capacity_factor,low,0.1052,440952.538,88082.354
G100000414136,S1,capacity_factor,high,0.1282,537358.517,107339.905
G100000414136,S1,efficiency,central,0.36,466940.239,93273.52
G100000414136,S1,efficiency,low,0.335,564173.432,106237.947
G100000414136,S1,efficiency,high,0.385,382334.731,81992.786
G100000414136,S1,emission_factor,central,77400.0,466940.239,93273.52
G100000414136,S1,emission_factor,low,75500.0,434956.294,89008.995
G100000414136,S1,emission_factor,high,78800.0,490507.352,96415.803
G100000414136,S2,lifetime,central,30,470927.403,97260.684
G100000414136,S2,lifetime,low,25,351805.414,0
G100000414136,S2,lifetime,high,40,768357.074,394690.355
G100000414136,S2,capacity_factor,central,0.1114,470927.403,97260.684
G100000414136,S2,capacity_factor,low,0.1052,444717.796,91847.612
G100000414136,S2,capacity_factor,high,0.1282,541946.975,111928.363
G100000414136,S2,efficiency,central,0.36,470927.403,97260.684
G100000414136,S2,efficiency,low,0.335,568160.595,110225.11
G100000414136,S2,efficiency,high,0.385,386321.895,85979.95
G100000414136,S2,emission_factor,central,77400.0,470927.403,97260.684
G100000414136,S2,emission_factor,low,75500.0,438943.457,92996.158
G100000414136,S2,emission_factor,high,78800.0,494494.515,100402.966
G100000414137,S1,lifetime,central,30,466940.239,93273.52
G100000414137,S1,lifetime,low,25,351805.414,0
G100000414137,S1,lifetime,high,40,735665.525,361998.806
G100000414137,S1,capacity_factor,central,0.1114,466940.239,93273.52
G100000414137,S1,capacity_factor,low,0.1052,440952.538,88082.354
G100000414137,S1,capacity_factor,high,0.1282,537358.517,107339.905
G100000414137,S1,efficiency,central,0.36,466940.239,93273.52
G100000414137,S1,efficiency,low,0.335,564173.432,106237.947
G100000414137,S1,efficiency,high,0.385,382334.731,81992.786
G100000414137,S1,emission_factor,central,77400.0,466940.239,93273.52
G100000414137,S1,emission_factor,low,75500.0,434956.294,89008.995
G100000414137,S1,emission_factor,high,78800.0,490507.352,96415.803
G100000414137,S2,lifetime,central,30,470927.403,97260.684
G100000414137,S2,lifetime,low,25,351805.414,0
G100000414137,S2,lifetime,high,40,768357.074,394690.355
G100000414137,S2,capacity_factor,central,0.1114,470927.403,97260.684
G100000414137,S2,capacity_factor,low,0.1052,444717.796,91847.612
G100000414137,S2,capacity_factor,high,0.1282,541946.975,111928.363
G100000414137,S2,efficiency,central,0.36,470927.403,97260.684
G100000414137,S2,efficiency,low,0.335,568160.595,110225.11
G100000414137,S2,efficiency,high,0.385,386321.895,85979.95
G100000414137,S2,emission_factor,central,77400.0,470927.403,97260.684
G100000414137,S2,emission_factor,low,75500.0,438943.457,92996.158
G100000414137,S2,emission_factor,high,78800.0,494494.515,100402.966
G100000805933,S1,lifetime,central,25,-2406973.566,-1907909.088
G100000805933,S1,lifetime,low,20,-2049322.631,-1550258.153
G100000805933,S1,lifetime,high,30,-2717627.753,-2218563.275
G100000805933,S1,capacity_factor,central,0.2098,-2406973.566,-1907909.088
G100000805933,S1,capacity_factor,low,0.1949,-2236030.259,-1772409.349
G100000805933,S1,capacity_factor,high,0.2098,-2406973.566,-1907909.088
G100000805933,S2,lifetime,central,25,-2062550.352,-1563485.874
G100000805933,S2,lifetime,low,20,-1820958.6,-1321894.122
G100000805933,S2,lifetime,high,30,-2251732.996,-1752668.518
G100000805933,S2,capacity_factor,central,0.2098,-2062550.352,-1563485.874
G100000805933,S2,capacity_factor,low,0.1949,-1916067.985,-1452447.075
G100000805933,S2,capacity_factor,high,0.2098,-2062550.352,-1563485.874
G100001019588,S1,lifetime,central,25,-1874898.721,-1874898.721
G100001019588,S1,lifetime,low,20,-1597527.65,-1597527.65
G100001019588,S1,lifetime,high,30,-2115822.206,-2115822.206
G100001019588,S1,capacity_factor,central,0.2098,-1874898.721,-1874898.721
G100001019588,S1,capacity_factor,low,0.1949,-1741743.378,-1741743.378
G100001019588,S1,capacity_factor,high,0.2098,-1874898.721,-1874898.721
G100001019588,S2,lifetime,central,25,-1491701.072,-1491701.072
G100001019588,S2,lifetime,low,20,-1319248.774,-1319248.774
G100001019588,S2,lifetime,high,30,-1626742.871,-1626742.871
G100001019588,S2,capacity_factor,central,0.2098,-1491701.072,-1491701.072
G100001019588,S2,capacity_factor,low,0.1949,-1385760.433,-1385760.433
G100001019588,S2,capacity_factor,high,0.2098,-1491701.072,-1491701.072
G100000838471,S1,lifetime,central,25,-1376175.661,-1376175.661
G100000838471,S1,lifetime,low,20,-1172585.295,-1172585.295
G100000838471,S1,lifetime,high,30,-1553013.499,-1553013.499
G100000838471,S1,capacity_factor,central,0.2098,-1376175.661,-1376175.661
G100000838471,S1,capacity_factor,low,0.1949,-1278439.64,-1278439.64
G100000838471,S1,capacity_factor,high,0.2098,-1376175.661,-1376175.661
G100000838471,S2,lifetime,central,25,-1094908.588,-1094908.588
G100000838471,S2,lifetime,low,20,-968328.601,-968328.601
G100000838471,S2,lifetime,high,30,-1194029.268,-1194029.268
G100000838471,S2,capacity_factor,central,0.2098,-1094908.588,-1094908.588
G100000838471,S2,capacity_factor,low,0.1949,-1017148.159,-1017148.159
G100000838471,S2,capacity_factor,high,0.2098,-1094908.588,-1094908.588
G100000910211,S1,lifetime,central,25,-6157016.607,-5818686.759
G100000910211,S1,lifetime,low,20,-5246152.299,-4907822.451
G100000910211,S1,lifetime,high,30,-6948189.865,-6609860.017
G100000910211,S1,capacity_factor,central,0.3338,-6157016.607,-5818686.759
G100000910211,S1,capacity_factor,low,0.325,-5994698.615,-5665288.188
G100000910211,S1,capacity_factor,high,0.3504,-6463207.366,-6108052.247
G100000910211,S2,lifetime,central,25,-5001243.911,-4662914.063
G100000910211,S2,lifetime,low,20,-4423061.086,-4084731.238
G100000910211,S2,lifetime,high,30,-5454000.187,-5115670.339
G100000910211,S2,capacity_factor,central,0.3338,-5001243.911,-4662914.063
G100000910211,S2,capacity_factor,low,0.325,-4869395.66,-4539985.233
G100000910211,S2,capacity_factor,high,0.3504,-5249957.661,-4894802.542
G100000805562,S1,lifetime,central,25,-1895588.304,-1410084.41
G100000805562,S1,lifetime,low,20,-1613724.024,-1128220.13
G100000805562,S1,lifetime,high,30,-2140414.503,-1654910.609
G100000805562,S1,capacity_factor,central,0.2098,-1895588.304,-1410084.41
G100000805562,S1,capacity_factor,low,0.1949,-1760963.584,-1309940.185
G100000805562,S1,capacity_factor,high,0.2098,-1895588.304,-1410084.41
G100000805562,S2,lifetime,central,25,-1649960.814,-1164456.92
G100000805562,S2,lifetime,low,20,-1455574.129,-970070.235
G100000805562,S2,lifetime,high,30,-1802178.71,-1316674.816
G100000805562,S2,capacity_factor,central,0.2098,-1649960.814,-1164456.92
G100000805562,S2,capacity_factor,low,0.1949,-1532780.566,-1081757.167
G100000805562,S2,capacity_factor,high,0.2098,-1649960.814,-1164456.92
G100000402256,S1,capacity_factor,central,0.3753,707779.492,0
G100000402256,S1,capacity_factor,low,0.3406,642338.651,0
G100000402256,S1,capacity_factor,high,0.3909,737199.583,0
G100000402256,S1,efficiency,central,0.36,707779.492,0
G100000402256,S1,efficiency,low,0.335,1394872.152,0
G100000402256,S1,efficiency,high,0.385,109919.646,0
G100000402256,S1,emission_factor,central,56100.0,707779.492,0
G100000402256,S1,emission_factor,low,54300.0,412366.39,0
G100000402256,S1,emission_factor,high,58300.0,1068839.948,0
G100000402256,S2,capacity_factor,central,0.3753,707779.492,0
G100000402256,S2,capacity_factor,low,0.3406,642338.651,0
G100000402256,S2,capacity_factor,high,0.3909,737199.583,0
G100000402256,S2,efficiency,central,0.36,707779.492,0
G100000402256,S2,efficiency,low,0.335,1394872.152,0
G100000402256,S2,efficiency,high,0.385,109919.646,0
G100000402256,S2,emission_factor,central,56100.0,707779.492,0
G100000402256,S2,emission_factor,low,54300.0,412366.39,0
G100000402256,S2,emission_factor,high,58300.0,1068839.948,0
G100000402257,S1,capacity_factor,central,0.3753,707779.492,0
G100000402257,S1,capacity_factor,low,0.3406,642338.651,0
G100000402257,S1,capacity_factor,high,0.3909,737199.583,0
G100000402257,S1,efficiency,central,0.36,707779.492,0
G100000402257,S1,efficiency,low,0.335,1394872.152,0
G100000402257,S1,efficiency,high,0.385,109919.646,0
G100000402257,S1,emission_factor,central,56100.0,707779.492,0
G100000402257,S1,emission_factor,low,54300.0,412366.39,0
G100000402257,S1,emission_factor,high,58300.0,1068839.948,0
G100000402257,S2,capacity_factor,central,0.3753,707779.492,0
G100000402257,S2,capacity_factor,low,0.3406,642338.651,0
G100000402257,S2,capacity_factor,high,0.3909,737199.583,0
G100000402257,S2,efficiency,central,0.36,707779.492,0
G100000402257,S2,efficiency,low,0.335,1394872.152,0
G100000402257,S2,efficiency,high,0.385,109919.646,0
G100000402257,S2,emission_factor,central,56100.0,707779.492,0
G100000402257,S2,emission_factor,low,54300.0,412366.39,0
G100000402257,S2,emission_factor,high,58300.0,1068839.948,0
G100000402258,S1,capacity_factor,central,0.3753,707779.492,0
G100000402258,S1,capacity_factor,low,0.3406,642338.651,0
G100000402258,S1,capacity_factor,high,0.3909,737199.583,0
G100000402258,S1,efficiency,central,0.36,707779.492,0
G100000402258,S1,efficiency,low,0.335,1394872.152,0
G100000402258,S1,efficiency,high,0.385,109919.646,0
G100000402258,S1,emission_factor,central,56100.0,707779.492,0
G100000402258,S1,emission_factor,low,54300.0,412366.39,0
G100000402258,S1,emission_factor,high,58300.0,1068839.948,0
G100000402258,S2,capacity_factor,central,0.3753,707779.492,0
G100000402258,S2,capacity_factor,low,0.3406,642338.651,0
G100000402258,S2,capacity_factor,high,0.3909,737199.583,0
G100000402258,S2,efficiency,central,0.36,707779.492,0
G100000402258,S2,efficiency,low,0.335,1394872.152,0
G100000402258,S2,efficiency,high,0.385,109919.646,0
G100000402258,S2,emission_factor,central,56100.0,707779.492,0
G100000402258,S2,emission_factor,low,54300.0,412366.39,0
G100000402258,S2,emission_factor,high,58300.0,1068839.948,0
G100000402259,S1,capacity_factor,central,0.3753,707779.492,0
G100000402259,S1,capacity_factor,low,0.3406,642338.651,0
G100000402259,S1,capacity_factor,high,0.3909,737199.583,0
G100000402259,S1,efficiency,central,0.36,707779.492,0
G100000402259,S1,efficiency,low,0.335,1394872.152,0
G100000402259,S1,efficiency,high,0.385,109919.646,0
G100000402259,S1,emission_factor,central,56100.0,707779.492,0
G100000402259,S1,emission_factor,low,54300.0,412366.39,0
G100000402259,S1,emission_factor,high,58300.0,1068839.948,0
G100000402259,S2,capacity_factor,central,0.3753,707779.492,0
G100000402259,S2,capacity_factor,low,0.3406,642338.651,0
G100000402259,S2,capacity_factor,high,0.3909,737199.583,0
G100000402259,S2,efficiency,central,0.36,707779.492,0
G100000402259,S2,efficiency,low,0.335,1394872.152,0
G100000402259,S2,efficiency,high,0.385,109919.646,0
G100000402259,S2,emission_factor,central,56100.0,707779.492,0
G100000402259,S2,emission_factor,low,54300.0,412366.39,0
G100000402259,S2,emission_factor,high,58300.0,1068839.948,0
G100000402260,S1,capacity_factor,central,0.3753,737144.059,0
G100000402260,S1,capacity_factor,low,0.3406,668988.189,0
G100000402260,S1,capacity_factor,high,0.3909,767784.74,0
G100000402260,S1,efficiency,central,0.36,737144.059,0
G100000402260,S1,efficiency,low,0.335,1397810.078,0
G100000402260,S1,efficiency,high,0.385,162278.823,0
G100000402260,S1,emission_factor,central,56100.0,737144.059,0
G100000402260,S1,emission_factor,low,54300.0,453093.0,0
G100000402260,S1,emission_factor,high,58300.0,1084317.575,0
G100000402260,S2,capacity_factor,central,0.3753,737144.059,0
G100000402260,S2,capacity_factor,low,0.3406,668988.189,0
G100000402260,S2,capacity_factor,high,0.3909,767784.74,0
G100000402260,S2,efficiency,central,0.36,737144.059,0
G100000402260,S2,efficiency,low,0.335,1397810.078,0
G100000402260,S2,efficiency,high,0.385,162278.823,0
G100000402260,S2,emission_factor,central,56100.0,737144.059,0
G100000402260,S2,emission_factor,low,54300.0,453093.0,0
G100000402260,S2,emission_factor,high,58300.0,1084317.575,0
G100000402261,S1,capacity_factor,central,0.3753,737144.059,0
G100000402261,S1,capacity_factor,low,0.3406,668988.189,0
G100000402261,S1,capacity_factor,high,0.3909,767784.74,0
G100000402261,S1,efficiency,central,0.36,737144.059,0
G100000402261,S1,efficiency,low,0.335,1397810.078,0
G100000402261,S1,efficiency,high,0.385,162278.823,0
G100000402261,S1,emission_factor,central,56100.0,737144.059,0
G100000402261,S1,emission_factor,low,54300.0,453093.0,0
G100000402261,S1,emission_factor,high,58300.0,1084317.575,0
G100000402261,S2,capacity_factor,central,0.3753,737144.059,0
G100000402261,S2,capacity_factor,low,0.3406,668988.189,0
G100000402261,S2,capacity_factor,high,0.3909,767784.74,0
G100000402261,S2,efficiency,central,0.36,737144.059,0
G100000402261,S2,efficiency,low,0.335,1397810.078,0
G100000402261,S2,efficiency,high,0.385,162278.823,0
G100000402261,S2,emission_factor,central,56100.0,737144.059,0
G100000402261,S2,emission_factor,low,54300.0,453093.0,0
G100000402261,S2,emission_factor,high,58300.0,1084317.575,0
G100000402262,S1,capacity_factor,central,0.3753,737144.059,0
G100000402262,S1,capacity_factor,low,0.3406,668988.189,0
G100000402262,S1,capacity_factor,high,0.3909,767784.74,0
G100000402262,S1,efficiency,central,0.36,737144.059,0
G100000402262,S1,efficiency,low,0.335,1397810.078,0
G100000402262,S1,efficiency,high,0.385,162278.823,0
G100000402262,S1,emission_factor,central,56100.0,737144.059,0
G100000402262,S1,emission_factor,low,54300.0,453093.0,0
G100000402262,S1,emission_factor,high,58300.0,1084317.575,0
G100000402262,S2,capacity_factor,central,0.3753,737144.059,0
G100000402262,S2,capacity_factor,low,0.3406,668988.189,0
G100000402262,S2,capacity_factor,high,0.3909,767784.74,0
G100000402262,S2,efficiency,central,0.36,737144.059,0
G100000402262,S2,efficiency,low,0.335,1397810.078,0
G100000402262,S2,efficiency,high,0.385,162278.823,0
G100000402262,S2,emission_factor,central,56100.0,737144.059,0
G100000402262,S2,emission_factor,low,54300.0,453093.0,0
G100000402262,S2,emission_factor,high,58300.0,1084317.575,0
G100000402263,S1,capacity_factor,central,0.3753,737144.059,0
G100000402263,S1,capacity_factor,low,0.3406,668988.189,0
G100000402263,S1,capacity_factor,high,0.3909,767784.74,0
G100000402263,S1,efficiency,central,0.36,737144.059,0
G100000402263,S1,efficiency,low,0.335,1397810.078,0
G100000402263,S1,efficiency,high,0.385,162278.823,0
G100000402263,S1,emission_factor,central,56100.0,737144.059,0
G100000402263,S1,emission_factor,low,54300.0,453093.0,0
G100000402263,S1,emission_factor,high,58300.0,1084317.575,0
G100000402263,S2,capacity_factor,central,0.3753,737144.059,0
G100000402263,S2,capacity_factor,low,0.3406,668988.189,0
G100000402263,S2,capacity_factor,high,0.3909,767784.74,0
G100000402263,S2,efficiency,central,0.36,737144.059,0
G100000402263,S2,efficiency,low,0.335,1397810.078,0
G100000402263,S2,efficiency,high,0.385,162278.823,0
G100000402263,S2,emission_factor,central,56100.0,737144.059,0
G100000402263,S2,emission_factor,low,54300.0,453093.0,0
G100000402263,S2,emission_factor,high,58300.0,1084317.575,0
G100000402264,S1,capacity_factor,central,0.3753,737144.059,0
G100000402264,S1,capacity_factor,low,0.3406,668988.189,0
G100000402264,S1,capacity_factor,high,0.3909,767784.74,0
G100000402264,S1,efficiency,central,0.36,737144.059,0
G100000402264,S1,efficiency,low,0.335,1397810.078,0
G100000402264,S1,efficiency,high,0.385,162278.823,0
G100000402264,S1,emission_factor,central,56100.0,737144.059,0
G100000402264,S1,emission_factor,low,54300.0,453093.0,0
G100000402264,S1,emission_factor,high,58300.0,1084317.575,0
G100000402264,S2,capacity_factor,central,0.3753,737144.059,0
G100000402264,S2,capacity_factor,low,0.3406,668988.189,0
G100000402264,S2,capacity_factor,high,0.3909,767784.74,0
G100000402264,S2,efficiency,central,0.36,737144.059,0
G100000402264,S2,efficiency,low,0.335,1397810.078,0
G100000402264,S2,efficiency,high,0.385,162278.823,0
G100000402264,S2,emission_factor,central,56100.0,737144.059,0
G100000402264,S2,emission_factor,low,54300.0,453093.0,0
G100000402264,S2,emission_factor,high,58300.0,1084317.575,0
G100001055519,S1,lifetime,central,30,-822254.43,0
G100001055519,S1,lifetime,low,25,-585406.393,0
G100001055519,S1,lifetime,high,40,-1202981.712,0
G100001055519,S1,capacity_factor,central,0.5425,-822254.43,0
G100001055519,S1,capacity_factor,low,0.5369,-813766.638,0
G100001055519,S1,capacity_factor,high,0.6024,-913043.44,0
G100001055519,S1,efficiency,central,0.268,-822254.43,0
G100001055519,S1,efficiency,low,0.249,1492488.987,0
G100001055519,S1,efficiency,high,0.287,1186007.281,0
G100001055519,S2,lifetime,central,30,-822254.43,0
G100001055519,S2,lifetime,low,25,-585406.393,0
G100001055519,S2,lifetime,high,40,-1202981.712,0
G100001055519,S2,capacity_factor,central,0.5425,-822254.43,0
G100001055519,S2,capacity_factor,low,0.5369,-813766.638,0
G100001055519,S2,capacity_factor,high,0.6024,-913043.44,0
G100001055519,S2,efficiency,central,0.268,-822254.43,0
G100001055519,S2,efficiency,low,0.249,1492488.987,0
G100001055519,S2,efficiency,high,0.287,1186007.281,0
G100000402913,S1,lifetime,central,30,2164641.064,1855569.644
G100000402913,S1,lifetime,low,25,1666808.173,1357736.753
G100000402913,S1,lifetime,high,40,3275072.686,2966001.266
G100000402913,S1,capacity_factor,central,0.3753,2164641.064,1855569.644
G100000402913,S1,capacity_factor,low,0.3406,1964499.723,1684004.849
G100000402913,S1,capacity_factor,high,0.3909,2254618.151,1932699.637
G100000402913,S1,efficiency,central,0.36,2164641.064,1855569.644
G100000402913,S1,efficiency,low,0.335,2523878.214,2130984.792
G100000402913,S1,efficiency,high,0.385,1852058.093,1615922.699
G100000402913,S1,emission_factor,central,56100.0,2164641.064,1855569.644
G100000402913,S1,emission_factor,low,54300.0,2010188.303,1737155.86
G100000402913,S1,emission_factor,high,58300.0,2353416.664,2000297.604
G100000402913,S2,lifetime,central,30,2518316.726,2209245.306
G100000402913,S2,lifetime,low,25,1913331.0,1604259.58
G100000402913,S2,lifetime,high,40,3847411.959,3538340.539
G100000402913,S2,capacity_factor,central,0.3753,2518316.726,2209245.306
G100000402913,S2,capacity_factor,low,0.3406,2285474.759,2004979.885
G100000402913,S2,capacity_factor,high,0.3909,2622994.956,2301076.442
G100000402913,S2,efficiency,central,0.36,2518316.726,2209245.306
G100000402913,S2,efficiency,low,0.335,2877553.876,2484660.454
G100000402913,S2,efficiency,high,0.385,2205733.753,1969598.359
G100000402913,S2,emission_factor,central,56100.0,2518316.726,2209245.306
G100000402913,S2,emission_factor,low,54300.0,2363863.963,2090831.52
G100000402913,S2,emission_factor,high,58300.0,2707092.326,2353973.266
G100000805265,S1,lifetime,central,25,-1287735.001,-1085017.334
G100000805265,S1,lifetime,low,20,-1096572.452,-893854.785
G100000805265,S1,lifetime,high,30,-1453778.032,-1251060.365
G100000805265,S1,capacity_factor,central,0.2098,-1287735.001,-1085017.334
G100000805265,S1,capacity_factor,low,0.1949,-1196280.035,-1007959.381
G100000805265,S1,capacity_factor,high,0.2098,-1287735.001,-1085017.334
G100000805265,S2,lifetime,central,25,-1085157.047,-882439.38
G100000805265,S2,lifetime,low,20,-958677.056,-755959.389
G100000805265,S2,lifetime,high,30,-1184199.416,-981481.749
G100000805265,S2,capacity_factor,central,0.2098,-1085157.047,-882439.38
G100000805265,S2,capacity_factor,low,0.1949,-1008089.17,-819768.516
G100000805265,S2,capacity_factor,high,0.2098,-1085157.047,-882439.38
G100000401766,S1,lifetime,central,30,-4005477.368,0
G100000401766,S1,lifetime,low,25,-3842662.062,0
G100000401766,S1,lifetime,high,40,-3628158.93,377318.438
G100000401766,S1,capacity_factor,central,0.3753,-4005477.368,0
G100000401766,S1,capacity_factor,low,0.3406,-3635133.469,0
G100000401766,S1,capacity_factor,high,0.3909,-4171972.029,0
G100000401766,S1,efficiency,central,0.55,-4005477.368,0
G100000401766,S1,efficiency,low,0.511,-3260466.192,0
G100000401766,S1,efficiency,high,0.589,-4651828.32,0
G100000401766,S1,emission_factor,central,56100.0,-4005477.368,0
G100000401766,S1,emission_factor,low,54300.0,-4318616.778,0
G100000401766,S1,emission_factor,high,58300.0,-3622600.775,0
G100000401766,S2,lifetime,central,30,-4005477.368,0
G100000401766,S2,lifetime,low,25,-3842662.062,0
G100000401766,S2,lifetime,high,40,-3284100.15,721377.218
G100000401766,S2,capacity_factor,central,0.3753,-4005477.368,0
G100000401766,S2,capacity_factor,low,0.3406,-3635133.469,0
G100000401766,S2,capacity_factor,high,0.3909,-4171972.029,0
G100000401766,S2,efficiency,central,0.55,-4005477.368,0
G100000401766,S2,efficiency,low,0.511,-3260466.192,0
G100000401766,S2,efficiency,high,0.589,-4651828.32,0
G100000401766,S2,emission_factor,central,56100.0,-4005477.368,0
G100000401766,S2,emission_factor,low,54300.0,-4318616.778,0
G100000401766,S2,emission_factor,high,58300.0,-3622600.775,0
G100000401767,S1,lifetime,central,30,-4005477.368,0
G100000401767,S1,lifetime,low,25,-3842662.062,0
G100000401767,S1,lifetime,high,40,-3628158.93,377318.438
G100000401767,S1,capacity_factor,central,0.3753,-4005477.368,0
G100000401767,S1,capacity_factor,low,0.3406,-3635133.469,0
G100000401767,S1,capacity_factor,high,0.3909,-4171972.029,0
G100000401767,S1,efficiency,central,0.55,-4005477.368,0
G100000401767,S1,efficiency,low,0.511,-3260466.192,0
G100000401767,S1,efficiency,high,0.589,-4651828.32,0
G100000401767,S1,emission_factor,central,56100.0,-4005477.368,0
G100000401767,S1,emission_factor,low,54300.0,-4318616.778,0
G100000401767,S1,emission_factor,high,58300.0,-3622600.775,0
G100000401767,S2,lifetime,central,30,-4005477.368,0
G100000401767,S2,lifetime,low,25,-3842662.062,0
G100000401767,S2,lifetime,high,40,-3284100.15,721377.218
G100000401767,S2,capacity_factor,central,0.3753,-4005477.368,0
G100000401767,S2,capacity_factor,low,0.3406,-3635133.469,0
G100000401767,S2,capacity_factor,high,0.3909,-4171972.029,0
G100000401767,S2,efficiency,central,0.55,-4005477.368,0
G100000401767,S2,efficiency,low,0.511,-3260466.192,0
G100000401767,S2,efficiency,high,0.589,-4651828.32,0
G100000401767,S2,emission_factor,central,56100.0,-4005477.368,0
G100000401767,S2,emission_factor,low,54300.0,-4318616.778,0
G100000401767,S2,emission_factor,high,58300.0,-3622600.775,0
G100000402108,S1,lifetime,central,30,6792071.98,7484769.216
G100000402108,S1,lifetime,low,25,4068793.493,4761490.729
G100000402108,S1,lifetime,high,40,13564732.663,14257429.899
G100000402108,S1,capacity_factor,central,0.3753,6792071.98,7484769.216
G100000402108,S1,capacity_factor,low,0.3406,6164081.311,6792732.2
G100000402108,S1,capacity_factor,high,0.3909,7074396.315,7795886.721
G100000402108,S1,efficiency,central,0.55,6792071.98,7484769.216
G100000402108,S1,efficiency,low,0.511,9650128.699,9771214.592
G100000402108,S1,efficiency,high,0.589,4312501.548,5501112.871
G100000402108,S1,emission_factor,central,56100.0,6792071.98,7484769.216
G100000402108,S1,emission_factor,low,54300.0,5590787.71,6523741.8
G100000402108,S1,emission_factor,high,58300.0,8260886.208,8659820.599
G100000402108,S2,lifetime,central,30,11256015.642,11948712.878
G100000402108,S2,lifetime,low,25,7247820.666,7940517.902
G100000402108,S2,lifetime,high,40,20620621.43,21313318.666
G100000402108,S2,capacity_factor,central,0.3753,11256015.642,11948712.878
G100000402108,S2,capacity_factor,low,0.3406,10215291.573,10843942.462
G100000402108,S2,capacity_factor,high,0.3909,11723891.59,12445381.996
G100000402108,S2,efficiency,central,0.55,11256015.642,11948712.878
G100000402108,S2,efficiency,low,0.511,14114072.361,14235158.254
G100000402108,S2,efficiency,high,0.589,8776445.209,9965056.532
G100000402108,S2,emission_factor,central,56100.0,11256015.642,11948712.878
G100000402108,S2,emission_factor,low,54300.0,10054731.372,10987685.462
G100000402108,S2,emission_factor,high,58300.0,12724829.869,13123764.26
G100000805206,S1,lifetime,central,25,-668538.351,-631801.975
G100000805206,S1,lifetime,low,20,-569635.3,-532898.924
G100000805206,S1,lifetime,high,30,-754445.163,-717708.787
G100000805206,S1,capacity_factor,central,0.2098,-668538.351,-631801.975
G100000805206,S1,capacity_factor,low,0.1949,-621058.742,-586931.384
G100000805206,S1,capacity_factor,high,0.2098,-668538.351,-631801.975
G100000805206,S2,lifetime,central,25,-543042.769,-506306.393
G100000805206,S2,lifetime,low,20,-480262.787,-443526.411
G100000805206,S2,lifetime,high,30,-592203.744,-555467.368
G100000805206,S2,capacity_factor,central,0.2098,-543042.769,-506306.393
G100000805206,S2,capacity_factor,low,0.1949,-504475.863,-470348.505
G100000805206,S2,capacity_factor,high,0.2098,-543042.769,-506306.393
G100000401930,S1,lifetime,central,30,9489792.469,9886026.733
G100000401930,S1,lifetime,low,25,6178930.213,6575164.477
G100000401930,S1,lifetime,high,40,17534671.5,17930905.764
G100000401930,S1,capacity_factor,central,0.3753,9489792.469,9886026.733
G100000401930,S1,capacity_factor,low,0.3406,8612372.276,8971970.97
G100000401930,S1,capacity_factor,high,0.3909,9884252.269,10296956.702
G100000401930,S1,efficiency,central,0.55,9489792.469,9886026.733
G100000401930,S1,efficiency,low,0.511,12734820.118,12698384.028
G100000401930,S1,efficiency,high,0.589,6674496.835,7446103.851
G100000401930,S1,emission_factor,central,56100.0,9489792.469,9886026.733
G100000401930,S1,emission_factor,low,54300.0,8125858.493,8703950.621
G100000401930,S1,emission_factor,high,58300.0,11157479.032,11331355.088
G100000401930,S2,lifetime,central,30,15151993.216,15548227.48
G100000401930,S2,lifetime,low,25,10364839.906,10761074.17
G100000401930,S2,lifetime,high,40,26114418.926,26510653.19
G100000401930,S2,capacity_factor,central,0.3753,15151993.216,15548227.48
G100000401930,S2,capacity_factor,low,0.3406,13751049.534,14110648.228
G100000401930,S2,capacity_factor,high,0.3909,15781812.28,16194516.713
G100000401930,S2,efficiency,central,0.55,15151993.216,15548227.48
G100000401930,S2,efficiency,low,0.511,18397020.865,18360584.775
G100000401930,S2,efficiency,high,0.589,12336697.579,13108304.595
G100000401930,S2,emission_factor,central,56100.0,15151993.216,15548227.48
G100000401930,S2,emission_factor,low,54300.0,13788059.238,14366151.366
G100000401930,S2,emission_factor,high,58300.0,16819679.777,16993555.833
G100000409539,S1,lifetime,central,30,362490.641,170526.042
G100000409539,S1,lifetime,low,25,191964.599,0
G100000409539,S1,lifetime,high,40,813069.182,621104.583
G100000409539,S1,capacity_factor,central,0.3753,362490.641,170526.042
G100000409539,S1,capacity_factor,low,0.3406,328974.986,154759.311
G100000409539,S1,capacity_factor,high,0.3909,377558.201,177614.255
G100000409539,S1,efficiency,central,0.36,362490.641,170526.042
G100000409539,S1,efficiency,low,0.335,568948.772,204935.731
G100000409539,S1,efficiency,high,0.385,182845.255,140585.145
G100000409539,S1,emission_factor,central,56100.0,362490.641,170526.042
G100000409539,S1,emission_factor,low,54300.0,273724.687,155731.717
G100000409539,S1,emission_factor,high,58300.0,470982.367,188607.997
G100000409539,S2,lifetime,central,30,379575.474,187610.875
G100000409539,S2,lifetime,low,25,191964.599,0
G100000409539,S2,lifetime,high,40,919906.751,727942.152
G100000409539,S2,capacity_factor,central,0.3753,379575.474,187610.875
G100000409539,S2,capacity_factor,low,0.3406,344480.168,170264.493
G100000409539,S2,capacity_factor,high,0.3909,395353.194,195409.248
G100000409539,S2,efficiency,central,0.36,379575.474,187610.875
G100000409539,S2,efficiency,low,0.335,586033.606,222020.565
G100000409539,S2,efficiency,high,0.385,199930.088,157669.978
G100000409539,S2,emission_factor,central,56100.0,379575.474,187610.875
G100000409539,S2,emission_factor,low,54300.0,290809.52,172816.55
G100000409539,S2,emission_factor,high,58300.0,488067.2,205692.83
G100000409540,S1,lifetime,central,30,362490.641,170526.042
G100000409540,S1,lifetime,low,25,191964.599,0
G100000409540,S1,lifetime,high,40,813069.182,621104.583
G100000409540,S1,capacity_factor,central,0.3753,362490.641,170526.042
G100000409540,S1,capacity_factor,low,0.3406,328974.986,154759.311
G100000409540,S1,capacity_factor,high,0.3909,377558.201,177614.255
G100000409540,S1,efficiency,central,0.36,362490.641,170526.042
G100000409540,S1,efficiency,low,0.335,568948.772,204935.731
G100000409540,S1,efficiency,high,0.385,182845.255,140585.145
G100000409540,S1,emission_factor,central,56100.0,362490.641,170526.042
G100000409540,S1,emission_factor,low,54300.0,273724.687,155731.717
G100000409540,S1,emission_factor,high,58300.0,470982.367,188607.997
G100000409540,S2,lifetime,central,30,379575.474,187610.875
G100000409540,S2,lifetime,low,25,191964.599,0
G100000409540,S2,lifetime,high,40,919906.751,727942.152
G100000409540,S2,capacity_factor,central,0.3753,379575.474,187610.875
G100000409540,S2,capacity_factor,low,0.3406,344480.168,170264.493
G100000409540,S2,capacity_factor,high,0.3909,395353.194,195409.248
G100000409540,S2,efficiency,central,0.36,379575.474,187610.875
G100000409540,S2,efficiency,low,0.335,586033.606,222020.565
G100000409540,S2,efficiency,high,0.385,199930.088,157669.978
G100000409540,S2,emission_factor,central,56100.0,379575.474,187610.875
G100000409540,S2,emission_factor,low,54300.0,290809.52,172816.55
G100000409540,S2,emission_factor,high,58300.0,488067.2,205692.83
G100000409541,S1,lifetime,central,30,362490.641,170526.042
G100000409541,S1,lifetime,low,25,191964.599,0
G100000409541,S1,lifetime,high,40,813069.182,621104.583
G100000409541,S1,capacity_factor,central,0.3753,362490.641,170526.042
G100000409541,S1,capacity_factor,low,0.3406,328974.986,154759.311
G100000409541,S1,capacity_factor,high,0.3909,377558.201,177614.255
G100000409541,S1,efficiency,central,0.36,362490.641,170526.042
G100000409541,S1,efficiency,low,0.335,568948.772,204935.731
G100000409541,S1,efficiency,high,0.385,182845.255,140585.145
G100000409541,S1,emission_factor,central,56100.0,362490.641,170526.042
G100000409541,S1,emission_factor,low,54300.0,273724.687,155731.717
G100000409541,S1,emission_factor,high,58300.0,470982.367,188607.997
G100000409541,S2,lifetime,central,30,379575.474,187610.875
G100000409541,S2,lifetime,low,25,191964.599,0
G100000409541,S2,lifetime,high,40,919906.751,727942.152
G100000409541,S2,capacity_factor,central,0.3753,379575.474,187610.875
G100000409541,S2,capacity_factor,low,0.3406,344480.168,170264.493
G100000409541,S2,capacity_factor,high,0.3909,395353.194,195409.248
G100000409541,S2,efficiency,central,0.36,379575.474,187610.875
G100000409541,S2,efficiency,low,0.335,586033.606,222020.565
G100000409541,S2,efficiency,high,0.385,199930.088,157669.978
G100000409541,S2,emission_factor,central,56100.0,379575.474,187610.875
G100000409541,S2,emission_factor,low,54300.0,290809.52,172816.55
G100000409541,S2,emission_factor,high,58300.0,488067.2,205692.83
G100000909808,S1,lifetime,central,25,-4883441.722,-1760034.174
G100000909808,S1,lifetime,low,20,-4150597.906,-1027190.358
G100000909808,S1,lifetime,high,30,-5519986.997,-2396579.449
G100000909808,S1,capacity_factor,central,0.3338,-4883441.722,-1760034.174
G100000909808,S1,capacity_factor,low,0.325,-4754699.1,-1713634.23
G100000909808,S1,capacity_factor,high,0.3504,-5126297.122,-1847561.336
G100000909808,S2,lifetime,central,25,-4690006.187,-1566598.639
G100000909808,S2,lifetime,low,20,-4080930.252,-957522.704
G100000909808,S2,lifetime,high,30,-5166953.831,-2043546.283
G100000909808,S2,capacity_factor,central,0.3338,-4690006.187,-1566598.639
G100000909808,S2,capacity_factor,low,0.325,-4566363.125,-1525298.255
G100000909808,S2,capacity_factor,high,0.3504,-4923241.964,-1644506.178
G100000403818,S1,lifetime,central,30,5205644.25,5422999.332
G100000403818,S1,lifetime,low,25,3389464.273,3606819.355
G100000403818,S1,lifetime,high,40,9618678.401,9836033.483
G100000403818,S1,capacity_factor,central,0.3753,5205644.25,5422999.332
G100000403818,S1,capacity_factor,low,0.3406,4724333.683,4921592.252
G100000403818,S1,capacity_factor,high,0.3909,5422025.948,5648415.773
G100000403818,S1,efficiency,central,0.55,5205644.25,5422999.332
G100000403818,S1,efficiency,low,0.511,6985710.523,6965723.434
G100000403818,S1,efficiency,high,0.589,3661308.313,4084574.852
G100000403818,S1,emission_factor,central,56100.0,5205644.25,5422999.332
G100000403818,S1,emission_factor,low,54300.0,4457455.595,4774569.165
G100000403818,S1,emission_factor,high,58300.0,6120456.981,6215837.031
G100000403818,S2,lifetime,central,30,8311655.561,8529010.643
G100000403818,S2,lifetime,low,25,5685653.235,5903008.317
G100000403818,S2,lifetime,high,40,14325115.66,14542470.742
G100000403818,S2,capacity_factor,central,0.3753,8311655.561,8529010.643
G100000403818,S2,capacity_factor,low,0.3406,7543165.163,7740423.732
G100000403818,S2,capacity_factor,high,0.3909,8657144.045,8883533.87
G100000403818,S2,efficiency,central,0.55,8311655.561,8529010.643
G100000403818,S2,efficiency,low,0.511,10091721.839,10071734.75
G100000403818,S2,efficiency,high,0.589,6767319.628,7190586.167
G100000403818,S2,emission_factor,central,56100.0,8311655.561,8529010.643
G100000403818,S2,emission_factor,low,54300.0,7563466.904,7880580.474
G100000403818,S2,emission_factor,high,58300.0,9226468.295,9321848.345
G100000403819,S1,lifetime,central,30,5205644.25,5422999.332
G100000403819,S1,lifetime,low,25,3389464.273,3606819.355
G100000403819,S1,lifetime,high,40,9618678.401,9836033.483
G100000403819,S1,capacity_factor,central,0.3753,5205644.25,5422999.332
G100000403819,S1,capacity_factor,low,0.3406,4724333.683,4921592.252
G100000403819,S1,capacity_factor,high,0.3909,5422025.948,5648415.773
G100000403819,S1,efficiency,central,0.55,5205644.25,5422999.332
G100000403819,S1,efficiency,low,0.511,6985710.523,6965723.434
G100000403819,S1,efficiency,high,0.589,3661308.313,4084574.852
G100000403819,S1,emission_factor,central,56100.0,5205644.25,5422999.332
G100000403819,S1,emission_factor,low,54300.0,4457455.595,4774569.165
G100000403819,S1,emission_factor,high,58300.0,6120456.981,6215837.031
G100000403819,S2,lifetime,central,30,8311655.561,8529010.643
G100000403819,S2,lifetime,low,25,5685653.235,5903008.317
G100000403819,S2,lifetime,high,40,14325115.66,14542470.742
G100000403819,S2,capacity_factor,central,0.3753,8311655.561,8529010.643
G100000403819,S2,capacity_factor,low,0.3406,7543165.163,7740423.732
G100000403819,S2,capacity_factor,high,0.3909,8657144.045,8883533.87
G100000403819,S2,efficiency,central,0.55,8311655.561,8529010.643
G100000403819,S2,efficiency,low,0.511,10091721.839,10071734.75
G100000403819,S2,efficiency,high,0.589,6767319.628,7190586.167
G100000403819,S2,emission_factor,central,56100.0,8311655.561,8529010.643
G100000403819,S2,emission_factor,low,54300.0,7563466.904,7880580.474
G100000403819,S2,emission_factor,high,58300.0,9226468.295,9321848.345
G100000805856,S1,lifetime,central,25,-865630.373,-604635.318
G100000805856,S1,lifetime,low,20,-736436.926,-475441.871
G100000805856,S1,lifetime,high,30,-977847.295,-716852.24
G100000805856,S1,capacity_factor,central,0.2098,-865630.373,-604635.318
G100000805856,S1,capacity_factor,low,0.1949,-804153.284,-561694.104
G100000805856,S1,capacity_factor,high,0.2098,-865630.373,-604635.318
G100000805856,S2,lifetime,central,25,-764226.945,-503231.89
G100000805856,S2,lifetime,low,20,-673262.703,-412267.648
G100000805856,S2,lifetime,high,30,-835458.079,-574463.024
G100000805856,S2,capacity_factor,central,0.2098,-764226.945,-503231.89
G100000805856,S2,capacity_factor,low,0.1949,-709951.531,-467492.351
G100000805856,S2,capacity_factor,high,0.2098,-764226.945,-503231.89
G100000401944,S1,lifetime,central,30,-6842723.559,366121.643
G100000401944,S1,lifetime,low,25,-7214831.76,-5986.558
G100000401944,S1,lifetime,high,40,-4680211.425,2528633.777
G100000401944,S1,capacity_factor,central,0.3753,-6842723.559,366121.643
G100000401944,S1,capacity_factor,low,0.3406,-6210049.677,332270.268
G100000401944,S1,capacity_factor,high,0.3909,-7127153.317,381340.128
G100000401944,S1,efficiency,central,0.55,-6842723.559,366121.643
G100000401944,S1,efficiency,low,0.511,-4949330.086,807913.453
G100000401944,S1,efficiency,high,0.589,-8485379.019,-17164.631
G100000401944,S1,emission_factor,central,56100.0,-6842723.559,366121.643
G100000401944,S1,emission_factor,low,54300.0,-7638545.341,180429.893
G100000401944,S1,emission_factor,high,58300.0,-5869669.647,593167.555
G100000401944,S2,lifetime,central,30,-6427147.894,781697.308
G100000401944,S2,lifetime,low,25,-7164329.195,44516.007
G100000401944,S2,lifetime,high,40,-2901564.191,4307281.011
G100000401944,S2,capacity_factor,central,0.3753,-6427147.894,781697.308
G100000401944,S2,capacity_factor,low,0.3406,-5832897.875,709422.07
G100000401944,S2,capacity_factor,high,0.3909,-6694303.525,814189.92
G100000401944,S2,efficiency,central,0.55,-6427147.894,781697.308
G100000401944,S2,efficiency,low,0.511,-4533754.42,1223489.119
G100000401944,S2,efficiency,high,0.589,-8069803.354,398411.034
G100000401944,S2,emission_factor,central,56100.0,-6427147.894,781697.308
G100000401944,S2,emission_factor,low,54300.0,-7222969.677,596005.557
G100000401944,S2,emission_factor,high,58300.0,-5454093.981,1008743.221
G100000401945,S1,lifetime,central,30,-6842723.559,366121.643
G100000401945,S1,lifetime,low,25,-7214831.76,-5986.558
G100000401945,S1,lifetime,high,40,-4680211.425,2528633.777
G100000401945,S1,capacity_factor,central,0.3753,-6842723.559,366121.643
G100000401945,S1,capacity_factor,low,0.3406,-6210049.677,332270.268
G100000401945,S1,capacity_factor,high,0.3909,-7127153.317,381340.128
G100000401945,S1,efficiency,central,0.55,-6842723.559,366121.643
G100000401945,S1,efficiency,low,0.511,-4949330.086,807913.453
G100000401945,S1,efficiency,high,0.589,-8485379.019,-17164.631
G100000401945,S1,emission_factor,central,56100.0,-6842723.559,366121.643
G100000401945,S1,emission_factor,low,54300.0,-7638545.341,180429.893
G100000401945,S1,emission_factor,high,58300.0,-5869669.647,593167.555
G100000401945,S2,lifetime,central,30,-6427147.894,781697.308
G100000401945,S2,lifetime,low,25,-7164329.195,44516.007
G100000401945,S2,lifetime,high,40,-2901564.191,4307281.011
G100000401945,S2,capacity_factor,central,0.3753,-6427147.894,781697.308
G100000401945,S2,capacity_factor,low,0.3406,-5832897.875,709422.07
G100000401945,S2,capacity_factor,high,0.3909,-6694303.525,814189.92
G100000401945,S2,efficiency,central,0.55,-6427147.894,781697.308
G100000401945,S2,efficiency,low,0.511,-4533754.42,1223489.119
G100000401945,S2,efficiency,high,0.589,-8069803.354,398411.034
G100000401945,S2,emission_factor,central,56100.0,-6427147.894,781697.308
G100000401945,S2,emission_factor,low,54300.0,-7222969.677,596005.557
G100000401945,S2,emission_factor,high,58300.0,-5454093.981,1008743.221
G100000409537,S1,lifetime,central,30,362490.641,170526.042
G100000409537,S1,lifetime,low,25,191964.599,0
G100000409537,S1,lifetime,high,40,813069.182,621104.583
G100000409537,S1,capacity_factor,central,0.3753,362490.641,170526.042
G100000409537,S1,capacity_factor,low,0.3406,328974.986,154759.311
G100000409537,S1,capacity_factor,high,0.3909,377558.201,177614.255
G100000409537,S1,efficiency,central,0.36,362490.641,170526.042
G100000409537,S1,efficiency,low,0.335,568948.772,204935.731
G100000409537,S1,efficiency,high,0.385,182845.255,140585.145
G100000409537,S1,emission_factor,central,56100.0,362490.641,170526.042
G100000409537,S1,emission_factor,low,54300.0,273724.687,155731.717
G100000409537,S1,emission_factor,high,58300.0,470982.367,188607.997
G100000409537,S2,lifetime,central,30,379575.474,187610.875
G100000409537,S2,lifetime,low,25,191964.599,0
G100000409537,S2,lifetime,high,40,919906.751,727942.152
G100000409537,S2,capacity_factor,central,0.3753,379575.474,187610.875
G100000409537,S2,capacity_factor,low,0.3406,344480.168,170264.493
G100000409537,S2,capacity_factor,high,0.3909,395353.194,195409.248
G100000409537,S2,efficiency,central,0.36,379575.474,187610.875
G100000409537,S2,efficiency,low,0.335,586033.606,222020.565
G100000409537,S2,efficiency,high,0.385,199930.088,157669.978
G100000409537,S2,emission_factor,central,56100.0,379575.474,187610.875
G100000409537,S2,emission_factor,low,54300.0,290809.52,172816.55
G100000409537,S2,emission_factor,high,58300.0,488067.2,205692.83
G100000409538,S1,lifetime,central,30,362490.641,170526.042
G100000409538,S1,lifetime,low,25,191964.599,0
G100000409538,S1,lifetime,high,40,813069.182,621104.583
G100000409538,S1,capacity_factor,central,0.3753,362490.641,170526.042
G100000409538,S1,capacity_factor,low,0.3406,328974.986,154759.311
G100000409538,S1,capacity_factor,high,0.3909,377558.201,177614.255
G100000409538,S1,efficiency,central,0.36,362490.641,170526.042
G100000409538,S1,efficiency,low,0.335,568948.772,204935.731
G100000409538,S1,efficiency,high,0.385,182845.255,140585.145
G100000409538,S1,emission_factor,central,56100.0,362490.641,170526.042
G100000409538,S1,emission_factor,low,54300.0,273724.687,155731.717
G100000409538,S1,emission_factor,high,58300.0,470982.367,188607.997
G100000409538,S2,lifetime,central,30,379575.474,187610.875
G100000409538,S2,lifetime,low,25,191964.599,0
G100000409538,S2,lifetime,high,40,919906.751,727942.152
G100000409538,S2,capacity_factor,central,0.3753,379575.474,187610.875
G100000409538,S2,capacity_factor,low,0.3406,344480.168,170264.493
G100000409538,S2,capacity_factor,high,0.3909,395353.194,195409.248
G100000409538,S2,efficiency,central,0.36,379575.474,187610.875
G100000409538,S2,efficiency,low,0.335,586033.606,222020.565
G100000409538,S2,efficiency,high,0.385,199930.088,157669.978
G100000409538,S2,emission_factor,central,56100.0,379575.474,187610.875
G100000409538,S2,emission_factor,low,54300.0,290809.52,172816.55
G100000409538,S2,emission_factor,high,58300.0,488067.2,205692.83
G100000401698,S1,lifetime,central,30,-10642478.285,355336.785
G100000401698,S1,lifetime,low,25,-11018694.687,-20879.617
G100000401698,S1,lifetime,high,40,-7815745.439,3182069.631
G100000401698,S1,capacity_factor,central,0.3753,-10642478.285,355336.785
G100000401698,S1,capacity_factor,low,0.3406,-9658481.49,322482.571
G100000401698,S1,capacity_factor,high,0.3909,-11084851.481,370106.98
G100000401698,S1,efficiency,central,0.55,-10642478.285,355336.785
G100000401698,S1,efficiency,low,0.511,-7950266.248,893779.192
G100000401698,S1,efficiency,high,0.589,-12978166.486,-111800.855
G100000401698,S1,emission_factor,central,56100.0,-10642478.285,355336.785
G100000401698,S1,emission_factor,low,54300.0,-11774055.538,129021.334
G100000401698,S1,emission_factor,high,58300.0,-9258895.055,632053.431
G100000401698,S2,lifetime,central,30,-10188085.241,809729.829
G100000401698,S2,lifetime,low,25,-10994140.283,3674.787
G100000401698,S2,lifetime,high,40,-5513158.703,5484656.367
G100000401698,S2,capacity_factor,central,0.3753,-10188085.241,809729.829
G100000401698,S2,capacity_factor,low,0.3406,-9246101.339,734862.722
G100000401698,S2,capacity_factor,high,0.3909,-10611570.797,843387.664
G100000401698,S2,efficiency,central,0.55,-10188085.241,809729.829
G100000401698,S2,efficiency,low,0.511,-7495873.204,1348172.236
G100000401698,S2,efficiency,high,0.589,-12523773.443,342592.188
G100000401698,S2,emission_factor,central,56100.0,-10188085.241,809729.829
G100000401698,S2,emission_factor,low,54300.0,-11319662.494,583414.378
G100000401698,S2,emission_factor,high,58300.0,-8804502.011,1086446.475
G100000409513,S1,lifetime,central,30,918336.286,673064.442
G100000409513,S1,lifetime,low,25,670374.621,425102.777
G100000409513,S1,lifetime,high,40,1494597.163,1249325.319
G100000409513,S1,capacity_factor,central,0.3753,918336.286,673064.442
G100000409513,S1,capacity_factor,low,0.3406,833427.495,610833.33
G100000409513,S1,capacity_factor,high,0.3909,956508.537,701041.539
G100000409513,S1,efficiency,central,0.36,918336.286,673064.442
G100000409513,S1,efficiency,low,0.335,1124794.414,783175.444
G100000409513,S1,efficiency,high,0.385,738690.9,577253.57
G100000409513,S1,emission_factor,central,56100.0,918336.286,673064.442
G100000409513,S1,emission_factor,low,54300.0,829570.33,625722.599
G100000409513,S1,emission_factor,high,58300.0,1026828.01,730926.695
G100000409513,S2,lifetime,central,30,1036538.889,791267.045
G100000409513,S2,lifetime,low,25,735140.727,489868.883
G100000409513,S2,lifetime,high,40,1735747.107,1490475.263
G100000409513,S2,capacity_factor,central,0.3753,1036538.889,791267.045
G100000409513,S2,capacity_factor,low,0.3406,940701.163,718106.998
G100000409513,S2,capacity_factor,high,0.3909,1079624.441,824157.443
G100000409513,S2,efficiency,central,0.36,1036538.889,791267.045
G100000409513,S2,efficiency,low,0.335,1242997.022,901378.052
G100000409513,S2,efficiency,high,0.385,856893.506,695456.176
G100000409513,S2,emission_factor,central,56100.0,1036538.889,791267.045
G100000409513,S2,emission_factor,low,54300.0,947772.936,743925.205
G100000409513,S2,emission_factor,high,58300.0,1145030.616,849129.301
G100000409514,S1,lifetime,central,30,918336.286,673064.442
G100000409514,S1,lifetime,low,25,670374.621,425102.777
G100000409514,S1,lifetime,high,40,1494597.163,1249325.319
G100000409514,S1,capacity_factor,central,0.3753,918336.286,673064.442
G100000409514,S1,capacity_factor,low,0.3406,833427.495,610833.33
G100000409514,S1,capacity_factor,high,0.3909,956508.537,701041.539
G100000409514,S1,efficiency,central,0.36,918336.286,673064.442
G100000409514,S1,efficiency,low,0.335,1124794.414,783175.444
G100000409514,S1,efficiency,high,0.385,738690.9,577253.57
G100000409514,S1,emission_factor,central,56100.0,918336.286,673064.442
G100000409514,S1,emission_factor,low,54300.0,829570.33,625722.599
G100000409514,S1,emission_factor,high,58300.0,1026828.01,730926.695
G100000409514,S2,lifetime,central,30,1036538.889,791267.045
G100000409514,S2,lifetime,low,25,735140.727,489868.883
G100000409514,S2,lifetime,high,40,1735747.107,1490475.263
G100000409514,S2,capacity_factor,central,0.3753,1036538.889,791267.045
G100000409514,S2,capacity_factor,low,0.3406,940701.163,718106.998
G100000409514,S2,capacity_factor,high,0.3909,1079624.441,824157.443
G100000409514,S2,efficiency,central,0.36,1036538.889,791267.045
G100000409514,S2,efficiency,low,0.335,1242997.022,901378.052
G100000409514,S2,efficiency,high,0.385,856893.506,695456.176
G100000409514,S2,emission_factor,central,56100.0,1036538.889,791267.045
G100000409514,S2,emission_factor,low,54300.0,947772.936,743925.205
G100000409514,S2,emission_factor,high,58300.0,1145030.616,849129.301
G100000409515,S1,lifetime,central,30,918336.286,673064.442
G100000409515,S1,lifetime,low,25,670374.621,425102.777
G100000409515,S1,lifetime,high,40,1494597.163,1249325.319
G100000409515,S1,capacity_factor,central,0.3753,918336.286,673064.442
G100000409515,S1,capacity_factor,low,0.3406,833427.495,610833.33
G100000409515,S1,capacity_factor,high,0.3909,956508.537,701041.539
G100000409515,S1,efficiency,central,0.36,918336.286,673064.442
G100000409515,S1,efficiency,low,0.335,1124794.414,783175.444
G100000409515,S1,efficiency,high,0.385,738690.9,577253.57
G100000409515,S1,emission_factor,central,56100.0,918336.286,673064.442
G100000409515,S1,emission_factor,low,54300.0,829570.33,625722.599
G100000409515,S1,emission_factor,high,58300.0,1026828.01,730926.695
G100000409515,S2,lifetime,central,30,1036538.889,791267.045
G100000409515,S2,lifetime,low,25,735140.727,489868.883
G100000409515,S2,lifetime,high,40,1735747.107,1490475.263
G100000409515,S2,capacity_factor,central,0.3753,1036538.889,791267.045
G100000409515,S2,capacity_factor,low,0.3406,940701.163,718106.998
G100000409515,S2,capacity_factor,high,0.3909,1079624.441,824157.443
G100000409515,S2,efficiency,central,0.36,1036538.889,791267.045
G100000409515,S2,efficiency,low,0.335,1242997.022,901378.052
G100000409515,S2,efficiency,high,0.385,856893.506,695456.176
G100000409515,S2,emission_factor,central,56100.0,1036538.889,791267.045
G100000409515,S2,emission_factor,low,54300.0,947772.936,743925.205
G100000409515,S2,emission_factor,high,58300.0,1145030.616,849129.301
G100000409516,S1,lifetime,central,30,918336.286,673064.442
G100000409516,S1,lifetime,low,25,670374.621,425102.777
G100000409516,S1,lifetime,high,40,1494597.163,1249325.319
G100000409516,S1,capacity_factor,central,0.3753,918336.286,673064.442
G100000409516,S1,capacity_factor,low,0.3406,833427.495,610833.33
G100000409516,S1,capacity_factor,high,0.3909,956508.537,701041.539
G100000409516,S1,efficiency,central,0.36,918336.286,673064.442
G100000409516,S1,efficiency,low,0.335,1124794.414,783175.444
G100000409516,S1,efficiency,high,0.385,738690.9,577253.57
G100000409516,S1,emission_factor,central,56100.0,918336.286,673064.442
G100000409516,S1,emission_factor,low,54300.0,829570.33,625722.599
G100000409516,S1,emission_factor,high,58300.0,1026828.01,730926.695
G100000409516,S2,lifetime,central,30,1036538.889,791267.045
G100000409516,S2,lifetime,low,25,735140.727,489868.883
G100000409516,S2,lifetime,high,40,1735747.107,1490475.263
G100000409516,S2,capacity_factor,central,0.3753,1036538.889,791267.045
G100000409516,S2,capacity_factor,low,0.3406,940701.163,718106.998
G100000409516,S2,capacity_factor,high,0.3909,1079624.441,824157.443
G100000409516,S2,efficiency,central,0.36,1036538.889,791267.045
G100000409516,S2,efficiency,low,0.335,1242997.022,901378.052
G100000409516,S2,efficiency,high,0.385,856893.506,695456.176
G100000409516,S2,emission_factor,central,56100.0,1036538.889,791267.045
G100000409516,S2,emission_factor,low,54300.0,947772.936,743925.205
G100000409516,S2,emission_factor,high,58300.0,1145030.616,849129.301
G100000401776,S1,lifetime,central,30,-1769546.57,0
G100000401776,S1,lifetime,low,25,-1684901.13,0
G100000401776,S1,lifetime,high,40,-1644941.287,132408.797
G100000401776,S1,capacity_factor,central,0.3753,-1769546.57,0
G100000401776,S1,capacity_factor,low,0.3406,-1605935.419,0
G100000401776,S1,capacity_factor,high,0.3909,-1843100.864,0
G100000401776,S1,efficiency,central,0.55,-1769546.57,0
G100000401776,S1,efficiency,low,0.511,-1451677.593,0
G100000401776,S1,efficiency,high,0.589,-2045320.845,0
G100000401776,S1,emission_factor,central,56100.0,-1769546.57,0
G100000401776,S1,emission_factor,low,54300.0,-1903151.689,0
G100000401776,S1,emission_factor,high,58300.0,-1606187.155,0
G100000401776,S2,lifetime,central,30,-1769546.57,0
G100000401776,S2,lifetime,low,25,-1684901.13,0
G100000401776,S2,lifetime,high,40,-1516908.535,260441.549
G100000401776,S2,capacity_factor,central,0.3753,-1769546.57,0
G100000401776,S2,capacity_factor,low,0.3406,-1605935.419,0
G100000401776,S2,capacity_factor,high,0.3909,-1843100.864,0
G100000401776,S2,efficiency,central,0.55,-1769546.57,0
G100000401776,S2,efficiency,low,0.511,-1451677.593,0
G100000401776,S2,efficiency,high,0.589,-2045320.845,0
G100000401776,S2,emission_factor,central,56100.0,-1769546.57,0
G100000401776,S2,emission_factor,low,54300.0,-1903151.689,0
G100000401776,S2,emission_factor,high,58300.0,-1606187.155,0
G100000401760,S1,lifetime,central,30,-3026085.29,0
G100000401760,S1,lifetime,low,25,-2837339.673,0
G100000401760,S1,lifetime,high,40,-2878691.28,173714.3
G100000401760,S1,capacity_factor,central,0.3753,-3026085.29,0
G100000401760,S1,capacity_factor,low,0.3406,-2746295.364,0
G100000401760,S1,capacity_factor,high,0.3909,-3151869.813,0
G100000401760,S1,efficiency,central,0.55,-3026085.29,0
G100000401760,S1,efficiency,low,0.511,-2502016.089,0
G100000401760,S1,efficiency,high,0.589,-3480753.14,0
G100000401760,S1,emission_factor,central,56100.0,-3026085.29,0
G100000401760,S1,emission_factor,low,54300.0,-3246359.468,0
G100000401760,S1,emission_factor,high,58300.0,-2756755.332,0
G100000401760,S2,lifetime,central,30,-3026085.29,0
G100000401760,S2,lifetime,low,25,-2837339.673,0
G100000401760,S2,lifetime,high,40,-2698371.116,354034.464
G100000401760,S2,capacity_factor,central,0.3753,-3026085.29,0
G100000401760,S2,capacity_factor,low,0.3406,-2746295.364,0
G100000401760,S2,capacity_factor,high,0.3909,-3151869.813,0
G100000401760,S2,efficiency,central,0.55,-3026085.29,0
G100000401760,S2,efficiency,low,0.511,-2502016.089,0
G100000401760,S2,efficiency,high,0.589,-3480753.14,0
G100000401760,S2,emission_factor,central,56100.0,-3026085.29,0
G100000401760,S2,emission_factor,low,54300.0,-3246359.468,0
G100000401760,S2,emission_factor,high,58300.0,-2756755.332,0
G100001093093,S1,lifetime,central,30,4578968.366,4578968.366
G100001093093,S1,lifetime,low,25,3556758.357,3556758.357
G100001093093,S1,lifetime,high,40,6833975.819,6833975.819
G100001093093,S1,capacity_factor,central,0.3753,4578968.366,4578968.366
G100001093093,S1,capacity_factor,low,0.3406,4155599.856,4155599.856
G100001093093,S1,capacity_factor,high,0.3909,4769301.183,4769301.183
G100001093093,S1,efficiency,central,0.42,4578968.366,4578968.366
G100001093093,S1,efficiency,low,0.391,5282482.736,5282482.736
G100001093093,S1,efficiency,high,0.449,3966336.401,3966336.401
G100001093093,S1,emission_factor,central,56100.0,4578968.366,4578968.366
G100001093093,S1,emission_factor,low,54300.0,4274600.164,4274600.164
G100001093093,S1,emission_factor,high,58300.0,4950909.948,4950909.948
G100001093093,S2,lifetime,central,30,5790476.645,5790476.645
G100001093093,S2,lifetime,low,25,4516316.172,4516316.172
G100001093093,S2,lifetime,high,40,8523975.012,8523975.012
G100001093093,S2,capacity_factor,central,0.3753,5790476.645,5790476.645
G100001093093,S2,capacity_factor,low,0.3406,5255092.843,5255092.843
G100001093093,S2,capacity_factor,high,0.3909,6031167.916,6031167.916
G100001093093,S2,efficiency,central,0.42,5790476.645,5790476.645
G100001093093,S2,efficiency,low,0.391,6493991.015,6493991.015
G100001093093,S2,efficiency,high,0.449,5177844.678,5177844.678
G100001093093,S2,emission_factor,central,56100.0,5790476.645,5790476.645
G100001093093,S2,emission_factor,low,54300.0,5486108.44,5486108.44
G100001093093,S2,emission_factor,high,58300.0,6162418.23,6162418.23
G100000403347,S1,lifetime,central,30,962506.748,672948.253
G100000403347,S1,lifetime,low,25,684490.617,394932.122
G100000403347,S1,lifetime,high,40,1618832.642,1329274.147
G100000403347,S1,capacity_factor,central,0.3753,962506.748,672948.253
G100000403347,S1,capacity_factor,low,0.3406,873513.986,610727.888
G100000403347,S1,capacity_factor,high,0.3909,1002515.026,700920.526
G100000403347,S1,efficiency,central,0.36,962506.748,672948.253
G100000403347,S1,efficiency,low,0.335,1206127.342,786637.866
G100000403347,S1,efficiency,high,0.385,750525.191,574023.526
G100000403347,S1,emission_factor,central,56100.0,962506.748,672948.253
G100000403347,S1,emission_factor,low,54300.0,857762.919,624067.799
G100000403347,S1,emission_factor,high,58300.0,1090526.984,732691.03
G100000403347,S2,lifetime,central,30,1075515.737,785957.242
G100000403347,S2,lifetime,low,25,739229.256,449670.761
G100000403347,S2,lifetime,high,40,1873545.093,1583986.598
G100000403347,S2,capacity_factor,central,0.3753,1075515.737,785957.242
G100000403347,S2,capacity_factor,low,0.3406,976074.232,713288.134
G100000403347,S2,capacity_factor,high,0.3909,1120221.43,818626.93
G100000403347,S2,efficiency,central,0.36,1075515.737,785957.242
G100000403347,S2,efficiency,low,0.335,1319136.33,899646.854
G100000403347,S2,efficiency,high,0.385,863534.182,687032.517
G100000403347,S2,emission_factor,central,56100.0,1075515.737,785957.242
G100000403347,S2,emission_factor,low,54300.0,970771.911,737076.791
G100000403347,S2,emission_factor,high,58300.0,1203535.974,845700.02
G100000403348,S1,lifetime,central,30,962506.748,672948.253
G100000403348,S1,lifetime,low,25,684490.617,394932.122
G100000403348,S1,lifetime,high,40,1618832.642,1329274.147
G100000403348,S1,capacity_factor,central,0.3753,962506.748,672948.253
G100000403348,S1,capacity_factor,low,0.3406,873513.986,610727.888
G100000403348,S1,capacity_factor,high,0.3909,1002515.026,700920.526
G100000403348,S1,efficiency,central,0.36,962506.748,672948.253
G100000403348,S1,efficiency,low,0.335,1206127.342,786637.866
G100000403348,S1,efficiency,high,0.385,750525.191,574023.526
G100000403348,S1,emission_factor,central,56100.0,962506.748,672948.253
G100000403348,S1,emission_factor,low,54300.0,857762.919,624067.799
G100000403348,S1,emission_factor,high,58300.0,1090526.984,732691.03
G100000403348,S2,lifetime,central,30,1075515.737,785957.242
G100000403348,S2,lifetime,low,25,739229.256,449670.761
G100000403348,S2,lifetime,high,40,1873545.093,1583986.598
G100000403348,S2,capacity_factor,central,0.3753,1075515.737,785957.242
G100000403348,S2,capacity_factor,low,0.3406,976074.232,713288.134
G100000403348,S2,capacity_factor,high,0.3909,1120221.43,818626.93
G100000403348,S2,efficiency,central,0.36,1075515.737,785957.242
G100000403348,S2,efficiency,low,0.335,1319136.33,899646.854
G100000403348,S2,efficiency,high,0.385,863534.182,687032.517
G100000403348,S2,emission_factor,central,56100.0,1075515.737,785957.242
G100000403348,S2,emission_factor,low,54300.0,970771.911,737076.791
G100000403348,S2,emission_factor,high,58300.0,1203535.974,845700.02
G100000401762,S1,lifetime,central,30,-6358609.599,0
G100000401762,S1,lifetime,low,25,-5962004.887,0
G100000401762,S1,lifetime,high,40,-6048895.601,365019.922
G100000401762,S1,capacity_factor,central,0.3753,-6358609.599,0
G100000401762,S1,capacity_factor,low,0.3406,-5770696.588,0
G100000401762,S1,capacity_factor,high,0.3909,-6622916.314,0
G100000401762,S1,efficiency,central,0.55,-6358609.599,0
G100000401762,S1,efficiency,low,0.511,-5257400.896,0
G100000401762,S1,efficiency,high,0.589,-7313987.607,0
G100000401762,S1,emission_factor,central,56100.0,-6358609.599,0
G100000401762,S1,emission_factor,low,54300.0,-6821464.196,0
G100000401762,S1,emission_factor,high,58300.0,-5792675.763,0
G100000401762,S2,lifetime,central,30,-6358609.599,0
G100000401762,S2,lifetime,low,25,-5962004.887,0
G100000401762,S2,lifetime,high,40,-5669995.004,743920.519
G100000401762,S2,capacity_factor,central,0.3753,-6358609.599,0
G100000401762,S2,capacity_factor,low,0.3406,-5770696.588,0
G100000401762,S2,capacity_factor,high,0.3909,-6622916.314,0
G100000401762,S2,efficiency,central,0.55,-6358609.599,0
G100000401762,S2,efficiency,low,0.511,-5257400.896,0
G100000401762,S2,efficiency,high,0.589,-7313987.607,0
G100000401762,S2,emission_factor,central,56100.0,-6358609.599,0
G100000401762,S2,emission_factor,low,54300.0,-6821464.196,0
G100000401762,S2,emission_factor,high,58300.0,-5792675.763,0
G100001094048,S1,lifetime,central,30,6836662.042,6836662.042
G100001094048,S1,lifetime,low,25,5102087.975,5102087.975
G100001094048,S1,lifetime,high,40,10789606.662,10789606.662
G100001094048,S1,capacity_factor,central,0.3753,6836662.042,6836662.042
G100001094048,S1,capacity_factor,low,0.3406,6204548.603,6204548.603
G100001094048,S1,capacity_factor,high,0.3909,7120839.842,7120839.842
G100001094048,S1,efficiency,central,0.55,6836662.042,6836662.042
G100001094048,S1,efficiency,low,0.511,8218701.077,8218701.077
G100001094048,S1,efficiency,high,0.589,5637643.462,5637643.462
G100001094048,S1,emission_factor,central,56100.0,6836662.042,6836662.042
G100001094048,S1,emission_factor,low,54300.0,6255770.229,6255770.229
G100001094048,S1,emission_factor,high,58300.0,7546920.375,7546920.375
G100001094048,S2,lifetime,central,30,10131796.025,10131796.025
G100001094048,S2,lifetime,low,25,7775908.43,7775908.43
G100001094048,S2,lifetime,high,40,15243339.218,15243339.218
G100001094048,S2,capacity_factor,central,0.3753,10131796.025,10131796.025
G100001094048,S2,capacity_factor,low,0.3406,9195016.59,9195016.59
G100001094048,S2,capacity_factor,high,0.3909,10552941.823,10552941.823
G100001094048,S2,efficiency,central,0.55,10131796.025,10131796.025
G100001094048,S2,efficiency,low,0.511,11513835.059,11513835.059
G100001094048,S2,efficiency,high,0.589,8932777.443,8932777.443
G100001094048,S2,emission_factor,central,56100.0,10131796.025,10131796.025
G100001094048,S2,emission_factor,low,54300.0,9550904.212,9550904.212
G100001094048,S2,emission_factor,high,58300.0,10842054.357,10842054.357
G100001054213,S1,lifetime,central,30,-1093423.443,0
G100001054213,S1,lifetime,low,25,-778465.947,0
G100001054213,S1,lifetime,high,40,-1599709.724,0
G100001054213,S1,capacity_factor,central,0.5425,-1093423.443,0
G100001054213,S1,capacity_factor,low,0.5369,-1082136.49,0
G100001054213,S1,capacity_factor,high,0.6024,-1214153.513,0
G100001054213,S1,efficiency,central,0.268,-1093423.443,0
G100001054213,S1,efficiency,low,0.249,1984692.799,0
G100001054213,S1,efficiency,high,0.287,1577137.339,0
G100001054213,S2,lifetime,central,30,-1093423.443,0
G100001054213,S2,lifetime,low,25,-778465.947,0
G100001054213,S2,lifetime,high,40,-1599709.724,0
G100001054213,S2,capacity_factor,central,0.5425,-1093423.443,0
G100001054213,S2,capacity_factor,low,0.5369,-1082136.49,0
G100001054213,S2,capacity_factor,high,0.6024,-1214153.513,0
G100001054213,S2,efficiency,central,0.268,-1093423.443,0
G100001054213,S2,efficiency,low,0.249,1984692.799,0
G100001054213,S2,efficiency,high,0.287,1577137.339,0
G100000804757,S1,lifetime,central,25,-708867.321,-708867.321
G100000804757,S1,lifetime,low,20,-603998.038,-603998.038
G100000804757,S1,lifetime,high,30,-799956.393,-799956.393
G100000804757,S1,capacity_factor,central,0.2098,-708867.321,-708867.321
G100000804757,S1,capacity_factor,low,0.1949,-658523.55,-658523.55
G100000804757,S1,capacity_factor,high,0.2098,-708867.321,-708867.321
G100000804757,S2,lifetime,central,25,-541080.013,-541080.013
G100000804757,S2,lifetime,low,20,-478526.937,-478526.937
G100000804757,S2,lifetime,high,30,-590063.308,-590063.308
G100000804757,S2,capacity_factor,central,0.2098,-541080.013,-541080.013
G100000804757,S2,capacity_factor,low,0.1949,-502652.498,-502652.498
G100000804757,S2,capacity_factor,high,0.2098,-541080.013,-541080.013
G100000805866,S1,lifetime,central,25,-6777552.632,-5710617.543
G100000805866,S1,lifetime,low,20,-5771433.956,-4704498.867
G100000805866,S1,lifetime,high,30,-7651463.324,-6584528.235
G100000805866,S1,capacity_factor,central,0.2098,-6777552.632,-5710617.543
G100000805866,S1,capacity_factor,low,0.1949,-6296210.714,-5305049.376
G100000805866,S1,capacity_factor,high,0.2098,-6777552.632,-5710617.543
G100000805866,S2,lifetime,central,25,-5711352.868,-4644417.779
G100000805866,S2,lifetime,low,20,-5045668.701,-3978733.612
G100000805866,S2,lifetime,high,30,-6232628.496,-5165693.407
G100000805866,S2,capacity_factor,central,0.2098,-5711352.868,-4644417.779
G100000805866,S2,capacity_factor,low,0.1949,-5305732.479,-4314571.141
G100000805866,S2,capacity_factor,high,0.2098,-5711352.868,-4644417.779
G100000401830,S1,lifetime,central,30,-3583065.822,67892.414
G100000401830,S1,lifetime,low,25,-3650958.236,0
G100000401830,S1,lifetime,high,40,-2785741.202,865217.034
G100000401830,S1,capacity_factor,central,0.3753,-3583065.822,67892.414
G100000401830,S1,capacity_factor,low,0.3406,-3251777.83,61615.123
G100000401830,S1,capacity_factor,high,0.3909,-3732002.212,70714.48
G100000401830,S1,efficiency,central,0.55,-3583065.822,67892.414
G100000401830,S1,efficiency,low,0.511,-2748314.246,207017.677
G100000401830,S1,efficiency,high,0.589,-4307273.044,-52808.791
G100000401830,S1,emission_factor,central,56100.0,-3583065.822,67892.414
G100000401830,S1,emission_factor,low,54300.0,-3933924.477,9415.972
G100000401830,S1,emission_factor,high,58300.0,-3154069.791,139391.753
G100000401830,S2,lifetime,central,30,-3479873.432,171084.804
G100000401830,S2,lifetime,low,25,-3650958.236,0
G100000401830,S2,lifetime,high,40,-2140442.279,1510515.957
G100000401830,S2,capacity_factor,central,0.3753,-3479873.432,171084.804
G100000401830,S2,capacity_factor,low,0.3406,-3158126.542,155266.411
G100000401830,S2,capacity_factor,high,0.3909,-3624520.448,178196.244
G100000401830,S2,efficiency,central,0.55,-3479873.432,171084.804
G100000401830,S2,efficiency,low,0.511,-2645121.856,310210.067
G100000401830,S2,efficiency,high,0.589,-4204080.653,50383.6
G100000401830,S2,emission_factor,central,56100.0,-3479873.432,171084.804
G100000401830,S2,emission_factor,low,54300.0,-3830732.087,112608.362
G100000401830,S2,emission_factor,high,58300.0,-3050877.4,242584.144
G100001055141,S1,lifetime,central,30,-30373.361,97120.721
G100001055141,S1,lifetime,low,25,-127494.082,0
G100001055141,S1,lifetime,high,40,265508.634,393002.716
G100001055141,S1,capacity_factor,central,0.3753,-30373.361,97120.721
G100001055141,S1,capacity_factor,low,0.3406,-27565.058,88141.002
G100001055141,S1,capacity_factor,high,0.3909,-31635.883,101157.714
G100001055141,S1,efficiency,central,0.42,-30373.361,97120.721
G100001055141,S1,efficiency,low,0.391,132841.974,124323.278
G100001055141,S1,efficiency,high,0.449,-172503.975,73432.286
G100001055141,S1,emission_factor,central,56100.0,-30373.361,97120.721
G100001055141,S1,emission_factor,low,54300.0,-100986.785,85351.818
G100001055141,S1,emission_factor,high,58300.0,55917.086,111502.463
G100001055141,S2,lifetime,central,30,-14518.636,112975.446
G100001055141,S2,lifetime,low,25,-127494.082,0
G100001055141,S2,lifetime,high,40,364653.899,492147.981
G100001055141,S2,capacity_factor,central,0.3753,-14518.636,112975.446
G100001055141,S2,capacity_factor,low,0.3406,-13176.252,102529.808
G100001055141,S2,capacity_factor,high,0.3909,-15122.129,117671.468
G100001055141,S2,efficiency,central,0.42,-14518.636,112975.446
G100001055141,S2,efficiency,low,0.391,148696.698,140178.002
G100001055141,S2,efficiency,high,0.449,-156649.251,89287.01
G100001055141,S2,emission_factor,central,56100.0,-14518.636,112975.446
G100001055141,S2,emission_factor,low,54300.0,-85132.06,101206.543
G100001055141,S2,emission_factor,high,58300.0,71771.811,127357.188
G100001058616,S1,lifetime,central,25,-3124831.205,-3124831.205
G100001058616,S1,lifetime,low,20,-2662546.086,-2662546.086
G100001058616,S1,lifetime,high,30,-3526370.347,-3526370.347
G100001058616,S1,capacity_factor,central,0.2098,-3124831.205,-3124831.205
G100001058616,S1,capacity_factor,low,0.1949,-2902905.634,-2902905.634
G100001058616,S1,capacity_factor,high,0.2098,-3124831.205,-3124831.205
G100001058616,S2,lifetime,central,25,-2486168.458,-2486168.458
G100001058616,S2,lifetime,low,20,-2198747.96,-2198747.96
G100001058616,S2,lifetime,high,30,-2711238.123,-2711238.123
G100001058616,S2,capacity_factor,central,0.2098,-2486168.458,-2486168.458
G100001058616,S2,capacity_factor,low,0.1949,-2309600.724,-2309600.724
G100001058616,S2,capacity_factor,high,0.2098,-2486168.458,-2486168.458
G100001054226,S1,lifetime,central,30,-1351360.797,0
G100001054226,S1,lifetime,low,25,-1016023.871,0
G100001054226,S1,lifetime,high,40,-1889751.107,-98076.22
G100001054226,S1,capacity_factor,central,0.5425,-1351360.797,0
G100001054226,S1,capacity_factor,low,0.5369,-1337411.267,0
G100001054226,S1,capacity_factor,high,0.6024,-1500570.957,0
G100001054226,S1,efficiency,central,0.268,-1351360.797,0
G100001054226,S1,efficiency,low,0.249,2527065.667,0
G100001054226,S1,efficiency,high,0.287,2013545.786,0
G100001054226,S2,lifetime,central,30,-1351360.797,0
G100001054226,S2,lifetime,low,25,-1016023.871,0
G100001054226,S2,lifetime,high,40,-1886767.085,-95092.198
G100001054226,S2,capacity_factor,central,0.5425,-1351360.797,0
G100001054226,S2,capacity_factor,low,0.5369,-1337411.267,0
G100001054226,S2,capacity_factor,high,0.6024,-1500570.957,0
G100001054226,S2,efficiency,central,0.268,-1351360.797,0
G100001054226,S2,efficiency,low,0.249,2527065.667,0
G100001054226,S2,efficiency,high,0.287,2013545.786,0
G100000108579,S1,capacity_factor,central,0.4456,1022136.499,0
G100000108579,S1,capacity_factor,low,0.3858,884964.678,0
G100000108579,S1,capacity_factor,high,0.4553,1044386.776,0
G100000108579,S1,efficiency,central,0.35,1022136.499,0
G100000108579,S1,efficiency,low,0.325,1211868.822,0
G100000108579,S1,efficiency,high,0.374,863855.134,0
G100000108579,S1,emission_factor,central,94600.0,1022136.499,0
G100000108579,S1,emission_factor,low,89500.0,889158.332,0
G100000108579,S1,emission_factor,high,99700.0,1155105.641,0
G100000108579,S2,capacity_factor,central,0.4456,1022136.499,0
G100000108579,S2,capacity_factor,low,0.3858,884964.678,0
G100000108579,S2,capacity_factor,high,0.4553,1044386.776,0
G100000108579,S2,efficiency,central,0.35,1022136.499,0
G100000108579,S2,efficiency,low,0.325,1211868.822,0
G100000108579,S2,efficiency,high,0.374,863855.134,0
G100000108579,S2,emission_factor,central,94600.0,1022136.499,0
G100000108579,S2,emission_factor,low,89500.0,889158.332,0
G100000108579,S2,emission_factor,high,99700.0,1155105.641,0
G100000108580,S1,capacity_factor,central,0.4456,879315.815,0
G100000108580,S1,capacity_factor,low,0.3858,761310.683,0
G100000108580,S1,capacity_factor,high,0.4553,898457.113,0
G100000108580,S1,efficiency,central,0.35,879315.815,0
G100000108580,S1,efficiency,low,0.325,1046726.688,0
G100000108580,S1,efficiency,high,0.374,739655.786,0
G100000108580,S1,emission_factor,central,94600.0,879315.815,0
G100000108580,S1,emission_factor,low,89500.0,761982.138,0
G100000108580,S1,emission_factor,high,99700.0,996641.527,0
G100000108580,S2,capacity_factor,central,0.4456,879315.815,0
G100000108580,S2,capacity_factor,low,0.3858,761310.683,0
G100000108580,S2,capacity_factor,high,0.4553,898457.113,0
G100000108580,S2,efficiency,central,0.35,879315.815,0
G100000108580,S2,efficiency,low,0.325,1046726.688,0
G100000108580,S2,efficiency,high,0.374,739655.786,0
G100000108580,S2,emission_factor,central,94600.0,879315.815,0
G100000108580,S2,emission_factor,low,89500.0,761982.138,0
G100000108580,S2,emission_factor,high,99700.0,996641.527,0
G100001054227,S1,lifetime,central,30,-1351360.797,0
G100001054227,S1,lifetime,low,25,-1016023.871,0
G100001054227,S1,lifetime,high,40,-1889751.107,-98076.22
G100001054227,S1,capacity_factor,central,0.5425,-1351360.797,0
G100001054227,S1,capacity_factor,low,0.5369,-1337411.267,0
G100001054227,S1,capacity_factor,high,0.6024,-1500570.957,0
G100001054227,S1,efficiency,central,0.268,-1351360.797,0
G100001054227,S1,efficiency,low,0.249,2527065.667,0
G100001054227,S1,efficiency,high,0.287,2013545.786,0
G100001054227,S2,lifetime,central,30,-1351360.797,0
G100001054227,S2,lifetime,low,25,-1016023.871,0
G100001054227,S2,lifetime,high,40,-1886767.085,-95092.198
G100001054227,S2,capacity_factor,central,0.5425,-1351360.797,0
G100001054227,S2,capacity_factor,low,0.5369,-1337411.267,0
G100001054227,S2,capacity_factor,high,0.6024,-1500570.957,0
G100001054227,S2,efficiency,central,0.268,-1351360.797,0
G100001054227,S2,efficiency,low,0.249,2527065.667,0
G100001054227,S2,efficiency,high,0.287,2013545.786,0
G100000401756,S1,lifetime,central,30,-3651731.618,0
G100000401756,S1,lifetime,low,25,-3423962.646,0
G100000401756,S1,lifetime,high,40,-3473863.74,209629.915
G100000401756,S1,capacity_factor,central,0.3753,-3651731.618,0
G100000401756,S1,capacity_factor,low,0.3406,-3314094.826,0
G100000401756,S1,capacity_factor,high,0.3909,-3803522.221,0
G100000401756,S1,efficiency,central,0.55,-3651731.618,0
G100000401756,S1,efficiency,low,0.511,-3019310.555,0
G100000401756,S1,efficiency,high,0.589,-4200402.521,0
G100000401756,S1,emission_factor,central,56100.0,-3651731.618,0
G100000401756,S1,emission_factor,low,54300.0,-3917547.711,0
G100000401756,S1,emission_factor,high,58300.0,-3326717.406,0
G100000401756,S2,lifetime,central,30,-3651731.618,0
G100000401756,S2,lifetime,low,25,-3423962.646,0
G100000401756,S2,lifetime,high,40,-3256262.193,427231.462
G100000401756,S2,capacity_factor,central,0.3753,-3651731.618,0
G100000401756,S2,capacity_factor,low,0.3406,-3314094.826,0
G100000401756,S2,capacity_factor,high,0.3909,-3803522.221,0
G100000401756,S2,efficiency,central,0.55,-3651731.618,0
G100000401756,S2,efficiency,low,0.511,-3019310.555,0
G100000401756,S2,efficiency,high,0.589,-4200402.521,0
G100000401756,S2,emission_factor,central,56100.0,-3651731.618,0
G100000401756,S2,emission_factor,low,54300.0,-3917547.711,0
G100000401756,S2,emission_factor,high,58300.0,-3326717.406,0
G100000402233,S1,lifetime,central,30,1933548.246,1452285.537
G100000402233,S1,lifetime,low,25,1425782.584,944519.875
G100000402233,S1,lifetime,high,40,3105290.755,2624028.046
G100000402233,S1,capacity_factor,central,0.3753,1933548.246,1452285.537
G100000402233,S1,capacity_factor,low,0.3406,1754773.607,1318008.139
G100000402233,S1,capacity_factor,high,0.3909,2013919.557,1512652.322
G100000402233,S1,efficiency,central,0.36,1933548.246,1452285.537
G100000402233,S1,efficiency,low,0.335,2346464.515,1686271.42
G100000402233,S1,efficiency,high,0.385,1574257.474,1248687.432
G100000402233,S1,emission_factor,central,56100.0,1933548.246,1452285.537
G100000402233,S1,emission_factor,low,54300.0,1756016.337,1351684.12
G100000402233,S1,emission_factor,high,58300.0,2150531.697,1575242.824
G100000402233,S2,lifetime,central,30,2193204.779,1711942.07
G100000402233,S2,lifetime,low,25,1575164.085,1093901.376
G100000402233,S2,lifetime,high,40,3612906.306,3131643.597
G100000402233,S2,capacity_factor,central,0.3753,2193204.779,1711942.07
G100000402233,S2,capacity_factor,low,0.3406,1990422.459,1553656.991
G100000402233,S2,capacity_factor,high,0.3909,2284369.166,1783101.931
G100000402233,S2,efficiency,central,0.36,2193204.779,1711942.07
G100000402233,S2,efficiency,low,0.335,2606121.046,1945927.951
G100000402233,S2,efficiency,high,0.385,1833914.003,1508343.961
G100000402233,S2,emission_factor,central,56100.0,2193204.779,1711942.07
G100000402233,S2,emission_factor,low,54300.0,2015672.867,1611340.65
G100000402233,S2,emission_factor,high,58300.0,2410188.227,1834899.354
G100000402234,S1,lifetime,central,30,1933548.246,1452285.537
G100000402234,S1,lifetime,low,25,1425782.584,944519.875
G100000402234,S1,lifetime,high,40,3105290.755,2624028.046
G100000402234,S1,capacity_factor,central,0.3753,1933548.246,1452285.537
G100000402234,S1,capacity_factor,low,0.3406,1754773.607,1318008.139
G100000402234,S1,capacity_factor,high,0.3909,2013919.557,1512652.322
G100000402234,S1,efficiency,central,0.36,1933548.246,1452285.537
G100000402234,S1,efficiency,low,0.335,2346464.515,1686271.42
G100000402234,S1,efficiency,high,0.385,1574257.474,1248687.432
G100000402234,S1,emission_factor,central,56100.0,1933548.246,1452285.537
G100000402234,S1,emission_factor,low,54300.0,1756016.337,1351684.12
G100000402234,S1,emission_factor,high,58300.0,2150531.697,1575242.824
G100000402234,S2,lifetime,central,30,2193204.779,1711942.07
G100000402234,S2,lifetime,low,25,1575164.085,1093901.376
G100000402234,S2,lifetime,high,40,3612906.306,3131643.597
G100000402234,S2,capacity_factor,central,0.3753,2193204.779,1711942.07
G100000402234,S2,capacity_factor,low,0.3406,1990422.459,1553656.991
G100000402234,S2,capacity_factor,high,0.3909,2284369.166,1783101.931
G100000402234,S2,efficiency,central,0.36,2193204.779,1711942.07
G100000402234,S2,efficiency,low,0.335,2606121.046,1945927.951
G100000402234,S2,efficiency,high,0.385,1833914.003,1508343.961
G100000402234,S2,emission_factor,central,56100.0,2193204.779,1711942.07
G100000402234,S2,emission_factor,low,54300.0,2015672.867,1611340.65
G100000402234,S2,emission_factor,high,58300.0,2410188.227,1834899.354
G100000402235,S1,lifetime,central,30,1933548.246,1452285.537
G100000402235,S1,lifetime,low,25,1425782.584,944519.875
G100000402235,S1,lifetime,high,40,3105290.755,2624028.046
G100000402235,S1,capacity_factor,central,0.3753,1933548.246,1452285.537
G100000402235,S1,capacity_factor,low,0.3406,1754773.607,1318008.139
G100000402235,S1,capacity_factor,high,0.3909,2013919.557,1512652.322
G100000402235,S1,efficiency,central,0.36,1933548.246,1452285.537
G100000402235,S1,efficiency,low,0.335,2346464.515,1686271.42
G100000402235,S1,efficiency,high,0.385,1574257.474,1248687.432
G100000402235,S1,emission_factor,central,56100.0,1933548.246,1452285.537
G100000402235,S1,emission_factor,low,54300.0,1756016.337,1351684.12
G100000402235,S1,emission_factor,high,58300.0,2150531.697,1575242.824
G100000402235,S2,lifetime,central,30,2193204.779,1711942.07
G100000402235,S2,lifetime,low,25,1575164.085,1093901.376
G100000402235,S2,lifetime,high,40,3612906.306,3131643.597
G100000402235,S2,capacity_factor,central,0.3753,2193204.779,1711942.07
G100000402235,S2,capacity_factor,low,0.3406,1990422.459,1553656.991
G100000402235,S2,capacity_factor,high,0.3909,2284369.166,1783101.931
G100000402235,S2,efficiency,central,0.36,2193204.779,1711942.07
G100000402235,S2,efficiency,low,0.335,2606121.046,1945927.951
G100000402235,S2,efficiency,high,0.385,1833914.003,1508343.961
G100000402235,S2,emission_factor,central,56100.0,2193204.779,1711942.07
G100000402235,S2,emission_factor,low,54300.0,2015672.867,1611340.65
G100000402235,S2,emission_factor,high,58300.0,2410188.227,1834899.354
G100000402236,S1,lifetime,central,30,1933548.246,1452285.537
G100000402236,S1,lifetime,low,25,1425782.584,944519.875
G100000402236,S1,lifetime,high,40,3105290.755,2624028.046
G100000402236,S1,capacity_factor,central,0.3753,1933548.246,1452285.537
G100000402236,S1,capacity_factor,low,0.3406,1754773.607,1318008.139
G100000402236,S1,capacity_factor,high,0.3909,2013919.557,1512652.322
G100000402236,S1,efficiency,central,0.36,1933548.246,1452285.537
G100000402236,S1,efficiency,low,0.335,2346464.515,1686271.42
G100000402236,S1,efficiency,high,0.385,1574257.474,1248687.432
G100000402236,S1,emission_factor,central,56100.0,1933548.246,1452285.537
G100000402236,S1,emission_factor,low,54300.0,1756016.337,1351684.12
G100000402236,S1,emission_factor,high,58300.0,2150531.697,1575242.824
G100000402236,S2,lifetime,central,30,2193204.779,1711942.07
G100000402236,S2,lifetime,low,25,1575164.085,1093901.376
G100000402236,S2,lifetime,high,40,3612906.306,3131643.597
G100000402236,S2,capacity_factor,central,0.3753,2193204.779,1711942.07
G100000402236,S2,capacity_factor,low,0.3406,1990422.459,1553656.991
G100000402236,S2,capacity_factor,high,0.3909,2284369.166,1783101.931
G100000402236,S2,efficiency,central,0.36,2193204.779,1711942.07
G100000402236,S2,efficiency,low,0.335,2606121.046,1945927.951
G100000402236,S2,efficiency,high,0.385,1833914.003,1508343.961
G100000402236,S2,emission_factor,central,56100.0,2193204.779,1711942.07
G100000402236,S2,emission_factor,low,54300.0,2015672.867,1611340.65
G100000402236,S2,emission_factor,high,58300.0,2410188.227,1834899.354
G100000402237,S1,lifetime,central,30,1933548.246,1452285.537
G100000402237,S1,lifetime,low,25,1425782.584,944519.875
G100000402237,S1,lifetime,high,40,3105290.755,2624028.046
G100000402237,S1,capacity_factor,central,0.3753,1933548.246,1452285.537
G100000402237,S1,capacity_factor,low,0.3406,1754773.607,1318008.139
G100000402237,S1,capacity_factor,high,0.3909,2013919.557,1512652.322
G100000402237,S1,efficiency,central,0.36,1933548.246,1452285.537
G100000402237,S1,efficiency,low,0.335,2346464.515,1686271.42
G100000402237,S1,efficiency,high,0.385,1574257.474,1248687.432
G100000402237,S1,emission_factor,central,56100.0,1933548.246,1452285.537
G100000402237,S1,emission_factor,low,54300.0,1756016.337,1351684.12
G100000402237,S1,emission_factor,high,58300.0,2150531.697,1575242.824
G100000402237,S2,lifetime,central,30,2193204.779,1711942.07
G100000402237,S2,lifetime,low,25,1575164.085,1093901.376
G100000402237,S2,lifetime,high,40,3612906.306,3131643.597
G100000402237,S2,capacity_factor,central,0.3753,2193204.779,1711942.07
G100000402237,S2,capacity_factor,low,0.3406,1990422.459,1553656.991
G100000402237,S2,capacity_factor,high,0.3909,2284369.166,1783101.931
G100000402237,S2,efficiency,central,0.36,2193204.779,1711942.07
G100000402237,S2,efficiency,low,0.335,2606121.046,1945927.951
G100000402237,S2,efficiency,high,0.385,1833914.003,1508343.961
G100000402237,S2,emission_factor,central,56100.0,2193204.779,1711942.07
G100000402237,S2,emission_factor,low,54300.0,2015672.867,1611340.65
G100000402237,S2,emission_factor,high,58300.0,2410188.227,1834899.354
G100000402238,S1,lifetime,central,30,1933548.246,1452285.537
G100000402238,S1,lifetime,low,25,1425782.584,944519.875
G100000402238,S1,lifetime,high,40,3105290.755,2624028.046
G100000402238,S1,capacity_factor,central,0.3753,1933548.246,1452285.537
G100000402238,S1,capacity_factor,low,0.3406,1754773.607,1318008.139
G100000402238,S1,capacity_factor,high,0.3909,2013919.557,1512652.322
G100000402238,S1,efficiency,central,0.36,1933548.246,1452285.537
G100000402238,S1,efficiency,low,0.335,2346464.515,1686271.42
G100000402238,S1,efficiency,high,0.385,1574257.474,1248687.432
G100000402238,S1,emission_factor,central,56100.0,1933548.246,1452285.537
G100000402238,S1,emission_factor,low,54300.0,1756016.337,1351684.12
G100000402238,S1,emission_factor,high,58300.0,2150531.697,1575242.824
G100000402238,S2,lifetime,central,30,2193204.779,1711942.07
G100000402238,S2,lifetime,low,25,1575164.085,1093901.376
G100000402238,S2,lifetime,high,40,3612906.306,3131643.597
G100000402238,S2,capacity_factor,central,0.3753,2193204.779,1711942.07
G100000402238,S2,capacity_factor,low,0.3406,1990422.459,1553656.991
G100000402238,S2,capacity_factor,high,0.3909,2284369.166,1783101.931
G100000402238,S2,efficiency,central,0.36,2193204.779,1711942.07
G100000402238,S2,efficiency,low,0.335,2606121.046,1945927.951
G100000402238,S2,efficiency,high,0.385,1833914.003,1508343.961
G100000402238,S2,emission_factor,central,56100.0,2193204.779,1711942.07
G100000402238,S2,emission_factor,low,54300.0,2015672.867,1611340.65
G100000402238,S2,emission_factor,high,58300.0,2410188.227,1834899.354
G100000402239,S1,lifetime,central,30,1933548.246,1452285.537
G100000402239,S1,lifetime,low,25,1425782.584,944519.875
G100000402239,S1,lifetime,high,40,3105290.755,2624028.046
G100000402239,S1,capacity_factor,central,0.3753,1933548.246,1452285.537
G100000402239,S1,capacity_factor,low,0.3406,1754773.607,1318008.139
G100000402239,S1,capacity_factor,high,0.3909,2013919.557,1512652.322
G100000402239,S1,efficiency,central,0.36,1933548.246,1452285.537
G100000402239,S1,efficiency,low,0.335,2346464.515,1686271.42
G100000402239,S1,efficiency,high,0.385,1574257.474,1248687.432
G100000402239,S1,emission_factor,central,56100.0,1933548.246,1452285.537
G100000402239,S1,emission_factor,low,54300.0,1756016.337,1351684.12
G100000402239,S1,emission_factor,high,58300.0,2150531.697,1575242.824
G100000402239,S2,lifetime,central,30,2193204.779,1711942.07
G100000402239,S2,lifetime,low,25,1575164.085,1093901.376
G100000402239,S2,lifetime,high,40,3612906.306,3131643.597
G100000402239,S2,capacity_factor,central,0.3753,2193204.779,1711942.07
G100000402239,S2,capacity_factor,low,0.3406,1990422.459,1553656.991
G100000402239,S2,capacity_factor,high,0.3909,2284369.166,1783101.931
G100000402239,S2,efficiency,central,0.36,2193204.779,1711942.07
G100000402239,S2,efficiency,low,0.335,2606121.046,1945927.951
G100000402239,S2,efficiency,high,0.385,1833914.003,1508343.961
G100000402239,S2,emission_factor,central,56100.0,2193204.779,1711942.07
G100000402239,S2,emission_factor,low,54300.0,2015672.867,1611340.65
G100000402239,S2,emission_factor,high,58300.0,2410188.227,1834899.354
G100000402240,S1,lifetime,central,30,1933548.246,1452285.537
G100000402240,S1,lifetime,low,25,1425782.584,944519.875
G100000402240,S1,lifetime,high,40,3105290.755,2624028.046
G100000402240,S1,capacity_factor,central,0.3753,1933548.246,1452285.537
G100000402240,S1,capacity_factor,low,0.3406,1754773.607,1318008.139
G100000402240,S1,capacity_factor,high,0.3909,2013919.557,1512652.322
G100000402240,S1,efficiency,central,0.36,1933548.246,1452285.537
G100000402240,S1,efficiency,low,0.335,2346464.515,1686271.42
G100000402240,S1,efficiency,high,0.385,1574257.474,1248687.432
G100000402240,S1,emission_factor,central,56100.0,1933548.246,1452285.537
G100000402240,S1,emission_factor,low,54300.0,1756016.337,1351684.12
G100000402240,S1,emission_factor,high,58300.0,2150531.697,1575242.824
G100000402240,S2,lifetime,central,30,2193204.779,1711942.07
G100000402240,S2,lifetime,low,25,1575164.085,1093901.376
G100000402240,S2,lifetime,high,40,3612906.306,3131643.597
G100000402240,S2,capacity_factor,central,0.3753,2193204.779,1711942.07
G100000402240,S2,capacity_factor,low,0.3406,1990422.459,1553656.991
G100000402240,S2,capacity_factor,high,0.3909,2284369.166,1783101.931
G100000402240,S2,efficiency,central,0.36,2193204.779,1711942.07
G100000402240,S2,efficiency,low,0.335,2606121.046,1945927.951
G100000402240,S2,efficiency,high,0.385,1833914.003,1508343.961
G100000402240,S2,emission_factor,central,56100.0,2193204.779,1711942.07
G100000402240,S2,emission_factor,low,54300.0,2015672.867,1611340.65
G100000402240,S2,emission_factor,high,58300.0,2410188.227,1834899.354
G100000804758,S1,lifetime,central,25,-708867.321,-708867.321
G100000804758,S1,lifetime,low,20,-603998.038,-603998.038
G100000804758,S1,lifetime,high,30,-799956.393,-799956.393
G100000804758,S1,capacity_factor,central,0.2098,-708867.321,-708867.321
G100000804758,S1,capacity_factor,low,0.1949,-658523.55,-658523.55
G100000804758,S1,capacity_factor,high,0.2098,-708867.321,-708867.321
G100000804758,S2,lifetime,central,25,-541080.013,-541080.013
G100000804758,S2,lifetime,low,20,-478526.937,-478526.937
G100000804758,S2,lifetime,high,30,-590063.308,-590063.308
G100000804758,S2,capacity_factor,central,0.2098,-541080.013,-541080.013
G100000804758,S2,capacity_factor,low,0.1949,-502652.498,-502652.498
G100000804758,S2,capacity_factor,high,0.2098,-541080.013,-541080.013
G100000909449,S1,lifetime,central,25,-2937627.241,-1058745.989
G100000909449,S1,lifetime,low,20,-2496786.113,-617904.861
G100000909449,S1,lifetime,high,30,-3320540.122,-1441658.87
G100000909449,S1,capacity_factor,central,0.3338,-2937627.241,-1058745.989
G100000909449,S1,capacity_factor,low,0.325,-2860182.303,-1030834.169
G100000909449,S1,capacity_factor,high,0.3504,-3083716.553,-1111397.826
G100000909449,S2,lifetime,central,25,-2821266.376,-942385.124
G100000909449,S2,lifetime,low,20,-2454877.636,-575996.384
G100000909449,S2,lifetime,high,30,-3108173.534,-1229292.282
G100000909449,S2,capacity_factor,central,0.3338,-2821266.376,-942385.124
G100000909449,S2,capacity_factor,low,0.325,-2746889.074,-917540.94
G100000909449,S2,capacity_factor,high,0.3504,-2961569.021,-989250.294
G100001019596,S1,lifetime,central,25,-1822809.955,-1822809.955
G100001019596,S1,lifetime,low,20,-1553144.861,-1553144.861
G100001019596,S1,lifetime,high,30,-2057040.053,-2057040.053
G100001019596,S1,capacity_factor,central,0.2098,-1822809.955,-1822809.955
G100001019596,S1,capacity_factor,low,0.1949,-1693353.957,-1693353.957
G100001019596,S1,capacity_factor,high,0.2098,-1822809.955,-1822809.955
G100001019596,S2,lifetime,central,25,-1420501.342,-1420501.342
G100001019596,S2,lifetime,low,20,-1256280.297,-1256280.297
G100001019596,S2,lifetime,high,30,-1549097.533,-1549097.533
G100001019596,S2,capacity_factor,central,0.2098,-1420501.342,-1420501.342
G100001019596,S2,capacity_factor,low,0.1949,-1319617.31,-1319617.31
G100001019596,S2,capacity_factor,high,0.2098,-1420501.342,-1420501.342
G100000805130,S1,lifetime,central,25,-375485.476,-121407.034
G100000805130,S1,lifetime,low,20,-319050.765,-64972.323
G100000805130,S1,lifetime,high,30,-424504.445,-170426.003
G100000805130,S1,capacity_factor,central,0.2098,-375485.476,-121407.034
G100000805130,S1,capacity_factor,low,0.1949,-348818.491,-112784.704
G100000805130,S1,capacity_factor,high,0.2098,-375485.476,-121407.034
G100000805130,S2,lifetime,central,25,-363116.629,-109038.187
G100000805130,S2,lifetime,low,20,-315230.463,-61152.021
G100000805130,S2,lifetime,high,30,-400614.731,-146536.289
G100000805130,S2,capacity_factor,central,0.2098,-363116.629,-109038.187
G100000805130,S2,capacity_factor,low,0.1949,-337328.081,-101294.294
G100000805130,S2,capacity_factor,high,0.2098,-363116.629,-109038.187
G100000401785,S1,lifetime,central,30,-11998212.268,108375.269
G100000401785,S1,lifetime,low,25,-12053433.167,0
G100000401785,S1,lifetime,high,40,-9769831.835,2336755.702
G100000401785,S1,capacity_factor,central,0.3753,-11998212.268,108375.269
G100000401785,S1,capacity_factor,low,0.3406,-10888865.165,98354.962
G100000401785,S1,capacity_factor,high,0.3909,-12496938.916,112880.076
G100000401785,S1,efficiency,central,0.55,-11998212.268,108375.269
G100000401785,S1,efficiency,low,0.511,-9399978.882,454806.388
G100000401785,S1,efficiency,high,0.589,-14252367.206,-192178.723
G100000401785,S1,emission_factor,central,56100.0,-11998212.268,108375.269
G100000401785,S1,emission_factor,low,54300.0,-13090288.876,-37234.944
G100000401785,S1,emission_factor,high,58300.0,-10662926.606,286413.357
G100000401785,S2,lifetime,central,30,-11778619.823,327967.714
G100000401785,S2,lifetime,low,25,-12053433.167,0
G100000401785,S2,lifetime,high,40,-7969349.635,4137237.902
G100000401785,S2,capacity_factor,central,0.3753,-11778619.823,327967.714
G100000401785,S2,capacity_factor,low,0.3406,-10689576.1,297644.027
G100000401785,S2,capacity_factor,high,0.3909,-12268218.727,341600.265
G100000401785,S2,efficiency,central,0.55,-11778619.823,327967.714
G100000401785,S2,efficiency,low,0.511,-9180386.439,674398.831
G100000401785,S2,efficiency,high,0.589,-14032774.761,27413.722
G100000401785,S2,emission_factor,central,56100.0,-11778619.823,327967.714
G100000401785,S2,emission_factor,low,54300.0,-12870696.433,182357.499
G100000401785,S2,emission_factor,high,58300.0,-10443334.161,506005.802
G100000402349,S1,lifetime,central,30,1326715.745,624125.315
G100000402349,S1,lifetime,low,25,702590.43,0
G100000402349,S1,lifetime,high,40,2975833.204,2273242.774
G100000402349,S1,capacity_factor,central,0.3753,1326715.745,624125.315
G100000402349,S1,capacity_factor,low,0.3406,1204048.452,566419.085
G100000402349,S1,capacity_factor,high,0.3909,1381863.005,650068.175
G100000402349,S1,efficiency,central,0.36,1326715.745,624125.315
G100000402349,S1,efficiency,low,0.335,2082352.508,750064.776
G100000402349,S1,efficiency,high,0.385,669213.628,514541.629
G100000402349,S1,emission_factor,central,56100.0,1326715.745,624125.315
G100000402349,S1,emission_factor,low,54300.0,1001832.352,569978.082
G100000402349,S1,emission_factor,high,58300.0,1723795.461,690305.267
G100000402349,S2,lifetime,central,30,1389246.233,686655.803
G100000402349,S2,lifetime,low,25,702590.43,0
G100000402349,S2,lifetime,high,40,3366858.71,2664268.28
G100000402349,S2,capacity_factor,central,0.3753,1389246.233,686655.803
G100000402349,S2,capacity_factor,low,0.3406,1260797.41,623168.043
G100000402349,S2,capacity_factor,high,0.3909,1446992.681,715197.851
G100000402349,S2,efficiency,central,0.36,1389246.233,686655.803
G100000402349,S2,efficiency,low,0.335,2144882.996,812595.264
G100000402349,S2,efficiency,high,0.385,731744.117,577072.118
G100000402349,S2,emission_factor,central,56100.0,1389246.233,686655.803
G100000402349,S2,emission_factor,low,54300.0,1064362.841,632508.571
G100000402349,S2,emission_factor,high,58300.0,1786325.949,752835.755
G100000402350,S1,lifetime,central,30,1326715.745,624125.315
G100000402350,S1,lifetime,low,25,702590.43,0
G100000402350,S1,lifetime,high,40,2975833.204,2273242.774
G100000402350,S1,capacity_factor,central,0.3753,1326715.745,624125.315
G100000402350,S1,capacity_factor,low,0.3406,1204048.452,566419.085
G100000402350,S1,capacity_factor,high,0.3909,1381863.005,650068.175
G100000402350,S1,efficiency,central,0.36,1326715.745,624125.315
G100000402350,S1,efficiency,low,0.335,2082352.508,750064.776
G100000402350,S1,efficiency,high,0.385,669213.628,514541.629
G100000402350,S1,emission_factor,central,56100.0,1326715.745,624125.315
G100000402350,S1,emission_factor,low,54300.0,1001832.352,569978.082
G100000402350,S1,emission_factor,high,58300.0,1723795.461,690305.267
G100000402350,S2,lifetime,central,30,1389246.233,686655.803
G100000402350,S2,lifetime,low,25,702590.43,0
G100000402350,S2,lifetime,high,40,3366858.71,2664268.28
G100000402350,S2,capacity_factor,central,0.3753,1389246.233,686655.803
G100000402350,S2,capacity_factor,low,0.3406,1260797.41,623168.043
G100000402350,S2,capacity_factor,high,0.3909,1446992.681,715197.851
G100000402350,S2,efficiency,central,0.36,1389246.233,686655.803
G100000402350,S2,efficiency,low,0.335,2144882.996,812595.264
G100000402350,S2,efficiency,high,0.385,731744.117,577072.118
G100000402350,S2,emission_factor,central,56100.0,1389246.233,686655.803
G100000402350,S2,emission_factor,low,54300.0,1064362.841,632508.571
G100000402350,S2,emission_factor,high,58300.0,1786325.949,752835.755
G100000402351,S1,lifetime,central,30,1326715.745,624125.315
G100000402351,S1,lifetime,low,25,702590.43,0
G100000402351,S1,lifetime,high,40,2975833.204,2273242.774
G100000402351,S1,capacity_factor,central,0.3753,1326715.745,624125.315
G100000402351,S1,capacity_factor,low,0.3406,1204048.452,566419.085
G100000402351,S1,capacity_factor,high,0.3909,1381863.005,650068.175
G100000402351,S1,efficiency,central,0.36,1326715.745,624125.315
G100000402351,S1,efficiency,low,0.335,2082352.508,750064.776
G100000402351,S1,efficiency,high,0.385,669213.628,514541.629
G100000402351,S1,emission_factor,central,56100.0,1326715.745,624125.315
G100000402351,S1,emission_factor,low,54300.0,1001832.352,569978.082
G100000402351,S1,emission_factor,high,58300.0,1723795.461,690305.267
G100000402351,S2,lifetime,central,30,1389246.233,686655.803
G100000402351,S2,lifetime,low,25,702590.43,0
G100000402351,S2,lifetime,high,40,3366858.71,2664268.28
G100000402351,S2,capacity_factor,central,0.3753,1389246.233,686655.803
G100000402351,S2,capacity_factor,low,0.3406,1260797.41,623168.043
G100000402351,S2,capacity_factor,high,0.3909,1446992.681,715197.851
G100000402351,S2,efficiency,central,0.36,1389246.233,686655.803
G100000402351,S2,efficiency,low,0.335,2144882.996,812595.264
G100000402351,S2,efficiency,high,0.385,731744.117,577072.118
G100000402351,S2,emission_factor,central,56100.0,1389246.233,686655.803
G100000402351,S2,emission_factor,low,54300.0,1064362.841,632508.571
G100000402351,S2,emission_factor,high,58300.0,1786325.949,752835.755
G100000402352,S1,lifetime,central,30,1498349.117,766344.707
G100000402352,S1,lifetime,low,25,844678.485,112674.075
G100000402352,S1,lifetime,high,40,3195420.269,2463415.859
G100000402352,S1,capacity_factor,central,0.3753,1498349.117,766344.707
G100000402352,S1,capacity_factor,low,0.3406,1359812.712,695488.963
G100000402352,S1,capacity_factor,high,0.3909,1560630.619,798199.165
G100000402352,S1,efficiency,central,0.36,1498349.117,766344.707
G100000402352,S1,efficiency,low,0.335,2253985.881,917472.061
G100000402352,S1,efficiency,high,0.385,840847.001,634844.284
G100000402352,S1,emission_factor,central,56100.0,1498349.117,766344.707
G100000402352,S1,emission_factor,low,54300.0,1173465.725,701368.028
G100000402352,S1,emission_factor,high,58300.0,1895428.834,845760.65
G100000402352,S2,lifetime,central,30,1583722.759,851718.349
G100000402352,S2,lifetime,low,25,849291.889,117287.479
G100000402352,S2,lifetime,high,40,3628041.799,2896037.389
G100000402352,S2,capacity_factor,central,0.3753,1583722.759,851718.349
G100000402352,S2,capacity_factor,low,0.3406,1437292.76,772969.011
G100000402352,S2,capacity_factor,high,0.3909,1649552.964,887121.51
G100000402352,S2,efficiency,central,0.36,1583722.759,851718.349
G100000402352,S2,efficiency,low,0.335,2339359.522,1002845.702
G100000402352,S2,efficiency,high,0.385,926220.644,720217.927
G100000402352,S2,emission_factor,central,56100.0,1583722.759,851718.349
G100000402352,S2,emission_factor,low,54300.0,1258839.367,786741.67
G100000402352,S2,emission_factor,high,58300.0,1980802.475,931134.291
G100000402353,S1,lifetime,central,30,1498349.117,766344.707
G100000402353,S1,lifetime,low,25,844678.485,112674.075
G100000402353,S1,lifetime,high,40,3195420.269,2463415.859
G100000402353,S1,capacity_factor,central,0.3753,1498349.117,766344.707
G100000402353,S1,capacity_factor,low,0.3406,1359812.712,695488.963
G100000402353,S1,capacity_factor,high,0.3909,1560630.619,798199.165
G100000402353,S1,efficiency,central,0.36,1498349.117,766344.707
G100000402353,S1,efficiency,low,0.335,2253985.881,917472.061
G100000402353,S1,efficiency,high,0.385,840847.001,634844.284
G100000402353,S1,emission_factor,central,56100.0,1498349.117,766344.707
G100000402353,S1,emission_factor,low,54300.0,1173465.725,701368.028
G100000402353,S1,emission_factor,high,58300.0,1895428.834,845760.65
G100000402353,S2,lifetime,central,30,1583722.759,851718.349
G100000402353,S2,lifetime,low,25,849291.889,117287.479
G100000402353,S2,lifetime,high,40,3628041.799,2896037.389
G100000402353,S2,capacity_factor,central,0.3753,1583722.759,851718.349
G100000402353,S2,capacity_factor,low,0.3406,1437292.76,772969.011
G100000402353,S2,capacity_factor,high,0.3909,1649552.964,887121.51
G100000402353,S2,efficiency,central,0.36,1583722.759,851718.349
G100000402353,S2,efficiency,low,0.335,2339359.522,1002845.702
G100000402353,S2,efficiency,high,0.385,926220.644,720217.927
G100000402353,S2,emission_factor,central,56100.0,1583722.759,851718.349
G100000402353,S2,emission_factor,low,54300.0,1258839.367,786741.67
G100000402353,S2,emission_factor,high,58300.0,1980802.475,931134.291
G100000402354,S1,lifetime,central,30,1498349.117,766344.707
G100000402354,S1,lifetime,low,25,844678.485,112674.075
G100000402354,S1,lifetime,high,40,3195420.269,2463415.859
G100000402354,S1,capacity_factor,central,0.3753,1498349.117,766344.707
G100000402354,S1,capacity_factor,low,0.3406,1359812.712,695488.963
G100000402354,S1,capacity_factor,high,0.3909,1560630.619,798199.165
G100000402354,S1,efficiency,central,0.36,1498349.117,766344.707
G100000402354,S1,efficiency,low,0.335,2253985.881,917472.061
G100000402354,S1,efficiency,high,0.385,840847.001,634844.284
G100000402354,S1,emission_factor,central,56100.0,1498349.117,766344.707
G100000402354,S1,emission_factor,low,54300.0,1173465.725,701368.028
G100000402354,S1,emission_factor,high,58300.0,1895428.834,845760.65
G100000402354,S2,lifetime,central,30,1583722.759,851718.349
G100000402354,S2,lifetime,low,25,849291.889,117287.479
G100000402354,S2,lifetime,high,40,3628041.799,2896037.389
G100000402354,S2,capacity_factor,central,0.3753,1583722.759,851718.349
G100000402354,S2,capacity_factor,low,0.3406,1437292.76,772969.011
G100000402354,S2,capacity_factor,high,0.3909,1649552.964,887121.51
G100000402354,S2,efficiency,central,0.36,1583722.759,851718.349
G100000402354,S2,efficiency,low,0.335,2339359.522,1002845.702
G100000402354,S2,efficiency,high,0.385,926220.644,720217.927
G100000402354,S2,emission_factor,central,56100.0,1583722.759,851718.349
G100000402354,S2,emission_factor,low,54300.0,1258839.367,786741.67
G100000402354,S2,emission_factor,high,58300.0,1980802.475,931134.291
G100000401866,S1,lifetime,central,30,-10260048.366,342568.009
G100000401866,S1,lifetime,low,25,-10622745.698,-20129.323
G100000401866,S1,lifetime,high,40,-7534892.161,3067724.214
G100000401866,S1,capacity_factor,central,0.3753,-10260048.366,342568.009
G100000401866,S1,capacity_factor,low,0.3406,-9311410.801,310894.389
G100000401866,S1,capacity_factor,high,0.3909,-10686525.197,356807.447
G100000401866,S1,efficiency,central,0.55,-10260048.366,342568.009
G100000401866,S1,efficiency,low,0.511,-7664579.061,861661.871
G100000401866,S1,efficiency,high,0.589,-12511805.269,-107783.371
G100000401866,S1,emission_factor,central,56100.0,-10260048.366,342568.009
G100000401866,S1,emission_factor,low,54300.0,-11350963.191,124385.045
G100000401866,S1,emission_factor,high,58300.0,-8926183.22,609341.039
G100000401866,S2,lifetime,central,30,-9821983.614,780632.761
G100000401866,S2,lifetime,low,25,-10599073.639,3542.736
G100000401866,S2,lifetime,high,40,-5315047.248,5287569.127
G100000401866,S2,capacity_factor,central,0.3753,-9821983.614,780632.761
G100000401866,S2,capacity_factor,low,0.3406,-8913849.239,708455.951
G100000401866,S2,capacity_factor,high,0.3909,-10230251.519,813081.125
G100000401866,S2,efficiency,central,0.55,-9821983.614,780632.761
G100000401866,S2,efficiency,low,0.511,-7226514.309,1299726.623
G100000401866,S2,efficiency,high,0.589,-12073740.516,330281.382
G100000401866,S2,emission_factor,central,56100.0,-9821983.614,780632.761
G100000401866,S2,emission_factor,low,54300.0,-10912898.439,562449.797
G100000401866,S2,emission_factor,high,58300.0,-8488118.468,1047405.791
G100000401922,S1,lifetime,central,30,-9103738.07,741034.42
G100000401922,S1,lifetime,low,25,-9807219.292,37553.198
G100000401922,S1,lifetime,high,40,-5661650.745,4183121.745
G100000401922,S1,capacity_factor,central,0.3753,-9103738.07,741034.42
G100000401922,S1,capacity_factor,low,0.3406,-8262012.22,672518.848
G100000401922,S1,capacity_factor,high,0.3909,-9482150.843,771836.81
G100000401922,S1,efficiency,central,0.55,-9103738.07,741034.42
G100000401922,S1,efficiency,low,0.511,-6309255.145,1486229.868
G100000401922,S1,efficiency,high,0.589,-11528153.646,94523.599
G100000401922,S1,emission_factor,central,56100.0,-9103738.07,741034.42
G100000401922,S1,emission_factor,low,54300.0,-10278301.315,427817.556
G100000401922,S1,emission_factor,high,58300.0,-7667595.724,1124005.713
G100000401922,S2,lifetime,central,30,-8334524.209,1510248.281
G100000401922,S2,lifetime,low,25,-9661882.502,182889.988
G100000401922,S2,lifetime,high,40,-2796885.467,7047887.023
G100000401922,S2,capacity_factor,central,0.3753,-8334524.209,1510248.281
G100000401922,S2,capacity_factor,low,0.3406,-7563919.386,1370611.682
G100000401922,S2,capacity_factor,high,0.3909,-8680963.264,1573024.389
G100000401922,S2,efficiency,central,0.55,-8334524.209,1510248.281
G100000401922,S2,efficiency,low,0.511,-5540041.285,2255443.728
G100000401922,S2,efficiency,high,0.589,-10758939.786,863737.459
G100000401922,S2,emission_factor,central,56100.0,-8334524.209,1510248.281
G100000401922,S2,emission_factor,low,54300.0,-9509087.457,1197031.414
G100000401922,S2,emission_factor,high,58300.0,-6898381.865,1893219.572
G100000402097,S1,lifetime,central,30,5564326.763,6949081.002
G100000402097,S1,lifetime,low,25,2801334.379,4186088.618
G100000402097,S1,lifetime,high,40,12628972.462,14013726.701
G100000402097,S1,capacity_factor,central,0.3753,5564326.763,6949081.002
G100000402097,S1,capacity_factor,low,0.3406,5049852.634,6306573.376
G100000402097,S1,capacity_factor,high,0.3909,5795617.72,7237931.69
G100000402097,S1,efficiency,central,0.55,5564326.763,6949081.002
G100000402097,S1,efficiency,low,0.511,8698791.286,9247688.318
G100000402097,S1,efficiency,high,0.589,2844952.614,4954873.293
G100000402097,S1,emission_factor,central,56100.0,5564326.763,6949081.002
G100000402097,S1,emission_factor,low,54300.0,4246864.126,5982941.734
G100000402097,S1,emission_factor,high,58300.0,7175192.655,8130382.655
G100000402097,S2,lifetime,central,30,9890009.996,11274764.235
G100000402097,S2,lifetime,low,25,5745839.434,7130593.673
G100000402097,S2,lifetime,high,40,19808895.416,21193649.655
G100000402097,S2,capacity_factor,central,0.3753,9890009.996,11274764.235
G100000402097,S2,capacity_factor,low,0.3406,8975585.942,10232306.684
G100000402097,S2,capacity_factor,high,0.3909,10301105.534,11743419.504
G100000402097,S2,efficiency,central,0.55,9890009.996,11274764.235
G100000402097,S2,efficiency,low,0.511,13024474.522,13573371.554
G100000402097,S2,efficiency,high,0.589,7170635.847,9280556.526
G100000402097,S2,emission_factor,central,56100.0,9890009.996,11274764.235
G100000402097,S2,emission_factor,low,54300.0,8572547.362,10308624.97
G100000402097,S2,emission_factor,high,58300.0,11500875.891,12456065.891
G100000413022,S1,lifetime,central,30,9647146.292,9700300.662
G100000413022,S1,lifetime,low,25,6751181.279,6804335.649
G100000413022,S1,lifetime,high,40,16486211.834,16539366.204
G100000413022,S1,capacity_factor,central,0.3753,9647146.292,9700300.662
G100000413022,S1,capacity_factor,low,0.3406,8755177.265,8803417.015
G100000413022,S1,capacity_factor,high,0.3909,10048146.778,10103510.602
G100000413022,S1,efficiency,central,0.55,9647146.292,9700300.662
G100000413022,S1,efficiency,low,0.511,12245379.676,12211926.266
G100000413022,S1,efficiency,high,0.589,7392991.355,7521284.222
G100000413022,S1,emission_factor,central,56100.0,9647146.292,9700300.662
G100000413022,S1,emission_factor,low,54300.0,8555069.685,8644626.608
G100000413022,S1,emission_factor,high,58300.0,10982431.955,10991076.802
G100000413022,S2,lifetime,central,30,14893521.193,14946675.563
G100000413022,S2,lifetime,low,25,10809311.883,10862466.253
G100000413022,S2,lifetime,high,40,24021707.471,24074861.841
G100000413022,S2,capacity_factor,central,0.3753,14893521.193,14946675.563
G100000413022,S2,capacity_factor,low,0.3406,13516475.67,13564715.42
G100000413022,S2,capacity_factor,high,0.3909,15512596.412,15567960.236
G100000413022,S2,efficiency,central,0.55,14893521.193,14946675.563
G100000413022,S2,efficiency,low,0.511,17491754.575,17458301.165
G100000413022,S2,efficiency,high,0.589,12639366.254,12767659.121
G100000413022,S2,emission_factor,central,56100.0,14893521.193,14946675.563
G100000413022,S2,emission_factor,low,54300.0,13801444.585,13891001.508
G100000413022,S2,emission_factor,high,58300.0,16228806.857,16237451.704
G100000805270,S1,lifetime,central,25,-3960770.337,-3537230.914
G100000805270,S1,lifetime,low,20,-3373870.45,-2950331.027
G100000805270,S1,lifetime,high,30,-4470549.307,-4047009.884
G100000805270,S1,capacity_factor,central,0.2098,-3960770.337,-3537230.914
G100000805270,S1,capacity_factor,low,0.1949,-3679476.353,-3286016.708
G100000805270,S1,capacity_factor,high,0.2098,-3960770.337,-3537230.914
G100000805270,S2,lifetime,central,25,-3279006.286,-2855466.863
G100000805270,S2,lifetime,low,20,-2898659.911,-2475120.488
G100000805270,S2,lifetime,high,30,-3576843.192,-3153303.769
G100000805270,S2,capacity_factor,central,0.2098,-3279006.286,-2855466.863
G100000805270,S2,capacity_factor,low,0.1949,-3046131.199,-2652671.554
G100000805270,S2,capacity_factor,high,0.2098,-3279006.286,-2855466.863
G100000805131,S1,lifetime,central,25,-450391.186,-253890.657
G100000805131,S1,lifetime,low,20,-382956.369,-186455.84
G100000805131,S1,lifetime,high,30,-508964.806,-312464.277
G100000805131,S1,capacity_factor,central,0.2098,-450391.186,-253890.657
G100000805131,S1,capacity_factor,low,0.1949,-418404.397,-235859.338
G100000805131,S1,capacity_factor,high,0.2098,-450391.186,-253890.657
G100000805131,S2,lifetime,central,25,-412991.292,-216490.763
G100000805131,S2,lifetime,low,20,-362464.049,-165963.52
G100000805131,S2,lifetime,high,30,-452557.534,-256057.005
G100000805131,S2,capacity_factor,central,0.2098,-412991.292,-216490.763
G100000805131,S2,capacity_factor,low,0.1949,-383660.643,-201115.584
G100000805131,S2,capacity_factor,high,0.2098,-412991.292,-216490.763
G100000402036,S1,lifetime,central,30,916485.135,3123894.081
G100000402036,S1,lifetime,low,25,-598859.119,1608549.827
G100000402036,S1,lifetime,high,40,5093801.599,7301210.545
G100000402036,S1,capacity_factor,central,0.3753,916485.135,3123894.081
G100000402036,S1,capacity_factor,low,0.3406,831747.502,2835060.816
G100000402036,S1,capacity_factor,high,0.3909,954580.441,3253744.195
G100000402036,S1,efficiency,central,0.55,916485.135,3123894.081
G100000402036,S1,efficiency,low,0.511,3003364.077,4376021.446
G100000402036,S1,efficiency,high,0.589,-894032.926,2037583.244
G100000402036,S1,emission_factor,central,56100.0,916485.135,3123894.081
G100000402036,S1,emission_factor,low,54300.0,39338.5,2597606.1
G100000402036,S1,emission_factor,high,58300.0,1988975.218,3767388.131
G100000402036,S2,lifetime,central,30,3055849.908,5263258.854
G100000402036,S2,lifetime,low,25,685253.645,2892662.591
G100000402036,S2,lifetime,high,40,9117204.338,11324613.284
G100000402036,S2,capacity_factor,central,0.3753,3055849.908,5263258.854
G100000402036,S2,capacity_factor,low,0.3406,2773307.964,4776621.278
G100000402036,S2,capacity_factor,high,0.3909,3182871.649,5482035.403
G100000402036,S2,efficiency,central,0.55,3055849.908,5263258.854
G100000402036,S2,efficiency,low,0.511,5142728.847,6515386.216
G100000402036,S2,efficiency,high,0.589,1245331.848,4176948.018
G100000402036,S2,emission_factor,central,56100.0,3055849.908,5263258.854
G100000402036,S2,emission_factor,low,54300.0,2178703.272,4736970.872
G100000402036,S2,emission_factor,high,58300.0,4128339.987,5906752.9
G100000402051,S1,lifetime,central,30,1711800.011,3559605.739
G100000402051,S1,lifetime,low,25,73802.954,1921608.682
G100000402051,S1,lifetime,high,40,6129143.649,7976949.377
G100000402051,S1,capacity_factor,central,0.3753,1711800.011,3559605.739
G100000402051,S1,capacity_factor,low,0.3406,1553528.065,3230486.847
G100000402051,S1,capacity_factor,high,0.3909,1782953.969,3707566.968
G100000402051,S1,efficiency,central,0.55,1711800.011,3559605.739
G100000402051,S1,efficiency,low,0.511,3848432.353,4912806.223
G100000402051,S1,efficiency,high,0.589,-141882.722,2385606.673
G100000402051,S1,emission_factor,central,56100.0,1711800.011,3559605.739
G100000402051,S1,emission_factor,low,54300.0,813741.266,2990835.2
G100000402051,S1,emission_factor,high,58300.0,2809859.388,4255043.346
G100000402051,S2,lifetime,central,30,4088384.155,5936189.883
G100000402051,S2,lifetime,low,25,1554412.25,3402217.978
G100000402051,S2,lifetime,high,40,10443449.816,12291255.544
G100000402051,S2,capacity_factor,central,0.3753,4088384.155,5936189.883
G100000402051,S2,capacity_factor,low,0.3406,3710374.749,5387333.531
G100000402051,S2,capacity_factor,high,0.3909,4258324.985,6182937.984
G100000402051,S2,efficiency,central,0.55,4088384.155,5936189.883
G100000402051,S2,efficiency,low,0.511,6225016.497,7289390.367
G100000402051,S2,efficiency,high,0.589,2234701.423,4762190.818
G100000402051,S2,emission_factor,central,56100.0,4088384.155,5936189.883
G100000402051,S2,emission_factor,low,54300.0,3190325.409,5367419.343
G100000402051,S2,emission_factor,high,58300.0,5186443.53,6631627.488
G100000927614,S1,lifetime,central,25,-27327437.49,-27327437.49
G100000927614,S1,lifetime,low,20,-22262732.002,-22262732.002
G100000927614,S1,lifetime,high,30,-32206317.965,-32206317.965
G100000927614,S1,capacity_factor,central,0.2767,-27327437.49,-27327437.49
G100000927614,S1,capacity_factor,low,0.2767,-27327437.49,-27327437.49
G100000927614,S1,capacity_factor,high,0.4338,-42842943.2,-42842943.2
G100000927615,S1,lifetime,central,25,-27327437.49,-27327437.49
G100000927615,S1,lifetime,low,20,-22262732.002,-22262732.002
G100000927615,S1,lifetime,high,30,-32206317.965,-32206317.965
G100000927615,S1,capacity_factor,central,0.2767,-27327437.49,-27327437.49
G100000927615,S1,capacity_factor,low,0.2767,-27327437.49,-27327437.49
G100000927615,S1,capacity_factor,high,0.4338,-42842943.2,-42842943.2
G100000927616,S1,lifetime,central,25,-27327437.49,-27327437.49
G100000927616,S1,lifetime,low,20,-22262732.002,-22262732.002
G100000927616,S1,lifetime,high,30,-32206317.965,-32206317.965
G100000927616,S1,capacity_factor,central,0.2767,-27327437.49,-27327437.49
G100000927616,S1,capacity_factor,low,0.2767,-27327437.49,-27327437.49
G100000927616,S1,capacity_factor,high,0.4338,-42842943.2,-42842943.2
G100000407423,S1,lifetime,central,30,-107262071.798,-107262071.798
G100000407423,S1,lifetime,low,25,-92151296.331,-92151296.331
G100000407423,S1,lifetime,high,40,-134481896.452,-134481896.452
G100000407423,S1,capacity_factor,central,0.494,-107262071.798,-107262071.798
G100000407423,S1,capacity_factor,low,0.4863,-105590173.108,-105590173.108
G100000407423,S1,capacity_factor,high,0.5805,-126043790.854,-126043790.854
G100000407423,S1,efficiency,central,0.55,-107262071.798,-107262071.798
G100000407423,S1,efficiency,low,0.511,-101539023.489,-101539023.489
G100000407423,S1,efficiency,high,0.589,-112227229.159,-112227229.159
G100000407423,S1,emission_factor,central,56100.0,-107262071.798,-107262071.798
G100000407423,S1,emission_factor,low,54300.0,-109667555.167,-109667555.167
G100000407423,S1,emission_factor,high,58300.0,-104320879.369,-104320879.369
G100000800994,S1,lifetime,central,25,-680519.128,-477380.773
G100000800994,S1,lifetime,low,20,-551552.388,-348414.033
G100000800994,S1,lifetime,high,30,-806776.528,-603638.173
G100000800994,S1,capacity_factor,central,0.1368,-680519.128,-477380.773
G100000800994,S1,capacity_factor,low,0.1368,-680519.128,-477380.773
G100000800994,S1,capacity_factor,high,0.1792,-891440.263,-625340.897
G100000800994,S2,lifetime,central,25,-680519.128,-477380.773
G100000800994,S2,lifetime,low,20,-551552.388,-348414.033
G100000800994,S2,lifetime,high,30,-806776.528,-603638.173
G100000800994,S2,capacity_factor,central,0.1368,-680519.128,-477380.773
G100000800994,S2,capacity_factor,low,0.1368,-680519.128,-477380.773
G100000800994,S2,capacity_factor,high,0.1792,-891440.263,-625340.897
G100000800995,S1,lifetime,central,25,-612467.218,-429642.698
G100000800995,S1,lifetime,low,20,-496397.151,-313572.631
G100000800995,S1,lifetime,high,30,-726098.877,-543274.357
G100000800995,S1,capacity_factor,central,0.1368,-612467.218,-429642.698
G100000800995,S1,capacity_factor,low,0.1368,-612467.218,-429642.698
G100000800995,S1,capacity_factor,high,0.1792,-802296.237,-562806.808
G100000800995,S2,lifetime,central,25,-612467.218,-429642.698
G100000800995,S2,lifetime,low,20,-496397.151,-313572.631
G100000800995,S2,lifetime,high,30,-726098.877,-543274.357
G100000800995,S2,capacity_factor,central,0.1368,-612467.218,-429642.698
G100000800995,S2,capacity_factor,low,0.1368,-612467.218,-429642.698
G100000800995,S2,capacity_factor,high,0.1792,-802296.237,-562806.808
G100000927505,S1,lifetime,central,25,-72208776.164,-72208776.164
G100000927505,S1,lifetime,low,20,-58373671.013,-58373671.013
G100000927505,S1,lifetime,high,30,-85753232.307,-85753232.307
G100000927505,S1,capacity_factor,central,0.2629,-72208776.164,-72208776.164
G100000927505,S1,capacity_factor,low,0.0925,-25406282.978,-25406282.978
G100000927505,S1,capacity_factor,high,0.2629,-72208776.164,-72208776.164
G100000927505,S2,lifetime,central,25,-72208776.164,-72208776.164
G100000927505,S2,lifetime,low,20,-58373671.013,-58373671.013
G100000927505,S2,lifetime,high,30,-85753232.307,-85753232.307
G100000927505,S2,capacity_factor,central,0.2629,-72208776.164,-72208776.164
G100000927505,S2,capacity_factor,low,0.0925,-25406282.978,-25406282.978
G100000927505,S2,capacity_factor,high,0.2629,-72208776.164,-72208776.164
G100000927506,S1,lifetime,central,25,-72208776.164,-72208776.164
G100000927506,S1,lifetime,low,20,-58373671.013,-58373671.013
G100000927506,S1,lifetime,high,30,-85753232.307,-85753232.307
G100000927506,S1,capacity_factor,central,0.2629,-72208776.164,-72208776.164
G100000927506,S1,capacity_factor,low,0.0925,-25406282.978,-25406282.978
G100000927506,S1,capacity_factor,high,0.2629,-72208776.164,-72208776.164
G100000927506,S2,lifetime,central,25,-72208776.164,-72208776.164
G100000927506,S2,lifetime,low,20,-58373671.013,-58373671.013
G100000927506,S2,lifetime,high,30,-85753232.307,-85753232.307
G100000927506,S2,capacity_factor,central,0.2629,-72208776.164,-72208776.164
G100000927506,S2,capacity_factor,low,0.0925,-25406282.978,-25406282.978
G100000927506,S2,capacity_factor,high,0.2629,-72208776.164,-72208776.164
G100001090017,S1,lifetime,central,60,-3078725.56,-2850700.327
G100001090017,S1,lifetime,low,40,-2137473.141,-1909447.908
G100001090017,S1,lifetime,high,80,-3901831.123,-3673805.89
G100001090017,S1,capacity_factor,central,0.4734,-3078725.56,-2850700.327
G100001090017,S1,capacity_factor,low,0.4015,-2611128.673,-2417735.917
G100001090017,S1,capacity_factor,high,0.486,-3160668.836,-2926574.49
G100001090017,S2,lifetime,central,60,-3078725.56,-2850700.327
G100001090017,S2,lifetime,low,40,-2137473.141,-1909447.908
G100001090017,S2,lifetime,high,80,-3901831.123,-3673805.89
G100001090017,S2,capacity_factor,central,0.4734,-3078725.56,-2850700.327
G100001090017,S2,capacity_factor,low,0.4015,-2611128.673,-2417735.917
G100001090017,S2,capacity_factor,high,0.486,-3160668.836,-2926574.49
G100000405995,S1,lifetime,central,30,-5636216.932,-5636216.932
G100000405995,S1,lifetime,low,25,-5051822.582,-5051822.582
G100000405995,S1,lifetime,high,40,-6402604.914,-6402604.914
G100000405995,S1,capacity_factor,central,0.2423,-5636216.932,-5636216.932
G100000405995,S1,capacity_factor,low,0.2423,-5636216.932,-5636216.932
G100000405995,S1,capacity_factor,high,0.4453,-10358264.132,-10358264.132
G100000405995,S1,efficiency,central,0.55,-5636216.932,-5636216.932
G100000405995,S1,efficiency,low,0.511,-2959413.91,-2959413.91
G100000405995,S1,efficiency,high,0.589,-7958536.698,-7958536.698
G100000405995,S1,emission_factor,central,56100.0,-5636216.932,-5636216.932
G100000405995,S1,emission_factor,low,54300.0,-6761317.54,-6761317.54
G100000405995,S1,emission_factor,high,58300.0,-4260552.715,-4260552.715
G100000405995,S2,lifetime,central,30,-5636216.932,-5636216.932
G100000405995,S2,lifetime,low,25,-5051822.582,-5051822.582
G100000405995,S2,lifetime,high,40,-6402604.914,-6402604.914
G100000405995,S2,capacity_factor,central,0.2423,-5636216.932,-5636216.932
G100000405995,S2,capacity_factor,low,0.2423,-5636216.932,-5636216.932
G100000405995,S2,capacity_factor,high,0.4453,-10358264.132,-10358264.132
G100000405995,S2,efficiency,central,0.55,-5636216.932,-5636216.932
G100000405995,S2,efficiency,low,0.511,-2959413.91,-2959413.91
G100000405995,S2,efficiency,high,0.589,-7958536.698,-7958536.698
G100000405995,S2,emission_factor,central,56100.0,-5636216.932,-5636216.932
G100000405995,S2,emission_factor,low,54300.0,-6761317.54,-6761317.54
G100000405995,S2,emission_factor,high,58300.0,-4260552.715,-4260552.715
G100000411109,S1,lifetime,central,30,-2645973.856,-2645973.856
G100000411109,S1,lifetime,low,25,-2380964.77,-2380964.77
G100000411109,S1,lifetime,high,40,-2976493.263,-2976493.263
G100000411109,S1,capacity_factor,central,0.2423,-2645973.856,-2645973.856
G100000411109,S1,capacity_factor,low,0.2423,-2645973.856,-2645973.856
G100000411109,S1,capacity_factor,high,0.4453,-4862782.327,-4862782.327
G100000411109,S1,efficiency,central,0.55,-2645973.856,-2645973.856
G100000411109,S1,efficiency,low,0.511,-1307572.346,-1307572.346
G100000411109,S1,efficiency,high,0.589,-3807133.737,-3807133.737
G100000411109,S1,emission_factor,central,56100.0,-2645973.856,-2645973.856
G100000411109,S1,emission_factor,low,54300.0,-3208524.162,-3208524.162
G100000411109,S1,emission_factor,high,58300.0,-1958141.747,-1958141.747
G100000411109,S2,lifetime,central,30,-2645973.856,-2645973.856
G100000411109,S2,lifetime,low,25,-2380964.77,-2380964.77
G100000411109,S2,lifetime,high,40,-2976493.263,-2976493.263
G100000411109,S2,capacity_factor,central,0.2423,-2645973.856,-2645973.856
G100000411109,S2,capacity_factor,low,0.2423,-2645973.856,-2645973.856
G100000411109,S2,capacity_factor,high,0.4453,-4862782.327,-4862782.327
G100000411109,S2,efficiency,central,0.55,-2645973.856,-2645973.856
G100000411109,S2,efficiency,low,0.511,-1307572.346,-1307572.346
G100000411109,S2,efficiency,high,0.589,-3807133.737,-3807133.737
G100000411109,S2,emission_factor,central,56100.0,-2645973.856,-2645973.856
G100000411109,S2,emission_factor,low,54300.0,-3208524.162,-3208524.162
G100000411109,S2,emission_factor,high,58300.0,-1958141.747,-1958141.747
G100000106995,S1,lifetime,central,40,75501657.317,55992509.129
G100000106995,S1,lifetime,low,30,55615375.079,36106226.891
G100000106995,S1,lifetime,high,50,95964100.763,76454952.575
G100000106995,S1,capacity_factor,central,0.6145,75501657.317,55992509.129
G100000106995,S1,capacity_factor,low,0.4862,59737845.055,44301965.722
G100000106995,S1,capacity_factor,high,0.6445,79187661.74,58726073.445
G100000106995,S1,efficiency,central,0.35,75501657.317,55992509.129
G100000106995,S1,efficiency,low,0.325,85884605.837,63520146.806
G100000106995,S1,efficiency,high,0.374,66839876.286,49712717.878
G100000106995,S1,emission_factor,central,98300.0,75501657.317,55992509.129
G100000106995,S1,emission_factor,low,94600.0,70420852.201,52308925.418
G100000106995,S1,emission_factor,high,101000.0,79208881.606,58680246.735
G100000106995,S2,lifetime,central,40,75501657.317,55992509.129
G100000106995,S2,lifetime,low,30,55615375.079,36106226.891
G100000106995,S2,lifetime,high,50,95964100.763,76454952.575
G100000106995,S2,capacity_factor,central,0.6145,75501657.317,55992509.129
G100000106995,S2,capacity_factor,low,0.4862,59737845.055,44301965.722
G100000106995,S2,capacity_factor,high,0.6445,79187661.74,58726073.445
G100000106995,S2,efficiency,central,0.35,75501657.317,55992509.129
G100000106995,S2,efficiency,low,0.325,85884605.837,63520146.806
G100000106995,S2,efficiency,high,0.374,66839876.286,49712717.878
G100000106995,S2,emission_factor,central,98300.0,75501657.317,55992509.129
G100000106995,S2,emission_factor,low,94600.0,70420852.201,52308925.418
G100000106995,S2,emission_factor,high,101000.0,79208881.606,58680246.735
G100000106996,S1,lifetime,central,40,75501657.317,55992509.129
G100000106996,S1,lifetime,low,30,55615375.079,36106226.891
G100000106996,S1,lifetime,high,50,95964100.763,76454952.575
G100000106996,S1,capacity_factor,central,0.6145,75501657.317,55992509.129
G100000106996,S1,capacity_factor,low,0.4862,59737845.055,44301965.722
G100000106996,S1,capacity_factor,high,0.6445,79187661.74,58726073.445
G100000106996,S1,efficiency,central,0.35,75501657.317,55992509.129
G100000106996,S1,efficiency,low,0.325,85884605.837,63520146.806
G100000106996,S1,efficiency,high,0.374,66839876.286,49712717.878
G100000106996,S1,emission_factor,central,98300.0,75501657.317,55992509.129
G100000106996,S1,emission_factor,low,94600.0,70420852.201,52308925.418
G100000106996,S1,emission_factor,high,101000.0,79208881.606,58680246.735
G100000106996,S2,lifetime,central,40,75501657.317,55992509.129
G100000106996,S2,lifetime,low,30,55615375.079,36106226.891
G100000106996,S2,lifetime,high,50,95964100.763,76454952.575
G100000106996,S2,capacity_factor,central,0.6145,75501657.317,55992509.129
G100000106996,S2,capacity_factor,low,0.4862,59737845.055,44301965.722
G100000106996,S2,capacity_factor,high,0.6445,79187661.74,58726073.445
G100000106996,S2,efficiency,central,0.35,75501657.317,55992509.129
G100000106996,S2,efficiency,low,0.325,85884605.837,63520146.806
G100000106996,S2,efficiency,high,0.374,66839876.286,49712717.878
G100000106996,S2,emission_factor,central,98300.0,75501657.317,55992509.129
G100000106996,S2,emission_factor,low,94600.0,70420852.201,52308925.418
G100000106996,S2,emission_factor,high,101000.0,79208881.606,58680246.735
G100000107410,S1,lifetime,central,40,36604017.349,25145987.973
G100000107410,S1,lifetime,low,30,27038815.099,15580785.723
G100000107410,S1,lifetime,high,50,46450385.232,34992355.856
G100000107410,S1,capacity_factor,central,0.6145,36604017.349,25145987.973
G100000107410,S1,capacity_factor,low,0.4862,28961551.236,19895816.685
G100000107410,S1,capacity_factor,high,0.6445,38391032.026,26373619.607
G100000107410,S1,efficiency,central,0.35,36604017.349,25145987.973
G100000107410,S1,efficiency,low,0.325,41628024.695,28537192.934
G100000107410,S1,efficiency,high,0.374,32412832.978,22316938.525
G100000107410,S1,emission_factor,central,98300.0,36604017.349,25145987.973
G100000107410,S1,emission_factor,low,94600.0,34145563.259,23486531.464
G100000107410,S1,emission_factor,high,101000.0,38397835.552,26356815.259
G100000107410,S2,lifetime,central,40,36604017.349,25145987.973
G100000107410,S2,lifetime,low,30,27038815.099,15580785.723
G100000107410,S2,lifetime,high,50,46450385.232,34992355.856
G100000107410,S2,capacity_factor,central,0.6145,36604017.349,25145987.973
G100000107410,S2,capacity_factor,low,0.4862,28961551.236,19895816.685
G100000107410,S2,capacity_factor,high,0.6445,38391032.026,26373619.607
G100000107410,S2,efficiency,central,0.35,36604017.349,25145987.973
G100000107410,S2,efficiency,low,0.325,41628024.695,28537192.934
G100000107410,S2,efficiency,high,0.374,32412832.978,22316938.525
G100000107410,S2,emission_factor,central,98300.0,36604017.349,25145987.973
G100000107410,S2,emission_factor,low,94600.0,34145563.259,23486531.464
G100000107410,S2,emission_factor,high,101000.0,38397835.552,26356815.259
G100000107411,S1,lifetime,central,40,36543101.157,26118169.137
G100000107411,S1,lifetime,low,30,26949241.915,16524309.895
G100000107411,S1,lifetime,high,50,46416934.392,35992002.372
G100000107411,S1,capacity_factor,central,0.6145,36543101.157,26118169.137
G100000107411,S1,capacity_factor,low,0.4862,28913353.591,20665018.445
G100000107411,S1,capacity_factor,high,0.6445,38327141.894,27393262.829
G100000107411,S1,efficiency,central,0.35,36543101.157,26118169.137
G100000107411,S1,efficiency,low,0.325,41567108.503,29634974.281
G100000107411,S1,efficiency,high,0.374,32351916.785,23184340.079
G100000107411,S1,emission_factor,central,98300.0,36543101.157,26118169.137
G100000107411,S1,emission_factor,low,94600.0,34084647.066,24397251.275
G100000107411,S1,emission_factor,high,101000.0,38336919.36,27373841.878
G100000107411,S2,lifetime,central,40,36543101.157,26118169.137
G100000107411,S2,lifetime,low,30,26949241.915,16524309.895
G100000107411,S2,lifetime,high,50,46416934.392,35992002.372
G100000107411,S2,capacity_factor,central,0.6145,36543101.157,26118169.137
G100000107411,S2,capacity_factor,low,0.4862,28913353.591,20665018.445
G100000107411,S2,capacity_factor,high,0.6445,38327141.894,27393262.829
G100000107411,S2,efficiency,central,0.35,36543101.157,26118169.137
G100000107411,S2,efficiency,low,0.325,41567108.503,29634974.281
G100000107411,S2,efficiency,high,0.374,32351916.785,23184340.079
G100000107411,S2,emission_factor,central,98300.0,36543101.157,26118169.137
G100000107411,S2,emission_factor,low,94600.0,34084647.066,24397251.275
G100000107411,S2,emission_factor,high,101000.0,38336919.36,27373841.878
G100000107412,S1,lifetime,central,40,63056021.077,57158156.986
G100000107412,S1,lifetime,low,30,46352395.8,40454531.709
G100000107412,S1,lifetime,high,50,80355015.623,74457151.532
G100000107412,S1,capacity_factor,central,0.6145,63056021.077,57158156.986
G100000107412,S1,capacity_factor,low,0.4862,49890703.737,45224240.724
G100000107412,S1,capacity_factor,high,0.6445,66134427.314,59948628.444
G100000107412,S1,efficiency,central,0.39,63056021.077,57158156.986
G100000107412,S1,efficiency,low,0.363,72286294.082,65465402.691
G100000107412,S1,efficiency,high,0.417,55020973.878,49926614.507
G100000107412,S1,emission_factor,central,94600.0,63056021.077,57158156.986
G100000107412,S1,emission_factor,low,89500.0,56366196.751,51137315.093
G100000107412,S1,emission_factor,high,99700.0,69746607.122,63179684.427
G100000107412,S2,lifetime,central,40,63056021.077,57158156.986
G100000107412,S2,lifetime,low,30,46352395.8,40454531.709
G100000107412,S2,lifetime,high,50,80355015.623,74457151.532
G100000107412,S2,capacity_factor,central,0.6145,63056021.077,57158156.986
G100000107412,S2,capacity_factor,low,0.4862,49890703.737,45224240.724
G100000107412,S2,capacity_factor,high,0.6445,66134427.314,59948628.444
G100000107412,S2,efficiency,central,0.39,63056021.077,57158156.986
G100000107412,S2,efficiency,low,0.363,72286294.082,65465402.691
G100000107412,S2,efficiency,high,0.417,55020973.878,49926614.507
G100000107412,S2,emission_factor,central,94600.0,63056021.077,57158156.986
G100000107412,S2,emission_factor,low,89500.0,56366196.751,51137315.093
G100000107412,S2,emission_factor,high,99700.0,69746607.122,63179684.427
G100000107413,S1,lifetime,central,40,63056021.077,57158156.986
G100000107413,S1,lifetime,low,30,46352395.8,40454531.709
G100000107413,S1,lifetime,high,50,80355015.623,74457151.532
G100000107413,S1,capacity_factor,central,0.6145,63056021.077,57158156.986
G100000107413,S1,capacity_factor,low,0.4862,49890703.737,45224240.724
G100000107413,S1,capacity_factor,high,0.6445,66134427.314,59948628.444
G100000107413,S1,efficiency,central,0.39,63056021.077,57158156.986
G100000107413,S1,efficiency,low,0.363,72286294.082,65465402.691
G100000107413,S1,efficiency,high,0.417,55020973.878,49926614.507
G100000107413,S1,emission_factor,central,94600.0,63056021.077,57158156.986
G100000107413,S1,emission_factor,low,89500.0,56366196.751,51137315.093
G100000107413,S1,emission_factor,high,99700.0,69746607.122,63179684.427
G100000107413,S2,lifetime,central,40,63056021.077,57158156.986
G100000107413,S2,lifetime,low,30,46352395.8,40454531.709
G100000107413,S2,lifetime,high,50,80355015.623,74457151.532
G100000107413,S2,capacity_factor,central,0.6145,63056021.077,57158156.986
G100000107413,S2,capacity_factor,low,0.4862,49890703.737,45224240.724
G100000107413,S2,capacity_factor,high,0.6445,66134427.314,59948628.444
G100000107413,S2,efficiency,central,0.39,63056021.077,57158156.986
G100000107413,S2,efficiency,low,0.363,72286294.082,65465402.691
G100000107413,S2,efficiency,high,0.417,55020973.878,49926614.507
G100000107413,S2,emission_factor,central,94600.0,63056021.077,57158156.986
G100000107413,S2,emission_factor,low,89500.0,56366196.751,51137315.093
G100000107413,S2,emission_factor,high,99700.0,69746607.122,63179684.427
G100000401318,S1,lifetime,central,30,-4066615.642,-4066615.642
G100000401318,S1,lifetime,low,25,-3638386.362,-3638386.362
G100000401318,S1,lifetime,high,40,-4640194.898,-4640194.898
G100000401318,S1,capacity_factor,central,0.2423,-4066615.642,-4066615.642
G100000401318,S1,capacity_factor,low,0.2423,-4066615.642,-4066615.642
G100000401318,S1,capacity_factor,high,0.4453,-7473644.013,-7473644.013
G100000401318,S1,efficiency,central,0.55,-4066615.642,-4066615.642
G100000401318,S1,efficiency,low,0.511,-2192853.526,-2192853.526
G100000401318,S1,efficiency,high,0.589,-5692239.477,-5692239.477
G100000401318,S1,emission_factor,central,56100.0,-4066615.642,-4066615.642
G100000401318,S1,emission_factor,low,54300.0,-4854186.067,-4854186.067
G100000401318,S1,emission_factor,high,58300.0,-3103650.688,-3103650.688
G100000401318,S2,lifetime,central,30,-4066615.642,-4066615.642
G100000401318,S2,lifetime,low,25,-3638386.362,-3638386.362
G100000401318,S2,lifetime,high,40,-4640194.898,-4640194.898
G100000401318,S2,capacity_factor,central,0.2423,-4066615.642,-4066615.642
G100000401318,S2,capacity_factor,low,0.2423,-4066615.642,-4066615.642
G100000401318,S2,capacity_factor,high,0.4453,-7473644.013,-7473644.013
G100000401318,S2,efficiency,central,0.55,-4066615.642,-4066615.642
G100000401318,S2,efficiency,low,0.511,-2192853.526,-2192853.526
G100000401318,S2,efficiency,high,0.589,-5692239.477,-5692239.477
G100000401318,S2,emission_factor,central,56100.0,-4066615.642,-4066615.642
G100000401318,S2,emission_factor,low,54300.0,-4854186.067,-4854186.067
G100000401318,S2,emission_factor,high,58300.0,-3103650.688,-3103650.688
G100000406001,S1,lifetime,central,30,-5983421.953,-5983421.953
G100000406001,S1,lifetime,low,25,-5344187.862,-5344187.862
G100000406001,S1,lifetime,high,40,-6856057.578,-6856057.578
G100000406001,S1,capacity_factor,central,0.2423,-5983421.953,-5983421.953
G100000406001,S1,capacity_factor,low,0.2423,-5983421.953,-5983421.953
G100000406001,S1,capacity_factor,high,0.4453,-10996359.041,-10996359.041
G100000406001,S1,efficiency,central,0.55,-5983421.953,-5983421.953
G100000406001,S1,efficiency,low,0.511,-3306618.933,-3306618.933
G100000406001,S1,efficiency,high,0.589,-8305741.72,-8305741.72
G100000406001,S1,emission_factor,central,56100.0,-5983421.953,-5983421.953
G100000406001,S1,emission_factor,low,54300.0,-7108522.563,-7108522.563
G100000406001,S1,emission_factor,high,58300.0,-4607757.736,-4607757.736
G100000406001,S2,lifetime,central,30,-5983421.953,-5983421.953
G100000406001,S2,lifetime,low,25,-5344187.862,-5344187.862
G100000406001,S2,lifetime,high,40,-6856057.578,-6856057.578
G100000406001,S2,capacity_factor,central,0.2423,-5983421.953,-5983421.953
G100000406001,S2,capacity_factor,low,0.2423,-5983421.953,-5983421.953
G100000406001,S2,capacity_factor,high,0.4453,-10996359.041,-10996359.041
G100000406001,S2,efficiency,central,0.55,-5983421.953,-5983421.953
G100000406001,S2,efficiency,low,0.511,-3306618.933,-3306618.933
G100000406001,S2,efficiency,high,0.589,-8305741.72,-8305741.72
G100000406001,S2,emission_factor,central,56100.0,-5983421.953,-5983421.953
G100000406001,S2,emission_factor,low,54300.0,-7108522.563,-7108522.563
G100000406001,S2,emission_factor,high,58300.0,-4607757.736,-4607757.736
G100000404544,S1,lifetime,central,30,-8714176.373,-8714176.373
G100000404544,S1,lifetime,low,25,-7796542.201,-7796542.201
G100000404544,S1,lifetime,high,40,-9943274.779,-9943274.779
G100000404544,S1,capacity_factor,central,0.2423,-8714176.373,-8714176.373
G100000404544,S1,capacity_factor,low,0.2423,-8714176.373,-8714176.373
G100000404544,S1,capacity_factor,high,0.4453,-16014951.459,-16014951.459
G100000404544,S1,efficiency,central,0.55,-8714176.373,-8714176.373
G100000404544,S1,efficiency,low,0.511,-4698971.843,-4698971.843
G100000404544,S1,efficiency,high,0.589,-12197656.022,-12197656.022
G100000404544,S1,emission_factor,central,56100.0,-8714176.373,-8714176.373
G100000404544,S1,emission_factor,low,54300.0,-10401827.285,-10401827.285
G100000404544,S1,emission_factor,high,58300.0,-6650680.045,-6650680.045
G100000404544,S2,lifetime,central,30,-8714176.373,-8714176.373
G100000404544,S2,lifetime,low,25,-7796542.201,-7796542.201
G100000404544,S2,lifetime,high,40,-9943274.779,-9943274.779
G100000404544,S2,capacity_factor,central,0.2423,-8714176.373,-8714176.373
G100000404544,S2,capacity_factor,low,0.2423,-8714176.373,-8714176.373
G100000404544,S2,capacity_factor,high,0.4453,-16014951.459,-16014951.459
G100000404544,S2,efficiency,central,0.55,-8714176.373,-8714176.373
G100000404544,S2,efficiency,low,0.511,-4698971.843,-4698971.843
G100000404544,S2,efficiency,high,0.589,-12197656.022,-12197656.022
G100000404544,S2,emission_factor,central,56100.0,-8714176.373,-8714176.373
G100000404544,S2,emission_factor,low,54300.0,-10401827.285,-10401827.285
G100000404544,S2,emission_factor,high,58300.0,-6650680.045,-6650680.045
G100000109514,S1,lifetime,central,40,57066425.868,50418713.765
G100000109514,S1,lifetime,low,30,41936711.654,35288999.551
G100000109514,S1,lifetime,high,50,72739688.373,66091976.27
G100000109514,S1,capacity_factor,central,0.6145,57066425.868,50418713.765
G100000109514,S1,capacity_factor,low,0.4862,45151661.931,39891909.9
G100000109514,S1,capacity_factor,high,0.6445,59852418.996,52880164.4
G100000109514,S1,efficiency,central,0.39,57066425.868,50418713.765
G100000109514,S1,efficiency,low,0.363,65457583.148,57760976.385
G100000109514,S1,efficiency,high,0.417,49761837.508,44027198.95
G100000109514,S1,emission_factor,central,94600.0,57066425.868,50418713.765
G100000109514,S1,emission_factor,low,89500.0,50984767.388,45097262.595
G100000109514,S1,emission_factor,high,99700.0,63148776.824,55740770.852
G100000109514,S2,lifetime,central,40,57066425.868,50418713.765
G100000109514,S2,lifetime,low,30,41936711.654,35288999.551
G100000109514,S2,lifetime,high,50,72739688.373,66091976.27
G100000109514,S2,capacity_factor,central,0.6145,57066425.868,50418713.765
G100000109514,S2,capacity_factor,low,0.4862,45151661.931,39891909.9
G100000109514,S2,capacity_factor,high,0.6445,59852418.996,52880164.4
G100000109514,S2,efficiency,central,0.39,57066425.868,50418713.765
G100000109514,S2,efficiency,low,0.363,65457583.148,57760976.385
G100000109514,S2,efficiency,high,0.417,49761837.508,44027198.95
G100000109514,S2,emission_factor,central,94600.0,57066425.868,50418713.765
G100000109514,S2,emission_factor,low,89500.0,50984767.388,45097262.595
G100000109514,S2,emission_factor,high,99700.0,63148776.824,55740770.852
G100000109515,S1,lifetime,central,40,57323655.524,51961960.895
G100000109515,S1,lifetime,low,30,42138541.637,36776847.008
G100000109515,S1,lifetime,high,50,73050014.2,67688319.571
G100000109515,S1,capacity_factor,central,0.6145,57323655.524,51961960.895
G100000109515,S1,capacity_factor,low,0.4862,45355185.217,41112946.116
G100000109515,S1,capacity_factor,high,0.6445,60122206.65,54498753.131
G100000109515,S1,efficiency,central,0.39,57323655.524,51961960.895
G100000109515,S1,efficiency,low,0.363,65714812.804,59514002.447
G100000109515,S1,efficiency,high,0.417,50019067.164,45387831.371
G100000109515,S1,emission_factor,central,94600.0,57323655.524,51961960.895
G100000109515,S1,emission_factor,low,89500.0,51241997.044,46488468.263
G100000109515,S1,emission_factor,high,99700.0,63406006.48,57436076.756
G100000109515,S2,lifetime,central,40,57323655.524,51961960.895
G100000109515,S2,lifetime,low,30,42138541.637,36776847.008
G100000109515,S2,lifetime,high,50,73050014.2,67688319.571
G100000109515,S2,capacity_factor,central,0.6145,57323655.524,51961960.895
G100000109515,S2,capacity_factor,low,0.4862,45355185.217,41112946.116
G100000109515,S2,capacity_factor,high,0.6445,60122206.65,54498753.131
G100000109515,S2,efficiency,central,0.39,57323655.524,51961960.895
G100000109515,S2,efficiency,low,0.363,65714812.804,59514002.447
G100000109515,S2,efficiency,high,0.417,50019067.164,45387831.371
G100000109515,S2,emission_factor,central,94600.0,57323655.524,51961960.895
G100000109515,S2,emission_factor,low,89500.0,51241997.044,46488468.263
G100000109515,S2,emission_factor,high,99700.0,63406006.48,57436076.756
G100000801689,S1,lifetime,central,25,-1361038.257,-954761.546
G100000801689,S1,lifetime,low,20,-1103104.776,-696828.065
G100000801689,S1,lifetime,high,30,-1613553.053,-1207276.342
G100000801689,S1,capacity_factor,central,0.1368,-1361038.257,-954761.546
G100000801689,S1,capacity_factor,low,0.1368,-1361038.257,-954761.546
G100000801689,S1,capacity_factor,high,0.1792,-1782880.525,-1250681.793
G100000801689,S2,lifetime,central,25,-1361038.257,-954761.546
G100000801689,S2,lifetime,low,20,-1103104.776,-696828.065
G100000801689,S2,lifetime,high,30,-1613553.053,-1207276.342
G100000801689,S2,capacity_factor,central,0.1368,-1361038.257,-954761.546
G100000801689,S2,capacity_factor,low,0.1368,-1361038.257,-954761.546
G100000801689,S2,capacity_factor,high,0.1792,-1782880.525,-1250681.793
G100000110552,S1,lifetime,central,40,68489741.879,63856006.03
G100000110552,S1,lifetime,low,30,50303009.618,45669273.769
G100000110552,S1,lifetime,high,50,87319622.691,82685886.842
G100000110552,S1,capacity_factor,central,0.6145,68489741.879,63856006.03
G100000110552,S1,capacity_factor,low,0.4862,54189930.84,50523661.727
G100000110552,S1,capacity_factor,high,0.6445,71833423.337,66973467.675
G100000110552,S1,efficiency,central,0.39,68489741.879,63856006.03
G100000110552,S1,efficiency,low,0.363,78503189.565,73118445.139
G100000110552,S1,efficiency,high,0.417,59772933.097,55792957.906
G100000110552,S1,emission_factor,central,94600.0,68489741.879,63856006.03
G100000110552,S1,emission_factor,low,89500.0,61232296.091,57142868.675
G100000110552,S1,emission_factor,high,99700.0,75748014.013,70569907.753
G100000110552,S2,lifetime,central,40,68489741.879,63856006.03
G100000110552,S2,lifetime,low,30,50303009.618,45669273.769
G100000110552,S2,lifetime,high,50,87319622.691,82685886.842
G100000110552,S2,capacity_factor,central,0.6145,68489741.879,63856006.03
G100000110552,S2,capacity_factor,low,0.4862,54189930.84,50523661.727
G100000110552,S2,capacity_factor,high,0.6445,71833423.337,66973467.675
G100000110552,S2,efficiency,central,0.39,68489741.879,63856006.03
G100000110552,S2,efficiency,low,0.363,78503189.565,73118445.139
G100000110552,S2,efficiency,high,0.417,59772933.097,55792957.906
G100000110552,S2,emission_factor,central,94600.0,68489741.879,63856006.03
G100000110552,S2,emission_factor,low,89500.0,61232296.091,57142868.675
G100000110552,S2,emission_factor,high,99700.0,75748014.013,70569907.753
G100000110553,S1,lifetime,central,40,68799338.519,65710502.473
G100000110553,S1,lifetime,low,30,50547055.617,47458219.571
G100000110553,S1,lifetime,high,50,87692045.022,84603208.976
G100000110553,S1,capacity_factor,central,0.6145,68799338.519,65710502.473
G100000110553,S1,capacity_factor,low,0.4862,54434887.531,51990962.249
G100000110553,S1,capacity_factor,high,0.6445,72158134.54,68918500.966
G100000110553,S1,efficiency,central,0.39,68799338.519,65710502.473
G100000110553,S1,efficiency,low,0.363,78812786.204,75223277.774
G100000110553,S1,efficiency,high,0.417,60082529.736,57429534.129
G100000110553,S1,emission_factor,central,94600.0,68799338.519,65710502.473
G100000110553,S1,emission_factor,low,89500.0,61541892.73,58815928.973
G100000110553,S1,emission_factor,high,99700.0,76057610.652,72605860.999
G100000110553,S2,lifetime,central,40,68799338.519,65710502.473
G100000110553,S2,lifetime,low,30,50547055.617,47458219.571
G100000110553,S2,lifetime,high,50,87692045.022,84603208.976
G100000110553,S2,capacity_factor,central,0.6145,68799338.519,65710502.473
G100000110553,S2,capacity_factor,low,0.4862,54434887.531,51990962.249
G100000110553,S2,capacity_factor,high,0.6445,72158134.54,68918500.966
G100000110553,S2,efficiency,central,0.39,68799338.519,65710502.473
G100000110553,S2,efficiency,low,0.363,78812786.204,75223277.774
G100000110553,S2,efficiency,high,0.417,60082529.736,57429534.129
G100000110553,S2,emission_factor,central,94600.0,68799338.519,65710502.473
G100000110553,S2,emission_factor,low,89500.0,61541892.73,58815928.973
G100000110553,S2,emission_factor,high,99700.0,76057610.652,72605860.999
G100000110618,S1,lifetime,central,40,45646846.112,38690638.518
G100000110618,S1,lifetime,low,30,33252247.481,26296039.887
G100000110618,S1,lifetime,high,50,58589629.108,51633421.514
G100000110618,S1,capacity_factor,central,0.6145,45646846.112,38690638.518
G100000110618,S1,capacity_factor,low,0.4862,36116349.195,30612511.714
G100000110618,S1,capacity_factor,high,0.6445,47875333.312,40579522.417
G100000110618,S1,efficiency,central,0.43,45646846.112,38690638.518
G100000110618,S1,efficiency,low,0.4,53320879.427,45021716.002
G100000110618,S1,efficiency,high,0.46,38973773.667,33185353.75
G100000110618,S1,emission_factor,central,94600.0,45646846.112,38690638.518
G100000110618,S1,emission_factor,low,89500.0,40130708.337,34139824.852
G100000110618,S1,emission_factor,high,99700.0,51163154.427,43241592.877
G100000110618,S2,lifetime,central,40,45646846.112,38690638.518
G100000110618,S2,lifetime,low,30,33252247.481,26296039.887
G100000110618,S2,lifetime,high,50,58589629.108,51633421.514
G100000110618,S2,capacity_factor,central,0.6145,45646846.112,38690638.518
G100000110618,S2,capacity_factor,low,0.4862,36116349.195,30612511.714
G100000110618,S2,capacity_factor,high,0.6445,47875333.312,40579522.417
G100000110618,S2,efficiency,central,0.43,45646846.112,38690638.518
G100000110618,S2,efficiency,low,0.4,53320879.427,45021716.002
G100000110618,S2,efficiency,high,0.46,38973773.667,33185353.75
G100000110618,S2,emission_factor,central,94600.0,45646846.112,38690638.518
G100000110618,S2,emission_factor,low,89500.0,40130708.337,34139824.852
G100000110618,S2,emission_factor,high,99700.0,51163154.427,43241592.877
G100000110619,S1,lifetime,central,40,55783703.771,44300304.223
G100000110619,S1,lifetime,low,30,40877954.734,29394555.186
G100000110619,S1,lifetime,high,50,71242312.97,59758913.422
G100000110619,S1,capacity_factor,central,0.6145,55783703.771,44300304.223
G100000110619,S1,capacity_factor,low,0.4862,44136756.344,35050948.599
G100000110619,S1,capacity_factor,high,0.6445,58507074.178,46463053.009
G100000110619,S1,efficiency,central,0.39,55783703.771,44300304.223
G100000110619,S1,efficiency,low,0.363,64174861.051,50803451.115
G100000110619,S1,efficiency,high,0.417,48479115.411,38639248.244
G100000110619,S1,emission_factor,central,94600.0,55783703.771,44300304.223
G100000110619,S1,emission_factor,low,89500.0,49702045.291,39587018.901
G100000110619,S1,emission_factor,high,99700.0,61866054.728,49014126.215
G100000110619,S2,lifetime,central,40,55783703.771,44300304.223
G100000110619,S2,lifetime,low,30,40877954.734,29394555.186
G100000110619,S2,lifetime,high,50,71242312.97,59758913.422
G100000110619,S2,capacity_factor,central,0.6145,55783703.771,44300304.223
G100000110619,S2,capacity_factor,low,0.4862,44136756.344,35050948.599
G100000110619,S2,capacity_factor,high,0.6445,58507074.178,46463053.009
G100000110619,S2,efficiency,central,0.39,55783703.771,44300304.223
G100000110619,S2,efficiency,low,0.363,64174861.051,50803451.115
G100000110619,S2,efficiency,high,0.417,48479115.411,38639248.244
G100000110619,S2,emission_factor,central,94600.0,55783703.771,44300304.223
G100000110619,S2,emission_factor,low,89500.0,49702045.291,39587018.901
G100000110619,S2,emission_factor,high,99700.0,61866054.728,49014126.215
G100000110620,S1,lifetime,central,40,55875199.501,45821673.253
G100000110620,S1,lifetime,low,30,40913102.194,30859575.946
G100000110620,S1,lifetime,high,50,71387814.386,61334288.138
G100000110620,S1,capacity_factor,central,0.6145,55875199.501,45821673.253
G100000110620,S1,capacity_factor,low,0.4862,44209148.896,36254674.591
G100000110620,S1,capacity_factor,high,0.6445,58603036.745,48058695.547
G100000110620,S1,efficiency,central,0.39,55875199.501,45821673.253
G100000110620,S1,efficiency,low,0.363,64266356.781,52534599.077
G100000110620,S1,efficiency,high,0.417,48570611.141,39978002.565
G100000110620,S1,emission_factor,central,94600.0,55875199.501,45821673.253
G100000110620,S1,emission_factor,low,89500.0,49793541.021,40956346.469
G100000110620,S1,emission_factor,high,99700.0,61957550.457,50687554.018
G100000110620,S2,lifetime,central,40,55875199.501,45821673.253
G100000110620,S2,lifetime,low,30,40913102.194,30859575.946
G100000110620,S2,lifetime,high,50,71387814.386,61334288.138
G100000110620,S2,capacity_factor,central,0.6145,55875199.501,45821673.253
G100000110620,S2,capacity_factor,low,0.4862,44209148.896,36254674.591
G100000110620,S2,capacity_factor,high,0.6445,58603036.745,48058695.547
G100000110620,S2,efficiency,central,0.39,55875199.501,45821673.253
G100000110620,S2,efficiency,low,0.363,64266356.781,52534599.077
G100000110620,S2,efficiency,high,0.417,48570611.141,39978002.565
G100000110620,S2,emission_factor,central,94600.0,55875199.501,45821673.253
G100000110620,S2,emission_factor,low,89500.0,49793541.021,40956346.469
G100000110620,S2,emission_factor,high,99700.0,61957550.457,50687554.018
G100000110670,S1,lifetime,central,40,52208141.176,51031207.373
G100000110670,S1,lifetime,low,30,38209212.595,37032278.792
G100000110670,S1,lifetime,high,50,66794902.839,65617969.036
G100000110670,S1,capacity_factor,central,0.6145,52208141.176,51031207.373
G100000110670,S1,capacity_factor,low,0.4862,41307726.997,40376522.416
G100000110670,S1,capacity_factor,high,0.6445,54756951.97,53522560.048
G100000110670,S1,efficiency,central,0.43,52208141.176,51031207.373
G100000110670,S1,efficiency,low,0.4,60649577.818,59261608.099
G100000110670,S1,efficiency,high,0.46,44867761.48,43874337.169
G100000110670,S1,emission_factor,central,94600.0,52208141.176,51031207.373
G100000110670,S1,emission_factor,low,89500.0,46140389.619,45115149.605
G100000110670,S1,emission_factor,high,99700.0,58276080.313,56947448.031
G100000110670,S2,lifetime,central,40,52208141.176,51031207.373
G100000110670,S2,lifetime,low,30,38209212.595,37032278.792
G100000110670,S2,lifetime,high,50,66794902.839,65617969.036
G100000110670,S2,capacity_factor,central,0.6145,52208141.176,51031207.373
G100000110670,S2,capacity_factor,low,0.4862,41307726.997,40376522.416
G100000110670,S2,capacity_factor,high,0.6445,54756951.97,53522560.048
G100000110670,S2,efficiency,central,0.43,52208141.176,51031207.373
G100000110670,S2,efficiency,low,0.4,60649577.818,59261608.099
G100000110670,S2,efficiency,high,0.46,44867761.48,43874337.169
G100000110670,S2,emission_factor,central,94600.0,52208141.176,51031207.373
G100000110670,S2,emission_factor,low,89500.0,46140389.619,45115149.605
G100000110670,S2,emission_factor,high,99700.0,58276080.313,56947448.031
G100000110671,S1,lifetime,central,40,52463842.453,52463842.453
G100000110671,S1,lifetime,low,30,38405000.989,38405000.989
G100000110671,S1,lifetime,high,50,67108026.136,67108026.136
G100000110671,S1,capacity_factor,central,0.6145,52463842.453,52463842.453
G100000110671,S1,capacity_factor,low,0.4862,41510041.01,41510041.01
G100000110671,S1,capacity_factor,high,0.6445,55025136.629,55025136.629
G100000110671,S1,efficiency,central,0.43,52463842.453,52463842.453
G100000110671,S1,efficiency,low,0.4,60905279.095,60905279.095
G100000110671,S1,efficiency,high,0.46,45123462.757,45123462.757
G100000110671,S1,emission_factor,central,94600.0,52463842.453,52463842.453
G100000110671,S1,emission_factor,low,89500.0,46396090.896,46396090.896
G100000110671,S1,emission_factor,high,99700.0,58531781.59,58531781.59
G100000110671,S2,lifetime,central,40,52463842.453,52463842.453
G100000110671,S2,lifetime,low,30,38405000.989,38405000.989
G100000110671,S2,lifetime,high,50,67108026.136,67108026.136
G100000110671,S2,capacity_factor,central,0.6145,52463842.453,52463842.453
G100000110671,S2,capacity_factor,low,0.4862,41510041.01,41510041.01
G100000110671,S2,capacity_factor,high,0.6445,55025136.629,55025136.629
G100000110671,S2,efficiency,central,0.43,52463842.453,52463842.453
G100000110671,S2,efficiency,low,0.4,60905279.095,60905279.095
G100000110671,S2,efficiency,high,0.46,45123462.757,45123462.757
G100000110671,S2,emission_factor,central,94600.0,52463842.453,52463842.453
G100000110671,S2,emission_factor,low,89500.0,46396090.896,46396090.896
G100000110671,S2,emission_factor,high,99700.0,58531781.59,58531781.59
G100000408644,S1,lifetime,central,30,-1104821.256,-1104821.256
G100000408644,S1,lifetime,low,25,-1266729.749,-1266729.749
G100000408644,S1,lifetime,high,40,-388727.155,-388727.155
G100000408644,S1,capacity_factor,central,0.2423,-1104821.256,-1104821.256
G100000408644,S1,capacity_factor,low,0.2423,-1104821.256,-1104821.256
G100000408644,S1,capacity_factor,high,0.4453,-2030445.338,-2030445.338
G100000408644,S1,efficiency,central,0.5,-1104821.256,-1104821.256
G100000408644,S1,efficiency,low,0.465,1799070.897,1799070.897
G100000408644,S1,efficiency,high,0.535,-3628764.903,-3628764.903
G100000408644,S1,emission_factor,central,56100.0,-1104821.256,-1104821.256
G100000408644,S1,emission_factor,low,54300.0,-2342691.251,-2342691.251
G100000408644,S1,emission_factor,high,58300.0,408130.96,408130.96
G100000408644,S2,lifetime,central,30,-1104821.256,-1104821.256
G100000408644,S2,lifetime,low,25,-1266729.749,-1266729.749
G100000408644,S2,lifetime,high,40,-388727.155,-388727.155
G100000408644,S2,capacity_factor,central,0.2423,-1104821.256,-1104821.256
G100000408644,S2,capacity_factor,low,0.2423,-1104821.256,-1104821.256
G100000408644,S2,capacity_factor,high,0.4453,-2030445.338,-2030445.338
G100000408644,S2,efficiency,central,0.5,-1104821.256,-1104821.256
G100000408644,S2,efficiency,low,0.465,1799070.897,1799070.897
G100000408644,S2,efficiency,high,0.535,-3628764.903,-3628764.903
G100000408644,S2,emission_factor,central,56100.0,-1104821.256,-1104821.256
G100000408644,S2,emission_factor,low,54300.0,-2342691.251,-2342691.251
G100000408644,S2,emission_factor,high,58300.0,408130.96,408130.96
G100000408559,S1,lifetime,central,30,-3169266.263,-1207889.838
G100000408559,S1,lifetime,low,25,-3158104.61,-1196728.185
G100000408559,S1,lifetime,high,40,-2676272.992,-714896.567
G100000408559,S1,capacity_factor,central,0.7257,-3169266.263,-1207889.838
G100000408559,S1,capacity_factor,low,0.3629,-1584851.489,-604028.14
G100000408559,S1,capacity_factor,high,0.7257,-3169266.263,-1207889.838
G100000408559,S1,efficiency,central,0.36,-3169266.263,-1207889.838
G100000408559,S1,efficiency,low,0.335,-1831884.619,-316302.074
G100000408559,S1,efficiency,high,0.385,-4332961.977,-1983686.982
G100000408559,S1,emission_factor,central,56100.0,-3169266.263,-1207889.838
G100000408559,S1,emission_factor,low,54300.0,-3744268.853,-1591224.898
G100000408559,S1,emission_factor,high,58300.0,-2466485.32,-739369.209
G100000408559,S2,lifetime,central,30,-378311.665,1583064.76
G100000408559,S2,lifetime,low,25,-1437296.597,524079.828
G100000408559,S2,lifetime,high,40,2653759.3,4615135.725
G100000408559,S2,capacity_factor,central,0.7257,-378311.665,1583064.76
G100000408559,S2,capacity_factor,low,0.3629,-189181.893,791641.456
G100000408559,S2,capacity_factor,high,0.7257,-378311.665,1583064.76
G100000408559,S2,efficiency,central,0.36,-378311.665,1583064.76
G100000408559,S2,efficiency,low,0.335,959069.978,2474652.523
G100000408559,S2,efficiency,high,0.385,-1542007.381,807267.614
G100000408559,S2,emission_factor,central,56100.0,-378311.665,1583064.76
G100000408559,S2,emission_factor,low,54300.0,-953314.255,1199729.7
G100000408559,S2,emission_factor,high,58300.0,324469.276,2051585.387
G100000414449,S1,lifetime,central,30,-3169266.263,-1207889.838
G100000414449,S1,lifetime,low,25,-3158104.61,-1196728.185
G100000414449,S1,lifetime,high,40,-2676272.992,-714896.567
G100000414449,S1,capacity_factor,central,0.7257,-3169266.263,-1207889.838
G100000414449,S1,capacity_factor,low,0.3629,-1584851.489,-604028.14
G100000414449,S1,capacity_factor,high,0.7257,-3169266.263,-1207889.838
G100000414449,S1,efficiency,central,0.36,-3169266.263,-1207889.838
G100000414449,S1,efficiency,low,0.335,-1831884.619,-316302.074
G100000414449,S1,efficiency,high,0.385,-4332961.977,-1983686.982
G100000414449,S1,emission_factor,central,56100.0,-3169266.263,-1207889.838
G100000414449,S1,emission_factor,low,54300.0,-3744268.853,-1591224.898
G100000414449,S1,emission_factor,high,58300.0,-2466485.32,-739369.209
G100000414449,S2,lifetime,central,30,-378311.665,1583064.76
G100000414449,S2,lifetime,low,25,-1437296.597,524079.828
G100000414449,S2,lifetime,high,40,2653759.3,4615135.725
G100000414449,S2,capacity_factor,central,0.7257,-378311.665,1583064.76
G100000414449,S2,capacity_factor,low,0.3629,-189181.893,791641.456
G100000414449,S2,capacity_factor,high,0.7257,-378311.665,1583064.76
G100000414449,S2,efficiency,central,0.36,-378311.665,1583064.76
G100000414449,S2,efficiency,low,0.335,959069.978,2474652.523
G100000414449,S2,efficiency,high,0.385,-1542007.381,807267.614
G100000414449,S2,emission_factor,central,56100.0,-378311.665,1583064.76
G100000414449,S2,emission_factor,low,54300.0,-953314.255,1199729.7
G100000414449,S2,emission_factor,high,58300.0,324469.276,2051585.387
G100000414450,S1,lifetime,central,30,-3169266.263,-1207889.838
G100000414450,S1,lifetime,low,25,-3158104.61,-1196728.185
G100000414450,S1,lifetime,high,40,-2676272.992,-714896.567
G100000414450,S1,capacity_factor,central,0.7257,-3169266.263,-1207889.838
G100000414450,S1,capacity_factor,low,0.3629,-1584851.489,-604028.14
G100000414450,S1,capacity_factor,high,0.7257,-3169266.263,-1207889.838
G100000414450,S1,efficiency,central,0.36,-3169266.263,-1207889.838
G100000414450,S1,efficiency,low,0.335,-1831884.619,-316302.074
G100000414450,S1,efficiency,high,0.385,-4332961.977,-1983686.982
G100000414450,S1,emission_factor,central,56100.0,-3169266.263,-1207889.838
G100000414450,S1,emission_factor,low,54300.0,-3744268.853,-1591224.898
G100000414450,S1,emission_factor,high,58300.0,-2466485.32,-739369.209
G100000414450,S2,lifetime,central,30,-378311.665,1583064.76
G100000414450,S2,lifetime,low,25,-1437296.597,524079.828
G100000414450,S2,lifetime,high,40,2653759.3,4615135.725
G100000414450,S2,capacity_factor,central,0.7257,-378311.665,1583064.76
G100000414450,S2,capacity_factor,low,0.3629,-189181.893,791641.456
G100000414450,S2,capacity_factor,high,0.7257,-378311.665,1583064.76
G100000414450,S2,efficiency,central,0.36,-378311.665,1583064.76
G100000414450,S2,efficiency,low,0.335,959069.978,2474652.523
G100000414450,S2,efficiency,high,0.385,-1542007.381,807267.614
G100000414450,S2,emission_factor,central,56100.0,-378311.665,1583064.76
G100000414450,S2,emission_factor,low,54300.0,-953314.255,1199729.7
G100000414450,S2,emission_factor,high,58300.0,324469.276,2051585.387
G100000414451,S1,lifetime,central,30,-3169266.263,-1207889.838
G100000414451,S1,lifetime,low,25,-3158104.61,-1196728.185
G100000414451,S1,lifetime,high,40,-2676272.992,-714896.567
G100000414451,S1,capacity_factor,central,0.7257,-3169266.263,-1207889.838
G100000414451,S1,capacity_factor,low,0.3629,-1584851.489,-604028.14
G100000414451,S1,capacity_factor,high,0.7257,-3169266.263,-1207889.838
G100000414451,S1,efficiency,central,0.36,-3169266.263,-1207889.838
G100000414451,S1,efficiency,low,0.335,-1831884.619,-316302.074
G100000414451,S1,efficiency,high,0.385,-4332961.977,-1983686.982
G100000414451,S1,emission_factor,central,56100.0,-3169266.263,-1207889.838
G100000414451,S1,emission_factor,low,54300.0,-3744268.853,-1591224.898
G100000414451,S1,emission_factor,high,58300.0,-2466485.32,-739369.209
G100000414451,S2,lifetime,central,30,-378311.665,1583064.76
G100000414451,S2,lifetime,low,25,-1437296.597,524079.828
G100000414451,S2,lifetime,high,40,2653759.3,4615135.725
G100000414451,S2,capacity_factor,central,0.7257,-378311.665,1583064.76
G100000414451,S2,capacity_factor,low,0.3629,-189181.893,791641.456
G100000414451,S2,capacity_factor,high,0.7257,-378311.665,1583064.76
G100000414451,S2,efficiency,central,0.36,-378311.665,1583064.76
G100000414451,S2,efficiency,low,0.335,959069.978,2474652.523
G100000414451,S2,efficiency,high,0.385,-1542007.381,807267.614
G100000414451,S2,emission_factor,central,56100.0,-378311.665,1583064.76
G100000414451,S2,emission_factor,low,54300.0,-953314.255,1199729.7
G100000414451,S2,emission_factor,high,58300.0,324469.276,2051585.387
G100000408558,S1,lifetime,central,30,-19234228.68,-10281779.106
G100000408558,S1,lifetime,low,25,-17075643.83,-8123194.256
G100000408558,S1,lifetime,high,40,-22508278.943,-13555829.369
G100000408558,S1,capacity_factor,central,0.7257,-19234228.68,-10281779.106
G100000408558,S1,capacity_factor,low,0.3629,-9618439.56,-5141597.959
G100000408558,S1,capacity_factor,high,0.7257,-19234228.68,-10281779.106
G100000408558,S1,efficiency,central,0.55,-19234228.68,-10281779.106
G100000408558,S1,efficiency,low,0.511,-17443731.383,-9147797.485
G100000408558,S1,efficiency,high,0.589,-20787614.284,-11265589.988
G100000408558,S1,emission_factor,central,56100.0,-19234228.68,-10281779.106
G100000408558,S1,emission_factor,low,54300.0,-19986801.654,-10758408.657
G100000408558,S1,emission_factor,high,58300.0,-18314055.233,-9699002.59
G100000408558,S2,lifetime,central,30,-14107118.853,-5154669.279
G100000408558,S2,lifetime,low,25,-14017581.366,-5065131.792
G100000408558,S2,lifetime,high,40,-12389766.074,-3437316.5
G100000408558,S2,capacity_factor,central,0.7257,-14107118.853,-5154669.279
G100000408558,S2,capacity_factor,low,0.3629,-7054531.392,-2577689.791
G100000408558,S2,capacity_factor,high,0.7257,-14107118.853,-5154669.279
G100000408558,S2,efficiency,central,0.55,-14107118.853,-5154669.279
G100000408558,S2,efficiency,low,0.511,-12316621.551,-4020687.653
G100000408558,S2,efficiency,high,0.589,-15660504.455,-6138480.159
G100000408558,S2,emission_factor,central,56100.0,-14107118.853,-5154669.279
G100000408558,S2,emission_factor,low,54300.0,-14859691.823,-5631298.826
G100000408558,S2,emission_factor,high,58300.0,-13186945.401,-4571892.758
