gem_unit_id,gem_location_id,country,country_name,plant_name,unit_name,gem_type,fuel_type,fuel_detail,technology,capacity_mw,status,start_year,retired_year,operator,owner,parent,latitude,longitude,capacity_factor,heat_rate_mj_per_kwh,gem_emission_factor_kgco2_per_tj,wiki_url,matched_companies,source_id,source_file
G100000811471,L100000809137,AE,United Arab Emirates,Al Ajban PV solar farm,--,utility-scale solar,solar,,PV,1500.0,construction,2026,,Masdar Clean Energy; Korea Western Power; EDF Renewables,Korea Western Power Co Ltd [20%]; EDF Renewables [20%]; Masdar Clean Energy [60%],,24.5696,55.2786,,,,https://www.gem.wiki/Al_Ajban_PV_solar_farm,kowepo,gem_global_integrated_power_tracker,gem_global_integrated_power_2026_08_v3.xlsx
G100000405012,L100000405577,AE,United Arab Emirates,Fujairah F2 Integrated Water and power plant,1,oil/gas,gas,fossil gas: natural gas,combined cycle,867.0,operating,2011,2031,,Fujairah Asia Power Company PJSC [100%],Abu Dhabi National Energy Company PJSC [60.0%]; ENGIE SA [20.0%]; Marubeni Corp [20.0%],25.301931,56.370353,,,,https://www.gem.wiki/Fujairah_F2_Integrated_Water_and_power_plant,marubeni,gem_global_integrated_power_tracker,gem_global_integrated_power_2026_08_v3.xlsx
G100000405013,L100000405577,AE,United Arab Emirates,Fujairah F2 Integrated Water and power plant,2,oil/gas,gas,fossil gas: natural gas,combined cycle,432.0,operating,2011,2031,,Fujairah Asia Power Company PJSC [100%],Abu Dhabi National Energy Company PJSC [60.0%]; ENGIE SA [20.0%]; Marubeni Corp [20.0%],25.301931,56.370353,,,,https://www.gem.wiki/Fujairah_F2_Integrated_Water_and_power_plant,marubeni,gem_global_integrated_power_tracker,gem_global_integrated_power_2026_08_v3.xlsx
G100000405014,L100000405577,AE,United Arab Emirates,Fujairah F2 Integrated Water and power plant,3,oil/gas,gas,fossil gas: natural gas,combined cycle,867.0,operating,2011,2031,,Fujairah Asia Power Company PJSC [100%],Abu Dhabi National Energy Company PJSC [60.0%]; ENGIE SA [20.0%]; Marubeni Corp [20.0%],25.301931,56.370353,,,,https://www.gem.wiki/Fujairah_F2_Integrated_Water_and_power_plant,marubeni,gem_global_integrated_power_tracker,gem_global_integrated_power_2026_08_v3.xlsx
G100000405015,L100000405578,AE,United Arab Emirates,Fujairah F3 Integrated Water and power plant,1,oil/gas,gas,fossil gas: natural gas,combined cycle,2400.0,operating,2025,,F3 Holding,F3 Holding Co [100%],Abu Dhabi Developmental Holding Company PJSC [60.0%]; Marubeni Corp [40.0%],25.301931,56.370353,,,,https://www.gem.wiki/Fujairah_F3_Integrated_Water_and_power_plant,marubeni,gem_global_integrated_power_tracker,gem_global_integrated_power_2026_08_v3.xlsx
G100000405045,L100000405579,AE,United Arab Emirates,Hamriyah IPP power station,1,oil/gas,gas,fossil gas: natural gas,combined cycle,600.0,operating,2021,,Sharjah Hamriyah Independent Power,Sharjah Hamriyah Independent Power Co [100%],General Electric Co [25.0%]; Sharjah Asset Management [25.0%]; Shikoku Electric Power Co Inc [25.0%]; Sumitomo Corp [25.0%],25.459488,55.478473,,,,https://www.gem.wiki/Hamriyah_IPP_power_station,sumitomo_corp;shikoku,gem_global_integrated_power_tracker,gem_global_integrated_power_2026_08_v3.xlsx
G100000405046,L100000405579,AE,United Arab Emirates,Hamriyah IPP power station,2,oil/gas,gas,fossil gas: natural gas,combined cycle,600.0,operating,2023,,Sharjah Hamriyah Independent Power,Sharjah Hamriyah Independent Power Co [100%],General Electric Co [25.0%]; Sharjah Asset Management [25.0%]; Shikoku Electric Power Co Inc [25.0%]; Sumitomo Corp [25.0%],25.459488,55.478473,,,,https://www.gem.wiki/Hamriyah_IPP_power_station,sumitomo_corp;shikoku,gem_global_integrated_power_tracker,gem_global_integrated_power_2026_08_v3.xlsx
G100000405047,L100000405579,AE,United Arab Emirates,Hamriyah IPP power station,3,oil/gas,gas,fossil gas: natural gas,combined cycle,600.0,operating,2023,,Sharjah Hamriyah Independent Power,Sharjah Hamriyah Independent Power Co [100%],General Electric Co [25.0%]; Sharjah Asset Management [25.0%]; Shikoku Electric Power Co Inc [25.0%]; Sumitomo Corp [25.0%],25.459488,55.478473,,,,https://www.gem.wiki/Hamriyah_IPP_power_station,sumitomo_corp;shikoku,gem_global_integrated_power_tracker,gem_global_integrated_power_2026_08_v3.xlsx
G100000405038,L100000405588,AE,United Arab Emirates,Mirfa Independent Water and Power Project,CC,oil/gas,gas,fossil gas: natural gas,combined cycle,1337.0,operating,2017,2042,,Mirfa International Power and Water Company PJSC [100%],Abu Dhabi Water and Electricity Authority [60.0%]; ENGIE SA [20.0%]; Sojitz Corp [20.0%],24.121,53.447,,,,https://www.gem.wiki/Mirfa_Independent_Water_and_Power_Project,sojitz,gem_global_integrated_power_tracker,gem_global_integrated_power_2026_08_v3.xlsx
G100000405039,L100000405588,AE,United Arab Emirates,Mirfa Independent Water and Power Project,1,oil/gas,gas,fossil gas: natural gas,gas turbine,90.0,operating,2017,2042,,Mirfa International Power and Water Company PJSC [100%],Abu Dhabi Water and Electricity Authority [60.0%]; ENGIE SA [20.0%]; Sojitz Corp [20.0%],24.121,53.447,,,,https://www.gem.wiki/Mirfa_Independent_Water_and_Power_Project,sojitz,gem_global_integrated_power_tracker,gem_global_integrated_power_2026_08_v3.xlsx
G100000405040,L100000405588,AE,United Arab Emirates,Mirfa Independent Water and Power Project,2,oil/gas,gas,fossil gas: natural gas,gas turbine,90.0,operating,2017,2042,,Mirfa International Power and Water Company PJSC [100%],Abu Dhabi Water and Electricity Authority [60.0%]; ENGIE SA [20.0%]; Sojitz Corp [20.0%],24.121,53.447,,,,https://www.gem.wiki/Mirfa_Independent_Water_and_Power_Project,sojitz,gem_global_integrated_power_tracker,gem_global_integrated_power_2026_08_v3.xlsx
G100000405041,L100000405588,AE,United Arab Emirates,Mirfa Independent Water and Power Project,3,oil/gas,gas,fossil gas: natural gas,gas turbine,90.0,operating,2017,2042,,Mirfa International Power and Water Company PJSC [100%],Abu Dhabi Water and Electricity Authority [60.0%]; ENGIE SA [20.0%]; Sojitz Corp [20.0%],24.121,53.447,,,,https://www.gem.wiki/Mirfa_Independent_Water_and_Power_Project,sojitz,gem_global_integrated_power_tracker,gem_global_integrated_power_2026_08_v3.xlsx
G100000405042,L100000405588,AE,United Arab Emirates,Mirfa Independent Water and Power Project,4,oil/gas,gas,fossil gas: natural gas,gas turbine,90.0,operating,2017,2042,,Mirfa International Power and Water Company PJSC [100%],Abu Dhabi Water and Electricity Authority [60.0%]; ENGIE SA [20.0%]; Sojitz Corp [20.0%],24.121,53.447,,,,https://www.gem.wiki/Mirfa_Independent_Water_and_Power_Project,sojitz,gem_global_integrated_power_tracker,gem_global_integrated_power_2026_08_v3.xlsx
G100000804694,L100000804102,AE,United Arab Emirates,Noor Abu Dhabi solar farm,--,utility-scale solar,solar,,PV,1177.0,operating,2019,,Sweihan PV Power,Abu Dhabi National Energy Company PJSC [60%]; Marubeni Corp [20%]; Jinko Power Technology Co Ltd [20%],,24.5361,55.4321,,,,https://www.gem.wiki/Noor_Abu_Dhabi_solar_farm,marubeni,gem_global_integrated_power_tracker,gem_global_integrated_power_2026_08_v3.xlsx
G100000405048,L100000405592,AE,United Arab Emirates,Shuweihat S1 power plant,1,oil/gas,gas,fossil gas: natural gas,combined cycle,1615.0,operating,2004,2025,,Shuweihat CMS International Power Company PJSC [100%],Abu Dhabi National Energy Company PJSC [60.0%]; ENGIE SA [20.0%]; Sumitomo Corp [20.0%],24.165085,52.569724,,,,https://www.gem.wiki/Shuweihat_S1_power_plant,sumitomo_corp,gem_global_integrated_power_tracker,gem_global_integrated_power_2026_08_v3.xlsx
G100000405049,L100000405593,AE,United Arab Emirates,Shuweihat S2 power plant,1,oil/gas,gas,"fossil gas: natural gas, fossil liquids: fuel oil",combined cycle,820.5,operating,2011,2036,,Ruwais Power Company PJSC [100%],Abu Dhabi National Energy Company PJSC [54.0%]; ENGIE SA [20.0%]; Marubeni Corp [10.0%]; Osaka Gas Co Ltd [10.0%]; Abu Dhabi Water and Electricity Authority [6.0%],24.156936,52.569199,,,,https://www.gem.wiki/Shuweihat_S2_power_plant,marubeni;osaka_gas,gem_global_integrated_power_tracker,gem_global_integrated_power_2026_08_v3.xlsx
G100000405050,L100000405593,AE,United Arab Emirates,Shuweihat S2 power plant,2,oil/gas,gas,"fossil gas: natural gas, fossil liquids: fuel oil",combined cycle,820.5,operating,2012,2036,,Ruwais Power Company PJSC [100%],Abu Dhabi National Energy Company PJSC [54.0%]; ENGIE SA [20.0%]; Marubeni Corp [10.0%]; Osaka Gas Co Ltd [10.0%]; Abu Dhabi Water and Electricity Authority [6.0%],24.156936,52.569199,,,,https://www.gem.wiki/Shuweihat_S2_power_plant,marubeni;osaka_gas,gem_global_integrated_power_tracker,gem_global_integrated_power_2026_08_v3.xlsx
G100000405051,L100000405594,AE,United Arab Emirates,Shuweihat S3 power plant,1,oil/gas,gas,fossil gas: natural gas,combined cycle,823.5,operating,2014,2039,Shuweihat Asia Power,Sumitomo Corp [45%]; Korea Electric Power Corp [55%],Korea Electric Power Corp [55.0%]; Sumitomo Corp [45.0%],24.1535,52.566208,,,,https://www.gem.wiki/Shuweihat_S3_power_plant,kepco;sumitomo_corp,gem_global_integrated_power_tracker,gem_global_integrated_power_2026_08_v3.xlsx
G100000405052,L100000405594,AE,United Arab Emirates,Shuweihat S3 power plant,2,oil/gas,gas,fossil gas: natural gas,combined cycle,823.5,operating,2014,2039,Shuweihat Asia Power,Sumitomo Corp [45%]; Korea Electric Power Corp [55%],Korea Electric Power Corp [55.0%]; Sumitomo Corp [45.0%],24.1535,52.566208,,,,https://www.gem.wiki/Shuweihat_S3_power_plant,kepco;sumitomo_corp,gem_global_integrated_power_tracker,gem_global_integrated_power_2026_08_v3.xlsx
G100000405055,L100000405597,AE,United Arab Emirates,Taweelah B Power and Desalination Station,Initial B EXT,oil/gas,gas,fossil gas: natural gas,combined cycle,337.9,operating,2001,,,Taweelah Asia Power Company PJSC [100%],Abu Dhabi National Energy Company PJSC [70.0%]; Marubeni Corp [14.0%]; China General Nuclear Power Co Ltd [10.0%]; Kyushu Electric Power Co Inc [6.0%],24.76581,54.686594,,,,https://www.gem.wiki/Taweelah_B_Power_and_Desalination_Station,marubeni;kyushu,gem_global_integrated_power_tracker,gem_global_integrated_power_2026_08_v3.xlsx
G100000405056,L100000405597,AE,United Arab Emirates,Taweelah B Power and Desalination Station,ST11,oil/gas,gas,fossil gas: natural gas,steam turbine,146.0,operating,1997,,,Taweelah Asia Power Company PJSC [100%],Abu Dhabi National Energy Company PJSC [70.0%]; Marubeni Corp [14.0%]; China General Nuclear Power Co Ltd [10.0%]; Kyushu Electric Power Co Inc [6.0%],24.76581,54.686594,,,,https://www.gem.wiki/Taweelah_B_Power_and_Desalination_Station,marubeni;kyushu,gem_global_integrated_power_tracker,gem_global_integrated_power_2026_08_v3.xlsx
G100000405057,L100000405597,AE,United Arab Emirates,Taweelah B Power and Desalination Station,ST21,oil/gas,gas,fossil gas: natural gas,steam turbine,146.0,operating,1997,,,Taweelah Asia Power Company PJSC [100%],Abu Dhabi National Energy Company PJSC [70.0%]; Marubeni Corp [14.0%]; China General Nuclear Power Co Ltd [10.0%]; Kyushu Electric Power Co Inc [6.0%],24.76581,54.686594,,,,https://www.gem.wiki/Taweelah_B_Power_and_Desalination_Station,marubeni;kyushu,gem_global_integrated_power_tracker,gem_global_integrated_power_2026_08_v3.xlsx
G100000405058,L100000405597,AE,United Arab Emirates,Taweelah B Power and Desalination Station,ST31,oil/gas,gas,fossil gas: natural gas,steam turbine,146.0,operating,1997,,,Taweelah Asia Power Company PJSC [100%],Abu Dhabi National Energy Company PJSC [70.0%]; Marubeni Corp [14.0%]; China General Nuclear Power Co Ltd [10.0%]; Kyushu Electric Power Co Inc [6.0%],24.76581,54.686594,,,,https://www.gem.wiki/Taweelah_B_Power_and_Desalination_Station,marubeni;kyushu,gem_global_integrated_power_tracker,gem_global_integrated_power_2026_08_v3.xlsx
G100000405059,L100000405597,AE,United Arab Emirates,Taweelah B Power and Desalination Station,ST41,oil/gas,gas,fossil gas: natural gas,steam turbine,146.0,operating,1997,,,Taweelah Asia Power Company PJSC [100%],Abu Dhabi National Energy Company PJSC [70.0%]; Marubeni Corp [14.0%]; China General Nuclear Power Co Ltd [10.0%]; Kyushu Electric Power Co Inc [6.0%],24.76581,54.686594,,,,https://www.gem.wiki/Taweelah_B_Power_and_Desalination_Station,marubeni;kyushu,gem_global_integrated_power_tracker,gem_global_integrated_power_2026_08_v3.xlsx
G100000405060,L100000405597,AE,United Arab Emirates,Taweelah B Power and Desalination Station,ST51,oil/gas,gas,fossil gas: natural gas,steam turbine,146.0,operating,1997,,,Taweelah Asia Power Company PJSC [100%],Abu Dhabi National Energy Company PJSC [70.0%]; Marubeni Corp [14.0%]; China General Nuclear Power Co Ltd [10.0%]; Kyushu Electric Power Co Inc [6.0%],24.76581,54.686594,,,,https://www.gem.wiki/Taweelah_B_Power_and_Desalination_Station,marubeni;kyushu,gem_global_integrated_power_tracker,gem_global_integrated_power_2026_08_v3.xlsx
G100000405061,L100000405597,AE,United Arab Emirates,Taweelah B Power and Desalination Station,ST61,oil/gas,gas,fossil gas: natural gas,steam turbine,146.0,operating,1997,,,Taweelah Asia Power Company PJSC [100%],Abu Dhabi National Energy Company PJSC [70.0%]; Marubeni Corp [14.0%]; China General Nuclear Power Co Ltd [10.0%]; Kyushu Electric Power Co Inc [6.0%],24.76581,54.686594,,,,https://www.gem.wiki/Taweelah_B_Power_and_Desalination_Station,marubeni;kyushu,gem_global_integrated_power_tracker,gem_global_integrated_power_2026_08_v3.xlsx
G100000405062,L100000405597,AE,United Arab Emirates,Taweelah B Power and Desalination Station,New B EXT,oil/gas,gas,fossil gas: natural gas,combined cycle,1041.0,operating,2008,,,Taweelah Asia Power Company PJSC [100%],Abu Dhabi National Energy Company PJSC [70.0%]; Marubeni Corp [14.0%]; China General Nuclear Power Co Ltd [10.0%]; Kyushu Electric Power Co Inc [6.0%],24.76581,54.686594,,,,https://www.gem.wiki/Taweelah_B_Power_and_Desalination_Station,marubeni;kyushu,gem_global_integrated_power_tracker,gem_global_integrated_power_2026_08_v3.xlsx
G100000410458,L100000405598,AE,United Arab Emirates,Umm Al Nar West and East Integrated Water and power plant,CC1,oil/gas,gas,fossil gas: natural gas,combined cycle,1706.0,operating,2007,2027,Arabian Power Company,Engie Energie Services SA [20%]; Abu Dhabi National Energy Company PJSC [60%]; JERA Co Inc [20%],Abu Dhabi National Energy Company PJSC [60.0%]; ENGIE SA [20.0%]; Chubu Electric Power Co Inc [10.0%]; Tokyo Electric Power Co [10.0%],24.434804,54.487617,,,,https://www.gem.wiki/Umm_Al_Nar_West_and_East_Integrated_Water_and_power_plant,jera,gem_global_integrated_power_tracker,gem_global_integrated_power_2026_08_v3.xlsx
G100001051535,L100001045734,AE,United Arab Emirates,Zarraf Solar PV farm,--,utility-scale solar,solar,,PV,1500.0,pre-construction,,,EDF Power Solutions; Korea Western Power,EDF Power Solutions [20%]; Korea Western Power Co Ltd [20%]; Emirates Water and Electricity Company PJSC [60%],,23.7239,54.1989,,,,https://www.gem.wiki/Zarraf_Solar_PV_farm,kowepo,gem_global_integrated_power_tracker,gem_global_integrated_power_2026_08_v3.xlsx
G100000923767,L100000919284,AL,Albania,Karaburun Eurus wind farm,--,wind,wind,,Onshore,10.0,cancelled - inferred 4 y,,,,Eurus Energy [100%],,40.4667,19.4845,,,,https://www.gem.wiki/Karaburun_Eurus_wind_farm,toyota_tsusho,gem_global_integrated_power_tracker,gem_global_integrated_power_2026_08_v3.xlsx
G100000407060,L100000406735,AO,Angola,Lobito power station,1-1,oil/gas,gas,fossil gas: natural gas,combined cycle,375.0,pre-construction,2027,,,Busan Korea Biotechnology Co Ltd [25%]; Hyundai Engineering Co Ltd [25%]; Beltec Engenharia e Serviços Ltda [25%]; Korea Southern Power Co Ltd [25%],Beltec Engenharia e Serviços Ltda [25.0%]; Busan Korea Biotechnology Co Ltd [25.0%]; Korea Electric Power Corp [25.0%]; Hyundai Engineering & Construction Co Ltd [9.7%]; small shareholder(s) [4.8%]; natural person(s) [2.9%]; Hyundai Glovis Co Ltd [2.9%]; Hyundai Mobis Co Ltd [2.3%]; Kia Corp [2.3%],-12.366489,13.532781,,,,https://www.gem.wiki/Lobito_power_station,kepco;kospo;hyundai_ec;hyundai_engineering,gem_global_integrated_power_tracker,gem_global_integrated_power_2026_08_v3.xlsx
G100000407061,L100000406735,AO,Angola,Lobito power station,1-2,oil/gas,gas,fossil gas: natural gas,combined cycle,375.0,pre-construction,2029,,,Busan Korea Biotechnology Co Ltd [25%]; Hyundai Engineering Co Ltd [25%]; Beltec Engenharia e Serviços Ltda [25%]; Korea Southern Power Co Ltd [25%],Beltec Engenharia e Serviços Ltda [25.0%]; Busan Korea Biotechnology Co Ltd [25.0%]; Korea Electric Power Corp [25.0%]; Hyundai Engineering & Construction Co Ltd [9.7%]; small shareholder(s) [4.8%]; natural person(s) [2.9%]; Hyundai Glovis Co Ltd [2.9%]; Hyundai Mobis Co Ltd [2.3%]; Kia Corp [2.3%],-12.366489,13.532781,,,,https://www.gem.wiki/Lobito_power_station,kepco;kospo;hyundai_ec;hyundai_engineering,gem_global_integrated_power_tracker,gem_global_integrated_power_2026_08_v3.xlsx
G100000907500,L100000905494,AR,Argentina,Los Hercules wind farm,--,wind,wind,,Onshore,97.0,operating,2021,,Total Eren,Mitsui & Co Ltd [34%]; Total Eren SA [66%],,-46.6343,-68.3925,,,,https://www.gem.wiki/Los_Hercules_wind_farm,mitsui,gem_global_integrated_power_tracker,gem_global_integrated_power_2026_08_v3.xlsx
G100000409774,L100000407540,AU,Australia,Barrow Island LNG power station,5,oil/gas,gas,fossil gas: natural gas,gas turbine,118.0,operating,2015,,,Chevron Corp [47%]; Shell PLC [25%]; Exxon Mobil Corp [25%]; Osaka Gas Co Ltd [1%]; unknown [1%],Chevron Corp [47.3%]; Exxon Mobil Corp [25.0%]; Shell PLC [25.0%]; unknown [1.4%]; Osaka Gas Co Ltd [1.2%],-20.77708,115.461583,,,,https://www.gem.wiki/Barrow_Island_LNG_power_station,osaka_gas,gem_global_integrated_power_tracker,gem_global_integrated_power_2026_08_v3.xlsx
G100000409775,L100000407540,AU,Australia,Barrow Island LNG power station,4,oil/gas,gas,fossil gas: natural gas,gas turbine,118.0,operating,2015,,,Chevron Corp [47%]; Shell PLC [25%]; Exxon Mobil Corp [25%]; Osaka Gas Co Ltd [1%]; unknown [1%],Chevron Corp [47.3%]; Exxon Mobil Corp [25.0%]; Shell PLC [25.0%]; unknown [1.4%]; Osaka Gas Co Ltd [1.2%],-20.77708,115.461583,,,,https://www.gem.wiki/Barrow_Island_LNG_power_station,osaka_gas,gem_global_integrated_power_tracker,gem_global_integrated_power_2026_08_v3.xlsx
G100000409776,L100000407540,AU,Australia,Barrow Island LNG power station,3,oil/gas,gas,fossil gas: natural gas,gas turbine,118.0,operating,2015,,,Chevron Corp [47%]; Shell PLC [25%]; Exxon Mobil Corp [25%]; Osaka Gas Co Ltd [1%]; unknown [1%],Chevron Corp [47.3%]; Exxon Mobil Corp [25.0%]; Shell PLC [25.0%]; unknown [1.4%]; Osaka Gas Co Ltd [1.2%],-20.77708,115.461583,,,,https://www.gem.wiki/Barrow_Island_LNG_power_station,osaka_gas,gem_global_integrated_power_tracker,gem_global_integrated_power_2026_08_v3.xlsx
G100000409777,L100000407540,AU,Australia,Barrow Island LNG power station,2,oil/gas,gas,fossil gas: natural gas,gas turbine,118.0,operating,2015,,,Chevron Corp [47%]; Shell PLC [25%]; Exxon Mobil Corp [25%]; Osaka Gas Co Ltd [1%]; unknown [1%],Chevron Corp [47.3%]; Exxon Mobil Corp [25.0%]; Shell PLC [25.0%]; unknown [1.4%]; Osaka Gas Co Ltd [1.2%],-20.77708,115.461583,,,,https://www.gem.wiki/Barrow_Island_LNG_power_station,osaka_gas,gem_global_integrated_power_tracker,gem_global_integrated_power_2026_08_v3.xlsx
G100000409778,L100000407540,AU,Australia,Barrow Island LNG power station,1,oil/gas,gas,fossil gas: natural gas,gas turbine,118.0,operating,2015,,,Chevron Corp [47%]; Shell PLC [25%]; Exxon Mobil Corp [25%]; Osaka Gas Co Ltd [1%]; unknown [1%],Chevron Corp [47.3%]; Exxon Mobil Corp [25.0%]; Shell PLC [25.0%]; unknown [1.4%]; Osaka Gas Co Ltd [1.2%],-20.77708,115.461583,,,,https://www.gem.wiki/Barrow_Island_LNG_power_station,osaka_gas,gem_global_integrated_power_tracker,gem_global_integrated_power_2026_08_v3.xlsx
G100000100962,L100000100038,AU,Australia,Bluewaters power station,Unit 1,coal,coal,coal: subbituminous,subcritical,233.0,operating,2009,,,Sumitomo Corp [50%]; Kansai Electric Power Co [50%],Kansai Electric Power Co [50.0%]; Sumitomo Corp [50.0%],-33.332186,116.228023,,,,https://www.gem.wiki/Bluewaters_power_station,sumitomo_corp;kansai,gem_global_integrated_power_tracker,gem_global_integrated_power_2026_08_v3.xlsx
G100000100963,L100000100038,AU,Australia,Bluewaters power station,Unit 2,coal,coal,coal: subbituminous,subcritical,233.0,operating,2009,,,Sumitomo Corp [50%]; Kansai Electric Power Co [50%],Kansai Electric Power Co [50.0%]; Sumitomo Corp [50.0%],-33.332186,116.228023,,,,https://www.gem.wiki/Bluewaters_power_station,sumitomo_corp;kansai,gem_global_integrated_power_tracker,gem_global_integrated_power_2026_08_v3.xlsx
G100000100964,L100000100038,AU,Australia,Bluewaters power station,Unit 3,coal,coal,coal: subbituminous,subcritical,208.0,cancelled,,,,Sumitomo Corp [50%]; Kansai Electric Power Co [50%],Kansai Electric Power Co [50.0%]; Sumitomo Corp [50.0%],-33.332186,116.228023,,,,https://www.gem.wiki/Bluewaters_power_station,sumitomo_corp;kansai,gem_global_integrated_power_tracker,gem_global_integrated_power_2026_08_v3.xlsx
G100000100965,L100000100038,AU,Australia,Bluewaters power station,Unit 4,coal,coal,coal: subbituminous,subcritical,208.0,cancelled,,,,Sumitomo Corp [50%]; Kansai Electric Power Co [50%],Kansai Electric Power Co [50.0%]; Sumitomo Corp [50.0%],-33.332186,116.228023,,,,https://www.gem.wiki/Bluewaters_power_station,sumitomo_corp;kansai,gem_global_integrated_power_tracker,gem_global_integrated_power_2026_08_v3.xlsx
G100001050905,L100001045275,AU,Australia,Bridgeman solar farm,--,utility-scale solar,solar,,Assumed PV,50.0,announced,,,,Mitsubishi Corp,,-32.488,151.152,,,,https://www.gem.wiki/Bridgeman_solar_farm,mitsubishi_corp,gem_global_integrated_power_tracker,gem_global_integrated_power_2026_08_v3.xlsx
G100000806459,L100000805614,AU,Australia,Cape York Solar,--,utility-scale solar,solar,,PV,55.0,cancelled,,,,Lyon Infrastructure; Fluence Energy; JERA Co Inc,,-15.8979,144.8621,,,,https://www.gem.wiki/Cape_York_Solar,jera,gem_global_integrated_power_tracker,gem_global_integrated_power_2026_08_v3.xlsx
G100000927827,L100000922306,AU,Australia,Collinsville Green Energy Hub wind farm,--,wind,wind,,Onshore,1500.0,announced,2031,,,SK Gas Co Ltd; Ark Energy; Korea Zinc Co Ltd; Hanwha Impact,,-20.5428,147.7806,,,,https://www.gem.wiki/Collinsville_Green_Energy_Hub_wind_farm,hanwha_energy,gem_global_integrated_power_tracker,gem_global_integrated_power_2026_08_v3.xlsx
G100000908242,L100000906041,AU,Australia,Coonooer Bridge wind farm,--,wind,wind,,Onshore,20.0,operating,2016,,Eurus Energy,Eurus Energy [100%],,-36.4288,143.3604,,,,https://www.gem.wiki/Coonooer_Bridge_wind_farm,toyota_tsusho,gem_global_integrated_power_tracker,gem_global_integrated_power_2026_08_v3.xlsx
G100000401509,L100000405112,AU,Australia,Dry Creek GT power station,1,oil/gas,gas,fossil gas: natural gas,gas turbine,52.0,operating,1973,2030,,Synergen Power Pty Ltd [100%],ENGIE SA [72.0%]; Mitsui & Co Ltd [28.0%],-34.847484,138.577433,,,,https://www.gem.wiki/Dry_Creek_GT_power_station,mitsui,gem_global_integrated_power_tracker,gem_global_integrated_power_2026_08_v3.xlsx
G100000401510,L100000405112,AU,Australia,Dry Creek GT power station,2,oil/gas,gas,fossil gas: natural gas,gas turbine,52.0,operating,1973,2030,,Synergen Power Pty Ltd [100%],ENGIE SA [72.0%]; Mitsui & Co Ltd [28.0%],-34.847484,138.577433,,,,https://www.gem.wiki/Dry_Creek_GT_power_station,mitsui,gem_global_integrated_power_tracker,gem_global_integrated_power_2026_08_v3.xlsx
G100000401511,L100000405112,AU,Australia,Dry Creek GT power station,3,oil/gas,gas,fossil gas: natural gas,gas turbine,52.0,operating,1973,2030,,Synergen Power Pty Ltd [100%],ENGIE SA [72.0%]; Mitsui & Co Ltd [28.0%],-34.847484,138.577433,,,,https://www.gem.wiki/Dry_Creek_GT_power_station,mitsui,gem_global_integrated_power_tracker,gem_global_integrated_power_2026_08_v3.xlsx
G100000806494,L100000805648,AU,Australia,Edenvale Solar Park,--,utility-scale solar,solar,,PV,204.0,operating,2024,,,Sojitz Corp [50%]; ENEOS Corp [50%],,-26.932,150.5819,,,,https://www.gem.wiki/Edenvale_Solar_Park,sojitz,gem_global_integrated_power_tracker,gem_global_integrated_power_2026_08_v3.xlsx
G100000409789,L100000407546,AU,Australia,Ichthys LNG power station,1,oil/gas,gas,fossil gas: natural gas,combined cycle,490.0,operating,2017,,,Tokyo Gas Co Ltd [1%]; TotalEnergies SE [30%]; CPC Corporation Taiwan [2%]; unknown [3%]; INPEX Corp [62%],INPEX Corp [62.2%]; TotalEnergies SE [30.0%]; unknown [3.6%]; CPC Corporation Taiwan [2.6%]; Tokyo Gas Co Ltd [1.6%],-12.513898,130.918349,,,,https://www.gem.wiki/Ichthys_LNG_power_station,tokyo_gas,gem_global_integrated_power_tracker,gem_global_integrated_power_2026_08_v3.xlsx
G100000831054,L100000827547,AU,Australia,Kennedy Energy Park solar farm,1,utility-scale solar,solar,,PV,15.0,operating,2024,,,Windlab / Eurus [100%],,-20.875,144.4209,,,,https://www.gem.wiki/Kennedy_Energy_Park_solar_farm,toyota_tsusho,gem_global_integrated_power_tracker,gem_global_integrated_power_2026_08_v3.xlsx
G100000908243,L100000906042,AU,Australia,Kennedy Energy Park wind farm,1,wind,wind,,Onshore,43.0,operating,2024,,,Eurus Energy; Windlab Pty Ltd,,-20.924,144.378,,,,https://www.gem.wiki/Kennedy_Energy_Park_wind_farm,toyota_tsusho,gem_global_integrated_power_tracker,gem_global_integrated_power_2026_08_v3.xlsx
G100000908250,L100000906049,AU,Australia,Kidston Renewable Energy Hub wind farm,3,wind,wind,,Onshore,258.0,pre-construction,2026,,,Electric Power Development Co Ltd [50%]; Genex Power [50%],,-27.4714,153.0294,,,,https://www.gem.wiki/Kidston_Renewable_Energy_Hub_wind_farm,jpower,gem_global_integrated_power_tracker,gem_global_integrated_power_2026_08_v3.xlsx
G100000806293,L100000805460,AU,Australia,Kingfisher Solar Storage,--,utility-scale solar,solar,,PV,120.0,cancelled - inferred 4 y,,,First Solar,Lyon Infrastructure; Fluence Energy; JERA Co Inc,,-30.5518,136.8817,,,,https://www.gem.wiki/Kingfisher_Solar_Storage,jera,gem_global_integrated_power_tracker,gem_global_integrated_power_2026_08_v3.xlsx
G100001023266,L100001020414,AU,Australia,Kumbarilla renewable energy park solar farm,--,utility-scale solar,solar,,Assumed PV,100.0,cancelled,,,,Elecseed; Korea Midland Power Co Ltd,,-27.2387,150.8217,,,,https://www.gem.wiki/Kumbarilla_renewable_energy_park_solar_farm,komipo,gem_global_integrated_power_tracker,gem_global_integrated_power_2026_08_v3.xlsx
G100000409792,L100000407607,AU,Australia,Kwinana Refinery cogeneration power station,1,oil/gas,gas,fossil gas: natural gas,combined cycle,119.0,operating,1998,,,ENGIE SA [35%]; Mitsui & Co Ltd [35%]; RATCH-Australia Corporation Pty Ltd [30%],ENGIE SA [35.0%]; Mitsui & Co Ltd [35.0%]; RATCH Group PCL [30.0%],-32.2226,115.7662,,,,https://www.gem.wiki/Kwinana_Refinery_cogeneration_power_station,mitsui,gem_global_integrated_power_tracker,gem_global_integrated_power_2026_08_v3.xlsx
G100000401527,L100000405122,AU,Australia,Mintaro GT power station,1,oil/gas,gas,fossil gas: natural gas,gas turbine,90.0,operating,1990,2030,,Synergen Power Pty Ltd [100%],ENGIE SA [72.0%]; Mitsui & Co Ltd [28.0%],-33.9032,138.7382,,,,https://www.gem.wiki/Mintaro_GT_power_station,mitsui,gem_global_integrated_power_tracker,gem_global_integrated_power_2026_08_v3.xlsx
G100000806460,L100000805615,AU,Australia,Nowingi Solar,--,utility-scale solar,solar,,PV,253.0,cancelled - inferred 4 y,,,,Lyon Infrastructure; Fluence Energy; JERA Co Inc,,-34.4556,142.1487,,,,https://www.gem.wiki/Nowingi_Solar,jera,gem_global_integrated_power_tracker,gem_global_integrated_power_2026_08_v3.xlsx
G100000401536,L100000405128,AU,Australia,Pelican Point power station,1,oil/gas,gas,fossil gas: natural gas,combined cycle,171.0,operating,2001,2037,,Pelican Point Power Ltd [100%],Engie Services Australia & New Zealand Pty Ltd [72.0%]; Mitsui & Co Ltd [28.0%],-34.765425,138.503177,,,,https://www.gem.wiki/Pelican_Point_power_station,mitsui,gem_global_integrated_power_tracker,gem_global_integrated_power_2026_08_v3.xlsx
G100001018523,L100000405128,AU,Australia,Pelican Point power station,2,oil/gas,gas,fossil gas: natural gas,combined cycle,358.0,operating,2001,2037,,Pelican Point Power Ltd [100%],Engie Services Australia & New Zealand Pty Ltd [72.0%]; Mitsui & Co Ltd [28.0%],-34.765425,138.503177,,,,https://www.gem.wiki/Pelican_Point_power_station,mitsui,gem_global_integrated_power_tracker,gem_global_integrated_power_2026_08_v3.xlsx
G100000806461,L100000805616,AU,Australia,Riverland solar farm,--,utility-scale solar,solar,,PV,330.0,cancelled - inferred 4 y,,,,Lyon Infrastructure; Fluence Energy; JERA Co Inc,,-34.0001,139.8001,,,,https://www.gem.wiki/Riverland_solar_farm,jera,gem_global_integrated_power_tracker,gem_global_integrated_power_2026_08_v3.xlsx
G100001050978,L100001045308,AU,Australia,Romani solar farm,--,utility-scale solar,solar,,PV,250.0,pre-construction,2028,,,Samsung C&T Corp,,-34.8772,144.584,,,,https://www.gem.wiki/Samsung_Romani_solar_farm,samsung_ct,gem_global_integrated_power_tracker,gem_global_integrated_power_2026_08_v3.xlsx
G100001050976,L100001045306,AU,Australia,Roy Hill Iron Ore Mine solar farm,--,utility-scale solar,solar,,Assumed PV,30.0,cancelled - inferred 4 y,,,,China Steel Corp [2%]; POSCO Australia Pty Ltd [12%]; Hancock Prospecting Pty Ltd [70%]; Marubeni Corp [15%],,-22.4473,119.926,,,,https://www.gem.wiki/Roy_Hill_Iron_Ore_Mine_solar_farm,marubeni,gem_global_integrated_power_tracker,gem_global_integrated_power_2026_08_v3.xlsx
G100000833175,L100000829386,BD,Bangladesh,Barapkuria solar farm,1,utility-scale solar,solar,,PV,50.0,pre-construction,,,,Parker Bangladesh; Sumitomo Corp,,25.5467,88.9606,,,,https://www.gem.wiki/Barapkuria_solar_farm,sumitomo_corp,gem_global_integrated_power_tracker,gem_global_integrated_power_2026_08_v3.xlsx
G100000106579,L100000100066,BD,Bangladesh,Maheshkhali power station (KEPCO),Unit 1,coal,coal,coal: unknown,ultra-supercritical,660.0,cancelled,2029,,,Korea Electric Power Corp [100%],Korea Electric Power Corp [100.0%],21.632953,91.901935,,,,https://www.gem.wiki/Maheshkhali_power_station_(KEPCO),kepco,gem_global_integrated_power_tracker,gem_global_integrated_power_2026_08_v3.xlsx
G100000113487,L100000100066,BD,Bangladesh,Maheshkhali power station (KEPCO),Unit 2,coal,coal,coal: unknown,ultra-supercritical,660.0,cancelled,2029,,,Korea Electric Power Corp [100%],Korea Electric Power Corp [100.0%],21.632953,91.901935,,,,https://www.gem.wiki/Maheshkhali_power_station_(KEPCO),kepco,gem_global_integrated_power_tracker,gem_global_integrated_power_2026_08_v3.xlsx
G100000400851,L100000406360,BD,Bangladesh,Matarbari LNG power station,1,oil/gas,gas,fossil gas: LNG,combined cycle,600.0,cancelled,,,,CPGCBL & Mitsui JV JV [100%],Coal Power Generation Company Bangladesh Ltd [50.0%]; Mitsui & Co Ltd [50.0%],21.728078,91.889577,,,,https://www.gem.wiki/Matarbari_LNG_power_station,mitsui,gem_global_integrated_power_tracker,gem_global_integrated_power_2026_08_v3.xlsx
G100000400843,L100000406361,BD,Bangladesh,Matarbari Summit power station,1,oil/gas,gas,fossil gas: LNG,combined cycle,600.0,cancelled - inferred 4 y,,,,Summit-Mitsubishi-GE JV JV [100%],General Electric Co [33.3%]; Mitsubishi Corp [33.3%]; Summit Power International Ltd [33.3%],21.58341,91.929468,,,,https://www.gem.wiki/Matarbari_Summit_power_station,mitsubishi_corp,gem_global_integrated_power_tracker,gem_global_integrated_power_2026_08_v3.xlsx
G100000400844,L100000406361,BD,Bangladesh,Matarbari Summit power station,2,oil/gas,gas,fossil gas: LNG,combined cycle,600.0,cancelled - inferred 4 y,,,,Summit-Mitsubishi-GE JV JV [100%],General Electric Co [33.3%]; Mitsubishi Corp [33.3%]; Summit Power International Ltd [33.3%],21.58341,91.929468,,,,https://www.gem.wiki/Matarbari_Summit_power_station,mitsubishi_corp,gem_global_integrated_power_tracker,gem_global_integrated_power_2026_08_v3.xlsx
G100000400845,L100000406361,BD,Bangladesh,Matarbari Summit power station,3,oil/gas,gas,fossil gas: LNG,combined cycle,600.0,cancelled - inferred 4 y,,,,Summit-Mitsubishi-GE JV JV [100%],General Electric Co [33.3%]; Mitsubishi Corp [33.3%]; Summit Power International Ltd [33.3%],21.58341,91.929468,,,,https://www.gem.wiki/Matarbari_Summit_power_station,mitsubishi_corp,gem_global_integrated_power_tracker,gem_global_integrated_power_2026_08_v3.xlsx
G100000400846,L100000406361,BD,Bangladesh,Matarbari Summit power station,4,oil/gas,gas,fossil gas: LNG,combined cycle,600.0,cancelled - inferred 4 y,,,,Summit-Mitsubishi-GE JV JV [100%],General Electric Co [33.3%]; Mitsubishi Corp [33.3%]; Summit Power International Ltd [33.3%],21.58341,91.929468,,,,https://www.gem.wiki/Matarbari_Summit_power_station,mitsubishi_corp,gem_global_integrated_power_tracker,gem_global_integrated_power_2026_08_v3.xlsx
G100000113489,L100000100072,BD,Bangladesh,Pekua power station,Phase I Unit 1,coal,coal,coal: unknown,ultra-supercritical,650.0,cancelled,2025,,,Mitsui & Co Ltd [100%],Mitsui & Co Ltd [100.0%],21.813814,91.939525,,,,https://www.gem.wiki/Pekua_power_station,mitsui,gem_global_integrated_power_tracker,gem_global_integrated_power_2026_08_v3.xlsx
G100000113490,L100000100072,BD,Bangladesh,Pekua power station,Phase I Unit 2,coal,coal,coal: unknown,ultra-supercritical,650.0,cancelled,2025,,,Mitsui & Co Ltd [100%],Mitsui & Co Ltd [100.0%],21.813814,91.939525,,,,https://www.gem.wiki/Pekua_power_station,mitsui,gem_global_integrated_power_tracker,gem_global_integrated_power_2026_08_v3.xlsx
G100000115101,L100000100072,BD,Bangladesh,Pekua power station,Phase II Unit 1,coal,coal,coal: unknown,ultra-supercritical,650.0,cancelled,2030,,,Mitsui & Co Ltd [100%],Mitsui & Co Ltd [100.0%],21.813814,91.939525,,,,https://www.gem.wiki/Pekua_power_station,mitsui,gem_global_integrated_power_tracker,gem_global_integrated_power_2026_08_v3.xlsx
G100000115102,L100000100072,BD,Bangladesh,Pekua power station,Phase II Unit 2,coal,coal,coal: unknown,ultra-supercritical,650.0,cancelled,2030,,,Mitsui & Co Ltd [100%],Mitsui & Co Ltd [100.0%],21.813814,91.939525,,,,https://www.gem.wiki/Pekua_power_station,mitsui,gem_global_integrated_power_tracker,gem_global_integrated_power_2026_08_v3.xlsx
G100000400848,L100000406357,BD,Bangladesh,Reliance Meghnaghat power station,1,oil/gas,gas,fossil gas: natural gas,combined cycle,750.0,mothballed,2025,,,JERA Co Inc [100%],Chubu Electric Power Co Inc [50.0%]; Tokyo Electric Power Co [50.0%],23.607983,90.596336,,,,https://www.gem.wiki/Reliance_Meghnaghat_power_station,jera,gem_global_integrated_power_tracker,gem_global_integrated_power_2026_08_v3.xlsx
G100000919680,L100000915931,BE,Belgium,Belwind Offshore Wind Project,1,wind,wind,,Offshore hard mount,165.0,operating,2010,,Belwind,Parkwind NV [41%]; Sumitomo Corp [39%]; Meewind [20%],,51.6484,2.8349,,,,https://www.gem.wiki/Belwind_Offshore_Wind_Project,sumitomo_corp,gem_global_integrated_power_tracker,gem_global_integrated_power_2026_08_v3.xlsx
G100000409989,L100000407650,BE,Belgium,Manage Seneffe power station,1,oil/gas,gas,fossil gas: natural gas,combined cycle,870.0,cancelled,,,,Eneco NV [100%],Mitsubishi Corp [80.0%]; Chubu Electric Power Co Inc [20.0%],50.509809,4.253731,,,,https://www.gem.wiki/Manage_Seneffe_power_station,mitsubishi_corp,gem_global_integrated_power_tracker,gem_global_integrated_power_2026_08_v3.xlsx
G100000919685,L100000915935,BE,Belgium,Nobelwind Offshore Wind Project,--,wind,wind,,Offshore hard mount,165.0,operating,2017,,Vestas; Mitsubishi Heavy Industries,Meewind [19%]; Parkwind NV [41%]; Sumitomo Corp [39%],,51.6455,2.8389,,,,https://www.gem.wiki/Nobelwind_Offshore_Wind_Project,sumitomo_corp,gem_global_integrated_power_tracker,gem_global_integrated_power_2026_08_v3.xlsx
G100000919772,L100000916008,BE,Belgium,The Northwester 2 Offshore Wind Project,--,wind,wind,,Offshore hard mount,219.0,operating,2020,,Parkwind,Parkwind NV [70%]; Sumitomo Corp [30%],,51.686,2.757,,,,https://www.gem.wiki/The_Northwester_2_Offshore_Wind_Project,sumitomo_corp,gem_global_integrated_power_tracker,gem_global_integrated_power_2026_08_v3.xlsx
G100000806851,L100000805950,BG,Bulgaria,ASM PV solar farm,--,utility-scale solar,solar,,PV,21.0,operating,2012,,Korea South-East Power; SDN,Korea South-East Power Co Ltd [50%]; SDN Co Ltd [50%],,43.125,25.5455,,,,https://www.gem.wiki/ASM_PV_solar_farm,koen,gem_global_integrated_power_tracker,gem_global_integrated_power_2026_08_v3.xlsx
G100000917135,L100000913791,BG,Bulgaria,Kaliakra Cape wind farm,--,wind,wind,,Onshore,35.0,operating,2008,,Inos; Mitsubishi Heavy Industries; Mitsubishi Power Systems Europe,Mitsubishi Heavy Industries Ltd [100%],,43.3917,28.4497,,,,https://www.gem.wiki/Kaliakra_Cape_wind_farm,mhi,gem_global_integrated_power_tracker,gem_global_integrated_power_2026_08_v3.xlsx
G100000806840,L100000805942,BG,Bulgaria,PES PV solar farm,--,utility-scale solar,solar,,PV,21.0,operating,2012,,RES,Korea South-East Power Co Ltd [50%]; SDN Co Ltd [50%],,43.0214,25.8943,,,,https://www.gem.wiki/PES_PV_solar_farm,koen,gem_global_integrated_power_tracker,gem_global_integrated_power_2026_08_v3.xlsx
G100000919639,L100000915894,BG,Bulgaria,Sliven wind farm,--,wind,wind,,Onshore,150.0,cancelled - inferred 4 y,,,,Mitsubishi Corporation Energy Solutions Ltd; Dei Energy,,42.6818,26.3154,,,,https://www.gem.wiki/Sliven_wind_farm,mitsubishi_corp,gem_global_integrated_power_tracker,gem_global_integrated_power_2026_08_v3.xlsx
G100000404589,L100000405457,BH,Bahrain,Al Hidd Power and Water Station,1,oil/gas,gas,fossil gas: natural gas,combined cycle,987.0,operating,2003,,,ACWA Power Co [30%]; Hidd Power Company BSC [70%],ACWA Power Co [30.0%]; Malakoff Corporation Bhd [28.0%]; ENGIE SA [21.0%]; Sumitomo Corp [21.0%],26.2223,50.6621,,,,https://www.gem.wiki/Al_Hidd_Power_and_Water_Station,sumitomo_corp,gem_global_integrated_power_tracker,gem_global_integrated_power_2026_08_v3.xlsx
G100000404586,L100000405454,BH,Bahrain,Al-Dur Power and Water Station,2-1,oil/gas,gas,fossil gas: natural gas,combined cycle,750.0,operating,2022,,NOMAC,ACWA Power Co [60%]; Almoayyed Contracting Group WLL [10%]; Mitsui & Co Ltd [30%],ACWA Power Co [60.0%]; Mitsui & Co Ltd [30.0%]; Y. K. Almoayyed & Sons BSC [10.0%],25.969278,50.608007,,,,https://www.gem.wiki/Al-Dur_Power_and_Water_Station,mitsui,gem_global_integrated_power_tracker,gem_global_integrated_power_2026_08_v3.xlsx
G100000411179,L100000405454,BH,Bahrain,Al-Dur Power and Water Station,2-2,oil/gas,gas,fossil gas: natural gas,combined cycle,750.0,operating,2022,,NOMAC,ACWA Power Co [60%]; Almoayyed Contracting Group WLL [10%]; Mitsui & Co Ltd [30%],ACWA Power Co [60.0%]; Mitsui & Co Ltd [30.0%]; Y. K. Almoayyed & Sons BSC [10.0%],25.969278,50.608007,,,,https://www.gem.wiki/Al-Dur_Power_and_Water_Station,mitsui,gem_global_integrated_power_tracker,gem_global_integrated_power_2026_08_v3.xlsx
G100001021618,L100001019173,BJ,Benin,Pobè solar farm,--,utility-scale solar,solar,,PV,25.0,construction,,,Beninese Electricity Production CO.,Toyota Tsusho Corp,,6.9887,2.66,,,,https://www.gem.wiki/Pobè_solar_farm,toyota_tsusho,gem_global_integrated_power_tracker,gem_global_integrated_power_2026_08_v3.xlsx
G100001095198,L100001083914,BN,Brunei,Lumut Cogen power station,1,oil/gas,gas,fossil gas: natural gas,gas turbine,246.0,operating,1987,,,Brunei LNG Sdn Bhd [33%]; Brunei Shell Petroleum Company Sdn Bhd [33%]; Government of Brunei [33%],Government of Brunei [66.6%]; Shell PLC [25.0%]; Mitsubishi Corp [8.3%],4.6654,114.4646,,,,https://www.gem.wiki/Lumut_Cogen_power_station,mitsubishi_corp,gem_global_integrated_power_tracker,gem_global_integrated_power_2026_08_v3.xlsx
G100000600287,L100000600287,BR,Brazil,Jirau hydroelectric plant,,hydropower,hydro,,run-of-river,3750.0,operating,2013,,Energia Sustentável Do Brasil,Mitsui & Co Ltd [20%]; Eletrobras Eletrosul [20%]; Companhia Hidro Elétrica do São Francisco SA (CHESF) [20%]; Engie Brasil Energia SA [40%],,-9.2675,-64.6461,,,,https://www.gem.wiki/Jirau_hydroelectric_plant,mitsui,gem_global_integrated_power_tracker,gem_global_integrated_power_2026_08_v3.xlsx
G100000406790,L100000406514,BR,Brazil,Litos power station,1,oil/gas,gas,fossil gas: LNG,combined cycle,2636.0,shelved - inferred 2 y,,,,Litos Energia Ltda [100%],Grupo Vale Azul Participações [50.0%]; Mitsubishi Power Americas Inc [33.3%]; Vale Azul Energia Ltda [16.6%],-22.350212,-41.87392,,,,https://www.gem.wiki/Litos_power_station,mhi,gem_global_integrated_power_tracker,gem_global_integrated_power_2026_08_v3.xlsx
G100000406791,L100000406514,BR,Brazil,Litos power station,4,oil/gas,gas,fossil gas: LNG,combined cycle,660.0,shelved - inferred 2 y,,,,Litos Energia Ltda [100%],Grupo Vale Azul Participações [50.0%]; Mitsubishi Power Americas Inc [33.3%]; Vale Azul Energia Ltda [16.6%],-22.350212,-41.87392,,,,https://www.gem.wiki/Litos_power_station,mhi,gem_global_integrated_power_tracker,gem_global_integrated_power_2026_08_v3.xlsx
G100000406792,L100000406514,BR,Brazil,Litos power station,3,oil/gas,gas,fossil gas: LNG,combined cycle,660.0,shelved - inferred 2 y,,,,Litos Energia Ltda [100%],Grupo Vale Azul Participações [50.0%]; Mitsubishi Power Americas Inc [33.3%]; Vale Azul Energia Ltda [16.6%],-22.350212,-41.87392,,,,https://www.gem.wiki/Litos_power_station,mhi,gem_global_integrated_power_tracker,gem_global_integrated_power_2026_08_v3.xlsx
G100000406793,L100000406514,BR,Brazil,Litos power station,2,oil/gas,gas,fossil gas: LNG,combined cycle,1318.0,shelved - inferred 2 y,,,,Litos Energia Ltda [100%],Grupo Vale Azul Participações [50.0%]; Mitsubishi Power Americas Inc [33.3%]; Vale Azul Energia Ltda [16.6%],-22.350212,-41.87392,,,,https://www.gem.wiki/Litos_power_station,mhi,gem_global_integrated_power_tracker,gem_global_integrated_power_2026_08_v3.xlsx
G100000406788,L100000406512,BR,Brazil,Marlim Azul power station,1,oil/gas,gas,fossil gas: LNG,combined cycle,565.0,operating,2023,,,Arke Energia SA [100%],Pátria Investments Ltd [50.1%]; Shell PLC [29.9%]; Mitsubishi Corp [20.0%],-22.35944,-41.874453,,,,https://www.gem.wiki/Marlim_Azul_power_station,mitsubishi_corp,gem_global_integrated_power_tracker,gem_global_integrated_power_2026_08_v3.xlsx
G100001033657,L100001028386,CA,Canada,Drumheller solar project,--,utility-scale solar,solar,,Assumed PV,12.5,operating,2023,,,Samsung C&T Corp,,51.4434,-112.6667,,,,https://www.gem.wiki/Drumheller_solar_project,samsung_ct,gem_global_integrated_power_tracker,gem_global_integrated_power_2026_08_v3.xlsx
G100000909359,L100000906953,CA,Canada,East Lake St. Clair wind farm,--,wind,wind,,Onshore,99.0,operating,2013,,Engie North America,Mitsui & Co Ltd; ENGIE SA; Axium Infrastructure Inc,,42.5597,-82.3897,,,,https://www.gem.wiki/East_Lake_St._Clair_wind_farm,mitsui,gem_global_integrated_power_tracker,gem_global_integrated_power_2026_08_v3.xlsx
G100000909362,L100000906956,CA,Canada,Erieau wind farm,--,wind,wind,,Onshore,99.0,operating,2013,,Engie North America,Mitsui & Co Ltd; ENGIE SA; Axium Infrastructure Inc,,42.3604,-81.9739,,,,https://www.gem.wiki/Erieau_wind_farm,mitsui,gem_global_integrated_power_tracker,gem_global_integrated_power_2026_08_v3.xlsx
G100000908900,L100000906599,CA,Canada,Harrow wind farm,--,wind,wind,,Onshore,40.0,operating,2010,,Engie North America,Mitsui & Co Ltd; ENGIE SA; Axium Infrastructure Inc,,42.044,-82.9869,,,,https://www.gem.wiki/Harrow_wind_farm,mitsui,gem_global_integrated_power_tracker,gem_global_integrated_power_2026_08_v3.xlsx
G100000908654,L100000906382,CA,Canada,Plateau wind farm,--,wind,wind,,Onshore,18.0,operating,2012,,Engie North America,Mitsui & Co Ltd; ENGIE SA; Axium Infrastructure Inc,,44.2463,-80.3945,,,,https://www.gem.wiki/Plateau_wind_farm,mitsui,gem_global_integrated_power_tracker,gem_global_integrated_power_2026_08_v3.xlsx
G100000908980,L100000906664,CA,Canada,Pointes Aux Roches wind farm,--,wind,wind,,Onshore,49.0,operating,2011,,Engie North America,Mitsui & Co Ltd; ENGIE SA; Axium Infrastructure Inc,,42.2801,-82.6204,,,,https://www.gem.wiki/Pointes_Aux_Roches_wind_farm,mitsui,gem_global_integrated_power_tracker,gem_global_integrated_power_2026_08_v3.xlsx
G100000404229,L100000405258,CA,Canada,Whitby cogeneration station,1,oil/gas,gas,fossil gas: natural gas,gas turbine,50.0,operating,1998,,,Whitby Cogeneration LP [100%],Constellation Energy Corp [50.0%]; Mitsui & Co Ltd [50.0%],43.8594,-78.9033,,,,https://www.gem.wiki/Whitby_cogeneration_station,mitsui,gem_global_integrated_power_tracker,gem_global_integrated_power_2026_08_v3.xlsx
G100000101634,L100000100183,CL,Chile,Cochrane power station,Unit 1,coal,coal,coal: unknown,subcritical,275.0,operating,2016,2040,,Empresa Eléctrica Cochrane SpA [100%],AES Corp [56.4%]; DL Holdings [28.0%]; Daelim Co Ltd [12.0%]; small shareholder(s) [0.6%],-23.0630274,-70.3661289,,,,https://www.gem.wiki/Cochrane_power_station,dl_enc,gem_global_integrated_power_tracker,gem_global_integrated_power_2026_08_v3.xlsx
G100000101635,L100000100183,CL,Chile,Cochrane power station,Unit 2,coal,coal,coal: unknown,subcritical,275.0,operating,2016,2040,,Empresa Eléctrica Cochrane SpA [100%],AES Corp [56.4%]; DL Holdings [28.0%]; Daelim Co Ltd [12.0%]; small shareholder(s) [0.6%],-23.0630274,-70.3661289,,,,https://www.gem.wiki/Cochrane_power_station,dl_enc,gem_global_integrated_power_tracker,gem_global_integrated_power_2026_08_v3.xlsx
G100000808947,L100000807437,CL,Chile,S4 Solar Power Plant,--,utility-scale solar,solar,,PV,98.0,operating,2019,,Sojitz,Sojitz Corp [100%],,-21.135,-69.466,,,,https://www.gem.wiki/S4_Solar_Power_Plant,sojitz,gem_global_integrated_power_tracker,gem_global_integrated_power_2026_08_v3.xlsx
G100000837841,L100000832294,CL,Chile,Teno solar farm,--,utility-scale solar,solar,,PV,9.0,operating,,,,Eurus Energy [100%],,-34.87,-71.1394,,,,https://www.gem.wiki/Teno_solar_farm,toyota_tsusho,gem_global_integrated_power_tracker,gem_global_integrated_power_2026_08_v3.xlsx
G100000837859,L100000832312,CL,Chile,Yungay solar farm,--,utility-scale solar,solar,,PV,9.0,construction,,,,Eurus Energy [100%],,-37.0921,-71.9958,,,,https://www.gem.wiki/Yungay_solar_farm,toyota_tsusho,gem_global_integrated_power_tracker,gem_global_integrated_power_2026_08_v3.xlsx
G100000111116,L100000101467,CN,China,Heshun power station,Unit 1,coal,coal,coal: waste coal,unknown,350.0,cancelled,,,,Shanxi Lu'an Group Xingguang Coal Power Co Ltd [100%],Shanxi State-Owned Capital Investment and Operation Co Ltd [70.9%]; KEPCO Shanxi International [13.6%]; Lu'an Chemical Group Co Ltd [5.1%]; Electric Power Development Co Ltd [2.8%]; Shanxi Gemeng International Energy Group Co Ltd [2.8%]; KEPCO Woori Sprott Global Private Equity Fund [1.6%]; Korea Electric Power Corp [1.6%]; unknown [1.6%],37.36086,113.620595,,,,https://www.gem.wiki/Heshun_power_station,kepco;jpower,gem_global_integrated_power_tracker,gem_global_integrated_power_2026_08_v3.xlsx
G100000111117,L100000101467,CN,China,Heshun power station,Unit 2,coal,coal,coal: waste coal,unknown,350.0,cancelled,,,,Shanxi Lu'an Group Xingguang Coal Power Co Ltd [100%],Shanxi State-Owned Capital Investment and Operation Co Ltd [70.9%]; KEPCO Shanxi International [13.6%]; Lu'an Chemical Group Co Ltd [5.1%]; Electric Power Development Co Ltd [2.8%]; Shanxi Gemeng International Energy Group Co Ltd [2.8%]; KEPCO Woori Sprott Global Private Equity Fund [1.6%]; Korea Electric Power Corp [1.6%]; unknown [1.6%],37.36086,113.620595,,,,https://www.gem.wiki/Heshun_power_station,kepco;jpower,gem_global_integrated_power_tracker,gem_global_integrated_power_2026_08_v3.xlsx
G100000103885,L100000101468,CN,China,High River power station,Unit 1,coal,coal,coal: waste coal,ultra-supercritical,660.0,operating,2021,,,Shanxi Luguang Power Generation Co Ltd [100%],An Hui Wenergy Co Ltd [50.0%]; Shanxi State-Owned Capital Investment and Operation Co Ltd [21.2%]; KEPCO Shanxi International [17.0%]; Electric Power Development Co Ltd [3.5%]; Shanxi Gemeng International Energy Group Co Ltd [2.4%]; KEPCO Woori Sprott Global Private Equity Fund [2.0%]; Korea Electric Power Corp [2.0%]; unknown [2.0%],36.165148,112.96158,,,,https://www.gem.wiki/High_River_power_station,kepco;jpower,gem_global_integrated_power_tracker,gem_global_integrated_power_2026_08_v3.xlsx
G100000103886,L100000101468,CN,China,High River power station,Unit 2,coal,coal,coal: waste coal,ultra-supercritical,660.0,operating,2021,,,Shanxi Luguang Power Generation Co Ltd [100%],An Hui Wenergy Co Ltd [50.0%]; Shanxi State-Owned Capital Investment and Operation Co Ltd [21.2%]; KEPCO Shanxi International [17.0%]; Electric Power Development Co Ltd [3.5%]; Shanxi Gemeng International Energy Group Co Ltd [2.4%]; KEPCO Woori Sprott Global Private Equity Fund [2.0%]; Korea Electric Power Corp [2.0%]; unknown [2.0%],36.165148,112.96158,,,,https://www.gem.wiki/High_River_power_station,kepco;jpower,gem_global_integrated_power_tracker,gem_global_integrated_power_2026_08_v3.xlsx
G100000104399,L100000101346,CN,China,Huaneng Jiaxiang power station,Phase I Unit 1,coal,coal,coal: unknown,subcritical,330.0,operating,2007,,,Huaneng Jiaxiang Power Generation Co Ltd [100%],Huaneng Power International Inc [40.0%]; Shandong Ruyi International Fashion Industry Investment Holding Co Ltd [39.7%]; China Huaneng Group Co Ltd [10.0%]; ITOCHU Corp [5.9%]; Australia Maid International Trade [3.3%]; unknown [1.1%],35.385028,116.44318,,,,https://www.gem.wiki/Huaneng_Jiaxiang_power_station,itochu,gem_global_integrated_power_tracker,gem_global_integrated_power_2026_08_v3.xlsx
G100000104400,L100000101346,CN,China,Huaneng Jiaxiang power station,Phase I Unit 2,coal,coal,coal: unknown,subcritical,330.0,operating,2007,,,Huaneng Jiaxiang Power Generation Co Ltd [100%],Huaneng Power International Inc [40.0%]; Shandong Ruyi International Fashion Industry Investment Holding Co Ltd [39.7%]; China Huaneng Group Co Ltd [10.0%]; ITOCHU Corp [5.9%]; Australia Maid International Trade [3.3%]; unknown [1.1%],35.385028,116.44318,,,,https://www.gem.wiki/Huaneng_Jiaxiang_power_station,itochu,gem_global_integrated_power_tracker,gem_global_integrated_power_2026_08_v3.xlsx
G100000104401,L100000101346,CN,China,Huaneng Jiaxiang power station,Phase II Unit 3,coal,coal,coal: unknown,supercritical,680.0,cancelled,,,,Huaneng Jiaxiang Power Generation Co Ltd [100%],Huaneng Power International Inc [40.0%]; Shandong Ruyi International Fashion Industry Investment Holding Co Ltd [39.7%]; China Huaneng Group Co Ltd [10.0%]; ITOCHU Corp [5.9%]; Australia Maid International Trade [3.3%]; unknown [1.1%],35.385028,116.44318,,,,https://www.gem.wiki/Huaneng_Jiaxiang_power_station,itochu,gem_global_integrated_power_tracker,gem_global_integrated_power_2026_08_v3.xlsx
G100000104402,L100000101346,CN,China,Huaneng Jiaxiang power station,Phase II Unit 4,coal,coal,coal: unknown,supercritical,680.0,cancelled,,,,Huaneng Jiaxiang Power Generation Co Ltd [100%],Huaneng Power International Inc [40.0%]; Shandong Ruyi International Fashion Industry Investment Holding Co Ltd [39.7%]; China Huaneng Group Co Ltd [10.0%]; ITOCHU Corp [5.9%]; Australia Maid International Trade [3.3%]; unknown [1.1%],35.385028,116.44318,,,,https://www.gem.wiki/Huaneng_Jiaxiang_power_station,itochu,gem_global_integrated_power_tracker,gem_global_integrated_power_2026_08_v3.xlsx
G100000112868,L100000101361,CN,China,Huaneng Jining Gaoxin cogen power station,Unit 1,coal,coal,coal: unknown,unknown,30.0,retired,2004,2023,,Huaneng Jining High Tech Zone Thermal Power Co Ltd [100%],Huaneng Power International Inc [40.0%]; Shandong Ruyi International Fashion Industry Investment Holding Co Ltd [39.7%]; China Huaneng Group Co Ltd [10.0%]; ITOCHU Corp [5.9%]; Australia Maid International Trade [3.3%]; unknown [1.1%],35.46868,116.705652,,,,https://www.gem.wiki/Huaneng_Jining_Gaoxin_cogen_power_station,itochu,gem_global_integrated_power_tracker,gem_global_integrated_power_2026_08_v3.xlsx
G100000112869,L100000101361,CN,China,Huaneng Jining Gaoxin cogen power station,Unit 2,coal,coal,coal: unknown,unknown,30.0,retired,2004,2023,,Huaneng Jining High Tech Zone Thermal Power Co Ltd [100%],Huaneng Power International Inc [40.0%]; Shandong Ruyi International Fashion Industry Investment Holding Co Ltd [39.7%]; China Huaneng Group Co Ltd [10.0%]; ITOCHU Corp [5.9%]; Australia Maid International Trade [3.3%]; unknown [1.1%],35.46868,116.705652,,,,https://www.gem.wiki/Huaneng_Jining_Gaoxin_cogen_power_station,itochu,gem_global_integrated_power_tracker,gem_global_integrated_power_2026_08_v3.xlsx
G100000104499,L100000101350,CN,China,Huaneng Qufu power station,Unit 1,coal,coal,coal: unknown,subcritical,225.0,retired,2006,2026,,Huaneng Qufu Thermal Power Co Ltd [100%],Huaneng Power International Inc [40.0%]; Shandong Ruyi International Fashion Industry Investment Holding Co Ltd [39.7%]; China Huaneng Group Co Ltd [10.0%]; ITOCHU Corp [5.9%]; Australia Maid International Trade [3.3%]; unknown [1.1%],35.607801,116.933863,,,,https://www.gem.wiki/Huaneng_Qufu_power_station,itochu,gem_global_integrated_power_tracker,gem_global_integrated_power_2026_08_v3.xlsx
G100000104500,L100000101350,CN,China,Huaneng Qufu power station,Unit 2,coal,coal,coal: unknown,subcritical,225.0,retired,2006,2026,,Huaneng Qufu Thermal Power Co Ltd [100%],Huaneng Power International Inc [40.0%]; Shandong Ruyi International Fashion Industry Investment Holding Co Ltd [39.7%]; China Huaneng Group Co Ltd [10.0%]; ITOCHU Corp [5.9%]; Australia Maid International Trade [3.3%]; unknown [1.1%],35.607801,116.933863,,,,https://www.gem.wiki/Huaneng_Qufu_power_station,itochu,gem_global_integrated_power_tracker,gem_global_integrated_power_2026_08_v3.xlsx
G100001072474,L100001063101,CN,China,Hubei Anlu Tangdi wind farm,--,wind,wind,,Onshore,50.0,announced,2027,,,CLP Dabieshan (Hubei) Electric Power Development Co Ltd,,31.2383,113.5917,,,,https://www.gem.wiki/Hubei_Anlu_Tangdi_wind_farm,jpower,gem_global_integrated_power_tracker,gem_global_integrated_power_2026_08_v3.xlsx
G100000112047,L100000100681,CN,China,Jiaozuo Wuzhi-1 Cogen power station,Unit 1,coal,coal,coal: waste coal,subcritical,50.0,operating,2006,,,Jiaozuo Kepco POWER Co Ltd [100%],China Electric Equipment Group Co Ltd [77.0%]; Wuzhi Zhongjia Investment Operation Group Co Ltd [20.7%]; Wuzhi County Investment Group Co Ltd [2.3%],35.12455,113.38887,,,,https://www.gem.wiki/Jiaozuo_Wuzhi-1_Cogen_power_station,kepco,gem_global_integrated_power_tracker,gem_global_integrated_power_2026_08_v3.xlsx
G100000112048,L100000100681,CN,China,Jiaozuo Wuzhi-1 Cogen power station,Unit 2,coal,coal,coal: waste coal,subcritical,50.0,operating,2006,,,Jiaozuo Kepco POWER Co Ltd [100%],China Electric Equipment Group Co Ltd [77.0%]; Wuzhi Zhongjia Investment Operation Group Co Ltd [20.7%]; Wuzhi County Investment Group Co Ltd [2.3%],35.12455,113.38887,,,,https://www.gem.wiki/Jiaozuo_Wuzhi-1_Cogen_power_station,kepco,gem_global_integrated_power_tracker,gem_global_integrated_power_2026_08_v3.xlsx
G100000105165,L100000101486,CN,China,Jiexiu Chongguang power station,Unit 1,coal,coal,coal: waste coal,supercritical,350.0,operating,2020,,,Shanxi Chongguang Power Generation Co Ltd [100%],Shanxi Anyi Hongshan PORCELAIN Co Ltd [22.5%]; Jiexiu Yihong Investment Co Ltd [21.6%]; Shanxi State-Owned Capital Investment and Operation Co Ltd [21.6%]; KEPCO Shanxi International [17.3%]; Shanxi Ansheng Technology Development Co Ltd [4.9%]; Electric Power Development Co Ltd [3.6%]; Shanxi Gemeng International Energy Group Co Ltd [2.4%]; KEPCO Woori Sprott Global Private Equity Fund [2.0%]; Korea Electric Power Corp [2.0%]; unknown [2.0%],37.106543,111.995598,,,,https://www.gem.wiki/Jiexiu_Chongguang_power_station,kepco;jpower,gem_global_integrated_power_tracker,gem_global_integrated_power_2026_08_v3.xlsx
G100000105166,L100000101486,CN,China,Jiexiu Chongguang power station,Unit 2,coal,coal,coal: waste coal,supercritical,350.0,operating,2021,,,Shanxi Chongguang Power Generation Co Ltd [100%],Shanxi Anyi Hongshan PORCELAIN Co Ltd [22.5%]; Jiexiu Yihong Investment Co Ltd [21.6%]; Shanxi State-Owned Capital Investment and Operation Co Ltd [21.6%]; KEPCO Shanxi International [17.3%]; Shanxi Ansheng Technology Development Co Ltd [4.9%]; Electric Power Development Co Ltd [3.6%]; Shanxi Gemeng International Energy Group Co Ltd [2.4%]; KEPCO Woori Sprott Global Private Equity Fund [2.0%]; Korea Electric Power Corp [2.0%]; unknown [2.0%],37.106543,111.995598,,,,https://www.gem.wiki/Jiexiu_Chongguang_power_station,kepco;jpower,gem_global_integrated_power_tracker,gem_global_integrated_power_2026_08_v3.xlsx
G100000106307,L100000101492,CN,China,Lingshi Qiguang power station,Unit 1,coal,coal,coal: waste coal,supercritical,350.0,operating,2019,,,Shanxi Qiguang Power Generation Co Ltd [100%],Lingshi Deguangyi Investment and Trade Co Ltd [24.1%]; Lingshi Xinyuan Investment and Trade Co Ltd [24.1%]; Shanxi State-Owned Capital Investment and Operation Co Ltd [21.6%]; KEPCO Shanxi International [17.3%]; Electric Power Development Co Ltd [3.6%]; unknown [2.8%]; Shanxi Gemeng International Energy Group Co Ltd [2.4%]; KEPCO Woori Sprott Global Private Equity Fund [2.0%]; Korea Electric Power Corp [2.0%],36.820628,111.626103,,,,https://www.gem.wiki/Lingshi_Qiguang_power_station,kepco;jpower,gem_global_integrated_power_tracker,gem_global_integrated_power_2026_08_v3.xlsx
G100000106308,L100000101492,CN,China,Lingshi Qiguang power station,Unit 2,coal,coal,coal: waste coal,supercritical,350.0,operating,2019,,,Shanxi Qiguang Power Generation Co Ltd [100%],Lingshi Deguangyi Investment and Trade Co Ltd [24.1%]; Lingshi Xinyuan Investment and Trade Co Ltd [24.1%]; Shanxi State-Owned Capital Investment and Operation Co Ltd [21.6%]; KEPCO Shanxi International [17.3%]; Electric Power Development Co Ltd [3.6%]; unknown [2.8%]; Shanxi Gemeng International Energy Group Co Ltd [2.4%]; KEPCO Woori Sprott Global Private Equity Fund [2.0%]; Korea Electric Power Corp [2.0%],36.820628,111.626103,,,,https://www.gem.wiki/Lingshi_Qiguang_power_station,kepco;jpower,gem_global_integrated_power_tracker,gem_global_integrated_power_2026_08_v3.xlsx
G100000803804,L100000803298,CN,China,Ningxia Xingqing Hongdunzi Xuning solar farm,--,utility-scale solar,solar,,PV,30.0,operating,2014,,Ningxia Xuning New Energy Technology,RISEN (Ningbo) Electric POWER Development Co Ltd [100%],,38.476,106.4798,,,,https://www.gem.wiki/Ningxia_Xingqing_Hongdunzi_Xuning_solar_farm,jpower,gem_global_integrated_power_tracker,gem_global_integrated_power_2026_08_v3.xlsx
G100000107657,L100000100937,CN,China,Ordos Power Qipanjing power station,Unit 1,coal,coal,coal: unknown,subcritical,330.0,operating,2005,,,Inner Mongolia Erdos Electric Power Co Ltd [100%],Inner Mongolia Eerduosi Resources Co Ltd [78.0%]; Mitsui & Co Ltd [20.2%]; unknown [1.9%],39.385235,106.965664,,,,https://www.gem.wiki/Ordos_Power_Qipanjing_power_station,mitsui,gem_global_integrated_power_tracker,gem_global_integrated_power_2026_08_v3.xlsx
G100000107658,L100000100937,CN,China,Ordos Power Qipanjing power station,Unit 10,coal,coal,coal: unknown,unknown,135.0,operating,2013,,,Inner Mongolia Erdos Electric Power Co Ltd [100%],Inner Mongolia Eerduosi Resources Co Ltd [78.0%]; Mitsui & Co Ltd [20.2%]; unknown [1.9%],39.385235,106.965664,,,,https://www.gem.wiki/Ordos_Power_Qipanjing_power_station,mitsui,gem_global_integrated_power_tracker,gem_global_integrated_power_2026_08_v3.xlsx
G100000107659,L100000100937,CN,China,Ordos Power Qipanjing power station,Unit 2,coal,coal,coal: unknown,subcritical,330.0,operating,2005,,,Inner Mongolia Erdos Electric Power Co Ltd [100%],Inner Mongolia Eerduosi Resources Co Ltd [78.0%]; Mitsui & Co Ltd [20.2%]; unknown [1.9%],39.385235,106.965664,,,,https://www.gem.wiki/Ordos_Power_Qipanjing_power_station,mitsui,gem_global_integrated_power_tracker,gem_global_integrated_power_2026_08_v3.xlsx
G100000107660,L100000100937,CN,China,Ordos Power Qipanjing power station,Unit 3,coal,coal,coal: unknown,subcritical,330.0,operating,2010,,,Inner Mongolia Erdos Electric Power Co Ltd [100%],Inner Mongolia Eerduosi Resources Co Ltd [78.0%]; Mitsui & Co Ltd [20.2%]; unknown [1.9%],39.385235,106.965664,,,,https://www.gem.wiki/Ordos_Power_Qipanjing_power_station,mitsui,gem_global_integrated_power_tracker,gem_global_integrated_power_2026_08_v3.xlsx
G100000107661,L100000100937,CN,China,Ordos Power Qipanjing power station,Unit 4,coal,coal,coal: unknown,subcritical,330.0,operating,2010,,,Inner Mongolia Erdos Electric Power Co Ltd [100%],Inner Mongolia Eerduosi Resources Co Ltd [78.0%]; Mitsui & Co Ltd [20.2%]; unknown [1.9%],39.385235,106.965664,,,,https://www.gem.wiki/Ordos_Power_Qipanjing_power_station,mitsui,gem_global_integrated_power_tracker,gem_global_integrated_power_2026_08_v3.xlsx
G100000107662,L100000100937,CN,China,Ordos Power Qipanjing power station,Unit 5,coal,coal,coal: unknown,unknown,50.0,operating,2013,,,Inner Mongolia Erdos Electric Power Co Ltd [100%],Inner Mongolia Eerduosi Resources Co Ltd [78.0%]; Mitsui & Co Ltd [20.2%]; unknown [1.9%],39.385235,106.965664,,,,https://www.gem.wiki/Ordos_Power_Qipanjing_power_station,mitsui,gem_global_integrated_power_tracker,gem_global_integrated_power_2026_08_v3.xlsx
G100000107663,L100000100937,CN,China,Ordos Power Qipanjing power station,Unit 6,coal,coal,coal: unknown,unknown,50.0,operating,2013,,,Inner Mongolia Erdos Electric Power Co Ltd [100%],Inner Mongolia Eerduosi Resources Co Ltd [78.0%]; Mitsui & Co Ltd [20.2%]; unknown [1.9%],39.385235,106.965664,,,,https://www.gem.wiki/Ordos_Power_Qipanjing_power_station,mitsui,gem_global_integrated_power_tracker,gem_global_integrated_power_2026_08_v3.xlsx
G100000107664,L100000100937,CN,China,Ordos Power Qipanjing power station,Unit 7,coal,coal,coal: unknown,unknown,135.0,operating,2013,,,Inner Mongolia Erdos Electric Power Co Ltd [100%],Inner Mongolia Eerduosi Resources Co Ltd [78.0%]; Mitsui & Co Ltd [20.2%]; unknown [1.9%],39.385235,106.965664,,,,https://www.gem.wiki/Ordos_Power_Qipanjing_power_station,mitsui,gem_global_integrated_power_tracker,gem_global_integrated_power_2026_08_v3.xlsx
G100000107665,L100000100937,CN,China,Ordos Power Qipanjing power station,Unit 8,coal,coal,coal: unknown,unknown,135.0,operating,2013,,,Inner Mongolia Erdos Electric Power Co Ltd [100%],Inner Mongolia Eerduosi Resources Co Ltd [78.0%]; Mitsui & Co Ltd [20.2%]; unknown [1.9%],39.385235,106.965664,,,,https://www.gem.wiki/Ordos_Power_Qipanjing_power_station,mitsui,gem_global_integrated_power_tracker,gem_global_integrated_power_2026_08_v3.xlsx
G100000107666,L100000100937,CN,China,Ordos Power Qipanjing power station,Unit 9,coal,coal,coal: unknown,unknown,135.0,operating,2013,,,Inner Mongolia Erdos Electric Power Co Ltd [100%],Inner Mongolia Eerduosi Resources Co Ltd [78.0%]; Mitsui & Co Ltd [20.2%]; unknown [1.9%],39.385235,106.965664,,,,https://www.gem.wiki/Ordos_Power_Qipanjing_power_station,mitsui,gem_global_integrated_power_tracker,gem_global_integrated_power_2026_08_v3.xlsx
G100000107673,L100000100937,CN,China,Ordos Power Qipanjing power station,New Unit 1,coal,coal,coal: unknown,unknown,600.0,cancelled,,,,Inner Mongolia Erdos Electric Power and Metallurgy Group Co Ltd [100%],Inner Mongolia Eerduosi Resources Co Ltd [78.0%]; Mitsui & Co Ltd [20.2%]; unknown [1.9%],39.385235,106.965664,,,,https://www.gem.wiki/Ordos_Power_Qipanjing_power_station,mitsui,gem_global_integrated_power_tracker,gem_global_integrated_power_2026_08_v3.xlsx
G100000107674,L100000100937,CN,China,Ordos Power Qipanjing power station,New Unit 2,coal,coal,coal: unknown,unknown,600.0,cancelled,,,,Inner Mongolia Erdos Electric Power and Metallurgy Group Co Ltd [100%],Inner Mongolia Eerduosi Resources Co Ltd [78.0%]; Mitsui & Co Ltd [20.2%]; unknown [1.9%],39.385235,106.965664,,,,https://www.gem.wiki/Ordos_Power_Qipanjing_power_station,mitsui,gem_global_integrated_power_tracker,gem_global_integrated_power_2026_08_v3.xlsx
G100000113713,L100000100938,CN,China,Ordos Resources Qipanjing power station,Unit 1,coal,coal,coal: unknown,unknown,330.0,operating,2015,,,Inner Mongolia Erdos High Tech Materials Co Ltd [100%],Inner Mongolia Eerduosi Resources Co Ltd [78.0%]; Mitsui & Co Ltd [20.2%]; unknown [1.9%],39.350291,107.01002,,,,https://www.gem.wiki/Ordos_Resources_Qipanjing_power_station,mitsui,gem_global_integrated_power_tracker,gem_global_integrated_power_2026_08_v3.xlsx
G100000113714,L100000100938,CN,China,Ordos Resources Qipanjing power station,Unit 2,coal,coal,coal: unknown,unknown,330.0,operating,2015,,,Inner Mongolia Erdos High Tech Materials Co Ltd [100%],Inner Mongolia Eerduosi Resources Co Ltd [78.0%]; Mitsui & Co Ltd [20.2%]; unknown [1.9%],39.350291,107.01002,,,,https://www.gem.wiki/Ordos_Resources_Qipanjing_power_station,mitsui,gem_global_integrated_power_tracker,gem_global_integrated_power_2026_08_v3.xlsx
G100000108003,L100000101501,CN,China,Pingshuo Gangue power station,Unit 1,coal,coal,coal: waste coal,subcritical,50.0,retired,2004,2020,,Shanxi Pingshuo Gangue Power Generation Co Ltd [100%],China Coal Pingshuo Coal Industry [33.0%]; Shanxi State-Owned Capital Investment and Operation Co Ltd [28.3%]; KEPCO Shanxi International [22.8%]; Electric Power Development Co Ltd [4.7%]; Shanxi Gemeng International Energy Group Co Ltd [3.1%]; KEPCO Woori Sprott Global Private Equity Fund [2.7%]; Korea Electric Power Corp [2.7%]; unknown [2.7%],39.473261,112.320541,,,,https://www.gem.wiki/Pingshuo_Gangue_power_station,kepco;jpower,gem_global_integrated_power_tracker,gem_global_integrated_power_2026_08_v3.xlsx
G100000108004,L100000101501,CN,China,Pingshuo Gangue power station,Unit 2,coal,coal,coal: waste coal,subcritical,50.0,retired,2005,2020,,Shanxi Pingshuo Gangue Power Generation Co Ltd [100%],China Coal Pingshuo Coal Industry [33.0%]; Shanxi State-Owned Capital Investment and Operation Co Ltd [28.3%]; KEPCO Shanxi International [22.8%]; Electric Power Development Co Ltd [4.7%]; Shanxi Gemeng International Energy Group Co Ltd [3.1%]; KEPCO Woori Sprott Global Private Equity Fund [2.7%]; Korea Electric Power Corp [2.7%]; unknown [2.7%],39.473261,112.320541,,,,https://www.gem.wiki/Pingshuo_Gangue_power_station,kepco;jpower,gem_global_integrated_power_tracker,gem_global_integrated_power_2026_08_v3.xlsx
G100000108005,L100000101501,CN,China,Pingshuo Gangue power station,Unit 3,coal,coal,coal: waste coal,subcritical,300.0,operating,2009,,,Shanxi Pingshuo Gangue Power Generation Co Ltd [100%],China Coal Pingshuo Coal Industry [33.0%]; Shanxi State-Owned Capital Investment and Operation Co Ltd [28.3%]; KEPCO Shanxi International [22.8%]; Electric Power Development Co Ltd [4.7%]; Shanxi Gemeng International Energy Group Co Ltd [3.1%]; KEPCO Woori Sprott Global Private Equity Fund [2.7%]; Korea Electric Power Corp [2.7%]; unknown [2.7%],39.4727567,112.3225046,,,,https://www.gem.wiki/Pingshuo_Gangue_power_station,kepco;jpower,gem_global_integrated_power_tracker,gem_global_integrated_power_2026_08_v3.xlsx
G100000108006,L100000101501,CN,China,Pingshuo Gangue power station,Unit 4,coal,coal,coal: waste coal,subcritical,300.0,operating,2009,,,Shanxi Pingshuo Gangue Power Generation Co Ltd [100%],China Coal Pingshuo Coal Industry [33.0%]; Shanxi State-Owned Capital Investment and Operation Co Ltd [28.3%]; KEPCO Shanxi International [22.8%]; Electric Power Development Co Ltd [4.7%]; Shanxi Gemeng International Energy Group Co Ltd [3.1%]; KEPCO Woori Sprott Global Private Equity Fund [2.7%]; Korea Electric Power Corp [2.7%]; unknown [2.7%],39.4727567,112.3225046,,,,https://www.gem.wiki/Pingshuo_Gangue_power_station,kepco;jpower,gem_global_integrated_power_tracker,gem_global_integrated_power_2026_08_v3.xlsx
G100000109043,L100000101509,CN,China,Shanxi Hepo power station,Unit 1,coal,coal,coal: unknown,subcritical,50.0,retired,1991,2016,,Shanxi Hepo Power Generation Co Ltd [100%],Shanxi State-Owned Capital Investment and Operation Co Ltd [39.6%]; KEPCO Shanxi International [31.8%]; Electric Power Development Co Ltd [6.5%]; Yangquan Economic and Trade Asset Operation Center [6.5%]; Shanxi Gemeng International Energy Group Co Ltd [4.4%]; KEPCO Woori Sprott Global Private Equity Fund [3.7%]; Korea Electric Power Corp [3.7%]; unknown [3.7%],37.8469433,113.6165446,,,,https://www.gem.wiki/Shanxi_Hepo_power_station,kepco;jpower,gem_global_integrated_power_tracker,gem_global_integrated_power_2026_08_v3.xlsx
G100000109044,L100000101509,CN,China,Shanxi Hepo power station,Unit 2,coal,coal,coal: unknown,subcritical,50.0,retired,1992,2016,,Shanxi Hepo Power Generation Co Ltd [100%],Shanxi State-Owned Capital Investment and Operation Co Ltd [39.6%]; KEPCO Shanxi International [31.8%]; Electric Power Development Co Ltd [6.5%]; Yangquan Economic and Trade Asset Operation Center [6.5%]; Shanxi Gemeng International Energy Group Co Ltd [4.4%]; KEPCO Woori Sprott Global Private Equity Fund [3.7%]; Korea Electric Power Corp [3.7%]; unknown [3.7%],37.8469433,113.6165446,,,,https://www.gem.wiki/Shanxi_Hepo_power_station,kepco;jpower,gem_global_integrated_power_tracker,gem_global_integrated_power_2026_08_v3.xlsx
G100000109045,L100000101509,CN,China,Shanxi Hepo power station,Unit 3,coal,coal,coal: unknown,subcritical,100.0,retired,2000,2016,,Shanxi Hepo Power Generation Co Ltd [100%],Shanxi State-Owned Capital Investment and Operation Co Ltd [39.6%]; KEPCO Shanxi International [31.8%]; Electric Power Development Co Ltd [6.5%]; Yangquan Economic and Trade Asset Operation Center [6.5%]; Shanxi Gemeng International Energy Group Co Ltd [4.4%]; KEPCO Woori Sprott Global Private Equity Fund [3.7%]; Korea Electric Power Corp [3.7%]; unknown [3.7%],37.8469433,113.6165446,,,,https://www.gem.wiki/Shanxi_Hepo_power_station,kepco;jpower,gem_global_integrated_power_tracker,gem_global_integrated_power_2026_08_v3.xlsx
G100000109046,L100000101509,CN,China,Shanxi Hepo power station,Unit 4,coal,coal,coal: unknown,subcritical,100.0,retired,2000,2016,,Shanxi Hepo Power Generation Co Ltd [100%],Shanxi State-Owned Capital Investment and Operation Co Ltd [39.6%]; KEPCO Shanxi International [31.8%]; Electric Power Development Co Ltd [6.5%]; Yangquan Economic and Trade Asset Operation Center [6.5%]; Shanxi Gemeng International Energy Group Co Ltd [4.4%]; KEPCO Woori Sprott Global Private Equity Fund [3.7%]; Korea Electric Power Corp [3.7%]; unknown [3.7%],37.8469433,113.6165446,,,,https://www.gem.wiki/Shanxi_Hepo_power_station,kepco;jpower,gem_global_integrated_power_tracker,gem_global_integrated_power_2026_08_v3.xlsx
G100000109047,L100000101509,CN,China,Shanxi Hepo power station,Unit 5,coal,coal,coal: unknown,supercritical,350.0,operating,2016,,,Shanxi Hepo Power Generation Co Ltd [100%],Shanxi State-Owned Capital Investment and Operation Co Ltd [39.6%]; KEPCO Shanxi International [31.8%]; Electric Power Development Co Ltd [6.5%]; Yangquan Economic and Trade Asset Operation Center [6.5%]; Shanxi Gemeng International Energy Group Co Ltd [4.4%]; KEPCO Woori Sprott Global Private Equity Fund [3.7%]; Korea Electric Power Corp [3.7%]; unknown [3.7%],37.919943,113.615236,,,,https://www.gem.wiki/Shanxi_Hepo_power_station,kepco;jpower,gem_global_integrated_power_tracker,gem_global_integrated_power_2026_08_v3.xlsx
G100000109048,L100000101509,CN,China,Shanxi Hepo power station,Unit 6,coal,coal,coal: unknown,supercritical,350.0,operating,2016,,,Shanxi Hepo Power Generation Co Ltd [100%],Shanxi State-Owned Capital Investment and Operation Co Ltd [39.6%]; KEPCO Shanxi International [31.8%]; Electric Power Development Co Ltd [6.5%]; Yangquan Economic and Trade Asset Operation Center [6.5%]; Shanxi Gemeng International Energy Group Co Ltd [4.4%]; KEPCO Woori Sprott Global Private Equity Fund [3.7%]; Korea Electric Power Corp [3.7%]; unknown [3.7%],37.919943,113.615236,,,,https://www.gem.wiki/Shanxi_Hepo_power_station,kepco;jpower,gem_global_integrated_power_tracker,gem_global_integrated_power_2026_08_v3.xlsx
G100000106344,L100000105027,CN,China,Shanxi Liulin power station,Phase I Unit 1,coal,coal,coal: unknown,subcritical,100.0,operating,1995,,,Shanxi Liulin Electric Power Co Ltd [100%],Shanxi State-Owned Capital Investment and Operation Co Ltd [42.3%]; KEPCO Shanxi International [34.0%]; Electric Power Development Co Ltd [7.0%]; Shanxi Gemeng International Energy Group Co Ltd [4.7%]; KEPCO Woori Sprott Global Private Equity Fund [4.0%]; Korea Electric Power Corp [4.0%]; unknown [4.0%],37.4185467,110.8243489,,,,https://www.gem.wiki/Shanxi_Liulin_power_station,kepco;jpower,gem_global_integrated_power_tracker,gem_global_integrated_power_2026_08_v3.xlsx
G100000106345,L100000105027,CN,China,Shanxi Liulin power station,Phase I Unit 2,coal,coal,coal: unknown,subcritical,100.0,operating,1996,,,Shanxi Liulin Electric Power Co Ltd [100%],Shanxi State-Owned Capital Investment and Operation Co Ltd [42.3%]; KEPCO Shanxi International [34.0%]; Electric Power Development Co Ltd [7.0%]; Shanxi Gemeng International Energy Group Co Ltd [4.7%]; KEPCO Woori Sprott Global Private Equity Fund [4.0%]; Korea Electric Power Corp [4.0%]; unknown [4.0%],37.4185467,110.8243489,,,,https://www.gem.wiki/Shanxi_Liulin_power_station,kepco;jpower,gem_global_integrated_power_tracker,gem_global_integrated_power_2026_08_v3.xlsx
G100000106346,L100000105027,CN,China,Shanxi Liulin power station,Phase II Unit 3,coal,coal,coal: unknown,subcritical,600.0,operating,2008,,,Shanxi Huaguang Power Generation Co Ltd [100%],China Huaneng Group Co Ltd [40.0%]; Shanxi State-Owned Capital Investment and Operation Co Ltd [21.2%]; KEPCO Shanxi International [17.0%]; Shanxi Coking Coal Energy Group Co Ltd [10.0%]; Electric Power Development Co Ltd [3.5%]; Shanxi Gemeng International Energy Group Co Ltd [2.4%]; KEPCO Woori Sprott Global Private Equity Fund [2.0%]; Korea Electric Power Corp [2.0%]; unknown [2.0%],37.4185467,110.8243489,,,,https://www.gem.wiki/Shanxi_Liulin_power_station,kepco;jpower,gem_global_integrated_power_tracker,gem_global_integrated_power_2026_08_v3.xlsx
G100000106347,L100000105027,CN,China,Shanxi Liulin power station,Phase II Unit 4,coal,coal,coal: unknown,subcritical,600.0,operating,2008,,,Shanxi Huaguang Power Generation Co Ltd [100%],China Huaneng Group Co Ltd [40.0%]; Shanxi State-Owned Capital Investment and Operation Co Ltd [21.2%]; KEPCO Shanxi International [17.0%]; Shanxi Coking Coal Energy Group Co Ltd [10.0%]; Electric Power Development Co Ltd [3.5%]; Shanxi Gemeng International Energy Group Co Ltd [2.4%]; KEPCO Woori Sprott Global Private Equity Fund [2.0%]; Korea Electric Power Corp [2.0%]; unknown [2.0%],37.4185467,110.8243489,,,,https://www.gem.wiki/Shanxi_Liulin_power_station,kepco;jpower,gem_global_integrated_power_tracker,gem_global_integrated_power_2026_08_v3.xlsx
G100000109051,L100000101511,CN,China,Shanxi Ruiguang power station,Phase I Unit 1,coal,coal,coal: bituminous,subcritical,330.0,operating,2011,,,Shanxi Ruiguang Power Co Ltd [100%],Shanxi State-Owned Capital Investment and Operation Co Ltd [42.3%]; KEPCO Shanxi International [34.0%]; Electric Power Development Co Ltd [7.0%]; Shanxi Gemeng International Energy Group Co Ltd [4.7%]; KEPCO Woori Sprott Global Private Equity Fund [4.0%]; Korea Electric Power Corp [4.0%]; unknown [4.0%],37.784571,112.719866,,,,https://www.gem.wiki/Shanxi_Ruiguang_power_station,kepco;jpower,gem_global_integrated_power_tracker,gem_global_integrated_power_2026_08_v3.xlsx
G100000109052,L100000101511,CN,China,Shanxi Ruiguang power station,Phase I Unit 2,coal,coal,coal: bituminous,subcritical,330.0,operating,2012,,,Shanxi Ruiguang Power Co Ltd [100%],Shanxi State-Owned Capital Investment and Operation Co Ltd [42.3%]; KEPCO Shanxi International [34.0%]; Electric Power Development Co Ltd [7.0%]; Shanxi Gemeng International Energy Group Co Ltd [4.7%]; KEPCO Woori Sprott Global Private Equity Fund [4.0%]; Korea Electric Power Corp [4.0%]; unknown [4.0%],37.784571,112.719866,,,,https://www.gem.wiki/Shanxi_Ruiguang_power_station,kepco;jpower,gem_global_integrated_power_tracker,gem_global_integrated_power_2026_08_v3.xlsx
G100000109053,L100000101511,CN,China,Shanxi Ruiguang power station,Phase II Unit 3,coal,coal,coal: bituminous,unknown,600.0,cancelled,,,,Shanxi Ruiguang Power Co Ltd [100%],Shanxi State-Owned Capital Investment and Operation Co Ltd [42.3%]; KEPCO Shanxi International [34.0%]; Electric Power Development Co Ltd [7.0%]; Shanxi Gemeng International Energy Group Co Ltd [4.7%]; KEPCO Woori Sprott Global Private Equity Fund [4.0%]; Korea Electric Power Corp [4.0%]; unknown [4.0%],37.784571,112.719866,,,,https://www.gem.wiki/Shanxi_Ruiguang_power_station,kepco;jpower,gem_global_integrated_power_tracker,gem_global_integrated_power_2026_08_v3.xlsx
G100000109054,L100000101511,CN,China,Shanxi Ruiguang power station,Phase II Unit 4,coal,coal,coal: bituminous,unknown,600.0,cancelled,,,,Shanxi Ruiguang Power Co Ltd [100%],Shanxi State-Owned Capital Investment and Operation Co Ltd [42.3%]; KEPCO Shanxi International [34.0%]; Electric Power Development Co Ltd [7.0%]; Shanxi Gemeng International Energy Group Co Ltd [4.7%]; KEPCO Woori Sprott Global Private Equity Fund [4.0%]; Korea Electric Power Corp [4.0%]; unknown [4.0%],37.784571,112.719866,,,,https://www.gem.wiki/Shanxi_Ruiguang_power_station,kepco;jpower,gem_global_integrated_power_tracker,gem_global_integrated_power_2026_08_v3.xlsx
G100000109057,L100000101514,CN,China,Shanxi Yuguang power station,Phase I Unit 1,coal,coal,coal: waste coal,subcritical,300.0,operating,2012,,,Shanxi Yuguang Power Generation Co Ltd [100%],Shanxi State-Owned Capital Investment and Operation Co Ltd [25.4%]; China National Coal Group [24.0%]; KEPCO Shanxi International [20.4%]; Beijing Ward Financial Investment Holding Co Ltd [15.5%]; Electric Power Development Co Ltd [4.2%]; unknown [2.9%]; Shanxi Gemeng International Energy Group Co Ltd [2.8%]; KEPCO Woori Sprott Global Private Equity Fund [2.4%]; Korea Electric Power Corp [2.4%],39.6158712,112.7989912,,,,https://www.gem.wiki/Shanxi_Yuguang_power_station,kepco;jpower,gem_global_integrated_power_tracker,gem_global_integrated_power_2026_08_v3.xlsx
G100000109058,L100000101514,CN,China,Shanxi Yuguang power station,Phase I Unit 2,coal,coal,coal: waste coal,subcritical,300.0,operating,2012,,,Shanxi Yuguang Power Generation Co Ltd [100%],Shanxi State-Owned Capital Investment and Operation Co Ltd [25.4%]; China National Coal Group [24.0%]; KEPCO Shanxi International [20.4%]; Beijing Ward Financial Investment Holding Co Ltd [15.5%]; Electric Power Development Co Ltd [4.2%]; unknown [2.9%]; Shanxi Gemeng International Energy Group Co Ltd [2.8%]; KEPCO Woori Sprott Global Private Equity Fund [2.4%]; Korea Electric Power Corp [2.4%],39.6158712,112.7989912,,,,https://www.gem.wiki/Shanxi_Yuguang_power_station,kepco;jpower,gem_global_integrated_power_tracker,gem_global_integrated_power_2026_08_v3.xlsx
G100000109059,L100000101514,CN,China,Shanxi Yuguang power station,Phase II Unit 3,coal,coal,coal: waste coal,supercritical,350.0,operating,2019,,,Shanxi Yuguang Power Generation Co Ltd [100%],Shanxi State-Owned Capital Investment and Operation Co Ltd [25.4%]; China National Coal Group [24.0%]; KEPCO Shanxi International [20.4%]; Beijing Ward Financial Investment Holding Co Ltd [15.5%]; Electric Power Development Co Ltd [4.2%]; unknown [2.9%]; Shanxi Gemeng International Energy Group Co Ltd [2.8%]; KEPCO Woori Sprott Global Private Equity Fund [2.4%]; Korea Electric Power Corp [2.4%],39.6158712,112.7989912,,,,https://www.gem.wiki/Shanxi_Yuguang_power_station,kepco;jpower,gem_global_integrated_power_tracker,gem_global_integrated_power_2026_08_v3.xlsx
G100000109060,L100000101514,CN,China,Shanxi Yuguang power station,Phase II Unit 4,coal,coal,coal: waste coal,supercritical,350.0,operating,2019,,,Shanxi Yuguang Power Generation Co Ltd [100%],Shanxi State-Owned Capital Investment and Operation Co Ltd [25.4%]; China National Coal Group [24.0%]; KEPCO Shanxi International [20.4%]; Beijing Ward Financial Investment Holding Co Ltd [15.5%]; Electric Power Development Co Ltd [4.2%]; unknown [2.9%]; Shanxi Gemeng International Energy Group Co Ltd [2.8%]; KEPCO Woori Sprott Global Private Equity Fund [2.4%]; Korea Electric Power Corp [2.4%],39.6158712,112.7989912,,,,https://www.gem.wiki/Shanxi_Yuguang_power_station,kepco;jpower,gem_global_integrated_power_tracker,gem_global_integrated_power_2026_08_v3.xlsx
G100000109061,L100000101515,CN,China,Shanxi Zhaoguang power station,Unit 1,coal,coal,coal: bituminous,subcritical,300.0,operating,2005,,,Shanxi Zhaoguang Power Generation Co Ltd [100%],Shanxi State-Owned Capital Investment and Operation Co Ltd [42.3%]; KEPCO Shanxi International [34.0%]; Electric Power Development Co Ltd [7.0%]; Shanxi Gemeng International Energy Group Co Ltd [4.7%]; KEPCO Woori Sprott Global Private Equity Fund [4.0%]; Korea Electric Power Corp [4.0%]; unknown [4.0%],36.5537987,111.6917736,,,,https://www.gem.wiki/Shanxi_Zhaoguang_power_station,kepco;jpower,gem_global_integrated_power_tracker,gem_global_integrated_power_2026_08_v3.xlsx
G100000109062,L100000101515,CN,China,Shanxi Zhaoguang power station,Unit 2,coal,coal,coal: bituminous,subcritical,300.0,operating,2005,,,Shanxi Zhaoguang Power Generation Co Ltd [100%],Shanxi State-Owned Capital Investment and Operation Co Ltd [42.3%]; KEPCO Shanxi International [34.0%]; Electric Power Development Co Ltd [7.0%]; Shanxi Gemeng International Energy Group Co Ltd [4.7%]; KEPCO Woori Sprott Global Private Equity Fund [4.0%]; Korea Electric Power Corp [4.0%]; unknown [4.0%],36.5537987,111.6917736,,,,https://www.gem.wiki/Shanxi_Zhaoguang_power_station,kepco;jpower,gem_global_integrated_power_tracker,gem_global_integrated_power_2026_08_v3.xlsx
G100000109063,L100000101515,CN,China,Shanxi Zhaoguang power station,Unit 3,coal,coal,coal: bituminous,supercritical,600.0,operating,2009,,,Shanxi Zhaoguang Power Generation Co Ltd [100%],Shanxi State-Owned Capital Investment and Operation Co Ltd [42.3%]; KEPCO Shanxi International [34.0%]; Electric Power Development Co Ltd [7.0%]; Shanxi Gemeng International Energy Group Co Ltd [4.7%]; KEPCO Woori Sprott Global Private Equity Fund [4.0%]; Korea Electric Power Corp [4.0%]; unknown [4.0%],36.5537987,111.6917736,,,,https://www.gem.wiki/Shanxi_Zhaoguang_power_station,kepco;jpower,gem_global_integrated_power_tracker,gem_global_integrated_power_2026_08_v3.xlsx
G100000109064,L100000101515,CN,China,Shanxi Zhaoguang power station,Unit 4,coal,coal,coal: bituminous,supercritical,600.0,operating,2009,,,Shanxi Zhaoguang Power Generation Co Ltd [100%],Shanxi State-Owned Capital Investment and Operation Co Ltd [42.3%]; KEPCO Shanxi International [34.0%]; Electric Power Development Co Ltd [7.0%]; Shanxi Gemeng International Energy Group Co Ltd [4.7%]; KEPCO Woori Sprott Global Private Equity Fund [4.0%]; Korea Electric Power Corp [4.0%]; unknown [4.0%],36.5537987,111.6917736,,,,https://www.gem.wiki/Shanxi_Zhaoguang_power_station,kepco;jpower,gem_global_integrated_power_tracker,gem_global_integrated_power_2026_08_v3.xlsx
G100000604115,L100000604076,CN,China,Shuifeng hydroelectric plant,,hydropower,hydro,,conventional storage,630.0,operating,1941,,,China-Korea Hydropower Company [100%],,40.4615,124.9629,,,,https://www.gem.wiki/Shuifeng_hydroelectric_plant,khnp,gem_global_integrated_power_tracker,gem_global_integrated_power_2026_08_v3.xlsx
G100000105223,L100000101488,CN,China,Xinguang power station,Unit 1,coal,coal,coal: waste coal,ultra-supercritical,660.0,cancelled,,,,Shanxi Zhaozhuang Xinguang Power Generation Co Ltd [100%],Shanxi State-Owned Capital Investment and Operation Co Ltd [52.7%]; KEPCO Shanxi International [17.0%]; China Development Bank Corp [8.1%]; China Cinda Asset Management Co Ltd [6.8%]; Jinneng Holding Group Co Ltd [3.5%]; Electric Power Development Co Ltd [3.5%]; Shanxi Gemeng International Energy Group Co Ltd [2.4%]; KEPCO Woori Sprott Global Private Equity Fund [2.0%]; Korea Electric Power Corp [2.0%]; unknown [2.0%],35.998745,112.89852,,,,https://www.gem.wiki/Xinguang_power_station,kepco;jpower,gem_global_integrated_power_tracker,gem_global_integrated_power_2026_08_v3.xlsx
G100000105224,L100000101488,CN,China,Xinguang power station,Unit 2,coal,coal,coal: waste coal,ultra-supercritical,660.0,cancelled,,,,Shanxi Zhaozhuang Xinguang Power Generation Co Ltd [100%],Shanxi State-Owned Capital Investment and Operation Co Ltd [52.7%]; KEPCO Shanxi International [17.0%]; China Development Bank Corp [8.1%]; China Cinda Asset Management Co Ltd [6.8%]; Jinneng Holding Group Co Ltd [3.5%]; Electric Power Development Co Ltd [3.5%]; Shanxi Gemeng International Energy Group Co Ltd [2.4%]; KEPCO Woori Sprott Global Private Equity Fund [2.0%]; Korea Electric Power Corp [2.0%]; unknown [2.0%],35.998745,112.89852,,,,https://www.gem.wiki/Xinguang_power_station,kepco;jpower,gem_global_integrated_power_tracker,gem_global_integrated_power_2026_08_v3.xlsx
G100000111277,L100000101543,CN,China,Yangcheng power station,Phase I Unit 1,coal,coal,coal: anthracite,subcritical,350.0,operating,2001,,,Yangcheng International Power Generating Co Ltd [100%],China Datang Corp Ltd [38.7%]; Jiangsu Guoxin Investment Group Ltd [26.7%]; Shanxi State-Owned Capital Investment and Operation Co Ltd [9.0%]; KEPCO Shanxi International [7.3%]; China Energy Construction Group Co Ltd [6.7%]; Power Construction Corporation of China Ltd [6.7%]; Electric Power Development Co Ltd [1.5%]; Shanxi Gemeng International Energy Group Co Ltd [1.0%]; KEPCO Woori Sprott Global Private Equity Fund [0.9%]; Korea Electric Power Corp [0.9%]; unknown [0.9%],35.466123,112.5742039,,,,https://www.gem.wiki/Yangcheng_power_station,kepco;jpower,gem_global_integrated_power_tracker,gem_global_integrated_power_2026_08_v3.xlsx
G100000111278,L100000101543,CN,China,Yangcheng power station,Phase I Unit 2,coal,coal,coal: anthracite,subcritical,350.0,operating,2001,,,Yangcheng International Power Generating Co Ltd [100%],China Datang Corp Ltd [38.7%]; Jiangsu Guoxin Investment Group Ltd [26.7%]; Shanxi State-Owned Capital Investment and Operation Co Ltd [9.0%]; KEPCO Shanxi International [7.3%]; China Energy Construction Group Co Ltd [6.7%]; Power Construction Corporation of China Ltd [6.7%]; Electric Power Development Co Ltd [1.5%]; Shanxi Gemeng International Energy Group Co Ltd [1.0%]; KEPCO Woori Sprott Global Private Equity Fund [0.9%]; Korea Electric Power Corp [0.9%]; unknown [0.9%],35.466123,112.5742039,,,,https://www.gem.wiki/Yangcheng_power_station,kepco;jpower,gem_global_integrated_power_tracker,gem_global_integrated_power_2026_08_v3.xlsx
G100000111279,L100000101543,CN,China,Yangcheng power station,Phase I Unit 3,coal,coal,coal: anthracite,subcritical,350.0,operating,2001,,,Yangcheng International Power Generating Co Ltd [100%],China Datang Corp Ltd [38.7%]; Jiangsu Guoxin Investment Group Ltd [26.7%]; Shanxi State-Owned Capital Investment and Operation Co Ltd [9.0%]; KEPCO Shanxi International [7.3%]; China Energy Construction Group Co Ltd [6.7%]; Power Construction Corporation of China Ltd [6.7%]; Electric Power Development Co Ltd [1.5%]; Shanxi Gemeng International Energy Group Co Ltd [1.0%]; KEPCO Woori Sprott Global Private Equity Fund [0.9%]; Korea Electric Power Corp [0.9%]; unknown [0.9%],35.466123,112.5742039,,,,https://www.gem.wiki/Yangcheng_power_station,kepco;jpower,gem_global_integrated_power_tracker,gem_global_integrated_power_2026_08_v3.xlsx
G100000111280,L100000101543,CN,China,Yangcheng power station,Phase I Unit 4,coal,coal,coal: anthracite,subcritical,350.0,operating,2002,,,Yangcheng International Power Generating Co Ltd [100%],China Datang Corp Ltd [38.7%]; Jiangsu Guoxin Investment Group Ltd [26.7%]; Shanxi State-Owned Capital Investment and Operation Co Ltd [9.0%]; KEPCO Shanxi International [7.3%]; China Energy Construction Group Co Ltd [6.7%]; Power Construction Corporation of China Ltd [6.7%]; Electric Power Development Co Ltd [1.5%]; Shanxi Gemeng International Energy Group Co Ltd [1.0%]; KEPCO Woori Sprott Global Private Equity Fund [0.9%]; Korea Electric Power Corp [0.9%]; unknown [0.9%],35.466123,112.5742039,,,,https://www.gem.wiki/Yangcheng_power_station,kepco;jpower,gem_global_integrated_power_tracker,gem_global_integrated_power_2026_08_v3.xlsx
G100000111281,L100000101543,CN,China,Yangcheng power station,Phase I Unit 5,coal,coal,coal: anthracite,subcritical,350.0,operating,2002,,,Yangcheng International Power Generating Co Ltd [100%],China Datang Corp Ltd [38.7%]; Jiangsu Guoxin Investment Group Ltd [26.7%]; Shanxi State-Owned Capital Investment and Operation Co Ltd [9.0%]; KEPCO Shanxi International [7.3%]; China Energy Construction Group Co Ltd [6.7%]; Power Construction Corporation of China Ltd [6.7%]; Electric Power Development Co Ltd [1.5%]; Shanxi Gemeng International Energy Group Co Ltd [1.0%]; KEPCO Woori Sprott Global Private Equity Fund [0.9%]; Korea Electric Power Corp [0.9%]; unknown [0.9%],35.466123,112.5742039,,,,https://www.gem.wiki/Yangcheng_power_station,kepco;jpower,gem_global_integrated_power_tracker,gem_global_integrated_power_2026_08_v3.xlsx
G100000111282,L100000101543,CN,China,Yangcheng power station,Phase I Unit 6,coal,coal,coal: anthracite,subcritical,350.0,operating,2002,,,Yangcheng International Power Generating Co Ltd [100%],China Datang Corp Ltd [38.7%]; Jiangsu Guoxin Investment Group Ltd [26.7%]; Shanxi State-Owned Capital Investment and Operation Co Ltd [9.0%]; KEPCO Shanxi International [7.3%]; China Energy Construction Group Co Ltd [6.7%]; Power Construction Corporation of China Ltd [6.7%]; Electric Power Development Co Ltd [1.5%]; Shanxi Gemeng International Energy Group Co Ltd [1.0%]; KEPCO Woori Sprott Global Private Equity Fund [0.9%]; Korea Electric Power Corp [0.9%]; unknown [0.9%],35.466123,112.5742039,,,,https://www.gem.wiki/Yangcheng_power_station,kepco;jpower,gem_global_integrated_power_tracker,gem_global_integrated_power_2026_08_v3.xlsx
G100000111283,L100000101543,CN,China,Yangcheng power station,Phase II Unit 7,coal,coal,coal: anthracite,subcritical,600.0,operating,2007,,,Datang Yangcheng Power Generation Co Ltd [100%],China Datang Corp Ltd [41.0%]; Jiangsu Guoxin Investment Group Ltd [30.0%]; Shanxi State-Owned Capital Investment and Operation Co Ltd [12.3%]; KEPCO Shanxi International [9.9%]; Electric Power Development Co Ltd [2.0%]; Shanxi Gemeng International Energy Group Co Ltd [1.4%]; KEPCO Woori Sprott Global Private Equity Fund [1.2%]; Korea Electric Power Corp [1.2%]; unknown [1.2%],35.466123,112.5742039,,,,https://www.gem.wiki/Yangcheng_power_station,kepco;jpower,gem_global_integrated_power_tracker,gem_global_integrated_power_2026_08_v3.xlsx
G100000111284,L100000101543,CN,China,Yangcheng power station,Phase II Unit 8,coal,coal,coal: anthracite,subcritical,600.0,operating,2007,,,Datang Yangcheng Power Generation Co Ltd [100%],China Datang Corp Ltd [41.0%]; Jiangsu Guoxin Investment Group Ltd [30.0%]; Shanxi State-Owned Capital Investment and Operation Co Ltd [12.3%]; KEPCO Shanxi International [9.9%]; Electric Power Development Co Ltd [2.0%]; Shanxi Gemeng International Energy Group Co Ltd [1.4%]; KEPCO Woori Sprott Global Private Equity Fund [1.2%]; Korea Electric Power Corp [1.2%]; unknown [1.2%],35.466123,112.5742039,,,,https://www.gem.wiki/Yangcheng_power_station,kepco;jpower,gem_global_integrated_power_tracker,gem_global_integrated_power_2026_08_v3.xlsx
G100001000272,L100000101543,CN,China,Yangcheng power station,Phase III Unit 9,coal,coal,coal: anthracite,ultra-supercritical,1000.0,pre-construction,,,,Yangcheng International Power Generating Co Ltd [100%],China Datang Corp Ltd [38.7%]; Jiangsu Guoxin Investment Group Ltd [26.7%]; Shanxi State-Owned Capital Investment and Operation Co Ltd [9.0%]; KEPCO Shanxi International [7.3%]; China Energy Construction Group Co Ltd [6.7%]; Power Construction Corporation of China Ltd [6.7%]; Electric Power Development Co Ltd [1.5%]; Shanxi Gemeng International Energy Group Co Ltd [1.0%]; KEPCO Woori Sprott Global Private Equity Fund [0.9%]; Korea Electric Power Corp [0.9%]; unknown [0.9%],35.466123,112.5742039,,,,https://www.gem.wiki/Yangcheng_power_station,kepco;jpower,gem_global_integrated_power_tracker,gem_global_integrated_power_2026_08_v3.xlsx
G100001000273,L100000101543,CN,China,Yangcheng power station,Phase III Unit 10,coal,coal,coal: anthracite,ultra-supercritical,1000.0,pre-construction,,,,Yangcheng International Power Generating Co Ltd [100%],China Datang Corp Ltd [38.7%]; Jiangsu Guoxin Investment Group Ltd [26.7%]; Shanxi State-Owned Capital Investment and Operation Co Ltd [9.0%]; KEPCO Shanxi International [7.3%]; China Energy Construction Group Co Ltd [6.7%]; Power Construction Corporation of China Ltd [6.7%]; Electric Power Development Co Ltd [1.5%]; Shanxi Gemeng International Energy Group Co Ltd [1.0%]; KEPCO Woori Sprott Global Private Equity Fund [0.9%]; Korea Electric Power Corp [0.9%]; unknown [0.9%],35.466123,112.5742039,,,,https://www.gem.wiki/Yangcheng_power_station,kepco;jpower,gem_global_integrated_power_tracker,gem_global_integrated_power_2026_08_v3.xlsx
G100000111447,L100000101548,CN,China,Youyu power station,Unit 1,coal,coal,coal: unknown,subcritical,330.0,operating,2011,,,Shanxi Jingyu Power Generation Co Ltd [100%],Beijing Jingneng Power Co Ltd [51.0%]; Shanxi State-Owned Capital Investment and Operation Co Ltd [20.7%]; KEPCO Shanxi International [16.7%]; Electric Power Development Co Ltd [3.4%]; Shanxi Gemeng International Energy Group Co Ltd [2.3%]; KEPCO Woori Sprott Global Private Equity Fund [2.0%]; Korea Electric Power Corp [2.0%]; unknown [2.0%],39.866092,112.511718,,,,https://www.gem.wiki/Youyu_power_station,kepco;jpower,gem_global_integrated_power_tracker,gem_global_integrated_power_2026_08_v3.xlsx
G100000111448,L100000101548,CN,China,Youyu power station,Unit 2,coal,coal,coal: unknown,subcritical,330.0,operating,2012,,,Shanxi Jingyu Power Generation Co Ltd [100%],Beijing Jingneng Power Co Ltd [51.0%]; Shanxi State-Owned Capital Investment and Operation Co Ltd [20.7%]; KEPCO Shanxi International [16.7%]; Electric Power Development Co Ltd [3.4%]; Shanxi Gemeng International Energy Group Co Ltd [2.3%]; KEPCO Woori Sprott Global Private Equity Fund [2.0%]; Korea Electric Power Corp [2.0%]; unknown [2.0%],39.866092,112.511718,,,,https://www.gem.wiki/Youyu_power_station,kepco;jpower,gem_global_integrated_power_tracker,gem_global_integrated_power_2026_08_v3.xlsx
G100000111465,L100000101551,CN,China,Yuguang Coal power station,Unit 1,coal,coal,coal: unknown,ultra-supercritical,1000.0,operating,2021,,,Shanxi International Energy Yuguang Coal Power Co Ltd [100%],Beijing State-owned Capital Management Center [24.0%]; Shanxi State-Owned Capital Investment and Operation Co Ltd [21.6%]; Hebei Construction Investment Energy Investment Co Ltd [20.0%]; KEPCO Shanxi International [17.3%]; Yuxian State Owned Capital Operation Co Ltd [4.5%]; Electric Power Development Co Ltd [3.6%]; Shanxi Gemeng International Energy Group Co Ltd [2.4%]; KEPCO Woori Sprott Global Private Equity Fund [2.0%]; Korea Electric Power Corp [2.0%]; unknown [2.0%]; Shanxi Jinyu Coal Industry (Group) Co Ltd [0.5%],38.078135,113.482791,,,,https://www.gem.wiki/Yuguang_Coal_power_station,kepco;jpower,gem_global_integrated_power_tracker,gem_global_integrated_power_2026_08_v3.xlsx
G100000111466,L100000101551,CN,China,Yuguang Coal power station,Unit 2,coal,coal,coal: unknown,ultra-supercritical,1000.0,operating,2021,,,Shanxi International Energy Yuguang Coal Power Co Ltd [100%],Beijing State-owned Capital Management Center [24.0%]; Shanxi State-Owned Capital Investment and Operation Co Ltd [21.6%]; Hebei Construction Investment Energy Investment Co Ltd [20.0%]; KEPCO Shanxi International [17.3%]; Yuxian State Owned Capital Operation Co Ltd [4.5%]; Electric Power Development Co Ltd [3.6%]; Shanxi Gemeng International Energy Group Co Ltd [2.4%]; KEPCO Woori Sprott Global Private Equity Fund [2.0%]; Korea Electric Power Corp [2.0%]; unknown [2.0%]; Shanxi Jinyu Coal Industry (Group) Co Ltd [0.5%],38.078135,113.482791,,,,https://www.gem.wiki/Yuguang_Coal_power_station,kepco;jpower,gem_global_integrated_power_tracker,gem_global_integrated_power_2026_08_v3.xlsx
G100001072762,L100000815924,DK,Denmark,Kassø solar farm,power-to-x,utility-scale solar,solar,,PV,52.0,operating,2025,,European Energy,European Energy A/S [51%]; Mitsui & Co Ltd [49%],,55.025,9.2561,,,,https://www.gem.wiki/Kassø_solar_farm,mitsui,gem_global_integrated_power_tracker,gem_global_integrated_power_2026_08_v3.xlsx
G100000408070,L100000406059,DZ,Algeria,Oumache power station,"3-1 ""أوماش 03""",oil/gas,gas,fossil gas: natural gas,combined cycle,1294.0,construction,,,,Hyunson Engineering & Construction SpA [100%],Sonelgaz SpA [51.0%]; Hyundai Engineering & Construction Co Ltd [36.6%]; small shareholder(s) [7.3%]; Hyundai Engineering Co Ltd [1.4%]; Hyundai Glovis Co Ltd [1.4%]; Hyundai Mobis Co Ltd [1.1%]; Kia Corp [1.1%],34.441042,5.889285,,,,https://www.gem.wiki/Oumache_power_station,hyundai_ec;hyundai_engineering,gem_global_integrated_power_tracker,gem_global_integrated_power_2026_08_v3.xlsx
G100000900028,L100000900026,EG,Egypt,Ras Ghareb wind farm,1,wind,wind,,Onshore,263.0,operating,2019,,Toyota Tsusho; Eurus Energy Holdings; ENGIE; Orascom Construction,ENGIE SA [40%]; Eurus Energy Holdings Corp [40%]; Orascom Construction PLC [20%]; Toyota Tsusho Corp,,28.4005,32.9572,,,,https://www.gem.wiki/Ras_Ghareb_wind_farm,toyota_tsusho,gem_global_integrated_power_tracker,gem_global_integrated_power_2026_08_v3.xlsx
G100000900064,L100000900026,EG,Egypt,Ras Ghareb wind farm,2,wind,wind,,Onshore,306.0,operating,2025,,Red Sea Wind Energy S.A.E. (RSWE),Eurus Energy Holdings Corp [40%]; Orascom Construction PLC [25%]; ENGIE SA [35%]; Toyota Tsusho Corp,,28.1338,33.2602,,,,https://www.gem.wiki/Ras_Ghareb_wind_farm,toyota_tsusho,gem_global_integrated_power_tracker,gem_global_integrated_power_2026_08_v3.xlsx
G100001050895,L100000900026,EG,Egypt,Ras Ghareb wind farm,3,wind,wind,,Onshore,344.0,operating,2025,,Red Sea Wind Energy S.A.E. (RSWE),Eurus Energy Holdings Corp [40%]; Orascom Construction PLC [25%]; ENGIE SA [35%]; Toyota Tsusho Corp,,28.1338,33.2602,,,,https://www.gem.wiki/Ras_Ghareb_wind_farm,toyota_tsusho,gem_global_integrated_power_tracker,gem_global_integrated_power_2026_08_v3.xlsx
G100001006511,L100001005471,ES,Spain,Acebuche solar farm,--,utility-scale solar,solar,,PV,50.0,pre-construction,,,,Hanwha Energy Corp,,38.659,-4.2902,,,,https://www.gem.wiki/Acebuche_solar_farm,hanwha_energy,gem_global_integrated_power_tracker,gem_global_integrated_power_2026_08_v3.xlsx
G100001005384,L100001004587,ES,Spain,Almendro solar farm,--,utility-scale solar,solar,,PV,50.0,pre-construction,,,Almendro Solar,Hanwha Energy Corp [100%],,42.0963,-4.6095,,,,https://www.gem.wiki/Almendro_solar_farm,hanwha_energy,gem_global_integrated_power_tracker,gem_global_integrated_power_2026_08_v3.xlsx
G100001006515,L100001005475,ES,Spain,Braza Corona solar farm,--,utility-scale solar,solar,,PV,50.0,pre-construction,,,,Hanwha Energy Corp,,38.6588,-4.2928,,,,https://www.gem.wiki/Braza_Corona_solar_farm,hanwha_energy,gem_global_integrated_power_tracker,gem_global_integrated_power_2026_08_v3.xlsx
G100000827656,L100000824500,ES,Spain,El Carpio 1 Thermosolar farm,--,utility-scale solar,solar,,Solar Thermal,50.0,operating,2012,,Abengoa,Abengoa SA [76%]; JGC Holdings Corp [24%],,37.9557,-4.5029,,,,https://www.gem.wiki/El_Carpio_1_Thermosolar_farm,jgc,gem_global_integrated_power_tracker,gem_global_integrated_power_2026_08_v3.xlsx
G100000827657,L100000824501,ES,Spain,El Carpio 2 Thermosolar farm,--,utility-scale solar,solar,,Solar Thermal,50.0,operating,2012,,Abengoa,Abengoa SA [76%]; JGC Holdings Corp [24%],,37.961,-4.4754,,,,https://www.gem.wiki/El_Carpio_2_Thermosolar_farm,jgc,gem_global_integrated_power_tracker,gem_global_integrated_power_2026_08_v3.xlsx
G100000828105,L100000824865,ES,Spain,Solaben 2 CSP solar farm,--,utility-scale solar,solar,,Solar Thermal,50.0,operating,2012,,,Abengoa SA [70%]; ITOCHU Corp [30%],,39.2291,-5.398,,,,https://www.gem.wiki/Solaben_2_CSP_solar_farm,itochu,gem_global_integrated_power_tracker,gem_global_integrated_power_2026_08_v3.xlsx
G100000828106,L100000824866,ES,Spain,Solaben 3 CSP solar farm,--,utility-scale solar,solar,,Solar Thermal,50.0,operating,2012,,,Abengoa SA [70%]; ITOCHU Corp [30%],,39.225,-5.3985,,,,https://www.gem.wiki/Solaben_3_CSP_solar_farm,itochu,gem_global_integrated_power_tracker,gem_global_integrated_power_2026_08_v3.xlsx
G100000915831,L100000912691,ES,Spain,Vicedo wind farm,--,wind,wind,,Onshore,25.0,operating,1998,,Parque Eólico de Vicedo,Eurus Energy [100%],,43.692,-7.6718,,,,https://www.gem.wiki/Vicedo_wind_farm,toyota_tsusho,gem_global_integrated_power_tracker,gem_global_integrated_power_2026_08_v3.xlsx
G100000201371,L100000201153,FI,Finland,Joutseno Pulp power station,--,bioenergy,bioenergy,"bioenergy: paper mill wastes, fossil gas: natural gas",,85.0,operating,2012,,,Metsä Fibre Oy [100%],Metsäliitto Cooperative [50.1%]; ITOCHU Corp [25.0%]; Metsä Board Oyj [24.9%],61.1303,28.4521,,,,https://www.gem.wiki/Joutseno_Pulp_power_station,itochu,gem_global_integrated_power_tracker,gem_global_integrated_power_2026_08_v3.xlsx
G100000200289,L100000200256,FI,Finland,Kemi Bioproduct Mill power station,--,bioenergy,bioenergy,"bioenergy: wood & other biomass (solids), bioenergy: paper mill wastes",,270.0,operating,2023,,Metsä Fibre,Metsä Fibre Oy [100%],Metsäliitto Cooperative [50.1%]; ITOCHU Corp [25.0%]; Metsä Board Oyj [24.9%],65.7613,24.522,,,,https://www.gem.wiki/Kemi_Bioproduct_Mill_power_station,itochu,gem_global_integrated_power_tracker,gem_global_integrated_power_2026_08_v3.xlsx
G100000200290,L100000200257,FI,Finland,Kemi Pulp Mill power station,--,bioenergy,bioenergy,"bioenergy: paper mill wastes, bioenergy: wood & other biomass (solids)",,83.0,retired,1980,2023,Metsä Fibre,Metsä Fibre Oy [100%],Metsäliitto Cooperative [50.1%]; ITOCHU Corp [25.0%]; Metsä Board Oyj [24.9%],65.7602,24.5293,,,,https://www.gem.wiki/Kemi_Pulp_Mill_power_station,itochu,gem_global_integrated_power_tracker,gem_global_integrated_power_2026_08_v3.xlsx
G100000201378,L100000201159,FI,Finland,Metsä Rauma power station,--,bioenergy,bioenergy,bioenergy: paper mill wastes,,75.0,operating,1996,,,Metsä Fibre Oy [100%],Metsäliitto Cooperative [50.1%]; ITOCHU Corp [25.0%]; Metsä Board Oyj [24.9%],61.1113,21.4648,,,,https://www.gem.wiki/Metsä_Rauma_power_station,itochu,gem_global_integrated_power_tracker,gem_global_integrated_power_2026_08_v3.xlsx
G100000200235,L100000200209,FI,Finland,Äänekoski Bioproduct Mill power station,--,bioenergy,bioenergy,bioenergy: paper mill wastes,,260.0,operating,2017,,,Metsä Fibre Oy [100%],Metsäliitto Cooperative [50.1%]; ITOCHU Corp [25.0%]; Metsä Board Oyj [24.9%],62.5908,25.7522,,,,https://www.gem.wiki/Äänekoski_Bioproduct_Mill_power_station,itochu,gem_global_integrated_power_tracker,gem_global_integrated_power_2026_08_v3.xlsx
G100001052830,L100001046672,FI,Finland,Äänekoski power station,--,bioenergy,bioenergy,bioenergy: wood & other biomass (solids),,35.0,operating,2002,,,Metsä Fibre Oy,ITOCHU Corp; Metsä Board Oyj; Metsäliitto Cooperative,62.5978045489148,25.7324928288353,,,,https://www.gem.wiki/Äänekoski_power_station,itochu,gem_global_integrated_power_tracker,gem_global_integrated_power_2026_08_v3.xlsx
G100000915436,L100000912337,FR,France,Basse Thiérarche wind farm,Sud,wind,wind,,Onshore,24.0,operating,2014,,EDF Renewables,Diamond Generating Europe; EDF Renewables,,49.9509,3.6645,,,,https://www.gem.wiki/Basse_Thiérarche_wind_farm,mitsubishi_corp,gem_global_integrated_power_tracker,gem_global_integrated_power_2026_08_v3.xlsx
G100000920005,L100000916207,FR,France,Dieppe-Le Treport wind farm,--,wind,wind,,Offshore hard mount,496.0,construction,2026,,Sumitomo; EDPR Renewable Energy Sources of Greece 1 Sole Proprietorship; ENGIE; Caisse des dépôts et consignations,EDPR Renewable Energy Sources of Greece 1 Sole Proprietorship [29%]; Caisse des dépôts et consignations [10%]; ENGIE SA [31%]; Sumitomo Corp [29%],,50.1876,1.0274,,,,https://www.gem.wiki/Dieppe-Le_Treport_wind_farm,sumitomo_corp,gem_global_integrated_power_tracker,gem_global_integrated_power_2026_08_v3.xlsx
G100000911915,L100000909176,FR,France,Plaine De L’Escrebieux wind farm,--,wind,wind,,Onshore,12.0,operating,2014,,EDF Renewables,Diamond Generating Europe; EDF Renewables,,50.3919,3.0483,,,,https://www.gem.wiki/Plaine_De_L’Escrebieux_wind_farm,mitsubishi_corp,gem_global_integrated_power_tracker,gem_global_integrated_power_2026_08_v3.xlsx
G100000913238,L100000910386,FR,France,Seuil De Bapaume wind farm,1,wind,wind,,Onshore,15.0,operating,2014,,EDF Renewables,Diamond Generating Europe; EDF Renewables,,50.0531,2.8908,,,,https://www.gem.wiki/Seuil_De_Bapaume_wind_farm,mitsubishi_corp,gem_global_integrated_power_tracker,gem_global_integrated_power_2026_08_v3.xlsx
G100000806629,L100000805759,FR,France,Toul-Rosières Solar Park,1,utility-scale solar,solar,,PV,55.0,operating,2012,,EDF Energy Services,Mitsubishi Corporation Energy Solutions Ltd [100%],,48.783,5.9826,,,,https://www.gem.wiki/Toul-Rosières_Solar_Park,mitsubishi_corp,gem_global_integrated_power_tracker,gem_global_integrated_power_2026_08_v3.xlsx
G100000200254,L100000200224,GB,United Kingdom,Brigg Renewable Energy power station,--,bioenergy,bioenergy,"bioenergy: wood & other biomass (solids), bioenergy: agricultural waste (solids)",,40.0,operating,2016,,Burmeister & Wain Scandinavian Contractor,Octopus Renewables Ltd [100%],Canada Pension Plan Investment Board; GIM Willow (Scotland) LP; Octopus Nominees Ltd; Origin Energy International Holding Pty Ltd; Tokyo Gas United Kingdom Ltd,53.5423,-0.5092,,,,https://www.gem.wiki/Brigg_Renewable_Energy_power_station,tokyo_gas,gem_global_integrated_power_tracker,gem_global_integrated_power_2026_08_v3.xlsx
G100001092248,L100001081921,GB,United Kingdom,Galloper offshore wind farm,1,wind,wind,,Offshore hard mount,353.0,operating,2018,,RWE AG,RWE AG [25%]; Siemens Financial Services Inc [25%]; ESB Group [12%]; Equitix Investment Management Ltd [25%]; Sumitomo Corporation [12%],,51.88,2.04,,,,https://www.gem.wiki/Galloper_offshore_wind_farm,sumitomo_corp,gem_global_integrated_power_tracker,gem_global_integrated_power_2026_08_v3.xlsx
G100000920087,L100000916276,GB,United Kingdom,Lynch Knoll wind farm,--,wind,wind,,Offshore hard mount,1.5,cancelled,,,RWE,Electric Power Development Co Ltd [25%]; Kansai Electric Power Co [16%]; RWE AG [59%],,51.702,-2.2677,,,,https://www.gem.wiki/Triton_Knoll_wind_farm,jpower;kansai,gem_global_integrated_power_tracker,gem_global_integrated_power_2026_08_v3.xlsx
G100000926187,L100000921260,GB,United Kingdom,Ossian Offshore wind farm,--,wind,wind,,Offshore floating,3600.0,pre-construction,,,,SSE Renewables; Marubeni Corp; Copenhagen Infrastructure Partners P/S,,56.515,-1.3787,,,,https://www.gem.wiki/Ossian_Offshore_wind_farm,marubeni,gem_global_integrated_power_tracker,gem_global_integrated_power_2026_08_v3.xlsx
G100000919408,L100000915702,GB,United Kingdom,Pentland wind farm,--,wind,wind,,Offshore floating,100.0,pre-construction,,,,Eurus Energy UK; Highland Floating Winds Ltd; Copenhagen Infrastructure Partners P/S,,58.5965,-3.5238,,,,https://www.gem.wiki/Pentland_wind_farm,toyota_tsusho,gem_global_integrated_power_tracker,gem_global_integrated_power_2026_08_v3.xlsx
G100000108655,L100000103761,GB,United Kingdom,Rugeley power station,Unit B1,coal,coal,coal: bituminous,subcritical,547.0,retired,1972,2016,,Mitsui & Co Ltd [50%]; ENGIE SA [50%],ENGIE SA [50.0%]; Mitsui & Co Ltd [50.0%],52.757445,-1.919979,,,,https://www.gem.wiki/Rugeley_power_station,mitsui,gem_global_integrated_power_tracker,gem_global_integrated_power_2026_08_v3.xlsx
G100000108656,L100000103761,GB,United Kingdom,Rugeley power station,Unit B2,coal,coal,coal: bituminous,subcritical,547.0,retired,1972,2016,,Mitsui & Co Ltd [50%]; ENGIE SA [50%],ENGIE SA [50.0%]; Mitsui & Co Ltd [50.0%],52.757445,-1.919979,,,,https://www.gem.wiki/Rugeley_power_station,mitsui,gem_global_integrated_power_tracker,gem_global_integrated_power_2026_08_v3.xlsx
G100000200324,L100000200289,GB,United Kingdom,Severnside Energy-from-Waste power station,--,bioenergy,bioenergy,bioenergy: refuse (municipal and industrial wastes),,38.0,operating,2016,,SUEZ Recycling and Recovery UK,West London Energy Recovery Ltd [100%],ITOCHU Corp; Pip Multi-Strategy Infrastructure Ppp LP; Suez Advanced Solutions Holdings Uk Ltd,51.5406,-2.6553,,,,https://www.gem.wiki/Severnside_Energy-from-Waste_power_station,itochu,gem_global_integrated_power_tracker,gem_global_integrated_power_2026_08_v3.xlsx
G100000200331,L100000200296,GB,United Kingdom,Snetterton power station,--,bioenergy,bioenergy,"bioenergy: wood & other biomass (solids), bioenergy: agricultural waste (solids)",,42.0,operating,2017,,Burmeister & Wain Scandinavian Contractor,Octopus Renewables Ltd [100%],Canada Pension Plan Investment Board; GIM Willow (Scotland) LP; Octopus Nominees Ltd; Origin Energy International Holding Pty Ltd; Tokyo Gas United Kingdom Ltd,52.4816,0.9541,,,,https://www.gem.wiki/Snetterton_power_station,tokyo_gas,gem_global_integrated_power_tracker,gem_global_integrated_power_2026_08_v3.xlsx
G100001063662,L100001055748,GB,United Kingdom,Triton Knoll (Innogy) wind farm,--,wind,wind,,Offshore mount unknown,857.0,operating,2022,,,RWE AG [59%]; J-Power [25%]; Kansai Electric Power [16%],,53.2123,0.8616,,,,https://www.gem.wiki/Triton_Knoll_(Innogy)_wind_farm,jpower;kansai,gem_global_integrated_power_tracker,gem_global_integrated_power_2026_08_v3.xlsx
G100000915857,L100000912713,GB,United Kingdom,Upper Kinknockie wind farm,--,wind,wind,,Onshore,1.5,cancelled,,,,Marubeni Corp,,57.4602,-1.989,,,,https://www.gem.wiki/Upper_Ogmore_wind_farm,marubeni,gem_global_integrated_power_tracker,gem_global_integrated_power_2026_08_v3.xlsx
G100000200357,L100000200321,GB,United Kingdom,Wilton EFW power station,1,bioenergy,bioenergy,bioenergy: refuse (municipal and industrial wastes),,49.0,operating,2018,,SUEZ,ITOCHU Corp [20%]; SUEZ Recycling and Recovery UK [40%]; Sembcorp Industries Ltd [40%],Sembcorp Industries Ltd [40.0%]; ITOCHU Corp [20.0%]; Suez Advanced Solutions Holdings Uk Ltd,54.587793,-1.127987,,,,https://www.gem.wiki/Wilton_11_Energy_from_Waste_power_station,itochu,gem_global_integrated_power_tracker,gem_global_integrated_power_2026_08_v3.xlsx
G100000407094,L100000406753,GH,Ghana,Kpone IPP (KIPP) power station,1,oil/gas,gas,"fossil gas: natural gas, fossil liquids: fuel oil",combined cycle,350.0,operating,2019,,,Cenpower Generation Company Ltd [100%],Africa Finance Corp [32.0%]; Sumitomo Corp [28.0%]; Cenpower Holdings Ltd [21.0%]; Macquarie Group Ltd [7.5%]; Old Mutual Ltd [7.5%]; small shareholder(s) [4.0%],5.681203,0.041086,,,,https://www.gem.wiki/Kpone_IPP_(KIPP)_power_station,sumitomo_corp,gem_global_integrated_power_tracker,gem_global_integrated_power_2026_08_v3.xlsx
G100000914769,L100000911751,GR,Greece,Madara (Eurus Greece) wind farm,--,wind,wind,,Onshore,18.0,cancelled,,,,Eurus Greece AEVE [100%],,37.0235,22.9092,,,,https://www.gem.wiki/Madara_(Eurus_Greece)_wind_farm,toyota_tsusho,gem_global_integrated_power_tracker,gem_global_integrated_power_2026_08_v3.xlsx
G100000806432,L100000805590,GU,Guam,Malojloj solar farm,--,utility-scale solar,solar,,PV,60.0,pre-construction,,,Hanwha Energy,Hanwha Energy Corp [100%],,13.4501,144.7576,,,,https://www.gem.wiki/Malojloj_solar_farm,hanwha_energy,gem_global_integrated_power_tracker,gem_global_integrated_power_2026_08_v3.xlsx
G100000806445,L100000805602,GU,Guam,Mangilao solar farm,--,utility-scale solar,solar,,PV,60.0,operating,2022,,KEPCO Mangilao Solar,Foss and Co; Korea Electric Power Corp,,13.4891,144.8613,,,,https://www.gem.wiki/Mangilao_solar_farm,kepco,gem_global_integrated_power_tracker,gem_global_integrated_power_2026_08_v3.xlsx
G100000407918,L100000406935,GU,Guam,Ukudu power station,1,oil/gas,gas,"fossil gas: LNG, fossil liquids: diesel",combined cycle,198.0,operating,2025,,,Guam Ukudu Power LLC [100%],Korea Electric Power Corp [100.0%],13.52612,144.817776,,,,https://www.gem.wiki/Ukudu_power_station,kepco,gem_global_integrated_power_tracker,gem_global_integrated_power_2026_08_v3.xlsx
G100001062047,L100001054214,GU,Guam,Yona solar farm,--,utility-scale solar,solar,,Assumed PV,132.0,announced,2028,,,Samsun E&C America Inc; Korea East-West Power Co Ltd; Korea Electric Power Corp; Samsung C&T Corp,,13.388,144.7217,,,,https://www.gem.wiki/Yona_solar_farm,kepco;ewp;samsung_ct,gem_global_integrated_power_tracker,gem_global_integrated_power_2026_08_v3.xlsx
G100000100367,L100000102695,ID,Indonesia,Asahimas Chemical power station,Unit 1,coal,coal,coal: unknown,unknown,150.0,operating,2019,,,PT Asahimas Chemical [100%],AGC Inc [52.5%]; natural person(s) [18.0%]; PT Rodamas [18.0%]; Mitsubishi Corp [11.5%],-6.024754,105.942635,,,,https://www.gem.wiki/Asahimas_Chemical_power_station,mitsubishi_corp,gem_global_integrated_power_tracker,gem_global_integrated_power_2026_08_v3.xlsx
G100000112731,L100000102695,ID,Indonesia,Asahimas Chemical power station,Unit 2,coal,coal,coal: unknown,unknown,150.0,operating,2019,,,PT Asahimas Chemical [100%],AGC Inc [52.5%]; natural person(s) [18.0%]; PT Rodamas [18.0%]; Mitsubishi Corp [11.5%],-6.024754,105.942635,,,,https://www.gem.wiki/Asahimas_Chemical_power_station,mitsubishi_corp,gem_global_integrated_power_tracker,gem_global_integrated_power_2026_08_v3.xlsx
G100000101261,L100000102709,ID,Indonesia,Central Java Power Project,Unit 1,coal,coal,coal: subbituminous,ultra-supercritical,950.0,operating,2022,,,PT Bhimasena Power Indonesia [100%],Electric Power Development Co Ltd [34.0%]; PT Alamtri Resources Indonesia Tbk [34.0%]; ITOCHU Corp [32.0%],-6.900828,109.803685,,,,https://www.gem.wiki/Central_Java_Power_Project,itochu;jpower,gem_global_integrated_power_tracker,gem_global_integrated_power_2026_08_v3.xlsx
G100000101262,L100000102709,ID,Indonesia,Central Java Power Project,Unit 2,coal,coal,coal: subbituminous,ultra-supercritical,950.0,operating,2022,,,PT Bhimasena Power Indonesia [100%],Electric Power Development Co Ltd [34.0%]; PT Alamtri Resources Indonesia Tbk [34.0%]; ITOCHU Corp [32.0%],-6.900828,109.803685,,,,https://www.gem.wiki/Central_Java_Power_Project,itochu;jpower,gem_global_integrated_power_tracker,gem_global_integrated_power_2026_08_v3.xlsx
G100000101590,L100000102814,ID,Indonesia,Cirebon power station,Unit 1,coal,coal,coal: unknown,supercritical,660.0,operating,2012,2042,,PT Cirebon Electric Power [100%],Marubeni Corp [32.5%]; Korea Electric Power Corp [27.5%]; PT Indika Energy Tbk [20.0%]; Samchully Co Ltd [20.0%],-6.770286,108.614858,,,,https://www.gem.wiki/Cirebon_power_station,kepco;marubeni,gem_global_integrated_power_tracker,gem_global_integrated_power_2026_08_v3.xlsx
G100000101591,L100000102814,ID,Indonesia,Cirebon power station,Unit 2,coal,coal,coal: unknown,ultra-supercritical,924.0,operating,2023,,,PT Cirebon Electric Power [100%],Marubeni Corp [32.5%]; Korea Electric Power Corp [27.5%]; PT Indika Energy Tbk [20.0%]; Samchully Co Ltd [20.0%],-6.770286,108.614858,,,,https://www.gem.wiki/Cirebon_power_station,kepco;marubeni,gem_global_integrated_power_tracker,gem_global_integrated_power_2026_08_v3.xlsx
G100000112733,L100000102814,ID,Indonesia,Cirebon power station,Unit 3,coal,coal,coal: unknown,ultra-supercritical,1000.0,cancelled,,,,PT Cirebon Electric Power [100%],Marubeni Corp [32.5%]; Korea Electric Power Corp [27.5%]; PT Indika Energy Tbk [20.0%]; Samchully Co Ltd [20.0%],-6.770286,108.614858,,,,https://www.gem.wiki/Cirebon_power_station,kepco;marubeni,gem_global_integrated_power_tracker,gem_global_integrated_power_2026_08_v3.xlsx
G100000104953,L100000102743,ID,Indonesia,Jambi Tebo power station,Unit 1,coal,coal,coal: unknown,unknown,200.0,cancelled,,,,Korea South-East Power Co Ltd [100%],Korea Electric Power Corp [100.0%],-1.39,102.42,,,,https://www.gem.wiki/Jambi_Tebo_power_station,kepco;koen,gem_global_integrated_power_tracker,gem_global_integrated_power_2026_08_v3.xlsx
G100000104954,L100000102743,ID,Indonesia,Jambi Tebo power station,Unit 2,coal,coal,coal: unknown,unknown,200.0,cancelled,,,,Korea South-East Power Co Ltd [100%],Korea Electric Power Corp [100.0%],-1.39,102.42,,,,https://www.gem.wiki/Jambi_Tebo_power_station,kepco;koen,gem_global_integrated_power_tracker,gem_global_integrated_power_2026_08_v3.xlsx
G100000602159,L100000602133,ID,Indonesia,Muara Juloi hydroelectric plant,,hydropower,hydro,,conventional storage,284.0,announced,,,,Korea Midland Power CO LTD (KOMIPO) [100%],,-0.6734,114.6246,,,,https://www.gem.wiki/Muara_Juloi_hydroelectric_plant,komipo,gem_global_integrated_power_tracker,gem_global_integrated_power_2026_08_v3.xlsx
G100000700188,L100000700113,ID,Indonesia,Muarah Laboh geothermal plant,1,geothermal,geothermal,,flash steam - double,85.0,operating,2019,,PT Supreme Energy,INPEX Corp [33%]; ENGIE SA [18%]; Sumitomo Corp [18%]; PT Supreme Energy [30%],,-1.6268,101.1296,,,,https://www.gem.wiki/Muarah_Laboh_geothermal_plant,sumitomo_corp,gem_global_integrated_power_tracker,gem_global_integrated_power_2026_08_v3.xlsx
G100000700189,L100000700113,ID,Indonesia,Muarah Laboh geothermal plant,2,geothermal,geothermal,,flash steam - unknown,80.0,construction,2027,,PT Supreme Energy,INPEX Corp [33%]; ENGIE SA [18%]; Sumitomo Corp [18%]; PT Supreme Energy [30%],,-1.6268,101.1296,,,,https://www.gem.wiki/Muarah_Laboh_geothermal_plant,sumitomo_corp,gem_global_integrated_power_tracker,gem_global_integrated_power_2026_08_v3.xlsx
G100000400914,L100000405276,ID,Indonesia,PLTGU Jawa-1 power station,1,oil/gas,gas,fossil gas: LNG,combined cycle,880.0,operating,2024,,,PT Jawa Satu Power [100%],Marubeni Corp [40.0%]; PT Pertamina (Persero) [40.0%]; Sojitz Corp [20.0%],-6.244232,107.588132,,,,https://www.gem.wiki/PLTGU_Jawa-1_power_station,marubeni;sojitz,gem_global_integrated_power_tracker,gem_global_integrated_power_2026_08_v3.xlsx
G100000410593,L100000405276,ID,Indonesia,PLTGU Jawa-1 power station,2,oil/gas,gas,fossil gas: LNG,combined cycle,880.0,operating,2024,,,PT Jawa Satu Power [100%],Marubeni Corp [40.0%]; PT Pertamina (Persero) [40.0%]; Sojitz Corp [20.0%],-6.244232,107.588132,,,,https://www.gem.wiki/PLTGU_Jawa-1_power_station,marubeni;sojitz,gem_global_integrated_power_tracker,gem_global_integrated_power_2026_08_v3.xlsx
G100001093557,L100001082958,ID,Indonesia,PT Krakatau Posco Energy power station,Unit 1,coal,coal,coal: unknown,unknown,100.0,operating,2014,,,Krakatau Posco Energy PT [100%],POSCO International Corp [55.0%]; PT Krakatau Chandra Energi [45.0%],-6.0068473,105.9715142,,,,https://www.gem.wiki/PT_Krakatau_Posco_Energy_power_station,posco_international,gem_global_integrated_power_tracker,gem_global_integrated_power_2026_08_v3.xlsx
G100001093558,L100001082958,ID,Indonesia,PT Krakatau Posco Energy power station,Unit 2,coal,coal,coal: unknown,unknown,100.0,operating,2014,,,Krakatau Posco Energy PT [100%],POSCO International Corp [55.0%]; PT Krakatau Chandra Energi [45.0%],-6.0068473,105.9715142,,,,https://www.gem.wiki/PT_Krakatau_Posco_Energy_power_station,posco_international,gem_global_integrated_power_tracker,gem_global_integrated_power_2026_08_v3.xlsx
G100000107732,L100000102729,ID,Indonesia,Paiton-2 power station,Unit 1,coal,coal,coal: subbituminous,subcritical,660.0,operating,2000,,,PT Jawa Power [100%],Siemens AG [50.0%]; Marubeni Corp [17.5%]; YTL Corporation Bhd [17.5%]; PT Bumipertiwi Tatapradipta [15.0%],-7.715299,113.585706,,,,https://www.gem.wiki/Paiton-2_power_station,marubeni,gem_global_integrated_power_tracker,gem_global_integrated_power_2026_08_v3.xlsx
G100000107733,L100000102729,ID,Indonesia,Paiton-2 power station,Unit 2,coal,coal,coal: subbituminous,subcritical,660.0,operating,2000,,,PT Jawa Power [100%],Siemens AG [50.0%]; Marubeni Corp [17.5%]; YTL Corporation Bhd [17.5%]; PT Bumipertiwi Tatapradipta [15.0%],-7.715299,113.585706,,,,https://www.gem.wiki/Paiton-2_power_station,marubeni,gem_global_integrated_power_tracker,gem_global_integrated_power_2026_08_v3.xlsx
G100000604725,L100000602139,ID,Indonesia,Peusangan 4 hydroelectric plant,,hydropower,hydro,,run-of-river,120.0,pre-construction,,,,PT Wijaya Karya (Persero) [25%]; Korea South-East Power Co Ltd [25%]; IGIS Asset Management [20%]; Hyundai Engineering & Construction Co Ltd [30%],,4.6242,96.8501,,,,https://www.gem.wiki/Peusangan_4_hydroelectric_plant,koen;hyundai_ec,gem_global_integrated_power_tracker,gem_global_integrated_power_2026_08_v3.xlsx
G100000700237,L100000700144,ID,Indonesia,Rajabasa geothermal power plant,1,geothermal,geothermal,,unknown type,110.0,construction,,,PT Supreme Energy,ENGIE SA [33%]; PT Supreme Energy [33%]; Sumitomo Corp [33%],,-5.7817,105.6256,,,,https://www.gem.wiki/Rajabasa_geothermal_power_plant,sumitomo_corp,gem_global_integrated_power_tracker,gem_global_integrated_power_2026_08_v3.xlsx
G100000700238,L100000700144,ID,Indonesia,Rajabasa geothermal power plant,2,geothermal,geothermal,,unknown type,110.0,construction,,,PT Supreme Energy,ENGIE SA [33%]; PT Supreme Energy [33%]; Sumitomo Corp [33%],,-5.7817,105.6256,,,,https://www.gem.wiki/Rajabasa_geothermal_power_plant,sumitomo_corp,gem_global_integrated_power_tracker,gem_global_integrated_power_2026_08_v3.xlsx
G100001051495,L100001045713,ID,Indonesia,Rajamandala hydroelectric plant,,hydropower,hydro,,run-of-river,47.0,operating,2019,,Rajamandala Electric Power CO LTD,Kansai Electric Power Co; PT PLN Indonesia Power,,-6.8573,107.3394,,,,https://www.gem.wiki/Rajamandala_hydroelectric_plant,kansai,gem_global_integrated_power_tracker,gem_global_integrated_power_2026_08_v3.xlsx
G100000700240,L100000700146,ID,Indonesia,Rantau Dedep geothermal power plant,1,geothermal,geothermal,,flash steam - double,91.0,operating,2021,,PT Supreme Energy Rantau Dedap,Marubeni Corp [27%]; PT Supreme Energy [25%]; ENGIE SA [37%]; Tohoku Electric Power Co Inc [10%],,-4.2069,103.3857,,,,https://www.gem.wiki/Rantau_Dedep_geothermal_power_plant,marubeni;tohoku,gem_global_integrated_power_tracker,gem_global_integrated_power_2026_08_v3.xlsx
G100001051492,L100001045710,ID,Indonesia,Semangka hydroelectric plant,,hydropower,hydro,,run-of-river,57.0,operating,2018,,,Korea Midland Power Co Ltd; Posco E&C,,-5.3911,104.3854,,,,https://www.gem.wiki/Semangka_hydroelectric_plant,komipo,gem_global_integrated_power_tracker,gem_global_integrated_power_2026_08_v3.xlsx
G100000109790,L100000102785,ID,Indonesia,Tabalong power station,Unit 1,coal,coal,coal: lignite,subcritical,100.0,operating,2019,,,PT Tanjung Power Indonesia [100%],PT Alamtri Resources Indonesia Tbk [65.0%]; Korea Electric Power Corp [35.0%],-2.163427,115.440814,,,,https://www.gem.wiki/Tabalong_power_station,kepco,gem_global_integrated_power_tracker,gem_global_integrated_power_2026_08_v3.xlsx
G100000109791,L100000102785,ID,Indonesia,Tabalong power station,Unit 2,coal,coal,coal: lignite,subcritical,100.0,operating,2019,,,PT Tanjung Power Indonesia [100%],PT Alamtri Resources Indonesia Tbk [65.0%]; Korea Electric Power Corp [35.0%],-2.163427,115.440814,,,,https://www.gem.wiki/Tabalong_power_station,kepco,gem_global_integrated_power_tracker,gem_global_integrated_power_2026_08_v3.xlsx
G100000109956,L100000102714,ID,Indonesia,Tanjung Jati B power station,Unit 3,coal,coal,coal: bituminous,subcritical,660.0,operating,2011,,,PT Central Java Power [100%],Sumitomo Corp [100.0%],-6.446,110.7423,,,,https://www.gem.wiki/Tanjung_Jati_B_power_station,sumitomo_corp,gem_global_integrated_power_tracker,gem_global_integrated_power_2026_08_v3.xlsx
G100000109957,L100000102714,ID,Indonesia,Tanjung Jati B power station,Unit 4,coal,coal,coal: bituminous,subcritical,660.0,operating,2012,,,PT Central Java Power [100%],Sumitomo Corp [100.0%],-6.446,110.7423,,,,https://www.gem.wiki/Tanjung_Jati_B_power_station,sumitomo_corp,gem_global_integrated_power_tracker,gem_global_integrated_power_2026_08_v3.xlsx
G100000109958,L100000102714,ID,Indonesia,Tanjung Jati B power station,Unit 5,coal,coal,coal: subbituminous,ultra-supercritical,1000.0,operating,2022,2047,,PT Bhumi Jati Power [100%],Sumitomo Corp [50.0%]; Kansai Electric Power Co [25.0%]; PT United Tractors Tbk [25.0%],-6.446488,110.742359,,,,https://www.gem.wiki/Tanjung_Jati_B_power_station,sumitomo_corp;kansai,gem_global_integrated_power_tracker,gem_global_integrated_power_2026_08_v3.xlsx
G100000109959,L100000102714,ID,Indonesia,Tanjung Jati B power station,Unit 6,coal,coal,coal: subbituminous,ultra-supercritical,1000.0,operating,2022,2047,,PT Bhumi Jati Power [100%],Sumitomo Corp [50.0%]; Kansai Electric Power Co [25.0%]; PT United Tractors Tbk [25.0%],-6.446488,110.742359,,,,https://www.gem.wiki/Tanjung_Jati_B_power_station,sumitomo_corp;kansai,gem_global_integrated_power_tracker,gem_global_integrated_power_2026_08_v3.xlsx
G100000109960,L100000102714,ID,Indonesia,Tanjung Jati B power station,Unit 1,coal,coal,coal: bituminous,subcritical,660.0,operating,2006,,,PT Central Java Power [100%],Sumitomo Corp [100.0%],-6.4447822,110.743491,,,,https://www.gem.wiki/Tanjung_Jati_B_power_station,sumitomo_corp,gem_global_integrated_power_tracker,gem_global_integrated_power_2026_08_v3.xlsx
G100000109961,L100000102714,ID,Indonesia,Tanjung Jati B power station,Unit 2,coal,coal,coal: bituminous,subcritical,660.0,operating,2006,,,PT Central Java Power [100%],Sumitomo Corp [100.0%],-6.4447822,110.743491,,,,https://www.gem.wiki/Tanjung_Jati_B_power_station,sumitomo_corp,gem_global_integrated_power_tracker,gem_global_integrated_power_2026_08_v3.xlsx
G100000401458,L100000401488,IN,India,Mangaon Combined Cycle power plant,1,oil/gas,gas,fossil gas: natural gas,combined cycle,388.0,operating,2016,,,Pioneer Gas Power Ltd [100%],unknown [61.5%]; Korea Electric Power Corp [38.5%],18.3879,73.3529,,,,https://www.gem.wiki/Mangaon_Combined_Cycle_power_plant,kepco,gem_global_integrated_power_tracker,gem_global_integrated_power_2026_08_v3.xlsx
G100000401484,L100000401514,IN,India,P.Nallur Combined Cycle power plant,1,oil/gas,gas,"fossil gas: natural gas, fossil liquids: naphtha",combined cycle,331.0,operating,2001,,,PPN Power Generating Company Pvt Ltd [100%],Apollo Infrastructure Projects Finance Company Pvt Ltd [64.3%]; Marubeni Corp [26.0%]; HDFC Standard life Insurance Co Ltd [2.7%],11.0749,79.834,,,,https://www.gem.wiki/P.Nallur_Combined_Cycle_power_plant,marubeni,gem_global_integrated_power_tracker,gem_global_integrated_power_2026_08_v3.xlsx
G100000412584,L100000401514,IN,India,P.Nallur Combined Cycle power plant,4,oil/gas,gas,fossil gas: natural gas,combined cycle,360.0,cancelled - inferred 4 y,,,,PPN Power Generating Company Pvt Ltd [100%],Apollo Infrastructure Projects Finance Company Pvt Ltd [64.3%]; Marubeni Corp [26.0%]; HDFC Standard life Insurance Co Ltd [2.7%],11.0749,79.834,,,,https://www.gem.wiki/P.Nallur_Combined_Cycle_power_plant,marubeni,gem_global_integrated_power_tracker,gem_global_integrated_power_2026_08_v3.xlsx
G100000412585,L100000401514,IN,India,P.Nallur Combined Cycle power plant,3,oil/gas,gas,fossil gas: natural gas,combined cycle,360.0,cancelled - inferred 4 y,,,,PPN Power Generating Company Pvt Ltd [100%],Apollo Infrastructure Projects Finance Company Pvt Ltd [64.3%]; Marubeni Corp [26.0%]; HDFC Standard life Insurance Co Ltd [2.7%],11.0749,79.834,,,,https://www.gem.wiki/P.Nallur_Combined_Cycle_power_plant,marubeni,gem_global_integrated_power_tracker,gem_global_integrated_power_2026_08_v3.xlsx
G100000412586,L100000401514,IN,India,P.Nallur Combined Cycle power plant,2,oil/gas,gas,fossil gas: natural gas,combined cycle,360.0,cancelled - inferred 4 y,,,,PPN Power Generating Company Pvt Ltd [100%],Apollo Infrastructure Projects Finance Company Pvt Ltd [64.3%]; Marubeni Corp [26.0%]; HDFC Standard life Insurance Co Ltd [2.7%],11.0749,79.834,,,,https://www.gem.wiki/P.Nallur_Combined_Cycle_power_plant,marubeni,gem_global_integrated_power_tracker,gem_global_integrated_power_2026_08_v3.xlsx
G100000109576,L100000102072,IN,India,Srikakulam Thermal Power Station (Sumitomo),--,coal,coal,coal: unknown,ultra-supercritical,4000.0,cancelled,,,,Andhra Pradesh Power Generation Corp Ltd [50%]; Sumitomo Corp [50%],Andhra Pradesh Power Generation Corp Ltd [50.0%]; Sumitomo Corp [50.0%],18.3667,84.1,,,,https://www.gem.wiki/Srikakulam_Thermal_Power_Station_(Sumitomo),sumitomo_corp,gem_global_integrated_power_tracker,gem_global_integrated_power_2026_08_v3.xlsx
G100000110074,L100000102579,IN,India,Tharangambadi power station (PPN Power),Unit 1,coal,coal,coal: unknown,unknown,160.0,cancelled,,,,PPN Power Generating Company Pvt Ltd [100%],Apollo Infrastructure Projects Finance Company Pvt Ltd [64.3%]; Marubeni Corp [26.0%]; HDFC Standard life Insurance Co Ltd [2.7%],11.029167,79.849444,,,,https://www.gem.wiki/Tharangambadi_power_station_(PPN_Power),marubeni,gem_global_integrated_power_tracker,gem_global_integrated_power_2026_08_v3.xlsx
G100000110075,L100000102579,IN,India,Tharangambadi power station (PPN Power),Unit 2,coal,coal,coal: unknown,unknown,160.0,cancelled,,,,PPN Power Generating Company Pvt Ltd [100%],Apollo Infrastructure Projects Finance Company Pvt Ltd [64.3%]; Marubeni Corp [26.0%]; HDFC Standard life Insurance Co Ltd [2.7%],11.029167,79.849444,,,,https://www.gem.wiki/Tharangambadi_power_station_(PPN_Power),marubeni,gem_global_integrated_power_tracker,gem_global_integrated_power_2026_08_v3.xlsx
G100000400429,L100000400428,IT,Italy,Rosignano power station,Rosen 3,oil/gas,gas,fossil gas: natural gas,combined cycle,180.0,operating,2018,,,Cogeneration Rosignano SpA [100%],Solvay SA [34.0%]; Marubeni Corp [33.0%]; Cassa Depositi e Prestiti SpA [27.2%]; small shareholder(s) [5.8%],43.38134,10.44855,,,,https://www.gem.wiki/Rosignano_power_station,marubeni,gem_global_integrated_power_tracker,gem_global_integrated_power_2026_08_v3.xlsx
G100001020490,L100000400428,IT,Italy,Rosignano power station,Rosen 1,oil/gas,gas,fossil gas: natural gas,gas turbine,356.0,operating,1997,,,Cogeneration Rosignano SpA [100%],Solvay SA [34.0%]; Marubeni Corp [33.0%]; Cassa Depositi e Prestiti SpA [27.2%]; small shareholder(s) [5.8%],43.38134,10.44855,,,,https://www.gem.wiki/Rosignano_power_station,marubeni,gem_global_integrated_power_tracker,gem_global_integrated_power_2026_08_v3.xlsx
G100000406671,L100000406600,JM,Jamaica,Bogue power station,1,oil/gas,gas,"fossil gas: LNG, fossil liquids: diesel",combined cycle,120.0,operating,2003,,,Jamaica Public Service Co Ltd [100%],Korea Electric Power Corp [40.0%]; Marubeni Corp [40.0%]; Development Bank of Jamaica [19.9%]; unknown [0.1%],18.452093,-77.918276,,,,https://www.gem.wiki/Bogue_power_station,kepco;marubeni,gem_global_integrated_power_tracker,gem_global_integrated_power_2026_08_v3.xlsx
G100000411248,L100000407910,JM,Jamaica,Hunts Bay power station,1,oil/gas,gas,fossil gas: LNG,combined cycle,143.0,shelved,,,,Jamaica Public Service Co Ltd [100%],Korea Electric Power Corp [40.0%]; Marubeni Corp [40.0%]; Development Bank of Jamaica [19.9%]; unknown [0.1%],17.971789,-76.809984,,,,https://www.gem.wiki/Hunts_Bay_power_station,kepco;marubeni,gem_global_integrated_power_tracker,gem_global_integrated_power_2026_08_v3.xlsx
G100000406670,L100000406599,JM,Jamaica,South Jamaica Power Centre,1,oil/gas,gas,fossil gas: LNG,combined cycle,194.0,operating,2019,,,South Jamaica Power Co [100%],Korea Electric Power Corp [40.0%]; Marubeni Corp [40.0%]; PetroCaribe Development Fund [10.0%]; Jamaica Public Service Co Ltd [10.0%]; unknown [0.0%],17.89963,-77.108308,,,,https://www.gem.wiki/South_Jamaica_Power_Centre,kepco;marubeni,gem_global_integrated_power_tracker,gem_global_integrated_power_2026_08_v3.xlsx
G100000404602,L100000405486,JO,Jordan,Al Qatrana power plant,1,oil/gas,gas,"fossil gas: natural gas, fossil liquids: diesel",combined cycle,373.0,operating,2012,,Qatrana Electric Power Company,Qatrana Electric Power Company PSC [100%],Korea Electric Power Corp [80.0%]; XENEL Industries Ltd [20.0%],31.2226,36.0197,,,,https://www.gem.wiki/Al_Qatrana_power_plant,kepco,gem_global_integrated_power_tracker,gem_global_integrated_power_2026_08_v3.xlsx
G100000804668,L100000804086,JO,Jordan,Am Solar Power Plant,--,utility-scale solar,solar,,PV,52.0,operating,2019,,Nebras Power,Mitsui & Co Ltd; Nebras Power QPSC; AES Corp,,31.909,36.1017,,,,https://www.gem.wiki/Am_Solar_Power_Plant,mitsui,gem_global_integrated_power_tracker,gem_global_integrated_power_2026_08_v3.xlsx
G100000404603,L100000405487,JO,Jordan,Amman East power plant,1,oil/gas,gas,"fossil gas: natural gas, fossil liquids: crude oil",combined cycle,400.0,operating,2009,,AES Jordan,AES Jordan PSC [100%],Mitsui & Co Ltd [40.0%]; AES Corp [36.6%]; Nebras Energy QPSC [14.0%]; Ras Laffan Operating Company WLL [9.4%],31.899056,36.079778,,,,https://www.gem.wiki/Amman_East_power_plant,mitsui,gem_global_integrated_power_tracker,gem_global_integrated_power_2026_08_v3.xlsx
G100000908108,L100000905929,JO,Jordan,Daehan wind farm,--,wind,wind,,Onshore,52.0,operating,2021,,Korea Southern Power,Korea Southern Power Co Ltd [50%]; DL Energy Co Ltd [50%],,30.7585,35.668,,,,https://www.gem.wiki/Daehan_wind_farm,kospo;dl_enc,gem_global_integrated_power_tracker,gem_global_integrated_power_2026_08_v3.xlsx
G100000908107,L100000905928,JO,Jordan,Fujeij wind farm,--,wind,wind,,Onshore,89.0,operating,2019,,KEPCO,KEPCO [100%],,30.5604,35.6305,,,,https://www.gem.wiki/Fujeij_wind_farm,kepco,gem_global_integrated_power_tracker,gem_global_integrated_power_2026_08_v3.xlsx
G100000411581,L100000408212,JO,Jordan,IPP3 ICE power plant,1,oil/gas,gas,"fossil gas: natural gas, fossil liquids: fuel oil, fossil liquids: diesel",internal combustion,573.8,operating,2014,,Amman Asia Electric Power Company (AAEPC),Amman Asia Electric Power Company PSC [100%],Korea Electric Power Corp [60.0%]; Mitsubishi Corp [35.0%]; Wärtsilä Oyj [5.0%],31.955219,35.945031,,,,https://www.gem.wiki/IPP3_ICE_power_plant,kepco;mitsubishi_corp,gem_global_integrated_power_tracker,gem_global_integrated_power_2026_08_v3.xlsx
G100000411580,L100000408211,JO,Jordan,IPP4 Al-Manakher power plant,1,oil/gas,gas,"fossil gas: natural gas, fossil liquids: fuel oil, fossil liquids: diesel",internal combustion,240.0,operating,2014,,AES Levant Holding BV Jordan,AES Levant Holding BV Jordan PSC [100%],AES Corp [50.0%]; Mitsui & Co Ltd [50.0%],31.89712,36.079674,,,,https://www.gem.wiki/IPP4_Al-Manakher_power_plant,mitsui,gem_global_integrated_power_tracker,gem_global_integrated_power_2026_08_v3.xlsx
G100000804642,L100000804063,JO,Jordan,Shams Ma'An solar farm,--,utility-scale solar,solar,,PV,53.0,operating,2016,,First Solar,Nebras Power QPSC; Diamond Generating Europe; Kawar Group,,30.1436,35.8262,,,,https://www.gem.wiki/Shams_Ma'An_solar_farm,mitsubishi_corp,gem_global_integrated_power_tracker,gem_global_integrated_power_2026_08_v3.xlsx
G100000801577,L100000801373,JP,Japan,Shin Chitose Kashiwadai Solar Power Plant,--,utility-scale solar,solar,,PV,28.0,operating,2017,,,Japan's Energy Products Corp; Korea Electric Power Corp,,42.8033,141.6864,,,,https://www.gem.wiki/Shin_Chitose_Kashiwadai_Solar_Power_Plant,kepco,gem_global_integrated_power_tracker,gem_global_integrated_power_2026_08_v3.xlsx
G100000901211,L100000901040,KR,South Korea,Gangwon wind farm,1,wind,wind,,Onshore,28.0,operating,2005,,Unison Energy,Unison Co Ltd; Marubeni Corp; Eurus Energy; Gangwon Wind Power Co Ltd,,37.7314,128.7443,,,,https://www.gem.wiki/Gangwon_wind_farm,marubeni;toyota_tsusho,gem_global_integrated_power_tracker,gem_global_integrated_power_2026_08_v3.xlsx
G100000901212,L100000901040,KR,South Korea,Gangwon wind farm,2,wind,wind,,Onshore,20.0,operating,2006,,Unison Energy,Unison Co Ltd; Marubeni Corp; Eurus Energy; Gangwon Wind Power Co Ltd,,37.7314,128.7443,,,,https://www.gem.wiki/Gangwon_wind_farm,marubeni;toyota_tsusho,gem_global_integrated_power_tracker,gem_global_integrated_power_2026_08_v3.xlsx
G100000901213,L100000901040,KR,South Korea,Gangwon wind farm,3,wind,wind,,Onshore,50.0,operating,2006,,Unison Energy,Unison Co Ltd; Marubeni Corp; Eurus Energy; Gangwon Wind Power Co Ltd,,37.7314,128.7443,,,,https://www.gem.wiki/Gangwon_wind_farm,marubeni;toyota_tsusho,gem_global_integrated_power_tracker,gem_global_integrated_power_2026_08_v3.xlsx
G100000900878,L100000900767,KR,South Korea,Gowon wind farm,--,wind,wind,,Onshore,18.0,operating,2016,,Eurus Energy,Eurus Energy [100%],,37.2505,128.9575,,,,https://www.gem.wiki/Gowon_wind_farm,toyota_tsusho,gem_global_integrated_power_tracker,gem_global_integrated_power_2026_08_v3.xlsx
G100001055350,L100001048241,KR,South Korea,Hajang 5 wind farm,--,wind,wind,,Onshore,13.5,construction,2026,,,Eurus Energy Holdings Corp,,37.2507,129.0687,,,,https://www.gem.wiki/Hajang_5_wind_farm,toyota_tsusho,gem_global_integrated_power_tracker,gem_global_integrated_power_2026_08_v3.xlsx
G100000401385,L100000401384,KR,South Korea,Pocheon power station,1,oil/gas,gas,fossil gas: LNG,combined cycle,780.0,operating,2014,,,Pocheon Power Co Ltd [100%],Korea Development Bank Co [37.4%]; DL E&C Co Ltd [33.3%]; Taeyoung Engineering & Construction [15.6%]; unknown [7.0%]; Mitsubishi Heavy Industries Ltd [6.7%],37.9465,127.1689,,,,https://www.gem.wiki/Pocheon_power_station,mhi,gem_global_integrated_power_tracker,gem_global_integrated_power_2026_08_v3.xlsx
G100000401386,L100000401384,KR,South Korea,Pocheon power station,2,oil/gas,gas,fossil gas: LNG,combined cycle,780.0,operating,2014,,,Pocheon Power Co Ltd [100%],Korea Development Bank Co [37.4%]; DL E&C Co Ltd [33.3%]; Taeyoung Engineering & Construction [15.6%]; unknown [7.0%]; Mitsubishi Heavy Industries Ltd [6.7%],37.9465,127.1689,,,,https://www.gem.wiki/Pocheon_power_station,mhi,gem_global_integrated_power_tracker,gem_global_integrated_power_2026_08_v3.xlsx
G100000901041,L100000900911,KR,South Korea,Samsu wind farm,--,wind,wind,,Onshore,21.0,operating,2021,,,Eurus Energy Holdings Corp [100%],,37.1162,128.9882,,,,https://www.gem.wiki/Samsu_wind_farm,toyota_tsusho,gem_global_integrated_power_tracker,gem_global_integrated_power_2026_08_v3.xlsx
G100000920925,L100000916858,KR,South Korea,Sancheong Duncheolsan wind farm,--,wind,wind,,Onshore,37.0,pre-construction,,,,Electric Power Development Co Ltd [100%],,37.8097,127.7058,,,,https://www.gem.wiki/Sancheong_Duncheolsan_Wind_Power_Plant,jpower,gem_global_integrated_power_tracker,gem_global_integrated_power_2026_08_v3.xlsx
G100000811029,L100000808751,KR,South Korea,Sinan (KEPCO) Solar Power Plant,--,utility-scale solar,solar,,PV,200.0,shelved - inferred 2 y,,,,Kansai Electric Power Co; LG Corp; Hoban Industrial Co Ltd; Haedong Construction Co Ltd; Community Owned - Sinan County,,34.8377,126.1042,,,,https://www.gem.wiki/Sinan_(KEPCO)_Solar_Power_Plant,kansai,gem_global_integrated_power_tracker,gem_global_integrated_power_2026_08_v3.xlsx
G100000900879,L100000900768,KR,South Korea,Taegisan wind farm,--,wind,wind,,Onshore,40.0,operating,2008,,Eurus Energy,Eurus Energy [100%],,37.6044,128.2809,,,,https://www.gem.wiki/Taegisan_wind_farm,toyota_tsusho,gem_global_integrated_power_tracker,gem_global_integrated_power_2026_08_v3.xlsx
G100000602405,L100000602375,LA,Laos,Nam Ngiep 1 hydroelectric plant,,hydropower,hydro,,conventional storage,290.0,operating,2019,,Nam Ngiep 1 Power,Electricity Generating Authority of Thailand (EGAT) [30%]; Kansai Electric Power Co [45%]; Lao Holdings State Enterprise [25%],,18.647,103.542,,,,https://www.gem.wiki/Nam_Ngiep_1_hydroelectric_plant,kansai,gem_global_integrated_power_tracker,gem_global_integrated_power_2026_08_v3.xlsx
G100000602433,L100000602403,LA,Laos,Xe Pian Xe Namnoy hydroelectric plant,,hydropower,hydro,,conventional storage,410.0,operating,2019,,Xe-Pian Xe-Namnoy Power,Lao Holdings State Enterprise [26%]; Korea Western Power Co Ltd [25%]; SK Engineering & Construction CO LTD (SK E&C) [24%]; Ratchaburi Electricity Generating Co Ltd [25%],,15.026,106.606,,,,https://www.gem.wiki/Xe_Pian_Xe_Namnoy_hydroelectric_plant,kowepo;sk_ecoplant,gem_global_integrated_power_tracker,gem_global_integrated_power_2026_08_v3.xlsx
G100000108700,L100000103053,MA,Morocco,Safi power station,Unit 1,coal,coal,coal: unknown,ultra-supercritical,693.0,operating,2018,,,Safi Energy Company SA [100%],Nareva Holding SA [50.7%]; Mitsui & Co Ltd [30.0%]; ENGIE SA [19.3%],32.149115,-9.282294,,,,https://www.gem.wiki/Safi_power_station,mitsui,gem_global_integrated_power_tracker,gem_global_integrated_power_2026_08_v3.xlsx
G100000108701,L100000103053,MA,Morocco,Safi power station,Unit 2,coal,coal,coal: unknown,ultra-supercritical,693.0,operating,2018,,,Safi Energy Company SA [100%],Nareva Holding SA [50.7%]; Mitsui & Co Ltd [30.0%]; ENGIE SA [19.3%],32.149115,-9.282294,,,,https://www.gem.wiki/Safi_power_station,mitsui,gem_global_integrated_power_tracker,gem_global_integrated_power_2026_08_v3.xlsx
G100000200987,L100000103053,MA,Morocco,Safi power station,--,bioenergy,bioenergy,bioenergy: agricultural waste (solids),,4.6,operating,2007,,,Safi Energy Company SA [100%],Nareva Holding SA [50.7%]; Mitsui & Co Ltd [30.0%]; ENGIE SA [19.3%],32.149115,-9.282294,,,,https://www.gem.wiki/Safi_power_station,mitsui,gem_global_integrated_power_tracker,gem_global_integrated_power_2026_08_v3.xlsx
G100000410167,L100000407724,ME,Montenegro,Bar gas power station,1,oil/gas,gas,fossil gas: LNG,gas turbine,440.0,announced,,,,JERA Co Inc [100%],Chubu Electric Power Co Inc [50.0%]; Tokyo Electric Power Co [50.0%],42.090755,19.097452,,,,https://www.gem.wiki/Bar_gas_power_station,jera,gem_global_integrated_power_tracker,gem_global_integrated_power_2026_08_v3.xlsx
G100000100149,L100000103010,MG,Madagascar,Ambatovy Nickel power station,Unit 1,coal,coal,coal: unknown,subcritical,40.0,operating,2011,,,Dynatec Madagascar SA [100%],Sumitomo Corp [54.2%]; Korea Mine Rehabilitation & Mineral Resources Corp [45.8%],-18.20196,49.35628,,,,https://www.gem.wiki/Ambatovy_Nickel_power_station,sumitomo_corp,gem_global_integrated_power_tracker,gem_global_integrated_power_2026_08_v3.xlsx
G100000100150,L100000103010,MG,Madagascar,Ambatovy Nickel power station,Unit 2,coal,coal,coal: unknown,subcritical,40.0,operating,2011,,,Dynatec Madagascar SA [100%],Sumitomo Corp [54.2%]; Korea Mine Rehabilitation & Mineral Resources Corp [45.8%],-18.20196,49.35628,,,,https://www.gem.wiki/Ambatovy_Nickel_power_station,sumitomo_corp,gem_global_integrated_power_tracker,gem_global_integrated_power_2026_08_v3.xlsx
G100000100151,L100000103010,MG,Madagascar,Ambatovy Nickel power station,Unit 3,coal,coal,coal: unknown,subcritical,40.0,operating,2011,,,Dynatec Madagascar SA [100%],Sumitomo Corp [54.2%]; Korea Mine Rehabilitation & Mineral Resources Corp [45.8%],-18.20196,49.35628,,,,https://www.gem.wiki/Ambatovy_Nickel_power_station,sumitomo_corp,gem_global_integrated_power_tracker,gem_global_integrated_power_2026_08_v3.xlsx
G100000919417,L100000915710,MK,North Macedonia,Stip wind farm,--,wind,wind,,Onshore,100.0,cancelled - inferred 4 y,,,Korea South-East Power; Samsung Heavy Industries CO LTD (SHI),Samsung Heavy Industries CO LTD (SHI); Korea South-East Power Co Ltd; Macedonian government; European Bank for Reconstruction and Development,,41.7375,22.1936,,,,https://www.gem.wiki/Stip_wind_farm,koen,gem_global_integrated_power_tracker,gem_global_integrated_power_2026_08_v3.xlsx
G100000404370,L100000405327,MM,Myanmar,Ahlone (Toyo Thai) power station,1-1,oil/gas,gas,fossil gas: natural gas,combined cycle,121.0,operating,2013,,,Toyo Thai Power Myanmar Co Ltd [50%]; Shikoku Electric Power Co Inc [50%],Shikoku Electric Power Co Inc [64.2%]; TTCL PCL [21.5%]; The Chugoku Electric Power Co Inc [14.2%],16.778587,96.130801,,,,https://www.gem.wiki/Ahlone_(Toyo_Thai)_power_station,chugoku;shikoku,gem_global_integrated_power_tracker,gem_global_integrated_power_2026_08_v3.xlsx
G100000405940,L100000405327,MM,Myanmar,Ahlone (Toyo Thai) power station,2-1,oil/gas,gas,fossil gas: LNG,combined cycle,388.0,shelved,,,,Toyo Thai Power Myanmar Co Ltd [100%],TTCL PCL [43.0%]; Shikoku Electric Power Co Inc [28.5%]; The Chugoku Electric Power Co Inc [28.5%],16.778587,96.130801,,,,https://www.gem.wiki/Ahlone_(Toyo_Thai)_power_station,chugoku;shikoku,gem_global_integrated_power_tracker,gem_global_integrated_power_2026_08_v3.xlsx
G100000411300,L100000408086,MM,Myanmar,Max Power (Thakayta) power station,1,oil/gas,gas,fossil gas: natural gas,internal combustion,50.0,operating,2013,,,Maxpower Thaketa Co Ltd [100%],MAXpower Group [56.0%]; Mitsui & Co Ltd [44.0%],16.811622,96.226606,,,,https://www.gem.wiki/Max_Power_(Thakayta)_power_station,mitsui,gem_global_integrated_power_tracker,gem_global_integrated_power_2026_08_v3.xlsx
G100000107408,L100000103065,MM,Myanmar,Nga Yoke Kaung power station,--,coal,coal,coal: unknown,ultra-supercritical,300.0,cancelled,,,,Mitsubishi Corporation Energy Solutions Ltd [50%]; A1 Group Inc [50%],A1 Group Inc [50.0%]; Mitsubishi Corp [50.0%],16.537778,94.693611,,,,https://www.gem.wiki/Nga_Yoke_Kaung_power_station,mitsubishi_corp,gem_global_integrated_power_tracker,gem_global_integrated_power_2026_08_v3.xlsx
G100000405943,L100000405956,MM,Myanmar,Thilawa (Sumitomo) power station,1,oil/gas,gas,fossil gas: LNG,combined cycle,1250.0,cancelled,,,,Sumitomo Corp [50%]; Mitsui & Co Ltd [25%]; Marubeni Corp [25%]; Eden Group Co Ltd [0%],Sumitomo Corp [50.0%]; Marubeni Corp [25.0%]; Mitsui & Co Ltd [25.0%]; Eden Group Co Ltd [0.0%],16.658502,96.262303,,,,https://www.gem.wiki/Thilawa_(Sumitomo)_power_station,marubeni;sumitomo_corp;mitsui,gem_global_integrated_power_tracker,gem_global_integrated_power_2026_08_v3.xlsx
G100000109989,L100000103039,MN,Mongolia,Tavan Tolgoi power station (Marubeni),Unit 1,coal,coal,coal: unknown,unknown,150.0,cancelled,2023,,,Marubeni Corp [100%],Marubeni Corp [100.0%],43.625,105.474167,,,,https://www.gem.wiki/Tavan_Tolgoi_power_station_(Marubeni),marubeni,gem_global_integrated_power_tracker,gem_global_integrated_power_2026_08_v3.xlsx
G100000109990,L100000103039,MN,Mongolia,Tavan Tolgoi power station (Marubeni),Unit 4,coal,coal,coal: unknown,unknown,150.0,cancelled,,,,Marubeni Corp [100%],Marubeni Corp [100.0%],43.625,105.474167,,,,https://www.gem.wiki/Tavan_Tolgoi_power_station_(Marubeni),marubeni,gem_global_integrated_power_tracker,gem_global_integrated_power_2026_08_v3.xlsx
G100000113091,L100000103039,MN,Mongolia,Tavan Tolgoi power station (Marubeni),Unit 2,coal,coal,coal: unknown,unknown,150.0,cancelled,2023,,,Marubeni Corp [100%],Marubeni Corp [100.0%],43.625,105.474167,,,,https://www.gem.wiki/Tavan_Tolgoi_power_station_(Marubeni),marubeni,gem_global_integrated_power_tracker,gem_global_integrated_power_2026_08_v3.xlsx
G100000113092,L100000103039,MN,Mongolia,Tavan Tolgoi power station (Marubeni),Unit 3,coal,coal,coal: unknown,unknown,150.0,cancelled,2023,,,Marubeni Corp [100%],Marubeni Corp [100.0%],43.625,105.474167,,,,https://www.gem.wiki/Tavan_Tolgoi_power_station_(Marubeni),marubeni,gem_global_integrated_power_tracker,gem_global_integrated_power_2026_08_v3.xlsx
G100000808629,L100000807275,MX,Mexico,Abril Photovoltaic Solar Project,--,utility-scale solar,solar,,PV,134.6,operating,2022,,Helios Generacion,Tokyo Gas Co Ltd; ENGIE SA,,30.828,-112.672,,,,https://www.gem.wiki/Abril_Photovoltaic_Solar_Project,tokyo_gas,gem_global_integrated_power_tracker,gem_global_integrated_power_2026_08_v3.xlsx
G100000906982,L100000905281,MX,Mexico,Coromuel wind farm,--,wind,wind,,Onshore,56.0,operating,,,Eurus Energy,Eurus Energy [100%],,24.0885,-110.6285,,,,https://www.gem.wiki/Coromuel_wind_farm,toyota_tsusho,gem_global_integrated_power_tracker,gem_global_integrated_power_2026_08_v3.xlsx
G100000808681,L100000807303,MX,Mexico,El Mayo Photovoltaic solar farm,--,utility-scale solar,solar,,PV,126.0,operating,2021,,Korea Electric Power,Korea Electric Power Corp; Sprott Korea,,26.887,-109.362,,,,https://www.gem.wiki/El_Mayo_Photovoltaic_solar_farm,kepco,gem_global_integrated_power_tracker,gem_global_integrated_power_2026_08_v3.xlsx
G100000808682,L100000807304,MX,Mexico,Horus Photovoltaic solar farm,--,utility-scale solar,solar,,PV,119.0,operating,2023,,Korea Electric Power,Recurrent Energy LLC [49%]; Korea Electric Power Corp [15%]; Sprott Korea [36%],,22.099,-102.3201,,,,https://www.gem.wiki/Horus_Photovoltaic_solar_farm,kepco,gem_global_integrated_power_tracker,gem_global_integrated_power_2026_08_v3.xlsx
G100000406382,L100000406237,MX,Mexico,Norte II power station,1,oil/gas,gas,fossil gas: natural gas,combined cycle,433.0,operating,2014,,,KST Electric Power Company SAPI de CV [100%],Korea Electric Power Corp [56.0%]; Samsung C&T Corp [34.0%]; Techint SA de CV [10.0%],28.442228,-105.917716,,,,https://www.gem.wiki/Norte_II_power_station,kepco;samsung_ct,gem_global_integrated_power_tracker,gem_global_integrated_power_2026_08_v3.xlsx
G100000906678,L100000905149,MX,Mexico,Pacifico wind farm (Mexico),--,wind,wind,,Onshore,160.0,operating,2013,,EDF Renewables,Mitsui & Co Ltd; EDF Renewables,,16.438,-95.0271,,,,https://www.gem.wiki/Pacifico_wind_farm_(Mexico),mitsui,gem_global_integrated_power_tracker,gem_global_integrated_power_2026_08_v3.xlsx
G100000808683,L100000807305,MX,Mexico,Tastiota Photovoltaic solar farm,--,utility-scale solar,solar,,PV,125.0,operating,2021,,Korea Electric Power,Korea Electric Power Corp; Sprott Korea,,28.3495,-111.3413,,,,https://www.gem.wiki/Tastiota_Photovoltaic_solar_farm,kepco,gem_global_integrated_power_tracker,gem_global_integrated_power_2026_08_v3.xlsx
G100000808628,L100000807274,MX,Mexico,Trompezón solar farm,--,utility-scale solar,solar,,PV,126.0,operating,,,Helios Generacion,Tokyo Gas Co Ltd; ENGIE SA,,21.7231,-102.1753,,,,https://www.gem.wiki/Trompezón_solar_farm,tokyo_gas,gem_global_integrated_power_tracker,gem_global_integrated_power_2026_08_v3.xlsx
G100000406438,L100000406258,MX,Mexico,Tuxpan II power station,1,oil/gas,gas,"fossil gas: natural gas, fossil liquids: diesel",combined cycle,495.0,operating,2001,,NAES,Electricidad Águila de Tuxpan S de RL de CV [100%],Kyushu Electric Power Co Inc [50.0%]; Mitsubishi Corp [50.0%],20.843577,-97.240505,,,,https://www.gem.wiki/Tuxpan_II_power_station,mitsubishi_corp;kyushu,gem_global_integrated_power_tracker,gem_global_integrated_power_2026_08_v3.xlsx
G100000406435,L100000406260,MX,Mexico,Tuxpan V power station,1,oil/gas,gas,fossil gas: natural gas,combined cycle,495.0,operating,2006,,NAES,Electricidad Sol de Tuxpan S de RL de CV [100%],Kyushu Electric Power Co Inc [50.0%]; Mitsubishi Corp [50.0%],20.845278,-97.244167,,,,https://www.gem.wiki/Tuxpan_V_power_station,mitsubishi_corp;kyushu,gem_global_integrated_power_tracker,gem_global_integrated_power_2026_08_v3.xlsx
G100000406433,L100000406261,MX,Mexico,Valladolid III power station,1,oil/gas,gas,fossil gas: natural gas,combined cycle,525.0,operating,2006,,,Compania de Generacion Valladolid S de RL de CV [100%],Mitsui & Co Ltd [50.0%]; Chubu Electric Power Co Inc [25.0%]; Tokyo Electric Power Co [25.0%],20.693056,-88.267497,,,,https://www.gem.wiki/Valladolid_III_power_station,mitsui,gem_global_integrated_power_tracker,gem_global_integrated_power_2026_08_v3.xlsx
G100000801025,L100000800891,MY,Malaysia,Chuping (Hanwha) solar farm,--,utility-scale solar,solar,,PV,30.0,operating,2020,,,Hanwha Energy Corp; Konsortium Beseri Jaya SDN BHD (KBJ),,6.5415,100.2967,,,,https://www.gem.wiki/Chuping_(Hanwha)_solar_farm,hanwha_energy,gem_global_integrated_power_tracker,gem_global_integrated_power_2026_08_v3.xlsx
G100000105181,L100000103015,MY,Malaysia,Jimah East power station,Unit 1,coal,coal,coal: bituminous,ultra-supercritical,1000.0,operating,2019,2044,,Jimah East Power Sdn Bhd [100%],Tenaga Nasional Bhd [70.0%]; Mitsui & Co Ltd [15.0%]; The Chugoku Electric Power Co Inc [15.0%],2.590259,101.724593,,,,https://www.gem.wiki/Jimah_East_power_station,mitsui;chugoku,gem_global_integrated_power_tracker,gem_global_integrated_power_2026_08_v3.xlsx
G100000105182,L100000103015,MY,Malaysia,Jimah East power station,Unit 2,coal,coal,coal: bituminous,ultra-supercritical,1000.0,operating,2019,2044,,Jimah East Power Sdn Bhd [100%],Tenaga Nasional Bhd [70.0%]; Mitsui & Co Ltd [15.0%]; The Chugoku Electric Power Co Inc [15.0%],2.590259,101.724593,,,,https://www.gem.wiki/Jimah_East_power_station,mitsui;chugoku,gem_global_integrated_power_tracker,gem_global_integrated_power_2026_08_v3.xlsx
G100000404367,L100000405308,MY,Malaysia,Palua Indah power station,1,oil/gas,gas,fossil gas: natural gas,combined cycle,600.0,operating,2025,,,Worldwide Holdings Bhd [75%]; Korea Electric Power Corp [25%],Perbadanan Kemajuan Negeri Selangor [75.0%]; Korea Electric Power Corp [25.0%],2.940219,101.262108,,,,https://www.gem.wiki/Palua_Indah_power_station,kepco,gem_global_integrated_power_tracker,gem_global_integrated_power_2026_08_v3.xlsx
G100000404368,L100000405308,MY,Malaysia,Palua Indah power station,2,oil/gas,gas,fossil gas: natural gas,combined cycle,600.0,operating,2025,,,Worldwide Holdings Bhd [75%]; Korea Electric Power Corp [25%],Perbadanan Kemajuan Negeri Selangor [75.0%]; Korea Electric Power Corp [25.0%],2.940219,101.262108,,,,https://www.gem.wiki/Palua_Indah_power_station,kepco,gem_global_integrated_power_tracker,gem_global_integrated_power_2026_08_v3.xlsx
G100000801448,L100000801263,MY,Malaysia,Pekan (Hanwha Energy) solar farm,--,utility-scale solar,solar,,PV,155.0,operating,2022,,Tenaga Nasional,Hanwha Energy Corp [100%],,3.5429,103.3984,,,,https://www.gem.wiki/Pekan_(Hanwha_Energy)_solar_farm,hanwha_energy,gem_global_integrated_power_tracker,gem_global_integrated_power_2026_08_v3.xlsx
G100000100020,L100000103058,MZ,Mozambique,ACWA Moatize power station,Unit 1,coal,coal,coal: unknown,unknown,270.0,cancelled,,,,ACWA Power Moatize Termoelectrica SA [100%],ACWA Power Co [29.0%]; Mitsui & Co Ltd [29.0%]; Vale SA [29.0%]; Whatana Investment Group [8.0%]; Electricidade de Moçambique EP [5.0%],-16.167807,33.789454,,,,https://www.gem.wiki/ACWA_Moatize_power_station,mitsui,gem_global_integrated_power_tracker,gem_global_integrated_power_2026_08_v3.xlsx
G100000100021,L100000103058,MZ,Mozambique,ACWA Moatize power station,Unit 2,coal,coal,coal: unknown,unknown,300.0,cancelled,,,,ACWA Power Moatize Termoelectrica SA [100%],ACWA Power Co [29.0%]; Mitsui & Co Ltd [29.0%]; Vale SA [29.0%]; Whatana Investment Group [8.0%]; Electricidade de Moçambique EP [5.0%],-16.167807,33.789454,,,,https://www.gem.wiki/ACWA_Moatize_power_station,mitsui,gem_global_integrated_power_tracker,gem_global_integrated_power_2026_08_v3.xlsx
G100000602544,L100000602513,MZ,Mozambique,Mphanda Nkuwa hydroelectric plant,,hydropower,hydro,,run-of-river,1500.0,pre-construction,2031,,,Sumitomo Corp [30%]; TotalEnergies SE [30%]; EDF Renewables [40%],,-15.9998,33.4347,,,,https://www.gem.wiki/Mphanda_Nkuwa_hydroelectric_plant,sumitomo_corp,gem_global_integrated_power_tracker,gem_global_integrated_power_2026_08_v3.xlsx
G100000407164,L100000406784,NG,Nigeria,Egbin power station,1,oil/gas,gas,fossil gas: natural gas,steam turbine,220.0,operating,1985,,,Egbin Power PLC [100%],KEPCO Energy Resources Ltd [70.0%]; Bureau of Public Enterprises (Nigeria) [24.0%]; Ministry of Finance Incorporated (Nigeria) [6.0%],6.563713,3.615082,,,,https://www.gem.wiki/Egbin_power_station,kepco,gem_global_integrated_power_tracker,gem_global_integrated_power_2026_08_v3.xlsx
G100000407165,L100000406784,NG,Nigeria,Egbin power station,2,oil/gas,gas,fossil gas: natural gas,steam turbine,220.0,operating,1985,,,Egbin Power PLC [100%],KEPCO Energy Resources Ltd [70.0%]; Bureau of Public Enterprises (Nigeria) [24.0%]; Ministry of Finance Incorporated (Nigeria) [6.0%],6.563713,3.615082,,,,https://www.gem.wiki/Egbin_power_station,kepco,gem_global_integrated_power_tracker,gem_global_integrated_power_2026_08_v3.xlsx
G100000407166,L100000406784,NG,Nigeria,Egbin power station,3,oil/gas,gas,fossil gas: natural gas,steam turbine,220.0,operating,1985,,,Egbin Power PLC [100%],KEPCO Energy Resources Ltd [70.0%]; Bureau of Public Enterprises (Nigeria) [24.0%]; Ministry of Finance Incorporated (Nigeria) [6.0%],6.563713,3.615082,,,,https://www.gem.wiki/Egbin_power_station,kepco,gem_global_integrated_power_tracker,gem_global_integrated_power_2026_08_v3.xlsx
G100000407167,L100000406784,NG,Nigeria,Egbin power station,4,oil/gas,gas,fossil gas: natural gas,steam turbine,220.0,operating,1985,,,Egbin Power PLC [100%],KEPCO Energy Resources Ltd [70.0%]; Bureau of Public Enterprises (Nigeria) [24.0%]; Ministry of Finance Incorporated (Nigeria) [6.0%],6.563713,3.615082,,,,https://www.gem.wiki/Egbin_power_station,kepco,gem_global_integrated_power_tracker,gem_global_integrated_power_2026_08_v3.xlsx
G100000407168,L100000406784,NG,Nigeria,Egbin power station,5,oil/gas,gas,fossil gas: natural gas,steam turbine,220.0,operating,1985,,,Egbin Power PLC [100%],KEPCO Energy Resources Ltd [70.0%]; Bureau of Public Enterprises (Nigeria) [24.0%]; Ministry of Finance Incorporated (Nigeria) [6.0%],6.563713,3.615082,,,,https://www.gem.wiki/Egbin_power_station,kepco,gem_global_integrated_power_tracker,gem_global_integrated_power_2026_08_v3.xlsx
G100000407169,L100000406784,NG,Nigeria,Egbin power station,6,oil/gas,gas,fossil gas: natural gas,steam turbine,220.0,operating,1985,,,Egbin Power PLC [100%],KEPCO Energy Resources Ltd [70.0%]; Bureau of Public Enterprises (Nigeria) [24.0%]; Ministry of Finance Incorporated (Nigeria) [6.0%],6.563713,3.615082,,,,https://www.gem.wiki/Egbin_power_station,kepco,gem_global_integrated_power_tracker,gem_global_integrated_power_2026_08_v3.xlsx
G100000407170,L100000406784,NG,Nigeria,Egbin power station,B,oil/gas,gas,fossil gas: LNG,gas turbine,1800.0,shelved - inferred 2 y,,,,Egbin Power PLC [100%],KEPCO Energy Resources Ltd [70.0%]; Bureau of Public Enterprises (Nigeria) [24.0%]; Ministry of Finance Incorporated (Nigeria) [6.0%],6.563713,3.615082,,,,https://www.gem.wiki/Egbin_power_station,kepco,gem_global_integrated_power_tracker,gem_global_integrated_power_2026_08_v3.xlsx
G100001001502,L100001001109,NL,Netherlands,Borssele III & IV offshore wind farm,1,wind,wind,,Offshore hard mount,360.0,operating,2021,,Blauwwind Consortium,INPEX Corp; Nuveen Infrastructure [15%]; Royal Van Oord [10%]; Octopus Energy [10%]; Luxcara GmbH; Eneco NV [10%]; Diamond Generating Corp [15%]; Shell PLC [20%],,52.6878,4.2486,,,,https://www.gem.wiki/Borssele_III_&_IV_offshore_wind_farm,mitsubishi_corp,gem_global_integrated_power_tracker,gem_global_integrated_power_2026_08_v3.xlsx
G100001001503,L100001001109,NL,Netherlands,Borssele III & IV offshore wind farm,2,wind,wind,,Offshore hard mount,380.0,operating,2021,,Blauwwind Consortium,INPEX Corp; Nuveen Infrastructure [15%]; Royal Van Oord [10%]; Octopus Energy [10%]; Luxcara GmbH; Eneco NV [10%]; Diamond Generating Corp [15%]; Shell PLC [20%],,52.6878,4.2486,,,,https://www.gem.wiki/Borssele_III_&_IV_offshore_wind_farm,mitsubishi_corp,gem_global_integrated_power_tracker,gem_global_integrated_power_2026_08_v3.xlsx
G100000915732,L100000912601,NL,Netherlands,Deil Windpark,2,wind,wind,,Onshore,21.0,operating,2020,,Yard Energy Group,Pure Energy; Eurus Energy; Burgerwind COOP,,51.855,5.2333,,,,https://www.gem.wiki/Deil_Windpark,toyota_tsusho,gem_global_integrated_power_tracker,gem_global_integrated_power_2026_08_v3.xlsx
G100000200272,L100000200240,NL,Netherlands,Eneco Bio Golden Raand power station,1,bioenergy,bioenergy,bioenergy: wood & other biomass (solids),,49.0,operating,2013,,Valmet,Eneco NV [100%],Mitsubishi Corp [80.0%]; Chubu Electric Power Co Inc [20.0%],53.3125,6.9844,,,,https://www.gem.wiki/Eneco_Bio_Golden_Raand_power_station,mitsubishi_corp,gem_global_integrated_power_tracker,gem_global_integrated_power_2026_08_v3.xlsx
G100000919565,L100000915830,NL,Netherlands,Eneco Luchterduinen wind farm,--,wind,wind,,Offshore hard mount,129.0,operating,2015,,Eneco,Eneco; Mitsubishi Corporation Energy Solutions Ltd,,52.4032,4.1652,,,,https://www.gem.wiki/Eneco_Luchterduinen_wind_farm,mitsubishi_corp,gem_global_integrated_power_tracker,gem_global_integrated_power_2026_08_v3.xlsx
G100000400522,L100000400522,NL,Netherlands,Enecogen power station,U10,oil/gas,gas,fossil gas: natural gas,combined cycle,435.0,operating,2011,,,EP Netherlands BV [50%]; Eneco NV [50%],Energetický a průmyslový holding AS [50.0%]; Mitsubishi Corp [40.0%]; Chubu Electric Power Co Inc [10.0%],51.957,4.0916,,,,https://www.gem.wiki/Enecogen_power_station,mitsubishi_corp,gem_global_integrated_power_tracker,gem_global_integrated_power_2026_08_v3.xlsx
G100000400523,L100000400522,NL,Netherlands,Enecogen power station,U20,oil/gas,gas,fossil gas: natural gas,combined cycle,435.0,operating,2011,,,EP Netherlands BV [50%]; Eneco NV [50%],Energetický a průmyslový holding AS [50.0%]; Mitsubishi Corp [40.0%]; Chubu Electric Power Co Inc [10.0%],51.957,4.0916,,,,https://www.gem.wiki/Enecogen_power_station,mitsubishi_corp,gem_global_integrated_power_tracker,gem_global_integrated_power_2026_08_v3.xlsx
G100000409937,L100000407615,NL,Netherlands,Lage Weide 6 power station,1,oil/gas,gas,fossil gas: natural gas,combined cycle,248.0,operating,1995,,,Eneco Warmteproductie Utrecht BV [100%],Mitsubishi Corp [80.0%]; Chubu Electric Power Co Inc [20.0%],52.101944,5.071389,,,,https://www.gem.wiki/Lage_Weide_6_power_station,mitsubishi_corp,gem_global_integrated_power_tracker,gem_global_integrated_power_2026_08_v3.xlsx
G100000919566,L100000915831,NL,Netherlands,Luchterduinen wind farm,--,wind,wind,,Offshore hard mount,129.0,operating,2015,,Eneco,Eneco; Mitsubishi Corporation Energy Solutions Ltd,,52.3717,3.8833,,,,https://www.gem.wiki/Luchterduinen_wind_farm,mitsubishi_corp,gem_global_integrated_power_tracker,gem_global_integrated_power_2026_08_v3.xlsx
G100000925203,L100000920511,NL,Netherlands,Mauve wind farm,--,wind,wind,,Onshore,30.0,operating,2021,,,Eurus Energy [100%],,53.2164,6.7921,,,,https://www.gem.wiki/Mauve_wind_farm,toyota_tsusho,gem_global_integrated_power_tracker,gem_global_integrated_power_2026_08_v3.xlsx
G100000400547,L100000400546,NL,Netherlands,Merwedekanaal power station,12,oil/gas,gas,fossil gas: natural gas,combined cycle,224.0,operating,1989,2030,,Eneco Warmteproductie Utrecht BV [100%],Mitsubishi Corp [80.0%]; Chubu Electric Power Co Inc [20.0%],52.1017,5.0794,,,,https://www.gem.wiki/Merwedekanaal_power_station,mitsubishi_corp,gem_global_integrated_power_tracker,gem_global_integrated_power_2026_08_v3.xlsx
G100000917534,L100000914140,NL,Netherlands,Mondriaan wind farm,--,wind,wind,,Onshore,39.0,operating,2021,,,Eurus Energy [100%],,53.3326,6.9135,,,,https://www.gem.wiki/Mondriaan_wind_farm,toyota_tsusho,gem_global_integrated_power_tracker,gem_global_integrated_power_2026_08_v3.xlsx
G100000925208,L100000920513,NL,Netherlands,N33 wind farm,4,wind,wind,,Onshore,58.0,operating,2020,,,Eurus Energy [100%],,53.1438,6.9272,,,,https://www.gem.wiki/N33_wind_farm,toyota_tsusho,gem_global_integrated_power_tracker,gem_global_integrated_power_2026_08_v3.xlsx
G100000910908,L100000908217,NL,Netherlands,Van Gogh Windpark,--,wind,wind,,Onshore,10.0,operating,,,Eurus Energy,Eurus Energy [100%],,51.617,4.6307,,,,https://www.gem.wiki/Van_Gogh_Windpark,toyota_tsusho,gem_global_integrated_power_tracker,gem_global_integrated_power_2026_08_v3.xlsx
G100000925252,L100000920549,NL,Netherlands,Vermeer wind farm,--,wind,wind,,Onshore,86.0,operating,2021,,,Eurus Energy [100%],,53.0892,6.9671,,,,https://www.gem.wiki/Vermeer_wind_farm,toyota_tsusho,gem_global_integrated_power_tracker,gem_global_integrated_power_2026_08_v3.xlsx
G100001001606,L100001001205,NO,Norway,GoliatVind Offshore wind farm,--,wind,wind,,Offshore floating,75.0,pre-construction,2027,,,Kansai Electric Power Co; Source Galileo; Vår Energi AS; Odfjell Oceanwind,,70.8424,23.7296,,,,https://www.gem.wiki/GoliatVind_Offshore_wind_farm,kansai,gem_global_integrated_power_tracker,gem_global_integrated_power_2026_08_v3.xlsx
G100000912690,L100000909896,NO,Norway,Hog Jaeren wind farm,2,wind,wind,,Onshore,14.0,operating,2012,,Norsk Vind; Eurus Energy,Norsk Vindpro AS; Norsk Vind AS; Eurus Energy; Elektrizitätswerk Der Stadt Zürich (EWZ),,58.6415,5.7441,,,,https://www.gem.wiki/Hog_Jaeren_wind_farm,toyota_tsusho,gem_global_integrated_power_tracker,gem_global_integrated_power_2026_08_v3.xlsx
G100000918907,L100000909896,NO,Norway,Hog Jaeren wind farm,1,wind,wind,,Onshore,60.0,operating,2011,,Norsk Vind; Eurus Energy,Norsk Vindpro AS; Norsk Vind AS; Eurus Energy; Elektrizitätswerk Der Stadt Zürich (EWZ),,58.6415,5.7441,,,,https://www.gem.wiki/Hog_Jaeren_wind_farm,toyota_tsusho,gem_global_integrated_power_tracker,gem_global_integrated_power_2026_08_v3.xlsx
G100000604925,L100000602811,NP,Nepal,Upper Trishuli 1 hydroelectric plant,,hydropower,hydro,,run-of-river,216.0,construction,2026,,Nepal Water and Energy Development CO (NWEDC),Kyeryong Construction Industrial [10%]; Koen [50%]; unknown [10%]; Daelim Co Ltd [15%]; International Finance Corp [15%],,28.0737,85.208,,,,https://www.gem.wiki/Upper_Trishuli_1_hydroelectric_plant,koen;dl_enc,gem_global_integrated_power_tracker,gem_global_integrated_power_2026_08_v3.xlsx
G100001051109,L100001045407,NZ,New Zealand,South Taranaki Bight (Parkwind) offshore wind farm,--,wind,wind,,Offshore mount unknown,1000.0,announced,,,,Parkwind NV; JERA Co Inc,,-39.6244,173.7577,,,,https://www.gem.wiki/South_Taranaki_Bight_(Parkwind)_offshore_wind_farm,jera,gem_global_integrated_power_tracker,gem_global_integrated_power_2026_08_v3.xlsx
G100001051112,L100001045409,NZ,New Zealand,Taranaki Bight offshore wind farm,--,wind,wind,,Offshore mount unknown,1000.0,announced,,,,Sumitomo Corp,,-39.3263,173.3061,,,,https://www.gem.wiki/Taranaki_Bight_offshore_wind_farm,sumitomo_corp,gem_global_integrated_power_tracker,gem_global_integrated_power_2026_08_v3.xlsx
G100000804621,L100000804048,OM,Oman,Amin Solar PV Power Plant,--,utility-scale solar,solar,,PV,105.0,operating,2020,,Amin Renewable Energy,Bahwan Renewable Energy Co LLC [10%]; Marubeni Corp [50%]; OQ Gas Networks SAOC [30%]; Nebras Power QPSC [10%],,18.496,55.808,,,,https://www.gem.wiki/Amin_Solar_PV_Power_Plant,marubeni,gem_global_integrated_power_tracker,gem_global_integrated_power_2026_08_v3.xlsx
G100000834618,L100000830750,OM,Oman,Ibri 3 solar farm,--,utility-scale solar,solar,,PV,500.0,pre-construction,2027,,,Al Khadra Partners; Abu Dhabi Future Energy Co; OQ SAOC; Korea Midland Power Co Ltd,,23.3341,56.2608,,,,https://www.gem.wiki/Ibri_3_solar_farm,komipo,gem_global_integrated_power_tracker,gem_global_integrated_power_2026_08_v3.xlsx
G100000404688,L100000405508,OM,Oman,Ibri Independent power plant,1,oil/gas,gas,"fossil gas: natural gas, fossil liquids: fuel oil",combined cycle,1539.0,operating,2019,,,Ad Dhahirah Generation Company SAOC [100%],Mitsui & Co Ltd [50.1%]; ACWA Power Co [44.9%]; Dhofar International Development & Investment Holding Company SAOG [5.0%],23.365562,56.283718,,,,https://www.gem.wiki/Ibri_Independent_power_plant,mitsui,gem_global_integrated_power_tracker,gem_global_integrated_power_2026_08_v3.xlsx
G100000411532,L100000408234,OM,Oman,New Qalhat LNG power station,1,oil/gas,gas,fossil gas: LNG,internal combustion,119.7,operating,2021,,,Oman LNG LLC [100%],Government of Oman [51.0%]; Shell PLC [30.0%]; small shareholder(s) [8.5%]; TotalEnergies SE [5.5%]; Korea Gas Corp [1.2%]; Hyundai Corp [1.0%]; POSCO International Corp [1.0%]; Samsung C&T Corp [1.0%]; SK Innovation Co Ltd [0.8%],22.65971,59.405567,,,,https://www.gem.wiki/New_Qalhat_LNG_power_station,posco_international;samsung_ct,gem_global_integrated_power_tracker,gem_global_integrated_power_2026_08_v3.xlsx
G100000410072,L100000407694,OM,Oman,Qalhat LNG power station,1,oil/gas,gas,fossil gas: LNG,gas turbine,280.0,operating,2005,,,Oman LNG LLC [100%],Government of Oman [51.0%]; Shell PLC [30.0%]; small shareholder(s) [8.5%]; TotalEnergies SE [5.5%]; Korea Gas Corp [1.2%]; Hyundai Corp [1.0%]; POSCO International Corp [1.0%]; Samsung C&T Corp [1.0%]; SK Innovation Co Ltd [0.8%],22.65971,59.405567,,,,https://www.gem.wiki/Qalhat_LNG_power_station,posco_international;samsung_ct,gem_global_integrated_power_tracker,gem_global_integrated_power_2026_08_v3.xlsx
G100000404706,L100000405524,OM,Oman,Sohar III power plant,1,oil/gas,gas,"fossil gas: natural gas, fossil liquids: fuel oil",combined cycle,870.5,operating,2019,,,Shinas Generating Company SAOC [100%],Mitsui & Co Ltd [50.1%]; ACWA Power Co [44.9%]; Dhofar International Development & Investment Holding Company SAOG [5.0%],24.4885,56.6135,,,,https://www.gem.wiki/Sohar_III_power_plant,mitsui,gem_global_integrated_power_tracker,gem_global_integrated_power_2026_08_v3.xlsx
G100000411167,L100000405524,OM,Oman,Sohar III power plant,2,oil/gas,gas,"fossil gas: natural gas, fossil liquids: fuel oil",combined cycle,870.5,operating,2019,,,Shinas Generating Company SAOC [100%],Mitsui & Co Ltd [50.1%]; ACWA Power Co [44.9%]; Dhofar International Development & Investment Holding Company SAOG [5.0%],24.4885,56.6135,,,,https://www.gem.wiki/Sohar_III_power_plant,mitsui,gem_global_integrated_power_tracker,gem_global_integrated_power_2026_08_v3.xlsx
G100000404707,L100000405526,OM,Oman,Sur Independent power plant,1,oil/gas,gas,"fossil gas: natural gas, fossil liquids: fuel oil",combined cycle,800.0,operating,2014,2043,,Phoenix Power Company SAOG [100%],Axia Power Holdings BV [25.0%]; JERA Power Management Mid East BV [25.0%]; Middle East Investment LLC [25.0%]; Nebras Energy QPSC [15.0%]; Ras Laffan Operating Company WLL [10.0%],22.655898,59.416961,,,,https://www.gem.wiki/Sur_Independent_power_plant,jera,gem_global_integrated_power_tracker,gem_global_integrated_power_2026_08_v3.xlsx
G100000411165,L100000405526,OM,Oman,Sur Independent power plant,3,oil/gas,gas,"fossil gas: natural gas, fossil liquids: fuel oil",combined cycle,400.0,operating,2014,2043,,Phoenix Power Company SAOG [100%],Axia Power Holdings BV [25.0%]; JERA Power Management Mid East BV [25.0%]; Middle East Investment LLC [25.0%]; Nebras Energy QPSC [15.0%]; Ras Laffan Operating Company WLL [10.0%],22.655898,59.416961,,,,https://www.gem.wiki/Sur_Independent_power_plant,jera,gem_global_integrated_power_tracker,gem_global_integrated_power_2026_08_v3.xlsx
G100000411166,L100000405526,OM,Oman,Sur Independent power plant,2,oil/gas,gas,"fossil gas: natural gas, fossil liquids: fuel oil",combined cycle,800.0,operating,2014,2043,,Phoenix Power Company SAOG [100%],Axia Power Holdings BV [25.0%]; JERA Power Management Mid East BV [25.0%]; Middle East Investment LLC [25.0%]; Nebras Energy QPSC [15.0%]; Ras Laffan Operating Company WLL [10.0%],22.655898,59.416961,,,,https://www.gem.wiki/Sur_Independent_power_plant,jera,gem_global_integrated_power_tracker,gem_global_integrated_power_2026_08_v3.xlsx
G100000411259,L100000408899,PH,Philippines,Aboitiz Cebu LNG power station,1,oil/gas,gas,fossil gas: LNG,unknown,150.0,cancelled,,,,Aboitiz Power Corp [50%]; JERA Co Inc [50%],Aboitiz Power Corp [50.0%]; Chubu Electric Power Co Inc [25.0%]; Tokyo Electric Power Co [25.0%],10.218203,123.72442,,,,https://www.gem.wiki/Aboitiz_Cebu_LNG_power_station,jera,gem_global_integrated_power_tracker,gem_global_integrated_power_2026_08_v3.xlsx
G100000604224,L100000604168,PH,Philippines,Bakun AC hydroelectric plant,,hydropower,hydro,,run-of-river,75.0,operating,2000,,Luzon Hydro,JERA Co Inc [27%]; unknown [6%]; PCD Nominee [14%]; Aboitiz Equity Ventures Inc [51%],,16.8512,120.5835,,,,https://www.gem.wiki/Bakun_AC_hydroelectric_plant,jera,gem_global_integrated_power_tracker,gem_global_integrated_power_2026_08_v3.xlsx
G100000105677,L100000103172,PH,Philippines,KEPCO Subic Bay power station,--,coal,coal,coal: unknown,subcritical,200.0,cancelled,,,,KEPCO Philippines Corp [100%],Korea Electric Power Corp [100.0%],14.850474,120.205317,,,,https://www.gem.wiki/KEPCO_Subic_Bay_power_station,kepco,gem_global_integrated_power_tracker,gem_global_integrated_power_2026_08_v3.xlsx
G100000105513,L100000103197,PH,Philippines,Kamanga power station,Unit 1,coal,coal,coal: subbituminous,subcritical,105.0,operating,2016,,,Sarangani Energy Corp [100%],Alsons Consolidated Resources Inc [37.5%]; Manila Electric Co [37.5%]; Toyota Tsusho Corp [25.0%],5.86868,125.079818,,,,https://www.gem.wiki/Kamanga_power_station,toyota_tsusho,gem_global_integrated_power_tracker,gem_global_integrated_power_2026_08_v3.xlsx
G100000105514,L100000103197,PH,Philippines,Kamanga power station,Unit 2,coal,coal,coal: subbituminous,subcritical,105.0,operating,2019,,,Sarangani Energy Corp [100%],Alsons Consolidated Resources Inc [37.5%]; Manila Electric Co [37.5%]; Toyota Tsusho Corp [25.0%],5.86868,125.079818,,,,https://www.gem.wiki/Kamanga_power_station,toyota_tsusho,gem_global_integrated_power_tracker,gem_global_integrated_power_2026_08_v3.xlsx
G100000405948,L100000405960,PH,Philippines,Lloyds Energy power station,1,oil/gas,gas,fossil gas: LNG,unknown,1200.0,cancelled - inferred 4 y,,,,Mitsubishi Corp [50%]; Lloyds Energy Ltd [50%],Lloyds Energy Ltd [50.0%]; Mitsubishi Corp [50.0%],13.774431,121.024546,,,,https://www.gem.wiki/Lloyds_Energy_power_station,mitsubishi_corp,gem_global_integrated_power_tracker,gem_global_integrated_power_2026_08_v3.xlsx
G100000107724,L100000103166,PH,Philippines,Pagbilao power station,Unit 3,coal,coal,coal: bituminous,subcritical,420.0,operating,2018,,,Aboitiz Power Corp [50%]; TeaM Energy Corp [50%],Aboitiz Power Corp [50.0%]; Marubeni Corp [25.0%]; Chubu Electric Power Co Inc [12.5%]; Tokyo Electric Power Co [12.5%],13.8932,121.745,,,,https://www.gem.wiki/Pagbilao_power_station,marubeni,gem_global_integrated_power_tracker,gem_global_integrated_power_2026_08_v3.xlsx
G100000107750,L100000103201,PH,Philippines,Panay power plant (Kepco),Unit 1,coal,coal,coal: unknown,subcritical,50.0,cancelled,,,,KEPCO Philippines Corp [100%],Korea Electric Power Corp [100.0%],10.920334,122.67261,,,,https://www.gem.wiki/Panay_power_plant_(Kepco),kepco,gem_global_integrated_power_tracker,gem_global_integrated_power_2026_08_v3.xlsx
G100000114104,L100000103201,PH,Philippines,Panay power plant (Kepco),Unit 2,coal,coal,coal: unknown,subcritical,50.0,cancelled,,,,KEPCO Philippines Corp [100%],Korea Electric Power Corp [100.0%],10.920334,122.67261,,,,https://www.gem.wiki/Panay_power_plant_(Kepco),kepco,gem_global_integrated_power_tracker,gem_global_integrated_power_2026_08_v3.xlsx
G100001054434,L100001047737,PH,Philippines,San Mariano Biomass power station,--,bioenergy,bioenergy,bioenergy: agricultural waste (solids),,19.0,operating,2012,,,Green Future Innovations Inc,GCO; ITOCHU Corp; JGC Holdings Corp; Philippine Bioethanol and Energy Investments Corp,16.9884743447966,121.994582064878,,,,https://www.gem.wiki/San_Mariano_Biomass_power_station,itochu;jgc,gem_global_integrated_power_tracker,gem_global_integrated_power_2026_08_v3.xlsx
G100000113917,L100000104384,PH,Philippines,Sual KEPCO Power Station,Unit 1,coal,coal,coal: unknown,ultra-supercritical,500.0,cancelled,2024,,,KEPCO Philippines Corp [100%],Korea Electric Power Corp [100.0%],16.091,120.096,,,,https://www.gem.wiki/Sual_KEPCO_Power_Station,kepco,gem_global_integrated_power_tracker,gem_global_integrated_power_2026_08_v3.xlsx
G100000114305,L100000104384,PH,Philippines,Sual KEPCO Power Station,Unit 2,coal,coal,coal: unknown,ultra-supercritical,500.0,cancelled,2025,,,KEPCO Philippines Corp [100%],Korea Electric Power Corp [100.0%],16.091,120.096,,,,https://www.gem.wiki/Sual_KEPCO_Power_Station,kepco,gem_global_integrated_power_tracker,gem_global_integrated_power_2026_08_v3.xlsx
G100000603038,L100000603005,PK,Pakistan,Asrit-Kedam hydroelectric plant,,hydropower,hydro,,run-of-river,215.0,pre-construction,2029,,,Korea South-East Power Co Ltd [100%],,34.7701,72.3397,,,,https://www.gem.wiki/Asrit-Kedam_hydroelectric_plant,koen,gem_global_integrated_power_tracker,gem_global_integrated_power_2026_08_v3.xlsx
G100000603039,L100000603006,PK,Pakistan,Athmuqam hydroelectric plant,,hydropower,hydro,,run-of-river,350.0,pre-construction,,,,Korea Hydro & Nuclear Power (KHNP) Co Ltd [100%],,33.8441,73.7966,,,,https://www.gem.wiki/Athmuqam_hydroelectric_plant,khnp,gem_global_integrated_power_tracker,gem_global_integrated_power_2026_08_v3.xlsx
G100000901029,L100000900899,PK,Pakistan,Gul Ahmed (DL Energy) wind farm,--,wind,wind,,Onshore,50.0,operating,2016,,,DL Energy Co Ltd; Gul Ahmed Wind Power Ltd,,25.1531,67.9684,,,,https://www.gem.wiki/Gul_Ahmed_(DL_Energy)_wind_farm,dl_enc,gem_global_integrated_power_tracker,gem_global_integrated_power_2026_08_v3.xlsx
G100000900916,L100000900804,PK,Pakistan,Hawa Energy wind farm,--,wind,wind,,Onshore,50.0,operating,2018,,General Electric,Hawa Energy; DL Energy Co Ltd,,25.1428,68.0551,,,,https://www.gem.wiki/Hawa_Energy_wind_farm,dl_enc,gem_global_integrated_power_tracker,gem_global_integrated_power_2026_08_v3.xlsx
G100000603057,L100000603024,PK,Pakistan,Kalam-Asrit hydroelectric plant,,hydropower,hydro,,run-of-river,238.0,pre-construction,2032,,,Korea South-East Power Co Ltd [100%],,34.931,72.4174,,,,https://www.gem.wiki/Kalam-Asrit_hydroelectric_plant,koen,gem_global_integrated_power_tracker,gem_global_integrated_power_2026_08_v3.xlsx
G100000603064,L100000603031,PK,Pakistan,Lower Palas Valley hydroelectric plant,,hydropower,hydro,,run-of-river,665.0,pre-construction,,,,Pakistan Water and Power Development Authority; Daewoo Engineering & Construction Co Ltd; Korea Water Resources CORP (KOWACO); Pakhtunkhwa Energy Development Organization,,33.7128,71.2679,,,,https://www.gem.wiki/Lower_Palas_Valley_hydroelectric_plant,daewoo_ec,gem_global_integrated_power_tracker,gem_global_integrated_power_2026_08_v3.xlsx
G100000603065,L100000603032,PK,Pakistan,Lower Spat Gah hydroelectric plant,,hydropower,hydro,,run-of-river,496.0,pre-construction,2030,,,Lotte Engineering & Construction Co Ltd [6%]; Pakistan Water and Power Development Authority [26%]; POSCO Engineering & Construction [2%]; Korea Midland Power CO LTD (KOMIPO) [34%]; unknown [18%]; DL Energy [14%],,33.7128,71.2679,,,,https://www.gem.wiki/Lower_Spat_Gah_hydroelectric_plant,komipo;dl_enc;lotte_ec,gem_global_integrated_power_tracker,gem_global_integrated_power_2026_08_v3.xlsx
G100000900949,L100000900833,PK,Pakistan,Metro Power wind farm,--,wind,wind,,Onshore,50.0,operating,2016,,Hydrochina CORP (PowerChina),DL Energy Co Ltd; Metro Power Co Ltd,,25.1718,67.9695,,,,https://www.gem.wiki/Metro_Power_wind_farm,dl_enc,gem_global_integrated_power_tracker,gem_global_integrated_power_2026_08_v3.xlsx
G100000603079,L100000603045,PK,Pakistan,Patrind hydroelectric plant,,hydropower,hydro,,run-of-river,150.0,operating,2017,,Star Hydro Power LTD (SHPL),Daewoo Engineering & Construction Co Ltd; Korea Water Resources CORP (KOWACO),,34.3411,73.4295,,,,https://www.gem.wiki/Patrind_hydroelectric_plant,daewoo_ec,gem_global_integrated_power_tracker,gem_global_integrated_power_2026_08_v3.xlsx
G100000918205,L100000914714,PL,Poland,Łosino wind farm,--,wind,wind,,Onshore,48.0,operating,2008,,,Mitsui & Co Ltd [100%],,54.4128,16.9758,,,,https://www.gem.wiki/Łosino_wind_farm,mitsui,gem_global_integrated_power_tracker,gem_global_integrated_power_2026_08_v3.xlsx
G100000402109,L100000402537,PR,Puerto Rico,EcoElectrica power station,CC,oil/gas,gas,fossil gas: natural gas,combined cycle,574.0,operating,2000,,,EcoElectrica LP [100%],Naturgy Energy Group SA [47.5%]; ENGIE SA [35.0%]; Mitsui & Co Ltd [15.0%]; unknown [2.5%],17.981025,-66.75542,,,,https://www.gem.wiki/EcoElectrica_power_station,mitsui,gem_global_integrated_power_tracker,gem_global_integrated_power_2026_08_v3.xlsx
G100000400584,L100000400584,PT,Portugal,Elecgas Pego power station,G3,oil/gas,gas,fossil gas: natural gas,combined cycle,418.0,operating,2011,,,ElecGas SA [100%],Endesa SA [50.0%]; ENGIE SA [25.0%]; Marubeni Corp [25.0%],39.4689,-8.1113,,,,https://www.gem.wiki/Elecgas_Pego_power_station,marubeni,gem_global_integrated_power_tracker,gem_global_integrated_power_2026_08_v3.xlsx
G100000400585,L100000400584,PT,Portugal,Elecgas Pego power station,G4,oil/gas,gas,fossil gas: natural gas,combined cycle,418.0,operating,2011,,,ElecGas SA [100%],Endesa SA [50.0%]; ENGIE SA [25.0%]; Marubeni Corp [25.0%],39.4689,-8.1113,,,,https://www.gem.wiki/Elecgas_Pego_power_station,marubeni,gem_global_integrated_power_tracker,gem_global_integrated_power_2026_08_v3.xlsx
G100000107913,L100000103283,PT,Portugal,Pego power station,Unit 1,coal,coal,coal: bituminous,subcritical,341.0,retired,1992,2021,,Tejo Energia SA [100%],Endesa SA [43.8%]; ENGIE SA [28.1%]; Marubeni Corp [28.1%],39.468174,-8.109231,,,,https://www.gem.wiki/Pego_power_station,marubeni,gem_global_integrated_power_tracker,gem_global_integrated_power_2026_08_v3.xlsx
G100000107914,L100000103283,PT,Portugal,Pego power station,Unit 2,coal,coal,coal: bituminous,subcritical,341.0,retired,1995,2021,,Tejo Energia SA [100%],Endesa SA [43.8%]; ENGIE SA [28.1%]; Marubeni Corp [28.1%],39.468174,-8.109231,,,,https://www.gem.wiki/Pego_power_station,marubeni,gem_global_integrated_power_tracker,gem_global_integrated_power_2026_08_v3.xlsx
G100000114668,L100000400593,PT,Portugal,Tapada do Outeiro power station,Unit 2,coal,coal,coal: unknown,subcritical,50.0,retired,1964,2000,,TrustEnergy BV [100%],ENGIE SA [50.0%]; Marubeni Corp [50.0%],41.07,-8.4587,,,,https://www.gem.wiki/Tapada_do_Outeiro_power_station,marubeni,gem_global_integrated_power_tracker,gem_global_integrated_power_2026_08_v3.xlsx
G100000400593,L100000400593,PT,Portugal,Tapada do Outeiro power station,G1,oil/gas,gas,fossil gas: natural gas,combined cycle,330.0,operating,1998,,,TrustEnergy BV [100%],ENGIE SA [50.0%]; Marubeni Corp [50.0%],41.07,-8.4587,,,,https://www.gem.wiki/Tapada_do_Outeiro_power_station,marubeni,gem_global_integrated_power_tracker,gem_global_integrated_power_2026_08_v3.xlsx
G100000400594,L100000400593,PT,Portugal,Tapada do Outeiro power station,G2,oil/gas,gas,fossil gas: natural gas,combined cycle,330.0,operating,1998,,,TrustEnergy BV [100%],ENGIE SA [50.0%]; Marubeni Corp [50.0%],41.07,-8.4587,,,,https://www.gem.wiki/Tapada_do_Outeiro_power_station,marubeni,gem_global_integrated_power_tracker,gem_global_integrated_power_2026_08_v3.xlsx
G100000400595,L100000400593,PT,Portugal,Tapada do Outeiro power station,G3,oil/gas,gas,fossil gas: natural gas,combined cycle,330.0,operating,1999,,,TrustEnergy BV [100%],ENGIE SA [50.0%]; Marubeni Corp [50.0%],41.07,-8.4587,,,,https://www.gem.wiki/Tapada_do_Outeiro_power_station,marubeni,gem_global_integrated_power_tracker,gem_global_integrated_power_2026_08_v3.xlsx
G100000804692,L100000804101,QA,Qatar,Al Kharsaah Solar,2,utility-scale solar,solar,,PV,450.0,operating,2022,,Siraj 1 SPV,TotalEnergies SE [20%]; Marubeni Corp [20%]; Siraj Energy [60%],,25.3171,51.5122,,,,https://www.gem.wiki/Al_Kharsaah_Solar,marubeni,gem_global_integrated_power_tracker,gem_global_integrated_power_2026_08_v3.xlsx
G100000804693,L100000804101,QA,Qatar,Al Kharsaah Solar,1,utility-scale solar,solar,,PV,350.0,operating,2022,,Siraj 1 SPV,TotalEnergies SE [20%]; Marubeni Corp [20%]; Siraj Energy [60%],,25.2353,51.0137,,,,https://www.gem.wiki/Al_Kharsaah_Solar,marubeni,gem_global_integrated_power_tracker,gem_global_integrated_power_2026_08_v3.xlsx
G100000404740,L100000405536,QA,Qatar,Ras Laffan C power plant,1,oil/gas,gas,fossil gas: natural gas,combined cycle,683.0,operating,2011,,,Ras Girtas Power Company QSC [100%],Nebras Energy QPSC [45.0%]; ENGIE SA [20.0%]; QatarEnergy [15.0%]; Mitsui & Co Ltd [10.0%]; Chubu Electric Power Co Inc [5.0%]; Shikoku Electric Power Co Inc [5.0%],25.936944,51.522222,,,,https://www.gem.wiki/Ras_Laffan_C_power_plant,mitsui;shikoku,gem_global_integrated_power_tracker,gem_global_integrated_power_2026_08_v3.xlsx
G100000404741,L100000405536,QA,Qatar,Ras Laffan C power plant,2,oil/gas,gas,fossil gas: natural gas,combined cycle,683.0,operating,2011,,,Ras Girtas Power Company QSC [100%],Nebras Energy QPSC [45.0%]; ENGIE SA [20.0%]; QatarEnergy [15.0%]; Mitsui & Co Ltd [10.0%]; Chubu Electric Power Co Inc [5.0%]; Shikoku Electric Power Co Inc [5.0%],25.936944,51.522222,,,,https://www.gem.wiki/Ras_Laffan_C_power_plant,mitsui;shikoku,gem_global_integrated_power_tracker,gem_global_integrated_power_2026_08_v3.xlsx
G100000404742,L100000405536,QA,Qatar,Ras Laffan C power plant,3,oil/gas,gas,fossil gas: natural gas,combined cycle,683.0,operating,2011,,,Ras Girtas Power Company QSC [100%],Nebras Energy QPSC [45.0%]; ENGIE SA [20.0%]; QatarEnergy [15.0%]; Mitsui & Co Ltd [10.0%]; Chubu Electric Power Co Inc [5.0%]; Shikoku Electric Power Co Inc [5.0%],25.936944,51.522222,,,,https://www.gem.wiki/Ras_Laffan_C_power_plant,mitsui;shikoku,gem_global_integrated_power_tracker,gem_global_integrated_power_2026_08_v3.xlsx
G100000404743,L100000405536,QA,Qatar,Ras Laffan C power plant,4,oil/gas,gas,fossil gas: natural gas,combined cycle,683.0,operating,2011,,,Ras Girtas Power Company QSC [100%],Nebras Energy QPSC [45.0%]; ENGIE SA [20.0%]; QatarEnergy [15.0%]; Mitsui & Co Ltd [10.0%]; Chubu Electric Power Co Inc [5.0%]; Shikoku Electric Power Co Inc [5.0%],25.936944,51.522222,,,,https://www.gem.wiki/Ras_Laffan_C_power_plant,mitsui;shikoku,gem_global_integrated_power_tracker,gem_global_integrated_power_2026_08_v3.xlsx
G100000404749,L100000405538,QA,Qatar,Umm Al Houl power plant,1,oil/gas,gas,fossil gas: natural gas,combined cycle,1260.0,operating,2017,,,Umm Al Houl Power QSC [100%],Nebras Energy QPSC [60.0%]; Mitsubishi Corp [20.0%]; Chubu Electric Power Co Inc [5.0%]; Qatar Foundation [5.0%]; QatarEnergy [5.0%]; Tokyo Electric Power Co [5.0%],25.115086,51.613097,,,,https://www.gem.wiki/Umm_Al_Houl_power_plant,mitsubishi_corp,gem_global_integrated_power_tracker,gem_global_integrated_power_2026_08_v3.xlsx
G100000410062,L100000405538,QA,Qatar,Umm Al Houl power plant,2,oil/gas,gas,fossil gas: natural gas,combined cycle,1260.0,operating,2018,,,Umm Al Houl Power QSC [100%],Nebras Energy QPSC [60.0%]; Mitsubishi Corp [20.0%]; Chubu Electric Power Co Inc [5.0%]; Qatar Foundation [5.0%]; QatarEnergy [5.0%]; Tokyo Electric Power Co [5.0%],25.115086,51.613097,,,,https://www.gem.wiki/Umm_Al_Houl_power_plant,mitsubishi_corp,gem_global_integrated_power_tracker,gem_global_integrated_power_2026_08_v3.xlsx
G100001050396,L100001044859,RS,Serbia,Bački Gračac solar farm,--,utility-scale solar,solar,,PV,66.0,announced,2028,,,Hyundai Engineering - UGT Renewables; Elektroprivreda Srbije (EPS),,45.5715,19.3272,,,,https://www.gem.wiki/Bački_Gračac_solar_farm,hyundai_engineering,gem_global_integrated_power_tracker,gem_global_integrated_power_2026_08_v3.xlsx
G100001050400,L100001044863,RS,Serbia,Jablanica solar farm,--,utility-scale solar,solar,,PV,303.0,announced,2028,,,Hyundai Engineering - UGT Renewables; Elektroprivreda Srbije (EPS),,42.918,21.7492,,,,https://www.gem.wiki/Jablanica_solar_farm,hyundai_engineering,gem_global_integrated_power_tracker,gem_global_integrated_power_2026_08_v3.xlsx
G100001050397,L100001044860,RS,Serbia,Jasenica solar farm,--,utility-scale solar,solar,,PV,70.0,announced,2028,,,Hyundai Engineering - UGT Renewables; Elektroprivreda Srbije (EPS),,43.1824,21.7668,,,,https://www.gem.wiki/Jasenica_solar_farm,hyundai_engineering,gem_global_integrated_power_tracker,gem_global_integrated_power_2026_08_v3.xlsx
G100001050401,L100001044864,RS,Serbia,Sikole solar farm,--,utility-scale solar,solar,,PV,461.0,announced,2028,,,Hyundai Engineering - UGT Renewables; Elektroprivreda Srbije (EPS),,44.1784,22.318,,,,https://www.gem.wiki/Sikole_solar_farm,hyundai_engineering,gem_global_integrated_power_tracker,gem_global_integrated_power_2026_08_v3.xlsx
G100001050399,L100001044862,RS,Serbia,Srpska Kuća solar farm,--,utility-scale solar,solar,,PV,35.1,announced,2028,,,Hyundai Engineering - UGT Renewables; Elektroprivreda Srbije (EPS),,42.4683,21.8071,,,,https://www.gem.wiki/Srpska_Kuća_solar_farm,hyundai_engineering,gem_global_integrated_power_tracker,gem_global_integrated_power_2026_08_v3.xlsx
G100001050398,L100001044861,RS,Serbia,Togočevce solar farm,--,utility-scale solar,solar,,PV,66.0,announced,2028,,,Hyundai Engineering - UGT Renewables; Elektroprivreda Srbije (EPS),,42.938,21.8674,,,,https://www.gem.wiki/Togočevce_solar_farm,hyundai_engineering,gem_global_integrated_power_tracker,gem_global_integrated_power_2026_08_v3.xlsx
G100000200353,L100000200317,RS,Serbia,Vinca Waste-to-Energy power station,1,bioenergy,bioenergy,bioenergy: refuse (municipal and industrial wastes),,30.0,operating,2023,,,Beo Čista Energija doo [100%],ITOCHU Corp; Margeruite Fund; Veolia Environnement SA,44.7716,20.6028,,,,https://www.gem.wiki/Vinca_Waste-to-Energy_power_station,itochu,gem_global_integrated_power_tracker,gem_global_integrated_power_2026_08_v3.xlsx
G100001070617,L100001061607,RU,Russia,Arctic LNG 2 Terminal power station,Phase 1,oil/gas,gas,fossil gas: natural gas,internal combustion,500.0,operating,2025,,Arctic LNG 2,Arctic LNG 2 LLC [100%],Novatek PJSC [60.0%]; China National Petroleum Corp [10.0%]; CNOOC Ltd [10.0%]; TotalEnergies SE [10.0%]; Japan Organization for Metals and Energy Security [7.5%]; Mitsui & Co Ltd [2.5%],70.99517,73.8295,,,,https://www.gem.wiki/Arctic_LNG_2_Terminal_power_station,mitsui,gem_global_integrated_power_tracker,gem_global_integrated_power_2026_08_v3.xlsx
G100001070620,L100001061607,RU,Russia,Arctic LNG 2 Terminal power station,Phase 2 (Beregovaya GTES),oil/gas,gas,fossil gas: natural gas,internal combustion,500.0,construction,2028,,Arctic LNG 2,Arctic LNG 2 LLC [100%],Novatek PJSC [60.0%]; China National Petroleum Corp [10.0%]; CNOOC Ltd [10.0%]; TotalEnergies SE [10.0%]; Japan Organization for Metals and Energy Security [7.5%]; Mitsui & Co Ltd [2.5%],70.99517,73.8295,,,,https://www.gem.wiki/Arctic_LNG_2_Terminal_power_station,mitsui,gem_global_integrated_power_tracker,gem_global_integrated_power_2026_08_v3.xlsx
G100001070621,L100001061607,RU,Russia,Arctic LNG 2 Terminal power station,Phase 3,oil/gas,gas,fossil gas: natural gas,internal combustion,500.0,operating,2025,,Arctic LNG 2,Arctic LNG 2 LLC [100%],Novatek PJSC [60.0%]; China National Petroleum Corp [10.0%]; CNOOC Ltd [10.0%]; TotalEnergies SE [10.0%]; Japan Organization for Metals and Energy Security [7.5%]; Mitsui & Co Ltd [2.5%],70.99517,73.8295,,,,https://www.gem.wiki/Arctic_LNG_2_Terminal_power_station,mitsui,gem_global_integrated_power_tracker,gem_global_integrated_power_2026_08_v3.xlsx
G100001021007,L100001018745,SA,Saudi Arabia,Al Sadawi solar farm,--,utility-scale solar,solar,,PV,2000.0,pre-construction,2027,,GD POWER Development; Korea Electric Power; Abu Dhabi Future Energy,Abu Dhabi Future Energy Co; Korea Electric Power Corp; GD POWER Development Co Ltd,,24.657,46.7412,,,,https://www.gem.wiki/Al_Sadawi_solar_farm,kepco,gem_global_integrated_power_tracker,gem_global_integrated_power_2026_08_v3.xlsx
G100001004868,L100001004183,SA,Saudi Arabia,Nairyah IPP Power Plant,1-النعيرية 1-Nairyah IPP 1,oil/gas,gas,fossil gas: natural gas,combined cycle,1800.0,construction,2028,,ACWA Power; Korea Electric Power,Korea Electric Power Corp [65%]; ACWA Power Co [35%],Korea Electric Power Corp [65.0%]; ACWA Power Co [35.0%],27.47574,48.49949,,,,https://www.gem.wiki/Nairyah_IPP_Power_Plant,kepco,gem_global_integrated_power_tracker,gem_global_integrated_power_2026_08_v3.xlsx
G100001004869,L100001004183,SA,Saudi Arabia,Nairyah IPP Power Plant,2-النعيرية 2-Nairyah IPP 2,oil/gas,gas,fossil gas: natural gas,combined cycle,1800.0,construction,2028,,JERA; Abu Dhabi National Energy Company; Al Bawani Water & Power,Abu Dhabi National Energy Company PJSC [49%]; Al Bawani Water & Power Co [20%]; JERA Co Inc [31%],Abu Dhabi National Energy Company PJSC [49.0%]; Al Bawani Company Ltd [20.0%]; Chubu Electric Power Co Inc [15.5%]; Tokyo Electric Power Co [15.5%],27.47574,48.49949,,,,https://www.gem.wiki/Nairyah_IPP_Power_Plant,jera,gem_global_integrated_power_tracker,gem_global_integrated_power_2026_08_v3.xlsx
G100000404756,L100000405553,SA,Saudi Arabia,Qurayyah CC power plant,1,oil/gas,gas,"fossil gas: natural gas, fossil liquids: fuel oil",combined cycle,683.0,operating,2014,,,Hajr Electricity Production Co [100%],Saudi Electricity Co [50.0%]; ACWA Power Co [22.5%]; MENA Infrastructure Fund Ltd [15.0%]; Samsung C&T Corp [12.5%],25.8446231,50.1264074,,,,https://www.gem.wiki/Qurayyah_CC_power_plant,samsung_ct,gem_global_integrated_power_tracker,gem_global_integrated_power_2026_08_v3.xlsx
G100000404757,L100000405553,SA,Saudi Arabia,Qurayyah CC power plant,2,oil/gas,gas,"fossil gas: natural gas, fossil liquids: fuel oil",combined cycle,683.0,operating,2014,,,Hajr Electricity Production Co [100%],Saudi Electricity Co [50.0%]; ACWA Power Co [22.5%]; MENA Infrastructure Fund Ltd [15.0%]; Samsung C&T Corp [12.5%],25.8446231,50.1264074,,,,https://www.gem.wiki/Qurayyah_CC_power_plant,samsung_ct,gem_global_integrated_power_tracker,gem_global_integrated_power_2026_08_v3.xlsx
G100000404758,L100000405553,SA,Saudi Arabia,Qurayyah CC power plant,3,oil/gas,gas,"fossil gas: natural gas, fossil liquids: fuel oil",combined cycle,683.0,operating,2014,,,Hajr Electricity Production Co [100%],Saudi Electricity Co [50.0%]; ACWA Power Co [22.5%]; MENA Infrastructure Fund Ltd [15.0%]; Samsung C&T Corp [12.5%],25.8446231,50.1264074,,,,https://www.gem.wiki/Qurayyah_CC_power_plant,samsung_ct,gem_global_integrated_power_tracker,gem_global_integrated_power_2026_08_v3.xlsx
G100000404759,L100000405553,SA,Saudi Arabia,Qurayyah CC power plant,4,oil/gas,gas,"fossil gas: natural gas, fossil liquids: fuel oil",combined cycle,683.0,operating,2014,,,Hajr Electricity Production Co [100%],Saudi Electricity Co [50.0%]; ACWA Power Co [22.5%]; MENA Infrastructure Fund Ltd [15.0%]; Samsung C&T Corp [12.5%],25.8446231,50.1264074,,,,https://www.gem.wiki/Qurayyah_CC_power_plant,samsung_ct,gem_global_integrated_power_tracker,gem_global_integrated_power_2026_08_v3.xlsx
G100000404760,L100000405553,SA,Saudi Arabia,Qurayyah CC power plant,5,oil/gas,gas,"fossil gas: natural gas, fossil liquids: fuel oil",combined cycle,683.0,operating,2014,,,Hajr Electricity Production Co [100%],Saudi Electricity Co [50.0%]; ACWA Power Co [22.5%]; MENA Infrastructure Fund Ltd [15.0%]; Samsung C&T Corp [12.5%],25.8446231,50.1264074,,,,https://www.gem.wiki/Qurayyah_CC_power_plant,samsung_ct,gem_global_integrated_power_tracker,gem_global_integrated_power_2026_08_v3.xlsx
G100000404761,L100000405553,SA,Saudi Arabia,Qurayyah CC power plant,6,oil/gas,gas,"fossil gas: natural gas, fossil liquids: fuel oil",combined cycle,683.0,operating,2015,,,Hajr Electricity Production Co [100%],Saudi Electricity Co [50.0%]; ACWA Power Co [22.5%]; MENA Infrastructure Fund Ltd [15.0%]; Samsung C&T Corp [12.5%],25.8446231,50.1264074,,,,https://www.gem.wiki/Qurayyah_CC_power_plant,samsung_ct,gem_global_integrated_power_tracker,gem_global_integrated_power_2026_08_v3.xlsx
G100000411495,L100000408240,SA,Saudi Arabia,Rabigh IPP power station,2,oil/gas,oil,fossil liquids: heavy fuel oil,steam turbine,602.0,operating,2013,,,Rabigh Power Company LLC [60%]; ACWA Power Co [40%],ACWA Power Co [40.0%]; NOMAC [30.6%]; Marubeni Corp [20.4%]; JGC Holdings Corp [9.0%],22.663575,39.036656,,,,https://www.gem.wiki/Rabigh_IPP_power_station,marubeni;jgc,gem_global_integrated_power_tracker,gem_global_integrated_power_2026_08_v3.xlsx
G100000411496,L100000408240,SA,Saudi Arabia,Rabigh IPP power station,1,oil/gas,oil,fossil liquids: heavy fuel oil,steam turbine,602.0,operating,2013,,,Rabigh Power Company LLC [60%]; ACWA Power Co [40%],ACWA Power Co [40.0%]; NOMAC [30.6%]; Marubeni Corp [20.4%]; JGC Holdings Corp [9.0%],22.663575,39.036656,,,,https://www.gem.wiki/Rabigh_IPP_power_station,marubeni;jgc,gem_global_integrated_power_tracker,gem_global_integrated_power_2026_08_v3.xlsx
G100000804626,L100000804053,SA,Saudi Arabia,Rabigh Solar PV,--,utility-scale solar,solar,,PV,400.0,operating,2023,,China Energy Engineering,Marubeni Corp; Aljomaih Energy & Water Co Ltd,,22.5808,39.1683,,,,https://www.gem.wiki/Rabigh_Solar_PV,marubeni,gem_global_integrated_power_tracker,gem_global_integrated_power_2026_08_v3.xlsx
G100001004865,L100001004179,SA,Saudi Arabia,Rumah IPP Power Plant,1-رماح 1,oil/gas,gas,fossil gas: natural gas,combined cycle,1800.0,construction,2028,,ACWA Power; Korea Electric Power,Korea Electric Power Corp [50%]; ACWA Power Co [50%],ACWA Power Co [50.0%]; Korea Electric Power Corp [50.0%],25.56667,47.16255,,,,https://www.gem.wiki/Rumah_IPP_Power_Plant,kepco,gem_global_integrated_power_tracker,gem_global_integrated_power_2026_08_v3.xlsx
G100001004866,L100001004179,SA,Saudi Arabia,Rumah IPP Power Plant,2-رماح 2,oil/gas,gas,fossil gas: natural gas,combined cycle,1800.0,construction,2028,,JERA; Abu Dhabi National Energy Company; Al Bawani Water & Power,Abu Dhabi National Energy Company PJSC [33%]; Al Bawani Water & Power Co [33%]; JERA Co Inc [33%],Abu Dhabi National Energy Company PJSC [33.3%]; Al Bawani Company Ltd [33.3%]; Chubu Electric Power Co Inc [16.6%]; Tokyo Electric Power Co [16.6%],25.56667,47.16255,,,,https://www.gem.wiki/Rumah_IPP_Power_Plant,jera,gem_global_integrated_power_tracker,gem_global_integrated_power_2026_08_v3.xlsx
G100001053404,L100001047046,SA,Saudi Arabia,SATORP power plant,1,oil/gas,gas,fossil gas: natural gas,combined cycle,475.0,construction,2027,,JERA; Abu Dhabi National Energy Company,JERA Co Inc [49%]; Abu Dhabi National Energy Company PJSC [51%],Abu Dhabi National Energy Company PJSC [51.0%]; Chubu Electric Power Co Inc [24.5%]; Tokyo Electric Power Co [24.5%],26.965465,49.498705,,,,https://www.gem.wiki/SATORP_power_plant,jera,gem_global_integrated_power_tracker,gem_global_integrated_power_2026_08_v3.xlsx
G100000411439,L100000408248,SA,Saudi Arabia,Shuqaiq 2 Independent Water and Power Project,3,oil/gas,oil,fossil liquids: heavy fuel oil,steam turbine,340.0,operating,2010,,,Saudi Electricity Co [8%]; Gulf Investment Corp [20%]; Public Investment Fund (Saudi Arabia) [32%]; ACWA Power Co [34%]; Mitsubishi Corp [6%],ACWA Power Co [34.0%]; Public Investment Fund (Saudi Arabia) [32.0%]; Gulf Investment Corp [20.0%]; Saudi Electricity Co [8.0%]; Mitsubishi Corp [6.0%],17.659601,42.07608,,,,https://www.gem.wiki/Shuqaiq_2_Independent_Water_and_Power_Project,mitsubishi_corp,gem_global_integrated_power_tracker,gem_global_integrated_power_2026_08_v3.xlsx
G100000411440,L100000408248,SA,Saudi Arabia,Shuqaiq 2 Independent Water and Power Project,2,oil/gas,oil,fossil liquids: heavy fuel oil,steam turbine,340.0,operating,2010,,,Saudi Electricity Co [8%]; Gulf Investment Corp [20%]; Public Investment Fund (Saudi Arabia) [32%]; ACWA Power Co [34%]; Mitsubishi Corp [6%],ACWA Power Co [34.0%]; Public Investment Fund (Saudi Arabia) [32.0%]; Gulf Investment Corp [20.0%]; Saudi Electricity Co [8.0%]; Mitsubishi Corp [6.0%],17.659601,42.07608,,,,https://www.gem.wiki/Shuqaiq_2_Independent_Water_and_Power_Project,mitsubishi_corp,gem_global_integrated_power_tracker,gem_global_integrated_power_2026_08_v3.xlsx
G100000411441,L100000408248,SA,Saudi Arabia,Shuqaiq 2 Independent Water and Power Project,1,oil/gas,oil,fossil liquids: heavy fuel oil,steam turbine,340.0,operating,2010,,,Saudi Electricity Co [8%]; Gulf Investment Corp [20%]; Public Investment Fund (Saudi Arabia) [32%]; ACWA Power Co [34%]; Mitsubishi Corp [6%],ACWA Power Co [34.0%]; Public Investment Fund (Saudi Arabia) [32.0%]; Gulf Investment Corp [20.0%]; Saudi Electricity Co [8.0%]; Mitsubishi Corp [6.0%],17.659601,42.07608,,,,https://www.gem.wiki/Shuqaiq_2_Independent_Water_and_Power_Project,mitsubishi_corp,gem_global_integrated_power_tracker,gem_global_integrated_power_2026_08_v3.xlsx
G100000410899,L100000408011,SA,Saudi Arabia,Tanajib Cogeneration and Desalination power plant,CC,oil/gas,gas,fossil gas: natural gas,combined cycle,940.0,operating,2025,,,Abu Dhabi National Energy Company PJSC [29%]; Marubeni Corp [30%]; Saudi Arabian Oil Co [40%],Saudi Arabian Oil Co [40.0%]; Marubeni Corp [30.6%]; Abu Dhabi National Energy Company PJSC [29.4%],27.770296,48.874835,,,,https://www.gem.wiki/Tanajib_Cogeneration_and_Desalination_power_plant,marubeni,gem_global_integrated_power_tracker,gem_global_integrated_power_2026_08_v3.xlsx
G100000804741,L100000804148,SA,Saudi Arabia,Wadi Ad Dawasir Solar PV Plant,--,utility-scale solar,solar,,PV,119.0,operating,2025,,Toyota Tsusho; TotalEnergies; Altaaqa Renewables,Toyota Tsusho Corp; TotalEnergies SE; Altaaqa Renewables [100%],,20.5595,44.8657,,,,https://www.gem.wiki/Wadi_Ad_Dawasir_Solar_PV_Plant,toyota_tsusho,gem_global_integrated_power_tracker,gem_global_integrated_power_2026_08_v3.xlsx
G100000105675,L100000103396,SN,Senegal,Kepco Sendou power station,Unit 1,coal,coal,coal: unknown,unknown,125.0,cancelled,,,,Korea Electric Power Corp [100%],Korea Electric Power Corp [100.0%],14.689064,-17.217628,,,,https://www.gem.wiki/Kepco_Sendou_power_station,kepco,gem_global_integrated_power_tracker,gem_global_integrated_power_2026_08_v3.xlsx
G100000105676,L100000103396,SN,Senegal,Kepco Sendou power station,Unit 2,coal,coal,coal: unknown,unknown,125.0,cancelled,,,,Korea Electric Power Corp [100%],Korea Electric Power Corp [100.0%],14.689064,-17.217628,,,,https://www.gem.wiki/Kepco_Sendou_power_station,kepco,gem_global_integrated_power_tracker,gem_global_integrated_power_2026_08_v3.xlsx
G100000109777,L100000103525,SZ,Eswatini,KEPCO Eswatini power station,--,coal,coal,coal: unknown,unknown,200.0,cancelled,,,,Korea Electric Power Corp [100%],Korea Electric Power Corp [100.0%],-26.316667,31.133,,,,https://www.gem.wiki/KEPCO_Eswatini_power_station,kepco,gem_global_integrated_power_tracker,gem_global_integrated_power_2026_08_v3.xlsx
G100000404486,L100000405369,TH,Thailand,Chachoengsao NNK cogeneration power station,1,oil/gas,gas,fossil gas: natural gas,combined cycle,110.0,operating,2013,,,Gulf JP Co Ltd [100%],Electric Power Development Co Ltd [60.0%]; small shareholder(s) [18.0%]; Gulf Development PCL [11.7%]; UBS Group AG [4.1%]; Gulf Capital Holdings Ltd [3.2%]; Singapore Telecommunications Ltd [3.1%],13.736129,101.016325,,,,https://www.gem.wiki/Chachoengsao_NNK_cogeneration_power_station,jpower,gem_global_integrated_power_tracker,gem_global_integrated_power_2026_08_v3.xlsx
G100000401094,L100000405372,TH,Thailand,Chonburi Ng Project power station,1,oil/gas,gas,fossil gas: natural gas,combined cycle,625.0,operating,2021,,,Gulf SRC Co Ltd [100%],small shareholder(s) [31.5%]; Mitsui & Co Ltd [30.0%]; Gulf Development PCL [20.4%]; UBS Group AG [7.1%]; Gulf Capital Holdings Ltd [5.6%]; Singapore Telecommunications Ltd [5.4%],13.049968,101.193335,,,,https://www.gem.wiki/Chonburi_Ng_Project_power_station,mitsui,gem_global_integrated_power_tracker,gem_global_integrated_power_2026_08_v3.xlsx
G100000401095,L100000405372,TH,Thailand,Chonburi Ng Project power station,2,oil/gas,gas,fossil gas: natural gas,combined cycle,625.0,operating,2021,,,Gulf SRC Co Ltd [100%],small shareholder(s) [31.5%]; Mitsui & Co Ltd [30.0%]; Gulf Development PCL [20.4%]; UBS Group AG [7.1%]; Gulf Capital Holdings Ltd [5.6%]; Singapore Telecommunications Ltd [5.4%],13.049968,101.193335,,,,https://www.gem.wiki/Chonburi_Ng_Project_power_station,mitsui,gem_global_integrated_power_tracker,gem_global_integrated_power_2026_08_v3.xlsx
G100000401096,L100000405372,TH,Thailand,Chonburi Ng Project power station,3,oil/gas,gas,fossil gas: natural gas,combined cycle,625.0,operating,2022,,,Gulf SRC Co Ltd [100%],small shareholder(s) [31.5%]; Mitsui & Co Ltd [30.0%]; Gulf Development PCL [20.4%]; UBS Group AG [7.1%]; Gulf Capital Holdings Ltd [5.6%]; Singapore Telecommunications Ltd [5.4%],13.049968,101.193335,,,,https://www.gem.wiki/Chonburi_Ng_Project_power_station,mitsui,gem_global_integrated_power_tracker,gem_global_integrated_power_2026_08_v3.xlsx
G100000401097,L100000405372,TH,Thailand,Chonburi Ng Project power station,4,oil/gas,gas,fossil gas: natural gas,combined cycle,625.0,operating,2022,,,Gulf SRC Co Ltd [100%],small shareholder(s) [31.5%]; Mitsui & Co Ltd [30.0%]; Gulf Development PCL [20.4%]; UBS Group AG [7.1%]; Gulf Capital Holdings Ltd [5.6%]; Singapore Telecommunications Ltd [5.4%],13.049968,101.193335,,,,https://www.gem.wiki/Chonburi_Ng_Project_power_station,mitsui,gem_global_integrated_power_tracker,gem_global_integrated_power_2026_08_v3.xlsx
G100000404422,L100000405373,TH,Thailand,EGCO cogeneration (Rayong) power station,1,oil/gas,gas,fossil gas: natural gas,combined cycle,117.0,operating,2003,,,Electricity Generating PCL [80%]; J-POWER Holdings (Thailand) Co Ltd [20%],Electricity Generating PCL [80.0%]; Electric Power Development Co Ltd [20.0%],12.794063,101.199347,,,,https://www.gem.wiki/EGCO_cogeneration_(Rayong)_power_station,jpower,gem_global_integrated_power_tracker,gem_global_integrated_power_2026_08_v3.xlsx
G100000404487,L100000405381,TH,Thailand,Gulf BL power station,1,oil/gas,gas,fossil gas: natural gas,combined cycle,127.0,operating,2018,,,Gulf MP Company Ltd [75%]; Thai Industrial Estate Corp Ltd [25%],Thai Industrial Estate Corp Ltd [25.0%]; small shareholder(s) [23.6%]; Mitsui & Co Ltd [22.5%]; Gulf Development PCL [15.3%]; UBS Group AG [5.3%]; Gulf Capital Holdings Ltd [4.2%]; Singapore Telecommunications Ltd [4.1%],14.252758,100.588845,,,,https://www.gem.wiki/Gulf_BL_power_station,mitsui,gem_global_integrated_power_tracker,gem_global_integrated_power_2026_08_v3.xlsx
G100000404488,L100000405382,TH,Thailand,Gulf BP power station,1,oil/gas,gas,fossil gas: natural gas,combined cycle,127.0,operating,2018,,,Gulf MP Company Ltd [75%]; Thai Industrial Estate Corp Ltd [25%],Thai Industrial Estate Corp Ltd [25.0%]; small shareholder(s) [23.6%]; Mitsui & Co Ltd [22.5%]; Gulf Development PCL [15.3%]; UBS Group AG [5.3%]; Gulf Capital Holdings Ltd [4.2%]; Singapore Telecommunications Ltd [4.1%],14.25334,100.602789,,,,https://www.gem.wiki/Gulf_BP_power_station,mitsui,gem_global_integrated_power_tracker,gem_global_integrated_power_2026_08_v3.xlsx
G100000404501,L100000405383,TH,Thailand,Gulf CRN power station,1,oil/gas,gas,fossil gas: natural gas,combined cycle,125.9,operating,2013,,,Gulf JP Co Ltd [100%],Electric Power Development Co Ltd [60.0%]; small shareholder(s) [18.0%]; Gulf Development PCL [11.7%]; UBS Group AG [4.1%]; Gulf Capital Holdings Ltd [3.2%]; Singapore Telecommunications Ltd [3.1%],14.097682,100.572578,,,,https://www.gem.wiki/Gulf_CRN_power_station,jpower,gem_global_integrated_power_tracker,gem_global_integrated_power_2026_08_v3.xlsx
G100000404497,L100000405384,TH,Thailand,Gulf KP1 & 2 power station,1,oil/gas,gas,fossil gas: natural gas,combined cycle,110.0,operating,2013,,,Gulf JP Co Ltd [100%],Electric Power Development Co Ltd [60.0%]; small shareholder(s) [18.0%]; Gulf Development PCL [11.7%]; UBS Group AG [4.1%]; Gulf Capital Holdings Ltd [3.2%]; Singapore Telecommunications Ltd [3.1%],14.387466,100.909186,,,,https://www.gem.wiki/Gulf_KP1_&_2_power_station,jpower,gem_global_integrated_power_tracker,gem_global_integrated_power_2026_08_v3.xlsx
G100000404498,L100000405384,TH,Thailand,Gulf KP1 & 2 power station,2,oil/gas,gas,fossil gas: natural gas,combined cycle,110.0,operating,2013,,,Gulf JP Co Ltd [100%],Electric Power Development Co Ltd [60.0%]; small shareholder(s) [18.0%]; Gulf Development PCL [11.7%]; UBS Group AG [4.1%]; Gulf Capital Holdings Ltd [3.2%]; Singapore Telecommunications Ltd [3.1%],14.387466,100.909186,,,,https://www.gem.wiki/Gulf_KP1_&_2_power_station,jpower,gem_global_integrated_power_tracker,gem_global_integrated_power_2026_08_v3.xlsx
G100000404489,L100000405385,TH,Thailand,Gulf NC power station,1,oil/gas,gas,fossil gas: natural gas,combined cycle,126.5,operating,2018,,,Gulf MP Company Ltd [100%],small shareholder(s) [31.5%]; Mitsui & Co Ltd [30.0%]; Gulf Development PCL [20.4%]; UBS Group AG [7.1%]; Gulf Capital Holdings Ltd [5.6%]; Singapore Telecommunications Ltd [5.4%],14.032236,101.710998,,,,https://www.gem.wiki/Gulf_NC_power_station,mitsui,gem_global_integrated_power_tracker,gem_global_integrated_power_2026_08_v3.xlsx
G100000404499,L100000405386,TH,Thailand,Gulf NK2 power station,1,oil/gas,gas,fossil gas: natural gas,combined cycle,133.0,operating,2013,,,Gulf JP Co Ltd [100%],Electric Power Development Co Ltd [60.0%]; small shareholder(s) [18.0%]; Gulf Development PCL [11.7%]; UBS Group AG [4.1%]; Gulf Capital Holdings Ltd [3.2%]; Singapore Telecommunications Ltd [3.1%],14.368055,100.835808,,,,https://www.gem.wiki/Gulf_NK2_power_station,jpower,gem_global_integrated_power_tracker,gem_global_integrated_power_2026_08_v3.xlsx
G100000404490,L100000405387,TH,Thailand,Gulf NLL power station,1,oil/gas,gas,fossil gas: natural gas,combined cycle,123.0,operating,2013,,,Gulf JP Co Ltd [74%]; WHA Utilities and Power PLC [25%],Electric Power Development Co Ltd [45.0%]; WHA Utilities and Power PLC [25.0%]; small shareholder(s) [13.5%]; Gulf Development PCL [8.8%]; UBS Group AG [3.0%]; Gulf Capital Holdings Ltd [2.4%]; Singapore Telecommunications Ltd [2.3%],12.825592,101.248684,,,,https://www.gem.wiki/Gulf_NLL_power_station,jpower,gem_global_integrated_power_tracker,gem_global_integrated_power_2026_08_v3.xlsx
G100000404491,L100000405387,TH,Thailand,Gulf NLL power station,2,oil/gas,gas,fossil gas: natural gas,combined cycle,127.0,operating,2019,,,Gulf MP Company Ltd [75%]; WHA Utilities and Power PLC [25%],WHA Utilities and Power PLC [25.0%]; small shareholder(s) [23.6%]; Mitsui & Co Ltd [22.5%]; Gulf Development PCL [15.3%]; UBS Group AG [5.3%]; Gulf Capital Holdings Ltd [4.2%]; Singapore Telecommunications Ltd [4.1%],12.825592,101.248684,,,,https://www.gem.wiki/Gulf_NLL_power_station,mitsui,gem_global_integrated_power_tracker,gem_global_integrated_power_2026_08_v3.xlsx
G100000401103,L100000405389,TH,Thailand,Gulf NPM power station,CC1,oil/gas,gas,fossil gas: natural gas,combined cycle,135.0,operating,2019,,,Gulf MP Company Ltd [100%],small shareholder(s) [31.5%]; Mitsui & Co Ltd [30.0%]; Gulf Development PCL [20.4%]; UBS Group AG [7.1%]; Gulf Capital Holdings Ltd [5.6%]; Singapore Telecommunications Ltd [5.4%],14.36647,100.836403,,,,https://www.gem.wiki/Gulf_NPM_power_station,mitsui,gem_global_integrated_power_tracker,gem_global_integrated_power_2026_08_v3.xlsx
G100000401104,L100000405390,TH,Thailand,Gulf NRV power station,1,oil/gas,gas,fossil gas: natural gas,combined cycle,128.0,operating,2019,,,Gulf MP Company Ltd [100%],small shareholder(s) [31.5%]; Mitsui & Co Ltd [30.0%]; Gulf Development PCL [20.4%]; UBS Group AG [7.1%]; Gulf Capital Holdings Ltd [5.6%]; Singapore Telecommunications Ltd [5.4%],14.928799,102.177099,,,,https://www.gem.wiki/Gulf_NRV_power_station,mitsui,gem_global_integrated_power_tracker,gem_global_integrated_power_2026_08_v3.xlsx
G100000401105,L100000405390,TH,Thailand,Gulf NRV power station,2,oil/gas,gas,fossil gas: natural gas,combined cycle,128.0,operating,2019,,,Gulf MP Company Ltd [100%],small shareholder(s) [31.5%]; Mitsui & Co Ltd [30.0%]; Gulf Development PCL [20.4%]; UBS Group AG [7.1%]; Gulf Capital Holdings Ltd [5.6%]; Singapore Telecommunications Ltd [5.4%],14.928799,102.177099,,,,https://www.gem.wiki/Gulf_NRV_power_station,mitsui,gem_global_integrated_power_tracker,gem_global_integrated_power_2026_08_v3.xlsx
G100000404500,L100000405391,TH,Thailand,Gulf TLC power station,1,oil/gas,gas,fossil gas: natural gas,combined cycle,114.0,operating,2013,,,Gulf JP Co Ltd [100%],Electric Power Development Co Ltd [60.0%]; small shareholder(s) [18.0%]; Gulf Development PCL [11.7%]; UBS Group AG [4.1%]; Gulf Capital Holdings Ltd [3.2%]; Singapore Telecommunications Ltd [3.1%],14.558472,100.964577,,,,https://www.gem.wiki/Gulf_TLC_power_station,jpower,gem_global_integrated_power_tracker,gem_global_integrated_power_2026_08_v3.xlsx
G100000404492,L100000405392,TH,Thailand,Gulf Tasit 1 & 2 power station,1,oil/gas,gas,fossil gas: natural gas,combined cycle,138.3,operating,2017,,,Gulf MP Company Ltd [75%]; WHA Utilities and Power PLC [25%],WHA Utilities and Power PLC [25.0%]; small shareholder(s) [23.6%]; Mitsui & Co Ltd [22.5%]; Gulf Development PCL [15.3%]; UBS Group AG [5.3%]; Gulf Capital Holdings Ltd [4.2%]; Singapore Telecommunications Ltd [4.1%],13.017385,101.192733,,,,https://www.gem.wiki/Gulf_Tasit_1_&_2_power_station,mitsui,gem_global_integrated_power_tracker,gem_global_integrated_power_2026_08_v3.xlsx
G100000404493,L100000405392,TH,Thailand,Gulf Tasit 1 & 2 power station,2,oil/gas,gas,fossil gas: natural gas,combined cycle,138.3,operating,2017,,,Gulf MP Company Ltd [75%]; WHA Utilities and Power PLC [25%],WHA Utilities and Power PLC [25.0%]; small shareholder(s) [23.6%]; Mitsui & Co Ltd [22.5%]; Gulf Development PCL [15.3%]; UBS Group AG [5.3%]; Gulf Capital Holdings Ltd [4.2%]; Singapore Telecommunications Ltd [4.1%],13.017385,101.192733,,,,https://www.gem.wiki/Gulf_Tasit_1_&_2_power_station,mitsui,gem_global_integrated_power_tracker,gem_global_integrated_power_2026_08_v3.xlsx
G100000404494,L100000405393,TH,Thailand,Gulf Tasit 3 & 4 power station,1,oil/gas,gas,fossil gas: natural gas,combined cycle,130.0,operating,2017,,,Gulf MP Company Ltd [75%]; WHA Utilities and Power PLC [25%],WHA Utilities and Power PLC [25.0%]; small shareholder(s) [23.6%]; Mitsui & Co Ltd [22.5%]; Gulf Development PCL [15.3%]; UBS Group AG [5.3%]; Gulf Capital Holdings Ltd [4.2%]; Singapore Telecommunications Ltd [4.1%],13.064886,101.185198,,,,https://www.gem.wiki/Gulf_Tasit_3_&_4_power_station,mitsui,gem_global_integrated_power_tracker,gem_global_integrated_power_2026_08_v3.xlsx
G100000404495,L100000405393,TH,Thailand,Gulf Tasit 3 & 4 power station,2,oil/gas,gas,fossil gas: natural gas,combined cycle,130.0,operating,2018,,,Gulf MP Company Ltd [75%]; WHA Utilities and Power PLC [25%],WHA Utilities and Power PLC [25.0%]; small shareholder(s) [23.6%]; Mitsui & Co Ltd [22.5%]; Gulf Development PCL [15.3%]; UBS Group AG [5.3%]; Gulf Capital Holdings Ltd [4.2%]; Singapore Telecommunications Ltd [4.1%],13.064886,101.185198,,,,https://www.gem.wiki/Gulf_Tasit_3_&_4_power_station,mitsui,gem_global_integrated_power_tracker,gem_global_integrated_power_2026_08_v3.xlsx
G100000404496,L100000405394,TH,Thailand,Gulf VTP power station,1,oil/gas,gas,fossil gas: natural gas,combined cycle,137.0,operating,2017,,,Gulf MP Company Ltd [75%]; WHA Utilities and Power PLC [25%],WHA Utilities and Power PLC [25.0%]; small shareholder(s) [23.6%]; Mitsui & Co Ltd [22.5%]; Gulf Development PCL [15.3%]; UBS Group AG [5.3%]; Gulf Capital Holdings Ltd [4.2%]; Singapore Telecommunications Ltd [4.1%],13.003965,101.172476,,,,https://www.gem.wiki/Gulf_VTP_power_station,mitsui,gem_global_integrated_power_tracker,gem_global_integrated_power_2026_08_v3.xlsx
G100000404427,L100000405399,TH,Thailand,Kaeng Khoi 2 power station,1,oil/gas,gas,fossil gas: natural gas,combined cycle,734.0,operating,2007,,,Electricity Generating PCL [50%]; Mit-Power (Thailand) Ltd [1%]; J-POWER Holdings (Thailand) Co Ltd [49%],Electricity Generating PCL [50.0%]; Electric Power Development Co Ltd [49.0%]; Mitsui & Co Ltd [1.0%],14.605,101.0259,,,,https://www.gem.wiki/Kaeng_Khoi_2_power_station,mitsui;jpower,gem_global_integrated_power_tracker,gem_global_integrated_power_2026_08_v3.xlsx
G100000404428,L100000405399,TH,Thailand,Kaeng Khoi 2 power station,2,oil/gas,gas,fossil gas: natural gas,combined cycle,734.0,operating,2008,,,Electricity Generating PCL [50%]; Mit-Power (Thailand) Ltd [1%]; J-POWER Holdings (Thailand) Co Ltd [49%],Electricity Generating PCL [50.0%]; Electric Power Development Co Ltd [49.0%]; Mitsui & Co Ltd [1.0%],14.605,101.0259,,,,https://www.gem.wiki/Kaeng_Khoi_2_power_station,mitsui;jpower,gem_global_integrated_power_tracker,gem_global_integrated_power_2026_08_v3.xlsx
G100000404445,L100000405408,TH,Thailand,Nong Khae power station,1,oil/gas,gas,fossil gas: natural gas,combined cycle,113.0,operating,2000,,,Electricity Generating PCL [50%]; Mit-Power (Thailand) Ltd [1%]; J-POWER Holdings (Thailand) Co Ltd [49%],Electricity Generating PCL [50.0%]; Electric Power Development Co Ltd [49.0%]; Mitsui & Co Ltd [1.0%],14.378885,100.837149,,,,https://www.gem.wiki/Nong_Khae_power_station,mitsui;jpower,gem_global_integrated_power_tracker,gem_global_integrated_power_2026_08_v3.xlsx
G100000404446,L100000405409,TH,Thailand,Nong Saeng power station,1,oil/gas,gas,fossil gas: natural gas,combined cycle,800.0,operating,2014,,,Gulf JP Nong Saeng Co Ltd [100%],Electric Power Development Co Ltd [60.0%]; small shareholder(s) [18.0%]; Gulf Development PCL [11.7%]; UBS Group AG [4.1%]; Gulf Capital Holdings Ltd [3.2%]; Singapore Telecommunications Ltd [3.1%],14.4417,100.7756,,,,https://www.gem.wiki/Nong_Saeng_power_station,jpower,gem_global_integrated_power_tracker,gem_global_integrated_power_2026_08_v3.xlsx
G100000404447,L100000405409,TH,Thailand,Nong Saeng power station,2,oil/gas,gas,fossil gas: natural gas,combined cycle,800.0,operating,2014,,,Gulf JP Nong Saeng Co Ltd [100%],Electric Power Development Co Ltd [60.0%]; small shareholder(s) [18.0%]; Gulf Development PCL [11.7%]; UBS Group AG [4.1%]; Gulf Capital Holdings Ltd [3.2%]; Singapore Telecommunications Ltd [3.1%],14.4417,100.7756,,,,https://www.gem.wiki/Nong_Saeng_power_station,jpower,gem_global_integrated_power_tracker,gem_global_integrated_power_2026_08_v3.xlsx
G100000401098,L100000405416,TH,Thailand,Rayong Gulf PD power station,1,oil/gas,gas,fossil gas: natural gas,combined cycle,625.0,operating,2023,,,Gulf PD Co Ltd [100%],small shareholder(s) [31.5%]; Mitsui & Co Ltd [30.0%]; Gulf Development PCL [20.4%]; UBS Group AG [7.1%]; Gulf Capital Holdings Ltd [5.6%]; Singapore Telecommunications Ltd [5.4%],12.950169,101.156081,,,,https://www.gem.wiki/Rayong_Gulf_PD_power_station,mitsui,gem_global_integrated_power_tracker,gem_global_integrated_power_2026_08_v3.xlsx
G100000401099,L100000405416,TH,Thailand,Rayong Gulf PD power station,2,oil/gas,gas,fossil gas: natural gas,combined cycle,625.0,operating,2023,,,Gulf PD Co Ltd [100%],small shareholder(s) [31.5%]; Mitsui & Co Ltd [30.0%]; Gulf Development PCL [20.4%]; UBS Group AG [7.1%]; Gulf Capital Holdings Ltd [5.6%]; Singapore Telecommunications Ltd [5.4%],12.950169,101.156081,,,,https://www.gem.wiki/Rayong_Gulf_PD_power_station,mitsui,gem_global_integrated_power_tracker,gem_global_integrated_power_2026_08_v3.xlsx
G100000401100,L100000405416,TH,Thailand,Rayong Gulf PD power station,3,oil/gas,gas,fossil gas: natural gas,combined cycle,625.0,operating,2024,,,Gulf PD Co Ltd [100%],small shareholder(s) [31.5%]; Mitsui & Co Ltd [30.0%]; Gulf Development PCL [20.4%]; UBS Group AG [7.1%]; Gulf Capital Holdings Ltd [5.6%]; Singapore Telecommunications Ltd [5.4%],12.950169,101.156081,,,,https://www.gem.wiki/Rayong_Gulf_PD_power_station,mitsui,gem_global_integrated_power_tracker,gem_global_integrated_power_2026_08_v3.xlsx
G100000401101,L100000405416,TH,Thailand,Rayong Gulf PD power station,4,oil/gas,gas,fossil gas: natural gas,combined cycle,625.0,operating,2024,,,Gulf PD Co Ltd [100%],small shareholder(s) [31.5%]; Mitsui & Co Ltd [30.0%]; Gulf Development PCL [20.4%]; UBS Group AG [7.1%]; Gulf Capital Holdings Ltd [5.6%]; Singapore Telecommunications Ltd [5.4%],12.950169,101.156081,,,,https://www.gem.wiki/Rayong_Gulf_PD_power_station,mitsui,gem_global_integrated_power_tracker,gem_global_integrated_power_2026_08_v3.xlsx
G100000404434,L100000405422,TH,Thailand,Samutprakarn power station,1,oil/gas,gas,fossil gas: natural gas,combined cycle,220.0,retired,2017,2020,,Electricity Generating PCL [50%]; Mit-Power (Thailand) Ltd [1%]; J-POWER Holdings (Thailand) Co Ltd [49%],Electricity Generating PCL [50.0%]; Electric Power Development Co Ltd [49.0%]; Mitsui & Co Ltd [1.0%],13.538429,100.637215,,,,https://www.gem.wiki/Samutprakarn_power_station,mitsui;jpower,gem_global_integrated_power_tracker,gem_global_integrated_power_2026_08_v3.xlsx
G100000409726,L100000407521,TH,Thailand,Songkhla Chana power station,1,oil/gas,gas,fossil gas: LNG,combined cycle,1700.0,cancelled - inferred 4 y,,,,Korea Western Power Co Ltd [100%],Korea Electric Power Corp [100.0%],7.312368,100.674046,,,,https://www.gem.wiki/Songkhla_Chana_power_station,kepco;kowepo,gem_global_integrated_power_tracker,gem_global_integrated_power_2026_08_v3.xlsx
G100001023731,L100001020783,TH,Thailand,Sumitomo Rubber solar farm,1,utility-scale solar,solar,,PV,22.0,shelved - inferred 2 y,,,,Kansai Electric Power Co,,12.9536,101.0961,,,,https://www.gem.wiki/Sumitomo_Rubber_solar_farm,kansai,gem_global_integrated_power_tracker,gem_global_integrated_power_2026_08_v3.xlsx
G100000404508,L100000405431,TH,Thailand,U-Thai power station,1,oil/gas,gas,"fossil gas: natural gas, fossil liquids: diesel",combined cycle,800.0,operating,2016,,,Gulf JP Co Ltd [100%],Electric Power Development Co Ltd [60.0%]; small shareholder(s) [18.0%]; Gulf Development PCL [11.7%]; UBS Group AG [4.1%]; Gulf Capital Holdings Ltd [3.2%]; Singapore Telecommunications Ltd [3.1%],14.331653,100.69591,,,,https://www.gem.wiki/U-Thai_power_station,jpower,gem_global_integrated_power_tracker,gem_global_integrated_power_2026_08_v3.xlsx
G100000404509,L100000405431,TH,Thailand,U-Thai power station,2,oil/gas,gas,"fossil gas: natural gas, fossil liquids: diesel",combined cycle,800.0,operating,2016,,,Gulf JP Co Ltd [100%],Electric Power Development Co Ltd [60.0%]; small shareholder(s) [18.0%]; Gulf Development PCL [11.7%]; UBS Group AG [4.1%]; Gulf Capital Holdings Ltd [3.2%]; Singapore Telecommunications Ltd [3.1%],14.331653,100.69591,,,,https://www.gem.wiki/U-Thai_power_station,jpower,gem_global_integrated_power_tracker,gem_global_integrated_power_2026_08_v3.xlsx
G100001055214,L100001048164,TH,Thailand,Yala power station,--,bioenergy,bioenergy,bioenergy: wood & other biomass (solids),,23.0,operating,2006,,,Mit-Power (Thailand) Ltd [1%]; Diamond Generating Asia [2%]; J-POWER Holdings (Thailand) Co Ltd [25%]; JERA Co Inc [5%]; Kyuden International Corp [2%]; Electricity Generating Authority of Thailand [12%]; Gulf Yala Green Co Ltd [49%],Electric Power Development Co Ltd [49.3%]; Electricity Generating PCL [24.5%]; Electricity Generating Authority of Thailand [12.7%]; Chubu Electric Power Co Inc [3.0%]; Kyushu Electric Power Co Inc [3.0%]; Mitsubishi Corp [3.0%]; Tokyo Electric Power Co [3.0%]; Mitsui & Co Ltd [1.0%],6.54032232169499,101.219292974252,,,,https://www.gem.wiki/Yala_power_station,mitsubishi_corp;mitsui;jera;jpower;kyushu,gem_global_integrated_power_tracker,gem_global_integrated_power_2026_08_v3.xlsx
G100001023814,L100001020845,TL,Timor-Leste,Manatuto solar farm,1,utility-scale solar,solar,,PV,72.0,announced,,,,Electricité de France SA; ITOCHU Corp,,-8.5146,126.0179,,,,https://www.gem.wiki/Manatuto_solar_farm,itochu,gem_global_integrated_power_tracker,gem_global_integrated_power_2026_08_v3.xlsx
G100000835182,L100000831265,TR,Türkiye,Burdur solar farm,1A,utility-scale solar,solar,,PV,6.3,operating,2017,,Zen Energy; Hanwha Energy,Hanwha Energy Corp [50%]; Zen Energy AŞ [50%],,37.5068,30.0113,,,,https://www.gem.wiki/Burdur_solar_farm,hanwha_energy,gem_global_integrated_power_tracker,gem_global_integrated_power_2026_08_v3.xlsx
G100000835183,L100000831265,TR,Türkiye,Burdur solar farm,1B,utility-scale solar,solar,,PV,10.0,operating,2016,,Zen Energy; Hanwha Energy,Hanwha Energy Corp [50%]; Zen Energy AŞ [50%],,37.7187,30.2827,,,,https://www.gem.wiki/Burdur_solar_farm,hanwha_energy,gem_global_integrated_power_tracker,gem_global_integrated_power_2026_08_v3.xlsx
G100000405904,L100000405932,TR,Türkiye,Yahsihan power station,1,oil/gas,gas,fossil gas: natural gas,combined cycle,927.4,operating,2017,,NOMAC Turkey,ACWA Power Co [90%]; Samsung C&T Corp [10%],ACWA Power Co [90.0%]; Samsung C&T Corp [10.0%],39.841979,33.487988,,,,https://www.gem.wiki/Yahsihan_power_station,samsung_ct,gem_global_integrated_power_tracker,gem_global_integrated_power_2026_08_v3.xlsx
G100000406640,L100000406615,TT,Trinidad and Tobago,Penal power station,1,oil/gas,gas,fossil gas: natural gas,combined cycle,234.0,operating,2016,,,Power Generation Company of Trinidad and Tobago Ltd [100%],Electricity Commission (Trinidad and Tobago) [51.0%]; Marubeni Corp [39.0%]; National Enterprises Ltd [9.0%],10.147188,-61.47379,,,,https://www.gem.wiki/Penal_power_station,marubeni,gem_global_integrated_power_tracker,gem_global_integrated_power_2026_08_v3.xlsx
G100000406630,L100000406614,TT,Trinidad and Tobago,Point Lisas power station,12,oil/gas,gas,fossil gas: natural gas,gas turbine,105.0,operating,2007,,,Power Generation Company of Trinidad and Tobago Ltd [100%],Electricity Commission (Trinidad and Tobago) [51.0%]; Marubeni Corp [39.0%]; National Enterprises Ltd [9.0%],10.418446,-61.486638,,,,https://www.gem.wiki/Point_Lisas_power_station,marubeni,gem_global_integrated_power_tracker,gem_global_integrated_power_2026_08_v3.xlsx
G100000406631,L100000406614,TT,Trinidad and Tobago,Point Lisas power station,11,oil/gas,gas,fossil gas: natural gas,gas turbine,105.0,operating,2007,,,Power Generation Company of Trinidad and Tobago Ltd [100%],Electricity Commission (Trinidad and Tobago) [51.0%]; Marubeni Corp [39.0%]; National Enterprises Ltd [9.0%],10.418446,-61.486638,,,,https://www.gem.wiki/Point_Lisas_power_station,marubeni,gem_global_integrated_power_tracker,gem_global_integrated_power_2026_08_v3.xlsx
G100000406632,L100000406614,TT,Trinidad and Tobago,Point Lisas power station,10,oil/gas,gas,fossil gas: natural gas,gas turbine,62.5,operating,1982,,,Power Generation Company of Trinidad and Tobago Ltd [100%],Electricity Commission (Trinidad and Tobago) [51.0%]; Marubeni Corp [39.0%]; National Enterprises Ltd [9.0%],10.418446,-61.486638,,,,https://www.gem.wiki/Point_Lisas_power_station,marubeni,gem_global_integrated_power_tracker,gem_global_integrated_power_2026_08_v3.xlsx
G100000406633,L100000406614,TT,Trinidad and Tobago,Point Lisas power station,9,oil/gas,gas,fossil gas: natural gas,gas turbine,62.5,operating,1982,,,Power Generation Company of Trinidad and Tobago Ltd [100%],Electricity Commission (Trinidad and Tobago) [51.0%]; Marubeni Corp [39.0%]; National Enterprises Ltd [9.0%],10.418446,-61.486638,,,,https://www.gem.wiki/Point_Lisas_power_station,marubeni,gem_global_integrated_power_tracker,gem_global_integrated_power_2026_08_v3.xlsx
G100000406634,L100000406614,TT,Trinidad and Tobago,Point Lisas power station,8,oil/gas,gas,fossil gas: natural gas,gas turbine,62.5,operating,1982,,,Power Generation Company of Trinidad and Tobago Ltd [100%],Electricity Commission (Trinidad and Tobago) [51.0%]; Marubeni Corp [39.0%]; National Enterprises Ltd [9.0%],10.418446,-61.486638,,,,https://www.gem.wiki/Point_Lisas_power_station,marubeni,gem_global_integrated_power_tracker,gem_global_integrated_power_2026_08_v3.xlsx
G100000406635,L100000406614,TT,Trinidad and Tobago,Point Lisas power station,7,oil/gas,gas,fossil gas: natural gas,gas turbine,62.5,operating,1982,,,Power Generation Company of Trinidad and Tobago Ltd [100%],Electricity Commission (Trinidad and Tobago) [51.0%]; Marubeni Corp [39.0%]; National Enterprises Ltd [9.0%],10.418446,-61.486638,,,,https://www.gem.wiki/Point_Lisas_power_station,marubeni,gem_global_integrated_power_tracker,gem_global_integrated_power_2026_08_v3.xlsx
G100000406636,L100000406614,TT,Trinidad and Tobago,Point Lisas power station,6,oil/gas,gas,fossil gas: natural gas,gas turbine,88.0,operating,1980,,,Power Generation Company of Trinidad and Tobago Ltd [100%],Electricity Commission (Trinidad and Tobago) [51.0%]; Marubeni Corp [39.0%]; National Enterprises Ltd [9.0%],10.418446,-61.486638,,,,https://www.gem.wiki/Point_Lisas_power_station,marubeni,gem_global_integrated_power_tracker,gem_global_integrated_power_2026_08_v3.xlsx
G100000406637,L100000406614,TT,Trinidad and Tobago,Point Lisas power station,5,oil/gas,gas,fossil gas: natural gas,gas turbine,88.0,operating,1980,,,Power Generation Company of Trinidad and Tobago Ltd [100%],Electricity Commission (Trinidad and Tobago) [51.0%]; Marubeni Corp [39.0%]; National Enterprises Ltd [9.0%],10.418446,-61.486638,,,,https://www.gem.wiki/Point_Lisas_power_station,marubeni,gem_global_integrated_power_tracker,gem_global_integrated_power_2026_08_v3.xlsx
G100000406638,L100000406614,TT,Trinidad and Tobago,Point Lisas power station,4,oil/gas,gas,fossil gas: natural gas,gas turbine,88.0,operating,1980,,,Power Generation Company of Trinidad and Tobago Ltd [100%],Electricity Commission (Trinidad and Tobago) [51.0%]; Marubeni Corp [39.0%]; National Enterprises Ltd [9.0%],10.418446,-61.486638,,,,https://www.gem.wiki/Point_Lisas_power_station,marubeni,gem_global_integrated_power_tracker,gem_global_integrated_power_2026_08_v3.xlsx
G100000406639,L100000406614,TT,Trinidad and Tobago,Point Lisas power station,1,oil/gas,gas,fossil gas: natural gas,gas turbine,88.0,operating,1977,,,Power Generation Company of Trinidad and Tobago Ltd [100%],Electricity Commission (Trinidad and Tobago) [51.0%]; Marubeni Corp [39.0%]; National Enterprises Ltd [9.0%],10.418446,-61.486638,,,,https://www.gem.wiki/Point_Lisas_power_station,marubeni,gem_global_integrated_power_tracker,gem_global_integrated_power_2026_08_v3.xlsx
G100000927779,L100000916911,TW,Taiwan,Formosa 1 offshore wind farm,--,wind,wind,,Offshore hard mount,128.0,operating,2019,,Swancor Renewable Energy; Synera Renewable Energy,Formosa Seagull Power Investment Co Ltd [25%]; JERA Co Inc [32%]; Ørsted A/S [35%],,24.7097,120.8152,,,,https://www.gem.wiki/Formosa_1_offshore_wind_farm,jera,gem_global_integrated_power_tracker,gem_global_integrated_power_2026_08_v3.xlsx
G100000920987,L100000916912,TW,Taiwan,Formosa 2 offshore wind farm,--,wind,wind,,Offshore hard mount,376.0,operating,2023,,,Synera Renewable Energy Co Ltd [25%]; JERA Co Inc [49%]; J&V Energy Technology Co Ltd [26%],,24.772,120.6472,,,,https://www.gem.wiki/Formosa_2_offshore_wind_farm,jera,gem_global_integrated_power_tracker,gem_global_integrated_power_2026_08_v3.xlsx
G100000920990,L100000916913,TW,Taiwan,Formosa 3 offshore wind farm,3,wind,wind,,Offshore hard mount,720.0,announced,,,,Corio Generation; JERA Co Inc,,23.9654,120.0345,,,,https://www.gem.wiki/Formosa_3_offshore_wind_farm,jera,gem_global_integrated_power_tracker,gem_global_integrated_power_2026_08_v3.xlsx
G100000901008,L100000900883,TW,Taiwan,Hai Long Offshore wind farm,2A,wind,wind,,Offshore hard mount,300.0,operating,2025,,Yushan Energy; Northland Power,Mitsui & Co Ltd [20%]; Yushan Energy [20%]; Northland Power Inc [60%],,24.0335,119.7085,,,,https://www.gem.wiki/Hai_Long_Offshore_wind_farm,mitsui,gem_global_integrated_power_tracker,gem_global_integrated_power_2026_08_v3.xlsx
G100000901009,L100000900883,TW,Taiwan,Hai Long Offshore wind farm,2B,wind,wind,,Offshore hard mount,232.0,operating,2025,,Yushan Energy; Northland Power,Mitsui & Co Ltd [20%]; Yushan Energy [20%]; Northland Power Inc [60%],,24.0335,119.7085,,,,https://www.gem.wiki/Hai_Long_Offshore_wind_farm,mitsui,gem_global_integrated_power_tracker,gem_global_integrated_power_2026_08_v3.xlsx
G100000901010,L100000900883,TW,Taiwan,Hai Long Offshore wind farm,3,wind,wind,,Offshore hard mount,512.0,construction,2026,,Yushan Energy; Northland Power,Mitsui & Co Ltd [20%]; Yushan Energy [20%]; Northland Power Inc [60%],,24.0528,119.6414,,,,https://www.gem.wiki/Hai_Long_Offshore_wind_farm,mitsui,gem_global_integrated_power_tracker,gem_global_integrated_power_2026_08_v3.xlsx
G100000103902,L100000103537,TW,Taiwan,Ho-Ping power station,Unit 1,coal,coal,coal: unknown,subcritical,660.0,operating,2002,2040,,Ho-Ping Power Co [100%],TCC Group Holdings Co Ltd [60.0%]; CLP Holdings Ltd [20.0%]; Mitsubishi Corp [20.0%],24.307782,121.76346,,,,https://www.gem.wiki/Ho-Ping_power_station,mitsubishi_corp,gem_global_integrated_power_tracker,gem_global_integrated_power_2026_08_v3.xlsx
G100000103903,L100000103537,TW,Taiwan,Ho-Ping power station,Unit 2,coal,coal,coal: unknown,subcritical,660.0,operating,2002,2040,,Ho-Ping Power Co [100%],TCC Group Holdings Co Ltd [60.0%]; CLP Holdings Ltd [20.0%]; Mitsubishi Corp [20.0%],24.307782,121.76346,,,,https://www.gem.wiki/Ho-Ping_power_station,mitsubishi_corp,gem_global_integrated_power_tracker,gem_global_integrated_power_2026_08_v3.xlsx
G100000406220,L100000406347,TW,Taiwan,Hsin Tao power station,1,oil/gas,gas,fossil gas: LNG,combined cycle,600.0,operating,2002,,,Hsin Tao Power Corp [100%],Marubeni Corp [50.0%]; unknown [50.0%],24.814156,121.1978,,,,https://www.gem.wiki/Hsin_Tao_power_station,marubeni,gem_global_integrated_power_tracker,gem_global_integrated_power_2026_08_v3.xlsx
G100000901246,L100000901070,TW,Taiwan,Zhong Neng wind farm,1,wind,wind,,Offshore hard mount,300.0,operating,2024,,Zhongneng Energy,Diamond Generating Asia; Copenhagen Infrastructure Partners P/S; China Steel Co Ltd,,23.9671,120.217,,,,https://www.gem.wiki/Zhong_Neng_wind_farm,mitsubishi_corp,gem_global_integrated_power_tracker,gem_global_integrated_power_2026_08_v3.xlsx
G100000921034,L100000901070,TW,Taiwan,Zhong Neng wind farm,2,wind,wind,,Offshore mount unknown,180.0,announced,,,,Diamond Generating Asia; Copenhagen Infrastructure Partners P/S; Taiwan Life Insurance Co Ltd,,23.8978,120.217,,,,https://www.gem.wiki/Zhong_Neng_wind_farm,mitsubishi_corp,gem_global_integrated_power_tracker,gem_global_integrated_power_2026_08_v3.xlsx
G100000900176,L100000900136,TZ,Tanzania,Miombo Hewani wind farm,1,wind,wind,,Onshore,100.0,pre-construction,,,,Eurus Energy [25%]; Windlab Pty Ltd [75%],,-8.631,34.8109,,,,https://www.gem.wiki/Miombo_Hewani_wind_farm,toyota_tsusho,gem_global_integrated_power_tracker,gem_global_integrated_power_2026_08_v3.xlsx
G100000900177,L100000900136,TZ,Tanzania,Miombo Hewani wind farm,2,wind,wind,,Onshore,200.0,pre-construction,,,,Eurus Energy [25%]; Windlab Pty Ltd [75%],,-8.631,34.8109,,,,https://www.gem.wiki/Miombo_Hewani_wind_farm,toyota_tsusho,gem_global_integrated_power_tracker,gem_global_integrated_power_2026_08_v3.xlsx
G100001054878,L100001048003,UA,Ukraine,Posco International RDF power station,--,bioenergy,bioenergy,bioenergy: refuse (municipal and industrial wastes),,12.0,pre-construction,,,,POSCO International Corp,POSCO International Corp,46.46363756,30.6898039116389,,,,https://www.gem.wiki/Posco_International_RDF_power_station,posco_international,gem_global_integrated_power_tracker,gem_global_integrated_power_2026_08_v3.xlsx
G100000805443,L100000804724,US,United States,Astoria solar farm,2,utility-scale solar,solar,,PV,75.0,operating,2016,,Recurrent Energy,KEPCO [100%],,34.8366,-118.4802,,,,https://www.gem.wiki/Astoria_solar_farm,kepco,gem_global_integrated_power_tracker,gem_global_integrated_power_2026_08_v3.xlsx
G100000805444,L100000804724,US,United States,Astoria solar farm,1,utility-scale solar,solar,,PV,100.0,operating,2016,,Recurrent Energy,KEPCO [100%],,34.8442,-118.4585,,,,https://www.gem.wiki/Astoria_solar_farm,kepco,gem_global_integrated_power_tracker,gem_global_integrated_power_2026_08_v3.xlsx
G100000805205,L100000804524,US,United States,Atlas solar farm,--,utility-scale solar,solar,,PV,300.0,announced,,,Hanwha Energy,Hanwha Energy Corp [100%],,33.9434,-113.7917,,,,https://www.gem.wiki/Atlas_solar_farm,hanwha_energy,gem_global_integrated_power_tracker,gem_global_integrated_power_2026_08_v3.xlsx
G100000805445,L100000804725,US,United States,Barren Ridge solar farm,--,utility-scale solar,solar,,PV,60.0,operating,2016,,Recurrent Energy,KEPCO [100%],,35.2047,-118.0688,,,,https://www.gem.wiki/Barren_Ridge_solar_farm,kepco,gem_global_integrated_power_tracker,gem_global_integrated_power_2026_08_v3.xlsx
G100000100917,L100000104230,US,United States,Birchwood Power Facility,Unit 1,coal,coal,coal: bituminous,subcritical,258.0,retired,1996,2021,,Birchwood Power Partners LP [100%],Electric Power Development Co Ltd [50.0%]; General Electric Co [50.0%],38.266442,-77.314014,,,,https://www.gem.wiki/Birchwood_Power_Facility,jpower,gem_global_integrated_power_tracker,gem_global_integrated_power_2026_08_v3.xlsx
G100000805906,L100000805127,US,United States,Birchwood Solar,--,utility-scale solar,solar,,PV,50.0,cancelled,,,,J-Power USA [100%],,38.2654,-77.3142,,,,https://www.gem.wiki/Birchwood_Solar,jpower,gem_global_integrated_power_tracker,gem_global_integrated_power_2026_08_v3.xlsx
G100000402524,L100000401747,US,United States,Birdsboro power station,GEN1,oil/gas,gas,fossil gas: natural gas,combined cycle,525.0,operating,2019,,,Birdsboro Power LLC [100%],Ares Management Corp [33.3%]; Tokyo Gas Co Ltd [33.3%]; Sojitz Corp [22.2%]; Kyushu Electric Power Co Inc [11.1%],40.268522,-75.79967,,,,https://www.gem.wiki/Birdsboro_power_station,sojitz;kyushu;tokyo_gas,gem_global_integrated_power_tracker,gem_global_integrated_power_2026_08_v3.xlsx
G100000805598,L100000804185,US,United States,Boulder Solar,3,utility-scale solar,solar,,PV,128.0,pre-construction,,,174 Power Global,KOMIPO America Inc; 174 Power Global,,35.8388,-114.9642,,,,https://www.gem.wiki/Boulder_Solar,komipo,gem_global_integrated_power_tracker,gem_global_integrated_power_2026_08_v3.xlsx
G100000409585,L100000407484,US,United States,Bucksport Generation power station,CC1,oil/gas,gas,"fossil gas: natural gas, fossil liquids: fuel oil",gas turbine,187.0,operating,2001,,,JERA Americas Inc [100%],Chubu Electric Power Co Inc [50.0%]; Tokyo Electric Power Co [50.0%],44.5738,-68.8046,,,,https://www.gem.wiki/Bucksport_Generation_power_station,jera,gem_global_integrated_power_tracker,gem_global_integrated_power_2026_08_v3.xlsx
G100000909836,L100000907300,US,United States,Bull Creek wind farm (United States),1,wind,wind,,Onshore,180.0,operating,2008,,Eurus Energy,Eurus Energy [100%],,32.9341,-101.5901,,,,https://www.gem.wiki/Bull_Creek_wind_farm_(United_States),toyota_tsusho,gem_global_integrated_power_tracker,gem_global_integrated_power_2026_08_v3.xlsx
G100001064173,L100000907300,US,United States,Bull Creek wind farm (United States),RP,wind,wind,,Onshore,179.0,announced,,,,Eurus Energy,,32.9341,-101.5901,,,,https://www.gem.wiki/Bull_Creek_wind_farm_(United_States),toyota_tsusho,gem_global_integrated_power_tracker,gem_global_integrated_power_2026_08_v3.xlsx
G100000402098,L100000402399,US,United States,CPV Fairview energy center,CC1,oil/gas,gas,"fossil gas: natural gas, fossil gas: unknown",combined cycle,1197.0,operating,2019,,,CPV Fairview LLC [100%],OPC Energy Ltd [50.0%]; Osaka Gas Co Ltd [50.0%],40.412,-78.855,,,,https://www.gem.wiki/CPV_Fairview_energy_center,osaka_gas,gem_global_integrated_power_tracker,gem_global_integrated_power_2026_08_v3.xlsx
G100000402033,L100000401837,US,United States,CPV St. Charles energy center,G601,oil/gas,gas,fossil gas: natural gas,combined cycle,775.0,operating,2017,,,CPV Maryland LLC [100%],CPV Power Holdings LP [25.0%]; Marubeni Corp [25.0%]; Osaka Gas Co Ltd [25.0%]; Toyota Tsusho Corp [25.0%],38.5686,-76.8919,,,,https://www.gem.wiki/CPV_St._Charles_energy_center,marubeni;toyota_tsusho;osaka_gas,gem_global_integrated_power_tracker,gem_global_integrated_power_2026_08_v3.xlsx
G100000409401,L100000407358,US,United States,CPV Three Rivers energy center,GEN2,oil/gas,gas,fossil gas: natural gas,combined cycle,650.0,operating,2023,,,CPV Three Rivers LLC [100%],Axium Three Rivers Acquisition Co LLC [25.0%]; Concord 3 Rivers Holdings LLC [25.0%]; HS Three Rivers LLC [25.0%]; Osaka Gas Three Rivers LLC [15.0%]; CPV Three Rivers Investment LLC [10.0%],41.372222,-88.28444,,,,https://www.gem.wiki/CPV_Three_Rivers_energy_center,osaka_gas,gem_global_integrated_power_tracker,gem_global_integrated_power_2026_08_v3.xlsx
G100000409402,L100000407358,US,United States,CPV Three Rivers energy center,GEN1,oil/gas,gas,fossil gas: natural gas,combined cycle,650.0,operating,2023,,,CPV Three Rivers LLC [100%],Axium Three Rivers Acquisition Co LLC [25.0%]; Concord 3 Rivers Holdings LLC [25.0%]; HS Three Rivers LLC [25.0%]; Osaka Gas Three Rivers LLC [15.0%]; CPV Three Rivers Investment LLC [10.0%],41.372222,-88.28444,,,,https://www.gem.wiki/CPV_Three_Rivers_energy_center,osaka_gas,gem_global_integrated_power_tracker,gem_global_integrated_power_2026_08_v3.xlsx
G100000401997,L100000401838,US,United States,CPV Towantic energy center,CC1,oil/gas,gas,"fossil gas: natural gas, fossil liquids: fuel oil",combined cycle,842.0,operating,2018,,,CPV Towantic LLC [100%],Osaka Gas Co Ltd [49.5%]; OPC Energy Ltd [26.0%]; Ullico [13.7%]; Archmore International Infrastructure Fund II [10.8%],41.481243,-73.12311,,,,https://www.gem.wiki/CPV_Towantic_energy_center,osaka_gas,gem_global_integrated_power_tracker,gem_global_integrated_power_2026_08_v3.xlsx
G100001058233,L100001050489,US,United States,Cairos Solar and Storage solar farm,CIRSA,utility-scale solar,solar,,PV,153.3,announced,2026,,,Samsung C&T Corp,,29.27,-100.1975,,,,https://www.gem.wiki/Cairos_Solar_and_Storage_solar_farm,samsung_ct,gem_global_integrated_power_tracker,gem_global_integrated_power_2026_08_v3.xlsx
G100000403260,L100000402142,US,United States,Canal power station,3,oil/gas,gas,"fossil gas: natural gas, fossil liquids: fuel oil",gas turbine,330.0,operating,2019,,,JERA Americas Inc [100%],Chubu Electric Power Co Inc [50.0%]; Tokyo Electric Power Co [50.0%],41.7694,-70.5097,,,,https://www.gem.wiki/Canal_power_station,jera,gem_global_integrated_power_tracker,gem_global_integrated_power_2026_08_v3.xlsx
G100000409593,L100000402142,US,United States,Canal power station,2,oil/gas,gas,"fossil gas: natural gas, fossil liquids: fuel oil",steam turbine,580.0,operating,1976,,,JERA Americas Inc [100%],Chubu Electric Power Co Inc [50.0%]; Tokyo Electric Power Co [50.0%],41.7694,-70.5097,,,,https://www.gem.wiki/Canal_power_station,jera,gem_global_integrated_power_tracker,gem_global_integrated_power_2026_08_v3.xlsx
G100000410147,L100000402142,US,United States,Canal power station,1,oil/gas,gas,"fossil gas: natural gas, fossil liquids: fuel oil",steam turbine,532.0,operating,1968,,,JERA Americas Inc [100%],Chubu Electric Power Co Inc [50.0%]; Tokyo Electric Power Co [50.0%],41.7694,-70.5097,,,,https://www.gem.wiki/Canal_power_station,jera,gem_global_integrated_power_tracker,gem_global_integrated_power_2026_08_v3.xlsx
G100000805907,L100000805128,US,United States,Charger Solar,--,utility-scale solar,solar,,PV,400.0,cancelled - inferred 4 y,,,,AP Solar Holdings; J-Power USA,,28.4668,-97.1053,,,,https://www.gem.wiki/Charger_Solar,jpower,gem_global_integrated_power_tracker,gem_global_integrated_power_2026_08_v3.xlsx
G100000414292,L100000409215,US,United States,Chowchilla II power station,IC1,oil/gas,gas,fossil gas: natural gas,internal combustion,49.6,operating,2001,,,California Power Holdings LLC [100%],Korea Electric Power Corp [100.0%],37.1073,-120.2485,,,,https://www.gem.wiki/Chowchilla_II_power_station,kepco,gem_global_integrated_power_tracker,gem_global_integrated_power_2026_08_v3.xlsx
G100000909610,L100000907136,US,United States,Cimarron II wind farm,1,wind,wind,,Onshore,131.0,operating,2012,,Duke Energy,Duke Energy Corp [50%]; Sumitomo Corporation of Americas [50%],,37.8727,-100.403,,,,https://www.gem.wiki/Cimarron_II_wind_farm,sumitomo_corp,gem_global_integrated_power_tracker,gem_global_integrated_power_2026_08_v3.xlsx
G100000805256,L100000804571,US,United States,Cogentrix Of Alamosa solar farm,--,utility-scale solar,solar,,PV,30.0,operating,2012,,KEPCO,KEPCO [100%],,37.5986,-105.9558,,,,https://www.gem.wiki/Cogentrix_Of_Alamosa_solar_farm,kepco,gem_global_integrated_power_tracker,gem_global_integrated_power_2026_08_v3.xlsx
G100000908927,L100000906621,US,United States,Combine Hills wind farm,1,wind,wind,,Onshore,41.0,operating,2003,,Iberdrola Australia; Eurus Energy,Eurus Energy [100%],,45.9282,-118.581,,,,https://www.gem.wiki/Combine_Hills_wind_farm,toyota_tsusho,gem_global_integrated_power_tracker,gem_global_integrated_power_2026_08_v3.xlsx
G100000909108,L100000906621,US,United States,Combine Hills wind farm,2,wind,wind,,Onshore,63.0,operating,2009,,Eurus Energy,Eurus Energy [100%],,45.9319,-118.541,,,,https://www.gem.wiki/Combine_Hills_wind_farm,toyota_tsusho,gem_global_integrated_power_tracker,gem_global_integrated_power_2026_08_v3.xlsx
G100000414131,L100000409245,US,United States,Commonwealth Chesapeake power station,UNT7,oil/gas,oil,fossil liquids: fuel oil,gas turbine,57.5,mothballed,2001,,Commonwealth Chesapeake,Tyr Energy Inc [100%],ITOCHU Corp [100.0%],37.9892,-75.54,,,,https://www.gem.wiki/Commonwealth_Chesapeake_power_station,itochu,gem_global_integrated_power_tracker,gem_global_integrated_power_2026_08_v3.xlsx
G100000414132,L100000409245,US,United States,Commonwealth Chesapeake power station,UNT6,oil/gas,oil,fossil liquids: fuel oil,gas turbine,57.5,mothballed,2001,,Commonwealth Chesapeake,Tyr Energy Inc [100%],ITOCHU Corp [100.0%],37.9892,-75.54,,,,https://www.gem.wiki/Commonwealth_Chesapeake_power_station,itochu,gem_global_integrated_power_tracker,gem_global_integrated_power_2026_08_v3.xlsx
G100000414133,L100000409245,US,United States,Commonwealth Chesapeake power station,UNT5,oil/gas,oil,fossil liquids: fuel oil,gas turbine,57.5,mothballed,2001,,Commonwealth Chesapeake,Tyr Energy Inc [100%],ITOCHU Corp [100.0%],37.9892,-75.54,,,,https://www.gem.wiki/Commonwealth_Chesapeake_power_station,itochu,gem_global_integrated_power_tracker,gem_global_integrated_power_2026_08_v3.xlsx
G100000414134,L100000409245,US,United States,Commonwealth Chesapeake power station,UNT4,oil/gas,oil,fossil liquids: fuel oil,gas turbine,57.5,mothballed,2001,,Commonwealth Chesapeake,Tyr Energy Inc [100%],ITOCHU Corp [100.0%],37.9892,-75.54,,,,https://www.gem.wiki/Commonwealth_Chesapeake_power_station,itochu,gem_global_integrated_power_tracker,gem_global_integrated_power_2026_08_v3.xlsx
G100000414135,L100000409245,US,United States,Commonwealth Chesapeake power station,UNT3,oil/gas,oil,fossil liquids: fuel oil,gas turbine,57.5,mothballed,2000,,Commonwealth Chesapeake,Tyr Energy Inc [100%],ITOCHU Corp [100.0%],37.9892,-75.54,,,,https://www.gem.wiki/Commonwealth_Chesapeake_power_station,itochu,gem_global_integrated_power_tracker,gem_global_integrated_power_2026_08_v3.xlsx
G100000414136,L100000409245,US,United States,Commonwealth Chesapeake power station,UNT2,oil/gas,oil,fossil liquids: fuel oil,gas turbine,57.5,mothballed,2000,,Commonwealth Chesapeake,Tyr Energy Inc [100%],ITOCHU Corp [100.0%],37.9892,-75.54,,,,https://www.gem.wiki/Commonwealth_Chesapeake_power_station,itochu,gem_global_integrated_power_tracker,gem_global_integrated_power_2026_08_v3.xlsx
G100000414137,L100000409245,US,United States,Commonwealth Chesapeake power station,UNT1,oil/gas,oil,fossil liquids: fuel oil,gas turbine,57.5,mothballed,2000,,Commonwealth Chesapeake,Tyr Energy Inc [100%],ITOCHU Corp [100.0%],37.9892,-75.54,,,,https://www.gem.wiki/Commonwealth_Chesapeake_power_station,itochu,gem_global_integrated_power_tracker,gem_global_integrated_power_2026_08_v3.xlsx
G100000805933,L100000805153,US,United States,Concho Valley Solar,--,utility-scale solar,solar,,PV,172.8,operating,2022,,,Merit SI; KOMIPO America Inc,,31.4207,-100.489,,,,https://www.gem.wiki/Concho_Valley_Solar,komipo,gem_global_integrated_power_tracker,gem_global_integrated_power_2026_08_v3.xlsx
G100001019588,L100001017601,US,United States,Conez Solar,CONEZ,utility-scale solar,solar,,PV,150.0,announced,2026,,,Samsung C&T Corp,,32.4584,-82.3946,,,,https://www.gem.wiki/Conez_Solar,samsung_ct,gem_global_integrated_power_tracker,gem_global_integrated_power_2026_08_v3.xlsx
G100000838471,L100000832860,US,United States,Eagle Springs Hybrid solar farm,--,utility-scale solar,solar,,PV,110.1,announced,2026,,Samsung C&T,Samsung C&T Corp [100%],,33.4333,-95.5744,,,,https://www.gem.wiki/Eagle_Springs_Hybrid_solar_farm,samsung_ct,gem_global_integrated_power_tracker,gem_global_integrated_power_2026_08_v3.xlsx
G100000910211,L100000907574,US,United States,El Sauz wind farm,1,wind,wind,,Onshore,301.0,operating,2025,,,JERA Co Inc [100%],,26.5009,-97.5991,,,,https://www.gem.wiki/El_Sauz_wind_farm,jera,gem_global_integrated_power_tracker,gem_global_integrated_power_2026_08_v3.xlsx
G100000805562,L100000804825,US,United States,Elara Solar,--,utility-scale solar,solar,,PV,132.4,operating,2021,,Swinerton Renewable Energy,Korea Midland Power Co Ltd [100%],,28.8832,-99.1786,,,,https://www.gem.wiki/Elara_Solar,komipo,gem_global_integrated_power_tracker,gem_global_integrated_power_2026_08_v3.xlsx
G100000402256,L100000401554,US,United States,Elwood Energy power station,GT1,oil/gas,gas,fossil gas: natural gas,gas turbine,192.0,operating,1999,2025,,J-POWER USA Development Co Ltd [100%],Electric Power Development Co Ltd [100.0%],41.4388,-88.1236,,,,https://www.gem.wiki/Elwood_Energy_power_station,jpower,gem_global_integrated_power_tracker,gem_global_integrated_power_2026_08_v3.xlsx
G100000402257,L100000401554,US,United States,Elwood Energy power station,GT2,oil/gas,gas,fossil gas: natural gas,gas turbine,192.0,operating,1999,2025,,J-POWER USA Development Co Ltd [100%],Electric Power Development Co Ltd [100.0%],41.4388,-88.1236,,,,https://www.gem.wiki/Elwood_Energy_power_station,jpower,gem_global_integrated_power_tracker,gem_global_integrated_power_2026_08_v3.xlsx
G100000402258,L100000401554,US,United States,Elwood Energy power station,GT3,oil/gas,gas,fossil gas: natural gas,gas turbine,192.0,operating,1999,2025,,J-POWER USA Development Co Ltd [100%],Electric Power Development Co Ltd [100.0%],41.4388,-88.1236,,,,https://www.gem.wiki/Elwood_Energy_power_station,jpower,gem_global_integrated_power_tracker,gem_global_integrated_power_2026_08_v3.xlsx
G100000402259,L100000401554,US,United States,Elwood Energy power station,GT4,oil/gas,gas,fossil gas: natural gas,gas turbine,192.0,operating,1999,2025,,J-POWER USA Development Co Ltd [100%],Electric Power Development Co Ltd [100.0%],41.4388,-88.1236,,,,https://www.gem.wiki/Elwood_Energy_power_station,jpower,gem_global_integrated_power_tracker,gem_global_integrated_power_2026_08_v3.xlsx
G100000402260,L100000401554,US,United States,Elwood Energy power station,GT5,oil/gas,gas,fossil gas: natural gas,gas turbine,192.0,operating,2001,2025,,J-POWER USA Development Co Ltd [100%],Electric Power Development Co Ltd [100.0%],41.4388,-88.1236,,,,https://www.gem.wiki/Elwood_Energy_power_station,jpower,gem_global_integrated_power_tracker,gem_global_integrated_power_2026_08_v3.xlsx
G100000402261,L100000401554,US,United States,Elwood Energy power station,GT6,oil/gas,gas,fossil gas: natural gas,gas turbine,192.0,operating,2001,2025,,J-POWER USA Development Co Ltd [100%],Electric Power Development Co Ltd [100.0%],41.4388,-88.1236,,,,https://www.gem.wiki/Elwood_Energy_power_station,jpower,gem_global_integrated_power_tracker,gem_global_integrated_power_2026_08_v3.xlsx
G100000402262,L100000401554,US,United States,Elwood Energy power station,GT7,oil/gas,gas,fossil gas: natural gas,gas turbine,192.0,operating,2001,2025,,J-POWER USA Development Co Ltd [100%],Electric Power Development Co Ltd [100.0%],41.4388,-88.1236,,,,https://www.gem.wiki/Elwood_Energy_power_station,jpower,gem_global_integrated_power_tracker,gem_global_integrated_power_2026_08_v3.xlsx
G100000402263,L100000401554,US,United States,Elwood Energy power station,GT8,oil/gas,gas,fossil gas: natural gas,gas turbine,192.0,retired,2001,2025,,J-POWER USA Development Co Ltd [100%],Electric Power Development Co Ltd [100.0%],41.4388,-88.1236,,,,https://www.gem.wiki/Elwood_Energy_power_station,jpower,gem_global_integrated_power_tracker,gem_global_integrated_power_2026_08_v3.xlsx
G100000402264,L100000401554,US,United States,Elwood Energy power station,GT9,oil/gas,gas,fossil gas: natural gas,gas turbine,192.0,retired,2001,2025,,J-POWER USA Development Co Ltd [100%],Electric Power Development Co Ltd [100.0%],41.4388,-88.1236,,,,https://www.gem.wiki/Elwood_Energy_power_station,jpower,gem_global_integrated_power_tracker,gem_global_integrated_power_2026_08_v3.xlsx
G100001055519,L100001048361,US,United States,Fairhaven power station,--,bioenergy,bioenergy,"bioenergy: wood & other biomass (solids), fossil gas: natural gas",,18.8,operating,1986,,,DG Fairhaven Power LLC,Korea Electric Power Corp,40.7995,-124.2028,,,,https://www.gem.wiki/Fairhaven_power_station,kepco,gem_global_integrated_power_tracker,gem_global_integrated_power_2026_08_v3.xlsx
G100000402913,L100000401960,US,United States,Freeport Pretreatment Facility power station,65GTG,oil/gas,gas,fossil gas: natural gas,gas turbine,87.0,operating,2019,,,Freeport LNG Development LP [100%],Freeport LNG Investments LLP [63.5%]; Chubu Electric Power Co Inc [12.8%]; Tokyo Electric Power Co [12.8%]; Osaka Gas Co Ltd [10.8%],28.979167,-95.30694,,,,https://www.gem.wiki/Freeport_Pretreatment_Facility_power_station,osaka_gas,gem_global_integrated_power_tracker,gem_global_integrated_power_2026_08_v3.xlsx
G100000805265,L100000804580,US,United States,Happy solar farm,--,utility-scale solar,solar,,PV,95.0,operating,2023,,Lightsource Renewable Energy,JERA,,35.1677,-91.6603,,,,https://www.gem.wiki/Happy_Solar_1,jera,gem_global_integrated_power_tracker,gem_global_integrated_power_2026_08_v3.xlsx
G100000401766,L100000401672,US,United States,Hermiston generating plant,CC1,oil/gas,gas,fossil gas: natural gas,combined cycle,311.0,operating,1996,,,PacifiCorp [50%]; Hermiston Generating Company LP [50%],Berkshire Hathaway Inc [50.0%]; Sumitomo Corp [50.0%],45.8042,-119.37,,,,https://www.gem.wiki/Hermiston_generating_plant,sumitomo_corp,gem_global_integrated_power_tracker,gem_global_integrated_power_2026_08_v3.xlsx
G100000401767,L100000401672,US,United States,Hermiston generating plant,CC2,oil/gas,gas,fossil gas: natural gas,combined cycle,311.0,operating,1996,,,PacifiCorp [50%]; Hermiston Generating Company LP [50%],Berkshire Hathaway Inc [50.0%]; Sumitomo Corp [50.0%],45.8042,-119.37,,,,https://www.gem.wiki/Hermiston_generating_plant,sumitomo_corp,gem_global_integrated_power_tracker,gem_global_integrated_power_2026_08_v3.xlsx
G100000402108,L100000402410,US,United States,Hickory Run Energy Station,HRES,oil/gas,gas,fossil gas: natural gas,combined cycle,1034.0,operating,2020,,,Hickory Run Energy LLC [100%],ITOCHU Corp [50.0%]; Kansai Electric Power Co [30.0%]; Siemens AG [20.0%],40.994444,-80.43,,,,https://www.gem.wiki/Hickory_Run_Energy_Station,itochu;kansai,gem_global_integrated_power_tracker,gem_global_integrated_power_2026_08_v3.xlsx
G100000805206,L100000804525,US,United States,Ho'Ohana Solar,--,utility-scale solar,solar,,PV,52.0,operating,2025,,Ho’Ohana Solar 1,Hanwha Energy Corp [100%],,21.4188,-158.0329,,,,https://www.gem.wiki/Ho'Ohana_Solar,hanwha_energy,gem_global_integrated_power_tracker,gem_global_integrated_power_2026_08_v3.xlsx
G100000401930,L100000402411,US,United States,Indeck Niles energy center,CC_set,oil/gas,gas,fossil gas: natural gas,combined cycle,1174.0,operating,2022,,,DL Energy Co Ltd [30%]; KOSPO USA Inc [50%]; Indeck Energy Services Inc [20%],Korea Electric Power Corp [50.0%]; DL Holdings [21.0%]; Indeck Energy Services Inc [20.0%]; Daelim Co Ltd [9.0%],41.862114,-86.22139,,,,https://www.gem.wiki/Indeck_Niles_energy_center,kepco;kospo;dl_enc,gem_global_integrated_power_tracker,gem_global_integrated_power_2026_08_v3.xlsx
G100000409539,L100000407441,US,United States,Indigo energy facility,CTG3,oil/gas,gas,fossil gas: natural gas,gas turbine,50.0,operating,2001,,,Diamond Generating Corp [100%],Mitsubishi Corp [100.0%],33.910873,-116.553,,,,https://www.gem.wiki/Indigo_energy_facility,mitsubishi_corp,gem_global_integrated_power_tracker,gem_global_integrated_power_2026_08_v3.xlsx
G100000409540,L100000407441,US,United States,Indigo energy facility,CTG2,oil/gas,gas,fossil gas: natural gas,gas turbine,50.0,operating,2001,,,Diamond Generating Corp [100%],Mitsubishi Corp [100.0%],33.910873,-116.553,,,,https://www.gem.wiki/Indigo_energy_facility,mitsubishi_corp,gem_global_integrated_power_tracker,gem_global_integrated_power_2026_08_v3.xlsx
G100000409541,L100000407441,US,United States,Indigo energy facility,CTG1,oil/gas,gas,fossil gas: natural gas,gas turbine,50.0,operating,2001,,,Diamond Generating Corp [100%],Mitsubishi Corp [100.0%],33.910873,-116.553,,,,https://www.gem.wiki/Indigo_energy_facility,mitsubishi_corp,gem_global_integrated_power_tracker,gem_global_integrated_power_2026_08_v3.xlsx
G100000909808,L100000907281,US,United States,Ironwood wind farm,1,wind,wind,,Onshore,167.9,operating,2012,,Duke Energy,Duke Energy Corp [50%]; Sumitomo Corporation of Americas [50%],,37.8386,-99.774,,,,https://www.gem.wiki/Ironwood_wind_farm,sumitomo_corp,gem_global_integrated_power_tracker,gem_global_integrated_power_2026_08_v3.xlsx
G100000403818,L100000402412,US,United States,Jackson Generation power station,1,oil/gas,gas,fossil gas: natural gas,combined cycle,644.0,operating,2022,,,Jackson Generation LLC [100%],J-POWER Jackson Partners LLC [51.0%]; Gulf Energy USA LLC [49.0%],41.438536,-88.11063,,,,https://www.gem.wiki/Jackson_Generation_power_station,jpower,gem_global_integrated_power_tracker,gem_global_integrated_power_2026_08_v3.xlsx
G100000403819,L100000402412,US,United States,Jackson Generation power station,2,oil/gas,gas,fossil gas: natural gas,combined cycle,644.0,operating,2022,,,Jackson Generation LLC [100%],J-POWER Jackson Partners LLC [51.0%]; Gulf Energy USA LLC [49.0%],41.438536,-88.11063,,,,https://www.gem.wiki/Jackson_Generation_power_station,jpower,gem_global_integrated_power_tracker,gem_global_integrated_power_2026_08_v3.xlsx
G100000805856,L100000805079,US,United States,Kellam Solar,--,utility-scale solar,solar,,PV,59.0,operating,2020,,Hanwha Energy,Hanwha Energy Corp [100%],,32.4744,-95.7156,,,,https://www.gem.wiki/Kellam_Solar,hanwha_energy,gem_global_integrated_power_tracker,gem_global_integrated_power_2026_08_v3.xlsx
G100000401944,L100000401619,US,United States,Kiamichi energy facility,STG1,oil/gas,gas,fossil gas: natural gas,combined cycle,685.0,operating,2003,,,Kiowa Power Partners LLC [100%],ITOCHU Corp [50.0%]; Tenaska Energy Inc [50.0%],34.6831,-95.9349,,,,https://www.gem.wiki/Kiamichi_energy_facility,itochu,gem_global_integrated_power_tracker,gem_global_integrated_power_2026_08_v3.xlsx
G100000401945,L100000401619,US,United States,Kiamichi energy facility,STG2,oil/gas,gas,fossil gas: natural gas,combined cycle,685.0,operating,2003,,,Kiowa Power Partners LLC [100%],ITOCHU Corp [50.0%]; Tenaska Energy Inc [50.0%],34.6831,-95.9349,,,,https://www.gem.wiki/Kiamichi_energy_facility,itochu,gem_global_integrated_power_tracker,gem_global_integrated_power_2026_08_v3.xlsx
G100000804756,L100000804158,US,United States,Kupehau solar farm,--,utility-scale solar,solar,,PV,60.0,cancelled,,,174 Power Global,Hanwha Energy Corp [100%],,21.4264,-158.0338,,,,https://www.gem.wiki/Kupehau_solar_farm,hanwha_energy,gem_global_integrated_power_tracker,gem_global_integrated_power_2026_08_v3.xlsx
G100000409537,L100000407429,US,United States,Larkspur energy facility,CTG2,oil/gas,gas,"fossil gas: natural gas, fossil liquids: fuel oil",gas turbine,50.0,operating,2001,,,Diamond Generating Corp [100%],Mitsubishi Corp [100.0%],32.567041,-116.9442,,,,https://www.gem.wiki/Larkspur_energy_facility,mitsubishi_corp,gem_global_integrated_power_tracker,gem_global_integrated_power_2026_08_v3.xlsx
G100000409538,L100000407429,US,United States,Larkspur energy facility,CTG1,oil/gas,gas,"fossil gas: natural gas, fossil liquids: fuel oil",gas turbine,50.0,operating,2001,,,Diamond Generating Corp [100%],Mitsubishi Corp [100.0%],32.567041,-116.9442,,,,https://www.gem.wiki/Larkspur_energy_facility,mitsubishi_corp,gem_global_integrated_power_tracker,gem_global_integrated_power_2026_08_v3.xlsx
G100000401698,L100000402481,US,United States,Linden cogeneration plant,CC1,oil/gas,gas,"fossil gas: natural gas, fossil liquids: waste/other oil, other: hydrogen (unknown)",combined cycle,974.0,operating,2002,,Linden Topco,Electricity Generating PCL [28%]; Development Bank of Japan Inc [12%]; Platform Partners LLC [5%]; GS EPS Co Ltd [5%]; JERA Americas Inc [50%],Electricity Generating PCL [28.0%]; Chubu Electric Power Co Inc [25.0%]; Tokyo Electric Power Co [25.0%]; Development Bank of Japan Inc [12.0%]; Platform Partners LLC [5.0%]; GS Holdings Corp [3.5%]; OQ SAOC [1.5%],40.6322,-74.2156,,,,https://www.gem.wiki/Linden_cogeneration_plant,jera,gem_global_integrated_power_tracker,gem_global_integrated_power_2026_08_v3.xlsx
G100000409513,L100000407419,US,United States,Mariposa Energy Project,CTG4,oil/gas,gas,fossil gas: natural gas,gas turbine,50.0,operating,2012,,,Diamond Generating Corp [100%],Mitsubishi Corp [100.0%],37.789167,-121.6019,,,,https://www.gem.wiki/Mariposa_Energy_Project,mitsubishi_corp,gem_global_integrated_power_tracker,gem_global_integrated_power_2026_08_v3.xlsx
G100000409514,L100000407419,US,United States,Mariposa Energy Project,CTG3,oil/gas,gas,fossil gas: natural gas,gas turbine,50.0,operating,2012,,,Diamond Generating Corp [100%],Mitsubishi Corp [100.0%],37.789167,-121.6019,,,,https://www.gem.wiki/Mariposa_Energy_Project,mitsubishi_corp,gem_global_integrated_power_tracker,gem_global_integrated_power_2026_08_v3.xlsx
G100000409515,L100000407419,US,United States,Mariposa Energy Project,CTG2,oil/gas,gas,fossil gas: natural gas,gas turbine,50.0,operating,2012,,,Diamond Generating Corp [100%],Mitsubishi Corp [100.0%],37.789167,-121.6019,,,,https://www.gem.wiki/Mariposa_Energy_Project,mitsubishi_corp,gem_global_integrated_power_tracker,gem_global_integrated_power_2026_08_v3.xlsx
G100000409516,L100000407419,US,United States,Mariposa Energy Project,CTG1,oil/gas,gas,fossil gas: natural gas,gas turbine,50.0,operating,2012,,,Diamond Generating Corp [100%],Mitsubishi Corp [100.0%],37.789167,-121.6019,,,,https://www.gem.wiki/Mariposa_Energy_Project,mitsubishi_corp,gem_global_integrated_power_tracker,gem_global_integrated_power_2026_08_v3.xlsx
G100000401776,L100000401674,US,United States,Michigan power station,CC1,oil/gas,gas,fossil gas: natural gas,combined cycle,138.0,operating,1995,,,Osaka Gas USA Corp [100%],Osaka Gas Co Ltd [100.0%],43.9375,-86.425,,,,https://www.gem.wiki/Michigan_power_station,osaka_gas,gem_global_integrated_power_tracker,gem_global_integrated_power_2026_08_v3.xlsx
G100000401760,L100000401582,US,United States,NAEA Lakewood power station,LCLP,oil/gas,gas,"fossil gas: natural gas, fossil liquids: fuel oil",combined cycle,237.0,mothballed,1994,,,Lakewood Cogeneration LP [100%],Consolidated Edison Inc [80.0%]; Toyota Tsusho Corp [20.0%],40.0613,-74.1686,,,,https://www.gem.wiki/NAEA_Lakewood_power_station,toyota_tsusho,gem_global_integrated_power_tracker,gem_global_integrated_power_2026_08_v3.xlsx
G100001093093,L100001082659,US,United States,Novva Utah Data Center power station,1,oil/gas,gas,fossil gas: natural gas,internal combustion,200.0,construction,2027,,,Novva Data Centers [100%],CIM Group LP [50.0%]; Mitsui & Co Ltd [50.0%],40.576798,-112.045465,,,,https://www.gem.wiki/Novva_Utah_Data_Center_power_station,mitsui,gem_global_integrated_power_tracker,gem_global_integrated_power_2026_08_v3.xlsx
G100000403347,L100000402176,US,United States,Orange Grove peaking facility,CTG1,oil/gas,gas,fossil gas: natural gas,gas turbine,59.0,operating,2010,,,Orange Grove Energy LP [100%],Electric Power Development Co Ltd [100.0%],33.3594,-117.1114,,,,https://www.gem.wiki/Orange_Grove_peaking_facility,jpower,gem_global_integrated_power_tracker,gem_global_integrated_power_2026_08_v3.xlsx
G100000403348,L100000402176,US,United States,Orange Grove peaking facility,CTG2,oil/gas,gas,fossil gas: natural gas,gas turbine,59.0,operating,2010,,,Orange Grove Energy LP [100%],Electric Power Development Co Ltd [100.0%],33.3594,-117.1114,,,,https://www.gem.wiki/Orange_Grove_peaking_facility,jpower,gem_global_integrated_power_tracker,gem_global_integrated_power_2026_08_v3.xlsx
G100000401762,L100000401670,US,United States,Oyster Creek Unit VIII power station,CC1,oil/gas,gas,"fossil gas: natural gas, fossil gas: unknown",combined cycle,498.0,operating,1994,,,GE Energy Financial Services Inc [12%]; Engie North America Inc [50%]; Toyota Tsusho Corp [37%],ENGIE SA [50.0%]; Toyota Tsusho Corp [37.5%]; General Electric Co [12.5%],28.9802,-95.342,,,,https://www.gem.wiki/Oyster_Creek_Unit_VIII_power_station,toyota_tsusho,gem_global_integrated_power_tracker,gem_global_integrated_power_2026_08_v3.xlsx
G100001094048,L100001083293,US,United States,Oʻahu power station,1,oil/gas,gas,fossil gas: natural gas,combined cycle,500.0,announced,2030,,,JERA Energy America LLC [100%],Chubu Electric Power Co Inc [50.0%]; Tokyo Electric Power Co [50.0%],21.338,-158.085,,,,https://www.gem.wiki/Oʻahu_power_station,jera,gem_global_integrated_power_tracker,gem_global_integrated_power_2026_08_v3.xlsx
G100001054213,L100001047602,US,United States,Pacific-Ultrapower Chinese power station,GEN1,bioenergy,bioenergy,bioenergy: wood & other biomass (solids),,25.0,operating,1986,,,IHI Power Services Corp,IHI Corp,37.874056,-120.477556,,,,https://www.gem.wiki/Pacific-Ultrapower_Chinese_power_station,ihi,gem_global_integrated_power_tracker,gem_global_integrated_power_2026_08_v3.xlsx
G100000908966,L100000906652,US,United States,Palehua wind farm,1,wind,wind,,Onshore,47.0,cancelled,,,,Eurus Energy [100%],,21.4834,-158.037,,,,https://www.gem.wiki/Palehua_wind_farm,toyota_tsusho,gem_global_integrated_power_tracker,gem_global_integrated_power_2026_08_v3.xlsx
G100000403831,L100000402423,US,United States,Perennial Wind Chaser Station,GT1,oil/gas,gas,fossil gas: natural gas,gas turbine,106.0,cancelled,,,,Perennial-Wind Chaser LLC [100%],Sumitomo Corp [100.0%],45.801999,-119.3721,,,,https://www.gem.wiki/Perennial_Wind_Chaser_Station,sumitomo_corp,gem_global_integrated_power_tracker,gem_global_integrated_power_2026_08_v3.xlsx
G100000403832,L100000402423,US,United States,Perennial Wind Chaser Station,GT2,oil/gas,gas,fossil gas: natural gas,gas turbine,106.0,cancelled,,,,Perennial-Wind Chaser LLC [100%],Sumitomo Corp [100.0%],45.801999,-119.3721,,,,https://www.gem.wiki/Perennial_Wind_Chaser_Station,sumitomo_corp,gem_global_integrated_power_tracker,gem_global_integrated_power_2026_08_v3.xlsx
G100000403833,L100000402423,US,United States,Perennial Wind Chaser Station,GT3,oil/gas,gas,fossil gas: natural gas,gas turbine,106.0,cancelled,,,,Perennial-Wind Chaser LLC [100%],Sumitomo Corp [100.0%],45.801999,-119.3721,,,,https://www.gem.wiki/Perennial_Wind_Chaser_Station,sumitomo_corp,gem_global_integrated_power_tracker,gem_global_integrated_power_2026_08_v3.xlsx
G100000403834,L100000402423,US,United States,Perennial Wind Chaser Station,GT4,oil/gas,gas,fossil gas: natural gas,gas turbine,106.0,cancelled,,,,Perennial-Wind Chaser LLC [100%],Sumitomo Corp [100.0%],45.801999,-119.3721,,,,https://www.gem.wiki/Perennial_Wind_Chaser_Station,sumitomo_corp,gem_global_integrated_power_tracker,gem_global_integrated_power_2026_08_v3.xlsx
G100000804757,L100000804159,US,United States,Pigeon Run Solar Project,--,utility-scale solar,solar,,PV,60.0,announced,2028,,174 Power Global,Hanwha Energy Corp [100%],,37.1585,-79.0556,,,,https://www.gem.wiki/Pigeon_Run_Solar_Project,hanwha_energy,gem_global_integrated_power_tracker,gem_global_integrated_power_2026_08_v3.xlsx
G100000805866,L100000805088,US,United States,Ramsey solar farm,--,utility-scale solar,solar,,PV,500.0,operating,2023,,Hecate Energy,Tokyo Gas America Ltd [100%],,29.122,-96.276,,,,https://www.gem.wiki/Ramsey_solar_farm,tokyo_gas,gem_global_integrated_power_tracker,gem_global_integrated_power_2026_08_v3.xlsx
G100000401830,L100000401736,US,United States,Rathdrum power station,CC1,oil/gas,gas,fossil gas: natural gas,combined cycle,302.0,operating,2001,,,Tyr Energy Inc [100%],ITOCHU Corp [100.0%],47.7858,-116.9203,,,,https://www.gem.wiki/Rathdrum_power_station,itochu,gem_global_integrated_power_tracker,gem_global_integrated_power_2026_08_v3.xlsx
G100001055141,L100001048103,US,United States,Red Bluff power station,1,oil/gas,gas,fossil gas: natural gas,internal combustion,46.4,operating,2001,,,California Power Holdings LLC [100%],Korea Electric Power Corp [100.0%],40.1501,-122.2124,,,,https://www.gem.wiki/Red_Bluff_power_station,kepco,gem_global_integrated_power_tracker,gem_global_integrated_power_2026_08_v3.xlsx
G100001058616,L100001050857,US,United States,Richwood Solar and Storage solar farm,RICSS,utility-scale solar,solar,,PV,250.0,announced,2026,,,Samsung C&T Corp,,40.3532,-83.3312,,,,https://www.gem.wiki/Richwood_Solar_and_Storage_solar_farm,samsung_ct,gem_global_integrated_power_tracker,gem_global_integrated_power_2026_08_v3.xlsx
G100001054226,L100001047613,US,United States,Rio Bravo Fresno power station,GEN1,bioenergy,bioenergy,bioenergy: wood & other biomass (solids),,28.0,operating,1988,,,Rio Bravo Fresno,IHI Corp; North American Power Group Ltd,36.688915,-119.723218,,,,https://www.gem.wiki/Rio_Bravo_Fresno_power_station,ihi,gem_global_integrated_power_tracker,gem_global_integrated_power_2026_08_v3.xlsx
G100000108579,L100000103801,US,United States,Rio Bravo Jasmin Power Plant,--,coal,coal,coal: bituminous,subcritical,38.2,retired,1989,2016,,IHI Power Services Corp [100%],IHI Corp [100.0%],35.741417,-119.051593,,,,https://www.gem.wiki/Rio_Bravo_Jasmin_Power_Plant,ihi,gem_global_integrated_power_tracker,gem_global_integrated_power_2026_08_v3.xlsx
G100000108580,L100000103802,US,United States,Rio Bravo Poso Power Plant,--,coal,coal,coal: unknown,subcritical,38.2,retired,1989,2014,,IHI Power Services Corp [100%],IHI Corp [100.0%],35.547217,-119.075593,,,,https://www.gem.wiki/Rio_Bravo_Poso_Power_Plant,ihi,gem_global_integrated_power_tracker,gem_global_integrated_power_2026_08_v3.xlsx
G100001054227,L100001047614,US,United States,Rio Bravo Rocklin power station,GEN1,bioenergy,bioenergy,"bioenergy: wood & other biomass (solids), fossil gas: natural gas",,28.0,operating,1988,,,Rio Bravo Rocklin,IHI Corp; North American Power Group Ltd,38.8319,-121.313652,,,,https://www.gem.wiki/Rio_Bravo_Rocklin_power_station,ihi,gem_global_integrated_power_tracker,gem_global_integrated_power_2026_08_v3.xlsx
G100000401756,L100000402270,US,United States,Saranac Facility power station,CA,oil/gas,gas,fossil gas: natural gas,combined cycle,286.0,operating,1994,,,Saranac Power Partners LP [100%],Berkshire Hathaway Inc [80.0%]; Osaka Gas Co Ltd [20.0%]; ACH GP LLC [0.0%]; ACHP II LP [0.0%]; ACHP LP [0.0%],44.7132,-73.4557,,,,https://www.gem.wiki/Saranac_Facility_power_station,osaka_gas,gem_global_integrated_power_tracker,gem_global_integrated_power_2026_08_v3.xlsx
G100000402233,L100000401547,US,United States,Sentinel energy center,CTG1,oil/gas,gas,fossil gas: natural gas,gas turbine,100.0,operating,2013,,,Diamond Generating Corp [50%]; Voltage Finance LLC [25%]; PG Coachella Power Holdings Inc [25%],Mitsubishi Corp [50.0%]; PG Coachella Power Holdings Inc [25.0%]; Voltage Finance LLC [25.0%],33.934167,-116.5714,,,,https://www.gem.wiki/Sentinel_energy_center,mitsubishi_corp,gem_global_integrated_power_tracker,gem_global_integrated_power_2026_08_v3.xlsx
G100000402234,L100000401547,US,United States,Sentinel energy center,CTG2,oil/gas,gas,fossil gas: natural gas,gas turbine,100.0,operating,2013,,,Diamond Generating Corp [50%]; Voltage Finance LLC [25%]; PG Coachella Power Holdings Inc [25%],Mitsubishi Corp [50.0%]; PG Coachella Power Holdings Inc [25.0%]; Voltage Finance LLC [25.0%],33.934167,-116.5714,,,,https://www.gem.wiki/Sentinel_energy_center,mitsubishi_corp,gem_global_integrated_power_tracker,gem_global_integrated_power_2026_08_v3.xlsx
G100000402235,L100000401547,US,United States,Sentinel energy center,CTG3,oil/gas,gas,fossil gas: natural gas,gas turbine,100.0,operating,2013,,,Diamond Generating Corp [50%]; Voltage Finance LLC [25%]; PG Coachella Power Holdings Inc [25%],Mitsubishi Corp [50.0%]; PG Coachella Power Holdings Inc [25.0%]; Voltage Finance LLC [25.0%],33.934167,-116.5714,,,,https://www.gem.wiki/Sentinel_energy_center,mitsubishi_corp,gem_global_integrated_power_tracker,gem_global_integrated_power_2026_08_v3.xlsx
G100000402236,L100000401547,US,United States,Sentinel energy center,CTG4,oil/gas,gas,fossil gas: natural gas,gas turbine,100.0,operating,2013,,,Diamond Generating Corp [50%]; Voltage Finance LLC [25%]; PG Coachella Power Holdings Inc [25%],Mitsubishi Corp [50.0%]; PG Coachella Power Holdings Inc [25.0%]; Voltage Finance LLC [25.0%],33.934167,-116.5714,,,,https://www.gem.wiki/Sentinel_energy_center,mitsubishi_corp,gem_global_integrated_power_tracker,gem_global_integrated_power_2026_08_v3.xlsx
G100000402237,L100000401547,US,United States,Sentinel energy center,CTG5,oil/gas,gas,fossil gas: natural gas,gas turbine,100.0,operating,2013,,,Diamond Generating Corp [50%]; Voltage Finance LLC [25%]; PG Coachella Power Holdings Inc [25%],Mitsubishi Corp [50.0%]; PG Coachella Power Holdings Inc [25.0%]; Voltage Finance LLC [25.0%],33.934167,-116.5714,,,,https://www.gem.wiki/Sentinel_energy_center,mitsubishi_corp,gem_global_integrated_power_tracker,gem_global_integrated_power_2026_08_v3.xlsx
G100000402238,L100000401547,US,United States,Sentinel energy center,CTG6,oil/gas,gas,fossil gas: natural gas,gas turbine,100.0,operating,2013,,,Diamond Generating Corp [50%]; Voltage Finance LLC [25%]; PG Coachella Power Holdings Inc [25%],Mitsubishi Corp [50.0%]; PG Coachella Power Holdings Inc [25.0%]; Voltage Finance LLC [25.0%],33.934167,-116.5714,,,,https://www.gem.wiki/Sentinel_energy_center,mitsubishi_corp,gem_global_integrated_power_tracker,gem_global_integrated_power_2026_08_v3.xlsx
G100000402239,L100000401547,US,United States,Sentinel energy center,CTG7,oil/gas,gas,fossil gas: natural gas,gas turbine,100.0,operating,2013,,,Diamond Generating Corp [50%]; Voltage Finance LLC [25%]; PG Coachella Power Holdings Inc [25%],Mitsubishi Corp [50.0%]; PG Coachella Power Holdings Inc [25.0%]; Voltage Finance LLC [25.0%],33.934167,-116.5714,,,,https://www.gem.wiki/Sentinel_energy_center,mitsubishi_corp,gem_global_integrated_power_tracker,gem_global_integrated_power_2026_08_v3.xlsx
G100000402240,L100000401547,US,United States,Sentinel energy center,CTG8,oil/gas,gas,fossil gas: natural gas,gas turbine,100.0,operating,2013,,,Diamond Generating Corp [50%]; Voltage Finance LLC [25%]; PG Coachella Power Holdings Inc [25%],Mitsubishi Corp [50.0%]; PG Coachella Power Holdings Inc [25.0%]; Voltage Finance LLC [25.0%],33.934167,-116.5714,,,,https://www.gem.wiki/Sentinel_energy_center,mitsubishi_corp,gem_global_integrated_power_tracker,gem_global_integrated_power_2026_08_v3.xlsx
G100000804758,L100000804160,US,United States,Shockoe Solar Project,--,utility-scale solar,solar,,PV,60.0,announced,2028,,174 Power Global,Hanwha Energy Corp [100%],,36.8178,-79.2333,,,,https://www.gem.wiki/Shockoe_Solar_Project,hanwha_energy,gem_global_integrated_power_tracker,gem_global_integrated_power_2026_08_v3.xlsx
G100000909449,L100000906661,US,United States,Spearville wind farm,3,wind,wind,,Onshore,101.0,operating,2012,,EDF Renewables,BlackRock Inc [40%]; Eurus Energy [40%]; EDF Renewables [20%],,37.8793,-99.7922,,,,https://www.gem.wiki/Spearville_wind_farm,toyota_tsusho,gem_global_integrated_power_tracker,gem_global_integrated_power_2026_08_v3.xlsx
G100001019596,L100001017609,US,United States,Stark Solar,AG239,utility-scale solar,solar,,PV,150.0,announced,2027,,,Samsung C&T Corp,,40.8527,-81.157,,,,https://www.gem.wiki/Stark_Solar,samsung_ct,gem_global_integrated_power_tracker,gem_global_integrated_power_2026_08_v3.xlsx
G100000805130,L100000804463,US,United States,Sun City Project solar farm,--,utility-scale solar,solar,,PV,20.0,operating,2011,,Eurus Energy,Clearway Energy Group LLC; Eurus Energy,,35.9831,-120.1103,,,,https://www.gem.wiki/Sun_City_Project_solar_farm,toyota_tsusho,gem_global_integrated_power_tracker,gem_global_integrated_power_2026_08_v3.xlsx
G100000401785,L100000401622,US,United States,Tenaska Frontier generation station,STG1,oil/gas,gas,fossil gas: natural gas,combined cycle,940.0,operating,2000,,,Tenaska Frontier Partners Ltd [100%],ACR IV (AP) Frontier LP [31.0%]; Atlas Holdings LLC [31.0%]; Mitsubishi Corp [28.0%]; Tenaska Energy Inc [10.0%],30.5924,-95.9178,,,,https://www.gem.wiki/Tenaska_Frontier_generation_station,mitsubishi_corp,gem_global_integrated_power_tracker,gem_global_integrated_power_2026_08_v3.xlsx
G100000402349,L100000401624,US,United States,Tenaska Georgia generation facility,GTG1,oil/gas,gas,"fossil gas: natural gas, fossil liquids: fuel oil",gas turbine,183.0,operating,2001,,,Tenaska Georgia Partners LP [100%],ITOCHU Corp [25.0%]; Mitsubishi Corp [25.0%]; Tenaska Energy Inc [25.0%]; Chubu Electric Power Co Inc [12.5%]; Tokyo Electric Power Co [12.5%],33.3516,-84.9996,,,,https://www.gem.wiki/Tenaska_Georgia_generation_facility,mitsubishi_corp;itochu,gem_global_integrated_power_tracker,gem_global_integrated_power_2026_08_v3.xlsx
G100000402350,L100000401624,US,United States,Tenaska Georgia generation facility,GTG2,oil/gas,gas,"fossil gas: natural gas, fossil liquids: fuel oil",gas turbine,183.0,operating,2001,,,Tenaska Georgia Partners LP [100%],ITOCHU Corp [25.0%]; Mitsubishi Corp [25.0%]; Tenaska Energy Inc [25.0%]; Chubu Electric Power Co Inc [12.5%]; Tokyo Electric Power Co [12.5%],33.3516,-84.9996,,,,https://www.gem.wiki/Tenaska_Georgia_generation_facility,mitsubishi_corp;itochu,gem_global_integrated_power_tracker,gem_global_integrated_power_2026_08_v3.xlsx
G100000402351,L100000401624,US,United States,Tenaska Georgia generation facility,GTG3,oil/gas,gas,"fossil gas: natural gas, fossil liquids: fuel oil",gas turbine,183.0,operating,2001,,,Tenaska Georgia Partners LP [100%],ITOCHU Corp [25.0%]; Mitsubishi Corp [25.0%]; Tenaska Energy Inc [25.0%]; Chubu Electric Power Co Inc [12.5%]; Tokyo Electric Power Co [12.5%],33.3516,-84.9996,,,,https://www.gem.wiki/Tenaska_Georgia_generation_facility,mitsubishi_corp;itochu,gem_global_integrated_power_tracker,gem_global_integrated_power_2026_08_v3.xlsx
G100000402352,L100000401624,US,United States,Tenaska Georgia generation facility,GTG4,oil/gas,gas,"fossil gas: natural gas, fossil liquids: fuel oil",gas turbine,183.0,operating,2002,,,Tenaska Georgia Partners LP [100%],ITOCHU Corp [25.0%]; Mitsubishi Corp [25.0%]; Tenaska Energy Inc [25.0%]; Chubu Electric Power Co Inc [12.5%]; Tokyo Electric Power Co [12.5%],33.3516,-84.9996,,,,https://www.gem.wiki/Tenaska_Georgia_generation_facility,mitsubishi_corp;itochu,gem_global_integrated_power_tracker,gem_global_integrated_power_2026_08_v3.xlsx
G100000402353,L100000401624,US,United States,Tenaska Georgia generation facility,GTG5,oil/gas,gas,"fossil gas: natural gas, fossil liquids: fuel oil",gas turbine,183.0,operating,2002,,,Tenaska Georgia Partners LP [100%],ITOCHU Corp [25.0%]; Mitsubishi Corp [25.0%]; Tenaska Energy Inc [25.0%]; Chubu Electric Power Co Inc [12.5%]; Tokyo Electric Power Co [12.5%],33.3516,-84.9996,,,,https://www.gem.wiki/Tenaska_Georgia_generation_facility,mitsubishi_corp;itochu,gem_global_integrated_power_tracker,gem_global_integrated_power_2026_08_v3.xlsx
G100000402354,L100000401624,US,United States,Tenaska Georgia generation facility,GTG6,oil/gas,gas,"fossil gas: natural gas, fossil liquids: fuel oil",gas turbine,183.0,operating,2002,,,Tenaska Georgia Partners LP [100%],ITOCHU Corp [25.0%]; Mitsubishi Corp [25.0%]; Tenaska Energy Inc [25.0%]; Chubu Electric Power Co Inc [12.5%]; Tokyo Electric Power Co [12.5%],33.3516,-84.9996,,,,https://www.gem.wiki/Tenaska_Georgia_generation_facility,mitsubishi_corp;itochu,gem_global_integrated_power_tracker,gem_global_integrated_power_2026_08_v3.xlsx
G100000401866,L100000401621,US,United States,Tenaska Lindsay Hill generating station,STG1,oil/gas,gas,"fossil gas: natural gas, fossil liquids: fuel oil",combined cycle,939.0,operating,2002,,,Alabama Power Co [0%]; Tenaska Alabama Partners LP [100%],Mitsubishi Corp [50.0%]; Tenaska Energy Inc [50.0%]; Southern Co [0.0%],32.6514,-86.7386,,,,https://www.gem.wiki/Tenaska_Lindsay_Hill_generating_station,mitsubishi_corp,gem_global_integrated_power_tracker,gem_global_integrated_power_2026_08_v3.xlsx
G100000401922,L100000401626,US,United States,Tenaska Virginia generating station,STG1,oil/gas,gas,"fossil gas: natural gas, fossil liquids: fuel oil",combined cycle,1011.0,operating,2004,,,Tenaska Virginia Partners LP [100%],Tenaska Energy Inc [35.0%]; ITOCHU Corp [17.5%]; Electric Power Development Co Ltd [15.0%]; John Hancock Life Insurance Co [15.0%]; Chubu Electric Power Co Inc [8.8%]; Tokyo Electric Power Co [8.8%],37.8667,-78.3813,,,,https://www.gem.wiki/Tenaska_Virginia_generating_station,itochu;jpower,gem_global_integrated_power_tracker,gem_global_integrated_power_2026_08_v3.xlsx
G100000402097,L100000401625,US,United States,Tenaska Westmoreland generating station,STG1,oil/gas,gas,fossil gas: natural gas,combined cycle,1134.0,operating,2018,,,DGC Westmoreland LLC [50%]; J-POWER Westmoreland LLC [25%]; Tenaska Pennsylvania Holdings LLC [24%],Mitsubishi Corp [50.0%]; Electric Power Development Co Ltd [25.0%]; Tenaska Energy Inc [6.2%],40.175249,-79.69667,,,,https://www.gem.wiki/Tenaska_Westmoreland_generating_station,mitsubishi_corp;jpower,gem_global_integrated_power_tracker,gem_global_integrated_power_2026_08_v3.xlsx
G100000413022,L100000408878,US,United States,Trumbull Energy Center power station,CC1,oil/gas,gas,"fossil gas: natural gas, fossil liquids: diesel",combined cycle,940.0,operating,2025,,,Korea Overseas Infrastructure & Urban Development Corp Corp [33%]; Korea Southern Power Co Ltd [33%]; Siemens Energy Inc [33%],Korea Electric Power Corp [33.3%]; Korea Overseas Infrastructure & Urban Development Corp Corp [33.3%]; Siemens Energy AG [33.3%],41.15018,-80.85367,,,,https://www.gem.wiki/Trumbull_Energy_Center_power_station,kepco;kospo,gem_global_integrated_power_tracker,gem_global_integrated_power_2026_08_v3.xlsx
G100000805270,L100000804585,US,United States,Ventress Solar,--,utility-scale solar,solar,,PV,300.0,operating,2024,,Lightsource BP,JERA,,30.6679,-91.3917,,,,https://www.gem.wiki/Ventress_Solar,jera,gem_global_integrated_power_tracker,gem_global_integrated_power_2026_08_v3.xlsx
G100000805131,L100000804464,US,United States,Waianae Solar Project,--,utility-scale solar,solar,,PV,28.3,operating,2017,,Eurus Energy,Toyota Tsusho America Inc; Eurus Energy,,21.452,-158.1879,,,,https://www.gem.wiki/Waianae_Solar_Project,toyota_tsusho,gem_global_integrated_power_tracker,gem_global_integrated_power_2026_08_v3.xlsx
G100000402036,L100000402367,US,United States,West Deptford Energy Station,700,oil/gas,gas,fossil gas: natural gas,combined cycle,755.0,operating,2014,,,West Deptford Energy LLC [100%],LS Power Development LLC [50.0%]; Sumitomo Corp [50.0%],39.8414,-75.2214,,,,https://www.gem.wiki/West_Deptford_Energy_Station,sumitomo_corp,gem_global_integrated_power_tracker,gem_global_integrated_power_2026_08_v3.xlsx
G100000805829,L100000805057,US,United States,West End Solar,--,utility-scale solar,solar,,PV,50.0,pre-construction,,,,Eurus Energy [100%],,45.8404,-119.29,,,,https://www.gem.wiki/West_End_Solar,toyota_tsusho,gem_global_integrated_power_tracker,gem_global_integrated_power_2026_08_v3.xlsx
G100000805857,L100000805080,US,United States,Wheats Solar,--,utility-scale solar,solar,,PV,22.0,cancelled - inferred 4 y,,,,Hanwha Energy Corp [100%],,37.9546,-121.343,,,,https://www.gem.wiki/Wheats_Solar,hanwha_energy,gem_global_integrated_power_tracker,gem_global_integrated_power_2026_08_v3.xlsx
G100000402051,L100000402387,US,United States,Woodbridge energy center,CC1,oil/gas,gas,fossil gas: natural gas,combined cycle,773.0,operating,2015,,,Woodbridge Energy Center [100%],Toyota Tsusho Corp [42.5%]; OPC Energy Ltd [37.5%]; Osaka Gas Co Ltd [20.0%],40.515,-74.31889,,,,https://www.gem.wiki/Woodbridge_energy_center,toyota_tsusho;osaka_gas,gem_global_integrated_power_tracker,gem_global_integrated_power_2026_08_v3.xlsx
G100000927614,L100000922142,UZ,Uzbekistan,Kungrad (ACWA Power) wind farm,1,wind,wind,,Onshore,500.0,pre-construction,2027,,ACWA Power Kungrad Wind 1 LLC FE,ACWA Power Co [51%]; Sumitomo Corp [49%],,43.7227,57.0599,,,,https://www.gem.wiki/Kungrad_wind_farm,sumitomo_corp,gem_global_integrated_power_tracker,gem_global_integrated_power_2026_08_v3.xlsx
G100000927615,L100000922142,UZ,Uzbekistan,Kungrad (ACWA Power) wind farm,2,wind,wind,,Onshore,500.0,pre-construction,2027,,ACWA Power Kungrad Wind 2 LLC FE,ACWA Power Co [51%]; Sumitomo Corp [49%],,43.7227,57.0599,,,,https://www.gem.wiki/Kungrad_wind_farm,sumitomo_corp,gem_global_integrated_power_tracker,gem_global_integrated_power_2026_08_v3.xlsx
G100000927616,L100000922142,UZ,Uzbekistan,Kungrad (ACWA Power) wind farm,3,wind,wind,,Onshore,500.0,pre-construction,2027,,ACWA Power Kungrad Wind 3 LLC FE,ACWA Power Co [51%]; Sumitomo Corp [49%],,43.7227,57.0599,,,,https://www.gem.wiki/Kungrad_wind_farm,sumitomo_corp,gem_global_integrated_power_tracker,gem_global_integrated_power_2026_08_v3.xlsx
G100001018568,L100001016669,UZ,Uzbekistan,Navoi wind farm,--,wind,wind,,Onshore,1000.0,announced,,,,Nebras Power QPSC; Sojitz Corp,,42.77,64.7357,,,,https://www.gem.wiki/Navoi_wind_farm,sojitz,gem_global_integrated_power_tracker,gem_global_integrated_power_2026_08_v3.xlsx
G100000835504,L100000831559,UZ,Uzbekistan,Sazagan solar farm,1,utility-scale solar,solar,,PV,500.0,pre-construction,,,,ACWA Power Co [51%]; Sumitomo Corp [49%],,39.6308,66.0581,,,,https://www.gem.wiki/Sazagan_solar_farm,sumitomo_corp,gem_global_integrated_power_tracker,gem_global_integrated_power_2026_08_v3.xlsx
G100000835505,L100000831559,UZ,Uzbekistan,Sazagan solar farm,2,utility-scale solar,solar,,PV,500.0,pre-construction,,,,ACWA Power Co [51%]; Sumitomo Corp [49%],,39.6308,66.0581,,,,https://www.gem.wiki/Sazagan_solar_farm,sumitomo_corp,gem_global_integrated_power_tracker,gem_global_integrated_power_2026_08_v3.xlsx
G100000407423,L100000406884,UZ,Uzbekistan,Sirdaryo II power station,1,oil/gas,gas,fossil gas: natural gas,combined cycle,1573.0,construction,2026,,ENERSOK Fe,ENERSOK Fe LLC [100%],Kyushu Electric Power Co Inc [25.0%]; Sojitz Corp [25.0%]; Electricité de France SA [25.0%]; Nebras Energy QPSC [15.0%]; Ras Laffan Operating Company WLL [10.0%],40.242115,69.10543,,,,https://www.gem.wiki/Sirdaryo_II_power_station,sojitz;kyushu,gem_global_integrated_power_tracker,gem_global_integrated_power_2026_08_v3.xlsx
G100000800994,L100000800861,VN,Vietnam,Cam An Bac Kn solar farm,--,utility-scale solar,solar,,PV,50.0,operating,2019,,Hanwha Energy Vietnam,Hanwha Energy Corp; Long Thanh Golf Investment & Trading JSC,,11.9927,109.0829,,,,https://www.gem.wiki/Cam_An_Bac_Kn_solar_farm,hanwha_energy,gem_global_integrated_power_tracker,gem_global_integrated_power_2026_08_v3.xlsx
G100000800995,L100000800862,VN,Vietnam,Cam An Bac Vn solar farm,--,utility-scale solar,solar,,PV,45.0,operating,2019,,Hanwha Energy Vietnam,Hanwha Energy Vietnam; Long Thanh Golf Investment & Trading JSC,,11.992,109.085,,,,https://www.gem.wiki/Cam_An_Bac_Vn_solar_farm,hanwha_energy,gem_global_integrated_power_tracker,gem_global_integrated_power_2026_08_v3.xlsx
G100000101180,L100000104321,VN,Vietnam,Can Duoc power station (KEPCO and Vinakobalt),--,coal,coal,coal: unknown,unknown,1600.0,cancelled,,,,Long An Vinakobalt Ltd Co [50%]; Korea Electric Power Corp [50%],Korea Electric Power Corp [50.0%]; Long An Vinakobalt Ltd Co [50.0%],10.539167,106.609167,,,,https://www.gem.wiki/Can_Duoc_power_station_(KEPCO_and_Vinakobalt),kepco,gem_global_integrated_power_tracker,gem_global_integrated_power_2026_08_v3.xlsx
G100000927505,L100000922059,VN,Vietnam,Cần Giờ offshore wind farm,1,wind,wind,,Offshore mount unknown,3000.0,announced,2036,,,Asia Petroleum Energy Corp; Tokyo Gas Co Ltd; Shizen Energy Group,,10.3448,106.9272,,,,https://www.gem.wiki/Cần_Giờ_offshore_wind_farm,tokyo_gas,gem_global_integrated_power_tracker,gem_global_integrated_power_2026_08_v3.xlsx
G100000927506,L100000922059,VN,Vietnam,Cần Giờ offshore wind farm,2,wind,wind,,Offshore mount unknown,3000.0,announced,2036,,,Asia Petroleum Energy Corp; Tokyo Gas Co Ltd; Shizen Energy Group,,10.3448,106.9272,,,,https://www.gem.wiki/Cần_Giờ_offshore_wind_farm,tokyo_gas,gem_global_integrated_power_tracker,gem_global_integrated_power_2026_08_v3.xlsx
G100001090017,L100001080172,VN,Vietnam,Dak Di 1 hydroelectric plant,,hydropower,hydro,,run-of-river,30.0,operating,2022,,,Sumitomo Corporation [49%],,15.0389,108.1069,,,,https://www.gem.wiki/Dak_Di_1_hydroelectric_plant,sumitomo_corp,gem_global_integrated_power_tracker,gem_global_integrated_power_2026_08_v3.xlsx
G100000113083,L100000104331,VN,Vietnam,Dung Quat Economic Zone power station,Phase I,coal,coal,coal: unknown,ultra-supercritical,2400.0,cancelled,2028,,,Electric Power Development Co Ltd [100%],Electric Power Development Co Ltd [100.0%],15.333,108.667,,,,https://www.gem.wiki/Dung_Quat_Economic_Zone_power_station,jpower,gem_global_integrated_power_tracker,gem_global_integrated_power_2026_08_v3.xlsx
G100000113084,L100000104331,VN,Vietnam,Dung Quat Economic Zone power station,Phase II,coal,coal,coal: unknown,IGCC,2000.0,cancelled,2030,,,Electric Power Development Co Ltd [100%],Electric Power Development Co Ltd [100.0%],15.333,108.667,,,,https://www.gem.wiki/Dung_Quat_Economic_Zone_power_station,jpower,gem_global_integrated_power_tracker,gem_global_integrated_power_2026_08_v3.xlsx
G100000405995,L100000405976,VN,Vietnam,Hai Lang power station,1-1,oil/gas,gas,fossil gas: LNG,combined cycle,1500.0,pre-construction,2029,,,Korea Southern Power Co Ltd [20%]; T&T Group JSC [40%]; Hanwha Energy Corp [20%]; Korea Gas Corp [20%],T&T Group JSC [40.0%]; Korea Electric Power Corp [20.0%]; Korea Gas Corp [20.0%]; natural person(s) [16.0%]; unknown [4.0%],16.994429,107.115361,,,,https://www.gem.wiki/Hai_Lang_power_station,kepco;kospo;hanwha_energy,gem_global_integrated_power_tracker,gem_global_integrated_power_2026_08_v3.xlsx
G100000405996,L100000405976,VN,Vietnam,Hai Lang power station,1-2,oil/gas,gas,fossil gas: LNG,combined cycle,1500.0,cancelled,,,,Korea Southern Power Co Ltd [20%]; T&T Group JSC [40%]; Hanwha Energy Corp [20%]; Korea Gas Corp [20%],T&T Group JSC [40.0%]; Korea Electric Power Corp [20.0%]; Korea Gas Corp [20.0%]; natural person(s) [16.0%]; unknown [4.0%],16.994429,107.115361,,,,https://www.gem.wiki/Hai_Lang_power_station,kepco;kospo;hanwha_energy,gem_global_integrated_power_tracker,gem_global_integrated_power_2026_08_v3.xlsx
G100000411109,L100000407815,VN,Vietnam,LNG Nghi Son power station,1,oil/gas,gas,fossil gas: LNG,combined cycle,750.0,pre-construction,2031,,,JERA Co Inc [100%],Chubu Electric Power Co Inc [50.0%]; Tokyo Electric Power Co [50.0%],19.437793,105.768091,,,,https://www.gem.wiki/LNG_Nghi_Son_power_station,jera,gem_global_integrated_power_tracker,gem_global_integrated_power_2026_08_v3.xlsx
G100000106391,L100000104322,VN,Vietnam,Long An power station,Phase I Unit 1,coal,coal,coal: bituminous,unknown,600.0,cancelled,,,,Daewoo Engineering & Construction Co Ltd [100%],Daewoo Engineering & Construction Co Ltd [100.0%],10.5716,106.73406,,,,https://www.gem.wiki/Long_An_power_station,daewoo_ec,gem_global_integrated_power_tracker,gem_global_integrated_power_2026_08_v3.xlsx
G100000106392,L100000104322,VN,Vietnam,Long An power station,Phase I Unit 2,coal,coal,coal: bituminous,unknown,600.0,cancelled,,,,Daewoo Engineering & Construction Co Ltd [100%],Daewoo Engineering & Construction Co Ltd [100.0%],10.5716,106.73406,,,,https://www.gem.wiki/Long_An_power_station,daewoo_ec,gem_global_integrated_power_tracker,gem_global_integrated_power_2026_08_v3.xlsx
G100000106393,L100000104322,VN,Vietnam,Long An power station,Phase II Unit 1,coal,coal,coal: bituminous,unknown,800.0,cancelled,2026,,,Daewoo Engineering & Construction Co Ltd [100%],Daewoo Engineering & Construction Co Ltd [100.0%],10.5716,106.73406,,,,https://www.gem.wiki/Long_An_power_station,daewoo_ec,gem_global_integrated_power_tracker,gem_global_integrated_power_2026_08_v3.xlsx
G100000106394,L100000104322,VN,Vietnam,Long An power station,Phase II Unit 2,coal,coal,coal: bituminous,unknown,800.0,cancelled,2027,,,Daewoo Engineering & Construction Co Ltd [100%],Daewoo Engineering & Construction Co Ltd [100.0%],10.5716,106.73406,,,,https://www.gem.wiki/Long_An_power_station,daewoo_ec,gem_global_integrated_power_tracker,gem_global_integrated_power_2026_08_v3.xlsx
G100000106995,L100000104335,VN,Vietnam,Mong Duong power station,Phase 2 Unit 1,coal,coal,coal: anthracite,subcritical,620.0,operating,2015,,,AES-VCM Mong Dong Power Co Ltd [100%],Indenelem establishment [51.0%]; POSCO International Corp [30.0%]; China Investment Corp [19.0%],21.07324,107.34847,,,,https://www.gem.wiki/Mong_Duong_power_station,posco_international,gem_global_integrated_power_tracker,gem_global_integrated_power_2026_08_v3.xlsx
G100000106996,L100000104335,VN,Vietnam,Mong Duong power station,Phase 2 Unit 2,coal,coal,coal: anthracite,subcritical,620.0,operating,2015,,,AES-VCM Mong Dong Power Co Ltd [100%],Indenelem establishment [51.0%]; POSCO International Corp [30.0%]; China Investment Corp [19.0%],21.07324,107.34847,,,,https://www.gem.wiki/Mong_Duong_power_station,posco_international,gem_global_integrated_power_tracker,gem_global_integrated_power_2026_08_v3.xlsx
G100000107412,L100000104345,VN,Vietnam,Nghi Son coal power station,Phase 2 Unit 1,coal,coal,coal: bituminous,supercritical,660.0,operating,2022,,,Nghi Son 2 Power LLC [100%],Korea Electric Power Corp [50.0%]; Marubeni Corp [40.0%]; Tohoku Electric Power Co Inc [10.0%],19.31581,105.80026,,,,https://www.gem.wiki/Nghi_Son_coal_power_station,kepco;marubeni;tohoku,gem_global_integrated_power_tracker,gem_global_integrated_power_2026_08_v3.xlsx
G100000107413,L100000104345,VN,Vietnam,Nghi Son coal power station,Phase 2 Unit 2,coal,coal,coal: bituminous,supercritical,660.0,operating,2022,,,Nghi Son 2 Power LLC [100%],Korea Electric Power Corp [50.0%]; Marubeni Corp [40.0%]; Tohoku Electric Power Co Inc [10.0%],19.31581,105.80026,,,,https://www.gem.wiki/Nghi_Son_coal_power_station,kepco;marubeni;tohoku,gem_global_integrated_power_tracker,gem_global_integrated_power_2026_08_v3.xlsx
G100000401318,L100000405444,VN,Vietnam,O Mon Power Complex,2,oil/gas,gas,fossil gas: natural gas,combined cycle,1050.0,pre-construction,2028,,,Marubeni Corp [50%]; Vietnam Trading Engineering Construction JSC [50%],Marubeni Corp [50.0%]; Vietnam Trading Engineering Construction JSC [50.0%],10.134916,105.669325,,,,https://www.gem.wiki/O_Mon_Power_Complex,marubeni,gem_global_integrated_power_tracker,gem_global_integrated_power_2026_08_v3.xlsx
G100000408645,L100000407153,VN,Vietnam,Phu My 3.1 Thermal power station,1,oil/gas,gas,fossil gas: LNG,combined cycle,850.0,cancelled,,,,Phu My 3 BOT Power Co Ltd [100%],Sembcorp Industries Ltd [66.7%]; Kyushu Electric Power Co Inc [26.7%]; Sojitz Corp [6.7%],10.597621,107.032164,,,,https://www.gem.wiki/Phu_My_3.1_Thermal_power_station,sojitz;kyushu,gem_global_integrated_power_tracker,gem_global_integrated_power_2026_08_v3.xlsx
G100000406001,L100000405979,VN,Vietnam,Quang Ninh Combined Cycle power station,1,oil/gas,gas,fossil gas: LNG,combined cycle,1500.0,pre-construction,2027,,,Quang Ninh LNG Power JSC [100%],Marubeni Corp [25.0%]; Tokyo Gas Co Ltd [25.0%]; Vietnam Mechanical Assembly JSC [25.0%]; Vietnam Oil and Gas Group Co [25.0%],21.004545,107.35511,,,,https://www.gem.wiki/Quang_Ninh_Combined_Cycle_power_station,marubeni;tokyo_gas,gem_global_integrated_power_tracker,gem_global_integrated_power_2026_08_v3.xlsx
G100000113291,L100000104339,VN,Vietnam,Quang Tri power station,Phase 2 Unit 1,coal,coal,coal: bituminous,ultra-supercritical,600.0,cancelled,2028,,,Korea Western Power Co Ltd [100%],Korea Electric Power Corp [100.0%],16.75658,107.36713,,,,https://www.gem.wiki/Quang_Tri_power_station,kepco;kowepo,gem_global_integrated_power_tracker,gem_global_integrated_power_2026_08_v3.xlsx
G100000113292,L100000104339,VN,Vietnam,Quang Tri power station,Phase 2 Unit 2,coal,coal,coal: bituminous,ultra-supercritical,600.0,cancelled,2028,,,Korea Western Power Co Ltd [100%],Korea Electric Power Corp [100.0%],16.75658,107.36713,,,,https://www.gem.wiki/Quang_Tri_power_station,kepco;kowepo,gem_global_integrated_power_tracker,gem_global_integrated_power_2026_08_v3.xlsx
G100000404544,L100000405451,VN,Vietnam,Son My I power station,1,oil/gas,gas,fossil gas: LNG,combined cycle,2250.0,pre-construction,2028,,,Pacific Group JSC [25%]; Sojitz Corp [18%]; Kyushu Electric Power Co Inc [18%]; Electricité de France SA [37%],Electricité de France SA [37.5%]; Pacific Group JSC [25.0%]; Kyushu Electric Power Co Inc [18.8%]; Sojitz Corp [18.8%],10.65008,107.68464,,,,https://www.gem.wiki/Son_My_I_power_station,sojitz;kyushu,gem_global_integrated_power_tracker,gem_global_integrated_power_2026_08_v3.xlsx
G100000109920,L100000104300,VN,Vietnam,Tan Thanh power station,Unit 1,coal,coal,coal: unknown,unknown,600.0,cancelled,,,,J-POWER Vietnam Co Ltd [100%],Electric Power Development Co Ltd [100.0%],10.590556,107.048056,,,,https://www.gem.wiki/Tan_Thanh_power_station,jpower,gem_global_integrated_power_tracker,gem_global_integrated_power_2026_08_v3.xlsx
G100000109921,L100000104300,VN,Vietnam,Tan Thanh power station,Unit 2,coal,coal,coal: unknown,unknown,600.0,cancelled,,,,J-POWER Vietnam Co Ltd [100%],Electric Power Development Co Ltd [100.0%],10.590556,107.048056,,,,https://www.gem.wiki/Tan_Thanh_power_station,jpower,gem_global_integrated_power_tracker,gem_global_integrated_power_2026_08_v3.xlsx
G100000109922,L100000104300,VN,Vietnam,Tan Thanh power station,Unit 3,coal,coal,coal: unknown,unknown,600.0,cancelled,,,,J-POWER Vietnam Co Ltd [100%],Electric Power Development Co Ltd [100.0%],10.590556,107.048056,,,,https://www.gem.wiki/Tan_Thanh_power_station,jpower,gem_global_integrated_power_tracker,gem_global_integrated_power_2026_08_v3.xlsx
G100000109923,L100000104300,VN,Vietnam,Tan Thanh power station,Unit 4,coal,coal,coal: unknown,unknown,600.0,cancelled,,,,J-POWER Vietnam Co Ltd [100%],Electric Power Development Co Ltd [100.0%],10.590556,107.048056,,,,https://www.gem.wiki/Tan_Thanh_power_station,jpower,gem_global_integrated_power_tracker,gem_global_integrated_power_2026_08_v3.xlsx
G100000110051,L100000104303,VN,Vietnam,Than Bac Lieu power station,Unit 1,coal,coal,coal: bituminous,unknown,600.0,cancelled,2029,,,Vietnam Electricity LLC [50%]; Sojitz Kyushu Corp [50%],Sojitz Corp [50.0%]; Vietnam Electricity LLC [50.0%],9.148,105.535,,,,https://www.gem.wiki/Than_Bac_Lieu_power_station,sojitz,gem_global_integrated_power_tracker,gem_global_integrated_power_2026_08_v3.xlsx
G100000110052,L100000104303,VN,Vietnam,Than Bac Lieu power station,Unit 2,coal,coal,coal: bituminous,unknown,600.0,cancelled,2030,,,Vietnam Electricity LLC [50%]; Sojitz Kyushu Corp [50%],Sojitz Corp [50.0%]; Vietnam Electricity LLC [50.0%],9.148,105.535,,,,https://www.gem.wiki/Than_Bac_Lieu_power_station,sojitz,gem_global_integrated_power_tracker,gem_global_integrated_power_2026_08_v3.xlsx
G100000801689,L100000801470,VN,Vietnam,Thanh Hóa (BCG) solar farm,--,utility-scale solar,solar,,PV,100.0,operating,2019,,,Hanwha – Bamboo Capital Group Bang Duong Energy JSC; Hanwha Energy Vietnam,,10.917,106.258,,,,https://www.gem.wiki/Thanh_Hóa_(BCG)_solar_farm,hanwha_energy,gem_global_integrated_power_tracker,gem_global_integrated_power_2026_08_v3.xlsx
G100000406009,L100000405982,VN,Vietnam,Van Phong Combined Cycle power station,1,oil/gas,gas,fossil gas: LNG,combined cycle,1500.0,cancelled,,,,Electric Power Development Co Ltd [100%],Electric Power Development Co Ltd [100.0%],12.505546,109.246356,,,,https://www.gem.wiki/Van_Phong_Combined_Cycle_power_station,jpower,gem_global_integrated_power_tracker,gem_global_integrated_power_2026_08_v3.xlsx
G100000406010,L100000405982,VN,Vietnam,Van Phong Combined Cycle power station,2,oil/gas,gas,fossil gas: LNG,combined cycle,1500.0,cancelled,,,,Electric Power Development Co Ltd [100%],Electric Power Development Co Ltd [100.0%],12.505546,109.246356,,,,https://www.gem.wiki/Van_Phong_Combined_Cycle_power_station,jpower,gem_global_integrated_power_tracker,gem_global_integrated_power_2026_08_v3.xlsx
G100000110552,L100000104316,VN,Vietnam,Van Phong power station,Phase 1 Unit 1,coal,coal,coal: bituminous,supercritical,716.0,operating,2023,,,Van Phong Power Co Ltd [100%],Sumitomo Corp [50.0%]; Aboitiz Power Corp [25.0%]; Electricity Generating Authority of Thailand [25.0%],12.47704,109.29244,,,,https://www.gem.wiki/Van_Phong_power_station,sumitomo_corp,gem_global_integrated_power_tracker,gem_global_integrated_power_2026_08_v3.xlsx
G100000110553,L100000104316,VN,Vietnam,Van Phong power station,Phase 1 Unit 2,coal,coal,coal: bituminous,supercritical,716.0,operating,2024,,,Van Phong Power Co Ltd [100%],Sumitomo Corp [50.0%]; Aboitiz Power Corp [25.0%]; Electricity Generating Authority of Thailand [25.0%],12.47704,109.29244,,,,https://www.gem.wiki/Van_Phong_power_station,sumitomo_corp,gem_global_integrated_power_tracker,gem_global_integrated_power_2026_08_v3.xlsx
G100000408644,L100000104310,VN,Vietnam,Vung Ang power station,3-CC1,oil/gas,gas,fossil gas: LNG,unknown,1500.0,pre-construction,2035,,,Korea Electric Power Corp [33%]; Siemens Energy AG [33%]; Power Engineering Consulting 2 JSC [33%],Korea Electric Power Corp [33.3%]; Power Engineering Consulting 2 JSC [33.3%]; Siemens Energy AG [33.3%],18.09792,106.38123,,,,https://www.gem.wiki/Vung_Ang_power_station,kepco,gem_global_integrated_power_tracker,gem_global_integrated_power_2026_08_v3.xlsx
G100000408559,L100000407110,ZA,South Africa,Avon power station,1,oil/gas,gas,"fossil gas: natural gas, fossil liquids: diesel",gas turbine,167.5,operating,2016,,ENGIE,Avon Peaking Power (RF) Pty Ltd [100%],ENGIE SA [38.0%]; Legend Power Solutions Pty Ltd [27.0%]; Mitsui & Co Ltd [25.0%]; The Peakers Trust [10.0%],-29.418913,31.157693,,,,https://www.gem.wiki/Avon_power_station,mitsui,gem_global_integrated_power_tracker,gem_global_integrated_power_2026_08_v3.xlsx
G100000414449,L100000407110,ZA,South Africa,Avon power station,4,oil/gas,gas,"fossil gas: natural gas, fossil liquids: diesel",gas turbine,167.5,operating,2016,,ENGIE,Avon Peaking Power (RF) Pty Ltd [100%],ENGIE SA [38.0%]; Legend Power Solutions Pty Ltd [27.0%]; Mitsui & Co Ltd [25.0%]; The Peakers Trust [10.0%],-29.418913,31.157693,,,,https://www.gem.wiki/Avon_power_station,mitsui,gem_global_integrated_power_tracker,gem_global_integrated_power_2026_08_v3.xlsx
G100000414450,L100000407110,ZA,South Africa,Avon power station,3,oil/gas,gas,"fossil gas: natural gas, fossil liquids: diesel",gas turbine,167.5,operating,2016,,ENGIE,Avon Peaking Power (RF) Pty Ltd [100%],ENGIE SA [38.0%]; Legend Power Solutions Pty Ltd [27.0%]; Mitsui & Co Ltd [25.0%]; The Peakers Trust [10.0%],-29.418913,31.157693,,,,https://www.gem.wiki/Avon_power_station,mitsui,gem_global_integrated_power_tracker,gem_global_integrated_power_2026_08_v3.xlsx
G100000414451,L100000407110,ZA,South Africa,Avon power station,2,oil/gas,gas,"fossil gas: natural gas, fossil liquids: diesel",gas turbine,167.5,operating,2016,,ENGIE,Avon Peaking Power (RF) Pty Ltd [100%],ENGIE SA [38.0%]; Legend Power Solutions Pty Ltd [27.0%]; Mitsui & Co Ltd [25.0%]; The Peakers Trust [10.0%],-29.418913,31.157693,,,,https://www.gem.wiki/Avon_power_station,mitsui,gem_global_integrated_power_tracker,gem_global_integrated_power_2026_08_v3.xlsx
G100000408558,L100000407109,ZA,South Africa,Dedisa power station,1,oil/gas,gas,"fossil gas: natural gas, fossil liquids: diesel",combined cycle,335.0,operating,2015,,,Dedisa Peaking Power (RF) Pty Ltd [100%],ENGIE SA [38.0%]; Legend Power Solutions Pty Ltd [27.0%]; Mitsui & Co Ltd [25.0%]; The Peakers Trust [10.0%],-33.743385,25.672819,,,,https://www.gem.wiki/Dedisa_power_station,mitsui,gem_global_integrated_power_tracker,gem_global_integrated_power_2026_08_v3.xlsx
G100000407264,L100000406819,ZA,South Africa,Richards Bay (Mhlathuze Energy) power station,1,oil/gas,gas,fossil gas: LNG,combined cycle,3300.0,shelved,,,,Mhlathuze Energy [100%],Golar LNG Ltd [25.0%]; Marubeni Corp [25.0%]; Newlyn Group [25.0%]; Stonepeak Partners LP [25.0%],-28.789926,32.063574,,,,https://www.gem.wiki/Richards_Bay_(Mhlathuze_Energy)_power_station,marubeni,gem_global_integrated_power_tracker,gem_global_integrated_power_2026_08_v3.xlsx
G100000800262,L100000800216,ZM,Zambia,Mongu solar farm,--,utility-scale solar,solar,,PV,50.0,cancelled - inferred 4 y,,,,Toyota Tsusho Corp; Elsewedy Electric,,-15.3051,23.1489,,,,https://www.gem.wiki/Mongu_solar_farm,toyota_tsusho,gem_global_integrated_power_tracker,gem_global_integrated_power_2026_08_v3.xlsx
G100000800341,L100000800288,ZM,Zambia,Sesheke solar farm,--,utility-scale solar,solar,,PV,50.0,shelved - inferred 2 y,,,,Toyota Tsusho Corp; Elsewedy Electric,,-17.4711,24.2427,,,,https://www.gem.wiki/Sesheke_solar_farm,toyota_tsusho,gem_global_integrated_power_tracker,gem_global_integrated_power_2026_08_v3.xlsx
