reporter,flow,exporter,importer,year,hs6,powertrain_class,units,quantity_flag,value,currency,source_id,source_file
AT,imports,JP,AT,2022,870321,ICE,,not_reported,4457336.0,EUR,eurostat_comext_ds045409,comext_imports_jp.json
AT,imports,JP,AT,2022,870322,ICE,,not_reported,4336166.0,EUR,eurostat_comext_ds045409,comext_imports_jp.json
AT,imports,JP,AT,2022,870323,ICE,,not_reported,6244291.0,EUR,eurostat_comext_ds045409,comext_imports_jp.json
AT,imports,JP,AT,2022,870324,ICE,,not_reported,261030.0,EUR,eurostat_comext_ds045409,comext_imports_jp.json
AT,imports,JP,AT,2022,870331,ICE,,not_reported,20483.0,EUR,eurostat_comext_ds045409,comext_imports_jp.json
AT,imports,JP,AT,2022,870332,ICE,,not_reported,68990.0,EUR,eurostat_comext_ds045409,comext_imports_jp.json
AT,imports,JP,AT,2022,870333,ICE,,not_reported,686016.0,EUR,eurostat_comext_ds045409,comext_imports_jp.json
AT,imports,JP,AT,2022,870340,HEV,,not_reported,5931867.0,EUR,eurostat_comext_ds045409,comext_imports_jp.json
AT,imports,JP,AT,2022,870360,PHEV,,not_reported,5340.0,EUR,eurostat_comext_ds045409,comext_imports_jp.json
AT,imports,JP,AT,2022,870380,BEV,,not_reported,676865.0,EUR,eurostat_comext_ds045409,comext_imports_jp.json
AT,imports,JP,AT,2023,870321,ICE,,not_reported,14936552.0,EUR,eurostat_comext_ds045409,comext_imports_jp.json
AT,imports,JP,AT,2023,870322,ICE,,not_reported,14583026.0,EUR,eurostat_comext_ds045409,comext_imports_jp.json
AT,imports,JP,AT,2023,870323,ICE,,not_reported,16185751.0,EUR,eurostat_comext_ds045409,comext_imports_jp.json
AT,imports,JP,AT,2023,870324,ICE,,not_reported,27096.0,EUR,eurostat_comext_ds045409,comext_imports_jp.json
AT,imports,JP,AT,2023,870331,ICE,,not_reported,3449.0,EUR,eurostat_comext_ds045409,comext_imports_jp.json
AT,imports,JP,AT,2023,870332,ICE,,not_reported,102680.0,EUR,eurostat_comext_ds045409,comext_imports_jp.json
AT,imports,JP,AT,2023,870333,ICE,,not_reported,334280.0,EUR,eurostat_comext_ds045409,comext_imports_jp.json
AT,imports,JP,AT,2023,870340,HEV,,not_reported,9071352.0,EUR,eurostat_comext_ds045409,comext_imports_jp.json
AT,imports,JP,AT,2023,870380,BEV,,not_reported,2101555.0,EUR,eurostat_comext_ds045409,comext_imports_jp.json
AT,imports,JP,AT,2024,870321,ICE,,not_reported,7882439.0,EUR,eurostat_comext_ds045409,comext_imports_jp.json
AT,imports,JP,AT,2024,870322,ICE,,not_reported,31259886.0,EUR,eurostat_comext_ds045409,comext_imports_jp.json
AT,imports,JP,AT,2024,870323,ICE,,not_reported,10129359.0,EUR,eurostat_comext_ds045409,comext_imports_jp.json
AT,imports,JP,AT,2024,870324,ICE,,not_reported,12282.0,EUR,eurostat_comext_ds045409,comext_imports_jp.json
AT,imports,JP,AT,2024,870331,ICE,,not_reported,6429.0,EUR,eurostat_comext_ds045409,comext_imports_jp.json
AT,imports,JP,AT,2024,870332,ICE,,not_reported,241721.0,EUR,eurostat_comext_ds045409,comext_imports_jp.json
AT,imports,JP,AT,2024,870333,ICE,,not_reported,746373.0,EUR,eurostat_comext_ds045409,comext_imports_jp.json
AT,imports,JP,AT,2024,870340,HEV,,not_reported,7582395.0,EUR,eurostat_comext_ds045409,comext_imports_jp.json
AT,imports,JP,AT,2024,870380,BEV,,not_reported,2971508.0,EUR,eurostat_comext_ds045409,comext_imports_jp.json
AT,imports,JP,AT,2025,870321,ICE,,not_reported,249924.0,EUR,eurostat_comext_ds045409,comext_imports_jp.json
AT,imports,JP,AT,2025,870322,ICE,,not_reported,18190791.0,EUR,eurostat_comext_ds045409,comext_imports_jp.json
AT,imports,JP,AT,2025,870323,ICE,,not_reported,15883598.0,EUR,eurostat_comext_ds045409,comext_imports_jp.json
AT,imports,JP,AT,2025,870324,ICE,,not_reported,74303.0,EUR,eurostat_comext_ds045409,comext_imports_jp.json
AT,imports,JP,AT,2025,870332,ICE,,not_reported,54280.0,EUR,eurostat_comext_ds045409,comext_imports_jp.json
AT,imports,JP,AT,2025,870333,ICE,,not_reported,634959.0,EUR,eurostat_comext_ds045409,comext_imports_jp.json
AT,imports,JP,AT,2025,870340,HEV,,not_reported,5787246.0,EUR,eurostat_comext_ds045409,comext_imports_jp.json
AT,imports,JP,AT,2025,870380,BEV,,not_reported,222865.0,EUR,eurostat_comext_ds045409,comext_imports_jp.json
AU,imports,JP,AU,2022,870321,ICE,876,reported,5154571.966,USD,un_comtrade_public,comtrade_au_m_jp_2022.json
AU,imports,JP,AU,2022,870321,ICE,876,reported,5154571.966,USD,un_comtrade_public,comtrade_au_m_jp_2022.json
AU,imports,JP,AU,2022,870322,ICE,20757,reported,304113357.849,USD,un_comtrade_public,comtrade_au_m_jp_2022.json
AU,imports,JP,AU,2022,870322,ICE,20757,reported,304113357.849,USD,un_comtrade_public,comtrade_au_m_jp_2022.json
AU,imports,JP,AU,2022,870323,ICE,186257,reported,3403741916.545,USD,un_comtrade_public,comtrade_au_m_jp_2022.json
AU,imports,JP,AU,2022,870323,ICE,2,reported,50867.064,USD,un_comtrade_public,comtrade_au_m_jp_2022.json
AU,imports,JP,AU,2022,870323,ICE,186255,reported,3403691049.481,USD,un_comtrade_public,comtrade_au_m_jp_2022.json
AU,imports,JP,AU,2022,870324,ICE,10861,reported,328257347.873,USD,un_comtrade_public,comtrade_au_m_jp_2022.json
AU,imports,JP,AU,2022,870324,ICE,2,reported,2643931.032,USD,un_comtrade_public,comtrade_au_m_jp_2022.json
AU,imports,JP,AU,2022,870324,ICE,10859,reported,325613416.841,USD,un_comtrade_public,comtrade_au_m_jp_2022.json
AU,imports,JP,AU,2022,870332,ICE,2248,reported,61861212.916,USD,un_comtrade_public,comtrade_au_m_jp_2022.json
AU,imports,JP,AU,2022,870332,ICE,2248,reported,61861212.916,USD,un_comtrade_public,comtrade_au_m_jp_2022.json
AU,imports,JP,AU,2022,870333,ICE,33512,reported,1300938249.26,USD,un_comtrade_public,comtrade_au_m_jp_2022.json
AU,imports,JP,AU,2022,870333,ICE,33512,reported,1300938249.26,USD,un_comtrade_public,comtrade_au_m_jp_2022.json
AU,imports,JP,AU,2022,870340,HEV,66893,reported,1308929358.496,USD,un_comtrade_public,comtrade_au_m_jp_2022.json
AU,imports,JP,AU,2022,870340,HEV,66893,reported,1308929358.496,USD,un_comtrade_public,comtrade_au_m_jp_2022.json
AU,imports,JP,AU,2022,870350,HEV,1,reported,3054.897,USD,un_comtrade_public,comtrade_au_m_jp_2022.json
AU,imports,JP,AU,2022,870350,HEV,1,reported,3054.897,USD,un_comtrade_public,comtrade_au_m_jp_2022.json
AU,imports,JP,AU,2022,870360,PHEV,413,reported,11762939.973,USD,un_comtrade_public,comtrade_au_m_jp_2022.json
AU,imports,JP,AU,2022,870360,PHEV,3,reported,131188.064,USD,un_comtrade_public,comtrade_au_m_jp_2022.json
AU,imports,JP,AU,2022,870360,PHEV,410,reported,11631751.909,USD,un_comtrade_public,comtrade_au_m_jp_2022.json
AU,imports,JP,AU,2022,870380,BEV,803,reported,14236379.167,USD,un_comtrade_public,comtrade_au_m_jp_2022.json
AU,imports,JP,AU,2022,870380,BEV,803,reported,14236379.167,USD,un_comtrade_public,comtrade_au_m_jp_2022.json
AU,imports,JP,AU,2022,870390,OTHER,62,reported,921943.944,USD,un_comtrade_public,comtrade_au_m_jp_2022.json
AU,imports,JP,AU,2022,870390,OTHER,62,reported,921943.944,USD,un_comtrade_public,comtrade_au_m_jp_2022.json
AU,imports,JP,AU,2023,870321,ICE,379,reported,3151283.799,USD,un_comtrade_public,comtrade_au_m_jp_2023.json
AU,imports,JP,AU,2023,870321,ICE,18,reported,2037.383,USD,un_comtrade_public,comtrade_au_m_jp_2023.json
AU,imports,JP,AU,2023,870321,ICE,361,reported,3149246.417,USD,un_comtrade_public,comtrade_au_m_jp_2023.json
AU,imports,JP,AU,2023,870322,ICE,25551,reported,394564427.237,USD,un_comtrade_public,comtrade_au_m_jp_2023.json
AU,imports,JP,AU,2023,870322,ICE,25551,reported,394564427.237,USD,un_comtrade_public,comtrade_au_m_jp_2023.json
AU,imports,JP,AU,2023,870323,ICE,198098,reported,3777733840.07,USD,un_comtrade_public,comtrade_au_m_jp_2023.json
AU,imports,JP,AU,2023,870323,ICE,14,reported,245318.34,USD,un_comtrade_public,comtrade_au_m_jp_2023.json
AU,imports,JP,AU,2023,870323,ICE,198084,reported,3777488521.73,USD,un_comtrade_public,comtrade_au_m_jp_2023.json
AU,imports,JP,AU,2023,870324,ICE,16578,reported,576557350.399,USD,un_comtrade_public,comtrade_au_m_jp_2023.json
AU,imports,JP,AU,2023,870324,ICE,16578,reported,576557350.399,USD,un_comtrade_public,comtrade_au_m_jp_2023.json
AU,imports,JP,AU,2023,870332,ICE,1825,reported,49864594.806,USD,un_comtrade_public,comtrade_au_m_jp_2023.json
AU,imports,JP,AU,2023,870332,ICE,1825,reported,49864594.806,USD,un_comtrade_public,comtrade_au_m_jp_2023.json
AU,imports,JP,AU,2023,870333,ICE,42142,reported,1673163185.15,USD,un_comtrade_public,comtrade_au_m_jp_2023.json
AU,imports,JP,AU,2023,870333,ICE,1,reported,33538.506,USD,un_comtrade_public,comtrade_au_m_jp_2023.json
AU,imports,JP,AU,2023,870333,ICE,42141,reported,1673129646.643,USD,un_comtrade_public,comtrade_au_m_jp_2023.json
AU,imports,JP,AU,2023,870340,HEV,88082,reported,1875771588.398,USD,un_comtrade_public,comtrade_au_m_jp_2023.json
AU,imports,JP,AU,2023,870340,HEV,2,reported,90354.481,USD,un_comtrade_public,comtrade_au_m_jp_2023.json
AU,imports,JP,AU,2023,870340,HEV,88080,reported,1875681233.918,USD,un_comtrade_public,comtrade_au_m_jp_2023.json
AU,imports,JP,AU,2023,870350,HEV,2,reported,62931.18,USD,un_comtrade_public,comtrade_au_m_jp_2023.json
AU,imports,JP,AU,2023,870350,HEV,2,reported,62931.18,USD,un_comtrade_public,comtrade_au_m_jp_2023.json
AU,imports,JP,AU,2023,870360,PHEV,3081,reported,95887754.707,USD,un_comtrade_public,comtrade_au_m_jp_2023.json
AU,imports,JP,AU,2023,870360,PHEV,3081,reported,95887754.707,USD,un_comtrade_public,comtrade_au_m_jp_2023.json
AU,imports,JP,AU,2023,870380,BEV,3284,reported,92309160.845,USD,un_comtrade_public,comtrade_au_m_jp_2023.json
AU,imports,JP,AU,2023,870380,BEV,1,reported,126311.898,USD,un_comtrade_public,comtrade_au_m_jp_2023.json
AU,imports,JP,AU,2023,870380,BEV,3283,reported,92182848.947,USD,un_comtrade_public,comtrade_au_m_jp_2023.json
AU,imports,JP,AU,2023,870390,OTHER,51,reported,563076.429,USD,un_comtrade_public,comtrade_au_m_jp_2023.json
AU,imports,JP,AU,2023,870390,OTHER,51,reported,563076.429,USD,un_comtrade_public,comtrade_au_m_jp_2023.json
AU,imports,JP,AU,2024,870321,ICE,422,reported,2890019.65,USD,un_comtrade_public,comtrade_au_m_jp_2024.json
AU,imports,JP,AU,2024,870321,ICE,422,reported,2890019.65,USD,un_comtrade_public,comtrade_au_m_jp_2024.json
AU,imports,JP,AU,2024,870322,ICE,22776,reported,346707296.017,USD,un_comtrade_public,comtrade_au_m_jp_2024.json
AU,imports,JP,AU,2024,870322,ICE,22776,reported,346707296.017,USD,un_comtrade_public,comtrade_au_m_jp_2024.json
AU,imports,JP,AU,2024,870323,ICE,178612,reported,3178634155.369,USD,un_comtrade_public,comtrade_au_m_jp_2024.json
AU,imports,JP,AU,2024,870323,ICE,2,reported,83521.694,USD,un_comtrade_public,comtrade_au_m_jp_2024.json
AU,imports,JP,AU,2024,870323,ICE,178610,reported,3178550633.676,USD,un_comtrade_public,comtrade_au_m_jp_2024.json
AU,imports,JP,AU,2024,870324,ICE,14710,reported,482427208.416,USD,un_comtrade_public,comtrade_au_m_jp_2024.json
AU,imports,JP,AU,2024,870324,ICE,2,reported,203544.213,USD,un_comtrade_public,comtrade_au_m_jp_2024.json
AU,imports,JP,AU,2024,870324,ICE,14708,reported,482223664.203,USD,un_comtrade_public,comtrade_au_m_jp_2024.json
AU,imports,JP,AU,2024,870331,ICE,7,reported,36378.828,USD,un_comtrade_public,comtrade_au_m_jp_2024.json
AU,imports,JP,AU,2024,870331,ICE,7,reported,36378.828,USD,un_comtrade_public,comtrade_au_m_jp_2024.json
AU,imports,JP,AU,2024,870332,ICE,138,reported,2099999.621,USD,un_comtrade_public,comtrade_au_m_jp_2024.json
AU,imports,JP,AU,2024,870332,ICE,138,reported,2099999.621,USD,un_comtrade_public,comtrade_au_m_jp_2024.json
AU,imports,JP,AU,2024,870333,ICE,24889,reported,1112689886.67,USD,un_comtrade_public,comtrade_au_m_jp_2024.json
AU,imports,JP,AU,2024,870333,ICE,24889,reported,1112689886.67,USD,un_comtrade_public,comtrade_au_m_jp_2024.json
AU,imports,JP,AU,2024,870340,HEV,127706,reported,2721924964.293,USD,un_comtrade_public,comtrade_au_m_jp_2024.json
AU,imports,JP,AU,2024,870340,HEV,127706,reported,2721924964.293,USD,un_comtrade_public,comtrade_au_m_jp_2024.json
AU,imports,JP,AU,2024,870350,HEV,1483,reported,54179338.274,USD,un_comtrade_public,comtrade_au_m_jp_2024.json
AU,imports,JP,AU,2024,870350,HEV,1483,reported,54179338.274,USD,un_comtrade_public,comtrade_au_m_jp_2024.json
AU,imports,JP,AU,2024,870360,PHEV,9957,reported,329482340.851,USD,un_comtrade_public,comtrade_au_m_jp_2024.json
AU,imports,JP,AU,2024,870360,PHEV,9957,reported,329482340.851,USD,un_comtrade_public,comtrade_au_m_jp_2024.json
AU,imports,JP,AU,2024,870380,BEV,6698,reported,183567367.023,USD,un_comtrade_public,comtrade_au_m_jp_2024.json
AU,imports,JP,AU,2024,870380,BEV,1,reported,32423.801,USD,un_comtrade_public,comtrade_au_m_jp_2024.json
AU,imports,JP,AU,2024,870380,BEV,6697,reported,183534943.223,USD,un_comtrade_public,comtrade_au_m_jp_2024.json
AU,imports,JP,AU,2024,870390,OTHER,39,reported,557003.076,USD,un_comtrade_public,comtrade_au_m_jp_2024.json
AU,imports,JP,AU,2024,870390,OTHER,10,reported,1207.774,USD,un_comtrade_public,comtrade_au_m_jp_2024.json
AU,imports,JP,AU,2024,870390,OTHER,29,reported,555795.302,USD,un_comtrade_public,comtrade_au_m_jp_2024.json
AU,imports,JP,AU,2025,870321,ICE,457,reported,3770722.49,USD,un_comtrade_public,comtrade_au_m_jp_2025.json
AU,imports,JP,AU,2025,870321,ICE,1,reported,950.878,USD,un_comtrade_public,comtrade_au_m_jp_2025.json
AU,imports,JP,AU,2025,870321,ICE,455,reported,3768547.036,USD,un_comtrade_public,comtrade_au_m_jp_2025.json
AU,imports,JP,AU,2025,870321,ICE,1,reported,1224.576,USD,un_comtrade_public,comtrade_au_m_jp_2025.json
AU,imports,JP,AU,2025,870322,ICE,17093,reported,261970030.64,USD,un_comtrade_public,comtrade_au_m_jp_2025.json
AU,imports,JP,AU,2025,870322,ICE,17093,reported,261970030.64,USD,un_comtrade_public,comtrade_au_m_jp_2025.json
AU,imports,JP,AU,2025,870323,ICE,121521,reported,2287741801.946,USD,un_comtrade_public,comtrade_au_m_jp_2025.json
AU,imports,JP,AU,2025,870323,ICE,4,reported,182724.043,USD,un_comtrade_public,comtrade_au_m_jp_2025.json
AU,imports,JP,AU,2025,870323,ICE,121517,reported,2287559077.903,USD,un_comtrade_public,comtrade_au_m_jp_2025.json
AU,imports,JP,AU,2025,870324,ICE,11976,reported,385400982.401,USD,un_comtrade_public,comtrade_au_m_jp_2025.json
AU,imports,JP,AU,2025,870324,ICE,6,reported,289560.943,USD,un_comtrade_public,comtrade_au_m_jp_2025.json
AU,imports,JP,AU,2025,870324,ICE,11970,reported,385111421.458,USD,un_comtrade_public,comtrade_au_m_jp_2025.json
AU,imports,JP,AU,2025,870331,ICE,12,reported,98724.992,USD,un_comtrade_public,comtrade_au_m_jp_2025.json
AU,imports,JP,AU,2025,870331,ICE,12,reported,98724.992,USD,un_comtrade_public,comtrade_au_m_jp_2025.json
AU,imports,JP,AU,2025,870332,ICE,132,reported,2262307.201,USD,un_comtrade_public,comtrade_au_m_jp_2025.json
AU,imports,JP,AU,2025,870332,ICE,1,reported,404109.014,USD,un_comtrade_public,comtrade_au_m_jp_2025.json
AU,imports,JP,AU,2025,870332,ICE,131,reported,1858198.187,USD,un_comtrade_public,comtrade_au_m_jp_2025.json
AU,imports,JP,AU,2025,870333,ICE,36785,reported,1507431612.294,USD,un_comtrade_public,comtrade_au_m_jp_2025.json
AU,imports,JP,AU,2025,870333,ICE,36785,reported,1507431612.294,USD,un_comtrade_public,comtrade_au_m_jp_2025.json
AU,imports,JP,AU,2025,870340,HEV,127594,reported,2700756491.317,USD,un_comtrade_public,comtrade_au_m_jp_2025.json
AU,imports,JP,AU,2025,870340,HEV,5,reported,146656.054,USD,un_comtrade_public,comtrade_au_m_jp_2025.json
AU,imports,JP,AU,2025,870340,HEV,127589,reported,2700609835.263,USD,un_comtrade_public,comtrade_au_m_jp_2025.json
AU,imports,JP,AU,2025,870350,HEV,1708,reported,56154478.927,USD,un_comtrade_public,comtrade_au_m_jp_2025.json
AU,imports,JP,AU,2025,870350,HEV,1708,reported,56154478.927,USD,un_comtrade_public,comtrade_au_m_jp_2025.json
AU,imports,JP,AU,2025,870360,PHEV,7846,reported,268450138.654,USD,un_comtrade_public,comtrade_au_m_jp_2025.json
AU,imports,JP,AU,2025,870360,PHEV,3,reported,116929.421,USD,un_comtrade_public,comtrade_au_m_jp_2025.json
AU,imports,JP,AU,2025,870360,PHEV,7843,reported,268333209.233,USD,un_comtrade_public,comtrade_au_m_jp_2025.json
AU,imports,JP,AU,2025,870370,PHEV,1,reported,6005.085,USD,un_comtrade_public,comtrade_au_m_jp_2025.json
AU,imports,JP,AU,2025,870370,PHEV,1,reported,6005.085,USD,un_comtrade_public,comtrade_au_m_jp_2025.json
AU,imports,JP,AU,2025,870380,BEV,6501,reported,184000631.655,USD,un_comtrade_public,comtrade_au_m_jp_2025.json
AU,imports,JP,AU,2025,870380,BEV,1,reported,78004.99,USD,un_comtrade_public,comtrade_au_m_jp_2025.json
AU,imports,JP,AU,2025,870380,BEV,6500,reported,183922626.665,USD,un_comtrade_public,comtrade_au_m_jp_2025.json
AU,imports,JP,AU,2025,870390,OTHER,12,reported,276619.209,USD,un_comtrade_public,comtrade_au_m_jp_2025.json
AU,imports,JP,AU,2025,870390,OTHER,12,reported,276619.209,USD,un_comtrade_public,comtrade_au_m_jp_2025.json
JP,exports,JP,AU,2022,870321,ICE,841,reported,9299758.548,USD,un_comtrade_public,comtrade_jp_x_au_2022.json
JP,exports,JP,AU,2022,870322,ICE,29293,reported,424329741.741,USD,un_comtrade_public,comtrade_jp_x_au_2022.json
JP,exports,JP,AU,2022,870323,ICE,174095,reported,3149836701.584,USD,un_comtrade_public,comtrade_jp_x_au_2022.json
JP,exports,JP,AU,2022,870324,ICE,9994,reported,298841028.781,USD,un_comtrade_public,comtrade_jp_x_au_2022.json
JP,exports,JP,AU,2022,870332,ICE,2405,reported,63135848.693,USD,un_comtrade_public,comtrade_jp_x_au_2022.json
JP,exports,JP,AU,2022,870333,ICE,33800,reported,1274426667.55,USD,un_comtrade_public,comtrade_jp_x_au_2022.json
JP,exports,JP,AU,2022,870340,HEV,68971,reported,1275532683.15,USD,un_comtrade_public,comtrade_jp_x_au_2022.json
JP,exports,JP,AU,2022,870350,HEV,1,reported,8996.325,USD,un_comtrade_public,comtrade_jp_x_au_2022.json
JP,exports,JP,AU,2022,870360,PHEV,1515,reported,38700036.351,USD,un_comtrade_public,comtrade_jp_x_au_2022.json
JP,exports,JP,AU,2022,870380,BEV,1304,reported,22424901.85,USD,un_comtrade_public,comtrade_jp_x_au_2022.json
JP,exports,JP,AU,2022,870390,OTHER,188,reported,4289102.322,USD,un_comtrade_public,comtrade_jp_x_au_2022.json
JP,exports,JP,AU,2023,870321,ICE,893,reported,9150878.852,USD,un_comtrade_public,comtrade_jp_x_au_2023.json
JP,exports,JP,AU,2023,870322,ICE,31262,reported,436969113.225,USD,un_comtrade_public,comtrade_jp_x_au_2023.json
JP,exports,JP,AU,2023,870323,ICE,178841,reported,3337424442.022,USD,un_comtrade_public,comtrade_jp_x_au_2023.json
JP,exports,JP,AU,2023,870324,ICE,16593,reported,569487946.726,USD,un_comtrade_public,comtrade_jp_x_au_2023.json
JP,exports,JP,AU,2023,870332,ICE,1644,reported,44069624.49,USD,un_comtrade_public,comtrade_jp_x_au_2023.json
JP,exports,JP,AU,2023,870333,ICE,41701,reported,1610779049.973,USD,un_comtrade_public,comtrade_jp_x_au_2023.json
JP,exports,JP,AU,2023,870340,HEV,93314,reported,1829383172.812,USD,un_comtrade_public,comtrade_jp_x_au_2023.json
JP,exports,JP,AU,2023,870350,HEV,4,reported,252947.724,USD,un_comtrade_public,comtrade_jp_x_au_2023.json
JP,exports,JP,AU,2023,870360,PHEV,7362,reported,218826908.097,USD,un_comtrade_public,comtrade_jp_x_au_2023.json
JP,exports,JP,AU,2023,870380,BEV,5927,reported,150961015.052,USD,un_comtrade_public,comtrade_jp_x_au_2023.json
JP,exports,JP,AU,2023,870390,OTHER,82,reported,1677942.514,USD,un_comtrade_public,comtrade_jp_x_au_2023.json
JP,exports,JP,AU,2024,870321,ICE,471,reported,4010106.398,USD,un_comtrade_public,comtrade_jp_x_au_2024.json
JP,exports,JP,AU,2024,870322,ICE,26742,reported,374454763.129,USD,un_comtrade_public,comtrade_jp_x_au_2024.json
JP,exports,JP,AU,2024,870323,ICE,155226,reported,2691413937.748,USD,un_comtrade_public,comtrade_jp_x_au_2024.json
JP,exports,JP,AU,2024,870324,ICE,13859,reported,456043474.414,USD,un_comtrade_public,comtrade_jp_x_au_2024.json
JP,exports,JP,AU,2024,870332,ICE,99,reported,1311328.807,USD,un_comtrade_public,comtrade_jp_x_au_2024.json
JP,exports,JP,AU,2024,870333,ICE,27919,reported,1193148682.896,USD,un_comtrade_public,comtrade_jp_x_au_2024.json
JP,exports,JP,AU,2024,870340,HEV,140317,reported,2839617506.293,USD,un_comtrade_public,comtrade_jp_x_au_2024.json
JP,exports,JP,AU,2024,870350,HEV,2,reported,17863.949,USD,un_comtrade_public,comtrade_jp_x_au_2024.json
JP,exports,JP,AU,2024,870360,PHEV,14197,reported,423814175.404,USD,un_comtrade_public,comtrade_jp_x_au_2024.json
JP,exports,JP,AU,2024,870380,BEV,6369,reported,162283240.755,USD,un_comtrade_public,comtrade_jp_x_au_2024.json
JP,exports,JP,AU,2024,870390,OTHER,49,reported,929500.111,USD,un_comtrade_public,comtrade_jp_x_au_2024.json
JP,exports,JP,AU,2025,870321,ICE,397,reported,3134526.492,USD,un_comtrade_public,comtrade_jp_x_au_2025.json
JP,exports,JP,AU,2025,870322,ICE,7309,reported,96558242.967,USD,un_comtrade_public,comtrade_jp_x_au_2025.json
JP,exports,JP,AU,2025,870323,ICE,113694,reported,2085192490.715,USD,un_comtrade_public,comtrade_jp_x_au_2025.json
JP,exports,JP,AU,2025,870324,ICE,14512,reported,463627512.705,USD,un_comtrade_public,comtrade_jp_x_au_2025.json
JP,exports,JP,AU,2025,870332,ICE,116,reported,2021530.33,USD,un_comtrade_public,comtrade_jp_x_au_2025.json
JP,exports,JP,AU,2025,870333,ICE,37929,reported,1510377522.672,USD,un_comtrade_public,comtrade_jp_x_au_2025.json
JP,exports,JP,AU,2025,870340,HEV,131204,reported,2571807904.259,USD,un_comtrade_public,comtrade_jp_x_au_2025.json
JP,exports,JP,AU,2025,870360,PHEV,9491,reported,322177324.39,USD,un_comtrade_public,comtrade_jp_x_au_2025.json
JP,exports,JP,AU,2025,870380,BEV,7028,reported,187985614.785,USD,un_comtrade_public,comtrade_jp_x_au_2025.json
JP,exports,JP,AU,2025,870390,OTHER,28,reported,594373.956,USD,un_comtrade_public,comtrade_jp_x_au_2025.json
BE,imports,JP,BE,2022,870321,ICE,,not_reported,969469.0,EUR,eurostat_comext_ds045409,comext_imports_jp.json
BE,imports,JP,BE,2022,870322,ICE,,not_reported,278348891.0,EUR,eurostat_comext_ds045409,comext_imports_jp.json
BE,imports,JP,BE,2022,870323,ICE,,not_reported,1029390268.0,EUR,eurostat_comext_ds045409,comext_imports_jp.json
BE,imports,JP,BE,2022,870324,ICE,,not_reported,15488926.0,EUR,eurostat_comext_ds045409,comext_imports_jp.json
BE,imports,JP,BE,2022,870331,ICE,,not_reported,26500.0,EUR,eurostat_comext_ds045409,comext_imports_jp.json
BE,imports,JP,BE,2022,870332,ICE,,not_reported,89564181.0,EUR,eurostat_comext_ds045409,comext_imports_jp.json
BE,imports,JP,BE,2022,870333,ICE,,not_reported,258038963.0,EUR,eurostat_comext_ds045409,comext_imports_jp.json
BE,imports,JP,BE,2022,870340,HEV,,not_reported,1869546499.0,EUR,eurostat_comext_ds045409,comext_imports_jp.json
BE,imports,JP,BE,2022,870360,PHEV,,not_reported,784313586.0,EUR,eurostat_comext_ds045409,comext_imports_jp.json
BE,imports,JP,BE,2022,870380,BEV,,not_reported,226455019.0,EUR,eurostat_comext_ds045409,comext_imports_jp.json
BE,imports,JP,BE,2023,870321,ICE,,not_reported,878740.0,EUR,eurostat_comext_ds045409,comext_imports_jp.json
BE,imports,JP,BE,2023,870322,ICE,,not_reported,184771182.0,EUR,eurostat_comext_ds045409,comext_imports_jp.json
BE,imports,JP,BE,2023,870323,ICE,,not_reported,1215183927.0,EUR,eurostat_comext_ds045409,comext_imports_jp.json
BE,imports,JP,BE,2023,870324,ICE,,not_reported,19094358.0,EUR,eurostat_comext_ds045409,comext_imports_jp.json
BE,imports,JP,BE,2023,870331,ICE,,not_reported,66169.0,EUR,eurostat_comext_ds045409,comext_imports_jp.json
BE,imports,JP,BE,2023,870332,ICE,,not_reported,93281775.0,EUR,eurostat_comext_ds045409,comext_imports_jp.json
BE,imports,JP,BE,2023,870333,ICE,,not_reported,383502193.0,EUR,eurostat_comext_ds045409,comext_imports_jp.json
BE,imports,JP,BE,2023,870340,HEV,,not_reported,2389536567.0,EUR,eurostat_comext_ds045409,comext_imports_jp.json
BE,imports,JP,BE,2023,870360,PHEV,,not_reported,1071139432.0,EUR,eurostat_comext_ds045409,comext_imports_jp.json
BE,imports,JP,BE,2023,870380,BEV,,not_reported,642591990.0,EUR,eurostat_comext_ds045409,comext_imports_jp.json
BE,imports,JP,BE,2023,870390,OTHER,,not_reported,954857.0,EUR,eurostat_comext_ds045409,comext_imports_jp.json
BE,imports,JP,BE,2024,870321,ICE,,not_reported,151311.0,EUR,eurostat_comext_ds045409,comext_imports_jp.json
BE,imports,JP,BE,2024,870322,ICE,,not_reported,196676072.0,EUR,eurostat_comext_ds045409,comext_imports_jp.json
BE,imports,JP,BE,2024,870323,ICE,,not_reported,1217081161.0,EUR,eurostat_comext_ds045409,comext_imports_jp.json
BE,imports,JP,BE,2024,870324,ICE,,not_reported,30084021.0,EUR,eurostat_comext_ds045409,comext_imports_jp.json
BE,imports,JP,BE,2024,870331,ICE,,not_reported,515780.0,EUR,eurostat_comext_ds045409,comext_imports_jp.json
BE,imports,JP,BE,2024,870332,ICE,,not_reported,42839731.0,EUR,eurostat_comext_ds045409,comext_imports_jp.json
BE,imports,JP,BE,2024,870333,ICE,,not_reported,490474931.0,EUR,eurostat_comext_ds045409,comext_imports_jp.json
BE,imports,JP,BE,2024,870340,HEV,,not_reported,3020033775.0,EUR,eurostat_comext_ds045409,comext_imports_jp.json
BE,imports,JP,BE,2024,870350,HEV,,not_reported,113934.0,EUR,eurostat_comext_ds045409,comext_imports_jp.json
BE,imports,JP,BE,2024,870360,PHEV,,not_reported,743783059.0,EUR,eurostat_comext_ds045409,comext_imports_jp.json
BE,imports,JP,BE,2024,870380,BEV,,not_reported,429079011.0,EUR,eurostat_comext_ds045409,comext_imports_jp.json
BE,imports,JP,BE,2024,870390,OTHER,,not_reported,16393.0,EUR,eurostat_comext_ds045409,comext_imports_jp.json
BE,imports,JP,BE,2025,870321,ICE,,not_reported,17378.0,EUR,eurostat_comext_ds045409,comext_imports_jp.json
BE,imports,JP,BE,2025,870322,ICE,,not_reported,88509062.0,EUR,eurostat_comext_ds045409,comext_imports_jp.json
BE,imports,JP,BE,2025,870323,ICE,,not_reported,770744466.0,EUR,eurostat_comext_ds045409,comext_imports_jp.json
BE,imports,JP,BE,2025,870324,ICE,,not_reported,6597077.0,EUR,eurostat_comext_ds045409,comext_imports_jp.json
BE,imports,JP,BE,2025,870331,ICE,,not_reported,106247.0,EUR,eurostat_comext_ds045409,comext_imports_jp.json
BE,imports,JP,BE,2025,870332,ICE,,not_reported,39735.0,EUR,eurostat_comext_ds045409,comext_imports_jp.json
BE,imports,JP,BE,2025,870333,ICE,,not_reported,574250175.0,EUR,eurostat_comext_ds045409,comext_imports_jp.json
BE,imports,JP,BE,2025,870340,HEV,,not_reported,2526690146.0,EUR,eurostat_comext_ds045409,comext_imports_jp.json
BE,imports,JP,BE,2025,870360,PHEV,,not_reported,1374635682.0,EUR,eurostat_comext_ds045409,comext_imports_jp.json
BE,imports,JP,BE,2025,870380,BEV,,not_reported,514134129.0,EUR,eurostat_comext_ds045409,comext_imports_jp.json
BG,imports,JP,BG,2022,870321,ICE,,not_reported,10276.0,EUR,eurostat_comext_ds045409,comext_imports_jp.json
BG,imports,JP,BG,2022,870322,ICE,,not_reported,650286.0,EUR,eurostat_comext_ds045409,comext_imports_jp.json
BG,imports,JP,BG,2022,870323,ICE,,not_reported,3393715.0,EUR,eurostat_comext_ds045409,comext_imports_jp.json
BG,imports,JP,BG,2022,870324,ICE,,not_reported,421115.0,EUR,eurostat_comext_ds045409,comext_imports_jp.json
BG,imports,JP,BG,2022,870333,ICE,,not_reported,7693216.0,EUR,eurostat_comext_ds045409,comext_imports_jp.json
BG,imports,JP,BG,2022,870340,HEV,,not_reported,18592612.0,EUR,eurostat_comext_ds045409,comext_imports_jp.json
BG,imports,JP,BG,2022,870360,PHEV,,not_reported,2622634.0,EUR,eurostat_comext_ds045409,comext_imports_jp.json
BG,imports,JP,BG,2022,870380,BEV,,not_reported,871738.0,EUR,eurostat_comext_ds045409,comext_imports_jp.json
BG,imports,JP,BG,2023,870321,ICE,,not_reported,10368.0,EUR,eurostat_comext_ds045409,comext_imports_jp.json
BG,imports,JP,BG,2023,870323,ICE,,not_reported,3649729.0,EUR,eurostat_comext_ds045409,comext_imports_jp.json
BG,imports,JP,BG,2023,870324,ICE,,not_reported,747996.0,EUR,eurostat_comext_ds045409,comext_imports_jp.json
BG,imports,JP,BG,2023,870333,ICE,,not_reported,6931845.0,EUR,eurostat_comext_ds045409,comext_imports_jp.json
BG,imports,JP,BG,2023,870340,HEV,,not_reported,21726264.0,EUR,eurostat_comext_ds045409,comext_imports_jp.json
BG,imports,JP,BG,2023,870360,PHEV,,not_reported,9959258.0,EUR,eurostat_comext_ds045409,comext_imports_jp.json
BG,imports,JP,BG,2023,870380,BEV,,not_reported,2885902.0,EUR,eurostat_comext_ds045409,comext_imports_jp.json
BG,imports,JP,BG,2024,870321,ICE,,not_reported,7033.0,EUR,eurostat_comext_ds045409,comext_imports_jp.json
BG,imports,JP,BG,2024,870322,ICE,,not_reported,235465.0,EUR,eurostat_comext_ds045409,comext_imports_jp.json
BG,imports,JP,BG,2024,870323,ICE,,not_reported,2369577.0,EUR,eurostat_comext_ds045409,comext_imports_jp.json
BG,imports,JP,BG,2024,870324,ICE,,not_reported,1311157.0,EUR,eurostat_comext_ds045409,comext_imports_jp.json
BG,imports,JP,BG,2024,870331,ICE,,not_reported,21480.0,EUR,eurostat_comext_ds045409,comext_imports_jp.json
BG,imports,JP,BG,2024,870332,ICE,,not_reported,404962.0,EUR,eurostat_comext_ds045409,comext_imports_jp.json
BG,imports,JP,BG,2024,870333,ICE,,not_reported,7268360.0,EUR,eurostat_comext_ds045409,comext_imports_jp.json
BG,imports,JP,BG,2024,870340,HEV,,not_reported,30917946.0,EUR,eurostat_comext_ds045409,comext_imports_jp.json
BG,imports,JP,BG,2024,870360,PHEV,,not_reported,8932210.0,EUR,eurostat_comext_ds045409,comext_imports_jp.json
BG,imports,JP,BG,2024,870370,PHEV,,not_reported,6519.0,EUR,eurostat_comext_ds045409,comext_imports_jp.json
BG,imports,JP,BG,2024,870380,BEV,,not_reported,350267.0,EUR,eurostat_comext_ds045409,comext_imports_jp.json
BG,imports,JP,BG,2025,870321,ICE,,not_reported,37694.0,EUR,eurostat_comext_ds045409,comext_imports_jp.json
BG,imports,JP,BG,2025,870322,ICE,,not_reported,178053.0,EUR,eurostat_comext_ds045409,comext_imports_jp.json
BG,imports,JP,BG,2025,870323,ICE,,not_reported,1572452.0,EUR,eurostat_comext_ds045409,comext_imports_jp.json
BG,imports,JP,BG,2025,870324,ICE,,not_reported,1240778.0,EUR,eurostat_comext_ds045409,comext_imports_jp.json
BG,imports,JP,BG,2025,870331,ICE,,not_reported,18232.0,EUR,eurostat_comext_ds045409,comext_imports_jp.json
BG,imports,JP,BG,2025,870332,ICE,,not_reported,321379.0,EUR,eurostat_comext_ds045409,comext_imports_jp.json
BG,imports,JP,BG,2025,870333,ICE,,not_reported,9238703.0,EUR,eurostat_comext_ds045409,comext_imports_jp.json
BG,imports,JP,BG,2025,870340,HEV,,not_reported,30916172.0,EUR,eurostat_comext_ds045409,comext_imports_jp.json
BG,imports,JP,BG,2025,870360,PHEV,,not_reported,15346310.0,EUR,eurostat_comext_ds045409,comext_imports_jp.json
BG,imports,JP,BG,2025,870370,PHEV,,not_reported,8325.0,EUR,eurostat_comext_ds045409,comext_imports_jp.json
BG,imports,JP,BG,2025,870380,BEV,,not_reported,822747.0,EUR,eurostat_comext_ds045409,comext_imports_jp.json
CY,imports,JP,CY,2022,870321,ICE,,not_reported,1920924.0,EUR,eurostat_comext_ds045409,comext_imports_jp.json
CY,imports,JP,CY,2022,870322,ICE,,not_reported,50954775.0,EUR,eurostat_comext_ds045409,comext_imports_jp.json
CY,imports,JP,CY,2022,870323,ICE,,not_reported,23404328.0,EUR,eurostat_comext_ds045409,comext_imports_jp.json
CY,imports,JP,CY,2022,870324,ICE,,not_reported,433919.0,EUR,eurostat_comext_ds045409,comext_imports_jp.json
CY,imports,JP,CY,2022,870331,ICE,,not_reported,989124.0,EUR,eurostat_comext_ds045409,comext_imports_jp.json
CY,imports,JP,CY,2022,870332,ICE,,not_reported,5138785.0,EUR,eurostat_comext_ds045409,comext_imports_jp.json
CY,imports,JP,CY,2022,870333,ICE,,not_reported,2070167.0,EUR,eurostat_comext_ds045409,comext_imports_jp.json
CY,imports,JP,CY,2022,870340,HEV,,not_reported,16194832.0,EUR,eurostat_comext_ds045409,comext_imports_jp.json
CY,imports,JP,CY,2022,870350,HEV,,not_reported,7409.0,EUR,eurostat_comext_ds045409,comext_imports_jp.json
CY,imports,JP,CY,2022,870360,PHEV,,not_reported,656212.0,EUR,eurostat_comext_ds045409,comext_imports_jp.json
CY,imports,JP,CY,2022,870380,BEV,,not_reported,624323.0,EUR,eurostat_comext_ds045409,comext_imports_jp.json
CY,imports,JP,CY,2023,870321,ICE,,not_reported,6768247.0,EUR,eurostat_comext_ds045409,comext_imports_jp.json
CY,imports,JP,CY,2023,870322,ICE,,not_reported,85034831.0,EUR,eurostat_comext_ds045409,comext_imports_jp.json
CY,imports,JP,CY,2023,870323,ICE,,not_reported,70323442.0,EUR,eurostat_comext_ds045409,comext_imports_jp.json
CY,imports,JP,CY,2023,870324,ICE,,not_reported,1365290.0,EUR,eurostat_comext_ds045409,comext_imports_jp.json
CY,imports,JP,CY,2023,870331,ICE,,not_reported,644938.0,EUR,eurostat_comext_ds045409,comext_imports_jp.json
CY,imports,JP,CY,2023,870332,ICE,,not_reported,11442149.0,EUR,eurostat_comext_ds045409,comext_imports_jp.json
CY,imports,JP,CY,2023,870333,ICE,,not_reported,2909897.0,EUR,eurostat_comext_ds045409,comext_imports_jp.json
CY,imports,JP,CY,2023,870340,HEV,,not_reported,33296845.0,EUR,eurostat_comext_ds045409,comext_imports_jp.json
CY,imports,JP,CY,2023,870350,HEV,,not_reported,76025.0,EUR,eurostat_comext_ds045409,comext_imports_jp.json
CY,imports,JP,CY,2023,870360,PHEV,,not_reported,699821.0,EUR,eurostat_comext_ds045409,comext_imports_jp.json
CY,imports,JP,CY,2023,870380,BEV,,not_reported,2803209.0,EUR,eurostat_comext_ds045409,comext_imports_jp.json
CY,imports,JP,CY,2024,870321,ICE,,not_reported,2973042.0,EUR,eurostat_comext_ds045409,comext_imports_jp.json
CY,imports,JP,CY,2024,870322,ICE,,not_reported,75489592.0,EUR,eurostat_comext_ds045409,comext_imports_jp.json
CY,imports,JP,CY,2024,870323,ICE,,not_reported,73890434.0,EUR,eurostat_comext_ds045409,comext_imports_jp.json
CY,imports,JP,CY,2024,870324,ICE,,not_reported,3763040.0,EUR,eurostat_comext_ds045409,comext_imports_jp.json
CY,imports,JP,CY,2024,870331,ICE,,not_reported,494569.0,EUR,eurostat_comext_ds045409,comext_imports_jp.json
CY,imports,JP,CY,2024,870332,ICE,,not_reported,11036349.0,EUR,eurostat_comext_ds045409,comext_imports_jp.json
CY,imports,JP,CY,2024,870333,ICE,,not_reported,5281137.0,EUR,eurostat_comext_ds045409,comext_imports_jp.json
CY,imports,JP,CY,2024,870340,HEV,,not_reported,32776758.0,EUR,eurostat_comext_ds045409,comext_imports_jp.json
CY,imports,JP,CY,2024,870350,HEV,,not_reported,89218.0,EUR,eurostat_comext_ds045409,comext_imports_jp.json
CY,imports,JP,CY,2024,870360,PHEV,,not_reported,388918.0,EUR,eurostat_comext_ds045409,comext_imports_jp.json
CY,imports,JP,CY,2024,870380,BEV,,not_reported,7171619.0,EUR,eurostat_comext_ds045409,comext_imports_jp.json
CY,imports,JP,CY,2025,870321,ICE,,not_reported,2988764.0,EUR,eurostat_comext_ds045409,comext_imports_jp.json
CY,imports,JP,CY,2025,870322,ICE,,not_reported,111875269.0,EUR,eurostat_comext_ds045409,comext_imports_jp.json
CY,imports,JP,CY,2025,870323,ICE,,not_reported,103016187.0,EUR,eurostat_comext_ds045409,comext_imports_jp.json
CY,imports,JP,CY,2025,870324,ICE,,not_reported,3063901.0,EUR,eurostat_comext_ds045409,comext_imports_jp.json
CY,imports,JP,CY,2025,870331,ICE,,not_reported,369138.0,EUR,eurostat_comext_ds045409,comext_imports_jp.json
CY,imports,JP,CY,2025,870332,ICE,,not_reported,15938965.0,EUR,eurostat_comext_ds045409,comext_imports_jp.json
CY,imports,JP,CY,2025,870333,ICE,,not_reported,8671841.0,EUR,eurostat_comext_ds045409,comext_imports_jp.json
CY,imports,JP,CY,2025,870340,HEV,,not_reported,41240054.0,EUR,eurostat_comext_ds045409,comext_imports_jp.json
CY,imports,JP,CY,2025,870350,HEV,,not_reported,175752.0,EUR,eurostat_comext_ds045409,comext_imports_jp.json
CY,imports,JP,CY,2025,870360,PHEV,,not_reported,768858.0,EUR,eurostat_comext_ds045409,comext_imports_jp.json
CY,imports,JP,CY,2025,870370,PHEV,,not_reported,15767.0,EUR,eurostat_comext_ds045409,comext_imports_jp.json
CY,imports,JP,CY,2025,870380,BEV,,not_reported,8315783.0,EUR,eurostat_comext_ds045409,comext_imports_jp.json
CZ,imports,JP,CZ,2022,870321,ICE,,not_reported,2036.0,EUR,eurostat_comext_ds045409,comext_imports_jp.json
CZ,imports,JP,CZ,2022,870322,ICE,,not_reported,142067.0,EUR,eurostat_comext_ds045409,comext_imports_jp.json
CZ,imports,JP,CZ,2022,870323,ICE,,not_reported,9609749.0,EUR,eurostat_comext_ds045409,comext_imports_jp.json
CZ,imports,JP,CZ,2022,870324,ICE,,not_reported,4167114.0,EUR,eurostat_comext_ds045409,comext_imports_jp.json
CZ,imports,JP,CZ,2022,870331,ICE,,not_reported,1394.0,EUR,eurostat_comext_ds045409,comext_imports_jp.json
CZ,imports,JP,CZ,2022,870332,ICE,,not_reported,125237.0,EUR,eurostat_comext_ds045409,comext_imports_jp.json
CZ,imports,JP,CZ,2022,870333,ICE,,not_reported,9336345.0,EUR,eurostat_comext_ds045409,comext_imports_jp.json
CZ,imports,JP,CZ,2022,870340,HEV,,not_reported,64362791.0,EUR,eurostat_comext_ds045409,comext_imports_jp.json
CZ,imports,JP,CZ,2022,870360,PHEV,,not_reported,18659040.0,EUR,eurostat_comext_ds045409,comext_imports_jp.json
CZ,imports,JP,CZ,2022,870380,BEV,,not_reported,1732500.0,EUR,eurostat_comext_ds045409,comext_imports_jp.json
CZ,imports,JP,CZ,2023,870321,ICE,,not_reported,1847.0,EUR,eurostat_comext_ds045409,comext_imports_jp.json
CZ,imports,JP,CZ,2023,870322,ICE,,not_reported,71720.0,EUR,eurostat_comext_ds045409,comext_imports_jp.json
CZ,imports,JP,CZ,2023,870323,ICE,,not_reported,30006091.0,EUR,eurostat_comext_ds045409,comext_imports_jp.json
CZ,imports,JP,CZ,2023,870324,ICE,,not_reported,8839475.0,EUR,eurostat_comext_ds045409,comext_imports_jp.json
CZ,imports,JP,CZ,2023,870331,ICE,,not_reported,5392.0,EUR,eurostat_comext_ds045409,comext_imports_jp.json
CZ,imports,JP,CZ,2023,870332,ICE,,not_reported,68883.0,EUR,eurostat_comext_ds045409,comext_imports_jp.json
CZ,imports,JP,CZ,2023,870333,ICE,,not_reported,39650124.0,EUR,eurostat_comext_ds045409,comext_imports_jp.json
CZ,imports,JP,CZ,2023,870340,HEV,,not_reported,284591654.0,EUR,eurostat_comext_ds045409,comext_imports_jp.json
CZ,imports,JP,CZ,2023,870360,PHEV,,not_reported,72196516.0,EUR,eurostat_comext_ds045409,comext_imports_jp.json
CZ,imports,JP,CZ,2023,870380,BEV,,not_reported,13868704.0,EUR,eurostat_comext_ds045409,comext_imports_jp.json
CZ,imports,JP,CZ,2024,870321,ICE,,not_reported,40653.0,EUR,eurostat_comext_ds045409,comext_imports_jp.json
CZ,imports,JP,CZ,2024,870322,ICE,,not_reported,19608.0,EUR,eurostat_comext_ds045409,comext_imports_jp.json
CZ,imports,JP,CZ,2024,870323,ICE,,not_reported,15923895.0,EUR,eurostat_comext_ds045409,comext_imports_jp.json
CZ,imports,JP,CZ,2024,870324,ICE,,not_reported,5875199.0,EUR,eurostat_comext_ds045409,comext_imports_jp.json
CZ,imports,JP,CZ,2024,870331,ICE,,not_reported,7880.0,EUR,eurostat_comext_ds045409,comext_imports_jp.json
CZ,imports,JP,CZ,2024,870332,ICE,,not_reported,65502.0,EUR,eurostat_comext_ds045409,comext_imports_jp.json
CZ,imports,JP,CZ,2024,870333,ICE,,not_reported,31031770.0,EUR,eurostat_comext_ds045409,comext_imports_jp.json
CZ,imports,JP,CZ,2024,870340,HEV,,not_reported,374270662.0,EUR,eurostat_comext_ds045409,comext_imports_jp.json
CZ,imports,JP,CZ,2024,870360,PHEV,,not_reported,63005246.0,EUR,eurostat_comext_ds045409,comext_imports_jp.json
CZ,imports,JP,CZ,2024,870380,BEV,,not_reported,8779472.0,EUR,eurostat_comext_ds045409,comext_imports_jp.json
CZ,imports,JP,CZ,2025,870321,ICE,,not_reported,27527.0,EUR,eurostat_comext_ds045409,comext_imports_jp.json
CZ,imports,JP,CZ,2025,870322,ICE,,not_reported,134741.0,EUR,eurostat_comext_ds045409,comext_imports_jp.json
CZ,imports,JP,CZ,2025,870323,ICE,,not_reported,4960721.0,EUR,eurostat_comext_ds045409,comext_imports_jp.json
CZ,imports,JP,CZ,2025,870324,ICE,,not_reported,3889001.0,EUR,eurostat_comext_ds045409,comext_imports_jp.json
CZ,imports,JP,CZ,2025,870331,ICE,,not_reported,1503.0,EUR,eurostat_comext_ds045409,comext_imports_jp.json
CZ,imports,JP,CZ,2025,870332,ICE,,not_reported,27688.0,EUR,eurostat_comext_ds045409,comext_imports_jp.json
CZ,imports,JP,CZ,2025,870333,ICE,,not_reported,61433005.0,EUR,eurostat_comext_ds045409,comext_imports_jp.json
CZ,imports,JP,CZ,2025,870340,HEV,,not_reported,380526036.0,EUR,eurostat_comext_ds045409,comext_imports_jp.json
CZ,imports,JP,CZ,2025,870360,PHEV,,not_reported,90901157.0,EUR,eurostat_comext_ds045409,comext_imports_jp.json
CZ,imports,JP,CZ,2025,870380,BEV,,not_reported,22683417.0,EUR,eurostat_comext_ds045409,comext_imports_jp.json
DE,imports,JP,DE,2022,870321,ICE,,not_reported,281924.0,EUR,eurostat_comext_ds045409,comext_imports_jp.json
DE,imports,JP,DE,2022,870322,ICE,,not_reported,97774561.0,EUR,eurostat_comext_ds045409,comext_imports_jp.json
DE,imports,JP,DE,2022,870323,ICE,,not_reported,12030168.0,EUR,eurostat_comext_ds045409,comext_imports_jp.json
DE,imports,JP,DE,2022,870324,ICE,,not_reported,34964415.0,EUR,eurostat_comext_ds045409,comext_imports_jp.json
DE,imports,JP,DE,2022,870331,ICE,,not_reported,406328.0,EUR,eurostat_comext_ds045409,comext_imports_jp.json
DE,imports,JP,DE,2022,870332,ICE,,not_reported,1942262.0,EUR,eurostat_comext_ds045409,comext_imports_jp.json
DE,imports,JP,DE,2022,870333,ICE,,not_reported,17262774.0,EUR,eurostat_comext_ds045409,comext_imports_jp.json
DE,imports,JP,DE,2022,870340,HEV,,not_reported,3066088.0,EUR,eurostat_comext_ds045409,comext_imports_jp.json
DE,imports,JP,DE,2022,870350,HEV,,not_reported,1134.0,EUR,eurostat_comext_ds045409,comext_imports_jp.json
DE,imports,JP,DE,2022,870360,PHEV,,not_reported,448374817.0,EUR,eurostat_comext_ds045409,comext_imports_jp.json
DE,imports,JP,DE,2022,870380,BEV,,not_reported,726081.0,EUR,eurostat_comext_ds045409,comext_imports_jp.json
DE,imports,JP,DE,2022,870390,OTHER,,not_reported,28489.0,EUR,eurostat_comext_ds045409,comext_imports_jp.json
DE,imports,JP,DE,2023,870321,ICE,,not_reported,467371.0,EUR,eurostat_comext_ds045409,comext_imports_jp.json
DE,imports,JP,DE,2023,870322,ICE,,not_reported,130707721.0,EUR,eurostat_comext_ds045409,comext_imports_jp.json
DE,imports,JP,DE,2023,870323,ICE,,not_reported,17570913.0,EUR,eurostat_comext_ds045409,comext_imports_jp.json
DE,imports,JP,DE,2023,870324,ICE,,not_reported,30276653.0,EUR,eurostat_comext_ds045409,comext_imports_jp.json
DE,imports,JP,DE,2023,870331,ICE,,not_reported,416344.0,EUR,eurostat_comext_ds045409,comext_imports_jp.json
DE,imports,JP,DE,2023,870332,ICE,,not_reported,5363261.0,EUR,eurostat_comext_ds045409,comext_imports_jp.json
DE,imports,JP,DE,2023,870333,ICE,,not_reported,8606331.0,EUR,eurostat_comext_ds045409,comext_imports_jp.json
DE,imports,JP,DE,2023,870340,HEV,,not_reported,2317471.0,EUR,eurostat_comext_ds045409,comext_imports_jp.json
DE,imports,JP,DE,2023,870360,PHEV,,not_reported,110258345.0,EUR,eurostat_comext_ds045409,comext_imports_jp.json
DE,imports,JP,DE,2023,870370,PHEV,,not_reported,1070.0,EUR,eurostat_comext_ds045409,comext_imports_jp.json
DE,imports,JP,DE,2023,870380,BEV,,not_reported,7689320.0,EUR,eurostat_comext_ds045409,comext_imports_jp.json
DE,imports,JP,DE,2023,870390,OTHER,,not_reported,2039.0,EUR,eurostat_comext_ds045409,comext_imports_jp.json
DE,imports,JP,DE,2024,870321,ICE,,not_reported,321924.0,EUR,eurostat_comext_ds045409,comext_imports_jp.json
DE,imports,JP,DE,2024,870322,ICE,,not_reported,154206005.0,EUR,eurostat_comext_ds045409,comext_imports_jp.json
DE,imports,JP,DE,2024,870323,ICE,,not_reported,13211962.0,EUR,eurostat_comext_ds045409,comext_imports_jp.json
DE,imports,JP,DE,2024,870324,ICE,,not_reported,31472687.0,EUR,eurostat_comext_ds045409,comext_imports_jp.json
DE,imports,JP,DE,2024,870331,ICE,,not_reported,52652.0,EUR,eurostat_comext_ds045409,comext_imports_jp.json
DE,imports,JP,DE,2024,870332,ICE,,not_reported,2437554.0,EUR,eurostat_comext_ds045409,comext_imports_jp.json
DE,imports,JP,DE,2024,870333,ICE,,not_reported,5086863.0,EUR,eurostat_comext_ds045409,comext_imports_jp.json
DE,imports,JP,DE,2024,870340,HEV,,not_reported,1999802.0,EUR,eurostat_comext_ds045409,comext_imports_jp.json
DE,imports,JP,DE,2024,870360,PHEV,,not_reported,140743016.0,EUR,eurostat_comext_ds045409,comext_imports_jp.json
DE,imports,JP,DE,2024,870370,PHEV,,not_reported,5045.0,EUR,eurostat_comext_ds045409,comext_imports_jp.json
DE,imports,JP,DE,2024,870380,BEV,,not_reported,4002693.0,EUR,eurostat_comext_ds045409,comext_imports_jp.json
DE,imports,JP,DE,2024,870390,OTHER,,not_reported,23946.0,EUR,eurostat_comext_ds045409,comext_imports_jp.json
DE,imports,JP,DE,2025,870321,ICE,,not_reported,172757.0,EUR,eurostat_comext_ds045409,comext_imports_jp.json
DE,imports,JP,DE,2025,870322,ICE,,not_reported,76313241.0,EUR,eurostat_comext_ds045409,comext_imports_jp.json
DE,imports,JP,DE,2025,870323,ICE,,not_reported,11162216.0,EUR,eurostat_comext_ds045409,comext_imports_jp.json
DE,imports,JP,DE,2025,870324,ICE,,not_reported,27062602.0,EUR,eurostat_comext_ds045409,comext_imports_jp.json
DE,imports,JP,DE,2025,870331,ICE,,not_reported,18714.0,EUR,eurostat_comext_ds045409,comext_imports_jp.json
DE,imports,JP,DE,2025,870332,ICE,,not_reported,872710.0,EUR,eurostat_comext_ds045409,comext_imports_jp.json
DE,imports,JP,DE,2025,870333,ICE,,not_reported,5707116.0,EUR,eurostat_comext_ds045409,comext_imports_jp.json
DE,imports,JP,DE,2025,870340,HEV,,not_reported,1520533.0,EUR,eurostat_comext_ds045409,comext_imports_jp.json
DE,imports,JP,DE,2025,870350,HEV,,not_reported,86488.0,EUR,eurostat_comext_ds045409,comext_imports_jp.json
DE,imports,JP,DE,2025,870360,PHEV,,not_reported,4135423.0,EUR,eurostat_comext_ds045409,comext_imports_jp.json
DE,imports,JP,DE,2025,870380,BEV,,not_reported,2175271.0,EUR,eurostat_comext_ds045409,comext_imports_jp.json
DE,imports,JP,DE,2025,870390,OTHER,,not_reported,43380.0,EUR,eurostat_comext_ds045409,comext_imports_jp.json
DK,imports,JP,DK,2022,870321,ICE,,not_reported,149476.0,EUR,eurostat_comext_ds045409,comext_imports_jp.json
DK,imports,JP,DK,2022,870322,ICE,,not_reported,17249652.0,EUR,eurostat_comext_ds045409,comext_imports_jp.json
DK,imports,JP,DK,2022,870323,ICE,,not_reported,10716.0,EUR,eurostat_comext_ds045409,comext_imports_jp.json
DK,imports,JP,DK,2022,870324,ICE,,not_reported,2203419.0,EUR,eurostat_comext_ds045409,comext_imports_jp.json
DK,imports,JP,DK,2022,870331,ICE,,not_reported,1560.0,EUR,eurostat_comext_ds045409,comext_imports_jp.json
DK,imports,JP,DK,2022,870332,ICE,,not_reported,44760.0,EUR,eurostat_comext_ds045409,comext_imports_jp.json
DK,imports,JP,DK,2022,870333,ICE,,not_reported,128434.0,EUR,eurostat_comext_ds045409,comext_imports_jp.json
DK,imports,JP,DK,2022,870340,HEV,,not_reported,1215383.0,EUR,eurostat_comext_ds045409,comext_imports_jp.json
DK,imports,JP,DK,2022,870360,PHEV,,not_reported,647414.0,EUR,eurostat_comext_ds045409,comext_imports_jp.json
DK,imports,JP,DK,2022,870380,BEV,,not_reported,26158149.0,EUR,eurostat_comext_ds045409,comext_imports_jp.json
DK,imports,JP,DK,2023,870321,ICE,,not_reported,723994.0,EUR,eurostat_comext_ds045409,comext_imports_jp.json
DK,imports,JP,DK,2023,870322,ICE,,not_reported,29311900.0,EUR,eurostat_comext_ds045409,comext_imports_jp.json
DK,imports,JP,DK,2023,870323,ICE,,not_reported,275182.0,EUR,eurostat_comext_ds045409,comext_imports_jp.json
DK,imports,JP,DK,2023,870324,ICE,,not_reported,1843289.0,EUR,eurostat_comext_ds045409,comext_imports_jp.json
DK,imports,JP,DK,2023,870331,ICE,,not_reported,882.0,EUR,eurostat_comext_ds045409,comext_imports_jp.json
DK,imports,JP,DK,2023,870332,ICE,,not_reported,66375.0,EUR,eurostat_comext_ds045409,comext_imports_jp.json
DK,imports,JP,DK,2023,870333,ICE,,not_reported,98052.0,EUR,eurostat_comext_ds045409,comext_imports_jp.json
DK,imports,JP,DK,2023,870340,HEV,,not_reported,3804816.0,EUR,eurostat_comext_ds045409,comext_imports_jp.json
DK,imports,JP,DK,2023,870360,PHEV,,not_reported,50537.0,EUR,eurostat_comext_ds045409,comext_imports_jp.json
DK,imports,JP,DK,2023,870380,BEV,,not_reported,34457349.0,EUR,eurostat_comext_ds045409,comext_imports_jp.json
DK,imports,JP,DK,2023,870390,OTHER,,not_reported,2588.0,EUR,eurostat_comext_ds045409,comext_imports_jp.json
DK,imports,JP,DK,2024,870321,ICE,,not_reported,78583.0,EUR,eurostat_comext_ds045409,comext_imports_jp.json
DK,imports,JP,DK,2024,870322,ICE,,not_reported,24157644.0,EUR,eurostat_comext_ds045409,comext_imports_jp.json
DK,imports,JP,DK,2024,870323,ICE,,not_reported,41609.0,EUR,eurostat_comext_ds045409,comext_imports_jp.json
DK,imports,JP,DK,2024,870324,ICE,,not_reported,11123.0,EUR,eurostat_comext_ds045409,comext_imports_jp.json
DK,imports,JP,DK,2024,870331,ICE,,not_reported,3267.0,EUR,eurostat_comext_ds045409,comext_imports_jp.json
DK,imports,JP,DK,2024,870332,ICE,,not_reported,8164.0,EUR,eurostat_comext_ds045409,comext_imports_jp.json
DK,imports,JP,DK,2024,870333,ICE,,not_reported,3445.0,EUR,eurostat_comext_ds045409,comext_imports_jp.json
DK,imports,JP,DK,2024,870340,HEV,,not_reported,3018360.0,EUR,eurostat_comext_ds045409,comext_imports_jp.json
DK,imports,JP,DK,2024,870360,PHEV,,not_reported,157.0,EUR,eurostat_comext_ds045409,comext_imports_jp.json
DK,imports,JP,DK,2024,870380,BEV,,not_reported,98198801.0,EUR,eurostat_comext_ds045409,comext_imports_jp.json
DK,imports,JP,DK,2024,870390,OTHER,,not_reported,12.0,EUR,eurostat_comext_ds045409,comext_imports_jp.json
DK,imports,JP,DK,2025,870321,ICE,,not_reported,60176.0,EUR,eurostat_comext_ds045409,comext_imports_jp.json
DK,imports,JP,DK,2025,870322,ICE,,not_reported,16515053.0,EUR,eurostat_comext_ds045409,comext_imports_jp.json
DK,imports,JP,DK,2025,870323,ICE,,not_reported,49562.0,EUR,eurostat_comext_ds045409,comext_imports_jp.json
DK,imports,JP,DK,2025,870324,ICE,,not_reported,1008297.0,EUR,eurostat_comext_ds045409,comext_imports_jp.json
DK,imports,JP,DK,2025,870331,ICE,,not_reported,1032.0,EUR,eurostat_comext_ds045409,comext_imports_jp.json
DK,imports,JP,DK,2025,870332,ICE,,not_reported,9259.0,EUR,eurostat_comext_ds045409,comext_imports_jp.json
DK,imports,JP,DK,2025,870333,ICE,,not_reported,36595.0,EUR,eurostat_comext_ds045409,comext_imports_jp.json
DK,imports,JP,DK,2025,870340,HEV,,not_reported,18027.0,EUR,eurostat_comext_ds045409,comext_imports_jp.json
DK,imports,JP,DK,2025,870350,HEV,,not_reported,248.0,EUR,eurostat_comext_ds045409,comext_imports_jp.json
DK,imports,JP,DK,2025,870360,PHEV,,not_reported,36332.0,EUR,eurostat_comext_ds045409,comext_imports_jp.json
DK,imports,JP,DK,2025,870380,BEV,,not_reported,44322246.0,EUR,eurostat_comext_ds045409,comext_imports_jp.json
EE,imports,JP,EE,2022,870322,ICE,,not_reported,10267.0,EUR,eurostat_comext_ds045409,comext_imports_jp.json
EE,imports,JP,EE,2022,870323,ICE,,not_reported,269158.0,EUR,eurostat_comext_ds045409,comext_imports_jp.json
EE,imports,JP,EE,2022,870324,ICE,,not_reported,910819.0,EUR,eurostat_comext_ds045409,comext_imports_jp.json
EE,imports,JP,EE,2022,870332,ICE,,not_reported,37504.0,EUR,eurostat_comext_ds045409,comext_imports_jp.json
EE,imports,JP,EE,2022,870333,ICE,,not_reported,35070.0,EUR,eurostat_comext_ds045409,comext_imports_jp.json
EE,imports,JP,EE,2022,870340,HEV,,not_reported,28607738.0,EUR,eurostat_comext_ds045409,comext_imports_jp.json
EE,imports,JP,EE,2022,870370,PHEV,,not_reported,6261.0,EUR,eurostat_comext_ds045409,comext_imports_jp.json
EE,imports,JP,EE,2022,870380,BEV,,not_reported,29863.0,EUR,eurostat_comext_ds045409,comext_imports_jp.json
EE,imports,JP,EE,2023,870321,ICE,,not_reported,1110.0,EUR,eurostat_comext_ds045409,comext_imports_jp.json
EE,imports,JP,EE,2023,870322,ICE,,not_reported,20180.0,EUR,eurostat_comext_ds045409,comext_imports_jp.json
EE,imports,JP,EE,2023,870323,ICE,,not_reported,543713.0,EUR,eurostat_comext_ds045409,comext_imports_jp.json
EE,imports,JP,EE,2023,870324,ICE,,not_reported,976154.0,EUR,eurostat_comext_ds045409,comext_imports_jp.json
EE,imports,JP,EE,2023,870331,ICE,,not_reported,4696.0,EUR,eurostat_comext_ds045409,comext_imports_jp.json
EE,imports,JP,EE,2023,870332,ICE,,not_reported,44787.0,EUR,eurostat_comext_ds045409,comext_imports_jp.json
EE,imports,JP,EE,2023,870333,ICE,,not_reported,147553.0,EUR,eurostat_comext_ds045409,comext_imports_jp.json
EE,imports,JP,EE,2023,870340,HEV,,not_reported,15486795.0,EUR,eurostat_comext_ds045409,comext_imports_jp.json
EE,imports,JP,EE,2023,870380,BEV,,not_reported,20337.0,EUR,eurostat_comext_ds045409,comext_imports_jp.json
EE,imports,JP,EE,2023,870390,OTHER,,not_reported,5000.0,EUR,eurostat_comext_ds045409,comext_imports_jp.json
EE,imports,JP,EE,2024,870321,ICE,,not_reported,2125.0,EUR,eurostat_comext_ds045409,comext_imports_jp.json
EE,imports,JP,EE,2024,870322,ICE,,not_reported,36463.0,EUR,eurostat_comext_ds045409,comext_imports_jp.json
EE,imports,JP,EE,2024,870323,ICE,,not_reported,1128416.0,EUR,eurostat_comext_ds045409,comext_imports_jp.json
EE,imports,JP,EE,2024,870324,ICE,,not_reported,4235837.0,EUR,eurostat_comext_ds045409,comext_imports_jp.json
EE,imports,JP,EE,2024,870331,ICE,,not_reported,3342.0,EUR,eurostat_comext_ds045409,comext_imports_jp.json
EE,imports,JP,EE,2024,870332,ICE,,not_reported,77643.0,EUR,eurostat_comext_ds045409,comext_imports_jp.json
EE,imports,JP,EE,2024,870333,ICE,,not_reported,18397.0,EUR,eurostat_comext_ds045409,comext_imports_jp.json
EE,imports,JP,EE,2024,870340,HEV,,not_reported,8598374.0,EUR,eurostat_comext_ds045409,comext_imports_jp.json
EE,imports,JP,EE,2024,870380,BEV,,not_reported,28717.0,EUR,eurostat_comext_ds045409,comext_imports_jp.json
EE,imports,JP,EE,2025,870322,ICE,,not_reported,20253.0,EUR,eurostat_comext_ds045409,comext_imports_jp.json
EE,imports,JP,EE,2025,870323,ICE,,not_reported,563189.0,EUR,eurostat_comext_ds045409,comext_imports_jp.json
EE,imports,JP,EE,2025,870324,ICE,,not_reported,2664226.0,EUR,eurostat_comext_ds045409,comext_imports_jp.json
EE,imports,JP,EE,2025,870332,ICE,,not_reported,24038.0,EUR,eurostat_comext_ds045409,comext_imports_jp.json
EE,imports,JP,EE,2025,870333,ICE,,not_reported,9062.0,EUR,eurostat_comext_ds045409,comext_imports_jp.json
EE,imports,JP,EE,2025,870340,HEV,,not_reported,3897355.0,EUR,eurostat_comext_ds045409,comext_imports_jp.json
EE,imports,JP,EE,2025,870380,BEV,,not_reported,5871.0,EUR,eurostat_comext_ds045409,comext_imports_jp.json
ES,imports,JP,ES,2022,870321,ICE,,not_reported,10565.0,EUR,eurostat_comext_ds045409,comext_imports_jp.json
ES,imports,JP,ES,2022,870322,ICE,,not_reported,51252439.0,EUR,eurostat_comext_ds045409,comext_imports_jp.json
ES,imports,JP,ES,2022,870323,ICE,,not_reported,219576838.0,EUR,eurostat_comext_ds045409,comext_imports_jp.json
ES,imports,JP,ES,2022,870324,ICE,,not_reported,879277.0,EUR,eurostat_comext_ds045409,comext_imports_jp.json
ES,imports,JP,ES,2022,870331,ICE,,not_reported,27658.0,EUR,eurostat_comext_ds045409,comext_imports_jp.json
ES,imports,JP,ES,2022,870332,ICE,,not_reported,40467187.0,EUR,eurostat_comext_ds045409,comext_imports_jp.json
ES,imports,JP,ES,2022,870333,ICE,,not_reported,125380915.0,EUR,eurostat_comext_ds045409,comext_imports_jp.json
ES,imports,JP,ES,2022,870340,HEV,,not_reported,321848633.0,EUR,eurostat_comext_ds045409,comext_imports_jp.json
ES,imports,JP,ES,2022,870360,PHEV,,not_reported,142933420.0,EUR,eurostat_comext_ds045409,comext_imports_jp.json
ES,imports,JP,ES,2022,870380,BEV,,not_reported,70911469.0,EUR,eurostat_comext_ds045409,comext_imports_jp.json
ES,imports,JP,ES,2023,870321,ICE,,not_reported,36946.0,EUR,eurostat_comext_ds045409,comext_imports_jp.json
ES,imports,JP,ES,2023,870322,ICE,,not_reported,69325064.0,EUR,eurostat_comext_ds045409,comext_imports_jp.json
ES,imports,JP,ES,2023,870323,ICE,,not_reported,424242566.0,EUR,eurostat_comext_ds045409,comext_imports_jp.json
ES,imports,JP,ES,2023,870324,ICE,,not_reported,1221723.0,EUR,eurostat_comext_ds045409,comext_imports_jp.json
ES,imports,JP,ES,2023,870331,ICE,,not_reported,11492.0,EUR,eurostat_comext_ds045409,comext_imports_jp.json
ES,imports,JP,ES,2023,870332,ICE,,not_reported,45170674.0,EUR,eurostat_comext_ds045409,comext_imports_jp.json
ES,imports,JP,ES,2023,870333,ICE,,not_reported,134366421.0,EUR,eurostat_comext_ds045409,comext_imports_jp.json
ES,imports,JP,ES,2023,870340,HEV,,not_reported,530315232.0,EUR,eurostat_comext_ds045409,comext_imports_jp.json
ES,imports,JP,ES,2023,870360,PHEV,,not_reported,277710487.0,EUR,eurostat_comext_ds045409,comext_imports_jp.json
ES,imports,JP,ES,2023,870380,BEV,,not_reported,218415688.0,EUR,eurostat_comext_ds045409,comext_imports_jp.json
ES,imports,JP,ES,2023,870390,OTHER,,not_reported,314.0,EUR,eurostat_comext_ds045409,comext_imports_jp.json
ES,imports,JP,ES,2024,870321,ICE,,not_reported,830821.0,EUR,eurostat_comext_ds045409,comext_imports_jp.json
ES,imports,JP,ES,2024,870322,ICE,,not_reported,65488612.0,EUR,eurostat_comext_ds045409,comext_imports_jp.json
ES,imports,JP,ES,2024,870323,ICE,,not_reported,514488071.0,EUR,eurostat_comext_ds045409,comext_imports_jp.json
ES,imports,JP,ES,2024,870324,ICE,,not_reported,666747.0,EUR,eurostat_comext_ds045409,comext_imports_jp.json
ES,imports,JP,ES,2024,870331,ICE,,not_reported,6680.0,EUR,eurostat_comext_ds045409,comext_imports_jp.json
ES,imports,JP,ES,2024,870332,ICE,,not_reported,35969612.0,EUR,eurostat_comext_ds045409,comext_imports_jp.json
ES,imports,JP,ES,2024,870333,ICE,,not_reported,140023829.0,EUR,eurostat_comext_ds045409,comext_imports_jp.json
ES,imports,JP,ES,2024,870340,HEV,,not_reported,938181950.0,EUR,eurostat_comext_ds045409,comext_imports_jp.json
ES,imports,JP,ES,2024,870360,PHEV,,not_reported,319817131.0,EUR,eurostat_comext_ds045409,comext_imports_jp.json
ES,imports,JP,ES,2024,870380,BEV,,not_reported,143400058.0,EUR,eurostat_comext_ds045409,comext_imports_jp.json
ES,imports,JP,ES,2025,870321,ICE,,not_reported,38070.0,EUR,eurostat_comext_ds045409,comext_imports_jp.json
ES,imports,JP,ES,2025,870322,ICE,,not_reported,46582575.0,EUR,eurostat_comext_ds045409,comext_imports_jp.json
ES,imports,JP,ES,2025,870323,ICE,,not_reported,357710797.0,EUR,eurostat_comext_ds045409,comext_imports_jp.json
ES,imports,JP,ES,2025,870324,ICE,,not_reported,530760.0,EUR,eurostat_comext_ds045409,comext_imports_jp.json
ES,imports,JP,ES,2025,870331,ICE,,not_reported,45705.0,EUR,eurostat_comext_ds045409,comext_imports_jp.json
ES,imports,JP,ES,2025,870332,ICE,,not_reported,1868171.0,EUR,eurostat_comext_ds045409,comext_imports_jp.json
ES,imports,JP,ES,2025,870333,ICE,,not_reported,157939448.0,EUR,eurostat_comext_ds045409,comext_imports_jp.json
ES,imports,JP,ES,2025,870340,HEV,,not_reported,756583831.0,EUR,eurostat_comext_ds045409,comext_imports_jp.json
ES,imports,JP,ES,2025,870360,PHEV,,not_reported,579443520.0,EUR,eurostat_comext_ds045409,comext_imports_jp.json
ES,imports,JP,ES,2025,870380,BEV,,not_reported,292186543.0,EUR,eurostat_comext_ds045409,comext_imports_jp.json
EU27,imports,JP,EU27,2022,870321,ICE,,not_reported,17027372.0,EUR,eurostat_comext_ds045409,comext_imports_jp.json
EU27,imports,JP,EU27,2022,870322,ICE,,not_reported,629191788.0,EUR,eurostat_comext_ds045409,comext_imports_jp.json
EU27,imports,JP,EU27,2022,870323,ICE,,not_reported,1469780382.0,EUR,eurostat_comext_ds045409,comext_imports_jp.json
EU27,imports,JP,EU27,2022,870324,ICE,,not_reported,91635611.0,EUR,eurostat_comext_ds045409,comext_imports_jp.json
EU27,imports,JP,EU27,2022,870331,ICE,,not_reported,4076621.0,EUR,eurostat_comext_ds045409,comext_imports_jp.json
EU27,imports,JP,EU27,2022,870332,ICE,,not_reported,162261918.0,EUR,eurostat_comext_ds045409,comext_imports_jp.json
EU27,imports,JP,EU27,2022,870333,ICE,,not_reported,498190614.0,EUR,eurostat_comext_ds045409,comext_imports_jp.json
EU27,imports,JP,EU27,2022,870340,HEV,,not_reported,2995053317.0,EUR,eurostat_comext_ds045409,comext_imports_jp.json
EU27,imports,JP,EU27,2022,870350,HEV,,not_reported,307491.0,EUR,eurostat_comext_ds045409,comext_imports_jp.json
EU27,imports,JP,EU27,2022,870360,PHEV,,not_reported,1544309280.0,EUR,eurostat_comext_ds045409,comext_imports_jp.json
EU27,imports,JP,EU27,2022,870370,PHEV,,not_reported,394710.0,EUR,eurostat_comext_ds045409,comext_imports_jp.json
EU27,imports,JP,EU27,2022,870380,BEV,,not_reported,535361907.0,EUR,eurostat_comext_ds045409,comext_imports_jp.json
EU27,imports,JP,EU27,2022,870390,OTHER,,not_reported,442191.0,EUR,eurostat_comext_ds045409,comext_imports_jp.json
EU27,imports,JP,EU27,2023,870321,ICE,,not_reported,38640659.0,EUR,eurostat_comext_ds045409,comext_imports_jp.json
EU27,imports,JP,EU27,2023,870322,ICE,,not_reported,703437523.0,EUR,eurostat_comext_ds045409,comext_imports_jp.json
EU27,imports,JP,EU27,2023,870323,ICE,,not_reported,2073509301.0,EUR,eurostat_comext_ds045409,comext_imports_jp.json
EU27,imports,JP,EU27,2023,870324,ICE,,not_reported,115779978.0,EUR,eurostat_comext_ds045409,comext_imports_jp.json
EU27,imports,JP,EU27,2023,870331,ICE,,not_reported,10908355.0,EUR,eurostat_comext_ds045409,comext_imports_jp.json
EU27,imports,JP,EU27,2023,870332,ICE,,not_reported,183667559.0,EUR,eurostat_comext_ds045409,comext_imports_jp.json
EU27,imports,JP,EU27,2023,870333,ICE,,not_reported,615554960.0,EUR,eurostat_comext_ds045409,comext_imports_jp.json
EU27,imports,JP,EU27,2023,870340,HEV,,not_reported,4538094059.0,EUR,eurostat_comext_ds045409,comext_imports_jp.json
EU27,imports,JP,EU27,2023,870350,HEV,,not_reported,450358.0,EUR,eurostat_comext_ds045409,comext_imports_jp.json
EU27,imports,JP,EU27,2023,870360,PHEV,,not_reported,1720213215.0,EUR,eurostat_comext_ds045409,comext_imports_jp.json
EU27,imports,JP,EU27,2023,870370,PHEV,,not_reported,199591.0,EUR,eurostat_comext_ds045409,comext_imports_jp.json
EU27,imports,JP,EU27,2023,870380,BEV,,not_reported,1498275858.0,EUR,eurostat_comext_ds045409,comext_imports_jp.json
EU27,imports,JP,EU27,2023,870390,OTHER,,not_reported,1386547.0,EUR,eurostat_comext_ds045409,comext_imports_jp.json
EU27,imports,JP,EU27,2024,870321,ICE,,not_reported,34679873.0,EUR,eurostat_comext_ds045409,comext_imports_jp.json
EU27,imports,JP,EU27,2024,870322,ICE,,not_reported,789444325.0,EUR,eurostat_comext_ds045409,comext_imports_jp.json
EU27,imports,JP,EU27,2024,870323,ICE,,not_reported,2083502990.0,EUR,eurostat_comext_ds045409,comext_imports_jp.json
EU27,imports,JP,EU27,2024,870324,ICE,,not_reported,118862402.0,EUR,eurostat_comext_ds045409,comext_imports_jp.json
EU27,imports,JP,EU27,2024,870331,ICE,,not_reported,4692676.0,EUR,eurostat_comext_ds045409,comext_imports_jp.json
EU27,imports,JP,EU27,2024,870332,ICE,,not_reported,113240418.0,EUR,eurostat_comext_ds045409,comext_imports_jp.json
EU27,imports,JP,EU27,2024,870333,ICE,,not_reported,729767998.0,EUR,eurostat_comext_ds045409,comext_imports_jp.json
EU27,imports,JP,EU27,2024,870340,HEV,,not_reported,5821878780.0,EUR,eurostat_comext_ds045409,comext_imports_jp.json
EU27,imports,JP,EU27,2024,870350,HEV,,not_reported,1016513.0,EUR,eurostat_comext_ds045409,comext_imports_jp.json
EU27,imports,JP,EU27,2024,870360,PHEV,,not_reported,1422943618.0,EUR,eurostat_comext_ds045409,comext_imports_jp.json
EU27,imports,JP,EU27,2024,870370,PHEV,,not_reported,192671.0,EUR,eurostat_comext_ds045409,comext_imports_jp.json
EU27,imports,JP,EU27,2024,870380,BEV,,not_reported,1427927777.0,EUR,eurostat_comext_ds045409,comext_imports_jp.json
EU27,imports,JP,EU27,2024,870390,OTHER,,not_reported,331298.0,EUR,eurostat_comext_ds045409,comext_imports_jp.json
EU27,imports,JP,EU27,2025,870321,ICE,,not_reported,33266607.0,EUR,eurostat_comext_ds045409,comext_imports_jp.json
EU27,imports,JP,EU27,2025,870322,ICE,,not_reported,679995084.0,EUR,eurostat_comext_ds045409,comext_imports_jp.json
EU27,imports,JP,EU27,2025,870323,ICE,,not_reported,1463472558.0,EUR,eurostat_comext_ds045409,comext_imports_jp.json
EU27,imports,JP,EU27,2025,870324,ICE,,not_reported,97421891.0,EUR,eurostat_comext_ds045409,comext_imports_jp.json
EU27,imports,JP,EU27,2025,870331,ICE,,not_reported,2579074.0,EUR,eurostat_comext_ds045409,comext_imports_jp.json
EU27,imports,JP,EU27,2025,870332,ICE,,not_reported,62421205.0,EUR,eurostat_comext_ds045409,comext_imports_jp.json
EU27,imports,JP,EU27,2025,870333,ICE,,not_reported,847928047.0,EUR,eurostat_comext_ds045409,comext_imports_jp.json
EU27,imports,JP,EU27,2025,870340,HEV,,not_reported,4673969031.0,EUR,eurostat_comext_ds045409,comext_imports_jp.json
EU27,imports,JP,EU27,2025,870350,HEV,,not_reported,959570.0,EUR,eurostat_comext_ds045409,comext_imports_jp.json
EU27,imports,JP,EU27,2025,870360,PHEV,,not_reported,2184511771.0,EUR,eurostat_comext_ds045409,comext_imports_jp.json
EU27,imports,JP,EU27,2025,870370,PHEV,,not_reported,360326.0,EUR,eurostat_comext_ds045409,comext_imports_jp.json
EU27,imports,JP,EU27,2025,870380,BEV,,not_reported,1301335431.0,EUR,eurostat_comext_ds045409,comext_imports_jp.json
EU27,imports,JP,EU27,2025,870390,OTHER,,not_reported,516235.0,EUR,eurostat_comext_ds045409,comext_imports_jp.json
FI,imports,JP,FI,2022,870321,ICE,,not_reported,53101.0,EUR,eurostat_comext_ds045409,comext_imports_jp.json
FI,imports,JP,FI,2022,870322,ICE,,not_reported,204908.0,EUR,eurostat_comext_ds045409,comext_imports_jp.json
FI,imports,JP,FI,2022,870323,ICE,,not_reported,976387.0,EUR,eurostat_comext_ds045409,comext_imports_jp.json
FI,imports,JP,FI,2022,870324,ICE,,not_reported,723655.0,EUR,eurostat_comext_ds045409,comext_imports_jp.json
FI,imports,JP,FI,2022,870333,ICE,,not_reported,11280.0,EUR,eurostat_comext_ds045409,comext_imports_jp.json
FI,imports,JP,FI,2022,870340,HEV,,not_reported,2645688.0,EUR,eurostat_comext_ds045409,comext_imports_jp.json
FI,imports,JP,FI,2022,870360,PHEV,,not_reported,25542388.0,EUR,eurostat_comext_ds045409,comext_imports_jp.json
FI,imports,JP,FI,2022,870380,BEV,,not_reported,6038175.0,EUR,eurostat_comext_ds045409,comext_imports_jp.json
FI,imports,JP,FI,2023,870321,ICE,,not_reported,22222.0,EUR,eurostat_comext_ds045409,comext_imports_jp.json
FI,imports,JP,FI,2023,870322,ICE,,not_reported,429701.0,EUR,eurostat_comext_ds045409,comext_imports_jp.json
FI,imports,JP,FI,2023,870323,ICE,,not_reported,903533.0,EUR,eurostat_comext_ds045409,comext_imports_jp.json
FI,imports,JP,FI,2023,870324,ICE,,not_reported,414920.0,EUR,eurostat_comext_ds045409,comext_imports_jp.json
FI,imports,JP,FI,2023,870331,ICE,,not_reported,4236.0,EUR,eurostat_comext_ds045409,comext_imports_jp.json
FI,imports,JP,FI,2023,870332,ICE,,not_reported,23508.0,EUR,eurostat_comext_ds045409,comext_imports_jp.json
FI,imports,JP,FI,2023,870333,ICE,,not_reported,55554.0,EUR,eurostat_comext_ds045409,comext_imports_jp.json
FI,imports,JP,FI,2023,870340,HEV,,not_reported,2559155.0,EUR,eurostat_comext_ds045409,comext_imports_jp.json
FI,imports,JP,FI,2023,870360,PHEV,,not_reported,22749764.0,EUR,eurostat_comext_ds045409,comext_imports_jp.json
FI,imports,JP,FI,2023,870380,BEV,,not_reported,17969202.0,EUR,eurostat_comext_ds045409,comext_imports_jp.json
FI,imports,JP,FI,2024,870321,ICE,,not_reported,366686.0,EUR,eurostat_comext_ds045409,comext_imports_jp.json
FI,imports,JP,FI,2024,870322,ICE,,not_reported,155414.0,EUR,eurostat_comext_ds045409,comext_imports_jp.json
FI,imports,JP,FI,2024,870323,ICE,,not_reported,1113900.0,EUR,eurostat_comext_ds045409,comext_imports_jp.json
FI,imports,JP,FI,2024,870324,ICE,,not_reported,521845.0,EUR,eurostat_comext_ds045409,comext_imports_jp.json
FI,imports,JP,FI,2024,870332,ICE,,not_reported,19503.0,EUR,eurostat_comext_ds045409,comext_imports_jp.json
FI,imports,JP,FI,2024,870340,HEV,,not_reported,3683243.0,EUR,eurostat_comext_ds045409,comext_imports_jp.json
FI,imports,JP,FI,2024,870360,PHEV,,not_reported,11335168.0,EUR,eurostat_comext_ds045409,comext_imports_jp.json
FI,imports,JP,FI,2024,870380,BEV,,not_reported,18307681.0,EUR,eurostat_comext_ds045409,comext_imports_jp.json
FI,imports,JP,FI,2025,870321,ICE,,not_reported,843904.0,EUR,eurostat_comext_ds045409,comext_imports_jp.json
FI,imports,JP,FI,2025,870322,ICE,,not_reported,584867.0,EUR,eurostat_comext_ds045409,comext_imports_jp.json
FI,imports,JP,FI,2025,870323,ICE,,not_reported,1203198.0,EUR,eurostat_comext_ds045409,comext_imports_jp.json
FI,imports,JP,FI,2025,870324,ICE,,not_reported,753819.0,EUR,eurostat_comext_ds045409,comext_imports_jp.json
FI,imports,JP,FI,2025,870333,ICE,,not_reported,4221.0,EUR,eurostat_comext_ds045409,comext_imports_jp.json
FI,imports,JP,FI,2025,870340,HEV,,not_reported,8083041.0,EUR,eurostat_comext_ds045409,comext_imports_jp.json
FI,imports,JP,FI,2025,870360,PHEV,,not_reported,16319915.0,EUR,eurostat_comext_ds045409,comext_imports_jp.json
FI,imports,JP,FI,2025,870380,BEV,,not_reported,11918281.0,EUR,eurostat_comext_ds045409,comext_imports_jp.json
FR,imports,JP,FR,2022,870321,ICE,,not_reported,24240.0,EUR,eurostat_comext_ds045409,comext_imports_jp.json
FR,imports,JP,FR,2022,870322,ICE,,not_reported,2168978.0,EUR,eurostat_comext_ds045409,comext_imports_jp.json
FR,imports,JP,FR,2022,870323,ICE,,not_reported,5905413.0,EUR,eurostat_comext_ds045409,comext_imports_jp.json
FR,imports,JP,FR,2022,870324,ICE,,not_reported,2927066.0,EUR,eurostat_comext_ds045409,comext_imports_jp.json
FR,imports,JP,FR,2022,870331,ICE,,not_reported,25161.0,EUR,eurostat_comext_ds045409,comext_imports_jp.json
FR,imports,JP,FR,2022,870332,ICE,,not_reported,793524.0,EUR,eurostat_comext_ds045409,comext_imports_jp.json
FR,imports,JP,FR,2022,870333,ICE,,not_reported,3033147.0,EUR,eurostat_comext_ds045409,comext_imports_jp.json
FR,imports,JP,FR,2022,870340,HEV,,not_reported,26972934.0,EUR,eurostat_comext_ds045409,comext_imports_jp.json
FR,imports,JP,FR,2022,870350,HEV,,not_reported,227821.0,EUR,eurostat_comext_ds045409,comext_imports_jp.json
FR,imports,JP,FR,2022,870360,PHEV,,not_reported,150403.0,EUR,eurostat_comext_ds045409,comext_imports_jp.json
FR,imports,JP,FR,2022,870370,PHEV,,not_reported,362293.0,EUR,eurostat_comext_ds045409,comext_imports_jp.json
FR,imports,JP,FR,2022,870380,BEV,,not_reported,200894.0,EUR,eurostat_comext_ds045409,comext_imports_jp.json
FR,imports,JP,FR,2022,870390,OTHER,,not_reported,66450.0,EUR,eurostat_comext_ds045409,comext_imports_jp.json
FR,imports,JP,FR,2023,870321,ICE,,not_reported,87485.0,EUR,eurostat_comext_ds045409,comext_imports_jp.json
FR,imports,JP,FR,2023,870322,ICE,,not_reported,4439894.0,EUR,eurostat_comext_ds045409,comext_imports_jp.json
FR,imports,JP,FR,2023,870323,ICE,,not_reported,5782493.0,EUR,eurostat_comext_ds045409,comext_imports_jp.json
FR,imports,JP,FR,2023,870324,ICE,,not_reported,6359651.0,EUR,eurostat_comext_ds045409,comext_imports_jp.json
FR,imports,JP,FR,2023,870331,ICE,,not_reported,85159.0,EUR,eurostat_comext_ds045409,comext_imports_jp.json
FR,imports,JP,FR,2023,870332,ICE,,not_reported,1830834.0,EUR,eurostat_comext_ds045409,comext_imports_jp.json
FR,imports,JP,FR,2023,870333,ICE,,not_reported,11900083.0,EUR,eurostat_comext_ds045409,comext_imports_jp.json
FR,imports,JP,FR,2023,870340,HEV,,not_reported,44249365.0,EUR,eurostat_comext_ds045409,comext_imports_jp.json
FR,imports,JP,FR,2023,870350,HEV,,not_reported,330826.0,EUR,eurostat_comext_ds045409,comext_imports_jp.json
FR,imports,JP,FR,2023,870360,PHEV,,not_reported,1725777.0,EUR,eurostat_comext_ds045409,comext_imports_jp.json
FR,imports,JP,FR,2023,870370,PHEV,,not_reported,176689.0,EUR,eurostat_comext_ds045409,comext_imports_jp.json
FR,imports,JP,FR,2023,870380,BEV,,not_reported,3223114.0,EUR,eurostat_comext_ds045409,comext_imports_jp.json
FR,imports,JP,FR,2024,870321,ICE,,not_reported,68959.0,EUR,eurostat_comext_ds045409,comext_imports_jp.json
FR,imports,JP,FR,2024,870322,ICE,,not_reported,2398023.0,EUR,eurostat_comext_ds045409,comext_imports_jp.json
FR,imports,JP,FR,2024,870323,ICE,,not_reported,6247695.0,EUR,eurostat_comext_ds045409,comext_imports_jp.json
FR,imports,JP,FR,2024,870324,ICE,,not_reported,8754899.0,EUR,eurostat_comext_ds045409,comext_imports_jp.json
FR,imports,JP,FR,2024,870331,ICE,,not_reported,39005.0,EUR,eurostat_comext_ds045409,comext_imports_jp.json
FR,imports,JP,FR,2024,870332,ICE,,not_reported,432705.0,EUR,eurostat_comext_ds045409,comext_imports_jp.json
FR,imports,JP,FR,2024,870333,ICE,,not_reported,7909126.0,EUR,eurostat_comext_ds045409,comext_imports_jp.json
FR,imports,JP,FR,2024,870340,HEV,,not_reported,121939417.0,EUR,eurostat_comext_ds045409,comext_imports_jp.json
FR,imports,JP,FR,2024,870350,HEV,,not_reported,733714.0,EUR,eurostat_comext_ds045409,comext_imports_jp.json
FR,imports,JP,FR,2024,870360,PHEV,,not_reported,1317267.0,EUR,eurostat_comext_ds045409,comext_imports_jp.json
FR,imports,JP,FR,2024,870370,PHEV,,not_reported,176298.0,EUR,eurostat_comext_ds045409,comext_imports_jp.json
FR,imports,JP,FR,2024,870380,BEV,,not_reported,2852077.0,EUR,eurostat_comext_ds045409,comext_imports_jp.json
FR,imports,JP,FR,2024,870390,OTHER,,not_reported,5273.0,EUR,eurostat_comext_ds045409,comext_imports_jp.json
FR,imports,JP,FR,2025,870321,ICE,,not_reported,312540.0,EUR,eurostat_comext_ds045409,comext_imports_jp.json
FR,imports,JP,FR,2025,870322,ICE,,not_reported,6003173.0,EUR,eurostat_comext_ds045409,comext_imports_jp.json
FR,imports,JP,FR,2025,870323,ICE,,not_reported,8910121.0,EUR,eurostat_comext_ds045409,comext_imports_jp.json
FR,imports,JP,FR,2025,870324,ICE,,not_reported,8588134.0,EUR,eurostat_comext_ds045409,comext_imports_jp.json
FR,imports,JP,FR,2025,870331,ICE,,not_reported,8181.0,EUR,eurostat_comext_ds045409,comext_imports_jp.json
FR,imports,JP,FR,2025,870332,ICE,,not_reported,415946.0,EUR,eurostat_comext_ds045409,comext_imports_jp.json
FR,imports,JP,FR,2025,870333,ICE,,not_reported,6398905.0,EUR,eurostat_comext_ds045409,comext_imports_jp.json
FR,imports,JP,FR,2025,870340,HEV,,not_reported,60724168.0,EUR,eurostat_comext_ds045409,comext_imports_jp.json
FR,imports,JP,FR,2025,870350,HEV,,not_reported,52937.0,EUR,eurostat_comext_ds045409,comext_imports_jp.json
FR,imports,JP,FR,2025,870360,PHEV,,not_reported,3868254.0,EUR,eurostat_comext_ds045409,comext_imports_jp.json
FR,imports,JP,FR,2025,870370,PHEV,,not_reported,220348.0,EUR,eurostat_comext_ds045409,comext_imports_jp.json
FR,imports,JP,FR,2025,870380,BEV,,not_reported,614490.0,EUR,eurostat_comext_ds045409,comext_imports_jp.json
FR,imports,JP,FR,2025,870390,OTHER,,not_reported,3722.0,EUR,eurostat_comext_ds045409,comext_imports_jp.json
GR,imports,JP,GR,2022,870322,ICE,,not_reported,4009380.0,EUR,eurostat_comext_ds045409,comext_imports_jp.json
GR,imports,JP,GR,2022,870323,ICE,,not_reported,5063889.0,EUR,eurostat_comext_ds045409,comext_imports_jp.json
GR,imports,JP,GR,2022,870324,ICE,,not_reported,8356.0,EUR,eurostat_comext_ds045409,comext_imports_jp.json
GR,imports,JP,GR,2022,870332,ICE,,not_reported,20432.0,EUR,eurostat_comext_ds045409,comext_imports_jp.json
GR,imports,JP,GR,2022,870333,ICE,,not_reported,228856.0,EUR,eurostat_comext_ds045409,comext_imports_jp.json
GR,imports,JP,GR,2022,870340,HEV,,not_reported,36335105.0,EUR,eurostat_comext_ds045409,comext_imports_jp.json
GR,imports,JP,GR,2022,870360,PHEV,,not_reported,1899009.0,EUR,eurostat_comext_ds045409,comext_imports_jp.json
GR,imports,JP,GR,2022,870380,BEV,,not_reported,908265.0,EUR,eurostat_comext_ds045409,comext_imports_jp.json
GR,imports,JP,GR,2023,870321,ICE,,not_reported,8951.0,EUR,eurostat_comext_ds045409,comext_imports_jp.json
GR,imports,JP,GR,2023,870322,ICE,,not_reported,9240492.0,EUR,eurostat_comext_ds045409,comext_imports_jp.json
GR,imports,JP,GR,2023,870323,ICE,,not_reported,1979755.0,EUR,eurostat_comext_ds045409,comext_imports_jp.json
GR,imports,JP,GR,2023,870324,ICE,,not_reported,18994.0,EUR,eurostat_comext_ds045409,comext_imports_jp.json
GR,imports,JP,GR,2023,870333,ICE,,not_reported,465856.0,EUR,eurostat_comext_ds045409,comext_imports_jp.json
GR,imports,JP,GR,2023,870340,HEV,,not_reported,73180344.0,EUR,eurostat_comext_ds045409,comext_imports_jp.json
GR,imports,JP,GR,2023,870360,PHEV,,not_reported,3424593.0,EUR,eurostat_comext_ds045409,comext_imports_jp.json
GR,imports,JP,GR,2023,870380,BEV,,not_reported,1891016.0,EUR,eurostat_comext_ds045409,comext_imports_jp.json
GR,imports,JP,GR,2024,870322,ICE,,not_reported,5302.0,EUR,eurostat_comext_ds045409,comext_imports_jp.json
GR,imports,JP,GR,2024,870323,ICE,,not_reported,1345450.0,EUR,eurostat_comext_ds045409,comext_imports_jp.json
GR,imports,JP,GR,2024,870324,ICE,,not_reported,8700.0,EUR,eurostat_comext_ds045409,comext_imports_jp.json
GR,imports,JP,GR,2024,870333,ICE,,not_reported,908004.0,EUR,eurostat_comext_ds045409,comext_imports_jp.json
GR,imports,JP,GR,2024,870340,HEV,,not_reported,129970324.0,EUR,eurostat_comext_ds045409,comext_imports_jp.json
GR,imports,JP,GR,2024,870360,PHEV,,not_reported,3152456.0,EUR,eurostat_comext_ds045409,comext_imports_jp.json
GR,imports,JP,GR,2024,870380,BEV,,not_reported,3309017.0,EUR,eurostat_comext_ds045409,comext_imports_jp.json
GR,imports,JP,GR,2025,870323,ICE,,not_reported,553487.0,EUR,eurostat_comext_ds045409,comext_imports_jp.json
GR,imports,JP,GR,2025,870324,ICE,,not_reported,9701.0,EUR,eurostat_comext_ds045409,comext_imports_jp.json
GR,imports,JP,GR,2025,870333,ICE,,not_reported,731026.0,EUR,eurostat_comext_ds045409,comext_imports_jp.json
GR,imports,JP,GR,2025,870340,HEV,,not_reported,106880466.0,EUR,eurostat_comext_ds045409,comext_imports_jp.json
GR,imports,JP,GR,2025,870360,PHEV,,not_reported,5882676.0,EUR,eurostat_comext_ds045409,comext_imports_jp.json
GR,imports,JP,GR,2025,870380,BEV,,not_reported,2849358.0,EUR,eurostat_comext_ds045409,comext_imports_jp.json
HR,imports,JP,HR,2022,870321,ICE,,not_reported,2011.0,EUR,eurostat_comext_ds045409,comext_imports_jp.json
HR,imports,JP,HR,2022,870322,ICE,,not_reported,12405.0,EUR,eurostat_comext_ds045409,comext_imports_jp.json
HR,imports,JP,HR,2022,870323,ICE,,not_reported,47142.0,EUR,eurostat_comext_ds045409,comext_imports_jp.json
HR,imports,JP,HR,2022,870332,ICE,,not_reported,18497.0,EUR,eurostat_comext_ds045409,comext_imports_jp.json
HR,imports,JP,HR,2022,870340,HEV,,not_reported,2290164.0,EUR,eurostat_comext_ds045409,comext_imports_jp.json
HR,imports,JP,HR,2023,870321,ICE,,not_reported,24413.0,EUR,eurostat_comext_ds045409,comext_imports_jp.json
HR,imports,JP,HR,2023,870322,ICE,,not_reported,15100.0,EUR,eurostat_comext_ds045409,comext_imports_jp.json
HR,imports,JP,HR,2023,870323,ICE,,not_reported,159293.0,EUR,eurostat_comext_ds045409,comext_imports_jp.json
HR,imports,JP,HR,2023,870324,ICE,,not_reported,100977.0,EUR,eurostat_comext_ds045409,comext_imports_jp.json
HR,imports,JP,HR,2023,870331,ICE,,not_reported,3200.0,EUR,eurostat_comext_ds045409,comext_imports_jp.json
HR,imports,JP,HR,2023,870332,ICE,,not_reported,81575.0,EUR,eurostat_comext_ds045409,comext_imports_jp.json
HR,imports,JP,HR,2023,870333,ICE,,not_reported,13799.0,EUR,eurostat_comext_ds045409,comext_imports_jp.json
HR,imports,JP,HR,2023,870340,HEV,,not_reported,1863535.0,EUR,eurostat_comext_ds045409,comext_imports_jp.json
HR,imports,JP,HR,2023,870360,PHEV,,not_reported,2000.0,EUR,eurostat_comext_ds045409,comext_imports_jp.json
HR,imports,JP,HR,2023,870380,BEV,,not_reported,16552.0,EUR,eurostat_comext_ds045409,comext_imports_jp.json
HR,imports,JP,HR,2024,870321,ICE,,not_reported,27335.0,EUR,eurostat_comext_ds045409,comext_imports_jp.json
HR,imports,JP,HR,2024,870322,ICE,,not_reported,31338.0,EUR,eurostat_comext_ds045409,comext_imports_jp.json
HR,imports,JP,HR,2024,870323,ICE,,not_reported,284373.0,EUR,eurostat_comext_ds045409,comext_imports_jp.json
HR,imports,JP,HR,2024,870324,ICE,,not_reported,54842.0,EUR,eurostat_comext_ds045409,comext_imports_jp.json
HR,imports,JP,HR,2024,870332,ICE,,not_reported,74897.0,EUR,eurostat_comext_ds045409,comext_imports_jp.json
HR,imports,JP,HR,2024,870333,ICE,,not_reported,32661.0,EUR,eurostat_comext_ds045409,comext_imports_jp.json
HR,imports,JP,HR,2024,870340,HEV,,not_reported,2604551.0,EUR,eurostat_comext_ds045409,comext_imports_jp.json
HR,imports,JP,HR,2024,870360,PHEV,,not_reported,30594.0,EUR,eurostat_comext_ds045409,comext_imports_jp.json
HR,imports,JP,HR,2025,870322,ICE,,not_reported,71243.0,EUR,eurostat_comext_ds045409,comext_imports_jp.json
HR,imports,JP,HR,2025,870323,ICE,,not_reported,293215.0,EUR,eurostat_comext_ds045409,comext_imports_jp.json
HR,imports,JP,HR,2025,870324,ICE,,not_reported,71684.0,EUR,eurostat_comext_ds045409,comext_imports_jp.json
HR,imports,JP,HR,2025,870332,ICE,,not_reported,66894.0,EUR,eurostat_comext_ds045409,comext_imports_jp.json
HR,imports,JP,HR,2025,870333,ICE,,not_reported,3100.0,EUR,eurostat_comext_ds045409,comext_imports_jp.json
HR,imports,JP,HR,2025,870340,HEV,,not_reported,1004252.0,EUR,eurostat_comext_ds045409,comext_imports_jp.json
HR,imports,JP,HR,2025,870380,BEV,,not_reported,50190.0,EUR,eurostat_comext_ds045409,comext_imports_jp.json
HU,imports,JP,HU,2022,870321,ICE,,not_reported,146832.0,EUR,eurostat_comext_ds045409,comext_imports_jp.json
HU,imports,JP,HU,2022,870322,ICE,,not_reported,1198816.0,EUR,eurostat_comext_ds045409,comext_imports_jp.json
HU,imports,JP,HU,2022,870323,ICE,,not_reported,123613.0,EUR,eurostat_comext_ds045409,comext_imports_jp.json
HU,imports,JP,HU,2022,870324,ICE,,not_reported,205263.0,EUR,eurostat_comext_ds045409,comext_imports_jp.json
HU,imports,JP,HU,2022,870331,ICE,,not_reported,1497.0,EUR,eurostat_comext_ds045409,comext_imports_jp.json
HU,imports,JP,HU,2022,870332,ICE,,not_reported,22638.0,EUR,eurostat_comext_ds045409,comext_imports_jp.json
HU,imports,JP,HU,2022,870333,ICE,,not_reported,1937718.0,EUR,eurostat_comext_ds045409,comext_imports_jp.json
HU,imports,JP,HU,2022,870340,HEV,,not_reported,23122203.0,EUR,eurostat_comext_ds045409,comext_imports_jp.json
HU,imports,JP,HU,2022,870360,PHEV,,not_reported,4049031.0,EUR,eurostat_comext_ds045409,comext_imports_jp.json
HU,imports,JP,HU,2022,870380,BEV,,not_reported,1213622.0,EUR,eurostat_comext_ds045409,comext_imports_jp.json
HU,imports,JP,HU,2023,870321,ICE,,not_reported,440.0,EUR,eurostat_comext_ds045409,comext_imports_jp.json
HU,imports,JP,HU,2023,870322,ICE,,not_reported,14160616.0,EUR,eurostat_comext_ds045409,comext_imports_jp.json
HU,imports,JP,HU,2023,870323,ICE,,not_reported,82653.0,EUR,eurostat_comext_ds045409,comext_imports_jp.json
HU,imports,JP,HU,2023,870324,ICE,,not_reported,1586.0,EUR,eurostat_comext_ds045409,comext_imports_jp.json
HU,imports,JP,HU,2023,870332,ICE,,not_reported,41209.0,EUR,eurostat_comext_ds045409,comext_imports_jp.json
HU,imports,JP,HU,2023,870333,ICE,,not_reported,75197.0,EUR,eurostat_comext_ds045409,comext_imports_jp.json
HU,imports,JP,HU,2023,870340,HEV,,not_reported,52143992.0,EUR,eurostat_comext_ds045409,comext_imports_jp.json
HU,imports,JP,HU,2023,870360,PHEV,,not_reported,7889425.0,EUR,eurostat_comext_ds045409,comext_imports_jp.json
HU,imports,JP,HU,2023,870380,BEV,,not_reported,57392007.0,EUR,eurostat_comext_ds045409,comext_imports_jp.json
HU,imports,JP,HU,2024,870321,ICE,,not_reported,3284.0,EUR,eurostat_comext_ds045409,comext_imports_jp.json
HU,imports,JP,HU,2024,870322,ICE,,not_reported,7430042.0,EUR,eurostat_comext_ds045409,comext_imports_jp.json
HU,imports,JP,HU,2024,870323,ICE,,not_reported,43500.0,EUR,eurostat_comext_ds045409,comext_imports_jp.json
HU,imports,JP,HU,2024,870324,ICE,,not_reported,13349.0,EUR,eurostat_comext_ds045409,comext_imports_jp.json
HU,imports,JP,HU,2024,870331,ICE,,not_reported,1376.0,EUR,eurostat_comext_ds045409,comext_imports_jp.json
HU,imports,JP,HU,2024,870332,ICE,,not_reported,68585.0,EUR,eurostat_comext_ds045409,comext_imports_jp.json
HU,imports,JP,HU,2024,870340,HEV,,not_reported,53907827.0,EUR,eurostat_comext_ds045409,comext_imports_jp.json
HU,imports,JP,HU,2024,870360,PHEV,,not_reported,5483112.0,EUR,eurostat_comext_ds045409,comext_imports_jp.json
HU,imports,JP,HU,2024,870380,BEV,,not_reported,50940644.0,EUR,eurostat_comext_ds045409,comext_imports_jp.json
HU,imports,JP,HU,2025,870322,ICE,,not_reported,10428661.0,EUR,eurostat_comext_ds045409,comext_imports_jp.json
HU,imports,JP,HU,2025,870323,ICE,,not_reported,7559.0,EUR,eurostat_comext_ds045409,comext_imports_jp.json
HU,imports,JP,HU,2025,870324,ICE,,not_reported,7649.0,EUR,eurostat_comext_ds045409,comext_imports_jp.json
HU,imports,JP,HU,2025,870331,ICE,,not_reported,168.0,EUR,eurostat_comext_ds045409,comext_imports_jp.json
HU,imports,JP,HU,2025,870332,ICE,,not_reported,9268.0,EUR,eurostat_comext_ds045409,comext_imports_jp.json
HU,imports,JP,HU,2025,870340,HEV,,not_reported,46336773.0,EUR,eurostat_comext_ds045409,comext_imports_jp.json
HU,imports,JP,HU,2025,870360,PHEV,,not_reported,1953696.0,EUR,eurostat_comext_ds045409,comext_imports_jp.json
HU,imports,JP,HU,2025,870380,BEV,,not_reported,71931344.0,EUR,eurostat_comext_ds045409,comext_imports_jp.json
IE,imports,JP,IE,2022,870321,ICE,,not_reported,5956793.0,EUR,eurostat_comext_ds045409,comext_imports_jp.json
IE,imports,JP,IE,2022,870322,ICE,,not_reported,56959793.0,EUR,eurostat_comext_ds045409,comext_imports_jp.json
IE,imports,JP,IE,2022,870323,ICE,,not_reported,13099629.0,EUR,eurostat_comext_ds045409,comext_imports_jp.json
IE,imports,JP,IE,2022,870324,ICE,,not_reported,679698.0,EUR,eurostat_comext_ds045409,comext_imports_jp.json
IE,imports,JP,IE,2022,870331,ICE,,not_reported,178890.0,EUR,eurostat_comext_ds045409,comext_imports_jp.json
IE,imports,JP,IE,2022,870332,ICE,,not_reported,6042468.0,EUR,eurostat_comext_ds045409,comext_imports_jp.json
IE,imports,JP,IE,2022,870333,ICE,,not_reported,1195243.0,EUR,eurostat_comext_ds045409,comext_imports_jp.json
IE,imports,JP,IE,2022,870340,HEV,,not_reported,44850252.0,EUR,eurostat_comext_ds045409,comext_imports_jp.json
IE,imports,JP,IE,2022,870350,HEV,,not_reported,42698.0,EUR,eurostat_comext_ds045409,comext_imports_jp.json
IE,imports,JP,IE,2022,870360,PHEV,,not_reported,1469537.0,EUR,eurostat_comext_ds045409,comext_imports_jp.json
IE,imports,JP,IE,2022,870370,PHEV,,not_reported,14669.0,EUR,eurostat_comext_ds045409,comext_imports_jp.json
IE,imports,JP,IE,2022,870380,BEV,,not_reported,5687028.0,EUR,eurostat_comext_ds045409,comext_imports_jp.json
IE,imports,JP,IE,2022,870390,OTHER,,not_reported,182866.0,EUR,eurostat_comext_ds045409,comext_imports_jp.json
IE,imports,JP,IE,2023,870321,ICE,,not_reported,6815140.0,EUR,eurostat_comext_ds045409,comext_imports_jp.json
IE,imports,JP,IE,2023,870322,ICE,,not_reported,70755195.0,EUR,eurostat_comext_ds045409,comext_imports_jp.json
IE,imports,JP,IE,2023,870323,ICE,,not_reported,13471125.0,EUR,eurostat_comext_ds045409,comext_imports_jp.json
IE,imports,JP,IE,2023,870324,ICE,,not_reported,12924121.0,EUR,eurostat_comext_ds045409,comext_imports_jp.json
IE,imports,JP,IE,2023,870331,ICE,,not_reported,246908.0,EUR,eurostat_comext_ds045409,comext_imports_jp.json
IE,imports,JP,IE,2023,870332,ICE,,not_reported,10872988.0,EUR,eurostat_comext_ds045409,comext_imports_jp.json
IE,imports,JP,IE,2023,870333,ICE,,not_reported,845815.0,EUR,eurostat_comext_ds045409,comext_imports_jp.json
IE,imports,JP,IE,2023,870340,HEV,,not_reported,40921727.0,EUR,eurostat_comext_ds045409,comext_imports_jp.json
IE,imports,JP,IE,2023,870360,PHEV,,not_reported,2445244.0,EUR,eurostat_comext_ds045409,comext_imports_jp.json
IE,imports,JP,IE,2023,870370,PHEV,,not_reported,64.0,EUR,eurostat_comext_ds045409,comext_imports_jp.json
IE,imports,JP,IE,2023,870380,BEV,,not_reported,23897785.0,EUR,eurostat_comext_ds045409,comext_imports_jp.json
IE,imports,JP,IE,2023,870390,OTHER,,not_reported,262838.0,EUR,eurostat_comext_ds045409,comext_imports_jp.json
IE,imports,JP,IE,2024,870321,ICE,,not_reported,15080790.0,EUR,eurostat_comext_ds045409,comext_imports_jp.json
IE,imports,JP,IE,2024,870322,ICE,,not_reported,102376796.0,EUR,eurostat_comext_ds045409,comext_imports_jp.json
IE,imports,JP,IE,2024,870323,ICE,,not_reported,34096975.0,EUR,eurostat_comext_ds045409,comext_imports_jp.json
IE,imports,JP,IE,2024,870324,ICE,,not_reported,1565202.0,EUR,eurostat_comext_ds045409,comext_imports_jp.json
IE,imports,JP,IE,2024,870331,ICE,,not_reported,414971.0,EUR,eurostat_comext_ds045409,comext_imports_jp.json
IE,imports,JP,IE,2024,870332,ICE,,not_reported,12649876.0,EUR,eurostat_comext_ds045409,comext_imports_jp.json
IE,imports,JP,IE,2024,870333,ICE,,not_reported,587785.0,EUR,eurostat_comext_ds045409,comext_imports_jp.json
IE,imports,JP,IE,2024,870340,HEV,,not_reported,51338804.0,EUR,eurostat_comext_ds045409,comext_imports_jp.json
IE,imports,JP,IE,2024,870350,HEV,,not_reported,20667.0,EUR,eurostat_comext_ds045409,comext_imports_jp.json
IE,imports,JP,IE,2024,870360,PHEV,,not_reported,5283865.0,EUR,eurostat_comext_ds045409,comext_imports_jp.json
IE,imports,JP,IE,2024,870370,PHEV,,not_reported,4809.0,EUR,eurostat_comext_ds045409,comext_imports_jp.json
IE,imports,JP,IE,2024,870380,BEV,,not_reported,12730889.0,EUR,eurostat_comext_ds045409,comext_imports_jp.json
IE,imports,JP,IE,2024,870390,OTHER,,not_reported,96492.0,EUR,eurostat_comext_ds045409,comext_imports_jp.json
IE,imports,JP,IE,2025,870321,ICE,,not_reported,15587491.0,EUR,eurostat_comext_ds045409,comext_imports_jp.json
IE,imports,JP,IE,2025,870322,ICE,,not_reported,141387316.0,EUR,eurostat_comext_ds045409,comext_imports_jp.json
IE,imports,JP,IE,2025,870323,ICE,,not_reported,36325981.0,EUR,eurostat_comext_ds045409,comext_imports_jp.json
IE,imports,JP,IE,2025,870324,ICE,,not_reported,572778.0,EUR,eurostat_comext_ds045409,comext_imports_jp.json
IE,imports,JP,IE,2025,870331,ICE,,not_reported,504920.0,EUR,eurostat_comext_ds045409,comext_imports_jp.json
IE,imports,JP,IE,2025,870332,ICE,,not_reported,31772879.0,EUR,eurostat_comext_ds045409,comext_imports_jp.json
IE,imports,JP,IE,2025,870333,ICE,,not_reported,1815849.0,EUR,eurostat_comext_ds045409,comext_imports_jp.json
IE,imports,JP,IE,2025,870340,HEV,,not_reported,68852111.0,EUR,eurostat_comext_ds045409,comext_imports_jp.json
IE,imports,JP,IE,2025,870350,HEV,,not_reported,249232.0,EUR,eurostat_comext_ds045409,comext_imports_jp.json
IE,imports,JP,IE,2025,870360,PHEV,,not_reported,6383924.0,EUR,eurostat_comext_ds045409,comext_imports_jp.json
IE,imports,JP,IE,2025,870370,PHEV,,not_reported,99436.0,EUR,eurostat_comext_ds045409,comext_imports_jp.json
IE,imports,JP,IE,2025,870380,BEV,,not_reported,25007353.0,EUR,eurostat_comext_ds045409,comext_imports_jp.json
IE,imports,JP,IE,2025,870390,OTHER,,not_reported,136371.0,EUR,eurostat_comext_ds045409,comext_imports_jp.json
IT,imports,JP,IT,2022,870321,ICE,,not_reported,44226.0,EUR,eurostat_comext_ds045409,comext_imports_jp.json
IT,imports,JP,IT,2022,870322,ICE,,not_reported,5865124.0,EUR,eurostat_comext_ds045409,comext_imports_jp.json
IT,imports,JP,IT,2022,870323,ICE,,not_reported,30231036.0,EUR,eurostat_comext_ds045409,comext_imports_jp.json
IT,imports,JP,IT,2022,870324,ICE,,not_reported,1766337.0,EUR,eurostat_comext_ds045409,comext_imports_jp.json
IT,imports,JP,IT,2022,870331,ICE,,not_reported,36255.0,EUR,eurostat_comext_ds045409,comext_imports_jp.json
IT,imports,JP,IT,2022,870332,ICE,,not_reported,174664.0,EUR,eurostat_comext_ds045409,comext_imports_jp.json
IT,imports,JP,IT,2022,870333,ICE,,not_reported,14854480.0,EUR,eurostat_comext_ds045409,comext_imports_jp.json
IT,imports,JP,IT,2022,870340,HEV,,not_reported,334458357.0,EUR,eurostat_comext_ds045409,comext_imports_jp.json
IT,imports,JP,IT,2022,870360,PHEV,,not_reported,61718769.0,EUR,eurostat_comext_ds045409,comext_imports_jp.json
IT,imports,JP,IT,2022,870380,BEV,,not_reported,54690527.0,EUR,eurostat_comext_ds045409,comext_imports_jp.json
IT,imports,JP,IT,2023,870321,ICE,,not_reported,43821.0,EUR,eurostat_comext_ds045409,comext_imports_jp.json
IT,imports,JP,IT,2023,870322,ICE,,not_reported,247284.0,EUR,eurostat_comext_ds045409,comext_imports_jp.json
IT,imports,JP,IT,2023,870323,ICE,,not_reported,47233031.0,EUR,eurostat_comext_ds045409,comext_imports_jp.json
IT,imports,JP,IT,2023,870324,ICE,,not_reported,2926132.0,EUR,eurostat_comext_ds045409,comext_imports_jp.json
IT,imports,JP,IT,2023,870331,ICE,,not_reported,9800.0,EUR,eurostat_comext_ds045409,comext_imports_jp.json
IT,imports,JP,IT,2023,870332,ICE,,not_reported,142895.0,EUR,eurostat_comext_ds045409,comext_imports_jp.json
IT,imports,JP,IT,2023,870333,ICE,,not_reported,7754688.0,EUR,eurostat_comext_ds045409,comext_imports_jp.json
IT,imports,JP,IT,2023,870340,HEV,,not_reported,727500951.0,EUR,eurostat_comext_ds045409,comext_imports_jp.json
IT,imports,JP,IT,2023,870360,PHEV,,not_reported,102741448.0,EUR,eurostat_comext_ds045409,comext_imports_jp.json
IT,imports,JP,IT,2023,870380,BEV,,not_reported,118088388.0,EUR,eurostat_comext_ds045409,comext_imports_jp.json
IT,imports,JP,IT,2024,870321,ICE,,not_reported,22198.0,EUR,eurostat_comext_ds045409,comext_imports_jp.json
IT,imports,JP,IT,2024,870322,ICE,,not_reported,219979.0,EUR,eurostat_comext_ds045409,comext_imports_jp.json
IT,imports,JP,IT,2024,870323,ICE,,not_reported,33417008.0,EUR,eurostat_comext_ds045409,comext_imports_jp.json
IT,imports,JP,IT,2024,870324,ICE,,not_reported,1310726.0,EUR,eurostat_comext_ds045409,comext_imports_jp.json
IT,imports,JP,IT,2024,870331,ICE,,not_reported,75685.0,EUR,eurostat_comext_ds045409,comext_imports_jp.json
IT,imports,JP,IT,2024,870332,ICE,,not_reported,134594.0,EUR,eurostat_comext_ds045409,comext_imports_jp.json
IT,imports,JP,IT,2024,870333,ICE,,not_reported,23962675.0,EUR,eurostat_comext_ds045409,comext_imports_jp.json
IT,imports,JP,IT,2024,870340,HEV,,not_reported,643403985.0,EUR,eurostat_comext_ds045409,comext_imports_jp.json
IT,imports,JP,IT,2024,870360,PHEV,,not_reported,80264414.0,EUR,eurostat_comext_ds045409,comext_imports_jp.json
IT,imports,JP,IT,2024,870380,BEV,,not_reported,171789410.0,EUR,eurostat_comext_ds045409,comext_imports_jp.json
IT,imports,JP,IT,2025,870321,ICE,,not_reported,23649.0,EUR,eurostat_comext_ds045409,comext_imports_jp.json
IT,imports,JP,IT,2025,870322,ICE,,not_reported,24539660.0,EUR,eurostat_comext_ds045409,comext_imports_jp.json
IT,imports,JP,IT,2025,870323,ICE,,not_reported,8396140.0,EUR,eurostat_comext_ds045409,comext_imports_jp.json
IT,imports,JP,IT,2025,870324,ICE,,not_reported,442337.0,EUR,eurostat_comext_ds045409,comext_imports_jp.json
IT,imports,JP,IT,2025,870331,ICE,,not_reported,3181.0,EUR,eurostat_comext_ds045409,comext_imports_jp.json
IT,imports,JP,IT,2025,870332,ICE,,not_reported,403681.0,EUR,eurostat_comext_ds045409,comext_imports_jp.json
IT,imports,JP,IT,2025,870333,ICE,,not_reported,1571072.0,EUR,eurostat_comext_ds045409,comext_imports_jp.json
IT,imports,JP,IT,2025,870340,HEV,,not_reported,310623922.0,EUR,eurostat_comext_ds045409,comext_imports_jp.json
IT,imports,JP,IT,2025,870360,PHEV,,not_reported,35184095.0,EUR,eurostat_comext_ds045409,comext_imports_jp.json
IT,imports,JP,IT,2025,870380,BEV,,not_reported,60731548.0,EUR,eurostat_comext_ds045409,comext_imports_jp.json
IT,imports,JP,IT,2025,870390,OTHER,,not_reported,114496.0,EUR,eurostat_comext_ds045409,comext_imports_jp.json
LT,imports,JP,LT,2022,870321,ICE,,not_reported,8321.0,EUR,eurostat_comext_ds045409,comext_imports_jp.json
LT,imports,JP,LT,2022,870322,ICE,,not_reported,51582.0,EUR,eurostat_comext_ds045409,comext_imports_jp.json
LT,imports,JP,LT,2022,870323,ICE,,not_reported,518306.0,EUR,eurostat_comext_ds045409,comext_imports_jp.json
LT,imports,JP,LT,2022,870324,ICE,,not_reported,311596.0,EUR,eurostat_comext_ds045409,comext_imports_jp.json
LT,imports,JP,LT,2022,870331,ICE,,not_reported,16905.0,EUR,eurostat_comext_ds045409,comext_imports_jp.json
LT,imports,JP,LT,2022,870332,ICE,,not_reported,418171.0,EUR,eurostat_comext_ds045409,comext_imports_jp.json
LT,imports,JP,LT,2022,870333,ICE,,not_reported,164484.0,EUR,eurostat_comext_ds045409,comext_imports_jp.json
LT,imports,JP,LT,2022,870340,HEV,,not_reported,319045.0,EUR,eurostat_comext_ds045409,comext_imports_jp.json
LT,imports,JP,LT,2022,870360,PHEV,,not_reported,137463.0,EUR,eurostat_comext_ds045409,comext_imports_jp.json
LT,imports,JP,LT,2022,870380,BEV,,not_reported,30192.0,EUR,eurostat_comext_ds045409,comext_imports_jp.json
LT,imports,JP,LT,2023,870321,ICE,,not_reported,30125.0,EUR,eurostat_comext_ds045409,comext_imports_jp.json
LT,imports,JP,LT,2023,870322,ICE,,not_reported,51685.0,EUR,eurostat_comext_ds045409,comext_imports_jp.json
LT,imports,JP,LT,2023,870323,ICE,,not_reported,842185.0,EUR,eurostat_comext_ds045409,comext_imports_jp.json
LT,imports,JP,LT,2023,870324,ICE,,not_reported,515612.0,EUR,eurostat_comext_ds045409,comext_imports_jp.json
LT,imports,JP,LT,2023,870331,ICE,,not_reported,52892.0,EUR,eurostat_comext_ds045409,comext_imports_jp.json
LT,imports,JP,LT,2023,870332,ICE,,not_reported,235068.0,EUR,eurostat_comext_ds045409,comext_imports_jp.json
LT,imports,JP,LT,2023,870333,ICE,,not_reported,263822.0,EUR,eurostat_comext_ds045409,comext_imports_jp.json
LT,imports,JP,LT,2023,870340,HEV,,not_reported,590581.0,EUR,eurostat_comext_ds045409,comext_imports_jp.json
LT,imports,JP,LT,2023,870360,PHEV,,not_reported,31494.0,EUR,eurostat_comext_ds045409,comext_imports_jp.json
LT,imports,JP,LT,2023,870380,BEV,,not_reported,79989.0,EUR,eurostat_comext_ds045409,comext_imports_jp.json
LT,imports,JP,LT,2024,870321,ICE,,not_reported,34519.0,EUR,eurostat_comext_ds045409,comext_imports_jp.json
LT,imports,JP,LT,2024,870322,ICE,,not_reported,17686.0,EUR,eurostat_comext_ds045409,comext_imports_jp.json
LT,imports,JP,LT,2024,870323,ICE,,not_reported,795164.0,EUR,eurostat_comext_ds045409,comext_imports_jp.json
LT,imports,JP,LT,2024,870324,ICE,,not_reported,309569.0,EUR,eurostat_comext_ds045409,comext_imports_jp.json
LT,imports,JP,LT,2024,870331,ICE,,not_reported,9797.0,EUR,eurostat_comext_ds045409,comext_imports_jp.json
LT,imports,JP,LT,2024,870332,ICE,,not_reported,251535.0,EUR,eurostat_comext_ds045409,comext_imports_jp.json
LT,imports,JP,LT,2024,870333,ICE,,not_reported,678158.0,EUR,eurostat_comext_ds045409,comext_imports_jp.json
LT,imports,JP,LT,2024,870340,HEV,,not_reported,1004143.0,EUR,eurostat_comext_ds045409,comext_imports_jp.json
LT,imports,JP,LT,2024,870360,PHEV,,not_reported,77656.0,EUR,eurostat_comext_ds045409,comext_imports_jp.json
LT,imports,JP,LT,2024,870380,BEV,,not_reported,99695.0,EUR,eurostat_comext_ds045409,comext_imports_jp.json
LT,imports,JP,LT,2025,870321,ICE,,not_reported,8735.0,EUR,eurostat_comext_ds045409,comext_imports_jp.json
LT,imports,JP,LT,2025,870322,ICE,,not_reported,61219.0,EUR,eurostat_comext_ds045409,comext_imports_jp.json
LT,imports,JP,LT,2025,870323,ICE,,not_reported,611722.0,EUR,eurostat_comext_ds045409,comext_imports_jp.json
LT,imports,JP,LT,2025,870324,ICE,,not_reported,765339.0,EUR,eurostat_comext_ds045409,comext_imports_jp.json
LT,imports,JP,LT,2025,870331,ICE,,not_reported,15562.0,EUR,eurostat_comext_ds045409,comext_imports_jp.json
LT,imports,JP,LT,2025,870332,ICE,,not_reported,219490.0,EUR,eurostat_comext_ds045409,comext_imports_jp.json
LT,imports,JP,LT,2025,870333,ICE,,not_reported,26597.0,EUR,eurostat_comext_ds045409,comext_imports_jp.json
LT,imports,JP,LT,2025,870340,HEV,,not_reported,1081287.0,EUR,eurostat_comext_ds045409,comext_imports_jp.json
LT,imports,JP,LT,2025,870360,PHEV,,not_reported,114350.0,EUR,eurostat_comext_ds045409,comext_imports_jp.json
LT,imports,JP,LT,2025,870380,BEV,,not_reported,113834.0,EUR,eurostat_comext_ds045409,comext_imports_jp.json
LT,imports,JP,LT,2025,870390,OTHER,,not_reported,17942.0,EUR,eurostat_comext_ds045409,comext_imports_jp.json
LU,imports,JP,LU,2023,870323,ICE,,not_reported,9408.0,EUR,eurostat_comext_ds045409,comext_imports_jp.json
LU,imports,JP,LU,2023,870324,ICE,,not_reported,64764.0,EUR,eurostat_comext_ds045409,comext_imports_jp.json
LU,imports,JP,LU,2025,870323,ICE,,not_reported,185027.0,EUR,eurostat_comext_ds045409,comext_imports_jp.json
LU,imports,JP,LU,2025,870324,ICE,,not_reported,203576.0,EUR,eurostat_comext_ds045409,comext_imports_jp.json
LU,imports,JP,LU,2025,870390,OTHER,,not_reported,57200.0,EUR,eurostat_comext_ds045409,comext_imports_jp.json
LV,imports,JP,LV,2022,870321,ICE,,not_reported,3492.0,EUR,eurostat_comext_ds045409,comext_imports_jp.json
LV,imports,JP,LV,2022,870323,ICE,,not_reported,165530.0,EUR,eurostat_comext_ds045409,comext_imports_jp.json
LV,imports,JP,LV,2022,870324,ICE,,not_reported,592974.0,EUR,eurostat_comext_ds045409,comext_imports_jp.json
LV,imports,JP,LV,2022,870332,ICE,,not_reported,3828.0,EUR,eurostat_comext_ds045409,comext_imports_jp.json
LV,imports,JP,LV,2022,870340,HEV,,not_reported,33263.0,EUR,eurostat_comext_ds045409,comext_imports_jp.json
LV,imports,JP,LV,2022,870380,BEV,,not_reported,3209.0,EUR,eurostat_comext_ds045409,comext_imports_jp.json
LV,imports,JP,LV,2023,870321,ICE,,not_reported,2438.0,EUR,eurostat_comext_ds045409,comext_imports_jp.json
LV,imports,JP,LV,2023,870322,ICE,,not_reported,1407.0,EUR,eurostat_comext_ds045409,comext_imports_jp.json
LV,imports,JP,LV,2023,870323,ICE,,not_reported,322972.0,EUR,eurostat_comext_ds045409,comext_imports_jp.json
LV,imports,JP,LV,2023,870324,ICE,,not_reported,415945.0,EUR,eurostat_comext_ds045409,comext_imports_jp.json
LV,imports,JP,LV,2023,870331,ICE,,not_reported,2487.0,EUR,eurostat_comext_ds045409,comext_imports_jp.json
LV,imports,JP,LV,2023,870332,ICE,,not_reported,21558.0,EUR,eurostat_comext_ds045409,comext_imports_jp.json
LV,imports,JP,LV,2023,870340,HEV,,not_reported,13700.0,EUR,eurostat_comext_ds045409,comext_imports_jp.json
LV,imports,JP,LV,2023,870360,PHEV,,not_reported,11187.0,EUR,eurostat_comext_ds045409,comext_imports_jp.json
LV,imports,JP,LV,2023,870380,BEV,,not_reported,14200.0,EUR,eurostat_comext_ds045409,comext_imports_jp.json
LV,imports,JP,LV,2024,870321,ICE,,not_reported,3603.0,EUR,eurostat_comext_ds045409,comext_imports_jp.json
LV,imports,JP,LV,2024,870322,ICE,,not_reported,17244.0,EUR,eurostat_comext_ds045409,comext_imports_jp.json
LV,imports,JP,LV,2024,870323,ICE,,not_reported,176463.0,EUR,eurostat_comext_ds045409,comext_imports_jp.json
LV,imports,JP,LV,2024,870324,ICE,,not_reported,303329.0,EUR,eurostat_comext_ds045409,comext_imports_jp.json
LV,imports,JP,LV,2024,870331,ICE,,not_reported,3184.0,EUR,eurostat_comext_ds045409,comext_imports_jp.json
LV,imports,JP,LV,2024,870332,ICE,,not_reported,24584.0,EUR,eurostat_comext_ds045409,comext_imports_jp.json
LV,imports,JP,LV,2024,870333,ICE,,not_reported,689.0,EUR,eurostat_comext_ds045409,comext_imports_jp.json
LV,imports,JP,LV,2024,870380,BEV,,not_reported,21784.0,EUR,eurostat_comext_ds045409,comext_imports_jp.json
LV,imports,JP,LV,2025,870322,ICE,,not_reported,2114.0,EUR,eurostat_comext_ds045409,comext_imports_jp.json
LV,imports,JP,LV,2025,870323,ICE,,not_reported,84364.0,EUR,eurostat_comext_ds045409,comext_imports_jp.json
LV,imports,JP,LV,2025,870324,ICE,,not_reported,164487.0,EUR,eurostat_comext_ds045409,comext_imports_jp.json
LV,imports,JP,LV,2025,870331,ICE,,not_reported,2116.0,EUR,eurostat_comext_ds045409,comext_imports_jp.json
LV,imports,JP,LV,2025,870332,ICE,,not_reported,29017.0,EUR,eurostat_comext_ds045409,comext_imports_jp.json
LV,imports,JP,LV,2025,870333,ICE,,not_reported,1400.0,EUR,eurostat_comext_ds045409,comext_imports_jp.json
LV,imports,JP,LV,2025,870340,HEV,,not_reported,11123.0,EUR,eurostat_comext_ds045409,comext_imports_jp.json
MT,imports,JP,MT,2022,870321,ICE,,not_reported,2786467.0,EUR,eurostat_comext_ds045409,comext_imports_jp.json
MT,imports,JP,MT,2022,870322,ICE,,not_reported,20324881.0,EUR,eurostat_comext_ds045409,comext_imports_jp.json
MT,imports,JP,MT,2022,870323,ICE,,not_reported,1472355.0,EUR,eurostat_comext_ds045409,comext_imports_jp.json
MT,imports,JP,MT,2022,870324,ICE,,not_reported,11257.0,EUR,eurostat_comext_ds045409,comext_imports_jp.json
MT,imports,JP,MT,2022,870331,ICE,,not_reported,2275274.0,EUR,eurostat_comext_ds045409,comext_imports_jp.json
MT,imports,JP,MT,2022,870332,ICE,,not_reported,183821.0,EUR,eurostat_comext_ds045409,comext_imports_jp.json
MT,imports,JP,MT,2022,870333,ICE,,not_reported,90634.0,EUR,eurostat_comext_ds045409,comext_imports_jp.json
MT,imports,JP,MT,2022,870340,HEV,,not_reported,2012488.0,EUR,eurostat_comext_ds045409,comext_imports_jp.json
MT,imports,JP,MT,2022,870360,PHEV,,not_reported,1858344.0,EUR,eurostat_comext_ds045409,comext_imports_jp.json
MT,imports,JP,MT,2022,870380,BEV,,not_reported,1746437.0,EUR,eurostat_comext_ds045409,comext_imports_jp.json
MT,imports,JP,MT,2023,870321,ICE,,not_reported,7632731.0,EUR,eurostat_comext_ds045409,comext_imports_jp.json
MT,imports,JP,MT,2023,870322,ICE,,not_reported,21683997.0,EUR,eurostat_comext_ds045409,comext_imports_jp.json
MT,imports,JP,MT,2023,870323,ICE,,not_reported,3961421.0,EUR,eurostat_comext_ds045409,comext_imports_jp.json
MT,imports,JP,MT,2023,870324,ICE,,not_reported,339503.0,EUR,eurostat_comext_ds045409,comext_imports_jp.json
MT,imports,JP,MT,2023,870331,ICE,,not_reported,8475951.0,EUR,eurostat_comext_ds045409,comext_imports_jp.json
MT,imports,JP,MT,2023,870332,ICE,,not_reported,708184.0,EUR,eurostat_comext_ds045409,comext_imports_jp.json
MT,imports,JP,MT,2023,870333,ICE,,not_reported,392876.0,EUR,eurostat_comext_ds045409,comext_imports_jp.json
MT,imports,JP,MT,2023,870340,HEV,,not_reported,5974824.0,EUR,eurostat_comext_ds045409,comext_imports_jp.json
MT,imports,JP,MT,2023,870360,PHEV,,not_reported,113111.0,EUR,eurostat_comext_ds045409,comext_imports_jp.json
MT,imports,JP,MT,2023,870380,BEV,,not_reported,1983678.0,EUR,eurostat_comext_ds045409,comext_imports_jp.json
MT,imports,JP,MT,2024,870321,ICE,,not_reported,6602510.0,EUR,eurostat_comext_ds045409,comext_imports_jp.json
MT,imports,JP,MT,2024,870322,ICE,,not_reported,15902967.0,EUR,eurostat_comext_ds045409,comext_imports_jp.json
MT,imports,JP,MT,2024,870323,ICE,,not_reported,4846008.0,EUR,eurostat_comext_ds045409,comext_imports_jp.json
MT,imports,JP,MT,2024,870324,ICE,,not_reported,80201.0,EUR,eurostat_comext_ds045409,comext_imports_jp.json
MT,imports,JP,MT,2024,870331,ICE,,not_reported,2952644.0,EUR,eurostat_comext_ds045409,comext_imports_jp.json
MT,imports,JP,MT,2024,870332,ICE,,not_reported,4831291.0,EUR,eurostat_comext_ds045409,comext_imports_jp.json
MT,imports,JP,MT,2024,870333,ICE,,not_reported,781605.0,EUR,eurostat_comext_ds045409,comext_imports_jp.json
MT,imports,JP,MT,2024,870340,HEV,,not_reported,4465452.0,EUR,eurostat_comext_ds045409,comext_imports_jp.json
MT,imports,JP,MT,2024,870350,HEV,,not_reported,8294.0,EUR,eurostat_comext_ds045409,comext_imports_jp.json
MT,imports,JP,MT,2024,870360,PHEV,,not_reported,181699.0,EUR,eurostat_comext_ds045409,comext_imports_jp.json
MT,imports,JP,MT,2024,870380,BEV,,not_reported,2454346.0,EUR,eurostat_comext_ds045409,comext_imports_jp.json
MT,imports,JP,MT,2025,870321,ICE,,not_reported,12413083.0,EUR,eurostat_comext_ds045409,comext_imports_jp.json
MT,imports,JP,MT,2025,870322,ICE,,not_reported,17635942.0,EUR,eurostat_comext_ds045409,comext_imports_jp.json
MT,imports,JP,MT,2025,870323,ICE,,not_reported,3975295.0,EUR,eurostat_comext_ds045409,comext_imports_jp.json
MT,imports,JP,MT,2025,870324,ICE,,not_reported,1597482.0,EUR,eurostat_comext_ds045409,comext_imports_jp.json
MT,imports,JP,MT,2025,870331,ICE,,not_reported,1409119.0,EUR,eurostat_comext_ds045409,comext_imports_jp.json
MT,imports,JP,MT,2025,870332,ICE,,not_reported,9348237.0,EUR,eurostat_comext_ds045409,comext_imports_jp.json
MT,imports,JP,MT,2025,870333,ICE,,not_reported,362733.0,EUR,eurostat_comext_ds045409,comext_imports_jp.json
MT,imports,JP,MT,2025,870340,HEV,,not_reported,5070399.0,EUR,eurostat_comext_ds045409,comext_imports_jp.json
MT,imports,JP,MT,2025,870350,HEV,,not_reported,7768.0,EUR,eurostat_comext_ds045409,comext_imports_jp.json
MT,imports,JP,MT,2025,870360,PHEV,,not_reported,143406.0,EUR,eurostat_comext_ds045409,comext_imports_jp.json
MT,imports,JP,MT,2025,870380,BEV,,not_reported,1123304.0,EUR,eurostat_comext_ds045409,comext_imports_jp.json
NL,imports,JP,NL,2022,870321,ICE,,not_reported,121571.0,EUR,eurostat_comext_ds045409,comext_imports_jp.json
NL,imports,JP,NL,2022,870322,ICE,,not_reported,28413302.0,EUR,eurostat_comext_ds045409,comext_imports_jp.json
NL,imports,JP,NL,2022,870323,ICE,,not_reported,48924075.0,EUR,eurostat_comext_ds045409,comext_imports_jp.json
NL,imports,JP,NL,2022,870324,ICE,,not_reported,22854880.0,EUR,eurostat_comext_ds045409,comext_imports_jp.json
NL,imports,JP,NL,2022,870331,ICE,,not_reported,1994.0,EUR,eurostat_comext_ds045409,comext_imports_jp.json
NL,imports,JP,NL,2022,870332,ICE,,not_reported,472854.0,EUR,eurostat_comext_ds045409,comext_imports_jp.json
NL,imports,JP,NL,2022,870333,ICE,,not_reported,824363.0,EUR,eurostat_comext_ds045409,comext_imports_jp.json
NL,imports,JP,NL,2022,870340,HEV,,not_reported,67373233.0,EUR,eurostat_comext_ds045409,comext_imports_jp.json
NL,imports,JP,NL,2022,870350,HEV,,not_reported,14674.0,EUR,eurostat_comext_ds045409,comext_imports_jp.json
NL,imports,JP,NL,2022,870360,PHEV,,not_reported,2025631.0,EUR,eurostat_comext_ds045409,comext_imports_jp.json
NL,imports,JP,NL,2022,870370,PHEV,,not_reported,11487.0,EUR,eurostat_comext_ds045409,comext_imports_jp.json
NL,imports,JP,NL,2022,870380,BEV,,not_reported,93027934.0,EUR,eurostat_comext_ds045409,comext_imports_jp.json
NL,imports,JP,NL,2022,870390,OTHER,,not_reported,161958.0,EUR,eurostat_comext_ds045409,comext_imports_jp.json
NL,imports,JP,NL,2023,870321,ICE,,not_reported,92805.0,EUR,eurostat_comext_ds045409,comext_imports_jp.json
NL,imports,JP,NL,2023,870322,ICE,,not_reported,48975107.0,EUR,eurostat_comext_ds045409,comext_imports_jp.json
NL,imports,JP,NL,2023,870323,ICE,,not_reported,121019815.0,EUR,eurostat_comext_ds045409,comext_imports_jp.json
NL,imports,JP,NL,2023,870324,ICE,,not_reported,25553560.0,EUR,eurostat_comext_ds045409,comext_imports_jp.json
NL,imports,JP,NL,2023,870331,ICE,,not_reported,799183.0,EUR,eurostat_comext_ds045409,comext_imports_jp.json
NL,imports,JP,NL,2023,870332,ICE,,not_reported,304459.0,EUR,eurostat_comext_ds045409,comext_imports_jp.json
NL,imports,JP,NL,2023,870333,ICE,,not_reported,949661.0,EUR,eurostat_comext_ds045409,comext_imports_jp.json
NL,imports,JP,NL,2023,870340,HEV,,not_reported,90418771.0,EUR,eurostat_comext_ds045409,comext_imports_jp.json
NL,imports,JP,NL,2023,870360,PHEV,,not_reported,370238.0,EUR,eurostat_comext_ds045409,comext_imports_jp.json
NL,imports,JP,NL,2023,870370,PHEV,,not_reported,18411.0,EUR,eurostat_comext_ds045409,comext_imports_jp.json
NL,imports,JP,NL,2023,870380,BEV,,not_reported,237935466.0,EUR,eurostat_comext_ds045409,comext_imports_jp.json
NL,imports,JP,NL,2023,870390,OTHER,,not_reported,158911.0,EUR,eurostat_comext_ds045409,comext_imports_jp.json
NL,imports,JP,NL,2024,870321,ICE,,not_reported,80100.0,EUR,eurostat_comext_ds045409,comext_imports_jp.json
NL,imports,JP,NL,2024,870322,ICE,,not_reported,67814938.0,EUR,eurostat_comext_ds045409,comext_imports_jp.json
NL,imports,JP,NL,2024,870323,ICE,,not_reported,70335503.0,EUR,eurostat_comext_ds045409,comext_imports_jp.json
NL,imports,JP,NL,2024,870324,ICE,,not_reported,27080141.0,EUR,eurostat_comext_ds045409,comext_imports_jp.json
NL,imports,JP,NL,2024,870331,ICE,,not_reported,18244.0,EUR,eurostat_comext_ds045409,comext_imports_jp.json
NL,imports,JP,NL,2024,870332,ICE,,not_reported,141992.0,EUR,eurostat_comext_ds045409,comext_imports_jp.json
NL,imports,JP,NL,2024,870333,ICE,,not_reported,2979665.0,EUR,eurostat_comext_ds045409,comext_imports_jp.json
NL,imports,JP,NL,2024,870340,HEV,,not_reported,132873413.0,EUR,eurostat_comext_ds045409,comext_imports_jp.json
NL,imports,JP,NL,2024,870350,HEV,,not_reported,10740.0,EUR,eurostat_comext_ds045409,comext_imports_jp.json
NL,imports,JP,NL,2024,870360,PHEV,,not_reported,9816851.0,EUR,eurostat_comext_ds045409,comext_imports_jp.json
NL,imports,JP,NL,2024,870380,BEV,,not_reported,335842312.0,EUR,eurostat_comext_ds045409,comext_imports_jp.json
NL,imports,JP,NL,2024,870390,OTHER,,not_reported,184969.0,EUR,eurostat_comext_ds045409,comext_imports_jp.json
NL,imports,JP,NL,2025,870321,ICE,,not_reported,414488.0,EUR,eurostat_comext_ds045409,comext_imports_jp.json
NL,imports,JP,NL,2025,870322,ICE,,not_reported,88870234.0,EUR,eurostat_comext_ds045409,comext_imports_jp.json
NL,imports,JP,NL,2025,870323,ICE,,not_reported,65734542.0,EUR,eurostat_comext_ds045409,comext_imports_jp.json
NL,imports,JP,NL,2025,870324,ICE,,not_reported,35894423.0,EUR,eurostat_comext_ds045409,comext_imports_jp.json
NL,imports,JP,NL,2025,870331,ICE,,not_reported,17674.0,EUR,eurostat_comext_ds045409,comext_imports_jp.json
NL,imports,JP,NL,2025,870332,ICE,,not_reported,233451.0,EUR,eurostat_comext_ds045409,comext_imports_jp.json
NL,imports,JP,NL,2025,870333,ICE,,not_reported,2285907.0,EUR,eurostat_comext_ds045409,comext_imports_jp.json
NL,imports,JP,NL,2025,870340,HEV,,not_reported,106432040.0,EUR,eurostat_comext_ds045409,comext_imports_jp.json
NL,imports,JP,NL,2025,870360,PHEV,,not_reported,746191.0,EUR,eurostat_comext_ds045409,comext_imports_jp.json
NL,imports,JP,NL,2025,870370,PHEV,,not_reported,7234.0,EUR,eurostat_comext_ds045409,comext_imports_jp.json
NL,imports,JP,NL,2025,870380,BEV,,not_reported,156416373.0,EUR,eurostat_comext_ds045409,comext_imports_jp.json
NL,imports,JP,NL,2025,870390,OTHER,,not_reported,143124.0,EUR,eurostat_comext_ds045409,comext_imports_jp.json
PL,imports,JP,PL,2022,870321,ICE,,not_reported,53676.0,EUR,eurostat_comext_ds045409,comext_imports_jp.json
PL,imports,JP,PL,2022,870322,ICE,,not_reported,6236763.0,EUR,eurostat_comext_ds045409,comext_imports_jp.json
PL,imports,JP,PL,2022,870323,ICE,,not_reported,2493542.0,EUR,eurostat_comext_ds045409,comext_imports_jp.json
PL,imports,JP,PL,2022,870324,ICE,,not_reported,463502.0,EUR,eurostat_comext_ds045409,comext_imports_jp.json
PL,imports,JP,PL,2022,870331,ICE,,not_reported,31489.0,EUR,eurostat_comext_ds045409,comext_imports_jp.json
PL,imports,JP,PL,2022,870332,ICE,,not_reported,709741.0,EUR,eurostat_comext_ds045409,comext_imports_jp.json
PL,imports,JP,PL,2022,870333,ICE,,not_reported,433827.0,EUR,eurostat_comext_ds045409,comext_imports_jp.json
PL,imports,JP,PL,2022,870340,HEV,,not_reported,11716828.0,EUR,eurostat_comext_ds045409,comext_imports_jp.json
PL,imports,JP,PL,2022,870350,HEV,,not_reported,9583.0,EUR,eurostat_comext_ds045409,comext_imports_jp.json
PL,imports,JP,PL,2022,870360,PHEV,,not_reported,13678699.0,EUR,eurostat_comext_ds045409,comext_imports_jp.json
PL,imports,JP,PL,2022,870380,BEV,,not_reported,14821297.0,EUR,eurostat_comext_ds045409,comext_imports_jp.json
PL,imports,JP,PL,2023,870321,ICE,,not_reported,44257.0,EUR,eurostat_comext_ds045409,comext_imports_jp.json
PL,imports,JP,PL,2023,870322,ICE,,not_reported,14825699.0,EUR,eurostat_comext_ds045409,comext_imports_jp.json
PL,imports,JP,PL,2023,870323,ICE,,not_reported,2633637.0,EUR,eurostat_comext_ds045409,comext_imports_jp.json
PL,imports,JP,PL,2023,870324,ICE,,not_reported,564508.0,EUR,eurostat_comext_ds045409,comext_imports_jp.json
PL,imports,JP,PL,2023,870331,ICE,,not_reported,29623.0,EUR,eurostat_comext_ds045409,comext_imports_jp.json
PL,imports,JP,PL,2023,870332,ICE,,not_reported,608969.0,EUR,eurostat_comext_ds045409,comext_imports_jp.json
PL,imports,JP,PL,2023,870333,ICE,,not_reported,234220.0,EUR,eurostat_comext_ds045409,comext_imports_jp.json
PL,imports,JP,PL,2023,870340,HEV,,not_reported,26786534.0,EUR,eurostat_comext_ds045409,comext_imports_jp.json
PL,imports,JP,PL,2023,870350,HEV,,not_reported,27972.0,EUR,eurostat_comext_ds045409,comext_imports_jp.json
PL,imports,JP,PL,2023,870360,PHEV,,not_reported,7810433.0,EUR,eurostat_comext_ds045409,comext_imports_jp.json
PL,imports,JP,PL,2023,870380,BEV,,not_reported,63501952.0,EUR,eurostat_comext_ds045409,comext_imports_jp.json
PL,imports,JP,PL,2024,870321,ICE,,not_reported,49497.0,EUR,eurostat_comext_ds045409,comext_imports_jp.json
PL,imports,JP,PL,2024,870322,ICE,,not_reported,41680504.0,EUR,eurostat_comext_ds045409,comext_imports_jp.json
PL,imports,JP,PL,2024,870323,ICE,,not_reported,1504557.0,EUR,eurostat_comext_ds045409,comext_imports_jp.json
PL,imports,JP,PL,2024,870324,ICE,,not_reported,210389.0,EUR,eurostat_comext_ds045409,comext_imports_jp.json
PL,imports,JP,PL,2024,870331,ICE,,not_reported,47188.0,EUR,eurostat_comext_ds045409,comext_imports_jp.json
PL,imports,JP,PL,2024,870332,ICE,,not_reported,474168.0,EUR,eurostat_comext_ds045409,comext_imports_jp.json
PL,imports,JP,PL,2024,870333,ICE,,not_reported,183725.0,EUR,eurostat_comext_ds045409,comext_imports_jp.json
PL,imports,JP,PL,2024,870340,HEV,,not_reported,1855295.0,EUR,eurostat_comext_ds045409,comext_imports_jp.json
PL,imports,JP,PL,2024,870350,HEV,,not_reported,39946.0,EUR,eurostat_comext_ds045409,comext_imports_jp.json
PL,imports,JP,PL,2024,870360,PHEV,,not_reported,3573965.0,EUR,eurostat_comext_ds045409,comext_imports_jp.json
PL,imports,JP,PL,2024,870380,BEV,,not_reported,51943566.0,EUR,eurostat_comext_ds045409,comext_imports_jp.json
PL,imports,JP,PL,2025,870321,ICE,,not_reported,51719.0,EUR,eurostat_comext_ds045409,comext_imports_jp.json
PL,imports,JP,PL,2025,870322,ICE,,not_reported,25791040.0,EUR,eurostat_comext_ds045409,comext_imports_jp.json
PL,imports,JP,PL,2025,870323,ICE,,not_reported,4054869.0,EUR,eurostat_comext_ds045409,comext_imports_jp.json
PL,imports,JP,PL,2025,870324,ICE,,not_reported,653626.0,EUR,eurostat_comext_ds045409,comext_imports_jp.json
PL,imports,JP,PL,2025,870331,ICE,,not_reported,46644.0,EUR,eurostat_comext_ds045409,comext_imports_jp.json
PL,imports,JP,PL,2025,870332,ICE,,not_reported,539653.0,EUR,eurostat_comext_ds045409,comext_imports_jp.json
PL,imports,JP,PL,2025,870333,ICE,,not_reported,354861.0,EUR,eurostat_comext_ds045409,comext_imports_jp.json
PL,imports,JP,PL,2025,870340,HEV,,not_reported,10472291.0,EUR,eurostat_comext_ds045409,comext_imports_jp.json
PL,imports,JP,PL,2025,870350,HEV,,not_reported,163363.0,EUR,eurostat_comext_ds045409,comext_imports_jp.json
PL,imports,JP,PL,2025,870360,PHEV,,not_reported,8645350.0,EUR,eurostat_comext_ds045409,comext_imports_jp.json
PL,imports,JP,PL,2025,870370,PHEV,,not_reported,9216.0,EUR,eurostat_comext_ds045409,comext_imports_jp.json
PL,imports,JP,PL,2025,870380,BEV,,not_reported,43870369.0,EUR,eurostat_comext_ds045409,comext_imports_jp.json
PT,imports,JP,PT,2022,870321,ICE,,not_reported,8152.0,EUR,eurostat_comext_ds045409,comext_imports_jp.json
PT,imports,JP,PT,2022,870332,ICE,,not_reported,37270.0,EUR,eurostat_comext_ds045409,comext_imports_jp.json
PT,imports,JP,PT,2022,870333,ICE,,not_reported,36129.0,EUR,eurostat_comext_ds045409,comext_imports_jp.json
PT,imports,JP,PT,2022,870340,HEV,,not_reported,12517398.0,EUR,eurostat_comext_ds045409,comext_imports_jp.json
PT,imports,JP,PT,2022,870360,PHEV,,not_reported,10131437.0,EUR,eurostat_comext_ds045409,comext_imports_jp.json
PT,imports,JP,PT,2022,870380,BEV,,not_reported,24630.0,EUR,eurostat_comext_ds045409,comext_imports_jp.json
PT,imports,JP,PT,2023,870323,ICE,,not_reported,353130.0,EUR,eurostat_comext_ds045409,comext_imports_jp.json
PT,imports,JP,PT,2023,870333,ICE,,not_reported,88224.0,EUR,eurostat_comext_ds045409,comext_imports_jp.json
PT,imports,JP,PT,2023,870340,HEV,,not_reported,10959480.0,EUR,eurostat_comext_ds045409,comext_imports_jp.json
PT,imports,JP,PT,2023,870360,PHEV,,not_reported,8994399.0,EUR,eurostat_comext_ds045409,comext_imports_jp.json
PT,imports,JP,PT,2023,870380,BEV,,not_reported,49260.0,EUR,eurostat_comext_ds045409,comext_imports_jp.json
PT,imports,JP,PT,2024,870323,ICE,,not_reported,678704.0,EUR,eurostat_comext_ds045409,comext_imports_jp.json
PT,imports,JP,PT,2024,870333,ICE,,not_reported,373500.0,EUR,eurostat_comext_ds045409,comext_imports_jp.json
PT,imports,JP,PT,2024,870340,HEV,,not_reported,25332980.0,EUR,eurostat_comext_ds045409,comext_imports_jp.json
PT,imports,JP,PT,2024,870360,PHEV,,not_reported,4896375.0,EUR,eurostat_comext_ds045409,comext_imports_jp.json
PT,imports,JP,PT,2024,870380,BEV,,not_reported,26531010.0,EUR,eurostat_comext_ds045409,comext_imports_jp.json
PT,imports,JP,PT,2025,870322,ICE,,not_reported,12093.0,EUR,eurostat_comext_ds045409,comext_imports_jp.json
PT,imports,JP,PT,2025,870323,ICE,,not_reported,699800.0,EUR,eurostat_comext_ds045409,comext_imports_jp.json
PT,imports,JP,PT,2025,870324,ICE,,not_reported,51500.0,EUR,eurostat_comext_ds045409,comext_imports_jp.json
PT,imports,JP,PT,2025,870332,ICE,,not_reported,12720.0,EUR,eurostat_comext_ds045409,comext_imports_jp.json
PT,imports,JP,PT,2025,870333,ICE,,not_reported,13422.0,EUR,eurostat_comext_ds045409,comext_imports_jp.json
PT,imports,JP,PT,2025,870340,HEV,,not_reported,12476260.0,EUR,eurostat_comext_ds045409,comext_imports_jp.json
PT,imports,JP,PT,2025,870360,PHEV,,not_reported,9342907.0,EUR,eurostat_comext_ds045409,comext_imports_jp.json
PT,imports,JP,PT,2025,870380,BEV,,not_reported,4058830.0,EUR,eurostat_comext_ds045409,comext_imports_jp.json
RO,imports,JP,RO,2022,870321,ICE,,not_reported,1393.0,EUR,eurostat_comext_ds045409,comext_imports_jp.json
RO,imports,JP,RO,2022,870322,ICE,,not_reported,55983.0,EUR,eurostat_comext_ds045409,comext_imports_jp.json
RO,imports,JP,RO,2022,870323,ICE,,not_reported,3871278.0,EUR,eurostat_comext_ds045409,comext_imports_jp.json
RO,imports,JP,RO,2022,870324,ICE,,not_reported,915177.0,EUR,eurostat_comext_ds045409,comext_imports_jp.json
RO,imports,JP,RO,2022,870331,ICE,,not_reported,16884.0,EUR,eurostat_comext_ds045409,comext_imports_jp.json
RO,imports,JP,RO,2022,870332,ICE,,not_reported,129812.0,EUR,eurostat_comext_ds045409,comext_imports_jp.json
RO,imports,JP,RO,2022,870333,ICE,,not_reported,9239824.0,EUR,eurostat_comext_ds045409,comext_imports_jp.json
RO,imports,JP,RO,2022,870340,HEV,,not_reported,66173525.0,EUR,eurostat_comext_ds045409,comext_imports_jp.json
RO,imports,JP,RO,2022,870360,PHEV,,not_reported,4134401.0,EUR,eurostat_comext_ds045409,comext_imports_jp.json
RO,imports,JP,RO,2022,870380,BEV,,not_reported,7938609.0,EUR,eurostat_comext_ds045409,comext_imports_jp.json
RO,imports,JP,RO,2023,870321,ICE,,not_reported,1900.0,EUR,eurostat_comext_ds045409,comext_imports_jp.json
RO,imports,JP,RO,2023,870322,ICE,,not_reported,28243.0,EUR,eurostat_comext_ds045409,comext_imports_jp.json
RO,imports,JP,RO,2023,870323,ICE,,not_reported,2072319.0,EUR,eurostat_comext_ds045409,comext_imports_jp.json
RO,imports,JP,RO,2023,870324,ICE,,not_reported,644835.0,EUR,eurostat_comext_ds045409,comext_imports_jp.json
RO,imports,JP,RO,2023,870331,ICE,,not_reported,22391.0,EUR,eurostat_comext_ds045409,comext_imports_jp.json
RO,imports,JP,RO,2023,870332,ICE,,not_reported,121994.0,EUR,eurostat_comext_ds045409,comext_imports_jp.json
RO,imports,JP,RO,2023,870333,ICE,,not_reported,9675383.0,EUR,eurostat_comext_ds045409,comext_imports_jp.json
RO,imports,JP,RO,2023,870340,HEV,,not_reported,108489639.0,EUR,eurostat_comext_ds045409,comext_imports_jp.json
RO,imports,JP,RO,2023,870360,PHEV,,not_reported,2831088.0,EUR,eurostat_comext_ds045409,comext_imports_jp.json
RO,imports,JP,RO,2023,870380,BEV,,not_reported,1808384.0,EUR,eurostat_comext_ds045409,comext_imports_jp.json
RO,imports,JP,RO,2024,870321,ICE,,not_reported,45062.0,EUR,eurostat_comext_ds045409,comext_imports_jp.json
RO,imports,JP,RO,2024,870322,ICE,,not_reported,23734.0,EUR,eurostat_comext_ds045409,comext_imports_jp.json
RO,imports,JP,RO,2024,870323,ICE,,not_reported,705714.0,EUR,eurostat_comext_ds045409,comext_imports_jp.json
RO,imports,JP,RO,2024,870324,ICE,,not_reported,398358.0,EUR,eurostat_comext_ds045409,comext_imports_jp.json
RO,imports,JP,RO,2024,870331,ICE,,not_reported,15036.0,EUR,eurostat_comext_ds045409,comext_imports_jp.json
RO,imports,JP,RO,2024,870332,ICE,,not_reported,115931.0,EUR,eurostat_comext_ds045409,comext_imports_jp.json
RO,imports,JP,RO,2024,870333,ICE,,not_reported,7221374.0,EUR,eurostat_comext_ds045409,comext_imports_jp.json
RO,imports,JP,RO,2024,870340,HEV,,not_reported,161524646.0,EUR,eurostat_comext_ds045409,comext_imports_jp.json
RO,imports,JP,RO,2024,870360,PHEV,,not_reported,2499872.0,EUR,eurostat_comext_ds045409,comext_imports_jp.json
RO,imports,JP,RO,2024,870380,BEV,,not_reported,3666608.0,EUR,eurostat_comext_ds045409,comext_imports_jp.json
RO,imports,JP,RO,2025,870321,ICE,,not_reported,18708.0,EUR,eurostat_comext_ds045409,comext_imports_jp.json
RO,imports,JP,RO,2025,870322,ICE,,not_reported,58223.0,EUR,eurostat_comext_ds045409,comext_imports_jp.json
RO,imports,JP,RO,2025,870323,ICE,,not_reported,555676.0,EUR,eurostat_comext_ds045409,comext_imports_jp.json
RO,imports,JP,RO,2025,870324,ICE,,not_reported,471110.0,EUR,eurostat_comext_ds045409,comext_imports_jp.json
RO,imports,JP,RO,2025,870331,ICE,,not_reported,9491.0,EUR,eurostat_comext_ds045409,comext_imports_jp.json
RO,imports,JP,RO,2025,870332,ICE,,not_reported,126202.0,EUR,eurostat_comext_ds045409,comext_imports_jp.json
RO,imports,JP,RO,2025,870333,ICE,,not_reported,11566893.0,EUR,eurostat_comext_ds045409,comext_imports_jp.json
RO,imports,JP,RO,2025,870340,HEV,,not_reported,137892585.0,EUR,eurostat_comext_ds045409,comext_imports_jp.json
RO,imports,JP,RO,2025,870350,HEV,,not_reported,105067.0,EUR,eurostat_comext_ds045409,comext_imports_jp.json
RO,imports,JP,RO,2025,870360,PHEV,,not_reported,4069061.0,EUR,eurostat_comext_ds045409,comext_imports_jp.json
RO,imports,JP,RO,2025,870380,BEV,,not_reported,1679313.0,EUR,eurostat_comext_ds045409,comext_imports_jp.json
SE,imports,JP,SE,2022,870321,ICE,,not_reported,10570.0,EUR,eurostat_comext_ds045409,comext_imports_jp.json
SE,imports,JP,SE,2022,870322,ICE,,not_reported,2514227.0,EUR,eurostat_comext_ds045409,comext_imports_jp.json
SE,imports,JP,SE,2022,870323,ICE,,not_reported,50900962.0,EUR,eurostat_comext_ds045409,comext_imports_jp.json
SE,imports,JP,SE,2022,870324,ICE,,not_reported,311734.0,EUR,eurostat_comext_ds045409,comext_imports_jp.json
SE,imports,JP,SE,2022,870331,ICE,,not_reported,19225.0,EUR,eurostat_comext_ds045409,comext_imports_jp.json
SE,imports,JP,SE,2022,870332,ICE,,not_reported,47237.0,EUR,eurostat_comext_ds045409,comext_imports_jp.json
SE,imports,JP,SE,2022,870333,ICE,,not_reported,43217758.0,EUR,eurostat_comext_ds045409,comext_imports_jp.json
SE,imports,JP,SE,2022,870340,HEV,,not_reported,13871299.0,EUR,eurostat_comext_ds045409,comext_imports_jp.json
SE,imports,JP,SE,2022,870350,HEV,,not_reported,4172.0,EUR,eurostat_comext_ds045409,comext_imports_jp.json
SE,imports,JP,SE,2022,870360,PHEV,,not_reported,14356317.0,EUR,eurostat_comext_ds045409,comext_imports_jp.json
SE,imports,JP,SE,2022,870380,BEV,,not_reported,19110785.0,EUR,eurostat_comext_ds045409,comext_imports_jp.json
SE,imports,JP,SE,2022,870390,OTHER,,not_reported,2428.0,EUR,eurostat_comext_ds045409,comext_imports_jp.json
SE,imports,JP,SE,2023,870321,ICE,,not_reported,8756.0,EUR,eurostat_comext_ds045409,comext_imports_jp.json
SE,imports,JP,SE,2023,870322,ICE,,not_reported,3921453.0,EUR,eurostat_comext_ds045409,comext_imports_jp.json
SE,imports,JP,SE,2023,870323,ICE,,not_reported,92732335.0,EUR,eurostat_comext_ds045409,comext_imports_jp.json
SE,imports,JP,SE,2023,870324,ICE,,not_reported,182998.0,EUR,eurostat_comext_ds045409,comext_imports_jp.json
SE,imports,JP,SE,2023,870331,ICE,,not_reported,22363.0,EUR,eurostat_comext_ds045409,comext_imports_jp.json
SE,imports,JP,SE,2023,870332,ICE,,not_reported,249295.0,EUR,eurostat_comext_ds045409,comext_imports_jp.json
SE,imports,JP,SE,2023,870333,ICE,,not_reported,5074372.0,EUR,eurostat_comext_ds045409,comext_imports_jp.json
SE,imports,JP,SE,2023,870340,HEV,,not_reported,30070870.0,EUR,eurostat_comext_ds045409,comext_imports_jp.json
SE,imports,JP,SE,2023,870350,HEV,,not_reported,15535.0,EUR,eurostat_comext_ds045409,comext_imports_jp.json
SE,imports,JP,SE,2023,870360,PHEV,,not_reported,10306847.0,EUR,eurostat_comext_ds045409,comext_imports_jp.json
SE,imports,JP,SE,2023,870370,PHEV,,not_reported,3357.0,EUR,eurostat_comext_ds045409,comext_imports_jp.json
SE,imports,JP,SE,2023,870380,BEV,,not_reported,43418220.0,EUR,eurostat_comext_ds045409,comext_imports_jp.json
SE,imports,JP,SE,2024,870321,ICE,,not_reported,7399.0,EUR,eurostat_comext_ds045409,comext_imports_jp.json
SE,imports,JP,SE,2024,870322,ICE,,not_reported,3519300.0,EUR,eurostat_comext_ds045409,comext_imports_jp.json
SE,imports,JP,SE,2024,870323,ICE,,not_reported,78299655.0,EUR,eurostat_comext_ds045409,comext_imports_jp.json
SE,imports,JP,SE,2024,870324,ICE,,not_reported,476745.0,EUR,eurostat_comext_ds045409,comext_imports_jp.json
SE,imports,JP,SE,2024,870331,ICE,,not_reported,3467.0,EUR,eurostat_comext_ds045409,comext_imports_jp.json
SE,imports,JP,SE,2024,870332,ICE,,not_reported,57730.0,EUR,eurostat_comext_ds045409,comext_imports_jp.json
SE,imports,JP,SE,2024,870333,ICE,,not_reported,5024.0,EUR,eurostat_comext_ds045409,comext_imports_jp.json
SE,imports,JP,SE,2024,870340,HEV,,not_reported,34426130.0,EUR,eurostat_comext_ds045409,comext_imports_jp.json
SE,imports,JP,SE,2024,870360,PHEV,,not_reported,4427801.0,EUR,eurostat_comext_ds045409,comext_imports_jp.json
SE,imports,JP,SE,2024,870380,BEV,,not_reported,52267031.0,EUR,eurostat_comext_ds045409,comext_imports_jp.json
SE,imports,JP,SE,2024,870390,OTHER,,not_reported,4213.0,EUR,eurostat_comext_ds045409,comext_imports_jp.json
SE,imports,JP,SE,2025,870322,ICE,,not_reported,5756865.0,EUR,eurostat_comext_ds045409,comext_imports_jp.json
SE,imports,JP,SE,2025,870323,ICE,,not_reported,63827853.0,EUR,eurostat_comext_ds045409,comext_imports_jp.json
SE,imports,JP,SE,2025,870324,ICE,,not_reported,928418.0,EUR,eurostat_comext_ds045409,comext_imports_jp.json
SE,imports,JP,SE,2025,870331,ICE,,not_reported,1447.0,EUR,eurostat_comext_ds045409,comext_imports_jp.json
SE,imports,JP,SE,2025,870332,ICE,,not_reported,25086.0,EUR,eurostat_comext_ds045409,comext_imports_jp.json
SE,imports,JP,SE,2025,870333,ICE,,not_reported,4220.0,EUR,eurostat_comext_ds045409,comext_imports_jp.json
SE,imports,JP,SE,2025,870340,HEV,,not_reported,10070260.0,EUR,eurostat_comext_ds045409,comext_imports_jp.json
SE,imports,JP,SE,2025,870360,PHEV,,not_reported,3271821.0,EUR,eurostat_comext_ds045409,comext_imports_jp.json
SE,imports,JP,SE,2025,870380,BEV,,not_reported,33471750.0,EUR,eurostat_comext_ds045409,comext_imports_jp.json
SI,imports,JP,SI,2022,870322,ICE,,not_reported,414366.0,EUR,eurostat_comext_ds045409,comext_imports_jp.json
SI,imports,JP,SI,2022,870323,ICE,,not_reported,1888715.0,EUR,eurostat_comext_ds045409,comext_imports_jp.json
SI,imports,JP,SI,2022,870324,ICE,,not_reported,25588.0,EUR,eurostat_comext_ds045409,comext_imports_jp.json
SI,imports,JP,SI,2022,870332,ICE,,not_reported,15760563.0,EUR,eurostat_comext_ds045409,comext_imports_jp.json
SI,imports,JP,SI,2022,870333,ICE,,not_reported,2196132.0,EUR,eurostat_comext_ds045409,comext_imports_jp.json
SI,imports,JP,SI,2022,870340,HEV,,not_reported,20938560.0,EUR,eurostat_comext_ds045409,comext_imports_jp.json
SI,imports,JP,SI,2022,870360,PHEV,,not_reported,4935155.0,EUR,eurostat_comext_ds045409,comext_imports_jp.json
SI,imports,JP,SI,2022,870380,BEV,,not_reported,1715385.0,EUR,eurostat_comext_ds045409,comext_imports_jp.json
SI,imports,JP,SI,2023,870322,ICE,,not_reported,822452.0,EUR,eurostat_comext_ds045409,comext_imports_jp.json
SI,imports,JP,SI,2023,870323,ICE,,not_reported,1716336.0,EUR,eurostat_comext_ds045409,comext_imports_jp.json
SI,imports,JP,SI,2023,870324,ICE,,not_reported,241705.0,EUR,eurostat_comext_ds045409,comext_imports_jp.json
SI,imports,JP,SI,2023,870332,ICE,,not_reported,12863556.0,EUR,eurostat_comext_ds045409,comext_imports_jp.json
SI,imports,JP,SI,2023,870333,ICE,,not_reported,1177495.0,EUR,eurostat_comext_ds045409,comext_imports_jp.json
SI,imports,JP,SI,2023,870340,HEV,,not_reported,32096290.0,EUR,eurostat_comext_ds045409,comext_imports_jp.json
SI,imports,JP,SI,2023,870360,PHEV,,not_reported,6751771.0,EUR,eurostat_comext_ds045409,comext_imports_jp.json
SI,imports,JP,SI,2023,870380,BEV,,not_reported,2172591.0,EUR,eurostat_comext_ds045409,comext_imports_jp.json
SI,imports,JP,SI,2024,870322,ICE,,not_reported,184221.0,EUR,eurostat_comext_ds045409,comext_imports_jp.json
SI,imports,JP,SI,2024,870323,ICE,,not_reported,1164413.0,EUR,eurostat_comext_ds045409,comext_imports_jp.json
SI,imports,JP,SI,2024,870324,ICE,,not_reported,261877.0,EUR,eurostat_comext_ds045409,comext_imports_jp.json
SI,imports,JP,SI,2024,870332,ICE,,not_reported,868176.0,EUR,eurostat_comext_ds045409,comext_imports_jp.json
SI,imports,JP,SI,2024,870333,ICE,,not_reported,4000846.0,EUR,eurostat_comext_ds045409,comext_imports_jp.json
SI,imports,JP,SI,2024,870340,HEV,,not_reported,36144581.0,EUR,eurostat_comext_ds045409,comext_imports_jp.json
SI,imports,JP,SI,2024,870360,PHEV,,not_reported,13932786.0,EUR,eurostat_comext_ds045409,comext_imports_jp.json
SI,imports,JP,SI,2024,870380,BEV,,not_reported,1187673.0,EUR,eurostat_comext_ds045409,comext_imports_jp.json
SI,imports,JP,SI,2025,870322,ICE,,not_reported,429210.0,EUR,eurostat_comext_ds045409,comext_imports_jp.json
SI,imports,JP,SI,2025,870323,ICE,,not_reported,2205557.0,EUR,eurostat_comext_ds045409,comext_imports_jp.json
SI,imports,JP,SI,2025,870324,ICE,,not_reported,66865.0,EUR,eurostat_comext_ds045409,comext_imports_jp.json
SI,imports,JP,SI,2025,870332,ICE,,not_reported,35179.0,EUR,eurostat_comext_ds045409,comext_imports_jp.json
SI,imports,JP,SI,2025,870333,ICE,,not_reported,4848747.0,EUR,eurostat_comext_ds045409,comext_imports_jp.json
SI,imports,JP,SI,2025,870340,HEV,,not_reported,40651727.0,EUR,eurostat_comext_ds045409,comext_imports_jp.json
SI,imports,JP,SI,2025,870350,HEV,,not_reported,86307.0,EUR,eurostat_comext_ds045409,comext_imports_jp.json
SI,imports,JP,SI,2025,870360,PHEV,,not_reported,23318843.0,EUR,eurostat_comext_ds045409,comext_imports_jp.json
SI,imports,JP,SI,2025,870380,BEV,,not_reported,2630222.0,EUR,eurostat_comext_ds045409,comext_imports_jp.json
SK,imports,JP,SK,2022,870321,ICE,,not_reported,4521.0,EUR,eurostat_comext_ds045409,comext_imports_jp.json
SK,imports,JP,SK,2022,870322,ICE,,not_reported,42176.0,EUR,eurostat_comext_ds045409,comext_imports_jp.json
SK,imports,JP,SK,2022,870323,ICE,,not_reported,169279.0,EUR,eurostat_comext_ds045409,comext_imports_jp.json
SK,imports,JP,SK,2022,870324,ICE,,not_reported,108494.0,EUR,eurostat_comext_ds045409,comext_imports_jp.json
SK,imports,JP,SK,2022,870332,ICE,,not_reported,37492.0,EUR,eurostat_comext_ds045409,comext_imports_jp.json
SK,imports,JP,SK,2022,870333,ICE,,not_reported,94839.0,EUR,eurostat_comext_ds045409,comext_imports_jp.json
SK,imports,JP,SK,2022,870340,HEV,,not_reported,56532.0,EUR,eurostat_comext_ds045409,comext_imports_jp.json
SK,imports,JP,SK,2022,870360,PHEV,,not_reported,10233.0,EUR,eurostat_comext_ds045409,comext_imports_jp.json
SK,imports,JP,SK,2022,870380,BEV,,not_reported,18911.0,EUR,eurostat_comext_ds045409,comext_imports_jp.json
SK,imports,JP,SK,2023,870322,ICE,,not_reported,13574.0,EUR,eurostat_comext_ds045409,comext_imports_jp.json
SK,imports,JP,SK,2023,870323,ICE,,not_reported,252546.0,EUR,eurostat_comext_ds045409,comext_imports_jp.json
SK,imports,JP,SK,2023,870324,ICE,,not_reported,118133.0,EUR,eurostat_comext_ds045409,comext_imports_jp.json
SK,imports,JP,SK,2023,870331,ICE,,not_reported,800.0,EUR,eurostat_comext_ds045409,comext_imports_jp.json
SK,imports,JP,SK,2023,870332,ICE,,not_reported,20883.0,EUR,eurostat_comext_ds045409,comext_imports_jp.json
SK,imports,JP,SK,2023,870333,ICE,,not_reported,41219.0,EUR,eurostat_comext_ds045409,comext_imports_jp.json
SK,imports,JP,SK,2023,870340,HEV,,not_reported,127305.0,EUR,eurostat_comext_ds045409,comext_imports_jp.json
SK,imports,JP,SK,2024,870322,ICE,,not_reported,97490.0,EUR,eurostat_comext_ds045409,comext_imports_jp.json
SK,imports,JP,SK,2024,870323,ICE,,not_reported,183424.0,EUR,eurostat_comext_ds045409,comext_imports_jp.json
SK,imports,JP,SK,2024,870324,ICE,,not_reported,80137.0,EUR,eurostat_comext_ds045409,comext_imports_jp.json
SK,imports,JP,SK,2024,870332,ICE,,not_reported,13613.0,EUR,eurostat_comext_ds045409,comext_imports_jp.json
SK,imports,JP,SK,2024,870333,ICE,,not_reported,208056.0,EUR,eurostat_comext_ds045409,comext_imports_jp.json
SK,imports,JP,SK,2024,870340,HEV,,not_reported,23967.0,EUR,eurostat_comext_ds045409,comext_imports_jp.json
SK,imports,JP,SK,2024,870380,BEV,,not_reported,1888.0,EUR,eurostat_comext_ds045409,comext_imports_jp.json
SK,imports,JP,SK,2025,870322,ICE,,not_reported,44186.0,EUR,eurostat_comext_ds045409,comext_imports_jp.json
SK,imports,JP,SK,2025,870323,ICE,,not_reported,184964.0,EUR,eurostat_comext_ds045409,comext_imports_jp.json
SK,imports,JP,SK,2025,870324,ICE,,not_reported,48018.0,EUR,eurostat_comext_ds045409,comext_imports_jp.json
SK,imports,JP,SK,2025,870332,ICE,,not_reported,27277.0,EUR,eurostat_comext_ds045409,comext_imports_jp.json
SK,imports,JP,SK,2025,870333,ICE,,not_reported,18190.0,EUR,eurostat_comext_ds045409,comext_imports_jp.json
SK,imports,JP,SK,2025,870340,HEV,,not_reported,126926.0,EUR,eurostat_comext_ds045409,comext_imports_jp.json
SK,imports,JP,SK,2025,870350,HEV,,not_reported,32408.0,EUR,eurostat_comext_ds045409,comext_imports_jp.json
JP,exports,JP,US,2022,870321,ICE,11391,estimated,43276640.827,USD,un_comtrade_public,comtrade_jp_x_us_2022.json
JP,exports,JP,US,2022,870322,ICE,70876,reported,1713225776.876,USD,un_comtrade_public,comtrade_jp_x_us_2022.json
JP,exports,JP,US,2022,870323,ICE,796288,reported,17537291512.099,USD,un_comtrade_public,comtrade_jp_x_us_2022.json
JP,exports,JP,US,2022,870324,ICE,214793,reported,7841568406.044,USD,un_comtrade_public,comtrade_jp_x_us_2022.json
JP,exports,JP,US,2022,870331,ICE,1,reported,15209.34,USD,un_comtrade_public,comtrade_jp_x_us_2022.json
JP,exports,JP,US,2022,870332,ICE,263,reported,1553375.522,USD,un_comtrade_public,comtrade_jp_x_us_2022.json
JP,exports,JP,US,2022,870333,ICE,1119,reported,9073124.172,USD,un_comtrade_public,comtrade_jp_x_us_2022.json
JP,exports,JP,US,2022,870340,HEV,155260,reported,3777557943.3,USD,un_comtrade_public,comtrade_jp_x_us_2022.json
JP,exports,JP,US,2022,870360,PHEV,39054,reported,1207374375.783,USD,un_comtrade_public,comtrade_jp_x_us_2022.json
JP,exports,JP,US,2022,870380,BEV,11858,reported,478692356.423,USD,un_comtrade_public,comtrade_jp_x_us_2022.json
JP,exports,JP,US,2022,870390,OTHER,132,reported,3142531.017,USD,un_comtrade_public,comtrade_jp_x_us_2022.json
JP,exports,JP,US,2023,870321,ICE,9912,estimated,36167846.462,USD,un_comtrade_public,comtrade_jp_x_us_2023.json
JP,exports,JP,US,2023,870322,ICE,126808,reported,3044418789.268,USD,un_comtrade_public,comtrade_jp_x_us_2023.json
JP,exports,JP,US,2023,870323,ICE,749198,reported,17085560942.626,USD,un_comtrade_public,comtrade_jp_x_us_2023.json
JP,exports,JP,US,2023,870324,ICE,258298,reported,9923235659.438,USD,un_comtrade_public,comtrade_jp_x_us_2023.json
JP,exports,JP,US,2023,870331,ICE,5,reported,77444.524,USD,un_comtrade_public,comtrade_jp_x_us_2023.json
JP,exports,JP,US,2023,870332,ICE,194,reported,1217446.053,USD,un_comtrade_public,comtrade_jp_x_us_2023.json
JP,exports,JP,US,2023,870333,ICE,1084,reported,8541817.353,USD,un_comtrade_public,comtrade_jp_x_us_2023.json
JP,exports,JP,US,2023,870340,HEV,240764,reported,6274765291.476,USD,un_comtrade_public,comtrade_jp_x_us_2023.json
JP,exports,JP,US,2023,870360,PHEV,69068,reported,2484401911.635,USD,un_comtrade_public,comtrade_jp_x_us_2023.json
JP,exports,JP,US,2023,870380,BEV,50761,reported,2193813802.267,USD,un_comtrade_public,comtrade_jp_x_us_2023.json
JP,exports,JP,US,2023,870390,OTHER,177,reported,3435927.433,USD,un_comtrade_public,comtrade_jp_x_us_2023.json
JP,exports,JP,US,2024,870321,ICE,7626,estimated,29452769.639,USD,un_comtrade_public,comtrade_jp_x_us_2024.json
JP,exports,JP,US,2024,870322,ICE,115029,reported,2842236259.47,USD,un_comtrade_public,comtrade_jp_x_us_2024.json
JP,exports,JP,US,2024,870323,ICE,622552,reported,14278007027.166,USD,un_comtrade_public,comtrade_jp_x_us_2024.json
JP,exports,JP,US,2024,870324,ICE,208933,reported,8609051633.743,USD,un_comtrade_public,comtrade_jp_x_us_2024.json
JP,exports,JP,US,2024,870332,ICE,137,reported,889867.777,USD,un_comtrade_public,comtrade_jp_x_us_2024.json
JP,exports,JP,US,2024,870333,ICE,892,reported,7778553.997,USD,un_comtrade_public,comtrade_jp_x_us_2024.json
JP,exports,JP,US,2024,870340,HEV,275379,reported,8224355397.325,USD,un_comtrade_public,comtrade_jp_x_us_2024.json
JP,exports,JP,US,2024,870350,HEV,,not_reported,4479.2,USD,un_comtrade_public,comtrade_jp_x_us_2024.json
JP,exports,JP,US,2024,870360,PHEV,83007,reported,3040224982.325,USD,un_comtrade_public,comtrade_jp_x_us_2024.json
JP,exports,JP,US,2024,870380,BEV,65344,reported,2602736000.238,USD,un_comtrade_public,comtrade_jp_x_us_2024.json
JP,exports,JP,US,2024,870390,OTHER,126,reported,2940079.638,USD,un_comtrade_public,comtrade_jp_x_us_2024.json
JP,exports,JP,US,2025,870321,ICE,6098,estimated,29406874.909,USD,un_comtrade_public,comtrade_jp_x_us_2025.json
JP,exports,JP,US,2025,870322,ICE,88054,reported,1879627137.026,USD,un_comtrade_public,comtrade_jp_x_us_2025.json
JP,exports,JP,US,2025,870323,ICE,660879,reported,14553382276.736,USD,un_comtrade_public,comtrade_jp_x_us_2025.json
JP,exports,JP,US,2025,870324,ICE,143014,estimated,5543178903.075,USD,un_comtrade_public,comtrade_jp_x_us_2025.json
JP,exports,JP,US,2025,870331,ICE,1,reported,3061.212,USD,un_comtrade_public,comtrade_jp_x_us_2025.json
JP,exports,JP,US,2025,870332,ICE,130,reported,1293191.914,USD,un_comtrade_public,comtrade_jp_x_us_2025.json
JP,exports,JP,US,2025,870333,ICE,743,reported,7151340.628,USD,un_comtrade_public,comtrade_jp_x_us_2025.json
JP,exports,JP,US,2025,870340,HEV,362197,reported,10086447893.56,USD,un_comtrade_public,comtrade_jp_x_us_2025.json
JP,exports,JP,US,2025,870360,PHEV,69056,reported,2310138224.702,USD,un_comtrade_public,comtrade_jp_x_us_2025.json
JP,exports,JP,US,2025,870380,BEV,43193,reported,1355087157.179,USD,un_comtrade_public,comtrade_jp_x_us_2025.json
JP,exports,JP,US,2025,870390,OTHER,93,reported,2304377.161,USD,un_comtrade_public,comtrade_jp_x_us_2025.json
US,imports,JP,US,2022,870321,ICE,1741,reported,9706011.0,USD,un_comtrade_public,comtrade_us_m_jp_2022.json
US,imports,JP,US,2022,870322,ICE,54054,reported,1301733628.0,USD,un_comtrade_public,comtrade_us_m_jp_2022.json
US,imports,JP,US,2022,870323,ICE,819666,reported,18411842289.0,USD,un_comtrade_public,comtrade_us_m_jp_2022.json
US,imports,JP,US,2022,870324,ICE,224609,reported,8240807154.0,USD,un_comtrade_public,comtrade_us_m_jp_2022.json
US,imports,JP,US,2022,870331,ICE,93,reported,1095096.0,USD,un_comtrade_public,comtrade_us_m_jp_2022.json
US,imports,JP,US,2022,870332,ICE,503,reported,5062998.0,USD,un_comtrade_public,comtrade_us_m_jp_2022.json
US,imports,JP,US,2022,870333,ICE,1070,reported,10264518.0,USD,un_comtrade_public,comtrade_us_m_jp_2022.json
US,imports,JP,US,2022,870340,HEV,160387,reported,4035802375.0,USD,un_comtrade_public,comtrade_us_m_jp_2022.json
US,imports,JP,US,2022,870350,HEV,8,reported,121473.0,USD,un_comtrade_public,comtrade_us_m_jp_2022.json
US,imports,JP,US,2022,870360,PHEV,37674,reported,1143448061.0,USD,un_comtrade_public,comtrade_us_m_jp_2022.json
US,imports,JP,US,2022,870370,PHEV,103,reported,417128.0,USD,un_comtrade_public,comtrade_us_m_jp_2022.json
US,imports,JP,US,2022,870380,BEV,9418,reported,361690086.0,USD,un_comtrade_public,comtrade_us_m_jp_2022.json
US,imports,JP,US,2022,870390,OTHER,233,reported,2325806.0,USD,un_comtrade_public,comtrade_us_m_jp_2022.json
US,imports,JP,US,2023,870321,ICE,2067,reported,9528162.0,USD,un_comtrade_public,comtrade_us_m_jp_2023.json
US,imports,JP,US,2023,870322,ICE,119815,reported,2924353744.0,USD,un_comtrade_public,comtrade_us_m_jp_2023.json
US,imports,JP,US,2023,870323,ICE,743016,reported,17323071936.0,USD,un_comtrade_public,comtrade_us_m_jp_2023.json
US,imports,JP,US,2023,870324,ICE,229393,reported,9015648421.0,USD,un_comtrade_public,comtrade_us_m_jp_2023.json
US,imports,JP,US,2023,870331,ICE,103,reported,1353080.0,USD,un_comtrade_public,comtrade_us_m_jp_2023.json
US,imports,JP,US,2023,870332,ICE,468,reported,4746708.0,USD,un_comtrade_public,comtrade_us_m_jp_2023.json
US,imports,JP,US,2023,870333,ICE,1034,reported,9654352.0,USD,un_comtrade_public,comtrade_us_m_jp_2023.json
US,imports,JP,US,2023,870340,HEV,254974,reported,7050749185.0,USD,un_comtrade_public,comtrade_us_m_jp_2023.json
US,imports,JP,US,2023,870350,HEV,5,reported,37894.0,USD,un_comtrade_public,comtrade_us_m_jp_2023.json
US,imports,JP,US,2023,870360,PHEV,65724,reported,2402386921.0,USD,un_comtrade_public,comtrade_us_m_jp_2023.json
US,imports,JP,US,2023,870370,PHEV,24,reported,420702.0,USD,un_comtrade_public,comtrade_us_m_jp_2023.json
US,imports,JP,US,2023,870380,BEV,48936,reported,2131655124.0,USD,un_comtrade_public,comtrade_us_m_jp_2023.json
US,imports,JP,US,2023,870390,OTHER,265,reported,2842504.0,USD,un_comtrade_public,comtrade_us_m_jp_2023.json
US,imports,JP,US,2024,870321,ICE,1268,reported,6709334.0,USD,un_comtrade_public,comtrade_us_m_jp_2024.json
US,imports,JP,US,2024,870322,ICE,108571,reported,2752234130.0,USD,un_comtrade_public,comtrade_us_m_jp_2024.json
US,imports,JP,US,2024,870323,ICE,634434,reported,14933684121.0,USD,un_comtrade_public,comtrade_us_m_jp_2024.json
US,imports,JP,US,2024,870324,ICE,167071,reported,7295947211.0,USD,un_comtrade_public,comtrade_us_m_jp_2024.json
US,imports,JP,US,2024,870331,ICE,127,reported,1446803.0,USD,un_comtrade_public,comtrade_us_m_jp_2024.json
US,imports,JP,US,2024,870332,ICE,406,reported,3729184.0,USD,un_comtrade_public,comtrade_us_m_jp_2024.json
US,imports,JP,US,2024,870333,ICE,961,reported,9987503.0,USD,un_comtrade_public,comtrade_us_m_jp_2024.json
US,imports,JP,US,2024,870340,HEV,326899,reported,10010800517.0,USD,un_comtrade_public,comtrade_us_m_jp_2024.json
US,imports,JP,US,2024,870350,HEV,7,reported,130416.0,USD,un_comtrade_public,comtrade_us_m_jp_2024.json
US,imports,JP,US,2024,870360,PHEV,84907,reported,3155623946.0,USD,un_comtrade_public,comtrade_us_m_jp_2024.json
US,imports,JP,US,2024,870370,PHEV,6,reported,93992.0,USD,un_comtrade_public,comtrade_us_m_jp_2024.json
US,imports,JP,US,2024,870380,BEV,63321,reported,2591196552.0,USD,un_comtrade_public,comtrade_us_m_jp_2024.json
US,imports,JP,US,2024,870390,OTHER,344,reported,3911262.0,USD,un_comtrade_public,comtrade_us_m_jp_2024.json
US,imports,JP,US,2025,870321,ICE,1073,reported,4971128.0,USD,un_comtrade_public,comtrade_us_m_jp_2025.json
US,imports,JP,US,2025,870322,ICE,85629,reported,1899721071.0,USD,un_comtrade_public,comtrade_us_m_jp_2025.json
US,imports,JP,US,2025,870323,ICE,639002,reported,14346143635.0,USD,un_comtrade_public,comtrade_us_m_jp_2025.json
US,imports,JP,US,2025,870324,ICE,101033,reported,4671651126.0,USD,un_comtrade_public,comtrade_us_m_jp_2025.json
US,imports,JP,US,2025,870331,ICE,100,reported,795509.0,USD,un_comtrade_public,comtrade_us_m_jp_2025.json
US,imports,JP,US,2025,870332,ICE,235,reported,2186564.0,USD,un_comtrade_public,comtrade_us_m_jp_2025.json
US,imports,JP,US,2025,870333,ICE,808,reported,9092452.0,USD,un_comtrade_public,comtrade_us_m_jp_2025.json
US,imports,JP,US,2025,870340,HEV,379274,reported,10761659114.0,USD,un_comtrade_public,comtrade_us_m_jp_2025.json
US,imports,JP,US,2025,870350,HEV,10,reported,469346.0,USD,un_comtrade_public,comtrade_us_m_jp_2025.json
US,imports,JP,US,2025,870360,PHEV,128612,reported,3905551726.0,USD,un_comtrade_public,comtrade_us_m_jp_2025.json
US,imports,JP,US,2025,870370,PHEV,12,reported,113958.0,USD,un_comtrade_public,comtrade_us_m_jp_2025.json
US,imports,JP,US,2025,870380,BEV,44233,reported,1471554995.0,USD,un_comtrade_public,comtrade_us_m_jp_2025.json
US,imports,JP,US,2025,870390,OTHER,312,reported,3161628.0,USD,un_comtrade_public,comtrade_us_m_jp_2025.json
AT,imports,KR,AT,2022,870321,ICE,,not_reported,1700.0,EUR,eurostat_comext_ds045409,comext_imports_kr.json
AT,imports,KR,AT,2022,870322,ICE,,not_reported,15922.0,EUR,eurostat_comext_ds045409,comext_imports_kr.json
AT,imports,KR,AT,2022,870323,ICE,,not_reported,20781.0,EUR,eurostat_comext_ds045409,comext_imports_kr.json
AT,imports,KR,AT,2022,870332,ICE,,not_reported,27061.0,EUR,eurostat_comext_ds045409,comext_imports_kr.json
AT,imports,KR,AT,2022,870333,ICE,,not_reported,1802.0,EUR,eurostat_comext_ds045409,comext_imports_kr.json
AT,imports,KR,AT,2023,870321,ICE,,not_reported,13691.0,EUR,eurostat_comext_ds045409,comext_imports_kr.json
AT,imports,KR,AT,2023,870322,ICE,,not_reported,16052.0,EUR,eurostat_comext_ds045409,comext_imports_kr.json
AT,imports,KR,AT,2023,870323,ICE,,not_reported,89419.0,EUR,eurostat_comext_ds045409,comext_imports_kr.json
AT,imports,KR,AT,2023,870331,ICE,,not_reported,3008.0,EUR,eurostat_comext_ds045409,comext_imports_kr.json
AT,imports,KR,AT,2023,870332,ICE,,not_reported,96430.0,EUR,eurostat_comext_ds045409,comext_imports_kr.json
AT,imports,KR,AT,2023,870380,BEV,,not_reported,56928.0,EUR,eurostat_comext_ds045409,comext_imports_kr.json
AT,imports,KR,AT,2024,870321,ICE,,not_reported,9700.0,EUR,eurostat_comext_ds045409,comext_imports_kr.json
AT,imports,KR,AT,2024,870322,ICE,,not_reported,19908.0,EUR,eurostat_comext_ds045409,comext_imports_kr.json
AT,imports,KR,AT,2024,870323,ICE,,not_reported,43275.0,EUR,eurostat_comext_ds045409,comext_imports_kr.json
AT,imports,KR,AT,2024,870332,ICE,,not_reported,38726.0,EUR,eurostat_comext_ds045409,comext_imports_kr.json
AT,imports,KR,AT,2024,870380,BEV,,not_reported,44965.0,EUR,eurostat_comext_ds045409,comext_imports_kr.json
AT,imports,KR,AT,2025,870321,ICE,,not_reported,20575.0,EUR,eurostat_comext_ds045409,comext_imports_kr.json
AT,imports,KR,AT,2025,870322,ICE,,not_reported,43529.0,EUR,eurostat_comext_ds045409,comext_imports_kr.json
AT,imports,KR,AT,2025,870323,ICE,,not_reported,36059.0,EUR,eurostat_comext_ds045409,comext_imports_kr.json
AT,imports,KR,AT,2025,870332,ICE,,not_reported,72206.0,EUR,eurostat_comext_ds045409,comext_imports_kr.json
AT,imports,KR,AT,2025,870380,BEV,,not_reported,111648.0,EUR,eurostat_comext_ds045409,comext_imports_kr.json
AU,imports,KR,AU,2022,870321,ICE,1474,reported,20140118.68,USD,un_comtrade_public,comtrade_au_m_kr_2022.json
AU,imports,KR,AU,2022,870321,ICE,1474,reported,20140118.68,USD,un_comtrade_public,comtrade_au_m_kr_2022.json
AU,imports,KR,AU,2022,870322,ICE,18828,reported,215180372.925,USD,un_comtrade_public,comtrade_au_m_kr_2022.json
AU,imports,KR,AU,2022,870322,ICE,18828,reported,215180372.925,USD,un_comtrade_public,comtrade_au_m_kr_2022.json
AU,imports,KR,AU,2022,870323,ICE,80655,reported,1332404907.467,USD,un_comtrade_public,comtrade_au_m_kr_2022.json
AU,imports,KR,AU,2022,870323,ICE,80655,reported,1332404907.467,USD,un_comtrade_public,comtrade_au_m_kr_2022.json
AU,imports,KR,AU,2022,870324,ICE,6161,reported,185008883.058,USD,un_comtrade_public,comtrade_au_m_kr_2022.json
AU,imports,KR,AU,2022,870324,ICE,6161,reported,185008883.058,USD,un_comtrade_public,comtrade_au_m_kr_2022.json
AU,imports,KR,AU,2022,870332,ICE,45661,reported,1234142180.572,USD,un_comtrade_public,comtrade_au_m_kr_2022.json
AU,imports,KR,AU,2022,870332,ICE,45661,reported,1234142180.572,USD,un_comtrade_public,comtrade_au_m_kr_2022.json
AU,imports,KR,AU,2022,870333,ICE,19,reported,859215.174,USD,un_comtrade_public,comtrade_au_m_kr_2022.json
AU,imports,KR,AU,2022,870333,ICE,19,reported,859215.174,USD,un_comtrade_public,comtrade_au_m_kr_2022.json
AU,imports,KR,AU,2022,870340,HEV,1559,reported,42131015.751,USD,un_comtrade_public,comtrade_au_m_kr_2022.json
AU,imports,KR,AU,2022,870340,HEV,1559,reported,42131015.751,USD,un_comtrade_public,comtrade_au_m_kr_2022.json
AU,imports,KR,AU,2022,870360,PHEV,154,reported,4480929.528,USD,un_comtrade_public,comtrade_au_m_kr_2022.json
AU,imports,KR,AU,2022,870360,PHEV,154,reported,4480929.528,USD,un_comtrade_public,comtrade_au_m_kr_2022.json
AU,imports,KR,AU,2022,870380,BEV,3711,reported,141292263.956,USD,un_comtrade_public,comtrade_au_m_kr_2022.json
AU,imports,KR,AU,2022,870380,BEV,3711,reported,141292263.956,USD,un_comtrade_public,comtrade_au_m_kr_2022.json
AU,imports,KR,AU,2022,870390,OTHER,5,reported,14330.658,USD,un_comtrade_public,comtrade_au_m_kr_2022.json
AU,imports,KR,AU,2022,870390,OTHER,5,reported,14330.658,USD,un_comtrade_public,comtrade_au_m_kr_2022.json
AU,imports,KR,AU,2023,870321,ICE,1327,reported,18658721.981,USD,un_comtrade_public,comtrade_au_m_kr_2023.json
AU,imports,KR,AU,2023,870321,ICE,1327,reported,18658721.981,USD,un_comtrade_public,comtrade_au_m_kr_2023.json
AU,imports,KR,AU,2023,870322,ICE,18284,reported,199877139.223,USD,un_comtrade_public,comtrade_au_m_kr_2023.json
AU,imports,KR,AU,2023,870322,ICE,18284,reported,199877139.223,USD,un_comtrade_public,comtrade_au_m_kr_2023.json
AU,imports,KR,AU,2023,870323,ICE,82444,reported,1419837554.715,USD,un_comtrade_public,comtrade_au_m_kr_2023.json
AU,imports,KR,AU,2023,870323,ICE,82444,reported,1419837554.715,USD,un_comtrade_public,comtrade_au_m_kr_2023.json
AU,imports,KR,AU,2023,870324,ICE,6544,reported,194428461.56,USD,un_comtrade_public,comtrade_au_m_kr_2023.json
AU,imports,KR,AU,2023,870324,ICE,6544,reported,194428461.56,USD,un_comtrade_public,comtrade_au_m_kr_2023.json
AU,imports,KR,AU,2023,870332,ICE,37996,reported,1030267111.402,USD,un_comtrade_public,comtrade_au_m_kr_2023.json
AU,imports,KR,AU,2023,870332,ICE,37996,reported,1030267111.402,USD,un_comtrade_public,comtrade_au_m_kr_2023.json
AU,imports,KR,AU,2023,870333,ICE,184,reported,8310443.492,USD,un_comtrade_public,comtrade_au_m_kr_2023.json
AU,imports,KR,AU,2023,870333,ICE,184,reported,8310443.492,USD,un_comtrade_public,comtrade_au_m_kr_2023.json
AU,imports,KR,AU,2023,870340,HEV,2867,reported,78561031.437,USD,un_comtrade_public,comtrade_au_m_kr_2023.json
AU,imports,KR,AU,2023,870340,HEV,2867,reported,78561031.437,USD,un_comtrade_public,comtrade_au_m_kr_2023.json
AU,imports,KR,AU,2023,870360,PHEV,494,reported,19494876.957,USD,un_comtrade_public,comtrade_au_m_kr_2023.json
AU,imports,KR,AU,2023,870360,PHEV,494,reported,19494876.957,USD,un_comtrade_public,comtrade_au_m_kr_2023.json
AU,imports,KR,AU,2023,870380,BEV,8452,reported,346457568.122,USD,un_comtrade_public,comtrade_au_m_kr_2023.json
AU,imports,KR,AU,2023,870380,BEV,1,reported,61009.783,USD,un_comtrade_public,comtrade_au_m_kr_2023.json
AU,imports,KR,AU,2023,870380,BEV,8451,reported,346396558.339,USD,un_comtrade_public,comtrade_au_m_kr_2023.json
AU,imports,KR,AU,2024,870321,ICE,5424,reported,69002173.278,USD,un_comtrade_public,comtrade_au_m_kr_2024.json
AU,imports,KR,AU,2024,870321,ICE,5424,reported,69002173.278,USD,un_comtrade_public,comtrade_au_m_kr_2024.json
AU,imports,KR,AU,2024,870322,ICE,10282,reported,117585657.05,USD,un_comtrade_public,comtrade_au_m_kr_2024.json
AU,imports,KR,AU,2024,870322,ICE,10282,reported,117585657.05,USD,un_comtrade_public,comtrade_au_m_kr_2024.json
AU,imports,KR,AU,2024,870323,ICE,78640,reported,1377621691.88,USD,un_comtrade_public,comtrade_au_m_kr_2024.json
AU,imports,KR,AU,2024,870323,ICE,6,reported,150943.625,USD,un_comtrade_public,comtrade_au_m_kr_2024.json
AU,imports,KR,AU,2024,870323,ICE,78634,reported,1377470748.255,USD,un_comtrade_public,comtrade_au_m_kr_2024.json
AU,imports,KR,AU,2024,870324,ICE,4936,reported,156520661.735,USD,un_comtrade_public,comtrade_au_m_kr_2024.json
AU,imports,KR,AU,2024,870324,ICE,4936,reported,156520661.735,USD,un_comtrade_public,comtrade_au_m_kr_2024.json
AU,imports,KR,AU,2024,870332,ICE,26610,reported,773312174.403,USD,un_comtrade_public,comtrade_au_m_kr_2024.json
AU,imports,KR,AU,2024,870332,ICE,1,reported,28807.383,USD,un_comtrade_public,comtrade_au_m_kr_2024.json
AU,imports,KR,AU,2024,870332,ICE,26609,reported,773283367.02,USD,un_comtrade_public,comtrade_au_m_kr_2024.json
AU,imports,KR,AU,2024,870340,HEV,25310,reported,659857015.867,USD,un_comtrade_public,comtrade_au_m_kr_2024.json
AU,imports,KR,AU,2024,870340,HEV,25310,reported,659857015.867,USD,un_comtrade_public,comtrade_au_m_kr_2024.json
AU,imports,KR,AU,2024,870360,PHEV,159,reported,6733607.042,USD,un_comtrade_public,comtrade_au_m_kr_2024.json
AU,imports,KR,AU,2024,870360,PHEV,159,reported,6733607.042,USD,un_comtrade_public,comtrade_au_m_kr_2024.json
AU,imports,KR,AU,2024,870380,BEV,5404,reported,203269040.142,USD,un_comtrade_public,comtrade_au_m_kr_2024.json
AU,imports,KR,AU,2024,870380,BEV,5404,reported,203269040.142,USD,un_comtrade_public,comtrade_au_m_kr_2024.json
AU,imports,KR,AU,2024,870390,OTHER,1,reported,60381.149,USD,un_comtrade_public,comtrade_au_m_kr_2024.json
AU,imports,KR,AU,2024,870390,OTHER,1,reported,60381.149,USD,un_comtrade_public,comtrade_au_m_kr_2024.json
AU,imports,KR,AU,2025,870321,ICE,5164,reported,64786501.777,USD,un_comtrade_public,comtrade_au_m_kr_2025.json
AU,imports,KR,AU,2025,870321,ICE,5164,reported,64786501.777,USD,un_comtrade_public,comtrade_au_m_kr_2025.json
AU,imports,KR,AU,2025,870322,ICE,7767,reported,82092968.488,USD,un_comtrade_public,comtrade_au_m_kr_2025.json
AU,imports,KR,AU,2025,870322,ICE,7767,reported,82092968.488,USD,un_comtrade_public,comtrade_au_m_kr_2025.json
AU,imports,KR,AU,2025,870323,ICE,53081,reported,966939947.232,USD,un_comtrade_public,comtrade_au_m_kr_2025.json
AU,imports,KR,AU,2025,870323,ICE,5,reported,227961.347,USD,un_comtrade_public,comtrade_au_m_kr_2025.json
AU,imports,KR,AU,2025,870323,ICE,53076,reported,966711985.885,USD,un_comtrade_public,comtrade_au_m_kr_2025.json
AU,imports,KR,AU,2025,870324,ICE,2819,reported,90584601.521,USD,un_comtrade_public,comtrade_au_m_kr_2025.json
AU,imports,KR,AU,2025,870324,ICE,2819,reported,90584601.521,USD,un_comtrade_public,comtrade_au_m_kr_2025.json
AU,imports,KR,AU,2025,870332,ICE,21564,reported,621518125.46,USD,un_comtrade_public,comtrade_au_m_kr_2025.json
AU,imports,KR,AU,2025,870332,ICE,21564,reported,621518125.46,USD,un_comtrade_public,comtrade_au_m_kr_2025.json
AU,imports,KR,AU,2025,870333,ICE,1,reported,7731.969,USD,un_comtrade_public,comtrade_au_m_kr_2025.json
AU,imports,KR,AU,2025,870333,ICE,1,reported,7731.969,USD,un_comtrade_public,comtrade_au_m_kr_2025.json
AU,imports,KR,AU,2025,870340,HEV,41761,reported,1072866023.169,USD,un_comtrade_public,comtrade_au_m_kr_2025.json
AU,imports,KR,AU,2025,870340,HEV,41761,reported,1072866023.169,USD,un_comtrade_public,comtrade_au_m_kr_2025.json
AU,imports,KR,AU,2025,870360,PHEV,609,reported,25028507.639,USD,un_comtrade_public,comtrade_au_m_kr_2025.json
AU,imports,KR,AU,2025,870360,PHEV,609,reported,25028507.639,USD,un_comtrade_public,comtrade_au_m_kr_2025.json
AU,imports,KR,AU,2025,870380,BEV,6076,reported,189691702.31,USD,un_comtrade_public,comtrade_au_m_kr_2025.json
AU,imports,KR,AU,2025,870380,BEV,6076,reported,189691702.31,USD,un_comtrade_public,comtrade_au_m_kr_2025.json
KR,exports,KR,AU,2022,870321,ICE,2243,estimated,27975867.0,USD,un_comtrade_public,comtrade_kr_x_au_2022.json
KR,exports,KR,AU,2022,870322,ICE,14149,estimated,219182480.0,USD,un_comtrade_public,comtrade_kr_x_au_2022.json
KR,exports,KR,AU,2022,870323,ICE,50864,estimated,1289617073.0,USD,un_comtrade_public,comtrade_kr_x_au_2022.json
KR,exports,KR,AU,2022,870324,ICE,2011,estimated,191645284.0,USD,un_comtrade_public,comtrade_kr_x_au_2022.json
KR,exports,KR,AU,2022,870332,ICE,50657,estimated,1221318499.0,USD,un_comtrade_public,comtrade_kr_x_au_2022.json
KR,exports,KR,AU,2022,870333,ICE,21,estimated,878649.0,USD,un_comtrade_public,comtrade_kr_x_au_2022.json
KR,exports,KR,AU,2022,870340,HEV,1779,estimated,53860080.0,USD,un_comtrade_public,comtrade_kr_x_au_2022.json
KR,exports,KR,AU,2022,870360,PHEV,57,estimated,2450501.0,USD,un_comtrade_public,comtrade_kr_x_au_2022.json
KR,exports,KR,AU,2022,870380,BEV,3167,estimated,128252425.0,USD,un_comtrade_public,comtrade_kr_x_au_2022.json
KR,exports,KR,AU,2023,870321,ICE,2115,estimated,29383481.0,USD,un_comtrade_public,comtrade_kr_x_au_2023.json
KR,exports,KR,AU,2023,870322,ICE,10500,estimated,173459244.0,USD,un_comtrade_public,comtrade_kr_x_au_2023.json
KR,exports,KR,AU,2023,870323,ICE,53750,estimated,1413920322.0,USD,un_comtrade_public,comtrade_kr_x_au_2023.json
KR,exports,KR,AU,2023,870324,ICE,2338,estimated,188048965.0,USD,un_comtrade_public,comtrade_kr_x_au_2023.json
KR,exports,KR,AU,2023,870332,ICE,37042,estimated,1027729841.0,USD,un_comtrade_public,comtrade_kr_x_au_2023.json
KR,exports,KR,AU,2023,870333,ICE,195,estimated,8236261.0,USD,un_comtrade_public,comtrade_kr_x_au_2023.json
KR,exports,KR,AU,2023,870340,HEV,4044,estimated,106702526.0,USD,un_comtrade_public,comtrade_kr_x_au_2023.json
KR,exports,KR,AU,2023,870360,PHEV,512,estimated,19024619.0,USD,un_comtrade_public,comtrade_kr_x_au_2023.json
KR,exports,KR,AU,2023,870380,BEV,10464,estimated,347579871.0,USD,un_comtrade_public,comtrade_kr_x_au_2023.json
KR,exports,KR,AU,2024,870321,ICE,4639,estimated,69372861.0,USD,un_comtrade_public,comtrade_kr_x_au_2024.json
KR,exports,KR,AU,2024,870322,ICE,5350,estimated,102513524.0,USD,un_comtrade_public,comtrade_kr_x_au_2024.json
KR,exports,KR,AU,2024,870323,ICE,46723,estimated,1294347187.0,USD,un_comtrade_public,comtrade_kr_x_au_2024.json
KR,exports,KR,AU,2024,870324,ICE,1654,estimated,142778090.0,USD,un_comtrade_public,comtrade_kr_x_au_2024.json
KR,exports,KR,AU,2024,870332,ICE,19443,estimated,732399579.0,USD,un_comtrade_public,comtrade_kr_x_au_2024.json
KR,exports,KR,AU,2024,870340,HEV,25828,estimated,704766072.0,USD,un_comtrade_public,comtrade_kr_x_au_2024.json
KR,exports,KR,AU,2024,870360,PHEV,,not_reported,15676707.0,USD,un_comtrade_public,comtrade_kr_x_au_2024.json
KR,exports,KR,AU,2024,870380,BEV,5199,estimated,142539764.0,USD,un_comtrade_public,comtrade_kr_x_au_2024.json
KR,exports,KR,AU,2025,870321,ICE,4520,estimated,72612370.0,USD,un_comtrade_public,comtrade_kr_x_au_2025.json
KR,exports,KR,AU,2025,870322,ICE,3939,estimated,78071915.0,USD,un_comtrade_public,comtrade_kr_x_au_2025.json
KR,exports,KR,AU,2025,870323,ICE,30059,estimated,896918648.0,USD,un_comtrade_public,comtrade_kr_x_au_2025.json
KR,exports,KR,AU,2025,870324,ICE,910,estimated,82478711.0,USD,un_comtrade_public,comtrade_kr_x_au_2025.json
KR,exports,KR,AU,2025,870332,ICE,12846,estimated,555726811.0,USD,un_comtrade_public,comtrade_kr_x_au_2025.json
KR,exports,KR,AU,2025,870333,ICE,1,estimated,35320.0,USD,un_comtrade_public,comtrade_kr_x_au_2025.json
KR,exports,KR,AU,2025,870340,HEV,37063,estimated,1036394678.0,USD,un_comtrade_public,comtrade_kr_x_au_2025.json
KR,exports,KR,AU,2025,870360,PHEV,1250,estimated,43531623.0,USD,un_comtrade_public,comtrade_kr_x_au_2025.json
KR,exports,KR,AU,2025,870380,BEV,5666,estimated,180783104.0,USD,un_comtrade_public,comtrade_kr_x_au_2025.json
BE,imports,KR,BE,2022,870321,ICE,,not_reported,51343847.0,EUR,eurostat_comext_ds045409,comext_imports_kr.json
BE,imports,KR,BE,2022,870322,ICE,,not_reported,229594442.0,EUR,eurostat_comext_ds045409,comext_imports_kr.json
BE,imports,KR,BE,2022,870323,ICE,,not_reported,6179500.0,EUR,eurostat_comext_ds045409,comext_imports_kr.json
BE,imports,KR,BE,2022,870324,ICE,,not_reported,494250.0,EUR,eurostat_comext_ds045409,comext_imports_kr.json
BE,imports,KR,BE,2022,870332,ICE,,not_reported,59649258.0,EUR,eurostat_comext_ds045409,comext_imports_kr.json
BE,imports,KR,BE,2022,870333,ICE,,not_reported,25821.0,EUR,eurostat_comext_ds045409,comext_imports_kr.json
BE,imports,KR,BE,2022,870340,HEV,,not_reported,199264839.0,EUR,eurostat_comext_ds045409,comext_imports_kr.json
BE,imports,KR,BE,2022,870360,PHEV,,not_reported,17595049.0,EUR,eurostat_comext_ds045409,comext_imports_kr.json
BE,imports,KR,BE,2022,870380,BEV,,not_reported,69126142.0,EUR,eurostat_comext_ds045409,comext_imports_kr.json
BE,imports,KR,BE,2022,870390,OTHER,,not_reported,117159.0,EUR,eurostat_comext_ds045409,comext_imports_kr.json
BE,imports,KR,BE,2023,870321,ICE,,not_reported,62806377.0,EUR,eurostat_comext_ds045409,comext_imports_kr.json
BE,imports,KR,BE,2023,870322,ICE,,not_reported,171111425.0,EUR,eurostat_comext_ds045409,comext_imports_kr.json
BE,imports,KR,BE,2023,870323,ICE,,not_reported,7508657.0,EUR,eurostat_comext_ds045409,comext_imports_kr.json
BE,imports,KR,BE,2023,870324,ICE,,not_reported,1115284.0,EUR,eurostat_comext_ds045409,comext_imports_kr.json
BE,imports,KR,BE,2023,870331,ICE,,not_reported,83260.0,EUR,eurostat_comext_ds045409,comext_imports_kr.json
BE,imports,KR,BE,2023,870332,ICE,,not_reported,45701083.0,EUR,eurostat_comext_ds045409,comext_imports_kr.json
BE,imports,KR,BE,2023,870333,ICE,,not_reported,1963246.0,EUR,eurostat_comext_ds045409,comext_imports_kr.json
BE,imports,KR,BE,2023,870340,HEV,,not_reported,100427561.0,EUR,eurostat_comext_ds045409,comext_imports_kr.json
BE,imports,KR,BE,2023,870350,HEV,,not_reported,349149.0,EUR,eurostat_comext_ds045409,comext_imports_kr.json
BE,imports,KR,BE,2023,870360,PHEV,,not_reported,38966217.0,EUR,eurostat_comext_ds045409,comext_imports_kr.json
BE,imports,KR,BE,2023,870380,BEV,,not_reported,216219916.0,EUR,eurostat_comext_ds045409,comext_imports_kr.json
BE,imports,KR,BE,2023,870390,OTHER,,not_reported,112494.0,EUR,eurostat_comext_ds045409,comext_imports_kr.json
BE,imports,KR,BE,2024,870321,ICE,,not_reported,62196307.0,EUR,eurostat_comext_ds045409,comext_imports_kr.json
BE,imports,KR,BE,2024,870322,ICE,,not_reported,112934659.0,EUR,eurostat_comext_ds045409,comext_imports_kr.json
BE,imports,KR,BE,2024,870323,ICE,,not_reported,8918676.0,EUR,eurostat_comext_ds045409,comext_imports_kr.json
BE,imports,KR,BE,2024,870324,ICE,,not_reported,407055.0,EUR,eurostat_comext_ds045409,comext_imports_kr.json
BE,imports,KR,BE,2024,870332,ICE,,not_reported,12191539.0,EUR,eurostat_comext_ds045409,comext_imports_kr.json
BE,imports,KR,BE,2024,870333,ICE,,not_reported,28886.0,EUR,eurostat_comext_ds045409,comext_imports_kr.json
BE,imports,KR,BE,2024,870340,HEV,,not_reported,145775104.0,EUR,eurostat_comext_ds045409,comext_imports_kr.json
BE,imports,KR,BE,2024,870360,PHEV,,not_reported,26954098.0,EUR,eurostat_comext_ds045409,comext_imports_kr.json
BE,imports,KR,BE,2024,870380,BEV,,not_reported,223844656.0,EUR,eurostat_comext_ds045409,comext_imports_kr.json
BE,imports,KR,BE,2024,870390,OTHER,,not_reported,56246.0,EUR,eurostat_comext_ds045409,comext_imports_kr.json
BE,imports,KR,BE,2025,870321,ICE,,not_reported,45132142.0,EUR,eurostat_comext_ds045409,comext_imports_kr.json
BE,imports,KR,BE,2025,870322,ICE,,not_reported,104469326.0,EUR,eurostat_comext_ds045409,comext_imports_kr.json
BE,imports,KR,BE,2025,870323,ICE,,not_reported,54558972.0,EUR,eurostat_comext_ds045409,comext_imports_kr.json
BE,imports,KR,BE,2025,870324,ICE,,not_reported,576962.0,EUR,eurostat_comext_ds045409,comext_imports_kr.json
BE,imports,KR,BE,2025,870331,ICE,,not_reported,2267.0,EUR,eurostat_comext_ds045409,comext_imports_kr.json
BE,imports,KR,BE,2025,870332,ICE,,not_reported,5408700.0,EUR,eurostat_comext_ds045409,comext_imports_kr.json
BE,imports,KR,BE,2025,870333,ICE,,not_reported,214049.0,EUR,eurostat_comext_ds045409,comext_imports_kr.json
BE,imports,KR,BE,2025,870340,HEV,,not_reported,101572348.0,EUR,eurostat_comext_ds045409,comext_imports_kr.json
BE,imports,KR,BE,2025,870360,PHEV,,not_reported,8720745.0,EUR,eurostat_comext_ds045409,comext_imports_kr.json
BE,imports,KR,BE,2025,870380,BEV,,not_reported,301704175.0,EUR,eurostat_comext_ds045409,comext_imports_kr.json
BG,imports,KR,BG,2022,870321,ICE,,not_reported,3331.0,EUR,eurostat_comext_ds045409,comext_imports_kr.json
BG,imports,KR,BG,2022,870322,ICE,,not_reported,103669.0,EUR,eurostat_comext_ds045409,comext_imports_kr.json
BG,imports,KR,BG,2022,870323,ICE,,not_reported,1876802.0,EUR,eurostat_comext_ds045409,comext_imports_kr.json
BG,imports,KR,BG,2022,870324,ICE,,not_reported,9031.0,EUR,eurostat_comext_ds045409,comext_imports_kr.json
BG,imports,KR,BG,2022,870331,ICE,,not_reported,13805.0,EUR,eurostat_comext_ds045409,comext_imports_kr.json
BG,imports,KR,BG,2022,870332,ICE,,not_reported,425067.0,EUR,eurostat_comext_ds045409,comext_imports_kr.json
BG,imports,KR,BG,2022,870340,HEV,,not_reported,32835.0,EUR,eurostat_comext_ds045409,comext_imports_kr.json
BG,imports,KR,BG,2022,870380,BEV,,not_reported,27570.0,EUR,eurostat_comext_ds045409,comext_imports_kr.json
BG,imports,KR,BG,2023,870321,ICE,,not_reported,30376.0,EUR,eurostat_comext_ds045409,comext_imports_kr.json
BG,imports,KR,BG,2023,870322,ICE,,not_reported,4000938.0,EUR,eurostat_comext_ds045409,comext_imports_kr.json
BG,imports,KR,BG,2023,870323,ICE,,not_reported,5131957.0,EUR,eurostat_comext_ds045409,comext_imports_kr.json
BG,imports,KR,BG,2023,870324,ICE,,not_reported,107157.0,EUR,eurostat_comext_ds045409,comext_imports_kr.json
BG,imports,KR,BG,2023,870332,ICE,,not_reported,1394379.0,EUR,eurostat_comext_ds045409,comext_imports_kr.json
BG,imports,KR,BG,2023,870333,ICE,,not_reported,129300.0,EUR,eurostat_comext_ds045409,comext_imports_kr.json
BG,imports,KR,BG,2023,870340,HEV,,not_reported,2477078.0,EUR,eurostat_comext_ds045409,comext_imports_kr.json
BG,imports,KR,BG,2023,870380,BEV,,not_reported,68280.0,EUR,eurostat_comext_ds045409,comext_imports_kr.json
BG,imports,KR,BG,2023,870390,OTHER,,not_reported,24792.0,EUR,eurostat_comext_ds045409,comext_imports_kr.json
BG,imports,KR,BG,2024,870321,ICE,,not_reported,71587.0,EUR,eurostat_comext_ds045409,comext_imports_kr.json
BG,imports,KR,BG,2024,870322,ICE,,not_reported,3150524.0,EUR,eurostat_comext_ds045409,comext_imports_kr.json
BG,imports,KR,BG,2024,870323,ICE,,not_reported,5677479.0,EUR,eurostat_comext_ds045409,comext_imports_kr.json
BG,imports,KR,BG,2024,870324,ICE,,not_reported,311846.0,EUR,eurostat_comext_ds045409,comext_imports_kr.json
BG,imports,KR,BG,2024,870331,ICE,,not_reported,28008.0,EUR,eurostat_comext_ds045409,comext_imports_kr.json
BG,imports,KR,BG,2024,870332,ICE,,not_reported,1592178.0,EUR,eurostat_comext_ds045409,comext_imports_kr.json
BG,imports,KR,BG,2024,870333,ICE,,not_reported,221908.0,EUR,eurostat_comext_ds045409,comext_imports_kr.json
BG,imports,KR,BG,2024,870340,HEV,,not_reported,1813991.0,EUR,eurostat_comext_ds045409,comext_imports_kr.json
BG,imports,KR,BG,2024,870380,BEV,,not_reported,105619.0,EUR,eurostat_comext_ds045409,comext_imports_kr.json
BG,imports,KR,BG,2024,870390,OTHER,,not_reported,108400.0,EUR,eurostat_comext_ds045409,comext_imports_kr.json
BG,imports,KR,BG,2025,870321,ICE,,not_reported,75349.0,EUR,eurostat_comext_ds045409,comext_imports_kr.json
BG,imports,KR,BG,2025,870322,ICE,,not_reported,5534097.0,EUR,eurostat_comext_ds045409,comext_imports_kr.json
BG,imports,KR,BG,2025,870323,ICE,,not_reported,5876254.0,EUR,eurostat_comext_ds045409,comext_imports_kr.json
BG,imports,KR,BG,2025,870324,ICE,,not_reported,1098586.0,EUR,eurostat_comext_ds045409,comext_imports_kr.json
BG,imports,KR,BG,2025,870331,ICE,,not_reported,16261.0,EUR,eurostat_comext_ds045409,comext_imports_kr.json
BG,imports,KR,BG,2025,870332,ICE,,not_reported,3565941.0,EUR,eurostat_comext_ds045409,comext_imports_kr.json
BG,imports,KR,BG,2025,870333,ICE,,not_reported,282672.0,EUR,eurostat_comext_ds045409,comext_imports_kr.json
BG,imports,KR,BG,2025,870340,HEV,,not_reported,1798576.0,EUR,eurostat_comext_ds045409,comext_imports_kr.json
BG,imports,KR,BG,2025,870360,PHEV,,not_reported,66295.0,EUR,eurostat_comext_ds045409,comext_imports_kr.json
BG,imports,KR,BG,2025,870380,BEV,,not_reported,41132.0,EUR,eurostat_comext_ds045409,comext_imports_kr.json
BG,imports,KR,BG,2025,870390,OTHER,,not_reported,50868.0,EUR,eurostat_comext_ds045409,comext_imports_kr.json
CY,imports,KR,CY,2022,870321,ICE,,not_reported,8975442.0,EUR,eurostat_comext_ds045409,comext_imports_kr.json
CY,imports,KR,CY,2022,870322,ICE,,not_reported,4499809.0,EUR,eurostat_comext_ds045409,comext_imports_kr.json
CY,imports,KR,CY,2022,870323,ICE,,not_reported,1202019.0,EUR,eurostat_comext_ds045409,comext_imports_kr.json
CY,imports,KR,CY,2022,870324,ICE,,not_reported,15313.0,EUR,eurostat_comext_ds045409,comext_imports_kr.json
CY,imports,KR,CY,2022,870332,ICE,,not_reported,837366.0,EUR,eurostat_comext_ds045409,comext_imports_kr.json
CY,imports,KR,CY,2022,870340,HEV,,not_reported,2428891.0,EUR,eurostat_comext_ds045409,comext_imports_kr.json
CY,imports,KR,CY,2022,870380,BEV,,not_reported,1875834.0,EUR,eurostat_comext_ds045409,comext_imports_kr.json
CY,imports,KR,CY,2022,870390,OTHER,,not_reported,593212.0,EUR,eurostat_comext_ds045409,comext_imports_kr.json
CY,imports,KR,CY,2023,870321,ICE,,not_reported,15881495.0,EUR,eurostat_comext_ds045409,comext_imports_kr.json
CY,imports,KR,CY,2023,870322,ICE,,not_reported,4634141.0,EUR,eurostat_comext_ds045409,comext_imports_kr.json
CY,imports,KR,CY,2023,870323,ICE,,not_reported,697241.0,EUR,eurostat_comext_ds045409,comext_imports_kr.json
CY,imports,KR,CY,2023,870331,ICE,,not_reported,446784.0,EUR,eurostat_comext_ds045409,comext_imports_kr.json
CY,imports,KR,CY,2023,870332,ICE,,not_reported,1556845.0,EUR,eurostat_comext_ds045409,comext_imports_kr.json
CY,imports,KR,CY,2023,870333,ICE,,not_reported,11699.0,EUR,eurostat_comext_ds045409,comext_imports_kr.json
CY,imports,KR,CY,2023,870340,HEV,,not_reported,4387078.0,EUR,eurostat_comext_ds045409,comext_imports_kr.json
CY,imports,KR,CY,2023,870360,PHEV,,not_reported,231425.0,EUR,eurostat_comext_ds045409,comext_imports_kr.json
CY,imports,KR,CY,2023,870380,BEV,,not_reported,6670977.0,EUR,eurostat_comext_ds045409,comext_imports_kr.json
CY,imports,KR,CY,2023,870390,OTHER,,not_reported,1108716.0,EUR,eurostat_comext_ds045409,comext_imports_kr.json
CY,imports,KR,CY,2024,870321,ICE,,not_reported,14534812.0,EUR,eurostat_comext_ds045409,comext_imports_kr.json
CY,imports,KR,CY,2024,870322,ICE,,not_reported,5179898.0,EUR,eurostat_comext_ds045409,comext_imports_kr.json
CY,imports,KR,CY,2024,870323,ICE,,not_reported,210752.0,EUR,eurostat_comext_ds045409,comext_imports_kr.json
CY,imports,KR,CY,2024,870332,ICE,,not_reported,454425.0,EUR,eurostat_comext_ds045409,comext_imports_kr.json
CY,imports,KR,CY,2024,870340,HEV,,not_reported,4226502.0,EUR,eurostat_comext_ds045409,comext_imports_kr.json
CY,imports,KR,CY,2024,870360,PHEV,,not_reported,247784.0,EUR,eurostat_comext_ds045409,comext_imports_kr.json
CY,imports,KR,CY,2024,870380,BEV,,not_reported,6356525.0,EUR,eurostat_comext_ds045409,comext_imports_kr.json
CY,imports,KR,CY,2024,870390,OTHER,,not_reported,1226490.0,EUR,eurostat_comext_ds045409,comext_imports_kr.json
CY,imports,KR,CY,2025,870321,ICE,,not_reported,11948124.0,EUR,eurostat_comext_ds045409,comext_imports_kr.json
CY,imports,KR,CY,2025,870322,ICE,,not_reported,3103291.0,EUR,eurostat_comext_ds045409,comext_imports_kr.json
CY,imports,KR,CY,2025,870323,ICE,,not_reported,1436409.0,EUR,eurostat_comext_ds045409,comext_imports_kr.json
CY,imports,KR,CY,2025,870324,ICE,,not_reported,30351.0,EUR,eurostat_comext_ds045409,comext_imports_kr.json
CY,imports,KR,CY,2025,870332,ICE,,not_reported,733086.0,EUR,eurostat_comext_ds045409,comext_imports_kr.json
CY,imports,KR,CY,2025,870340,HEV,,not_reported,7691961.0,EUR,eurostat_comext_ds045409,comext_imports_kr.json
CY,imports,KR,CY,2025,870360,PHEV,,not_reported,700831.0,EUR,eurostat_comext_ds045409,comext_imports_kr.json
CY,imports,KR,CY,2025,870380,BEV,,not_reported,11969271.0,EUR,eurostat_comext_ds045409,comext_imports_kr.json
CY,imports,KR,CY,2025,870390,OTHER,,not_reported,5610896.0,EUR,eurostat_comext_ds045409,comext_imports_kr.json
CZ,imports,KR,CZ,2022,870321,ICE,,not_reported,12227523.0,EUR,eurostat_comext_ds045409,comext_imports_kr.json
CZ,imports,KR,CZ,2022,870322,ICE,,not_reported,15762428.0,EUR,eurostat_comext_ds045409,comext_imports_kr.json
CZ,imports,KR,CZ,2022,870323,ICE,,not_reported,4245844.0,EUR,eurostat_comext_ds045409,comext_imports_kr.json
CZ,imports,KR,CZ,2022,870324,ICE,,not_reported,1913753.0,EUR,eurostat_comext_ds045409,comext_imports_kr.json
CZ,imports,KR,CZ,2022,870332,ICE,,not_reported,18539440.0,EUR,eurostat_comext_ds045409,comext_imports_kr.json
CZ,imports,KR,CZ,2022,870333,ICE,,not_reported,52594.0,EUR,eurostat_comext_ds045409,comext_imports_kr.json
CZ,imports,KR,CZ,2022,870340,HEV,,not_reported,10240436.0,EUR,eurostat_comext_ds045409,comext_imports_kr.json
CZ,imports,KR,CZ,2022,870360,PHEV,,not_reported,2935475.0,EUR,eurostat_comext_ds045409,comext_imports_kr.json
CZ,imports,KR,CZ,2022,870380,BEV,,not_reported,11206439.0,EUR,eurostat_comext_ds045409,comext_imports_kr.json
CZ,imports,KR,CZ,2023,870321,ICE,,not_reported,17424298.0,EUR,eurostat_comext_ds045409,comext_imports_kr.json
CZ,imports,KR,CZ,2023,870322,ICE,,not_reported,20146294.0,EUR,eurostat_comext_ds045409,comext_imports_kr.json
CZ,imports,KR,CZ,2023,870323,ICE,,not_reported,7968324.0,EUR,eurostat_comext_ds045409,comext_imports_kr.json
CZ,imports,KR,CZ,2023,870324,ICE,,not_reported,1040227.0,EUR,eurostat_comext_ds045409,comext_imports_kr.json
CZ,imports,KR,CZ,2023,870332,ICE,,not_reported,43168319.0,EUR,eurostat_comext_ds045409,comext_imports_kr.json
CZ,imports,KR,CZ,2023,870333,ICE,,not_reported,3224.0,EUR,eurostat_comext_ds045409,comext_imports_kr.json
CZ,imports,KR,CZ,2023,870340,HEV,,not_reported,8846105.0,EUR,eurostat_comext_ds045409,comext_imports_kr.json
CZ,imports,KR,CZ,2023,870360,PHEV,,not_reported,3395496.0,EUR,eurostat_comext_ds045409,comext_imports_kr.json
CZ,imports,KR,CZ,2023,870380,BEV,,not_reported,31136461.0,EUR,eurostat_comext_ds045409,comext_imports_kr.json
CZ,imports,KR,CZ,2024,870321,ICE,,not_reported,8011477.0,EUR,eurostat_comext_ds045409,comext_imports_kr.json
CZ,imports,KR,CZ,2024,870322,ICE,,not_reported,15773904.0,EUR,eurostat_comext_ds045409,comext_imports_kr.json
CZ,imports,KR,CZ,2024,870323,ICE,,not_reported,10659367.0,EUR,eurostat_comext_ds045409,comext_imports_kr.json
CZ,imports,KR,CZ,2024,870324,ICE,,not_reported,268925.0,EUR,eurostat_comext_ds045409,comext_imports_kr.json
CZ,imports,KR,CZ,2024,870332,ICE,,not_reported,11465251.0,EUR,eurostat_comext_ds045409,comext_imports_kr.json
CZ,imports,KR,CZ,2024,870333,ICE,,not_reported,6229.0,EUR,eurostat_comext_ds045409,comext_imports_kr.json
CZ,imports,KR,CZ,2024,870340,HEV,,not_reported,12355821.0,EUR,eurostat_comext_ds045409,comext_imports_kr.json
CZ,imports,KR,CZ,2024,870360,PHEV,,not_reported,3395331.0,EUR,eurostat_comext_ds045409,comext_imports_kr.json
CZ,imports,KR,CZ,2024,870380,BEV,,not_reported,14282731.0,EUR,eurostat_comext_ds045409,comext_imports_kr.json
CZ,imports,KR,CZ,2025,870321,ICE,,not_reported,8470021.0,EUR,eurostat_comext_ds045409,comext_imports_kr.json
CZ,imports,KR,CZ,2025,870322,ICE,,not_reported,6493725.0,EUR,eurostat_comext_ds045409,comext_imports_kr.json
CZ,imports,KR,CZ,2025,870323,ICE,,not_reported,18455636.0,EUR,eurostat_comext_ds045409,comext_imports_kr.json
CZ,imports,KR,CZ,2025,870324,ICE,,not_reported,184948.0,EUR,eurostat_comext_ds045409,comext_imports_kr.json
CZ,imports,KR,CZ,2025,870331,ICE,,not_reported,1010.0,EUR,eurostat_comext_ds045409,comext_imports_kr.json
CZ,imports,KR,CZ,2025,870332,ICE,,not_reported,9165687.0,EUR,eurostat_comext_ds045409,comext_imports_kr.json
CZ,imports,KR,CZ,2025,870333,ICE,,not_reported,39529.0,EUR,eurostat_comext_ds045409,comext_imports_kr.json
CZ,imports,KR,CZ,2025,870340,HEV,,not_reported,16247064.0,EUR,eurostat_comext_ds045409,comext_imports_kr.json
CZ,imports,KR,CZ,2025,870360,PHEV,,not_reported,7857516.0,EUR,eurostat_comext_ds045409,comext_imports_kr.json
CZ,imports,KR,CZ,2025,870380,BEV,,not_reported,25980300.0,EUR,eurostat_comext_ds045409,comext_imports_kr.json
DE,imports,KR,DE,2022,870321,ICE,,not_reported,135498751.0,EUR,eurostat_comext_ds045409,comext_imports_kr.json
DE,imports,KR,DE,2022,870322,ICE,,not_reported,67079087.0,EUR,eurostat_comext_ds045409,comext_imports_kr.json
DE,imports,KR,DE,2022,870323,ICE,,not_reported,81903546.0,EUR,eurostat_comext_ds045409,comext_imports_kr.json
DE,imports,KR,DE,2022,870324,ICE,,not_reported,9384747.0,EUR,eurostat_comext_ds045409,comext_imports_kr.json
DE,imports,KR,DE,2022,870331,ICE,,not_reported,30370.0,EUR,eurostat_comext_ds045409,comext_imports_kr.json
DE,imports,KR,DE,2022,870332,ICE,,not_reported,133608400.0,EUR,eurostat_comext_ds045409,comext_imports_kr.json
DE,imports,KR,DE,2022,870333,ICE,,not_reported,4158846.0,EUR,eurostat_comext_ds045409,comext_imports_kr.json
DE,imports,KR,DE,2022,870340,HEV,,not_reported,76185243.0,EUR,eurostat_comext_ds045409,comext_imports_kr.json
DE,imports,KR,DE,2022,870350,HEV,,not_reported,29728.0,EUR,eurostat_comext_ds045409,comext_imports_kr.json
DE,imports,KR,DE,2022,870360,PHEV,,not_reported,172363719.0,EUR,eurostat_comext_ds045409,comext_imports_kr.json
DE,imports,KR,DE,2022,870380,BEV,,not_reported,840214141.0,EUR,eurostat_comext_ds045409,comext_imports_kr.json
DE,imports,KR,DE,2023,870321,ICE,,not_reported,185221940.0,EUR,eurostat_comext_ds045409,comext_imports_kr.json
DE,imports,KR,DE,2023,870322,ICE,,not_reported,57337294.0,EUR,eurostat_comext_ds045409,comext_imports_kr.json
DE,imports,KR,DE,2023,870323,ICE,,not_reported,139167035.0,EUR,eurostat_comext_ds045409,comext_imports_kr.json
DE,imports,KR,DE,2023,870324,ICE,,not_reported,23905453.0,EUR,eurostat_comext_ds045409,comext_imports_kr.json
DE,imports,KR,DE,2023,870331,ICE,,not_reported,8641.0,EUR,eurostat_comext_ds045409,comext_imports_kr.json
DE,imports,KR,DE,2023,870332,ICE,,not_reported,275408808.0,EUR,eurostat_comext_ds045409,comext_imports_kr.json
DE,imports,KR,DE,2023,870333,ICE,,not_reported,8510759.0,EUR,eurostat_comext_ds045409,comext_imports_kr.json
DE,imports,KR,DE,2023,870340,HEV,,not_reported,109352700.0,EUR,eurostat_comext_ds045409,comext_imports_kr.json
DE,imports,KR,DE,2023,870350,HEV,,not_reported,37973.0,EUR,eurostat_comext_ds045409,comext_imports_kr.json
DE,imports,KR,DE,2023,870360,PHEV,,not_reported,74419559.0,EUR,eurostat_comext_ds045409,comext_imports_kr.json
DE,imports,KR,DE,2023,870380,BEV,,not_reported,1673009902.0,EUR,eurostat_comext_ds045409,comext_imports_kr.json
DE,imports,KR,DE,2024,870321,ICE,,not_reported,187941434.0,EUR,eurostat_comext_ds045409,comext_imports_kr.json
DE,imports,KR,DE,2024,870322,ICE,,not_reported,64155502.0,EUR,eurostat_comext_ds045409,comext_imports_kr.json
DE,imports,KR,DE,2024,870323,ICE,,not_reported,76141440.0,EUR,eurostat_comext_ds045409,comext_imports_kr.json
DE,imports,KR,DE,2024,870324,ICE,,not_reported,12414580.0,EUR,eurostat_comext_ds045409,comext_imports_kr.json
DE,imports,KR,DE,2024,870331,ICE,,not_reported,31766.0,EUR,eurostat_comext_ds045409,comext_imports_kr.json
DE,imports,KR,DE,2024,870332,ICE,,not_reported,119841100.0,EUR,eurostat_comext_ds045409,comext_imports_kr.json
DE,imports,KR,DE,2024,870333,ICE,,not_reported,2853263.0,EUR,eurostat_comext_ds045409,comext_imports_kr.json
DE,imports,KR,DE,2024,870340,HEV,,not_reported,174552946.0,EUR,eurostat_comext_ds045409,comext_imports_kr.json
DE,imports,KR,DE,2024,870360,PHEV,,not_reported,48254907.0,EUR,eurostat_comext_ds045409,comext_imports_kr.json
DE,imports,KR,DE,2024,870370,PHEV,,not_reported,29712011.0,EUR,eurostat_comext_ds045409,comext_imports_kr.json
DE,imports,KR,DE,2024,870380,BEV,,not_reported,712213558.0,EUR,eurostat_comext_ds045409,comext_imports_kr.json
DE,imports,KR,DE,2024,870390,OTHER,,not_reported,4000.0,EUR,eurostat_comext_ds045409,comext_imports_kr.json
DE,imports,KR,DE,2025,870321,ICE,,not_reported,123007828.0,EUR,eurostat_comext_ds045409,comext_imports_kr.json
DE,imports,KR,DE,2025,870322,ICE,,not_reported,21157319.0,EUR,eurostat_comext_ds045409,comext_imports_kr.json
DE,imports,KR,DE,2025,870323,ICE,,not_reported,145984546.0,EUR,eurostat_comext_ds045409,comext_imports_kr.json
DE,imports,KR,DE,2025,870324,ICE,,not_reported,4266032.0,EUR,eurostat_comext_ds045409,comext_imports_kr.json
DE,imports,KR,DE,2025,870331,ICE,,not_reported,3190.0,EUR,eurostat_comext_ds045409,comext_imports_kr.json
DE,imports,KR,DE,2025,870332,ICE,,not_reported,47746003.0,EUR,eurostat_comext_ds045409,comext_imports_kr.json
DE,imports,KR,DE,2025,870333,ICE,,not_reported,338455.0,EUR,eurostat_comext_ds045409,comext_imports_kr.json
DE,imports,KR,DE,2025,870340,HEV,,not_reported,148568557.0,EUR,eurostat_comext_ds045409,comext_imports_kr.json
DE,imports,KR,DE,2025,870360,PHEV,,not_reported,85422269.0,EUR,eurostat_comext_ds045409,comext_imports_kr.json
DE,imports,KR,DE,2025,870370,PHEV,,not_reported,20378.0,EUR,eurostat_comext_ds045409,comext_imports_kr.json
DE,imports,KR,DE,2025,870380,BEV,,not_reported,1086418666.0,EUR,eurostat_comext_ds045409,comext_imports_kr.json
DE,imports,KR,DE,2025,870390,OTHER,,not_reported,30201.0,EUR,eurostat_comext_ds045409,comext_imports_kr.json
DK,imports,KR,DK,2022,870321,ICE,,not_reported,14346275.0,EUR,eurostat_comext_ds045409,comext_imports_kr.json
DK,imports,KR,DK,2022,870322,ICE,,not_reported,1621037.0,EUR,eurostat_comext_ds045409,comext_imports_kr.json
DK,imports,KR,DK,2022,870323,ICE,,not_reported,708430.0,EUR,eurostat_comext_ds045409,comext_imports_kr.json
DK,imports,KR,DK,2022,870324,ICE,,not_reported,166526.0,EUR,eurostat_comext_ds045409,comext_imports_kr.json
DK,imports,KR,DK,2022,870332,ICE,,not_reported,528705.0,EUR,eurostat_comext_ds045409,comext_imports_kr.json
DK,imports,KR,DK,2022,870340,HEV,,not_reported,9342804.0,EUR,eurostat_comext_ds045409,comext_imports_kr.json
DK,imports,KR,DK,2022,870360,PHEV,,not_reported,27118926.0,EUR,eurostat_comext_ds045409,comext_imports_kr.json
DK,imports,KR,DK,2022,870380,BEV,,not_reported,75787453.0,EUR,eurostat_comext_ds045409,comext_imports_kr.json
DK,imports,KR,DK,2023,870321,ICE,,not_reported,24505394.0,EUR,eurostat_comext_ds045409,comext_imports_kr.json
DK,imports,KR,DK,2023,870322,ICE,,not_reported,2426673.0,EUR,eurostat_comext_ds045409,comext_imports_kr.json
DK,imports,KR,DK,2023,870323,ICE,,not_reported,1173798.0,EUR,eurostat_comext_ds045409,comext_imports_kr.json
DK,imports,KR,DK,2023,870324,ICE,,not_reported,67231.0,EUR,eurostat_comext_ds045409,comext_imports_kr.json
DK,imports,KR,DK,2023,870332,ICE,,not_reported,164184.0,EUR,eurostat_comext_ds045409,comext_imports_kr.json
DK,imports,KR,DK,2023,870340,HEV,,not_reported,1944801.0,EUR,eurostat_comext_ds045409,comext_imports_kr.json
DK,imports,KR,DK,2023,870360,PHEV,,not_reported,18067861.0,EUR,eurostat_comext_ds045409,comext_imports_kr.json
DK,imports,KR,DK,2023,870380,BEV,,not_reported,138939900.0,EUR,eurostat_comext_ds045409,comext_imports_kr.json
DK,imports,KR,DK,2023,870390,OTHER,,not_reported,45678.0,EUR,eurostat_comext_ds045409,comext_imports_kr.json
DK,imports,KR,DK,2024,870321,ICE,,not_reported,10175558.0,EUR,eurostat_comext_ds045409,comext_imports_kr.json
DK,imports,KR,DK,2024,870323,ICE,,not_reported,23915.0,EUR,eurostat_comext_ds045409,comext_imports_kr.json
DK,imports,KR,DK,2024,870332,ICE,,not_reported,1952.0,EUR,eurostat_comext_ds045409,comext_imports_kr.json
DK,imports,KR,DK,2024,870340,HEV,,not_reported,32051.0,EUR,eurostat_comext_ds045409,comext_imports_kr.json
DK,imports,KR,DK,2024,870360,PHEV,,not_reported,2587400.0,EUR,eurostat_comext_ds045409,comext_imports_kr.json
DK,imports,KR,DK,2024,870380,BEV,,not_reported,115619142.0,EUR,eurostat_comext_ds045409,comext_imports_kr.json
DK,imports,KR,DK,2025,870321,ICE,,not_reported,339329.0,EUR,eurostat_comext_ds045409,comext_imports_kr.json
DK,imports,KR,DK,2025,870360,PHEV,,not_reported,2289546.0,EUR,eurostat_comext_ds045409,comext_imports_kr.json
DK,imports,KR,DK,2025,870380,BEV,,not_reported,277744144.0,EUR,eurostat_comext_ds045409,comext_imports_kr.json
EE,imports,KR,EE,2022,870321,ICE,,not_reported,718910.0,EUR,eurostat_comext_ds045409,comext_imports_kr.json
EE,imports,KR,EE,2022,870322,ICE,,not_reported,1717367.0,EUR,eurostat_comext_ds045409,comext_imports_kr.json
EE,imports,KR,EE,2022,870324,ICE,,not_reported,101325.0,EUR,eurostat_comext_ds045409,comext_imports_kr.json
EE,imports,KR,EE,2022,870332,ICE,,not_reported,1452296.0,EUR,eurostat_comext_ds045409,comext_imports_kr.json
EE,imports,KR,EE,2022,870333,ICE,,not_reported,67492.0,EUR,eurostat_comext_ds045409,comext_imports_kr.json
EE,imports,KR,EE,2022,870340,HEV,,not_reported,1959461.0,EUR,eurostat_comext_ds045409,comext_imports_kr.json
EE,imports,KR,EE,2022,870360,PHEV,,not_reported,4129725.0,EUR,eurostat_comext_ds045409,comext_imports_kr.json
EE,imports,KR,EE,2022,870380,BEV,,not_reported,4063775.0,EUR,eurostat_comext_ds045409,comext_imports_kr.json
EE,imports,KR,EE,2023,870321,ICE,,not_reported,2214397.0,EUR,eurostat_comext_ds045409,comext_imports_kr.json
EE,imports,KR,EE,2023,870322,ICE,,not_reported,1628971.0,EUR,eurostat_comext_ds045409,comext_imports_kr.json
EE,imports,KR,EE,2023,870323,ICE,,not_reported,597982.0,EUR,eurostat_comext_ds045409,comext_imports_kr.json
EE,imports,KR,EE,2023,870324,ICE,,not_reported,406219.0,EUR,eurostat_comext_ds045409,comext_imports_kr.json
EE,imports,KR,EE,2023,870332,ICE,,not_reported,6033648.0,EUR,eurostat_comext_ds045409,comext_imports_kr.json
EE,imports,KR,EE,2023,870333,ICE,,not_reported,118337.0,EUR,eurostat_comext_ds045409,comext_imports_kr.json
EE,imports,KR,EE,2023,870340,HEV,,not_reported,3355211.0,EUR,eurostat_comext_ds045409,comext_imports_kr.json
EE,imports,KR,EE,2023,870360,PHEV,,not_reported,110635.0,EUR,eurostat_comext_ds045409,comext_imports_kr.json
EE,imports,KR,EE,2023,870380,BEV,,not_reported,12633590.0,EUR,eurostat_comext_ds045409,comext_imports_kr.json
EE,imports,KR,EE,2023,870390,OTHER,,not_reported,4500.0,EUR,eurostat_comext_ds045409,comext_imports_kr.json
EE,imports,KR,EE,2024,870321,ICE,,not_reported,1684802.0,EUR,eurostat_comext_ds045409,comext_imports_kr.json
EE,imports,KR,EE,2024,870322,ICE,,not_reported,1487393.0,EUR,eurostat_comext_ds045409,comext_imports_kr.json
EE,imports,KR,EE,2024,870323,ICE,,not_reported,47869.0,EUR,eurostat_comext_ds045409,comext_imports_kr.json
EE,imports,KR,EE,2024,870324,ICE,,not_reported,6035.0,EUR,eurostat_comext_ds045409,comext_imports_kr.json
EE,imports,KR,EE,2024,870332,ICE,,not_reported,5062576.0,EUR,eurostat_comext_ds045409,comext_imports_kr.json
EE,imports,KR,EE,2024,870333,ICE,,not_reported,11925.0,EUR,eurostat_comext_ds045409,comext_imports_kr.json
EE,imports,KR,EE,2024,870340,HEV,,not_reported,3250228.0,EUR,eurostat_comext_ds045409,comext_imports_kr.json
EE,imports,KR,EE,2024,870360,PHEV,,not_reported,46536.0,EUR,eurostat_comext_ds045409,comext_imports_kr.json
EE,imports,KR,EE,2024,870380,BEV,,not_reported,5707470.0,EUR,eurostat_comext_ds045409,comext_imports_kr.json
EE,imports,KR,EE,2024,870390,OTHER,,not_reported,4411.0,EUR,eurostat_comext_ds045409,comext_imports_kr.json
EE,imports,KR,EE,2025,870321,ICE,,not_reported,2446513.0,EUR,eurostat_comext_ds045409,comext_imports_kr.json
EE,imports,KR,EE,2025,870322,ICE,,not_reported,1031528.0,EUR,eurostat_comext_ds045409,comext_imports_kr.json
EE,imports,KR,EE,2025,870323,ICE,,not_reported,188251.0,EUR,eurostat_comext_ds045409,comext_imports_kr.json
EE,imports,KR,EE,2025,870324,ICE,,not_reported,393347.0,EUR,eurostat_comext_ds045409,comext_imports_kr.json
EE,imports,KR,EE,2025,870331,ICE,,not_reported,2840.0,EUR,eurostat_comext_ds045409,comext_imports_kr.json
EE,imports,KR,EE,2025,870332,ICE,,not_reported,2486164.0,EUR,eurostat_comext_ds045409,comext_imports_kr.json
EE,imports,KR,EE,2025,870333,ICE,,not_reported,33062.0,EUR,eurostat_comext_ds045409,comext_imports_kr.json
EE,imports,KR,EE,2025,870340,HEV,,not_reported,1937401.0,EUR,eurostat_comext_ds045409,comext_imports_kr.json
EE,imports,KR,EE,2025,870360,PHEV,,not_reported,44874.0,EUR,eurostat_comext_ds045409,comext_imports_kr.json
EE,imports,KR,EE,2025,870380,BEV,,not_reported,6968538.0,EUR,eurostat_comext_ds045409,comext_imports_kr.json
ES,imports,KR,ES,2022,870321,ICE,,not_reported,91051218.0,EUR,eurostat_comext_ds045409,comext_imports_kr.json
ES,imports,KR,ES,2022,870322,ICE,,not_reported,185422155.0,EUR,eurostat_comext_ds045409,comext_imports_kr.json
ES,imports,KR,ES,2022,870323,ICE,,not_reported,16461262.0,EUR,eurostat_comext_ds045409,comext_imports_kr.json
ES,imports,KR,ES,2022,870324,ICE,,not_reported,953523.0,EUR,eurostat_comext_ds045409,comext_imports_kr.json
ES,imports,KR,ES,2022,870331,ICE,,not_reported,2254794.0,EUR,eurostat_comext_ds045409,comext_imports_kr.json
ES,imports,KR,ES,2022,870332,ICE,,not_reported,29055903.0,EUR,eurostat_comext_ds045409,comext_imports_kr.json
ES,imports,KR,ES,2022,870333,ICE,,not_reported,11685.0,EUR,eurostat_comext_ds045409,comext_imports_kr.json
ES,imports,KR,ES,2022,870340,HEV,,not_reported,544710762.0,EUR,eurostat_comext_ds045409,comext_imports_kr.json
ES,imports,KR,ES,2022,870360,PHEV,,not_reported,52754686.0,EUR,eurostat_comext_ds045409,comext_imports_kr.json
ES,imports,KR,ES,2022,870380,BEV,,not_reported,85057022.0,EUR,eurostat_comext_ds045409,comext_imports_kr.json
ES,imports,KR,ES,2023,870321,ICE,,not_reported,125458155.0,EUR,eurostat_comext_ds045409,comext_imports_kr.json
ES,imports,KR,ES,2023,870322,ICE,,not_reported,187966355.0,EUR,eurostat_comext_ds045409,comext_imports_kr.json
ES,imports,KR,ES,2023,870323,ICE,,not_reported,23777952.0,EUR,eurostat_comext_ds045409,comext_imports_kr.json
ES,imports,KR,ES,2023,870324,ICE,,not_reported,170805.0,EUR,eurostat_comext_ds045409,comext_imports_kr.json
ES,imports,KR,ES,2023,870332,ICE,,not_reported,67194457.0,EUR,eurostat_comext_ds045409,comext_imports_kr.json
ES,imports,KR,ES,2023,870333,ICE,,not_reported,27077.0,EUR,eurostat_comext_ds045409,comext_imports_kr.json
ES,imports,KR,ES,2023,870340,HEV,,not_reported,410629331.0,EUR,eurostat_comext_ds045409,comext_imports_kr.json
ES,imports,KR,ES,2023,870360,PHEV,,not_reported,92921798.0,EUR,eurostat_comext_ds045409,comext_imports_kr.json
ES,imports,KR,ES,2023,870380,BEV,,not_reported,172114285.0,EUR,eurostat_comext_ds045409,comext_imports_kr.json
ES,imports,KR,ES,2024,870321,ICE,,not_reported,88186984.0,EUR,eurostat_comext_ds045409,comext_imports_kr.json
ES,imports,KR,ES,2024,870322,ICE,,not_reported,184534388.0,EUR,eurostat_comext_ds045409,comext_imports_kr.json
ES,imports,KR,ES,2024,870323,ICE,,not_reported,29735152.0,EUR,eurostat_comext_ds045409,comext_imports_kr.json
ES,imports,KR,ES,2024,870324,ICE,,not_reported,150243.0,EUR,eurostat_comext_ds045409,comext_imports_kr.json
ES,imports,KR,ES,2024,870332,ICE,,not_reported,40884229.0,EUR,eurostat_comext_ds045409,comext_imports_kr.json
ES,imports,KR,ES,2024,870333,ICE,,not_reported,11088.0,EUR,eurostat_comext_ds045409,comext_imports_kr.json
ES,imports,KR,ES,2024,870340,HEV,,not_reported,679480226.0,EUR,eurostat_comext_ds045409,comext_imports_kr.json
ES,imports,KR,ES,2024,870360,PHEV,,not_reported,57066148.0,EUR,eurostat_comext_ds045409,comext_imports_kr.json
ES,imports,KR,ES,2024,870380,BEV,,not_reported,130526178.0,EUR,eurostat_comext_ds045409,comext_imports_kr.json
ES,imports,KR,ES,2025,870321,ICE,,not_reported,107732523.0,EUR,eurostat_comext_ds045409,comext_imports_kr.json
ES,imports,KR,ES,2025,870322,ICE,,not_reported,91240190.0,EUR,eurostat_comext_ds045409,comext_imports_kr.json
ES,imports,KR,ES,2025,870323,ICE,,not_reported,1059877.0,EUR,eurostat_comext_ds045409,comext_imports_kr.json
ES,imports,KR,ES,2025,870331,ICE,,not_reported,64319.0,EUR,eurostat_comext_ds045409,comext_imports_kr.json
ES,imports,KR,ES,2025,870332,ICE,,not_reported,34932621.0,EUR,eurostat_comext_ds045409,comext_imports_kr.json
ES,imports,KR,ES,2025,870333,ICE,,not_reported,34114.0,EUR,eurostat_comext_ds045409,comext_imports_kr.json
ES,imports,KR,ES,2025,870340,HEV,,not_reported,678464574.0,EUR,eurostat_comext_ds045409,comext_imports_kr.json
ES,imports,KR,ES,2025,870360,PHEV,,not_reported,59023080.0,EUR,eurostat_comext_ds045409,comext_imports_kr.json
ES,imports,KR,ES,2025,870380,BEV,,not_reported,345742012.0,EUR,eurostat_comext_ds045409,comext_imports_kr.json
ES,imports,KR,ES,2025,870390,OTHER,,not_reported,68527.0,EUR,eurostat_comext_ds045409,comext_imports_kr.json
EU27,imports,KR,EU27,2022,870321,ICE,,not_reported,793251821.0,EUR,eurostat_comext_ds045409,comext_imports_kr.json
EU27,imports,KR,EU27,2022,870322,ICE,,not_reported,1193709334.0,EUR,eurostat_comext_ds045409,comext_imports_kr.json
EU27,imports,KR,EU27,2022,870323,ICE,,not_reported,366583149.0,EUR,eurostat_comext_ds045409,comext_imports_kr.json
EU27,imports,KR,EU27,2022,870324,ICE,,not_reported,26235529.0,EUR,eurostat_comext_ds045409,comext_imports_kr.json
EU27,imports,KR,EU27,2022,870331,ICE,,not_reported,2490111.0,EUR,eurostat_comext_ds045409,comext_imports_kr.json
EU27,imports,KR,EU27,2022,870332,ICE,,not_reported,378474014.0,EUR,eurostat_comext_ds045409,comext_imports_kr.json
EU27,imports,KR,EU27,2022,870333,ICE,,not_reported,4810637.0,EUR,eurostat_comext_ds045409,comext_imports_kr.json
EU27,imports,KR,EU27,2022,870340,HEV,,not_reported,2016672834.0,EUR,eurostat_comext_ds045409,comext_imports_kr.json
EU27,imports,KR,EU27,2022,870350,HEV,,not_reported,343880.0,EUR,eurostat_comext_ds045409,comext_imports_kr.json
EU27,imports,KR,EU27,2022,870360,PHEV,,not_reported,693995565.0,EUR,eurostat_comext_ds045409,comext_imports_kr.json
EU27,imports,KR,EU27,2022,870370,PHEV,,not_reported,31314.0,EUR,eurostat_comext_ds045409,comext_imports_kr.json
EU27,imports,KR,EU27,2022,870380,BEV,,not_reported,2458840808.0,EUR,eurostat_comext_ds045409,comext_imports_kr.json
EU27,imports,KR,EU27,2022,870390,OTHER,,not_reported,1443891.0,EUR,eurostat_comext_ds045409,comext_imports_kr.json
EU27,imports,KR,EU27,2023,870321,ICE,,not_reported,990355081.0,EUR,eurostat_comext_ds045409,comext_imports_kr.json
EU27,imports,KR,EU27,2023,870322,ICE,,not_reported,1202494552.0,EUR,eurostat_comext_ds045409,comext_imports_kr.json
EU27,imports,KR,EU27,2023,870323,ICE,,not_reported,458726246.0,EUR,eurostat_comext_ds045409,comext_imports_kr.json
EU27,imports,KR,EU27,2023,870324,ICE,,not_reported,35819260.0,EUR,eurostat_comext_ds045409,comext_imports_kr.json
EU27,imports,KR,EU27,2023,870331,ICE,,not_reported,1143450.0,EUR,eurostat_comext_ds045409,comext_imports_kr.json
EU27,imports,KR,EU27,2023,870332,ICE,,not_reported,629471538.0,EUR,eurostat_comext_ds045409,comext_imports_kr.json
EU27,imports,KR,EU27,2023,870333,ICE,,not_reported,11359400.0,EUR,eurostat_comext_ds045409,comext_imports_kr.json
EU27,imports,KR,EU27,2023,870340,HEV,,not_reported,1629247889.0,EUR,eurostat_comext_ds045409,comext_imports_kr.json
EU27,imports,KR,EU27,2023,870350,HEV,,not_reported,1001158.0,EUR,eurostat_comext_ds045409,comext_imports_kr.json
EU27,imports,KR,EU27,2023,870360,PHEV,,not_reported,759964241.0,EUR,eurostat_comext_ds045409,comext_imports_kr.json
EU27,imports,KR,EU27,2023,870380,BEV,,not_reported,4377735540.0,EUR,eurostat_comext_ds045409,comext_imports_kr.json
EU27,imports,KR,EU27,2023,870390,OTHER,,not_reported,1556261.0,EUR,eurostat_comext_ds045409,comext_imports_kr.json
EU27,imports,KR,EU27,2024,870321,ICE,,not_reported,894671934.0,EUR,eurostat_comext_ds045409,comext_imports_kr.json
EU27,imports,KR,EU27,2024,870322,ICE,,not_reported,989168122.0,EUR,eurostat_comext_ds045409,comext_imports_kr.json
EU27,imports,KR,EU27,2024,870323,ICE,,not_reported,338723133.0,EUR,eurostat_comext_ds045409,comext_imports_kr.json
EU27,imports,KR,EU27,2024,870324,ICE,,not_reported,15907323.0,EUR,eurostat_comext_ds045409,comext_imports_kr.json
EU27,imports,KR,EU27,2024,870331,ICE,,not_reported,193116.0,EUR,eurostat_comext_ds045409,comext_imports_kr.json
EU27,imports,KR,EU27,2024,870332,ICE,,not_reported,305154333.0,EUR,eurostat_comext_ds045409,comext_imports_kr.json
EU27,imports,KR,EU27,2024,870333,ICE,,not_reported,4318824.0,EUR,eurostat_comext_ds045409,comext_imports_kr.json
EU27,imports,KR,EU27,2024,870340,HEV,,not_reported,2240494661.0,EUR,eurostat_comext_ds045409,comext_imports_kr.json
EU27,imports,KR,EU27,2024,870350,HEV,,not_reported,20026.0,EUR,eurostat_comext_ds045409,comext_imports_kr.json
EU27,imports,KR,EU27,2024,870360,PHEV,,not_reported,626533083.0,EUR,eurostat_comext_ds045409,comext_imports_kr.json
EU27,imports,KR,EU27,2024,870370,PHEV,,not_reported,29712011.0,EUR,eurostat_comext_ds045409,comext_imports_kr.json
EU27,imports,KR,EU27,2024,870380,BEV,,not_reported,2479179371.0,EUR,eurostat_comext_ds045409,comext_imports_kr.json
EU27,imports,KR,EU27,2024,870390,OTHER,,not_reported,1434204.0,EUR,eurostat_comext_ds045409,comext_imports_kr.json
EU27,imports,KR,EU27,2025,870321,ICE,,not_reported,881838138.0,EUR,eurostat_comext_ds045409,comext_imports_kr.json
EU27,imports,KR,EU27,2025,870322,ICE,,not_reported,620416722.0,EUR,eurostat_comext_ds045409,comext_imports_kr.json
EU27,imports,KR,EU27,2025,870323,ICE,,not_reported,369973090.0,EUR,eurostat_comext_ds045409,comext_imports_kr.json
EU27,imports,KR,EU27,2025,870324,ICE,,not_reported,11762921.0,EUR,eurostat_comext_ds045409,comext_imports_kr.json
EU27,imports,KR,EU27,2025,870331,ICE,,not_reported,641298.0,EUR,eurostat_comext_ds045409,comext_imports_kr.json
EU27,imports,KR,EU27,2025,870332,ICE,,not_reported,211159493.0,EUR,eurostat_comext_ds045409,comext_imports_kr.json
EU27,imports,KR,EU27,2025,870333,ICE,,not_reported,1422106.0,EUR,eurostat_comext_ds045409,comext_imports_kr.json
EU27,imports,KR,EU27,2025,870340,HEV,,not_reported,1986923882.0,EUR,eurostat_comext_ds045409,comext_imports_kr.json
EU27,imports,KR,EU27,2025,870350,HEV,,not_reported,24080141.0,EUR,eurostat_comext_ds045409,comext_imports_kr.json
EU27,imports,KR,EU27,2025,870360,PHEV,,not_reported,519048046.0,EUR,eurostat_comext_ds045409,comext_imports_kr.json
EU27,imports,KR,EU27,2025,870370,PHEV,,not_reported,20378.0,EUR,eurostat_comext_ds045409,comext_imports_kr.json
EU27,imports,KR,EU27,2025,870380,BEV,,not_reported,4112087185.0,EUR,eurostat_comext_ds045409,comext_imports_kr.json
EU27,imports,KR,EU27,2025,870390,OTHER,,not_reported,6215546.0,EUR,eurostat_comext_ds045409,comext_imports_kr.json
FI,imports,KR,FI,2022,870321,ICE,,not_reported,19899618.0,EUR,eurostat_comext_ds045409,comext_imports_kr.json
FI,imports,KR,FI,2022,870322,ICE,,not_reported,7206252.0,EUR,eurostat_comext_ds045409,comext_imports_kr.json
FI,imports,KR,FI,2022,870323,ICE,,not_reported,226356.0,EUR,eurostat_comext_ds045409,comext_imports_kr.json
FI,imports,KR,FI,2022,870324,ICE,,not_reported,4044.0,EUR,eurostat_comext_ds045409,comext_imports_kr.json
FI,imports,KR,FI,2022,870331,ICE,,not_reported,1950.0,EUR,eurostat_comext_ds045409,comext_imports_kr.json
FI,imports,KR,FI,2022,870332,ICE,,not_reported,5913045.0,EUR,eurostat_comext_ds045409,comext_imports_kr.json
FI,imports,KR,FI,2022,870333,ICE,,not_reported,10900.0,EUR,eurostat_comext_ds045409,comext_imports_kr.json
FI,imports,KR,FI,2022,870340,HEV,,not_reported,14877609.0,EUR,eurostat_comext_ds045409,comext_imports_kr.json
FI,imports,KR,FI,2022,870360,PHEV,,not_reported,8112986.0,EUR,eurostat_comext_ds045409,comext_imports_kr.json
FI,imports,KR,FI,2022,870380,BEV,,not_reported,45636151.0,EUR,eurostat_comext_ds045409,comext_imports_kr.json
FI,imports,KR,FI,2023,870321,ICE,,not_reported,20844400.0,EUR,eurostat_comext_ds045409,comext_imports_kr.json
FI,imports,KR,FI,2023,870322,ICE,,not_reported,5675716.0,EUR,eurostat_comext_ds045409,comext_imports_kr.json
FI,imports,KR,FI,2023,870323,ICE,,not_reported,173427.0,EUR,eurostat_comext_ds045409,comext_imports_kr.json
FI,imports,KR,FI,2023,870332,ICE,,not_reported,5710929.0,EUR,eurostat_comext_ds045409,comext_imports_kr.json
FI,imports,KR,FI,2023,870340,HEV,,not_reported,14229631.0,EUR,eurostat_comext_ds045409,comext_imports_kr.json
FI,imports,KR,FI,2023,870360,PHEV,,not_reported,18145851.0,EUR,eurostat_comext_ds045409,comext_imports_kr.json
FI,imports,KR,FI,2023,870380,BEV,,not_reported,112314339.0,EUR,eurostat_comext_ds045409,comext_imports_kr.json
FI,imports,KR,FI,2024,870321,ICE,,not_reported,8638239.0,EUR,eurostat_comext_ds045409,comext_imports_kr.json
FI,imports,KR,FI,2024,870322,ICE,,not_reported,3730623.0,EUR,eurostat_comext_ds045409,comext_imports_kr.json
FI,imports,KR,FI,2024,870332,ICE,,not_reported,1548790.0,EUR,eurostat_comext_ds045409,comext_imports_kr.json
FI,imports,KR,FI,2024,870340,HEV,,not_reported,28922625.0,EUR,eurostat_comext_ds045409,comext_imports_kr.json
FI,imports,KR,FI,2024,870360,PHEV,,not_reported,11583460.0,EUR,eurostat_comext_ds045409,comext_imports_kr.json
FI,imports,KR,FI,2024,870380,BEV,,not_reported,71247073.0,EUR,eurostat_comext_ds045409,comext_imports_kr.json
FI,imports,KR,FI,2025,870321,ICE,,not_reported,10332390.0,EUR,eurostat_comext_ds045409,comext_imports_kr.json
FI,imports,KR,FI,2025,870322,ICE,,not_reported,1253844.0,EUR,eurostat_comext_ds045409,comext_imports_kr.json
FI,imports,KR,FI,2025,870323,ICE,,not_reported,30140.0,EUR,eurostat_comext_ds045409,comext_imports_kr.json
FI,imports,KR,FI,2025,870324,ICE,,not_reported,25642.0,EUR,eurostat_comext_ds045409,comext_imports_kr.json
FI,imports,KR,FI,2025,870332,ICE,,not_reported,293400.0,EUR,eurostat_comext_ds045409,comext_imports_kr.json
FI,imports,KR,FI,2025,870340,HEV,,not_reported,3353210.0,EUR,eurostat_comext_ds045409,comext_imports_kr.json
FI,imports,KR,FI,2025,870360,PHEV,,not_reported,5331853.0,EUR,eurostat_comext_ds045409,comext_imports_kr.json
FI,imports,KR,FI,2025,870380,BEV,,not_reported,79444018.0,EUR,eurostat_comext_ds045409,comext_imports_kr.json
FR,imports,KR,FR,2022,870321,ICE,,not_reported,29932550.0,EUR,eurostat_comext_ds045409,comext_imports_kr.json
FR,imports,KR,FR,2022,870322,ICE,,not_reported,258357679.0,EUR,eurostat_comext_ds045409,comext_imports_kr.json
FR,imports,KR,FR,2022,870323,ICE,,not_reported,117405424.0,EUR,eurostat_comext_ds045409,comext_imports_kr.json
FR,imports,KR,FR,2022,870324,ICE,,not_reported,57787.0,EUR,eurostat_comext_ds045409,comext_imports_kr.json
FR,imports,KR,FR,2022,870331,ICE,,not_reported,77225.0,EUR,eurostat_comext_ds045409,comext_imports_kr.json
FR,imports,KR,FR,2022,870332,ICE,,not_reported,22675640.0,EUR,eurostat_comext_ds045409,comext_imports_kr.json
FR,imports,KR,FR,2022,870340,HEV,,not_reported,480163442.0,EUR,eurostat_comext_ds045409,comext_imports_kr.json
FR,imports,KR,FR,2022,870350,HEV,,not_reported,285013.0,EUR,eurostat_comext_ds045409,comext_imports_kr.json
FR,imports,KR,FR,2022,870360,PHEV,,not_reported,247007472.0,EUR,eurostat_comext_ds045409,comext_imports_kr.json
FR,imports,KR,FR,2022,870370,PHEV,,not_reported,31314.0,EUR,eurostat_comext_ds045409,comext_imports_kr.json
FR,imports,KR,FR,2022,870380,BEV,,not_reported,295850256.0,EUR,eurostat_comext_ds045409,comext_imports_kr.json
FR,imports,KR,FR,2022,870390,OTHER,,not_reported,29240.0,EUR,eurostat_comext_ds045409,comext_imports_kr.json
FR,imports,KR,FR,2023,870321,ICE,,not_reported,27727520.0,EUR,eurostat_comext_ds045409,comext_imports_kr.json
FR,imports,KR,FR,2023,870322,ICE,,not_reported,245089857.0,EUR,eurostat_comext_ds045409,comext_imports_kr.json
FR,imports,KR,FR,2023,870323,ICE,,not_reported,185385682.0,EUR,eurostat_comext_ds045409,comext_imports_kr.json
FR,imports,KR,FR,2023,870324,ICE,,not_reported,10830.0,EUR,eurostat_comext_ds045409,comext_imports_kr.json
FR,imports,KR,FR,2023,870331,ICE,,not_reported,813.0,EUR,eurostat_comext_ds045409,comext_imports_kr.json
FR,imports,KR,FR,2023,870332,ICE,,not_reported,6805872.0,EUR,eurostat_comext_ds045409,comext_imports_kr.json
FR,imports,KR,FR,2023,870333,ICE,,not_reported,22739.0,EUR,eurostat_comext_ds045409,comext_imports_kr.json
FR,imports,KR,FR,2023,870340,HEV,,not_reported,342541554.0,EUR,eurostat_comext_ds045409,comext_imports_kr.json
FR,imports,KR,FR,2023,870360,PHEV,,not_reported,304707896.0,EUR,eurostat_comext_ds045409,comext_imports_kr.json
FR,imports,KR,FR,2023,870380,BEV,,not_reported,533434899.0,EUR,eurostat_comext_ds045409,comext_imports_kr.json
FR,imports,KR,FR,2023,870390,OTHER,,not_reported,249628.0,EUR,eurostat_comext_ds045409,comext_imports_kr.json
FR,imports,KR,FR,2024,870321,ICE,,not_reported,58611423.0,EUR,eurostat_comext_ds045409,comext_imports_kr.json
FR,imports,KR,FR,2024,870322,ICE,,not_reported,149076096.0,EUR,eurostat_comext_ds045409,comext_imports_kr.json
FR,imports,KR,FR,2024,870323,ICE,,not_reported,106004462.0,EUR,eurostat_comext_ds045409,comext_imports_kr.json
FR,imports,KR,FR,2024,870324,ICE,,not_reported,574268.0,EUR,eurostat_comext_ds045409,comext_imports_kr.json
FR,imports,KR,FR,2024,870331,ICE,,not_reported,4516.0,EUR,eurostat_comext_ds045409,comext_imports_kr.json
FR,imports,KR,FR,2024,870332,ICE,,not_reported,512031.0,EUR,eurostat_comext_ds045409,comext_imports_kr.json
FR,imports,KR,FR,2024,870333,ICE,,not_reported,64340.0,EUR,eurostat_comext_ds045409,comext_imports_kr.json
FR,imports,KR,FR,2024,870340,HEV,,not_reported,417686568.0,EUR,eurostat_comext_ds045409,comext_imports_kr.json
FR,imports,KR,FR,2024,870350,HEV,,not_reported,8804.0,EUR,eurostat_comext_ds045409,comext_imports_kr.json
FR,imports,KR,FR,2024,870360,PHEV,,not_reported,272402382.0,EUR,eurostat_comext_ds045409,comext_imports_kr.json
FR,imports,KR,FR,2024,870380,BEV,,not_reported,228072085.0,EUR,eurostat_comext_ds045409,comext_imports_kr.json
FR,imports,KR,FR,2024,870390,OTHER,,not_reported,11145.0,EUR,eurostat_comext_ds045409,comext_imports_kr.json
FR,imports,KR,FR,2025,870321,ICE,,not_reported,111655740.0,EUR,eurostat_comext_ds045409,comext_imports_kr.json
FR,imports,KR,FR,2025,870322,ICE,,not_reported,23209823.0,EUR,eurostat_comext_ds045409,comext_imports_kr.json
FR,imports,KR,FR,2025,870323,ICE,,not_reported,16102113.0,EUR,eurostat_comext_ds045409,comext_imports_kr.json
FR,imports,KR,FR,2025,870324,ICE,,not_reported,695134.0,EUR,eurostat_comext_ds045409,comext_imports_kr.json
FR,imports,KR,FR,2025,870331,ICE,,not_reported,81091.0,EUR,eurostat_comext_ds045409,comext_imports_kr.json
FR,imports,KR,FR,2025,870332,ICE,,not_reported,184237.0,EUR,eurostat_comext_ds045409,comext_imports_kr.json
FR,imports,KR,FR,2025,870333,ICE,,not_reported,120857.0,EUR,eurostat_comext_ds045409,comext_imports_kr.json
FR,imports,KR,FR,2025,870340,HEV,,not_reported,366655752.0,EUR,eurostat_comext_ds045409,comext_imports_kr.json
FR,imports,KR,FR,2025,870360,PHEV,,not_reported,53440137.0,EUR,eurostat_comext_ds045409,comext_imports_kr.json
FR,imports,KR,FR,2025,870380,BEV,,not_reported,272215342.0,EUR,eurostat_comext_ds045409,comext_imports_kr.json
FR,imports,KR,FR,2025,870390,OTHER,,not_reported,179167.0,EUR,eurostat_comext_ds045409,comext_imports_kr.json
GR,imports,KR,GR,2022,870321,ICE,,not_reported,17487874.0,EUR,eurostat_comext_ds045409,comext_imports_kr.json
GR,imports,KR,GR,2022,870322,ICE,,not_reported,21912709.0,EUR,eurostat_comext_ds045409,comext_imports_kr.json
GR,imports,KR,GR,2022,870323,ICE,,not_reported,995431.0,EUR,eurostat_comext_ds045409,comext_imports_kr.json
GR,imports,KR,GR,2022,870340,HEV,,not_reported,18308179.0,EUR,eurostat_comext_ds045409,comext_imports_kr.json
GR,imports,KR,GR,2022,870360,PHEV,,not_reported,1289967.0,EUR,eurostat_comext_ds045409,comext_imports_kr.json
GR,imports,KR,GR,2022,870380,BEV,,not_reported,3264675.0,EUR,eurostat_comext_ds045409,comext_imports_kr.json
GR,imports,KR,GR,2023,870321,ICE,,not_reported,32477261.0,EUR,eurostat_comext_ds045409,comext_imports_kr.json
GR,imports,KR,GR,2023,870322,ICE,,not_reported,16493983.0,EUR,eurostat_comext_ds045409,comext_imports_kr.json
GR,imports,KR,GR,2023,870323,ICE,,not_reported,1408797.0,EUR,eurostat_comext_ds045409,comext_imports_kr.json
GR,imports,KR,GR,2023,870340,HEV,,not_reported,22524707.0,EUR,eurostat_comext_ds045409,comext_imports_kr.json
GR,imports,KR,GR,2023,870360,PHEV,,not_reported,993847.0,EUR,eurostat_comext_ds045409,comext_imports_kr.json
GR,imports,KR,GR,2023,870380,BEV,,not_reported,11265081.0,EUR,eurostat_comext_ds045409,comext_imports_kr.json
GR,imports,KR,GR,2024,870321,ICE,,not_reported,18804833.0,EUR,eurostat_comext_ds045409,comext_imports_kr.json
GR,imports,KR,GR,2024,870322,ICE,,not_reported,15599721.0,EUR,eurostat_comext_ds045409,comext_imports_kr.json
GR,imports,KR,GR,2024,870323,ICE,,not_reported,3772832.0,EUR,eurostat_comext_ds045409,comext_imports_kr.json
GR,imports,KR,GR,2024,870332,ICE,,not_reported,199138.0,EUR,eurostat_comext_ds045409,comext_imports_kr.json
GR,imports,KR,GR,2024,870340,HEV,,not_reported,26735480.0,EUR,eurostat_comext_ds045409,comext_imports_kr.json
GR,imports,KR,GR,2024,870360,PHEV,,not_reported,683924.0,EUR,eurostat_comext_ds045409,comext_imports_kr.json
GR,imports,KR,GR,2024,870380,BEV,,not_reported,4078750.0,EUR,eurostat_comext_ds045409,comext_imports_kr.json
GR,imports,KR,GR,2025,870321,ICE,,not_reported,26530229.0,EUR,eurostat_comext_ds045409,comext_imports_kr.json
GR,imports,KR,GR,2025,870322,ICE,,not_reported,14302358.0,EUR,eurostat_comext_ds045409,comext_imports_kr.json
GR,imports,KR,GR,2025,870323,ICE,,not_reported,2819599.0,EUR,eurostat_comext_ds045409,comext_imports_kr.json
GR,imports,KR,GR,2025,870333,ICE,,not_reported,21020.0,EUR,eurostat_comext_ds045409,comext_imports_kr.json
GR,imports,KR,GR,2025,870340,HEV,,not_reported,49749557.0,EUR,eurostat_comext_ds045409,comext_imports_kr.json
GR,imports,KR,GR,2025,870360,PHEV,,not_reported,2842314.0,EUR,eurostat_comext_ds045409,comext_imports_kr.json
GR,imports,KR,GR,2025,870380,BEV,,not_reported,26753600.0,EUR,eurostat_comext_ds045409,comext_imports_kr.json
HR,imports,KR,HR,2022,870321,ICE,,not_reported,6043217.0,EUR,eurostat_comext_ds045409,comext_imports_kr.json
HR,imports,KR,HR,2022,870322,ICE,,not_reported,2051357.0,EUR,eurostat_comext_ds045409,comext_imports_kr.json
HR,imports,KR,HR,2022,870323,ICE,,not_reported,481991.0,EUR,eurostat_comext_ds045409,comext_imports_kr.json
HR,imports,KR,HR,2022,870332,ICE,,not_reported,676719.0,EUR,eurostat_comext_ds045409,comext_imports_kr.json
HR,imports,KR,HR,2022,870340,HEV,,not_reported,835447.0,EUR,eurostat_comext_ds045409,comext_imports_kr.json
HR,imports,KR,HR,2022,870380,BEV,,not_reported,436539.0,EUR,eurostat_comext_ds045409,comext_imports_kr.json
HR,imports,KR,HR,2023,870321,ICE,,not_reported,2989475.0,EUR,eurostat_comext_ds045409,comext_imports_kr.json
HR,imports,KR,HR,2023,870322,ICE,,not_reported,3600.0,EUR,eurostat_comext_ds045409,comext_imports_kr.json
HR,imports,KR,HR,2023,870323,ICE,,not_reported,156944.0,EUR,eurostat_comext_ds045409,comext_imports_kr.json
HR,imports,KR,HR,2023,870331,ICE,,not_reported,332345.0,EUR,eurostat_comext_ds045409,comext_imports_kr.json
HR,imports,KR,HR,2023,870332,ICE,,not_reported,98605.0,EUR,eurostat_comext_ds045409,comext_imports_kr.json
HR,imports,KR,HR,2023,870340,HEV,,not_reported,571645.0,EUR,eurostat_comext_ds045409,comext_imports_kr.json
HR,imports,KR,HR,2023,870380,BEV,,not_reported,2778459.0,EUR,eurostat_comext_ds045409,comext_imports_kr.json
HR,imports,KR,HR,2024,870321,ICE,,not_reported,2824639.0,EUR,eurostat_comext_ds045409,comext_imports_kr.json
HR,imports,KR,HR,2024,870322,ICE,,not_reported,3100.0,EUR,eurostat_comext_ds045409,comext_imports_kr.json
HR,imports,KR,HR,2024,870323,ICE,,not_reported,2056619.0,EUR,eurostat_comext_ds045409,comext_imports_kr.json
HR,imports,KR,HR,2024,870332,ICE,,not_reported,28171.0,EUR,eurostat_comext_ds045409,comext_imports_kr.json
HR,imports,KR,HR,2024,870340,HEV,,not_reported,2066192.0,EUR,eurostat_comext_ds045409,comext_imports_kr.json
HR,imports,KR,HR,2024,870360,PHEV,,not_reported,418438.0,EUR,eurostat_comext_ds045409,comext_imports_kr.json
HR,imports,KR,HR,2024,870380,BEV,,not_reported,1285888.0,EUR,eurostat_comext_ds045409,comext_imports_kr.json
HR,imports,KR,HR,2025,870321,ICE,,not_reported,1504317.0,EUR,eurostat_comext_ds045409,comext_imports_kr.json
HR,imports,KR,HR,2025,870323,ICE,,not_reported,3643127.0,EUR,eurostat_comext_ds045409,comext_imports_kr.json
HR,imports,KR,HR,2025,870332,ICE,,not_reported,12100.0,EUR,eurostat_comext_ds045409,comext_imports_kr.json
HR,imports,KR,HR,2025,870340,HEV,,not_reported,3578903.0,EUR,eurostat_comext_ds045409,comext_imports_kr.json
HR,imports,KR,HR,2025,870360,PHEV,,not_reported,226072.0,EUR,eurostat_comext_ds045409,comext_imports_kr.json
HR,imports,KR,HR,2025,870380,BEV,,not_reported,5681899.0,EUR,eurostat_comext_ds045409,comext_imports_kr.json
HU,imports,KR,HU,2022,870321,ICE,,not_reported,16319177.0,EUR,eurostat_comext_ds045409,comext_imports_kr.json
HU,imports,KR,HU,2022,870322,ICE,,not_reported,105476925.0,EUR,eurostat_comext_ds045409,comext_imports_kr.json
HU,imports,KR,HU,2022,870323,ICE,,not_reported,2001586.0,EUR,eurostat_comext_ds045409,comext_imports_kr.json
HU,imports,KR,HU,2022,870324,ICE,,not_reported,593434.0,EUR,eurostat_comext_ds045409,comext_imports_kr.json
HU,imports,KR,HU,2022,870332,ICE,,not_reported,25240824.0,EUR,eurostat_comext_ds045409,comext_imports_kr.json
HU,imports,KR,HU,2022,870333,ICE,,not_reported,2502.0,EUR,eurostat_comext_ds045409,comext_imports_kr.json
HU,imports,KR,HU,2022,870340,HEV,,not_reported,15742054.0,EUR,eurostat_comext_ds045409,comext_imports_kr.json
HU,imports,KR,HU,2022,870350,HEV,,not_reported,29139.0,EUR,eurostat_comext_ds045409,comext_imports_kr.json
HU,imports,KR,HU,2022,870360,PHEV,,not_reported,6508477.0,EUR,eurostat_comext_ds045409,comext_imports_kr.json
HU,imports,KR,HU,2022,870380,BEV,,not_reported,64348845.0,EUR,eurostat_comext_ds045409,comext_imports_kr.json
HU,imports,KR,HU,2023,870321,ICE,,not_reported,20250708.0,EUR,eurostat_comext_ds045409,comext_imports_kr.json
HU,imports,KR,HU,2023,870322,ICE,,not_reported,173013916.0,EUR,eurostat_comext_ds045409,comext_imports_kr.json
HU,imports,KR,HU,2023,870323,ICE,,not_reported,2140158.0,EUR,eurostat_comext_ds045409,comext_imports_kr.json
HU,imports,KR,HU,2023,870324,ICE,,not_reported,665897.0,EUR,eurostat_comext_ds045409,comext_imports_kr.json
HU,imports,KR,HU,2023,870332,ICE,,not_reported,43452689.0,EUR,eurostat_comext_ds045409,comext_imports_kr.json
HU,imports,KR,HU,2023,870340,HEV,,not_reported,14283735.0,EUR,eurostat_comext_ds045409,comext_imports_kr.json
HU,imports,KR,HU,2023,870360,PHEV,,not_reported,9794704.0,EUR,eurostat_comext_ds045409,comext_imports_kr.json
HU,imports,KR,HU,2023,870380,BEV,,not_reported,102692432.0,EUR,eurostat_comext_ds045409,comext_imports_kr.json
HU,imports,KR,HU,2024,870321,ICE,,not_reported,13671143.0,EUR,eurostat_comext_ds045409,comext_imports_kr.json
HU,imports,KR,HU,2024,870322,ICE,,not_reported,151282516.0,EUR,eurostat_comext_ds045409,comext_imports_kr.json
HU,imports,KR,HU,2024,870323,ICE,,not_reported,3469428.0,EUR,eurostat_comext_ds045409,comext_imports_kr.json
HU,imports,KR,HU,2024,870332,ICE,,not_reported,30731154.0,EUR,eurostat_comext_ds045409,comext_imports_kr.json
HU,imports,KR,HU,2024,870333,ICE,,not_reported,10174.0,EUR,eurostat_comext_ds045409,comext_imports_kr.json
HU,imports,KR,HU,2024,870340,HEV,,not_reported,18885267.0,EUR,eurostat_comext_ds045409,comext_imports_kr.json
HU,imports,KR,HU,2024,870360,PHEV,,not_reported,5107837.0,EUR,eurostat_comext_ds045409,comext_imports_kr.json
HU,imports,KR,HU,2024,870380,BEV,,not_reported,69107642.0,EUR,eurostat_comext_ds045409,comext_imports_kr.json
HU,imports,KR,HU,2025,870321,ICE,,not_reported,11263329.0,EUR,eurostat_comext_ds045409,comext_imports_kr.json
HU,imports,KR,HU,2025,870322,ICE,,not_reported,128967105.0,EUR,eurostat_comext_ds045409,comext_imports_kr.json
HU,imports,KR,HU,2025,870323,ICE,,not_reported,5610944.0,EUR,eurostat_comext_ds045409,comext_imports_kr.json
HU,imports,KR,HU,2025,870331,ICE,,not_reported,330680.0,EUR,eurostat_comext_ds045409,comext_imports_kr.json
HU,imports,KR,HU,2025,870332,ICE,,not_reported,32161270.0,EUR,eurostat_comext_ds045409,comext_imports_kr.json
HU,imports,KR,HU,2025,870333,ICE,,not_reported,1622.0,EUR,eurostat_comext_ds045409,comext_imports_kr.json
HU,imports,KR,HU,2025,870340,HEV,,not_reported,39618653.0,EUR,eurostat_comext_ds045409,comext_imports_kr.json
HU,imports,KR,HU,2025,870360,PHEV,,not_reported,8779523.0,EUR,eurostat_comext_ds045409,comext_imports_kr.json
HU,imports,KR,HU,2025,870380,BEV,,not_reported,114204459.0,EUR,eurostat_comext_ds045409,comext_imports_kr.json
IE,imports,KR,IE,2022,870321,ICE,,not_reported,21669513.0,EUR,eurostat_comext_ds045409,comext_imports_kr.json
IE,imports,KR,IE,2022,870322,ICE,,not_reported,3568677.0,EUR,eurostat_comext_ds045409,comext_imports_kr.json
IE,imports,KR,IE,2022,870323,ICE,,not_reported,3098235.0,EUR,eurostat_comext_ds045409,comext_imports_kr.json
IE,imports,KR,IE,2022,870331,ICE,,not_reported,103749.0,EUR,eurostat_comext_ds045409,comext_imports_kr.json
IE,imports,KR,IE,2022,870332,ICE,,not_reported,11236516.0,EUR,eurostat_comext_ds045409,comext_imports_kr.json
IE,imports,KR,IE,2022,870340,HEV,,not_reported,16476019.0,EUR,eurostat_comext_ds045409,comext_imports_kr.json
IE,imports,KR,IE,2022,870360,PHEV,,not_reported,17762467.0,EUR,eurostat_comext_ds045409,comext_imports_kr.json
IE,imports,KR,IE,2022,870380,BEV,,not_reported,125256542.0,EUR,eurostat_comext_ds045409,comext_imports_kr.json
IE,imports,KR,IE,2023,870321,ICE,,not_reported,12255061.0,EUR,eurostat_comext_ds045409,comext_imports_kr.json
IE,imports,KR,IE,2023,870322,ICE,,not_reported,16556766.0,EUR,eurostat_comext_ds045409,comext_imports_kr.json
IE,imports,KR,IE,2023,870323,ICE,,not_reported,3475990.0,EUR,eurostat_comext_ds045409,comext_imports_kr.json
IE,imports,KR,IE,2023,870331,ICE,,not_reported,234984.0,EUR,eurostat_comext_ds045409,comext_imports_kr.json
IE,imports,KR,IE,2023,870332,ICE,,not_reported,27169703.0,EUR,eurostat_comext_ds045409,comext_imports_kr.json
IE,imports,KR,IE,2023,870333,ICE,,not_reported,68832.0,EUR,eurostat_comext_ds045409,comext_imports_kr.json
IE,imports,KR,IE,2023,870340,HEV,,not_reported,14176986.0,EUR,eurostat_comext_ds045409,comext_imports_kr.json
IE,imports,KR,IE,2023,870350,HEV,,not_reported,542581.0,EUR,eurostat_comext_ds045409,comext_imports_kr.json
IE,imports,KR,IE,2023,870360,PHEV,,not_reported,35619692.0,EUR,eurostat_comext_ds045409,comext_imports_kr.json
IE,imports,KR,IE,2023,870380,BEV,,not_reported,151672337.0,EUR,eurostat_comext_ds045409,comext_imports_kr.json
IE,imports,KR,IE,2023,870390,OTHER,,not_reported,6717.0,EUR,eurostat_comext_ds045409,comext_imports_kr.json
IE,imports,KR,IE,2024,870321,ICE,,not_reported,24452834.0,EUR,eurostat_comext_ds045409,comext_imports_kr.json
IE,imports,KR,IE,2024,870322,ICE,,not_reported,23077268.0,EUR,eurostat_comext_ds045409,comext_imports_kr.json
IE,imports,KR,IE,2024,870323,ICE,,not_reported,10261424.0,EUR,eurostat_comext_ds045409,comext_imports_kr.json
IE,imports,KR,IE,2024,870331,ICE,,not_reported,4893.0,EUR,eurostat_comext_ds045409,comext_imports_kr.json
IE,imports,KR,IE,2024,870332,ICE,,not_reported,16754287.0,EUR,eurostat_comext_ds045409,comext_imports_kr.json
IE,imports,KR,IE,2024,870340,HEV,,not_reported,2183903.0,EUR,eurostat_comext_ds045409,comext_imports_kr.json
IE,imports,KR,IE,2024,870350,HEV,,not_reported,11222.0,EUR,eurostat_comext_ds045409,comext_imports_kr.json
IE,imports,KR,IE,2024,870360,PHEV,,not_reported,66396659.0,EUR,eurostat_comext_ds045409,comext_imports_kr.json
IE,imports,KR,IE,2024,870380,BEV,,not_reported,58146314.0,EUR,eurostat_comext_ds045409,comext_imports_kr.json
IE,imports,KR,IE,2025,870321,ICE,,not_reported,18509112.0,EUR,eurostat_comext_ds045409,comext_imports_kr.json
IE,imports,KR,IE,2025,870322,ICE,,not_reported,2744193.0,EUR,eurostat_comext_ds045409,comext_imports_kr.json
IE,imports,KR,IE,2025,870323,ICE,,not_reported,37125073.0,EUR,eurostat_comext_ds045409,comext_imports_kr.json
IE,imports,KR,IE,2025,870332,ICE,,not_reported,16411306.0,EUR,eurostat_comext_ds045409,comext_imports_kr.json
IE,imports,KR,IE,2025,870333,ICE,,not_reported,8353.0,EUR,eurostat_comext_ds045409,comext_imports_kr.json
IE,imports,KR,IE,2025,870340,HEV,,not_reported,38850377.0,EUR,eurostat_comext_ds045409,comext_imports_kr.json
IE,imports,KR,IE,2025,870350,HEV,,not_reported,13425.0,EUR,eurostat_comext_ds045409,comext_imports_kr.json
IE,imports,KR,IE,2025,870360,PHEV,,not_reported,63502698.0,EUR,eurostat_comext_ds045409,comext_imports_kr.json
IE,imports,KR,IE,2025,870380,BEV,,not_reported,146506029.0,EUR,eurostat_comext_ds045409,comext_imports_kr.json
IT,imports,KR,IT,2022,870321,ICE,,not_reported,122155292.0,EUR,eurostat_comext_ds045409,comext_imports_kr.json
IT,imports,KR,IT,2022,870322,ICE,,not_reported,85008997.0,EUR,eurostat_comext_ds045409,comext_imports_kr.json
IT,imports,KR,IT,2022,870323,ICE,,not_reported,1032582.0,EUR,eurostat_comext_ds045409,comext_imports_kr.json
IT,imports,KR,IT,2022,870324,ICE,,not_reported,68366.0,EUR,eurostat_comext_ds045409,comext_imports_kr.json
IT,imports,KR,IT,2022,870332,ICE,,not_reported,2415639.0,EUR,eurostat_comext_ds045409,comext_imports_kr.json
IT,imports,KR,IT,2022,870333,ICE,,not_reported,441228.0,EUR,eurostat_comext_ds045409,comext_imports_kr.json
IT,imports,KR,IT,2022,870340,HEV,,not_reported,315185641.0,EUR,eurostat_comext_ds045409,comext_imports_kr.json
IT,imports,KR,IT,2022,870360,PHEV,,not_reported,5670900.0,EUR,eurostat_comext_ds045409,comext_imports_kr.json
IT,imports,KR,IT,2022,870380,BEV,,not_reported,24950548.0,EUR,eurostat_comext_ds045409,comext_imports_kr.json
IT,imports,KR,IT,2022,870390,OTHER,,not_reported,474046.0,EUR,eurostat_comext_ds045409,comext_imports_kr.json
IT,imports,KR,IT,2023,870321,ICE,,not_reported,131037831.0,EUR,eurostat_comext_ds045409,comext_imports_kr.json
IT,imports,KR,IT,2023,870322,ICE,,not_reported,77884621.0,EUR,eurostat_comext_ds045409,comext_imports_kr.json
IT,imports,KR,IT,2023,870323,ICE,,not_reported,781243.0,EUR,eurostat_comext_ds045409,comext_imports_kr.json
IT,imports,KR,IT,2023,870324,ICE,,not_reported,69451.0,EUR,eurostat_comext_ds045409,comext_imports_kr.json
IT,imports,KR,IT,2023,870331,ICE,,not_reported,5500.0,EUR,eurostat_comext_ds045409,comext_imports_kr.json
IT,imports,KR,IT,2023,870332,ICE,,not_reported,16218278.0,EUR,eurostat_comext_ds045409,comext_imports_kr.json
IT,imports,KR,IT,2023,870333,ICE,,not_reported,268241.0,EUR,eurostat_comext_ds045409,comext_imports_kr.json
IT,imports,KR,IT,2023,870340,HEV,,not_reported,279584644.0,EUR,eurostat_comext_ds045409,comext_imports_kr.json
IT,imports,KR,IT,2023,870360,PHEV,,not_reported,8558112.0,EUR,eurostat_comext_ds045409,comext_imports_kr.json
IT,imports,KR,IT,2023,870380,BEV,,not_reported,37627466.0,EUR,eurostat_comext_ds045409,comext_imports_kr.json
IT,imports,KR,IT,2024,870321,ICE,,not_reported,141484929.0,EUR,eurostat_comext_ds045409,comext_imports_kr.json
IT,imports,KR,IT,2024,870322,ICE,,not_reported,84522477.0,EUR,eurostat_comext_ds045409,comext_imports_kr.json
IT,imports,KR,IT,2024,870323,ICE,,not_reported,2991048.0,EUR,eurostat_comext_ds045409,comext_imports_kr.json
IT,imports,KR,IT,2024,870324,ICE,,not_reported,237370.0,EUR,eurostat_comext_ds045409,comext_imports_kr.json
IT,imports,KR,IT,2024,870332,ICE,,not_reported,30052918.0,EUR,eurostat_comext_ds045409,comext_imports_kr.json
IT,imports,KR,IT,2024,870340,HEV,,not_reported,246480107.0,EUR,eurostat_comext_ds045409,comext_imports_kr.json
IT,imports,KR,IT,2024,870360,PHEV,,not_reported,8041848.0,EUR,eurostat_comext_ds045409,comext_imports_kr.json
IT,imports,KR,IT,2024,870380,BEV,,not_reported,40792929.0,EUR,eurostat_comext_ds045409,comext_imports_kr.json
IT,imports,KR,IT,2025,870321,ICE,,not_reported,177702858.0,EUR,eurostat_comext_ds045409,comext_imports_kr.json
IT,imports,KR,IT,2025,870322,ICE,,not_reported,77059428.0,EUR,eurostat_comext_ds045409,comext_imports_kr.json
IT,imports,KR,IT,2025,870323,ICE,,not_reported,3130825.0,EUR,eurostat_comext_ds045409,comext_imports_kr.json
IT,imports,KR,IT,2025,870324,ICE,,not_reported,77215.0,EUR,eurostat_comext_ds045409,comext_imports_kr.json
IT,imports,KR,IT,2025,870331,ICE,,not_reported,5000.0,EUR,eurostat_comext_ds045409,comext_imports_kr.json
IT,imports,KR,IT,2025,870332,ICE,,not_reported,24021364.0,EUR,eurostat_comext_ds045409,comext_imports_kr.json
IT,imports,KR,IT,2025,870340,HEV,,not_reported,140250370.0,EUR,eurostat_comext_ds045409,comext_imports_kr.json
IT,imports,KR,IT,2025,870350,HEV,,not_reported,24048048.0,EUR,eurostat_comext_ds045409,comext_imports_kr.json
IT,imports,KR,IT,2025,870360,PHEV,,not_reported,48648512.0,EUR,eurostat_comext_ds045409,comext_imports_kr.json
IT,imports,KR,IT,2025,870380,BEV,,not_reported,122375902.0,EUR,eurostat_comext_ds045409,comext_imports_kr.json
IT,imports,KR,IT,2025,870390,OTHER,,not_reported,271191.0,EUR,eurostat_comext_ds045409,comext_imports_kr.json
LT,imports,KR,LT,2022,870321,ICE,,not_reported,4000.0,EUR,eurostat_comext_ds045409,comext_imports_kr.json
LT,imports,KR,LT,2022,870322,ICE,,not_reported,62417.0,EUR,eurostat_comext_ds045409,comext_imports_kr.json
LT,imports,KR,LT,2022,870323,ICE,,not_reported,136001.0,EUR,eurostat_comext_ds045409,comext_imports_kr.json
LT,imports,KR,LT,2022,870324,ICE,,not_reported,36930.0,EUR,eurostat_comext_ds045409,comext_imports_kr.json
LT,imports,KR,LT,2022,870331,ICE,,not_reported,2246.0,EUR,eurostat_comext_ds045409,comext_imports_kr.json
LT,imports,KR,LT,2022,870332,ICE,,not_reported,135916.0,EUR,eurostat_comext_ds045409,comext_imports_kr.json
LT,imports,KR,LT,2022,870333,ICE,,not_reported,29079.0,EUR,eurostat_comext_ds045409,comext_imports_kr.json
LT,imports,KR,LT,2022,870340,HEV,,not_reported,15184.0,EUR,eurostat_comext_ds045409,comext_imports_kr.json
LT,imports,KR,LT,2022,870360,PHEV,,not_reported,32900.0,EUR,eurostat_comext_ds045409,comext_imports_kr.json
LT,imports,KR,LT,2022,870380,BEV,,not_reported,69306.0,EUR,eurostat_comext_ds045409,comext_imports_kr.json
LT,imports,KR,LT,2023,870321,ICE,,not_reported,1906.0,EUR,eurostat_comext_ds045409,comext_imports_kr.json
LT,imports,KR,LT,2023,870322,ICE,,not_reported,65260.0,EUR,eurostat_comext_ds045409,comext_imports_kr.json
LT,imports,KR,LT,2023,870323,ICE,,not_reported,260756.0,EUR,eurostat_comext_ds045409,comext_imports_kr.json
LT,imports,KR,LT,2023,870324,ICE,,not_reported,27705.0,EUR,eurostat_comext_ds045409,comext_imports_kr.json
LT,imports,KR,LT,2023,870331,ICE,,not_reported,6728.0,EUR,eurostat_comext_ds045409,comext_imports_kr.json
LT,imports,KR,LT,2023,870332,ICE,,not_reported,458114.0,EUR,eurostat_comext_ds045409,comext_imports_kr.json
LT,imports,KR,LT,2023,870333,ICE,,not_reported,94544.0,EUR,eurostat_comext_ds045409,comext_imports_kr.json
LT,imports,KR,LT,2023,870340,HEV,,not_reported,71194.0,EUR,eurostat_comext_ds045409,comext_imports_kr.json
LT,imports,KR,LT,2023,870360,PHEV,,not_reported,15173.0,EUR,eurostat_comext_ds045409,comext_imports_kr.json
LT,imports,KR,LT,2023,870380,BEV,,not_reported,59373.0,EUR,eurostat_comext_ds045409,comext_imports_kr.json
LT,imports,KR,LT,2024,870321,ICE,,not_reported,12204.0,EUR,eurostat_comext_ds045409,comext_imports_kr.json
LT,imports,KR,LT,2024,870322,ICE,,not_reported,65358.0,EUR,eurostat_comext_ds045409,comext_imports_kr.json
LT,imports,KR,LT,2024,870323,ICE,,not_reported,225340.0,EUR,eurostat_comext_ds045409,comext_imports_kr.json
LT,imports,KR,LT,2024,870324,ICE,,not_reported,128197.0,EUR,eurostat_comext_ds045409,comext_imports_kr.json
LT,imports,KR,LT,2024,870331,ICE,,not_reported,31963.0,EUR,eurostat_comext_ds045409,comext_imports_kr.json
LT,imports,KR,LT,2024,870332,ICE,,not_reported,553320.0,EUR,eurostat_comext_ds045409,comext_imports_kr.json
LT,imports,KR,LT,2024,870333,ICE,,not_reported,179281.0,EUR,eurostat_comext_ds045409,comext_imports_kr.json
LT,imports,KR,LT,2024,870340,HEV,,not_reported,61260.0,EUR,eurostat_comext_ds045409,comext_imports_kr.json
LT,imports,KR,LT,2024,870360,PHEV,,not_reported,12394.0,EUR,eurostat_comext_ds045409,comext_imports_kr.json
LT,imports,KR,LT,2024,870380,BEV,,not_reported,132605.0,EUR,eurostat_comext_ds045409,comext_imports_kr.json
LT,imports,KR,LT,2025,870321,ICE,,not_reported,1214.0,EUR,eurostat_comext_ds045409,comext_imports_kr.json
LT,imports,KR,LT,2025,870322,ICE,,not_reported,33314.0,EUR,eurostat_comext_ds045409,comext_imports_kr.json
LT,imports,KR,LT,2025,870323,ICE,,not_reported,187913.0,EUR,eurostat_comext_ds045409,comext_imports_kr.json
LT,imports,KR,LT,2025,870324,ICE,,not_reported,108740.0,EUR,eurostat_comext_ds045409,comext_imports_kr.json
LT,imports,KR,LT,2025,870331,ICE,,not_reported,14713.0,EUR,eurostat_comext_ds045409,comext_imports_kr.json
LT,imports,KR,LT,2025,870332,ICE,,not_reported,587613.0,EUR,eurostat_comext_ds045409,comext_imports_kr.json
LT,imports,KR,LT,2025,870333,ICE,,not_reported,99215.0,EUR,eurostat_comext_ds045409,comext_imports_kr.json
LT,imports,KR,LT,2025,870340,HEV,,not_reported,22977.0,EUR,eurostat_comext_ds045409,comext_imports_kr.json
LT,imports,KR,LT,2025,870360,PHEV,,not_reported,75180.0,EUR,eurostat_comext_ds045409,comext_imports_kr.json
LT,imports,KR,LT,2025,870380,BEV,,not_reported,48039.0,EUR,eurostat_comext_ds045409,comext_imports_kr.json
LU,imports,KR,LU,2024,870380,BEV,,not_reported,143624.0,EUR,eurostat_comext_ds045409,comext_imports_kr.json
LU,imports,KR,LU,2025,870323,ICE,,not_reported,36511.0,EUR,eurostat_comext_ds045409,comext_imports_kr.json
LU,imports,KR,LU,2025,870324,ICE,,not_reported,48420.0,EUR,eurostat_comext_ds045409,comext_imports_kr.json
LV,imports,KR,LV,2022,870332,ICE,,not_reported,2609.0,EUR,eurostat_comext_ds045409,comext_imports_kr.json
LV,imports,KR,LV,2023,870332,ICE,,not_reported,103282.0,EUR,eurostat_comext_ds045409,comext_imports_kr.json
LV,imports,KR,LV,2024,870332,ICE,,not_reported,12050.0,EUR,eurostat_comext_ds045409,comext_imports_kr.json
LV,imports,KR,LV,2025,870324,ICE,,not_reported,68874.0,EUR,eurostat_comext_ds045409,comext_imports_kr.json
LV,imports,KR,LV,2025,870380,BEV,,not_reported,9938.0,EUR,eurostat_comext_ds045409,comext_imports_kr.json
MT,imports,KR,MT,2022,870321,ICE,,not_reported,1246283.0,EUR,eurostat_comext_ds045409,comext_imports_kr.json
MT,imports,KR,MT,2022,870322,ICE,,not_reported,2751560.0,EUR,eurostat_comext_ds045409,comext_imports_kr.json
MT,imports,KR,MT,2022,870323,ICE,,not_reported,24937.0,EUR,eurostat_comext_ds045409,comext_imports_kr.json
MT,imports,KR,MT,2022,870332,ICE,,not_reported,687160.0,EUR,eurostat_comext_ds045409,comext_imports_kr.json
MT,imports,KR,MT,2022,870340,HEV,,not_reported,517314.0,EUR,eurostat_comext_ds045409,comext_imports_kr.json
MT,imports,KR,MT,2022,870360,PHEV,,not_reported,390103.0,EUR,eurostat_comext_ds045409,comext_imports_kr.json
MT,imports,KR,MT,2022,870380,BEV,,not_reported,2790817.0,EUR,eurostat_comext_ds045409,comext_imports_kr.json
MT,imports,KR,MT,2023,870321,ICE,,not_reported,3707311.0,EUR,eurostat_comext_ds045409,comext_imports_kr.json
MT,imports,KR,MT,2023,870322,ICE,,not_reported,2936591.0,EUR,eurostat_comext_ds045409,comext_imports_kr.json
MT,imports,KR,MT,2023,870323,ICE,,not_reported,85385.0,EUR,eurostat_comext_ds045409,comext_imports_kr.json
MT,imports,KR,MT,2023,870332,ICE,,not_reported,353868.0,EUR,eurostat_comext_ds045409,comext_imports_kr.json
MT,imports,KR,MT,2023,870340,HEV,,not_reported,454427.0,EUR,eurostat_comext_ds045409,comext_imports_kr.json
MT,imports,KR,MT,2023,870360,PHEV,,not_reported,19953.0,EUR,eurostat_comext_ds045409,comext_imports_kr.json
MT,imports,KR,MT,2023,870380,BEV,,not_reported,3571067.0,EUR,eurostat_comext_ds045409,comext_imports_kr.json
MT,imports,KR,MT,2024,870321,ICE,,not_reported,3254281.0,EUR,eurostat_comext_ds045409,comext_imports_kr.json
MT,imports,KR,MT,2024,870322,ICE,,not_reported,1811925.0,EUR,eurostat_comext_ds045409,comext_imports_kr.json
MT,imports,KR,MT,2024,870323,ICE,,not_reported,66402.0,EUR,eurostat_comext_ds045409,comext_imports_kr.json
MT,imports,KR,MT,2024,870332,ICE,,not_reported,117977.0,EUR,eurostat_comext_ds045409,comext_imports_kr.json
MT,imports,KR,MT,2024,870340,HEV,,not_reported,550189.0,EUR,eurostat_comext_ds045409,comext_imports_kr.json
MT,imports,KR,MT,2024,870360,PHEV,,not_reported,108543.0,EUR,eurostat_comext_ds045409,comext_imports_kr.json
MT,imports,KR,MT,2024,870380,BEV,,not_reported,1204913.0,EUR,eurostat_comext_ds045409,comext_imports_kr.json
MT,imports,KR,MT,2025,870321,ICE,,not_reported,3259024.0,EUR,eurostat_comext_ds045409,comext_imports_kr.json
MT,imports,KR,MT,2025,870322,ICE,,not_reported,1195547.0,EUR,eurostat_comext_ds045409,comext_imports_kr.json
MT,imports,KR,MT,2025,870323,ICE,,not_reported,62860.0,EUR,eurostat_comext_ds045409,comext_imports_kr.json
MT,imports,KR,MT,2025,870331,ICE,,not_reported,76895.0,EUR,eurostat_comext_ds045409,comext_imports_kr.json
MT,imports,KR,MT,2025,870332,ICE,,not_reported,190712.0,EUR,eurostat_comext_ds045409,comext_imports_kr.json
MT,imports,KR,MT,2025,870340,HEV,,not_reported,655852.0,EUR,eurostat_comext_ds045409,comext_imports_kr.json
MT,imports,KR,MT,2025,870360,PHEV,,not_reported,188335.0,EUR,eurostat_comext_ds045409,comext_imports_kr.json
MT,imports,KR,MT,2025,870380,BEV,,not_reported,4365220.0,EUR,eurostat_comext_ds045409,comext_imports_kr.json
NL,imports,KR,NL,2022,870321,ICE,,not_reported,109081469.0,EUR,eurostat_comext_ds045409,comext_imports_kr.json
NL,imports,KR,NL,2022,870322,ICE,,not_reported,186706.0,EUR,eurostat_comext_ds045409,comext_imports_kr.json
NL,imports,KR,NL,2022,870323,ICE,,not_reported,1225382.0,EUR,eurostat_comext_ds045409,comext_imports_kr.json
NL,imports,KR,NL,2022,870324,ICE,,not_reported,1589614.0,EUR,eurostat_comext_ds045409,comext_imports_kr.json
NL,imports,KR,NL,2022,870331,ICE,,not_reported,506.0,EUR,eurostat_comext_ds045409,comext_imports_kr.json
NL,imports,KR,NL,2022,870332,ICE,,not_reported,165450.0,EUR,eurostat_comext_ds045409,comext_imports_kr.json
NL,imports,KR,NL,2022,870333,ICE,,not_reported,797.0,EUR,eurostat_comext_ds045409,comext_imports_kr.json
NL,imports,KR,NL,2022,870340,HEV,,not_reported,129052326.0,EUR,eurostat_comext_ds045409,comext_imports_kr.json
NL,imports,KR,NL,2022,870360,PHEV,,not_reported,17811867.0,EUR,eurostat_comext_ds045409,comext_imports_kr.json
NL,imports,KR,NL,2022,870380,BEV,,not_reported,287133132.0,EUR,eurostat_comext_ds045409,comext_imports_kr.json
NL,imports,KR,NL,2022,870390,OTHER,,not_reported,230234.0,EUR,eurostat_comext_ds045409,comext_imports_kr.json
NL,imports,KR,NL,2023,870321,ICE,,not_reported,111188536.0,EUR,eurostat_comext_ds045409,comext_imports_kr.json
NL,imports,KR,NL,2023,870322,ICE,,not_reported,97836.0,EUR,eurostat_comext_ds045409,comext_imports_kr.json
NL,imports,KR,NL,2023,870323,ICE,,not_reported,1689527.0,EUR,eurostat_comext_ds045409,comext_imports_kr.json
NL,imports,KR,NL,2023,870324,ICE,,not_reported,873109.0,EUR,eurostat_comext_ds045409,comext_imports_kr.json
NL,imports,KR,NL,2023,870331,ICE,,not_reported,4260.0,EUR,eurostat_comext_ds045409,comext_imports_kr.json
NL,imports,KR,NL,2023,870332,ICE,,not_reported,86888.0,EUR,eurostat_comext_ds045409,comext_imports_kr.json
NL,imports,KR,NL,2023,870333,ICE,,not_reported,10230.0,EUR,eurostat_comext_ds045409,comext_imports_kr.json
NL,imports,KR,NL,2023,870340,HEV,,not_reported,113312426.0,EUR,eurostat_comext_ds045409,comext_imports_kr.json
NL,imports,KR,NL,2023,870360,PHEV,,not_reported,23548953.0,EUR,eurostat_comext_ds045409,comext_imports_kr.json
NL,imports,KR,NL,2023,870380,BEV,,not_reported,435831800.0,EUR,eurostat_comext_ds045409,comext_imports_kr.json
NL,imports,KR,NL,2023,870390,OTHER,,not_reported,3736.0,EUR,eurostat_comext_ds045409,comext_imports_kr.json
NL,imports,KR,NL,2024,870321,ICE,,not_reported,124835432.0,EUR,eurostat_comext_ds045409,comext_imports_kr.json
NL,imports,KR,NL,2024,870322,ICE,,not_reported,126059.0,EUR,eurostat_comext_ds045409,comext_imports_kr.json
NL,imports,KR,NL,2024,870323,ICE,,not_reported,3336598.0,EUR,eurostat_comext_ds045409,comext_imports_kr.json
NL,imports,KR,NL,2024,870324,ICE,,not_reported,1214271.0,EUR,eurostat_comext_ds045409,comext_imports_kr.json
NL,imports,KR,NL,2024,870331,ICE,,not_reported,3757.0,EUR,eurostat_comext_ds045409,comext_imports_kr.json
NL,imports,KR,NL,2024,870332,ICE,,not_reported,59536.0,EUR,eurostat_comext_ds045409,comext_imports_kr.json
NL,imports,KR,NL,2024,870333,ICE,,not_reported,2054.0,EUR,eurostat_comext_ds045409,comext_imports_kr.json
NL,imports,KR,NL,2024,870340,HEV,,not_reported,209438562.0,EUR,eurostat_comext_ds045409,comext_imports_kr.json
NL,imports,KR,NL,2024,870360,PHEV,,not_reported,40098870.0,EUR,eurostat_comext_ds045409,comext_imports_kr.json
NL,imports,KR,NL,2024,870380,BEV,,not_reported,399082324.0,EUR,eurostat_comext_ds045409,comext_imports_kr.json
NL,imports,KR,NL,2024,870390,OTHER,,not_reported,23512.0,EUR,eurostat_comext_ds045409,comext_imports_kr.json
NL,imports,KR,NL,2025,870321,ICE,,not_reported,117819005.0,EUR,eurostat_comext_ds045409,comext_imports_kr.json
NL,imports,KR,NL,2025,870322,ICE,,not_reported,156682.0,EUR,eurostat_comext_ds045409,comext_imports_kr.json
NL,imports,KR,NL,2025,870323,ICE,,not_reported,2856274.0,EUR,eurostat_comext_ds045409,comext_imports_kr.json
NL,imports,KR,NL,2025,870324,ICE,,not_reported,3720597.0,EUR,eurostat_comext_ds045409,comext_imports_kr.json
NL,imports,KR,NL,2025,870331,ICE,,not_reported,1997.0,EUR,eurostat_comext_ds045409,comext_imports_kr.json
NL,imports,KR,NL,2025,870332,ICE,,not_reported,375991.0,EUR,eurostat_comext_ds045409,comext_imports_kr.json
NL,imports,KR,NL,2025,870333,ICE,,not_reported,90375.0,EUR,eurostat_comext_ds045409,comext_imports_kr.json
NL,imports,KR,NL,2025,870340,HEV,,not_reported,169315058.0,EUR,eurostat_comext_ds045409,comext_imports_kr.json
NL,imports,KR,NL,2025,870350,HEV,,not_reported,18668.0,EUR,eurostat_comext_ds045409,comext_imports_kr.json
NL,imports,KR,NL,2025,870360,PHEV,,not_reported,38170601.0,EUR,eurostat_comext_ds045409,comext_imports_kr.json
NL,imports,KR,NL,2025,870380,BEV,,not_reported,533993233.0,EUR,eurostat_comext_ds045409,comext_imports_kr.json
NL,imports,KR,NL,2025,870390,OTHER,,not_reported,4580.0,EUR,eurostat_comext_ds045409,comext_imports_kr.json
PL,imports,KR,PL,2022,870321,ICE,,not_reported,38704383.0,EUR,eurostat_comext_ds045409,comext_imports_kr.json
PL,imports,KR,PL,2022,870322,ICE,,not_reported,34508004.0,EUR,eurostat_comext_ds045409,comext_imports_kr.json
PL,imports,KR,PL,2022,870323,ICE,,not_reported,26167395.0,EUR,eurostat_comext_ds045409,comext_imports_kr.json
PL,imports,KR,PL,2022,870324,ICE,,not_reported,8157556.0,EUR,eurostat_comext_ds045409,comext_imports_kr.json
PL,imports,KR,PL,2022,870331,ICE,,not_reported,5466.0,EUR,eurostat_comext_ds045409,comext_imports_kr.json
PL,imports,KR,PL,2022,870332,ICE,,not_reported,5425044.0,EUR,eurostat_comext_ds045409,comext_imports_kr.json
PL,imports,KR,PL,2022,870333,ICE,,not_reported,6221.0,EUR,eurostat_comext_ds045409,comext_imports_kr.json
PL,imports,KR,PL,2022,870340,HEV,,not_reported,53146182.0,EUR,eurostat_comext_ds045409,comext_imports_kr.json
PL,imports,KR,PL,2022,870360,PHEV,,not_reported,5704308.0,EUR,eurostat_comext_ds045409,comext_imports_kr.json
PL,imports,KR,PL,2022,870380,BEV,,not_reported,37658596.0,EUR,eurostat_comext_ds045409,comext_imports_kr.json
PL,imports,KR,PL,2023,870321,ICE,,not_reported,55823954.0,EUR,eurostat_comext_ds045409,comext_imports_kr.json
PL,imports,KR,PL,2023,870322,ICE,,not_reported,34255543.0,EUR,eurostat_comext_ds045409,comext_imports_kr.json
PL,imports,KR,PL,2023,870323,ICE,,not_reported,46549307.0,EUR,eurostat_comext_ds045409,comext_imports_kr.json
PL,imports,KR,PL,2023,870324,ICE,,not_reported,5828814.0,EUR,eurostat_comext_ds045409,comext_imports_kr.json
PL,imports,KR,PL,2023,870331,ICE,,not_reported,11279.0,EUR,eurostat_comext_ds045409,comext_imports_kr.json
PL,imports,KR,PL,2023,870332,ICE,,not_reported,13143212.0,EUR,eurostat_comext_ds045409,comext_imports_kr.json
PL,imports,KR,PL,2023,870333,ICE,,not_reported,1691.0,EUR,eurostat_comext_ds045409,comext_imports_kr.json
PL,imports,KR,PL,2023,870340,HEV,,not_reported,85918328.0,EUR,eurostat_comext_ds045409,comext_imports_kr.json
PL,imports,KR,PL,2023,870360,PHEV,,not_reported,14774568.0,EUR,eurostat_comext_ds045409,comext_imports_kr.json
PL,imports,KR,PL,2023,870380,BEV,,not_reported,104818368.0,EUR,eurostat_comext_ds045409,comext_imports_kr.json
PL,imports,KR,PL,2024,870321,ICE,,not_reported,31757235.0,EUR,eurostat_comext_ds045409,comext_imports_kr.json
PL,imports,KR,PL,2024,870322,ICE,,not_reported,37015242.0,EUR,eurostat_comext_ds045409,comext_imports_kr.json
PL,imports,KR,PL,2024,870323,ICE,,not_reported,48680151.0,EUR,eurostat_comext_ds045409,comext_imports_kr.json
PL,imports,KR,PL,2024,870324,ICE,,not_reported,79037.0,EUR,eurostat_comext_ds045409,comext_imports_kr.json
PL,imports,KR,PL,2024,870331,ICE,,not_reported,31710.0,EUR,eurostat_comext_ds045409,comext_imports_kr.json
PL,imports,KR,PL,2024,870332,ICE,,not_reported,9685909.0,EUR,eurostat_comext_ds045409,comext_imports_kr.json
PL,imports,KR,PL,2024,870333,ICE,,not_reported,1046.0,EUR,eurostat_comext_ds045409,comext_imports_kr.json
PL,imports,KR,PL,2024,870340,HEV,,not_reported,152883739.0,EUR,eurostat_comext_ds045409,comext_imports_kr.json
PL,imports,KR,PL,2024,870360,PHEV,,not_reported,8099215.0,EUR,eurostat_comext_ds045409,comext_imports_kr.json
PL,imports,KR,PL,2024,870380,BEV,,not_reported,66255878.0,EUR,eurostat_comext_ds045409,comext_imports_kr.json
PL,imports,KR,PL,2025,870321,ICE,,not_reported,28007552.0,EUR,eurostat_comext_ds045409,comext_imports_kr.json
PL,imports,KR,PL,2025,870322,ICE,,not_reported,25987397.0,EUR,eurostat_comext_ds045409,comext_imports_kr.json
PL,imports,KR,PL,2025,870323,ICE,,not_reported,28467821.0,EUR,eurostat_comext_ds045409,comext_imports_kr.json
PL,imports,KR,PL,2025,870324,ICE,,not_reported,196310.0,EUR,eurostat_comext_ds045409,comext_imports_kr.json
PL,imports,KR,PL,2025,870331,ICE,,not_reported,16928.0,EUR,eurostat_comext_ds045409,comext_imports_kr.json
PL,imports,KR,PL,2025,870332,ICE,,not_reported,10595312.0,EUR,eurostat_comext_ds045409,comext_imports_kr.json
PL,imports,KR,PL,2025,870333,ICE,,not_reported,1914.0,EUR,eurostat_comext_ds045409,comext_imports_kr.json
PL,imports,KR,PL,2025,870340,HEV,,not_reported,100336274.0,EUR,eurostat_comext_ds045409,comext_imports_kr.json
PL,imports,KR,PL,2025,870360,PHEV,,not_reported,16208051.0,EUR,eurostat_comext_ds045409,comext_imports_kr.json
PL,imports,KR,PL,2025,870380,BEV,,not_reported,104281705.0,EUR,eurostat_comext_ds045409,comext_imports_kr.json
PT,imports,KR,PT,2022,870321,ICE,,not_reported,32201316.0,EUR,eurostat_comext_ds045409,comext_imports_kr.json
PT,imports,KR,PT,2022,870322,ICE,,not_reported,13278829.0,EUR,eurostat_comext_ds045409,comext_imports_kr.json
PT,imports,KR,PT,2022,870323,ICE,,not_reported,134878.0,EUR,eurostat_comext_ds045409,comext_imports_kr.json
PT,imports,KR,PT,2022,870332,ICE,,not_reported,2677023.0,EUR,eurostat_comext_ds045409,comext_imports_kr.json
PT,imports,KR,PT,2022,870340,HEV,,not_reported,8248987.0,EUR,eurostat_comext_ds045409,comext_imports_kr.json
PT,imports,KR,PT,2022,870360,PHEV,,not_reported,1187606.0,EUR,eurostat_comext_ds045409,comext_imports_kr.json
PT,imports,KR,PT,2022,870380,BEV,,not_reported,31551540.0,EUR,eurostat_comext_ds045409,comext_imports_kr.json
PT,imports,KR,PT,2023,870321,ICE,,not_reported,41962636.0,EUR,eurostat_comext_ds045409,comext_imports_kr.json
PT,imports,KR,PT,2023,870322,ICE,,not_reported,16221034.0,EUR,eurostat_comext_ds045409,comext_imports_kr.json
PT,imports,KR,PT,2023,870323,ICE,,not_reported,96125.0,EUR,eurostat_comext_ds045409,comext_imports_kr.json
PT,imports,KR,PT,2023,870332,ICE,,not_reported,3131370.0,EUR,eurostat_comext_ds045409,comext_imports_kr.json
PT,imports,KR,PT,2023,870340,HEV,,not_reported,11623531.0,EUR,eurostat_comext_ds045409,comext_imports_kr.json
PT,imports,KR,PT,2023,870360,PHEV,,not_reported,868266.0,EUR,eurostat_comext_ds045409,comext_imports_kr.json
PT,imports,KR,PT,2023,870380,BEV,,not_reported,56795764.0,EUR,eurostat_comext_ds045409,comext_imports_kr.json
PT,imports,KR,PT,2024,870321,ICE,,not_reported,42761563.0,EUR,eurostat_comext_ds045409,comext_imports_kr.json
PT,imports,KR,PT,2024,870322,ICE,,not_reported,15767395.0,EUR,eurostat_comext_ds045409,comext_imports_kr.json
PT,imports,KR,PT,2024,870332,ICE,,not_reported,442828.0,EUR,eurostat_comext_ds045409,comext_imports_kr.json
PT,imports,KR,PT,2024,870340,HEV,,not_reported,12212620.0,EUR,eurostat_comext_ds045409,comext_imports_kr.json
PT,imports,KR,PT,2024,870360,PHEV,,not_reported,6127135.0,EUR,eurostat_comext_ds045409,comext_imports_kr.json
PT,imports,KR,PT,2024,870380,BEV,,not_reported,40784262.0,EUR,eurostat_comext_ds045409,comext_imports_kr.json
PT,imports,KR,PT,2025,870321,ICE,,not_reported,40808707.0,EUR,eurostat_comext_ds045409,comext_imports_kr.json
PT,imports,KR,PT,2025,870322,ICE,,not_reported,11564341.0,EUR,eurostat_comext_ds045409,comext_imports_kr.json
PT,imports,KR,PT,2025,870332,ICE,,not_reported,30377.0,EUR,eurostat_comext_ds045409,comext_imports_kr.json
PT,imports,KR,PT,2025,870340,HEV,,not_reported,10856608.0,EUR,eurostat_comext_ds045409,comext_imports_kr.json
PT,imports,KR,PT,2025,870360,PHEV,,not_reported,9028198.0,EUR,eurostat_comext_ds045409,comext_imports_kr.json
PT,imports,KR,PT,2025,870380,BEV,,not_reported,81337819.0,EUR,eurostat_comext_ds045409,comext_imports_kr.json
RO,imports,KR,RO,2022,870321,ICE,,not_reported,1045827.0,EUR,eurostat_comext_ds045409,comext_imports_kr.json
RO,imports,KR,RO,2022,870322,ICE,,not_reported,3554253.0,EUR,eurostat_comext_ds045409,comext_imports_kr.json
RO,imports,KR,RO,2022,870323,ICE,,not_reported,27333.0,EUR,eurostat_comext_ds045409,comext_imports_kr.json
RO,imports,KR,RO,2022,870324,ICE,,not_reported,199895.0,EUR,eurostat_comext_ds045409,comext_imports_kr.json
RO,imports,KR,RO,2022,870332,ICE,,not_reported,189671.0,EUR,eurostat_comext_ds045409,comext_imports_kr.json
RO,imports,KR,RO,2022,870333,ICE,,not_reported,1670.0,EUR,eurostat_comext_ds045409,comext_imports_kr.json
RO,imports,KR,RO,2022,870340,HEV,,not_reported,654420.0,EUR,eurostat_comext_ds045409,comext_imports_kr.json
RO,imports,KR,RO,2022,870380,BEV,,not_reported,2454915.0,EUR,eurostat_comext_ds045409,comext_imports_kr.json
RO,imports,KR,RO,2023,870321,ICE,,not_reported,1117307.0,EUR,eurostat_comext_ds045409,comext_imports_kr.json
RO,imports,KR,RO,2023,870322,ICE,,not_reported,4288099.0,EUR,eurostat_comext_ds045409,comext_imports_kr.json
RO,imports,KR,RO,2023,870323,ICE,,not_reported,144071.0,EUR,eurostat_comext_ds045409,comext_imports_kr.json
RO,imports,KR,RO,2023,870324,ICE,,not_reported,99698.0,EUR,eurostat_comext_ds045409,comext_imports_kr.json
RO,imports,KR,RO,2023,870331,ICE,,not_reported,5848.0,EUR,eurostat_comext_ds045409,comext_imports_kr.json
RO,imports,KR,RO,2023,870332,ICE,,not_reported,743133.0,EUR,eurostat_comext_ds045409,comext_imports_kr.json
RO,imports,KR,RO,2023,870333,ICE,,not_reported,89343.0,EUR,eurostat_comext_ds045409,comext_imports_kr.json
RO,imports,KR,RO,2023,870340,HEV,,not_reported,68907.0,EUR,eurostat_comext_ds045409,comext_imports_kr.json
RO,imports,KR,RO,2023,870360,PHEV,,not_reported,3332056.0,EUR,eurostat_comext_ds045409,comext_imports_kr.json
RO,imports,KR,RO,2023,870380,BEV,,not_reported,3815424.0,EUR,eurostat_comext_ds045409,comext_imports_kr.json
RO,imports,KR,RO,2024,870321,ICE,,not_reported,221353.0,EUR,eurostat_comext_ds045409,comext_imports_kr.json
RO,imports,KR,RO,2024,870322,ICE,,not_reported,2580496.0,EUR,eurostat_comext_ds045409,comext_imports_kr.json
RO,imports,KR,RO,2024,870323,ICE,,not_reported,165217.0,EUR,eurostat_comext_ds045409,comext_imports_kr.json
RO,imports,KR,RO,2024,870324,ICE,,not_reported,15793.0,EUR,eurostat_comext_ds045409,comext_imports_kr.json
RO,imports,KR,RO,2024,870331,ICE,,not_reported,11065.0,EUR,eurostat_comext_ds045409,comext_imports_kr.json
RO,imports,KR,RO,2024,870332,ICE,,not_reported,892001.0,EUR,eurostat_comext_ds045409,comext_imports_kr.json
RO,imports,KR,RO,2024,870333,ICE,,not_reported,42443.0,EUR,eurostat_comext_ds045409,comext_imports_kr.json
RO,imports,KR,RO,2024,870340,HEV,,not_reported,884939.0,EUR,eurostat_comext_ds045409,comext_imports_kr.json
RO,imports,KR,RO,2024,870360,PHEV,,not_reported,672608.0,EUR,eurostat_comext_ds045409,comext_imports_kr.json
RO,imports,KR,RO,2024,870380,BEV,,not_reported,4492773.0,EUR,eurostat_comext_ds045409,comext_imports_kr.json
RO,imports,KR,RO,2025,870321,ICE,,not_reported,448884.0,EUR,eurostat_comext_ds045409,comext_imports_kr.json
RO,imports,KR,RO,2025,870322,ICE,,not_reported,1175622.0,EUR,eurostat_comext_ds045409,comext_imports_kr.json
RO,imports,KR,RO,2025,870323,ICE,,not_reported,305033.0,EUR,eurostat_comext_ds045409,comext_imports_kr.json
RO,imports,KR,RO,2025,870324,ICE,,not_reported,96242.0,EUR,eurostat_comext_ds045409,comext_imports_kr.json
RO,imports,KR,RO,2025,870331,ICE,,not_reported,24107.0,EUR,eurostat_comext_ds045409,comext_imports_kr.json
RO,imports,KR,RO,2025,870332,ICE,,not_reported,2947682.0,EUR,eurostat_comext_ds045409,comext_imports_kr.json
RO,imports,KR,RO,2025,870333,ICE,,not_reported,97733.0,EUR,eurostat_comext_ds045409,comext_imports_kr.json
RO,imports,KR,RO,2025,870340,HEV,,not_reported,1923653.0,EUR,eurostat_comext_ds045409,comext_imports_kr.json
RO,imports,KR,RO,2025,870380,BEV,,not_reported,1874949.0,EUR,eurostat_comext_ds045409,comext_imports_kr.json
SE,imports,KR,SE,2022,870321,ICE,,not_reported,21588355.0,EUR,eurostat_comext_ds045409,comext_imports_kr.json
SE,imports,KR,SE,2022,870322,ICE,,not_reported,5365516.0,EUR,eurostat_comext_ds045409,comext_imports_kr.json
SE,imports,KR,SE,2022,870323,ICE,,not_reported,2158248.0,EUR,eurostat_comext_ds045409,comext_imports_kr.json
SE,imports,KR,SE,2022,870324,ICE,,not_reported,179515.0,EUR,eurostat_comext_ds045409,comext_imports_kr.json
SE,imports,KR,SE,2022,870332,ICE,,not_reported,1823270.0,EUR,eurostat_comext_ds045409,comext_imports_kr.json
SE,imports,KR,SE,2022,870340,HEV,,not_reported,27110431.0,EUR,eurostat_comext_ds045409,comext_imports_kr.json
SE,imports,KR,SE,2022,870360,PHEV,,not_reported,67001543.0,EUR,eurostat_comext_ds045409,comext_imports_kr.json
SE,imports,KR,SE,2022,870380,BEV,,not_reported,351097671.0,EUR,eurostat_comext_ds045409,comext_imports_kr.json
SE,imports,KR,SE,2023,870321,ICE,,not_reported,24883072.0,EUR,eurostat_comext_ds045409,comext_imports_kr.json
SE,imports,KR,SE,2023,870322,ICE,,not_reported,668095.0,EUR,eurostat_comext_ds045409,comext_imports_kr.json
SE,imports,KR,SE,2023,870323,ICE,,not_reported,1493376.0,EUR,eurostat_comext_ds045409,comext_imports_kr.json
SE,imports,KR,SE,2023,870324,ICE,,not_reported,128832.0,EUR,eurostat_comext_ds045409,comext_imports_kr.json
SE,imports,KR,SE,2023,870332,ICE,,not_reported,229051.0,EUR,eurostat_comext_ds045409,comext_imports_kr.json
SE,imports,KR,SE,2023,870333,ICE,,not_reported,40138.0,EUR,eurostat_comext_ds045409,comext_imports_kr.json
SE,imports,KR,SE,2023,870340,HEV,,not_reported,31024344.0,EUR,eurostat_comext_ds045409,comext_imports_kr.json
SE,imports,KR,SE,2023,870350,HEV,,not_reported,3043.0,EUR,eurostat_comext_ds045409,comext_imports_kr.json
SE,imports,KR,SE,2023,870360,PHEV,,not_reported,98754160.0,EUR,eurostat_comext_ds045409,comext_imports_kr.json
SE,imports,KR,SE,2023,870380,BEV,,not_reported,403260969.0,EUR,eurostat_comext_ds045409,comext_imports_kr.json
SE,imports,KR,SE,2024,870321,ICE,,not_reported,16974547.0,EUR,eurostat_comext_ds045409,comext_imports_kr.json
SE,imports,KR,SE,2024,870323,ICE,,not_reported,20213.0,EUR,eurostat_comext_ds045409,comext_imports_kr.json
SE,imports,KR,SE,2024,870324,ICE,,not_reported,99703.0,EUR,eurostat_comext_ds045409,comext_imports_kr.json
SE,imports,KR,SE,2024,870331,ICE,,not_reported,45438.0,EUR,eurostat_comext_ds045409,comext_imports_kr.json
SE,imports,KR,SE,2024,870332,ICE,,not_reported,7476.0,EUR,eurostat_comext_ds045409,comext_imports_kr.json
SE,imports,KR,SE,2024,870340,HEV,,not_reported,15878256.0,EUR,eurostat_comext_ds045409,comext_imports_kr.json
SE,imports,KR,SE,2024,870360,PHEV,,not_reported,53999064.0,EUR,eurostat_comext_ds045409,comext_imports_kr.json
SE,imports,KR,SE,2024,870380,BEV,,not_reported,249374600.0,EUR,eurostat_comext_ds045409,comext_imports_kr.json
SE,imports,KR,SE,2025,870321,ICE,,not_reported,15956769.0,EUR,eurostat_comext_ds045409,comext_imports_kr.json
SE,imports,KR,SE,2025,870322,ICE,,not_reported,8135.0,EUR,eurostat_comext_ds045409,comext_imports_kr.json
SE,imports,KR,SE,2025,870323,ICE,,not_reported,49780.0,EUR,eurostat_comext_ds045409,comext_imports_kr.json
SE,imports,KR,SE,2025,870324,ICE,,not_reported,175521.0,EUR,eurostat_comext_ds045409,comext_imports_kr.json
SE,imports,KR,SE,2025,870332,ICE,,not_reported,46741.0,EUR,eurostat_comext_ds045409,comext_imports_kr.json
SE,imports,KR,SE,2025,870333,ICE,,not_reported,31007.0,EUR,eurostat_comext_ds045409,comext_imports_kr.json
SE,imports,KR,SE,2025,870340,HEV,,not_reported,10818777.0,EUR,eurostat_comext_ds045409,comext_imports_kr.json
SE,imports,KR,SE,2025,870360,PHEV,,not_reported,75109695.0,EUR,eurostat_comext_ds045409,comext_imports_kr.json
SE,imports,KR,SE,2025,870380,BEV,,not_reported,433562841.0,EUR,eurostat_comext_ds045409,comext_imports_kr.json
SE,imports,KR,SE,2025,870390,OTHER,,not_reported,116.0,EUR,eurostat_comext_ds045409,comext_imports_kr.json
SI,imports,KR,SI,2022,870321,ICE,,not_reported,36874889.0,EUR,eurostat_comext_ds045409,comext_imports_kr.json
SI,imports,KR,SI,2022,870322,ICE,,not_reported,133109683.0,EUR,eurostat_comext_ds045409,comext_imports_kr.json
SI,imports,KR,SI,2022,870323,ICE,,not_reported,20429655.0,EUR,eurostat_comext_ds045409,comext_imports_kr.json
SI,imports,KR,SI,2022,870324,ICE,,not_reported,2034242.0,EUR,eurostat_comext_ds045409,comext_imports_kr.json
SI,imports,KR,SI,2022,870332,ICE,,not_reported,50007450.0,EUR,eurostat_comext_ds045409,comext_imports_kr.json
SI,imports,KR,SI,2022,870340,HEV,,not_reported,86914555.0,EUR,eurostat_comext_ds045409,comext_imports_kr.json
SI,imports,KR,SI,2022,870360,PHEV,,not_reported,37874323.0,EUR,eurostat_comext_ds045409,comext_imports_kr.json
SI,imports,KR,SI,2022,870380,BEV,,not_reported,93126213.0,EUR,eurostat_comext_ds045409,comext_imports_kr.json
SI,imports,KR,SI,2023,870321,ICE,,not_reported,63784648.0,EUR,eurostat_comext_ds045409,comext_imports_kr.json
SI,imports,KR,SI,2023,870322,ICE,,not_reported,151861327.0,EUR,eurostat_comext_ds045409,comext_imports_kr.json
SI,imports,KR,SI,2023,870323,ICE,,not_reported,28738451.0,EUR,eurostat_comext_ds045409,comext_imports_kr.json
SI,imports,KR,SI,2023,870324,ICE,,not_reported,473723.0,EUR,eurostat_comext_ds045409,comext_imports_kr.json
SI,imports,KR,SI,2023,870332,ICE,,not_reported,59722379.0,EUR,eurostat_comext_ds045409,comext_imports_kr.json
SI,imports,KR,SI,2023,870340,HEV,,not_reported,52619711.0,EUR,eurostat_comext_ds045409,comext_imports_kr.json
SI,imports,KR,SI,2023,870350,HEV,,not_reported,68412.0,EUR,eurostat_comext_ds045409,comext_imports_kr.json
SI,imports,KR,SI,2023,870360,PHEV,,not_reported,11706439.0,EUR,eurostat_comext_ds045409,comext_imports_kr.json
SI,imports,KR,SI,2023,870380,BEV,,not_reported,150642622.0,EUR,eurostat_comext_ds045409,comext_imports_kr.json
SI,imports,KR,SI,2024,870321,ICE,,not_reported,30808197.0,EUR,eurostat_comext_ds045409,comext_imports_kr.json
SI,imports,KR,SI,2024,870322,ICE,,not_reported,107212527.0,EUR,eurostat_comext_ds045409,comext_imports_kr.json
SI,imports,KR,SI,2024,870323,ICE,,not_reported,24302351.0,EUR,eurostat_comext_ds045409,comext_imports_kr.json
SI,imports,KR,SI,2024,870332,ICE,,not_reported,13902600.0,EUR,eurostat_comext_ds045409,comext_imports_kr.json
SI,imports,KR,SI,2024,870340,HEV,,not_reported,78089031.0,EUR,eurostat_comext_ds045409,comext_imports_kr.json
SI,imports,KR,SI,2024,870360,PHEV,,not_reported,13229721.0,EUR,eurostat_comext_ds045409,comext_imports_kr.json
SI,imports,KR,SI,2024,870380,BEV,,not_reported,27496180.0,EUR,eurostat_comext_ds045409,comext_imports_kr.json
SI,imports,KR,SI,2025,870321,ICE,,not_reported,16053150.0,EUR,eurostat_comext_ds045409,comext_imports_kr.json
SI,imports,KR,SI,2025,870322,ICE,,not_reported,95078199.0,EUR,eurostat_comext_ds045409,comext_imports_kr.json
SI,imports,KR,SI,2025,870323,ICE,,not_reported,41480094.0,EUR,eurostat_comext_ds045409,comext_imports_kr.json
SI,imports,KR,SI,2025,870332,ICE,,not_reported,6985074.0,EUR,eurostat_comext_ds045409,comext_imports_kr.json
SI,imports,KR,SI,2025,870340,HEV,,not_reported,91807202.0,EUR,eurostat_comext_ds045409,comext_imports_kr.json
SI,imports,KR,SI,2025,870360,PHEV,,not_reported,33005421.0,EUR,eurostat_comext_ds045409,comext_imports_kr.json
SI,imports,KR,SI,2025,870380,BEV,,not_reported,121319249.0,EUR,eurostat_comext_ds045409,comext_imports_kr.json
SK,imports,KR,SK,2022,870321,ICE,,not_reported,4831061.0,EUR,eurostat_comext_ds045409,comext_imports_kr.json
SK,imports,KR,SK,2022,870322,ICE,,not_reported,11493854.0,EUR,eurostat_comext_ds045409,comext_imports_kr.json
SK,imports,KR,SK,2022,870323,ICE,,not_reported,78439531.0,EUR,eurostat_comext_ds045409,comext_imports_kr.json
SK,imports,KR,SK,2022,870324,ICE,,not_reported,275678.0,EUR,eurostat_comext_ds045409,comext_imports_kr.json
SK,imports,KR,SK,2022,870332,ICE,,not_reported,5078542.0,EUR,eurostat_comext_ds045409,comext_imports_kr.json
SK,imports,KR,SK,2022,870340,HEV,,not_reported,5259773.0,EUR,eurostat_comext_ds045409,comext_imports_kr.json
SK,imports,KR,SK,2022,870360,PHEV,,not_reported,743066.0,EUR,eurostat_comext_ds045409,comext_imports_kr.json
SK,imports,KR,SK,2022,870380,BEV,,not_reported,5856686.0,EUR,eurostat_comext_ds045409,comext_imports_kr.json
SK,imports,KR,SK,2023,870321,ICE,,not_reported,6747332.0,EUR,eurostat_comext_ds045409,comext_imports_kr.json
SK,imports,KR,SK,2023,870322,ICE,,not_reported,8114165.0,EUR,eurostat_comext_ds045409,comext_imports_kr.json
SK,imports,KR,SK,2023,870323,ICE,,not_reported,34642.0,EUR,eurostat_comext_ds045409,comext_imports_kr.json
SK,imports,KR,SK,2023,870324,ICE,,not_reported,828825.0,EUR,eurostat_comext_ds045409,comext_imports_kr.json
SK,imports,KR,SK,2023,870332,ICE,,not_reported,11326012.0,EUR,eurostat_comext_ds045409,comext_imports_kr.json
SK,imports,KR,SK,2023,870340,HEV,,not_reported,4822254.0,EUR,eurostat_comext_ds045409,comext_imports_kr.json
SK,imports,KR,SK,2023,870360,PHEV,,not_reported,1011580.0,EUR,eurostat_comext_ds045409,comext_imports_kr.json
SK,imports,KR,SK,2023,870380,BEV,,not_reported,16304901.0,EUR,eurostat_comext_ds045409,comext_imports_kr.json
SK,imports,KR,SK,2024,870321,ICE,,not_reported,2746421.0,EUR,eurostat_comext_ds045409,comext_imports_kr.json
SK,imports,KR,SK,2024,870322,ICE,,not_reported,10061143.0,EUR,eurostat_comext_ds045409,comext_imports_kr.json
SK,imports,KR,SK,2024,870323,ICE,,not_reported,1913123.0,EUR,eurostat_comext_ds045409,comext_imports_kr.json
SK,imports,KR,SK,2024,870332,ICE,,not_reported,8122171.0,EUR,eurostat_comext_ds045409,comext_imports_kr.json
SK,imports,KR,SK,2024,870333,ICE,,not_reported,886187.0,EUR,eurostat_comext_ds045409,comext_imports_kr.json
SK,imports,KR,SK,2024,870340,HEV,,not_reported,6049054.0,EUR,eurostat_comext_ds045409,comext_imports_kr.json
SK,imports,KR,SK,2024,870360,PHEV,,not_reported,998781.0,EUR,eurostat_comext_ds045409,comext_imports_kr.json
SK,imports,KR,SK,2024,870380,BEV,,not_reported,8780687.0,EUR,eurostat_comext_ds045409,comext_imports_kr.json
SK,imports,KR,SK,2025,870321,ICE,,not_reported,2813454.0,EUR,eurostat_comext_ds045409,comext_imports_kr.json
SK,imports,KR,SK,2025,870322,ICE,,not_reported,4607729.0,EUR,eurostat_comext_ds045409,comext_imports_kr.json
SK,imports,KR,SK,2025,870323,ICE,,not_reported,468979.0,EUR,eurostat_comext_ds045409,comext_imports_kr.json
SK,imports,KR,SK,2025,870332,ICE,,not_reported,12205906.0,EUR,eurostat_comext_ds045409,comext_imports_kr.json
SK,imports,KR,SK,2025,870333,ICE,,not_reported,8129.0,EUR,eurostat_comext_ds045409,comext_imports_kr.json
SK,imports,KR,SK,2025,870340,HEV,,not_reported,2850178.0,EUR,eurostat_comext_ds045409,comext_imports_kr.json
SK,imports,KR,SK,2025,870360,PHEV,,not_reported,366300.0,EUR,eurostat_comext_ds045409,comext_imports_kr.json
SK,imports,KR,SK,2025,870380,BEV,,not_reported,7433057.0,EUR,eurostat_comext_ds045409,comext_imports_kr.json
KR,exports,KR,US,2022,870321,ICE,1,estimated,11811.0,USD,un_comtrade_public,comtrade_kr_x_us_2022.json
KR,exports,KR,US,2022,870322,ICE,228335,estimated,3537090941.0,USD,un_comtrade_public,comtrade_kr_x_us_2022.json
KR,exports,KR,US,2022,870323,ICE,330720,estimated,8385179540.0,USD,un_comtrade_public,comtrade_kr_x_us_2022.json
KR,exports,KR,US,2022,870324,ICE,47029,estimated,4481652573.0,USD,un_comtrade_public,comtrade_kr_x_us_2022.json
KR,exports,KR,US,2022,870332,ICE,10,estimated,241396.0,USD,un_comtrade_public,comtrade_kr_x_us_2022.json
KR,exports,KR,US,2022,870333,ICE,7,estimated,278735.0,USD,un_comtrade_public,comtrade_kr_x_us_2022.json
KR,exports,KR,US,2022,870340,HEV,82095,estimated,2485424759.0,USD,un_comtrade_public,comtrade_kr_x_us_2022.json
KR,exports,KR,US,2022,870350,HEV,2,estimated,90679.0,USD,un_comtrade_public,comtrade_kr_x_us_2022.json
KR,exports,KR,US,2022,870360,PHEV,21747,estimated,934278002.0,USD,un_comtrade_public,comtrade_kr_x_us_2022.json
KR,exports,KR,US,2022,870380,BEV,68305,estimated,2765947630.0,USD,un_comtrade_public,comtrade_kr_x_us_2022.json
KR,exports,KR,US,2023,870321,ICE,4,estimated,62429.0,USD,un_comtrade_public,comtrade_kr_x_us_2023.json
KR,exports,KR,US,2023,870322,ICE,419798,estimated,6935062240.0,USD,un_comtrade_public,comtrade_kr_x_us_2023.json
KR,exports,KR,US,2023,870323,ICE,360517,estimated,9483628826.0,USD,un_comtrade_public,comtrade_kr_x_us_2023.json
KR,exports,KR,US,2023,870324,ICE,79486,estimated,6393753418.0,USD,un_comtrade_public,comtrade_kr_x_us_2023.json
KR,exports,KR,US,2023,870332,ICE,34,estimated,943123.0,USD,un_comtrade_public,comtrade_kr_x_us_2023.json
KR,exports,KR,US,2023,870333,ICE,12,estimated,492639.0,USD,un_comtrade_public,comtrade_kr_x_us_2023.json
KR,exports,KR,US,2023,870340,HEV,146004,estimated,3852304202.0,USD,un_comtrade_public,comtrade_kr_x_us_2023.json
KR,exports,KR,US,2023,870350,HEV,3,estimated,120963.0,USD,un_comtrade_public,comtrade_kr_x_us_2023.json
KR,exports,KR,US,2023,870360,PHEV,26190,estimated,972790932.0,USD,un_comtrade_public,comtrade_kr_x_us_2023.json
KR,exports,KR,US,2023,870380,BEV,152494,estimated,5065319535.0,USD,un_comtrade_public,comtrade_kr_x_us_2023.json
KR,exports,KR,US,2023,870390,OTHER,25,estimated,507186.0,USD,un_comtrade_public,comtrade_kr_x_us_2023.json
KR,exports,KR,US,2024,870321,ICE,2,estimated,27500.0,USD,un_comtrade_public,comtrade_kr_x_us_2024.json
KR,exports,KR,US,2024,870322,ICE,376372,estimated,7211412640.0,USD,un_comtrade_public,comtrade_kr_x_us_2024.json
KR,exports,KR,US,2024,870323,ICE,407362,estimated,11284871538.0,USD,un_comtrade_public,comtrade_kr_x_us_2024.json
KR,exports,KR,US,2024,870324,ICE,76978,estimated,6644100826.0,USD,un_comtrade_public,comtrade_kr_x_us_2024.json
KR,exports,KR,US,2024,870332,ICE,6,estimated,209215.0,USD,un_comtrade_public,comtrade_kr_x_us_2024.json
KR,exports,KR,US,2024,870333,ICE,2,estimated,81446.0,USD,un_comtrade_public,comtrade_kr_x_us_2024.json
KR,exports,KR,US,2024,870340,HEV,200120,estimated,5460714488.0,USD,un_comtrade_public,comtrade_kr_x_us_2024.json
KR,exports,KR,US,2024,870360,PHEV,,not_reported,938446976.0,USD,un_comtrade_public,comtrade_kr_x_us_2024.json
KR,exports,KR,US,2024,870380,BEV,135202,estimated,3706732778.0,USD,un_comtrade_public,comtrade_kr_x_us_2024.json
KR,exports,KR,US,2025,870321,ICE,2,estimated,34200.0,USD,un_comtrade_public,comtrade_kr_x_us_2025.json
KR,exports,KR,US,2025,870322,ICE,312237,estimated,6188543680.0,USD,un_comtrade_public,comtrade_kr_x_us_2025.json
KR,exports,KR,US,2025,870323,ICE,317960,estimated,9487557330.0,USD,un_comtrade_public,comtrade_kr_x_us_2025.json
KR,exports,KR,US,2025,870324,ICE,68397,estimated,6195997978.0,USD,un_comtrade_public,comtrade_kr_x_us_2025.json
KR,exports,KR,US,2025,870332,ICE,1,estimated,56931.0,USD,un_comtrade_public,comtrade_kr_x_us_2025.json
KR,exports,KR,US,2025,870333,ICE,1,estimated,53315.0,USD,un_comtrade_public,comtrade_kr_x_us_2025.json
KR,exports,KR,US,2025,870340,HEV,252335,estimated,7056038738.0,USD,un_comtrade_public,comtrade_kr_x_us_2025.json
KR,exports,KR,US,2025,870360,PHEV,31682,estimated,1103102224.0,USD,un_comtrade_public,comtrade_kr_x_us_2025.json
KR,exports,KR,US,2025,870380,BEV,14144,estimated,451310285.0,USD,un_comtrade_public,comtrade_kr_x_us_2025.json
US,imports,KR,US,2022,870321,ICE,2,reported,6586.0,USD,un_comtrade_public,comtrade_us_m_kr_2022.json
US,imports,KR,US,2022,870322,ICE,192951,reported,3368139671.0,USD,un_comtrade_public,comtrade_us_m_kr_2022.json
US,imports,KR,US,2022,870323,ICE,417498,reported,8466805992.0,USD,un_comtrade_public,comtrade_us_m_kr_2022.json
US,imports,KR,US,2022,870324,ICE,131893,reported,4381310544.0,USD,un_comtrade_public,comtrade_us_m_kr_2022.json
US,imports,KR,US,2022,870332,ICE,62,reported,976030.0,USD,un_comtrade_public,comtrade_us_m_kr_2022.json
US,imports,KR,US,2022,870340,HEV,114978,reported,2878110770.0,USD,un_comtrade_public,comtrade_us_m_kr_2022.json
US,imports,KR,US,2022,870350,HEV,1,reported,46500.0,USD,un_comtrade_public,comtrade_us_m_kr_2022.json
US,imports,KR,US,2022,870360,PHEV,10820,reported,328465469.0,USD,un_comtrade_public,comtrade_us_m_kr_2022.json
US,imports,KR,US,2022,870370,PHEV,3756,reported,148752446.0,USD,un_comtrade_public,comtrade_us_m_kr_2022.json
US,imports,KR,US,2022,870380,BEV,67501,reported,2642262516.0,USD,un_comtrade_public,comtrade_us_m_kr_2022.json
US,imports,KR,US,2022,870390,OTHER,64,reported,3027240.0,USD,un_comtrade_public,comtrade_us_m_kr_2022.json
US,imports,KR,US,2023,870321,ICE,13,reported,59569.0,USD,un_comtrade_public,comtrade_us_m_kr_2023.json
US,imports,KR,US,2023,870322,ICE,341204,reported,6122586180.0,USD,un_comtrade_public,comtrade_us_m_kr_2023.json
US,imports,KR,US,2023,870323,ICE,458285,reported,9423647632.0,USD,un_comtrade_public,comtrade_us_m_kr_2023.json
US,imports,KR,US,2023,870324,ICE,177146,reported,6392214070.0,USD,un_comtrade_public,comtrade_us_m_kr_2023.json
US,imports,KR,US,2023,870332,ICE,16,reported,278116.0,USD,un_comtrade_public,comtrade_us_m_kr_2023.json
US,imports,KR,US,2023,870340,HEV,147302,reported,3815265446.0,USD,un_comtrade_public,comtrade_us_m_kr_2023.json
US,imports,KR,US,2023,870360,PHEV,24572,reported,819305950.0,USD,un_comtrade_public,comtrade_us_m_kr_2023.json
US,imports,KR,US,2023,870370,PHEV,4298,reported,174607197.0,USD,un_comtrade_public,comtrade_us_m_kr_2023.json
US,imports,KR,US,2023,870380,BEV,112408,reported,4501272368.0,USD,un_comtrade_public,comtrade_us_m_kr_2023.json
US,imports,KR,US,2023,870390,OTHER,141,reported,6640010.0,USD,un_comtrade_public,comtrade_us_m_kr_2023.json
US,imports,KR,US,2024,870321,ICE,1,reported,4140.0,USD,un_comtrade_public,comtrade_us_m_kr_2024.json
US,imports,KR,US,2024,870322,ICE,499268,reported,8707767503.0,USD,un_comtrade_public,comtrade_us_m_kr_2024.json
US,imports,KR,US,2024,870323,ICE,488774,reported,10366196735.0,USD,un_comtrade_public,comtrade_us_m_kr_2024.json
US,imports,KR,US,2024,870324,ICE,191504,reported,6835703267.0,USD,un_comtrade_public,comtrade_us_m_kr_2024.json
US,imports,KR,US,2024,870332,ICE,83,reported,1283196.0,USD,un_comtrade_public,comtrade_us_m_kr_2024.json
US,imports,KR,US,2024,870340,HEV,238126,reported,6548972024.0,USD,un_comtrade_public,comtrade_us_m_kr_2024.json
US,imports,KR,US,2024,870360,PHEV,23799,reported,809281148.0,USD,un_comtrade_public,comtrade_us_m_kr_2024.json
US,imports,KR,US,2024,870370,PHEV,3782,reported,157518297.0,USD,un_comtrade_public,comtrade_us_m_kr_2024.json
US,imports,KR,US,2024,870380,BEV,108718,reported,4586325029.0,USD,un_comtrade_public,comtrade_us_m_kr_2024.json
US,imports,KR,US,2024,870390,OTHER,136,reported,6538523.0,USD,un_comtrade_public,comtrade_us_m_kr_2024.json
US,imports,KR,US,2025,870321,ICE,2,reported,20250.0,USD,un_comtrade_public,comtrade_us_m_kr_2025.json
US,imports,KR,US,2025,870322,ICE,408660,reported,6621721947.0,USD,un_comtrade_public,comtrade_us_m_kr_2025.json
US,imports,KR,US,2025,870323,ICE,502192,reported,10017229885.0,USD,un_comtrade_public,comtrade_us_m_kr_2025.json
US,imports,KR,US,2025,870324,ICE,185054,reported,6496050368.0,USD,un_comtrade_public,comtrade_us_m_kr_2025.json
US,imports,KR,US,2025,870332,ICE,98,reported,1667860.0,USD,un_comtrade_public,comtrade_us_m_kr_2025.json
US,imports,KR,US,2025,870340,HEV,264365,reported,7169280895.0,USD,un_comtrade_public,comtrade_us_m_kr_2025.json
US,imports,KR,US,2025,870360,PHEV,18715,reported,636452028.0,USD,un_comtrade_public,comtrade_us_m_kr_2025.json
US,imports,KR,US,2025,870370,PHEV,1055,reported,40482591.0,USD,un_comtrade_public,comtrade_us_m_kr_2025.json
US,imports,KR,US,2025,870380,BEV,14552,reported,547005620.0,USD,un_comtrade_public,comtrade_us_m_kr_2025.json
US,imports,KR,US,2025,870390,OTHER,57,reported,2671400.0,USD,un_comtrade_public,comtrade_us_m_kr_2025.json
