market,company,destination,cohort_year,period,model,powertrain,units,basis,tailpipe_gco2_km,energy_wh_km,test_cycle,technology_source,sales_source_file,powertrain_rule,coverage_note,variant
EU27,hyundai,AT,2024,2024-01..2024-12,BAYON,HEV,60,registrations,121.0,,WLTP,eea_co2_monitoring_2024 (eea_hyundai_2024_final.json),eea_hyundai_2024_final.json,explicit,,central
EU27,hyundai,AT,2024,2024-01..2024-12,BAYON,ICE,705,registrations,125.573,,WLTP,eea_co2_monitoring_2024 (eea_hyundai_2024_final.json),eea_hyundai_2024_final.json,explicit,,central
EU27,hyundai,AT,2024,2024-01..2024-12,G70 GENESIS G70,ICE,1,registrations,216.0,,WLTP,eea_co2_monitoring_2024 (eea_hyundai_2024_final.json),eea_hyundai_2024_final.json,explicit,,central
EU27,hyundai,AT,2024,2024-01..2024-12,G90 GENESIS G90,HEV,2,registrations,257.0,,WLTP,eea_co2_monitoring_2024 (eea_hyundai_2024_final.json),eea_hyundai_2024_final.json,explicit,,central
EU27,hyundai,AT,2024,2024-01..2024-12,GV70 GENESIS GV70,BEV,1,registrations,0.0,190.0,WLTP,eea_co2_monitoring_2024 (eea_hyundai_2024_final.json),eea_hyundai_2024_final.json,explicit,,central
EU27,hyundai,AT,2024,2024-01..2024-12,GV70 GENESIS GV70,ICE,1,registrations,196.0,,WLTP,eea_co2_monitoring_2024 (eea_hyundai_2024_final.json),eea_hyundai_2024_final.json,explicit,,central
EU27,hyundai,AT,2024,2024-01..2024-12,I 30,HEV,324,registrations,140.6389,,WLTP,eea_co2_monitoring_2024 (eea_hyundai_2024_final.json),eea_hyundai_2024_final.json,explicit,,central
EU27,hyundai,AT,2024,2024-01..2024-12,I 30,ICE,1631,registrations,135.076,,WLTP,eea_co2_monitoring_2024 (eea_hyundai_2024_final.json),eea_hyundai_2024_final.json,explicit,,central
EU27,hyundai,AT,2024,2024-01..2024-12,I 30 N,ICE,17,registrations,189.9412,,WLTP,eea_co2_monitoring_2024 (eea_hyundai_2024_final.json),eea_hyundai_2024_final.json,explicit,,central
EU27,hyundai,AT,2024,2024-01..2024-12,I10,ICE,1575,registrations,117.793,,WLTP,eea_co2_monitoring_2024 (eea_hyundai_2024_final.json),eea_hyundai_2024_final.json,explicit,,central
EU27,hyundai,AT,2024,2024-01..2024-12,I20,ICE,2058,registrations,121.7089,,WLTP,eea_co2_monitoring_2024 (eea_hyundai_2024_final.json),eea_hyundai_2024_final.json,explicit,,central
EU27,hyundai,AT,2024,2024-01..2024-12,I20 N,ICE,42,registrations,158.0,,WLTP,eea_co2_monitoring_2024 (eea_hyundai_2024_final.json),eea_hyundai_2024_final.json,explicit,,central
EU27,hyundai,AT,2024,2024-01..2024-12,IONIQ5,BEV,144,registrations,0.0,175.3819,WLTP,eea_co2_monitoring_2024 (eea_hyundai_2024_final.json),eea_hyundai_2024_final.json,explicit,,central
EU27,hyundai,AT,2024,2024-01..2024-12,IONIQ5 N,BEV,77,registrations,0.0,212.0,WLTP,eea_co2_monitoring_2024 (eea_hyundai_2024_final.json),eea_hyundai_2024_final.json,explicit,,central
EU27,hyundai,AT,2024,2024-01..2024-12,IONIQ6,BEV,51,registrations,0.0,157.0392,WLTP,eea_co2_monitoring_2024 (eea_hyundai_2024_final.json),eea_hyundai_2024_final.json,explicit,,central
EU27,hyundai,AT,2024,2024-01..2024-12,KONA KAUAI,BEV,527,registrations,0.0,148.888,WLTP,eea_co2_monitoring_2024 (eea_hyundai_2024_final.json),eea_hyundai_2024_final.json,explicit,,central
EU27,hyundai,AT,2024,2024-01..2024-12,KONA KAUAI,HEV,630,registrations,105.8063,,WLTP,eea_co2_monitoring_2024 (eea_hyundai_2024_final.json),eea_hyundai_2024_final.json,explicit,,central
EU27,hyundai,AT,2024,2024-01..2024-12,KONA KAUAI,ICE,451,registrations,136.5698,,WLTP,eea_co2_monitoring_2024 (eea_hyundai_2024_final.json),eea_hyundai_2024_final.json,explicit,,central
EU27,hyundai,AT,2024,2024-01..2024-12,SANTA FE,HEV,11,registrations,160.3636,,WLTP,eea_co2_monitoring_2024 (eea_hyundai_2024_final.json),eea_hyundai_2024_final.json,explicit,,central
EU27,hyundai,AT,2024,2024-01..2024-12,SANTA FE,ICE,8,registrations,176.75,,WLTP,eea_co2_monitoring_2024 (eea_hyundai_2024_final.json),eea_hyundai_2024_final.json,explicit,,central
EU27,hyundai,AT,2024,2024-01..2024-12,STARIA,HEV,1,registrations,172.0,,WLTP,eea_co2_monitoring_2024 (eea_hyundai_2024_final.json),eea_hyundai_2024_final.json,explicit,,central
EU27,hyundai,AT,2024,2024-01..2024-12,STARIA,ICE,17,registrations,226.8235,,WLTP,eea_co2_monitoring_2024 (eea_hyundai_2024_final.json),eea_hyundai_2024_final.json,explicit,,central
EU27,hyundai,AT,2024,2024-01..2024-12,STARIA PREMIUM,ICE,2,registrations,232.0,,WLTP,eea_co2_monitoring_2024 (eea_hyundai_2024_final.json),eea_hyundai_2024_final.json,explicit,,central
EU27,hyundai,AT,2024,2024-01..2024-12,TUCSON IX35,HEV,1849,registrations,144.8724,,WLTP,eea_co2_monitoring_2024 (eea_hyundai_2024_final.json),eea_hyundai_2024_final.json,explicit,,central
EU27,hyundai,AT,2024,2024-01..2024-12,TUCSON IX35,ICE,727,registrations,156.8955,,WLTP,eea_co2_monitoring_2024 (eea_hyundai_2024_final.json),eea_hyundai_2024_final.json,explicit,,central
EU27,hyundai,BE,2024,2024-01..2024-12,BAYON,HEV,309,registrations,119.6246,,WLTP,eea_co2_monitoring_2024 (eea_hyundai_2024_final.json),eea_hyundai_2024_final.json,explicit,,central
EU27,hyundai,BE,2024,2024-01..2024-12,BAYON,ICE,493,registrations,123.3874,,WLTP,eea_co2_monitoring_2024 (eea_hyundai_2024_final.json),eea_hyundai_2024_final.json,explicit,,central
EU27,hyundai,BE,2024,2024-01..2024-12,G80 GENESIS G80,ICE,1,registrations,192.0,,WLTP,eea_co2_monitoring_2024 (eea_hyundai_2024_final.json),eea_hyundai_2024_final.json,explicit,,central
EU27,hyundai,BE,2024,2024-01..2024-12,G90 GENESIS G90,HEV,1,registrations,246.0,,WLTP,eea_co2_monitoring_2024 (eea_hyundai_2024_final.json),eea_hyundai_2024_final.json,explicit,,central
EU27,hyundai,BE,2024,2024-01..2024-12,I 30,HEV,542,registrations,125.476,,WLTP,eea_co2_monitoring_2024 (eea_hyundai_2024_final.json),eea_hyundai_2024_final.json,explicit,,central
EU27,hyundai,BE,2024,2024-01..2024-12,I 30,ICE,157,registrations,128.9427,,WLTP,eea_co2_monitoring_2024 (eea_hyundai_2024_final.json),eea_hyundai_2024_final.json,explicit,,central
EU27,hyundai,BE,2024,2024-01..2024-12,I 30 N,ICE,42,registrations,191.0,,WLTP,eea_co2_monitoring_2024 (eea_hyundai_2024_final.json),eea_hyundai_2024_final.json,explicit,,central
EU27,hyundai,BE,2024,2024-01..2024-12,I10,ICE,1255,registrations,117.4478,,WLTP,eea_co2_monitoring_2024 (eea_hyundai_2024_final.json),eea_hyundai_2024_final.json,explicit,,central
EU27,hyundai,BE,2024,2024-01..2024-12,I20,HEV,5,registrations,120.0,,WLTP,eea_co2_monitoring_2024 (eea_hyundai_2024_final.json),eea_hyundai_2024_final.json,explicit,,central
EU27,hyundai,BE,2024,2024-01..2024-12,I20,ICE,1171,registrations,121.105,,WLTP,eea_co2_monitoring_2024 (eea_hyundai_2024_final.json),eea_hyundai_2024_final.json,explicit,,central
EU27,hyundai,BE,2024,2024-01..2024-12,I20 N,ICE,48,registrations,158.0,,WLTP,eea_co2_monitoring_2024 (eea_hyundai_2024_final.json),eea_hyundai_2024_final.json,explicit,,central
EU27,hyundai,BE,2024,2024-01..2024-12,IONIQ5,BEV,468,registrations,0.0,174.4594,WLTP,eea_co2_monitoring_2024 (eea_hyundai_2024_final.json),eea_hyundai_2024_final.json,explicit,,central
EU27,hyundai,BE,2024,2024-01..2024-12,IONIQ5 N,BEV,71,registrations,0.0,212.0,WLTP,eea_co2_monitoring_2024 (eea_hyundai_2024_final.json),eea_hyundai_2024_final.json,explicit,,central
EU27,hyundai,BE,2024,2024-01..2024-12,IONIQ6,BEV,347,registrations,0.0,149.2017,WLTP,eea_co2_monitoring_2024 (eea_hyundai_2024_final.json),eea_hyundai_2024_final.json,explicit,,central
EU27,hyundai,BE,2024,2024-01..2024-12,KONA KAUAI,BEV,588,registrations,0.0,151.3571,WLTP,eea_co2_monitoring_2024 (eea_hyundai_2024_final.json),eea_hyundai_2024_final.json,explicit,,central
EU27,hyundai,BE,2024,2024-01..2024-12,KONA KAUAI,HEV,1274,registrations,105.6669,,WLTP,eea_co2_monitoring_2024 (eea_hyundai_2024_final.json),eea_hyundai_2024_final.json,explicit,,central
EU27,hyundai,BE,2024,2024-01..2024-12,KONA KAUAI,ICE,576,registrations,133.2257,,WLTP,eea_co2_monitoring_2024 (eea_hyundai_2024_final.json),eea_hyundai_2024_final.json,explicit,,central
EU27,hyundai,BE,2024,2024-01..2024-12,KONA N KAUAI N,ICE,5,registrations,194.0,,WLTP,eea_co2_monitoring_2024 (eea_hyundai_2024_final.json),eea_hyundai_2024_final.json,explicit,,central
EU27,hyundai,BE,2024,2024-01..2024-12,SANTA FE,HEV,38,registrations,155.8684,,WLTP,eea_co2_monitoring_2024 (eea_hyundai_2024_final.json),eea_hyundai_2024_final.json,explicit,,central
EU27,hyundai,BE,2024,2024-01..2024-12,STARIA,HEV,1,registrations,172.0,,WLTP,eea_co2_monitoring_2024 (eea_hyundai_2024_final.json),eea_hyundai_2024_final.json,explicit,,central
EU27,hyundai,BE,2024,2024-01..2024-12,STARIA,ICE,12,registrations,222.8333,,WLTP,eea_co2_monitoring_2024 (eea_hyundai_2024_final.json),eea_hyundai_2024_final.json,explicit,,central
EU27,hyundai,BE,2024,2024-01..2024-12,STARIA PREMIUM,HEV,1,registrations,172.0,,WLTP,eea_co2_monitoring_2024 (eea_hyundai_2024_final.json),eea_hyundai_2024_final.json,explicit,,central
EU27,hyundai,BE,2024,2024-01..2024-12,STARIA PREMIUM,ICE,3,registrations,222.0,,WLTP,eea_co2_monitoring_2024 (eea_hyundai_2024_final.json),eea_hyundai_2024_final.json,explicit,,central
EU27,hyundai,BE,2024,2024-01..2024-12,TUCSON IX35,HEV,3307,registrations,136.6885,,WLTP,eea_co2_monitoring_2024 (eea_hyundai_2024_final.json),eea_hyundai_2024_final.json,explicit,,central
EU27,hyundai,BE,2024,2024-01..2024-12,TUCSON IX35,ICE,196,registrations,150.0612,,WLTP,eea_co2_monitoring_2024 (eea_hyundai_2024_final.json),eea_hyundai_2024_final.json,explicit,,central
EU27,hyundai,BG,2024,2024-01..2024-12,BAYON,HEV,2,registrations,120.0,,WLTP,eea_co2_monitoring_2024 (eea_hyundai_2024_final.json),eea_hyundai_2024_final.json,explicit,,central
EU27,hyundai,BG,2024,2024-01..2024-12,BAYON,ICE,121,registrations,124.0248,,WLTP,eea_co2_monitoring_2024 (eea_hyundai_2024_final.json),eea_hyundai_2024_final.json,explicit,,central
EU27,hyundai,BG,2024,2024-01..2024-12,ELANTRA,ICE,37,registrations,137.7838,,WLTP,eea_co2_monitoring_2024 (eea_hyundai_2024_final.json),eea_hyundai_2024_final.json,explicit,,central
EU27,hyundai,BG,2024,2024-01..2024-12,GV80 GENESIS GV80,ICE,1,registrations,244.0,,WLTP,eea_co2_monitoring_2024 (eea_hyundai_2024_final.json),eea_hyundai_2024_final.json,explicit,,central
EU27,hyundai,BG,2024,2024-01..2024-12,I 30,HEV,29,registrations,138.069,,WLTP,eea_co2_monitoring_2024 (eea_hyundai_2024_final.json),eea_hyundai_2024_final.json,explicit,,central
EU27,hyundai,BG,2024,2024-01..2024-12,I 30,ICE,236,registrations,137.0127,,WLTP,eea_co2_monitoring_2024 (eea_hyundai_2024_final.json),eea_hyundai_2024_final.json,explicit,,central
EU27,hyundai,BG,2024,2024-01..2024-12,I 30 N,ICE,5,registrations,189.2,,WLTP,eea_co2_monitoring_2024 (eea_hyundai_2024_final.json),eea_hyundai_2024_final.json,explicit,,central
EU27,hyundai,BG,2024,2024-01..2024-12,I10,ICE,284,registrations,119.6197,,WLTP,eea_co2_monitoring_2024 (eea_hyundai_2024_final.json),eea_hyundai_2024_final.json,explicit,,central
EU27,hyundai,BG,2024,2024-01..2024-12,I20,ICE,253,registrations,121.1502,,WLTP,eea_co2_monitoring_2024 (eea_hyundai_2024_final.json),eea_hyundai_2024_final.json,explicit,,central
EU27,hyundai,BG,2024,2024-01..2024-12,I20 N,ICE,5,registrations,158.0,,WLTP,eea_co2_monitoring_2024 (eea_hyundai_2024_final.json),eea_hyundai_2024_final.json,explicit,,central
EU27,hyundai,BG,2024,2024-01..2024-12,IONIQ5,BEV,24,registrations,0.0,182.1667,WLTP,eea_co2_monitoring_2024 (eea_hyundai_2024_final.json),eea_hyundai_2024_final.json,explicit,,central
EU27,hyundai,BG,2024,2024-01..2024-12,IONIQ5 N,BEV,23,registrations,0.0,212.0,WLTP,eea_co2_monitoring_2024 (eea_hyundai_2024_final.json),eea_hyundai_2024_final.json,explicit,,central
EU27,hyundai,BG,2024,2024-01..2024-12,IONIQ6,BEV,30,registrations,0.0,153.8333,WLTP,eea_co2_monitoring_2024 (eea_hyundai_2024_final.json),eea_hyundai_2024_final.json,explicit,,central
EU27,hyundai,BG,2024,2024-01..2024-12,KONA KAUAI,BEV,121,registrations,0.0,148.0083,WLTP,eea_co2_monitoring_2024 (eea_hyundai_2024_final.json),eea_hyundai_2024_final.json,explicit,,central
EU27,hyundai,BG,2024,2024-01..2024-12,KONA KAUAI,HEV,142,registrations,104.662,,WLTP,eea_co2_monitoring_2024 (eea_hyundai_2024_final.json),eea_hyundai_2024_final.json,explicit,,central
EU27,hyundai,BG,2024,2024-01..2024-12,KONA KAUAI,ICE,85,registrations,148.0941,,WLTP,eea_co2_monitoring_2024 (eea_hyundai_2024_final.json),eea_hyundai_2024_final.json,explicit,,central
EU27,hyundai,BG,2024,2024-01..2024-12,SANTA FE,HEV,52,registrations,166.8077,,WLTP,eea_co2_monitoring_2024 (eea_hyundai_2024_final.json),eea_hyundai_2024_final.json,explicit,,central
EU27,hyundai,BG,2024,2024-01..2024-12,SANTA FE,ICE,2,registrations,178.0,,WLTP,eea_co2_monitoring_2024 (eea_hyundai_2024_final.json),eea_hyundai_2024_final.json,explicit,,central
EU27,hyundai,BG,2024,2024-01..2024-12,STARIA,HEV,3,registrations,172.0,,WLTP,eea_co2_monitoring_2024 (eea_hyundai_2024_final.json),eea_hyundai_2024_final.json,explicit,,central
EU27,hyundai,BG,2024,2024-01..2024-12,STARIA,ICE,13,registrations,224.1538,,WLTP,eea_co2_monitoring_2024 (eea_hyundai_2024_final.json),eea_hyundai_2024_final.json,explicit,,central
EU27,hyundai,BG,2024,2024-01..2024-12,STARIA PREMIUM,ICE,28,registrations,231.2857,,WLTP,eea_co2_monitoring_2024 (eea_hyundai_2024_final.json),eea_hyundai_2024_final.json,explicit,,central
EU27,hyundai,BG,2024,2024-01..2024-12,TUCSON IX35,HEV,632,registrations,149.4968,,WLTP,eea_co2_monitoring_2024 (eea_hyundai_2024_final.json),eea_hyundai_2024_final.json,explicit,,central
EU27,hyundai,BG,2024,2024-01..2024-12,TUCSON IX35,ICE,48,registrations,156.1458,,WLTP,eea_co2_monitoring_2024 (eea_hyundai_2024_final.json),eea_hyundai_2024_final.json,explicit,,central
EU27,hyundai,CY,2024,2024-01..2024-12,BAYON,ICE,91,registrations,124.3956,,WLTP,eea_co2_monitoring_2024 (eea_hyundai_2024_final.json),eea_hyundai_2024_final.json,explicit,,central
EU27,hyundai,CY,2024,2024-01..2024-12,I 30,HEV,9,registrations,126.5556,,WLTP,eea_co2_monitoring_2024 (eea_hyundai_2024_final.json),eea_hyundai_2024_final.json,explicit,,central
EU27,hyundai,CY,2024,2024-01..2024-12,I 30,ICE,5,registrations,126.0,,WLTP,eea_co2_monitoring_2024 (eea_hyundai_2024_final.json),eea_hyundai_2024_final.json,explicit,,central
EU27,hyundai,CY,2024,2024-01..2024-12,I 30 N,ICE,6,registrations,191.0,,WLTP,eea_co2_monitoring_2024 (eea_hyundai_2024_final.json),eea_hyundai_2024_final.json,explicit,,central
EU27,hyundai,CY,2024,2024-01..2024-12,I10,ICE,60,registrations,124.9833,,WLTP,eea_co2_monitoring_2024 (eea_hyundai_2024_final.json),eea_hyundai_2024_final.json,explicit,,central
EU27,hyundai,CY,2024,2024-01..2024-12,I20,ICE,108,registrations,123.8981,,WLTP,eea_co2_monitoring_2024 (eea_hyundai_2024_final.json),eea_hyundai_2024_final.json,explicit,,central
EU27,hyundai,CY,2024,2024-01..2024-12,I20 N,ICE,11,registrations,158.0,,WLTP,eea_co2_monitoring_2024 (eea_hyundai_2024_final.json),eea_hyundai_2024_final.json,explicit,,central
EU27,hyundai,CY,2024,2024-01..2024-12,IONIQ5,BEV,63,registrations,0.0,178.0635,WLTP,eea_co2_monitoring_2024 (eea_hyundai_2024_final.json),eea_hyundai_2024_final.json,explicit,,central
EU27,hyundai,CY,2024,2024-01..2024-12,IONIQ5 N,BEV,2,registrations,0.0,212.0,WLTP,eea_co2_monitoring_2024 (eea_hyundai_2024_final.json),eea_hyundai_2024_final.json,explicit,,central
EU27,hyundai,CY,2024,2024-01..2024-12,IONIQ6,BEV,19,registrations,0.0,156.6842,WLTP,eea_co2_monitoring_2024 (eea_hyundai_2024_final.json),eea_hyundai_2024_final.json,explicit,,central
EU27,hyundai,CY,2024,2024-01..2024-12,KONA KAUAI,BEV,34,registrations,0.0,151.7647,WLTP,eea_co2_monitoring_2024 (eea_hyundai_2024_final.json),eea_hyundai_2024_final.json,explicit,,central
EU27,hyundai,CY,2024,2024-01..2024-12,KONA KAUAI,HEV,54,registrations,105.3704,,WLTP,eea_co2_monitoring_2024 (eea_hyundai_2024_final.json),eea_hyundai_2024_final.json,explicit,,central
EU27,hyundai,CY,2024,2024-01..2024-12,KONA KAUAI,ICE,46,registrations,137.0,,WLTP,eea_co2_monitoring_2024 (eea_hyundai_2024_final.json),eea_hyundai_2024_final.json,explicit,,central
EU27,hyundai,CY,2024,2024-01..2024-12,KONA N KAUAI N,ICE,1,registrations,194.0,,WLTP,eea_co2_monitoring_2024 (eea_hyundai_2024_final.json),eea_hyundai_2024_final.json,explicit,,central
EU27,hyundai,CY,2024,2024-01..2024-12,TUCSON IX35,HEV,760,registrations,139.5105,,WLTP,eea_co2_monitoring_2024 (eea_hyundai_2024_final.json),eea_hyundai_2024_final.json,explicit,,central
EU27,hyundai,CY,2024,2024-01..2024-12,TUCSON IX35,ICE,8,registrations,152.375,,WLTP,eea_co2_monitoring_2024 (eea_hyundai_2024_final.json),eea_hyundai_2024_final.json,explicit,,central
EU27,hyundai,CZ,2024,2024-01..2024-12,BAYON,HEV,13,registrations,119.1538,,WLTP,eea_co2_monitoring_2024 (eea_hyundai_2024_final.json),eea_hyundai_2024_final.json,explicit,,central
EU27,hyundai,CZ,2024,2024-01..2024-12,BAYON,ICE,1575,registrations,125.8762,,WLTP,eea_co2_monitoring_2024 (eea_hyundai_2024_final.json),eea_hyundai_2024_final.json,explicit,,central
EU27,hyundai,CZ,2024,2024-01..2024-12,G80 GENESIS G80,ICE,1,registrations,192.0,,WLTP,eea_co2_monitoring_2024 (eea_hyundai_2024_final.json),eea_hyundai_2024_final.json,explicit,,central
EU27,hyundai,CZ,2024,2024-01..2024-12,GV80 GENESIS GV80,ICE,1,registrations,247.0,,WLTP,eea_co2_monitoring_2024 (eea_hyundai_2024_final.json),eea_hyundai_2024_final.json,explicit,,central
EU27,hyundai,CZ,2024,2024-01..2024-12,I 10,ICE,1,registrations,119.0,,WLTP,eea_co2_monitoring_2024 (eea_hyundai_2024_final.json),eea_hyundai_2024_final.json,explicit,,central
EU27,hyundai,CZ,2024,2024-01..2024-12,I 20,ICE,2,registrations,119.0,,WLTP,eea_co2_monitoring_2024 (eea_hyundai_2024_final.json),eea_hyundai_2024_final.json,explicit,,central
EU27,hyundai,CZ,2024,2024-01..2024-12,I 30,HEV,3154,registrations,135.7644,,WLTP,eea_co2_monitoring_2024 (eea_hyundai_2024_final.json),eea_hyundai_2024_final.json,explicit,,central
EU27,hyundai,CZ,2024,2024-01..2024-12,I 30,ICE,5588,registrations,135.6152,,WLTP,eea_co2_monitoring_2024 (eea_hyundai_2024_final.json),eea_hyundai_2024_final.json,explicit,,central
EU27,hyundai,CZ,2024,2024-01..2024-12,I10,ICE,773,registrations,117.2743,,WLTP,eea_co2_monitoring_2024 (eea_hyundai_2024_final.json),eea_hyundai_2024_final.json,explicit,,central
EU27,hyundai,CZ,2024,2024-01..2024-12,I20,HEV,3,registrations,119.3333,,WLTP,eea_co2_monitoring_2024 (eea_hyundai_2024_final.json),eea_hyundai_2024_final.json,explicit,,central
EU27,hyundai,CZ,2024,2024-01..2024-12,I20,ICE,1736,registrations,122.2402,,WLTP,eea_co2_monitoring_2024 (eea_hyundai_2024_final.json),eea_hyundai_2024_final.json,explicit,,central
EU27,hyundai,CZ,2024,2024-01..2024-12,IONIQ5,BEV,146,registrations,0.0,185.8356,WLTP,eea_co2_monitoring_2024 (eea_hyundai_2024_final.json),eea_hyundai_2024_final.json,explicit,,central
EU27,hyundai,CZ,2024,2024-01..2024-12,IONIQ6,BEV,31,registrations,0.0,156.5806,WLTP,eea_co2_monitoring_2024 (eea_hyundai_2024_final.json),eea_hyundai_2024_final.json,explicit,,central
EU27,hyundai,CZ,2024,2024-01..2024-12,KONA KAUAI,BEV,310,registrations,0.0,150.671,WLTP,eea_co2_monitoring_2024 (eea_hyundai_2024_final.json),eea_hyundai_2024_final.json,explicit,,central
EU27,hyundai,CZ,2024,2024-01..2024-12,KONA KAUAI,HEV,37,registrations,106.1081,,WLTP,eea_co2_monitoring_2024 (eea_hyundai_2024_final.json),eea_hyundai_2024_final.json,explicit,,central
EU27,hyundai,CZ,2024,2024-01..2024-12,KONA KAUAI,ICE,747,registrations,141.2771,,WLTP,eea_co2_monitoring_2024 (eea_hyundai_2024_final.json),eea_hyundai_2024_final.json,explicit,,central
EU27,hyundai,CZ,2024,2024-01..2024-12,SANTA FE,HEV,145,registrations,165.3034,,WLTP,eea_co2_monitoring_2024 (eea_hyundai_2024_final.json),eea_hyundai_2024_final.json,explicit,,central
EU27,hyundai,CZ,2024,2024-01..2024-12,SANTA FE,ICE,33,registrations,176.6667,,WLTP,eea_co2_monitoring_2024 (eea_hyundai_2024_final.json),eea_hyundai_2024_final.json,explicit,,central
EU27,hyundai,CZ,2024,2024-01..2024-12,STARIA,HEV,9,registrations,172.0,,WLTP,eea_co2_monitoring_2024 (eea_hyundai_2024_final.json),eea_hyundai_2024_final.json,explicit,,central
EU27,hyundai,CZ,2024,2024-01..2024-12,STARIA,ICE,154,registrations,227.4935,,WLTP,eea_co2_monitoring_2024 (eea_hyundai_2024_final.json),eea_hyundai_2024_final.json,explicit,,central
EU27,hyundai,CZ,2024,2024-01..2024-12,TUCSON,ICE,2,registrations,154.0,,WLTP,eea_co2_monitoring_2024 (eea_hyundai_2024_final.json),eea_hyundai_2024_final.json,explicit,,central
EU27,hyundai,CZ,2024,2024-01..2024-12,TUCSON IX35,HEV,3205,registrations,147.4771,,WLTP,eea_co2_monitoring_2024 (eea_hyundai_2024_final.json),eea_hyundai_2024_final.json,explicit,,central
EU27,hyundai,CZ,2024,2024-01..2024-12,TUCSON IX35,ICE,2312,registrations,156.0407,,WLTP,eea_co2_monitoring_2024 (eea_hyundai_2024_final.json),eea_hyundai_2024_final.json,explicit,,central
EU27,hyundai,DE,2024,2024-01..2024-12,BAYON,HEV,2799,registrations,119.5138,,WLTP,eea_co2_monitoring_2024 (eea_hyundai_2024_final.json),eea_hyundai_2024_final.json,explicit,,central
EU27,hyundai,DE,2024,2024-01..2024-12,BAYON,ICE,1626,registrations,124.4625,,WLTP,eea_co2_monitoring_2024 (eea_hyundai_2024_final.json),eea_hyundai_2024_final.json,explicit,,central
EU27,hyundai,DE,2024,2024-01..2024-12,BC3,ICE,2,registrations,146.0,,WLTP,eea_co2_monitoring_2024 (eea_hyundai_2024_final.json),eea_hyundai_2024_final.json,explicit,,central
EU27,hyundai,DE,2024,2024-01..2024-12,G70 GENESIS G70,ICE,119,registrations,194.2017,,WLTP,eea_co2_monitoring_2024 (eea_hyundai_2024_final.json),eea_hyundai_2024_final.json,explicit,,central
EU27,hyundai,DE,2024,2024-01..2024-12,G80 GENESIS G80,BEV,16,registrations,0.0,191.0,WLTP,eea_co2_monitoring_2024 (eea_hyundai_2024_final.json),eea_hyundai_2024_final.json,explicit,,central
EU27,hyundai,DE,2024,2024-01..2024-12,G80 GENESIS G80,ICE,28,registrations,204.3571,,WLTP,eea_co2_monitoring_2024 (eea_hyundai_2024_final.json),eea_hyundai_2024_final.json,explicit,,central
EU27,hyundai,DE,2024,2024-01..2024-12,G90 GENESIS G90,HEV,35,registrations,248.8571,,WLTP,eea_co2_monitoring_2024 (eea_hyundai_2024_final.json),eea_hyundai_2024_final.json,explicit,,central
EU27,hyundai,DE,2024,2024-01..2024-12,GENESIS RS4,ICE,1,registrations,316.0,,WLTP,eea_co2_monitoring_2024 (eea_hyundai_2024_final.json),eea_hyundai_2024_final.json,explicit,,central
EU27,hyundai,DE,2024,2024-01..2024-12,GV60 GENESIS GV60,BEV,110,registrations,0.0,185.7636,WLTP,eea_co2_monitoring_2024 (eea_hyundai_2024_final.json),eea_hyundai_2024_final.json,explicit,,central
EU27,hyundai,DE,2024,2024-01..2024-12,GV70 GENESIS GV70,BEV,124,registrations,0.0,192.7016,WLTP,eea_co2_monitoring_2024 (eea_hyundai_2024_final.json),eea_hyundai_2024_final.json,explicit,,central
EU27,hyundai,DE,2024,2024-01..2024-12,GV70 GENESIS GV70,ICE,460,registrations,203.3109,,WLTP,eea_co2_monitoring_2024 (eea_hyundai_2024_final.json),eea_hyundai_2024_final.json,explicit,,central
EU27,hyundai,DE,2024,2024-01..2024-12,GV80 GENESIS GV80,ICE,126,registrations,243.0238,,WLTP,eea_co2_monitoring_2024 (eea_hyundai_2024_final.json),eea_hyundai_2024_final.json,explicit,,central
EU27,hyundai,DE,2024,2024-01..2024-12,I 30,HEV,7647,registrations,135.1875,,WLTP,eea_co2_monitoring_2024 (eea_hyundai_2024_final.json),eea_hyundai_2024_final.json,explicit,,central
EU27,hyundai,DE,2024,2024-01..2024-12,I 30,ICE,3771,registrations,132.3999,,WLTP,eea_co2_monitoring_2024 (eea_hyundai_2024_final.json),eea_hyundai_2024_final.json,explicit,,central
EU27,hyundai,DE,2024,2024-01..2024-12,I 30 N,ICE,2735,registrations,188.6307,,WLTP,eea_co2_monitoring_2024 (eea_hyundai_2024_final.json),eea_hyundai_2024_final.json,explicit,,central
EU27,hyundai,DE,2024,2024-01..2024-12,I10,ICE,15021,registrations,119.7936,,WLTP,eea_co2_monitoring_2024 (eea_hyundai_2024_final.json),eea_hyundai_2024_final.json,explicit,,central
EU27,hyundai,DE,2024,2024-01..2024-12,I20,HEV,4421,registrations,117.9029,,WLTP,eea_co2_monitoring_2024 (eea_hyundai_2024_final.json),eea_hyundai_2024_final.json,explicit,,central
EU27,hyundai,DE,2024,2024-01..2024-12,I20,ICE,5642,registrations,120.9108,,WLTP,eea_co2_monitoring_2024 (eea_hyundai_2024_final.json),eea_hyundai_2024_final.json,explicit,,central
EU27,hyundai,DE,2024,2024-01..2024-12,I20 N,ICE,1792,registrations,158.0,,WLTP,eea_co2_monitoring_2024 (eea_hyundai_2024_final.json),eea_hyundai_2024_final.json,explicit,,central
EU27,hyundai,DE,2024,2024-01..2024-12,INSTER,BEV,28,registrations,0.0,149.8148,WLTP,eea_co2_monitoring_2024 (eea_hyundai_2024_final.json),eea_hyundai_2024_final.json,explicit,,central
EU27,hyundai,DE,2024,2024-01..2024-12,IONIQ,HEV,1,registrations,105.0,,WLTP,eea_co2_monitoring_2024 (eea_hyundai_2024_final.json),eea_hyundai_2024_final.json,explicit,,central
EU27,hyundai,DE,2024,2024-01..2024-12,IONIQ5,BEV,6449,registrations,0.0,173.049,WLTP,eea_co2_monitoring_2024 (eea_hyundai_2024_final.json),eea_hyundai_2024_final.json,explicit,,central
EU27,hyundai,DE,2024,2024-01..2024-12,IONIQ5 N,BEV,1171,registrations,0.0,212.0,WLTP,eea_co2_monitoring_2024 (eea_hyundai_2024_final.json),eea_hyundai_2024_final.json,explicit,,central
EU27,hyundai,DE,2024,2024-01..2024-12,IONIQ6,BEV,2450,registrations,0.0,151.7229,WLTP,eea_co2_monitoring_2024 (eea_hyundai_2024_final.json),eea_hyundai_2024_final.json,explicit,,central
EU27,hyundai,DE,2024,2024-01..2024-12,KONA,HEV,3,registrations,229.0,,WLTP,eea_co2_monitoring_2024 (eea_hyundai_2024_final.json),eea_hyundai_2024_final.json,explicit,,central
EU27,hyundai,DE,2024,2024-01..2024-12,KONA KAUAI,BEV,6505,registrations,0.0,151.557,WLTP,eea_co2_monitoring_2024 (eea_hyundai_2024_final.json),eea_hyundai_2024_final.json,explicit,,central
EU27,hyundai,DE,2024,2024-01..2024-12,KONA KAUAI,HEV,2601,registrations,106.4148,,WLTP,eea_co2_monitoring_2024 (eea_hyundai_2024_final.json),eea_hyundai_2024_final.json,explicit,,central
EU27,hyundai,DE,2024,2024-01..2024-12,KONA KAUAI,ICE,4389,registrations,142.1969,,WLTP,eea_co2_monitoring_2024 (eea_hyundai_2024_final.json),eea_hyundai_2024_final.json,explicit,,central
EU27,hyundai,DE,2024,2024-01..2024-12,KONA N KAUAI N,ICE,84,registrations,194.0,,WLTP,eea_co2_monitoring_2024 (eea_hyundai_2024_final.json),eea_hyundai_2024_final.json,explicit,,central
EU27,hyundai,DE,2024,2024-01..2024-12,MX5 PHEV,HEV,1,registrations,178.0,,WLTP,eea_co2_monitoring_2024 (eea_hyundai_2024_final.json),eea_hyundai_2024_final.json,explicit,,central
EU27,hyundai,DE,2024,2024-01..2024-12,NX4,HEV,4,registrations,159.75,,WLTP,eea_co2_monitoring_2024 (eea_hyundai_2024_final.json),eea_hyundai_2024_final.json,explicit,,central
EU27,hyundai,DE,2024,2024-01..2024-12,NX4,ICE,2,registrations,221.5,,WLTP,eea_co2_monitoring_2024 (eea_hyundai_2024_final.json),eea_hyundai_2024_final.json,explicit,,central
EU27,hyundai,DE,2024,2024-01..2024-12,NX4E,ICE,1,registrations,211.0,,WLTP,eea_co2_monitoring_2024 (eea_hyundai_2024_final.json),eea_hyundai_2024_final.json,explicit,,central
EU27,hyundai,DE,2024,2024-01..2024-12,SANTA FE,HEV,731,registrations,161.3694,,WLTP,eea_co2_monitoring_2024 (eea_hyundai_2024_final.json),eea_hyundai_2024_final.json,explicit,,central
EU27,hyundai,DE,2024,2024-01..2024-12,SANTA FE,ICE,119,registrations,173.8739,,WLTP,eea_co2_monitoring_2024 (eea_hyundai_2024_final.json),eea_hyundai_2024_final.json,explicit,,central
EU27,hyundai,DE,2024,2024-01..2024-12,STARIA,HEV,266,registrations,172.0,,WLTP,eea_co2_monitoring_2024 (eea_hyundai_2024_final.json),eea_hyundai_2024_final.json,explicit,,central
EU27,hyundai,DE,2024,2024-01..2024-12,STARIA,ICE,1598,registrations,224.7797,,WLTP,eea_co2_monitoring_2024 (eea_hyundai_2024_final.json),eea_hyundai_2024_final.json,explicit,,central
EU27,hyundai,DE,2024,2024-01..2024-12,STARIA PREMIUM,ICE,661,registrations,227.77,,WLTP,eea_co2_monitoring_2024 (eea_hyundai_2024_final.json),eea_hyundai_2024_final.json,explicit,,central
EU27,hyundai,DE,2024,2024-01..2024-12,SX2,HEV,3,registrations,124.3333,,WLTP,eea_co2_monitoring_2024 (eea_hyundai_2024_final.json),eea_hyundai_2024_final.json,explicit,,central
EU27,hyundai,DE,2024,2024-01..2024-12,SX2,ICE,6,registrations,201.0,,WLTP,eea_co2_monitoring_2024 (eea_hyundai_2024_final.json),eea_hyundai_2024_final.json,explicit,,central
EU27,hyundai,DE,2024,2024-01..2024-12,TUCSON,HEV,2,registrations,164.0,,WLTP,eea_co2_monitoring_2024 (eea_hyundai_2024_final.json),eea_hyundai_2024_final.json,explicit,,central
EU27,hyundai,DE,2024,2024-01..2024-12,TUCSON IX35,HEV,16018,registrations,143.6214,,WLTP,eea_co2_monitoring_2024 (eea_hyundai_2024_final.json),eea_hyundai_2024_final.json,explicit,,central
EU27,hyundai,DE,2024,2024-01..2024-12,TUCSON IX35,ICE,2198,registrations,154.6714,,WLTP,eea_co2_monitoring_2024 (eea_hyundai_2024_final.json),eea_hyundai_2024_final.json,explicit,,central
EU27,hyundai,DE,2024,2024-01..2024-12,US4,HEV,5,registrations,333.6,,WLTP,eea_co2_monitoring_2024 (eea_hyundai_2024_final.json),eea_hyundai_2024_final.json,explicit,,central
EU27,hyundai,DK,2024,2024-01..2024-12,BAYON,ICE,49,registrations,123.2449,,WLTP,eea_co2_monitoring_2024 (eea_hyundai_2024_final.json),eea_hyundai_2024_final.json,explicit,,central
EU27,hyundai,DK,2024,2024-01..2024-12,I 30,HEV,24,registrations,136.7917,,WLTP,eea_co2_monitoring_2024 (eea_hyundai_2024_final.json),eea_hyundai_2024_final.json,explicit,,central
EU27,hyundai,DK,2024,2024-01..2024-12,I 30,ICE,173,registrations,130.6936,,WLTP,eea_co2_monitoring_2024 (eea_hyundai_2024_final.json),eea_hyundai_2024_final.json,explicit,,central
EU27,hyundai,DK,2024,2024-01..2024-12,I10,ICE,776,registrations,110.8582,,WLTP,eea_co2_monitoring_2024 (eea_hyundai_2024_final.json),eea_hyundai_2024_final.json,explicit,,central
EU27,hyundai,DK,2024,2024-01..2024-12,I20,ICE,763,registrations,120.405,,WLTP,eea_co2_monitoring_2024 (eea_hyundai_2024_final.json),eea_hyundai_2024_final.json,explicit,,central
EU27,hyundai,DK,2024,2024-01..2024-12,I20 N,ICE,2,registrations,158.0,,WLTP,eea_co2_monitoring_2024 (eea_hyundai_2024_final.json),eea_hyundai_2024_final.json,explicit,,central
EU27,hyundai,DK,2024,2024-01..2024-12,IONIQ,BEV,1,registrations,0.0,170.0,WLTP,eea_co2_monitoring_2024 (eea_hyundai_2024_final.json),eea_hyundai_2024_final.json,explicit,,central
EU27,hyundai,DK,2024,2024-01..2024-12,IONIQ 5,BEV,1,registrations,0.0,170.0,WLTP,eea_co2_monitoring_2024 (eea_hyundai_2024_final.json),eea_hyundai_2024_final.json,explicit,,central
EU27,hyundai,DK,2024,2024-01..2024-12,IONIQ5,BEV,790,registrations,0.0,171.8658,WLTP,eea_co2_monitoring_2024 (eea_hyundai_2024_final.json),eea_hyundai_2024_final.json,explicit,,central
EU27,hyundai,DK,2024,2024-01..2024-12,IONIQ6,BEV,377,registrations,0.0,151.7162,WLTP,eea_co2_monitoring_2024 (eea_hyundai_2024_final.json),eea_hyundai_2024_final.json,explicit,,central
EU27,hyundai,DK,2024,2024-01..2024-12,KONA KAUAI,BEV,1141,registrations,0.0,150.3339,WLTP,eea_co2_monitoring_2024 (eea_hyundai_2024_final.json),eea_hyundai_2024_final.json,explicit,,central
EU27,hyundai,DK,2024,2024-01..2024-12,KONA KAUAI,ICE,252,registrations,134.5556,,WLTP,eea_co2_monitoring_2024 (eea_hyundai_2024_final.json),eea_hyundai_2024_final.json,explicit,,central
EU27,hyundai,DK,2024,2024-01..2024-12,STARIA PREMIUM,ICE,1,registrations,222.0,,WLTP,eea_co2_monitoring_2024 (eea_hyundai_2024_final.json),eea_hyundai_2024_final.json,explicit,,central
EU27,hyundai,DK,2024,2024-01..2024-12,TUCSON IX35,HEV,198,registrations,145.096,,WLTP,eea_co2_monitoring_2024 (eea_hyundai_2024_final.json),eea_hyundai_2024_final.json,explicit,,central
EU27,hyundai,DK,2024,2024-01..2024-12,TUCSON IX35,ICE,15,registrations,151.4,,WLTP,eea_co2_monitoring_2024 (eea_hyundai_2024_final.json),eea_hyundai_2024_final.json,explicit,,central
EU27,hyundai,EE,2024,2024-01..2024-12,BAYON,HEV,33,registrations,120.0606,,WLTP,eea_co2_monitoring_2024 (eea_hyundai_2024_final.json),eea_hyundai_2024_final.json,explicit,,central
EU27,hyundai,EE,2024,2024-01..2024-12,BAYON,ICE,16,registrations,124.375,,WLTP,eea_co2_monitoring_2024 (eea_hyundai_2024_final.json),eea_hyundai_2024_final.json,explicit,,central
EU27,hyundai,EE,2024,2024-01..2024-12,G90 GENESIS G90,HEV,1,registrations,246.0,,WLTP,eea_co2_monitoring_2024 (eea_hyundai_2024_final.json),eea_hyundai_2024_final.json,explicit,,central
EU27,hyundai,EE,2024,2024-01..2024-12,I 30,HEV,20,registrations,123.35,,WLTP,eea_co2_monitoring_2024 (eea_hyundai_2024_final.json),eea_hyundai_2024_final.json,explicit,,central
EU27,hyundai,EE,2024,2024-01..2024-12,I 30,ICE,26,registrations,131.6923,,WLTP,eea_co2_monitoring_2024 (eea_hyundai_2024_final.json),eea_hyundai_2024_final.json,explicit,,central
EU27,hyundai,EE,2024,2024-01..2024-12,I 30 N,ICE,1,registrations,191.0,,WLTP,eea_co2_monitoring_2024 (eea_hyundai_2024_final.json),eea_hyundai_2024_final.json,explicit,,central
EU27,hyundai,EE,2024,2024-01..2024-12,I10,ICE,3,registrations,109.0,,WLTP,eea_co2_monitoring_2024 (eea_hyundai_2024_final.json),eea_hyundai_2024_final.json,explicit,,central
EU27,hyundai,EE,2024,2024-01..2024-12,I20,HEV,12,registrations,118.0833,,WLTP,eea_co2_monitoring_2024 (eea_hyundai_2024_final.json),eea_hyundai_2024_final.json,explicit,,central
EU27,hyundai,EE,2024,2024-01..2024-12,I20,ICE,65,registrations,121.4923,,WLTP,eea_co2_monitoring_2024 (eea_hyundai_2024_final.json),eea_hyundai_2024_final.json,explicit,,central
EU27,hyundai,EE,2024,2024-01..2024-12,I20 N,ICE,4,registrations,158.0,,WLTP,eea_co2_monitoring_2024 (eea_hyundai_2024_final.json),eea_hyundai_2024_final.json,explicit,,central
EU27,hyundai,EE,2024,2024-01..2024-12,IONIQ5,BEV,61,registrations,0.0,177.4426,WLTP,eea_co2_monitoring_2024 (eea_hyundai_2024_final.json),eea_hyundai_2024_final.json,explicit,,central
EU27,hyundai,EE,2024,2024-01..2024-12,IONIQ5 N,BEV,9,registrations,0.0,212.0,WLTP,eea_co2_monitoring_2024 (eea_hyundai_2024_final.json),eea_hyundai_2024_final.json,explicit,,central
EU27,hyundai,EE,2024,2024-01..2024-12,IONIQ6,BEV,19,registrations,0.0,160.2105,WLTP,eea_co2_monitoring_2024 (eea_hyundai_2024_final.json),eea_hyundai_2024_final.json,explicit,,central
EU27,hyundai,EE,2024,2024-01..2024-12,KONA KAUAI,BEV,27,registrations,0.0,148.4815,WLTP,eea_co2_monitoring_2024 (eea_hyundai_2024_final.json),eea_hyundai_2024_final.json,explicit,,central
EU27,hyundai,EE,2024,2024-01..2024-12,KONA KAUAI,HEV,40,registrations,105.6,,WLTP,eea_co2_monitoring_2024 (eea_hyundai_2024_final.json),eea_hyundai_2024_final.json,explicit,,central
EU27,hyundai,EE,2024,2024-01..2024-12,KONA N KAUAI N,ICE,1,registrations,194.0,,WLTP,eea_co2_monitoring_2024 (eea_hyundai_2024_final.json),eea_hyundai_2024_final.json,explicit,,central
EU27,hyundai,EE,2024,2024-01..2024-12,SANTA FE,HEV,29,registrations,166.2414,,WLTP,eea_co2_monitoring_2024 (eea_hyundai_2024_final.json),eea_hyundai_2024_final.json,explicit,,central
EU27,hyundai,EE,2024,2024-01..2024-12,TUCSON IX35,HEV,314,registrations,143.5573,,WLTP,eea_co2_monitoring_2024 (eea_hyundai_2024_final.json),eea_hyundai_2024_final.json,explicit,,central
EU27,hyundai,EE,2024,2024-01..2024-12,TUCSON IX35,ICE,7,registrations,152.1429,,WLTP,eea_co2_monitoring_2024 (eea_hyundai_2024_final.json),eea_hyundai_2024_final.json,explicit,,central
EU27,hyundai,ES,2024,2024-01..2024-12,BAYON,HEV,3167,registrations,119.7843,,WLTP,eea_co2_monitoring_2024 (eea_hyundai_2024_final.json),eea_hyundai_2024_final.json,explicit,,central
EU27,hyundai,ES,2024,2024-01..2024-12,BAYON,ICE,1912,registrations,126.3614,,WLTP,eea_co2_monitoring_2024 (eea_hyundai_2024_final.json),eea_hyundai_2024_final.json,explicit,,central
EU27,hyundai,ES,2024,2024-01..2024-12,G90 GENESIS G90,HEV,1,registrations,246.0,,WLTP,eea_co2_monitoring_2024 (eea_hyundai_2024_final.json),eea_hyundai_2024_final.json,explicit,,central
EU27,hyundai,ES,2024,2024-01..2024-12,GV70 GENESIS GV70,ICE,1,registrations,225.0,,WLTP,eea_co2_monitoring_2024 (eea_hyundai_2024_final.json),eea_hyundai_2024_final.json,explicit,,central
EU27,hyundai,ES,2024,2024-01..2024-12,GV80 GENESIS GV80,ICE,1,registrations,243.0,,WLTP,eea_co2_monitoring_2024 (eea_hyundai_2024_final.json),eea_hyundai_2024_final.json,explicit,,central
EU27,hyundai,ES,2024,2024-01..2024-12,I 30,HEV,2095,registrations,122.8601,,WLTP,eea_co2_monitoring_2024 (eea_hyundai_2024_final.json),eea_hyundai_2024_final.json,explicit,,central
EU27,hyundai,ES,2024,2024-01..2024-12,I 30,ICE,3669,registrations,134.5394,,WLTP,eea_co2_monitoring_2024 (eea_hyundai_2024_final.json),eea_hyundai_2024_final.json,explicit,,central
EU27,hyundai,ES,2024,2024-01..2024-12,I 30 N,ICE,596,registrations,182.9027,,WLTP,eea_co2_monitoring_2024 (eea_hyundai_2024_final.json),eea_hyundai_2024_final.json,explicit,,central
EU27,hyundai,ES,2024,2024-01..2024-12,I10,ICE,5388,registrations,117.6971,,WLTP,eea_co2_monitoring_2024 (eea_hyundai_2024_final.json),eea_hyundai_2024_final.json,explicit,,central
EU27,hyundai,ES,2024,2024-01..2024-12,I20,HEV,2700,registrations,116.9167,,WLTP,eea_co2_monitoring_2024 (eea_hyundai_2024_final.json),eea_hyundai_2024_final.json,explicit,,central
EU27,hyundai,ES,2024,2024-01..2024-12,I20,ICE,8440,registrations,119.9872,,WLTP,eea_co2_monitoring_2024 (eea_hyundai_2024_final.json),eea_hyundai_2024_final.json,explicit,,central
EU27,hyundai,ES,2024,2024-01..2024-12,I20 N,ICE,888,registrations,158.0,,WLTP,eea_co2_monitoring_2024 (eea_hyundai_2024_final.json),eea_hyundai_2024_final.json,explicit,,central
EU27,hyundai,ES,2024,2024-01..2024-12,INSTER,BEV,74,registrations,0.0,147.1351,WLTP,eea_co2_monitoring_2024 (eea_hyundai_2024_final.json),eea_hyundai_2024_final.json,explicit,,central
EU27,hyundai,ES,2024,2024-01..2024-12,IONIQ5,BEV,377,registrations,0.0,173.321,WLTP,eea_co2_monitoring_2024 (eea_hyundai_2024_final.json),eea_hyundai_2024_final.json,explicit,,central
EU27,hyundai,ES,2024,2024-01..2024-12,IONIQ5 N,BEV,23,registrations,0.0,212.0,WLTP,eea_co2_monitoring_2024 (eea_hyundai_2024_final.json),eea_hyundai_2024_final.json,explicit,,central
EU27,hyundai,ES,2024,2024-01..2024-12,IONIQ6,BEV,156,registrations,0.0,146.7885,WLTP,eea_co2_monitoring_2024 (eea_hyundai_2024_final.json),eea_hyundai_2024_final.json,explicit,,central
EU27,hyundai,ES,2024,2024-01..2024-12,KONA KAUAI,BEV,868,registrations,0.0,149.8134,WLTP,eea_co2_monitoring_2024 (eea_hyundai_2024_final.json),eea_hyundai_2024_final.json,explicit,,central
EU27,hyundai,ES,2024,2024-01..2024-12,KONA KAUAI,HEV,8739,registrations,106.8903,,WLTP,eea_co2_monitoring_2024 (eea_hyundai_2024_final.json),eea_hyundai_2024_final.json,explicit,,central
EU27,hyundai,ES,2024,2024-01..2024-12,KONA KAUAI,ICE,3204,registrations,133.2319,,WLTP,eea_co2_monitoring_2024 (eea_hyundai_2024_final.json),eea_hyundai_2024_final.json,explicit,,central
EU27,hyundai,ES,2024,2024-01..2024-12,SANTA FE,HEV,310,registrations,163.4774,,WLTP,eea_co2_monitoring_2024 (eea_hyundai_2024_final.json),eea_hyundai_2024_final.json,explicit,,central
EU27,hyundai,ES,2024,2024-01..2024-12,SANTA FE,ICE,84,registrations,168.3095,,WLTP,eea_co2_monitoring_2024 (eea_hyundai_2024_final.json),eea_hyundai_2024_final.json,explicit,,central
EU27,hyundai,ES,2024,2024-01..2024-12,STARIA,HEV,82,registrations,172.0,,WLTP,eea_co2_monitoring_2024 (eea_hyundai_2024_final.json),eea_hyundai_2024_final.json,explicit,,central
EU27,hyundai,ES,2024,2024-01..2024-12,STARIA,ICE,102,registrations,223.4118,,WLTP,eea_co2_monitoring_2024 (eea_hyundai_2024_final.json),eea_hyundai_2024_final.json,explicit,,central
EU27,hyundai,ES,2024,2024-01..2024-12,STARIA PREMIUM,ICE,1,registrations,222.0,,WLTP,eea_co2_monitoring_2024 (eea_hyundai_2024_final.json),eea_hyundai_2024_final.json,explicit,,central
EU27,hyundai,ES,2024,2024-01..2024-12,TUCSON IX35,HEV,11395,registrations,135.8505,,WLTP,eea_co2_monitoring_2024 (eea_hyundai_2024_final.json),eea_hyundai_2024_final.json,explicit,,central
EU27,hyundai,ES,2024,2024-01..2024-12,TUCSON IX35,ICE,7952,registrations,151.5,,WLTP,eea_co2_monitoring_2024 (eea_hyundai_2024_final.json),eea_hyundai_2024_final.json,explicit,,central
EU27,hyundai,FI,2024,2024-01..2024-12,BAYON,HEV,212,registrations,120.0802,,WLTP,eea_co2_monitoring_2024 (eea_hyundai_2024_final.json),eea_hyundai_2024_final.json,explicit,,central
EU27,hyundai,FI,2024,2024-01..2024-12,BAYON,ICE,30,registrations,124.4,,WLTP,eea_co2_monitoring_2024 (eea_hyundai_2024_final.json),eea_hyundai_2024_final.json,explicit,,central
EU27,hyundai,FI,2024,2024-01..2024-12,I 30,HEV,95,registrations,122.8421,,WLTP,eea_co2_monitoring_2024 (eea_hyundai_2024_final.json),eea_hyundai_2024_final.json,explicit,,central
EU27,hyundai,FI,2024,2024-01..2024-12,I 30,ICE,388,registrations,135.7397,,WLTP,eea_co2_monitoring_2024 (eea_hyundai_2024_final.json),eea_hyundai_2024_final.json,explicit,,central
EU27,hyundai,FI,2024,2024-01..2024-12,I10,ICE,223,registrations,109.0,,WLTP,eea_co2_monitoring_2024 (eea_hyundai_2024_final.json),eea_hyundai_2024_final.json,explicit,,central
EU27,hyundai,FI,2024,2024-01..2024-12,I20,HEV,26,registrations,117.7308,,WLTP,eea_co2_monitoring_2024 (eea_hyundai_2024_final.json),eea_hyundai_2024_final.json,explicit,,central
EU27,hyundai,FI,2024,2024-01..2024-12,I20,ICE,370,registrations,121.6162,,WLTP,eea_co2_monitoring_2024 (eea_hyundai_2024_final.json),eea_hyundai_2024_final.json,explicit,,central
EU27,hyundai,FI,2024,2024-01..2024-12,I20 N,ICE,3,registrations,158.0,,WLTP,eea_co2_monitoring_2024 (eea_hyundai_2024_final.json),eea_hyundai_2024_final.json,explicit,,central
EU27,hyundai,FI,2024,2024-01..2024-12,IONIQ5,BEV,534,registrations,0.0,173.3745,WLTP,eea_co2_monitoring_2024 (eea_hyundai_2024_final.json),eea_hyundai_2024_final.json,explicit,,central
EU27,hyundai,FI,2024,2024-01..2024-12,IONIQ5 N,BEV,24,registrations,0.0,212.0,WLTP,eea_co2_monitoring_2024 (eea_hyundai_2024_final.json),eea_hyundai_2024_final.json,explicit,,central
EU27,hyundai,FI,2024,2024-01..2024-12,IONIQ6,BEV,139,registrations,0.0,152.6115,WLTP,eea_co2_monitoring_2024 (eea_hyundai_2024_final.json),eea_hyundai_2024_final.json,explicit,,central
EU27,hyundai,FI,2024,2024-01..2024-12,KONA KAUAI,BEV,372,registrations,0.0,160.4032,WLTP,eea_co2_monitoring_2024 (eea_hyundai_2024_final.json),eea_hyundai_2024_final.json,explicit,,central
EU27,hyundai,FI,2024,2024-01..2024-12,KONA KAUAI,HEV,209,registrations,105.5837,,WLTP,eea_co2_monitoring_2024 (eea_hyundai_2024_final.json),eea_hyundai_2024_final.json,explicit,,central
EU27,hyundai,FI,2024,2024-01..2024-12,TUCSON IX35,HEV,107,registrations,142.4206,,WLTP,eea_co2_monitoring_2024 (eea_hyundai_2024_final.json),eea_hyundai_2024_final.json,explicit,,central
EU27,hyundai,FI,2024,2024-01..2024-12,TUCSON IX35,ICE,3,registrations,153.0,,WLTP,eea_co2_monitoring_2024 (eea_hyundai_2024_final.json),eea_hyundai_2024_final.json,explicit,,central
EU27,hyundai,FR,2024,2024-01..2024-12,BAYON,HEV,3492,registrations,119.5515,,WLTP,eea_co2_monitoring_2024 (eea_hyundai_2024_final.json),eea_hyundai_2024_final.json,explicit,,central
EU27,hyundai,FR,2024,2024-01..2024-12,BAYON,ICE,1975,registrations,124.5909,,WLTP,eea_co2_monitoring_2024 (eea_hyundai_2024_final.json),eea_hyundai_2024_final.json,explicit,,central
EU27,hyundai,FR,2024,2024-01..2024-12,G90 GENESIS G90,HEV,1,registrations,246.0,,WLTP,eea_co2_monitoring_2024 (eea_hyundai_2024_final.json),eea_hyundai_2024_final.json,explicit,,central
EU27,hyundai,FR,2024,2024-01..2024-12,GV70 GENESIS GV70,ICE,1,registrations,225.0,,WLTP,eea_co2_monitoring_2024 (eea_hyundai_2024_final.json),eea_hyundai_2024_final.json,explicit,,central
EU27,hyundai,FR,2024,2024-01..2024-12,GV80 GENESIS GV80,ICE,1,registrations,244.0,,WLTP,eea_co2_monitoring_2024 (eea_hyundai_2024_final.json),eea_hyundai_2024_final.json,explicit,,central
EU27,hyundai,FR,2024,2024-01..2024-12,I 30,HEV,618,registrations,125.4612,,WLTP,eea_co2_monitoring_2024 (eea_hyundai_2024_final.json),eea_hyundai_2024_final.json,explicit,,central
EU27,hyundai,FR,2024,2024-01..2024-12,I 30,ICE,322,registrations,135.1149,,WLTP,eea_co2_monitoring_2024 (eea_hyundai_2024_final.json),eea_hyundai_2024_final.json,explicit,,central
EU27,hyundai,FR,2024,2024-01..2024-12,I10,ICE,3811,registrations,116.3209,,WLTP,eea_co2_monitoring_2024 (eea_hyundai_2024_final.json),eea_hyundai_2024_final.json,explicit,,central
EU27,hyundai,FR,2024,2024-01..2024-12,I20,HEV,2266,registrations,117.1999,,WLTP,eea_co2_monitoring_2024 (eea_hyundai_2024_final.json),eea_hyundai_2024_final.json,explicit,,central
EU27,hyundai,FR,2024,2024-01..2024-12,I20,ICE,4634,registrations,121.6077,,WLTP,eea_co2_monitoring_2024 (eea_hyundai_2024_final.json),eea_hyundai_2024_final.json,explicit,,central
EU27,hyundai,FR,2024,2024-01..2024-12,I20 N,ICE,91,registrations,158.0,,WLTP,eea_co2_monitoring_2024 (eea_hyundai_2024_final.json),eea_hyundai_2024_final.json,explicit,,central
EU27,hyundai,FR,2024,2024-01..2024-12,IONIQ5,BEV,735,registrations,0.0,172.1075,WLTP,eea_co2_monitoring_2024 (eea_hyundai_2024_final.json),eea_hyundai_2024_final.json,explicit,,central
EU27,hyundai,FR,2024,2024-01..2024-12,IONIQ5 N,BEV,123,registrations,0.0,212.0,WLTP,eea_co2_monitoring_2024 (eea_hyundai_2024_final.json),eea_hyundai_2024_final.json,explicit,,central
EU27,hyundai,FR,2024,2024-01..2024-12,IONIQ6,BEV,291,registrations,0.0,148.7526,WLTP,eea_co2_monitoring_2024 (eea_hyundai_2024_final.json),eea_hyundai_2024_final.json,explicit,,central
EU27,hyundai,FR,2024,2024-01..2024-12,KONA KAUAI,BEV,4918,registrations,0.0,147.2922,WLTP,eea_co2_monitoring_2024 (eea_hyundai_2024_final.json),eea_hyundai_2024_final.json,explicit,,central
EU27,hyundai,FR,2024,2024-01..2024-12,KONA KAUAI,HEV,7905,registrations,105.4756,,WLTP,eea_co2_monitoring_2024 (eea_hyundai_2024_final.json),eea_hyundai_2024_final.json,explicit,,central
EU27,hyundai,FR,2024,2024-01..2024-12,KONA KAUAI,ICE,509,registrations,131.9155,,WLTP,eea_co2_monitoring_2024 (eea_hyundai_2024_final.json),eea_hyundai_2024_final.json,explicit,,central
EU27,hyundai,FR,2024,2024-01..2024-12,SANTA FE,HEV,257,registrations,153.5759,,WLTP,eea_co2_monitoring_2024 (eea_hyundai_2024_final.json),eea_hyundai_2024_final.json,explicit,,central
EU27,hyundai,FR,2024,2024-01..2024-12,SANTA FE,ICE,7,registrations,166.1429,,WLTP,eea_co2_monitoring_2024 (eea_hyundai_2024_final.json),eea_hyundai_2024_final.json,explicit,,central
EU27,hyundai,FR,2024,2024-01..2024-12,TUCSON IX35,HEV,15231,registrations,131.4823,,WLTP,eea_co2_monitoring_2024 (eea_hyundai_2024_final.json),eea_hyundai_2024_final.json,explicit,,central
EU27,hyundai,FR,2024,2024-01..2024-12,TUCSON IX35,ICE,8,registrations,154.0,,WLTP,eea_co2_monitoring_2024 (eea_hyundai_2024_final.json),eea_hyundai_2024_final.json,explicit,,central
EU27,hyundai,GR,2024,2024-01..2024-12,BAYON,HEV,102,registrations,120.6667,,WLTP,eea_co2_monitoring_2024 (eea_hyundai_2024_final.json),eea_hyundai_2024_final.json,explicit,,central
EU27,hyundai,GR,2024,2024-01..2024-12,BAYON,ICE,1138,registrations,124.203,,WLTP,eea_co2_monitoring_2024 (eea_hyundai_2024_final.json),eea_hyundai_2024_final.json,explicit,,central
EU27,hyundai,GR,2024,2024-01..2024-12,I 30,HEV,525,registrations,132.7619,,WLTP,eea_co2_monitoring_2024 (eea_hyundai_2024_final.json),eea_hyundai_2024_final.json,explicit,,central
EU27,hyundai,GR,2024,2024-01..2024-12,I 30,ICE,960,registrations,136.3979,,WLTP,eea_co2_monitoring_2024 (eea_hyundai_2024_final.json),eea_hyundai_2024_final.json,explicit,,central
EU27,hyundai,GR,2024,2024-01..2024-12,I 30 N,ICE,12,registrations,182.0,,WLTP,eea_co2_monitoring_2024 (eea_hyundai_2024_final.json),eea_hyundai_2024_final.json,explicit,,central
EU27,hyundai,GR,2024,2024-01..2024-12,I10,ICE,1610,registrations,117.4714,,WLTP,eea_co2_monitoring_2024 (eea_hyundai_2024_final.json),eea_hyundai_2024_final.json,explicit,,central
EU27,hyundai,GR,2024,2024-01..2024-12,I20,HEV,44,registrations,117.5227,,WLTP,eea_co2_monitoring_2024 (eea_hyundai_2024_final.json),eea_hyundai_2024_final.json,explicit,,central
EU27,hyundai,GR,2024,2024-01..2024-12,I20,ICE,2155,registrations,121.8487,,WLTP,eea_co2_monitoring_2024 (eea_hyundai_2024_final.json),eea_hyundai_2024_final.json,explicit,,central
EU27,hyundai,GR,2024,2024-01..2024-12,I20 N,ICE,88,registrations,158.0,,WLTP,eea_co2_monitoring_2024 (eea_hyundai_2024_final.json),eea_hyundai_2024_final.json,explicit,,central
EU27,hyundai,GR,2024,2024-01..2024-12,IONIQ5,BEV,84,registrations,0.0,177.1905,WLTP,eea_co2_monitoring_2024 (eea_hyundai_2024_final.json),eea_hyundai_2024_final.json,explicit,,central
EU27,hyundai,GR,2024,2024-01..2024-12,IONIQ5 N,BEV,8,registrations,0.0,212.0,WLTP,eea_co2_monitoring_2024 (eea_hyundai_2024_final.json),eea_hyundai_2024_final.json,explicit,,central
EU27,hyundai,GR,2024,2024-01..2024-12,IONIQ6,BEV,13,registrations,0.0,149.6154,WLTP,eea_co2_monitoring_2024 (eea_hyundai_2024_final.json),eea_hyundai_2024_final.json,explicit,,central
EU27,hyundai,GR,2024,2024-01..2024-12,KONA KAUAI,BEV,108,registrations,0.0,148.5093,WLTP,eea_co2_monitoring_2024 (eea_hyundai_2024_final.json),eea_hyundai_2024_final.json,explicit,,central
EU27,hyundai,GR,2024,2024-01..2024-12,KONA KAUAI,HEV,721,registrations,118.2469,,WLTP,eea_co2_monitoring_2024 (eea_hyundai_2024_final.json),eea_hyundai_2024_final.json,explicit,,central
EU27,hyundai,GR,2024,2024-01..2024-12,KONA KAUAI,ICE,173,registrations,143.1676,,WLTP,eea_co2_monitoring_2024 (eea_hyundai_2024_final.json),eea_hyundai_2024_final.json,explicit,,central
EU27,hyundai,GR,2024,2024-01..2024-12,TUCSON IX35,HEV,1046,registrations,146.4541,,WLTP,eea_co2_monitoring_2024 (eea_hyundai_2024_final.json),eea_hyundai_2024_final.json,explicit,,central
EU27,hyundai,HR,2024,2024-01..2024-12,BAYON,HEV,4,registrations,120.0,,WLTP,eea_co2_monitoring_2024 (eea_hyundai_2024_final.json),eea_hyundai_2024_final.json,explicit,,central
EU27,hyundai,HR,2024,2024-01..2024-12,BAYON,ICE,372,registrations,125.0833,,WLTP,eea_co2_monitoring_2024 (eea_hyundai_2024_final.json),eea_hyundai_2024_final.json,explicit,,central
EU27,hyundai,HR,2024,2024-01..2024-12,I 30,HEV,40,registrations,139.725,,WLTP,eea_co2_monitoring_2024 (eea_hyundai_2024_final.json),eea_hyundai_2024_final.json,explicit,,central
EU27,hyundai,HR,2024,2024-01..2024-12,I 30,ICE,548,registrations,132.8066,,WLTP,eea_co2_monitoring_2024 (eea_hyundai_2024_final.json),eea_hyundai_2024_final.json,explicit,,central
EU27,hyundai,HR,2024,2024-01..2024-12,I 30 N,ICE,10,registrations,186.5,,WLTP,eea_co2_monitoring_2024 (eea_hyundai_2024_final.json),eea_hyundai_2024_final.json,explicit,,central
EU27,hyundai,HR,2024,2024-01..2024-12,I10,ICE,164,registrations,116.2256,,WLTP,eea_co2_monitoring_2024 (eea_hyundai_2024_final.json),eea_hyundai_2024_final.json,explicit,,central
EU27,hyundai,HR,2024,2024-01..2024-12,I20,ICE,563,registrations,120.6998,,WLTP,eea_co2_monitoring_2024 (eea_hyundai_2024_final.json),eea_hyundai_2024_final.json,explicit,,central
EU27,hyundai,HR,2024,2024-01..2024-12,I20 N,ICE,5,registrations,158.0,,WLTP,eea_co2_monitoring_2024 (eea_hyundai_2024_final.json),eea_hyundai_2024_final.json,explicit,,central
EU27,hyundai,HR,2024,2024-01..2024-12,I30,ICE,2,registrations,182.0,,WLTP,eea_co2_monitoring_2024 (eea_hyundai_2024_final.json),eea_hyundai_2024_final.json,explicit,,central
EU27,hyundai,HR,2024,2024-01..2024-12,IONIQ5,BEV,48,registrations,0.0,170.5,WLTP,eea_co2_monitoring_2024 (eea_hyundai_2024_final.json),eea_hyundai_2024_final.json,explicit,,central
EU27,hyundai,HR,2024,2024-01..2024-12,IONIQ6,BEV,30,registrations,0.0,157.1667,WLTP,eea_co2_monitoring_2024 (eea_hyundai_2024_final.json),eea_hyundai_2024_final.json,explicit,,central
EU27,hyundai,HR,2024,2024-01..2024-12,KONA,HEV,1,registrations,107.0,,WLTP,eea_co2_monitoring_2024 (eea_hyundai_2024_final.json),eea_hyundai_2024_final.json,explicit,,central
EU27,hyundai,HR,2024,2024-01..2024-12,KONA,ICE,1,registrations,143.0,,WLTP,eea_co2_monitoring_2024 (eea_hyundai_2024_final.json),eea_hyundai_2024_final.json,explicit,,central
EU27,hyundai,HR,2024,2024-01..2024-12,KONA KAUAI,BEV,80,registrations,0.0,147.8125,WLTP,eea_co2_monitoring_2024 (eea_hyundai_2024_final.json),eea_hyundai_2024_final.json,explicit,,central
EU27,hyundai,HR,2024,2024-01..2024-12,KONA KAUAI,HEV,50,registrations,104.46,,WLTP,eea_co2_monitoring_2024 (eea_hyundai_2024_final.json),eea_hyundai_2024_final.json,explicit,,central
EU27,hyundai,HR,2024,2024-01..2024-12,KONA KAUAI,ICE,225,registrations,136.0978,,WLTP,eea_co2_monitoring_2024 (eea_hyundai_2024_final.json),eea_hyundai_2024_final.json,explicit,,central
EU27,hyundai,HR,2024,2024-01..2024-12,SANTA FE,HEV,6,registrations,166.6667,,WLTP,eea_co2_monitoring_2024 (eea_hyundai_2024_final.json),eea_hyundai_2024_final.json,explicit,,central
EU27,hyundai,HR,2024,2024-01..2024-12,TUCSON,HEV,4,registrations,142.75,,WLTP,eea_co2_monitoring_2024 (eea_hyundai_2024_final.json),eea_hyundai_2024_final.json,explicit,,central
EU27,hyundai,HR,2024,2024-01..2024-12,TUCSON IX35,HEV,715,registrations,142.2266,,WLTP,eea_co2_monitoring_2024 (eea_hyundai_2024_final.json),eea_hyundai_2024_final.json,explicit,,central
EU27,hyundai,HR,2024,2024-01..2024-12,TUCSON IX35,ICE,469,registrations,153.1855,,WLTP,eea_co2_monitoring_2024 (eea_hyundai_2024_final.json),eea_hyundai_2024_final.json,explicit,,central
EU27,hyundai,HU,2024,2024-01..2024-12,BAYON,ICE,181,registrations,125.0,,WLTP,eea_co2_monitoring_2024 (eea_hyundai_2024_final.json),eea_hyundai_2024_final.json,explicit,,central
EU27,hyundai,HU,2024,2024-01..2024-12,I 30,HEV,266,registrations,127.7068,,WLTP,eea_co2_monitoring_2024 (eea_hyundai_2024_final.json),eea_hyundai_2024_final.json,explicit,,central
EU27,hyundai,HU,2024,2024-01..2024-12,I 30,ICE,899,registrations,135.6396,,WLTP,eea_co2_monitoring_2024 (eea_hyundai_2024_final.json),eea_hyundai_2024_final.json,explicit,,central
EU27,hyundai,HU,2024,2024-01..2024-12,I 30 N,ICE,33,registrations,187.4545,,WLTP,eea_co2_monitoring_2024 (eea_hyundai_2024_final.json),eea_hyundai_2024_final.json,explicit,,central
EU27,hyundai,HU,2024,2024-01..2024-12,I10,ICE,153,registrations,121.0065,,WLTP,eea_co2_monitoring_2024 (eea_hyundai_2024_final.json),eea_hyundai_2024_final.json,explicit,,central
EU27,hyundai,HU,2024,2024-01..2024-12,I20,HEV,90,registrations,120.8444,,WLTP,eea_co2_monitoring_2024 (eea_hyundai_2024_final.json),eea_hyundai_2024_final.json,explicit,,central
EU27,hyundai,HU,2024,2024-01..2024-12,I20,ICE,588,registrations,121.6293,,WLTP,eea_co2_monitoring_2024 (eea_hyundai_2024_final.json),eea_hyundai_2024_final.json,explicit,,central
EU27,hyundai,HU,2024,2024-01..2024-12,I20 N,ICE,36,registrations,158.0,,WLTP,eea_co2_monitoring_2024 (eea_hyundai_2024_final.json),eea_hyundai_2024_final.json,explicit,,central
EU27,hyundai,HU,2024,2024-01..2024-12,IONIQ5,BEV,115,registrations,0.0,182.2,WLTP,eea_co2_monitoring_2024 (eea_hyundai_2024_final.json),eea_hyundai_2024_final.json,explicit,,central
EU27,hyundai,HU,2024,2024-01..2024-12,IONIQ5 N,BEV,32,registrations,0.0,212.0,WLTP,eea_co2_monitoring_2024 (eea_hyundai_2024_final.json),eea_hyundai_2024_final.json,explicit,,central
EU27,hyundai,HU,2024,2024-01..2024-12,IONIQ6,BEV,136,registrations,0.0,153.875,WLTP,eea_co2_monitoring_2024 (eea_hyundai_2024_final.json),eea_hyundai_2024_final.json,explicit,,central
EU27,hyundai,HU,2024,2024-01..2024-12,KONA KAUAI,BEV,280,registrations,0.0,151.3571,WLTP,eea_co2_monitoring_2024 (eea_hyundai_2024_final.json),eea_hyundai_2024_final.json,explicit,,central
EU27,hyundai,HU,2024,2024-01..2024-12,KONA KAUAI,HEV,139,registrations,105.9424,,WLTP,eea_co2_monitoring_2024 (eea_hyundai_2024_final.json),eea_hyundai_2024_final.json,explicit,,central
EU27,hyundai,HU,2024,2024-01..2024-12,KONA KAUAI,ICE,201,registrations,143.5025,,WLTP,eea_co2_monitoring_2024 (eea_hyundai_2024_final.json),eea_hyundai_2024_final.json,explicit,,central
EU27,hyundai,HU,2024,2024-01..2024-12,KONA N KAUAI N,ICE,4,registrations,194.0,,WLTP,eea_co2_monitoring_2024 (eea_hyundai_2024_final.json),eea_hyundai_2024_final.json,explicit,,central
EU27,hyundai,HU,2024,2024-01..2024-12,SANTA FE,HEV,20,registrations,167.15,,WLTP,eea_co2_monitoring_2024 (eea_hyundai_2024_final.json),eea_hyundai_2024_final.json,explicit,,central
EU27,hyundai,HU,2024,2024-01..2024-12,STARIA,HEV,5,registrations,172.0,,WLTP,eea_co2_monitoring_2024 (eea_hyundai_2024_final.json),eea_hyundai_2024_final.json,explicit,,central
EU27,hyundai,HU,2024,2024-01..2024-12,STARIA PREMIUM,HEV,6,registrations,172.0,,WLTP,eea_co2_monitoring_2024 (eea_hyundai_2024_final.json),eea_hyundai_2024_final.json,explicit,,central
EU27,hyundai,HU,2024,2024-01..2024-12,STARIA PREMIUM,ICE,1,registrations,232.0,,WLTP,eea_co2_monitoring_2024 (eea_hyundai_2024_final.json),eea_hyundai_2024_final.json,explicit,,central
EU27,hyundai,HU,2024,2024-01..2024-12,TUCSON IX35,HEV,989,registrations,140.8483,,WLTP,eea_co2_monitoring_2024 (eea_hyundai_2024_final.json),eea_hyundai_2024_final.json,explicit,,central
EU27,hyundai,HU,2024,2024-01..2024-12,TUCSON IX35,ICE,251,registrations,155.4263,,WLTP,eea_co2_monitoring_2024 (eea_hyundai_2024_final.json),eea_hyundai_2024_final.json,explicit,,central
EU27,hyundai,IE,2024,2024-01..2024-12,BAYON,ICE,416,registrations,126.4688,,WLTP,eea_co2_monitoring_2024 (eea_hyundai_2024_final.json),eea_hyundai_2024_final.json,explicit,,central
EU27,hyundai,IE,2024,2024-01..2024-12,I 30,ICE,214,registrations,130.5514,,WLTP,eea_co2_monitoring_2024 (eea_hyundai_2024_final.json),eea_hyundai_2024_final.json,explicit,,central
EU27,hyundai,IE,2024,2024-01..2024-12,I 30 N,ICE,3,registrations,182.0,,WLTP,eea_co2_monitoring_2024 (eea_hyundai_2024_final.json),eea_hyundai_2024_final.json,explicit,,central
EU27,hyundai,IE,2024,2024-01..2024-12,I10,ICE,502,registrations,117.9183,,WLTP,eea_co2_monitoring_2024 (eea_hyundai_2024_final.json),eea_hyundai_2024_final.json,explicit,,central
EU27,hyundai,IE,2024,2024-01..2024-12,I20,ICE,1457,registrations,121.0062,,WLTP,eea_co2_monitoring_2024 (eea_hyundai_2024_final.json),eea_hyundai_2024_final.json,explicit,,central
EU27,hyundai,IE,2024,2024-01..2024-12,I20 N,ICE,1,registrations,158.0,,WLTP,eea_co2_monitoring_2024 (eea_hyundai_2024_final.json),eea_hyundai_2024_final.json,explicit,,central
EU27,hyundai,IE,2024,2024-01..2024-12,IONIQ5,BEV,462,registrations,0.0,176.2143,WLTP,eea_co2_monitoring_2024 (eea_hyundai_2024_final.json),eea_hyundai_2024_final.json,explicit,,central
EU27,hyundai,IE,2024,2024-01..2024-12,IONIQ5 N,BEV,7,registrations,0.0,212.0,WLTP,eea_co2_monitoring_2024 (eea_hyundai_2024_final.json),eea_hyundai_2024_final.json,explicit,,central
EU27,hyundai,IE,2024,2024-01..2024-12,IONIQ6,BEV,226,registrations,0.0,142.5487,WLTP,eea_co2_monitoring_2024 (eea_hyundai_2024_final.json),eea_hyundai_2024_final.json,explicit,,central
EU27,hyundai,IE,2024,2024-01..2024-12,KONA KAUAI,BEV,739,registrations,0.0,147.544,WLTP,eea_co2_monitoring_2024 (eea_hyundai_2024_final.json),eea_hyundai_2024_final.json,explicit,,central
EU27,hyundai,IE,2024,2024-01..2024-12,KONA KAUAI,HEV,870,registrations,105.5828,,WLTP,eea_co2_monitoring_2024 (eea_hyundai_2024_final.json),eea_hyundai_2024_final.json,explicit,,central
EU27,hyundai,IE,2024,2024-01..2024-12,KONA KAUAI,ICE,889,registrations,131.8988,,WLTP,eea_co2_monitoring_2024 (eea_hyundai_2024_final.json),eea_hyundai_2024_final.json,explicit,,central
EU27,hyundai,IE,2024,2024-01..2024-12,TUCSON IX35,HEV,1420,registrations,128.8085,,WLTP,eea_co2_monitoring_2024 (eea_hyundai_2024_final.json),eea_hyundai_2024_final.json,explicit,,central
EU27,hyundai,IE,2024,2024-01..2024-12,TUCSON IX35,ICE,2710,registrations,139.0203,,WLTP,eea_co2_monitoring_2024 (eea_hyundai_2024_final.json),eea_hyundai_2024_final.json,explicit,,central
EU27,hyundai,IT,2024,2024-01..2024-12,BAYON,HEV,718,registrations,120.4958,,WLTP,eea_co2_monitoring_2024 (eea_hyundai_2024_final.json),eea_hyundai_2024_final.json,explicit,,central
EU27,hyundai,IT,2024,2024-01..2024-12,BAYON,ICE,1508,registrations,127.195,,WLTP,eea_co2_monitoring_2024 (eea_hyundai_2024_final.json),eea_hyundai_2024_final.json,explicit,,central
EU27,hyundai,IT,2024,2024-01..2024-12,BAYON BI-FUEL,ICE,1475,registrations,115.2576,,WLTP,eea_co2_monitoring_2024 (eea_hyundai_2024_final.json),eea_hyundai_2024_final.json,explicit,,central
EU27,hyundai,IT,2024,2024-01..2024-12,GV70 GENESIS GV70,ICE,1,registrations,226.0,,WLTP,eea_co2_monitoring_2024 (eea_hyundai_2024_final.json),eea_hyundai_2024_final.json,explicit,,central
EU27,hyundai,IT,2024,2024-01..2024-12,GV80 GENESIS GV80,ICE,2,registrations,245.0,,WLTP,eea_co2_monitoring_2024 (eea_hyundai_2024_final.json),eea_hyundai_2024_final.json,explicit,,central
EU27,hyundai,IT,2024,2024-01..2024-12,I 30,HEV,122,registrations,129.5656,,WLTP,eea_co2_monitoring_2024 (eea_hyundai_2024_final.json),eea_hyundai_2024_final.json,explicit,,central
EU27,hyundai,IT,2024,2024-01..2024-12,I 30,ICE,12,registrations,127.0,,WLTP,eea_co2_monitoring_2024 (eea_hyundai_2024_final.json),eea_hyundai_2024_final.json,explicit,,central
EU27,hyundai,IT,2024,2024-01..2024-12,I 30 N,ICE,26,registrations,186.1538,,WLTP,eea_co2_monitoring_2024 (eea_hyundai_2024_final.json),eea_hyundai_2024_final.json,explicit,,central
EU27,hyundai,IT,2024,2024-01..2024-12,I10,ICE,13611,registrations,117.6487,,WLTP,eea_co2_monitoring_2024 (eea_hyundai_2024_final.json),eea_hyundai_2024_final.json,explicit,,central
EU27,hyundai,IT,2024,2024-01..2024-12,I10 BI-FUEL,ICE,2139,registrations,107.2964,,WLTP,eea_co2_monitoring_2024 (eea_hyundai_2024_final.json),eea_hyundai_2024_final.json,explicit,,central
EU27,hyundai,IT,2024,2024-01..2024-12,I20,HEV,2268,registrations,116.5331,,WLTP,eea_co2_monitoring_2024 (eea_hyundai_2024_final.json),eea_hyundai_2024_final.json,explicit,,central
EU27,hyundai,IT,2024,2024-01..2024-12,I20,ICE,5314,registrations,120.9443,,WLTP,eea_co2_monitoring_2024 (eea_hyundai_2024_final.json),eea_hyundai_2024_final.json,explicit,,central
EU27,hyundai,IT,2024,2024-01..2024-12,I20 BI-FUEL,ICE,2087,registrations,112.436,,WLTP,eea_co2_monitoring_2024 (eea_hyundai_2024_final.json),eea_hyundai_2024_final.json,explicit,,central
EU27,hyundai,IT,2024,2024-01..2024-12,I20 I20 ACTIVE,ICE,1,registrations,97.0,,WLTP,eea_co2_monitoring_2024 (eea_hyundai_2024_final.json),eea_hyundai_2024_final.json,explicit,,central
EU27,hyundai,IT,2024,2024-01..2024-12,I20 N,ICE,886,registrations,158.0,,WLTP,eea_co2_monitoring_2024 (eea_hyundai_2024_final.json),eea_hyundai_2024_final.json,explicit,,central
EU27,hyundai,IT,2024,2024-01..2024-12,IONIQ5,BEV,46,registrations,0.0,175.3478,WLTP,eea_co2_monitoring_2024 (eea_hyundai_2024_final.json),eea_hyundai_2024_final.json,explicit,,central
EU27,hyundai,IT,2024,2024-01..2024-12,IONIQ5 N,BEV,27,registrations,0.0,212.0,WLTP,eea_co2_monitoring_2024 (eea_hyundai_2024_final.json),eea_hyundai_2024_final.json,explicit,,central
EU27,hyundai,IT,2024,2024-01..2024-12,IONIQ6,BEV,90,registrations,0.0,163.7556,WLTP,eea_co2_monitoring_2024 (eea_hyundai_2024_final.json),eea_hyundai_2024_final.json,explicit,,central
EU27,hyundai,IT,2024,2024-01..2024-12,KONA KAUAI,BEV,341,registrations,0.0,153.2229,WLTP,eea_co2_monitoring_2024 (eea_hyundai_2024_final.json),eea_hyundai_2024_final.json,explicit,,central
EU27,hyundai,IT,2024,2024-01..2024-12,KONA KAUAI,HEV,5143,registrations,110.5765,,WLTP,eea_co2_monitoring_2024 (eea_hyundai_2024_final.json),eea_hyundai_2024_final.json,explicit,,central
EU27,hyundai,IT,2024,2024-01..2024-12,KONA KAUAI,ICE,1076,registrations,134.9526,,WLTP,eea_co2_monitoring_2024 (eea_hyundai_2024_final.json),eea_hyundai_2024_final.json,explicit,,central
EU27,hyundai,IT,2024,2024-01..2024-12,SANTA FE,HEV,276,registrations,165.5109,,WLTP,eea_co2_monitoring_2024 (eea_hyundai_2024_final.json),eea_hyundai_2024_final.json,explicit,,central
EU27,hyundai,IT,2024,2024-01..2024-12,STARIA,HEV,4,registrations,172.0,,WLTP,eea_co2_monitoring_2024 (eea_hyundai_2024_final.json),eea_hyundai_2024_final.json,explicit,,central
EU27,hyundai,IT,2024,2024-01..2024-12,STARIA,ICE,296,registrations,222.1689,,WLTP,eea_co2_monitoring_2024 (eea_hyundai_2024_final.json),eea_hyundai_2024_final.json,explicit,,central
EU27,hyundai,IT,2024,2024-01..2024-12,STARIA PREMIUM,HEV,4,registrations,172.0,,WLTP,eea_co2_monitoring_2024 (eea_hyundai_2024_final.json),eea_hyundai_2024_final.json,explicit,,central
EU27,hyundai,IT,2024,2024-01..2024-12,STARIA PREMIUM,ICE,43,registrations,229.6744,,WLTP,eea_co2_monitoring_2024 (eea_hyundai_2024_final.json),eea_hyundai_2024_final.json,explicit,,central
EU27,hyundai,IT,2024,2024-01..2024-12,TUCSON IX35,HEV,10997,registrations,134.3676,,WLTP,eea_co2_monitoring_2024 (eea_hyundai_2024_final.json),eea_hyundai_2024_final.json,explicit,,central
EU27,hyundai,IT,2024,2024-01..2024-12,TUCSON IX35,ICE,272,registrations,137.9926,,WLTP,eea_co2_monitoring_2024 (eea_hyundai_2024_final.json),eea_hyundai_2024_final.json,explicit,,central
EU27,hyundai,IT,2024,2024-01..2024-12,VERACRUZIX55,ICE,1,registrations,199.0,,WLTP,eea_co2_monitoring_2024 (eea_hyundai_2024_final.json),eea_hyundai_2024_final.json,explicit,,central
EU27,hyundai,LT,2024,2024-01..2024-12,BAYON,HEV,11,registrations,120.1818,,WLTP,eea_co2_monitoring_2024 (eea_hyundai_2024_final.json),eea_hyundai_2024_final.json,explicit,,central
EU27,hyundai,LT,2024,2024-01..2024-12,BAYON,ICE,8,registrations,123.5,,WLTP,eea_co2_monitoring_2024 (eea_hyundai_2024_final.json),eea_hyundai_2024_final.json,explicit,,central
EU27,hyundai,LT,2024,2024-01..2024-12,G90 GENESIS G90,HEV,1,registrations,246.0,,WLTP,eea_co2_monitoring_2024 (eea_hyundai_2024_final.json),eea_hyundai_2024_final.json,explicit,,central
EU27,hyundai,LT,2024,2024-01..2024-12,I 30,HEV,11,registrations,125.5455,,WLTP,eea_co2_monitoring_2024 (eea_hyundai_2024_final.json),eea_hyundai_2024_final.json,explicit,,central
EU27,hyundai,LT,2024,2024-01..2024-12,I 30,ICE,28,registrations,127.5714,,WLTP,eea_co2_monitoring_2024 (eea_hyundai_2024_final.json),eea_hyundai_2024_final.json,explicit,,central
EU27,hyundai,LT,2024,2024-01..2024-12,I 30 N,ICE,3,registrations,191.0,,WLTP,eea_co2_monitoring_2024 (eea_hyundai_2024_final.json),eea_hyundai_2024_final.json,explicit,,central
EU27,hyundai,LT,2024,2024-01..2024-12,I10,ICE,1,registrations,109.0,,WLTP,eea_co2_monitoring_2024 (eea_hyundai_2024_final.json),eea_hyundai_2024_final.json,explicit,,central
EU27,hyundai,LT,2024,2024-01..2024-12,I20,HEV,3,registrations,118.3333,,WLTP,eea_co2_monitoring_2024 (eea_hyundai_2024_final.json),eea_hyundai_2024_final.json,explicit,,central
EU27,hyundai,LT,2024,2024-01..2024-12,I20,ICE,163,registrations,120.8282,,WLTP,eea_co2_monitoring_2024 (eea_hyundai_2024_final.json),eea_hyundai_2024_final.json,explicit,,central
EU27,hyundai,LT,2024,2024-01..2024-12,I20 N,ICE,2,registrations,158.0,,WLTP,eea_co2_monitoring_2024 (eea_hyundai_2024_final.json),eea_hyundai_2024_final.json,explicit,,central
EU27,hyundai,LT,2024,2024-01..2024-12,IONIQ5,BEV,46,registrations,0.0,174.913,WLTP,eea_co2_monitoring_2024 (eea_hyundai_2024_final.json),eea_hyundai_2024_final.json,explicit,,central
EU27,hyundai,LT,2024,2024-01..2024-12,IONIQ5 N,BEV,1,registrations,0.0,212.0,WLTP,eea_co2_monitoring_2024 (eea_hyundai_2024_final.json),eea_hyundai_2024_final.json,explicit,,central
EU27,hyundai,LT,2024,2024-01..2024-12,IONIQ6,BEV,13,registrations,0.0,157.5385,WLTP,eea_co2_monitoring_2024 (eea_hyundai_2024_final.json),eea_hyundai_2024_final.json,explicit,,central
EU27,hyundai,LT,2024,2024-01..2024-12,KONA KAUAI,BEV,19,registrations,0.0,151.3158,WLTP,eea_co2_monitoring_2024 (eea_hyundai_2024_final.json),eea_hyundai_2024_final.json,explicit,,central
EU27,hyundai,LT,2024,2024-01..2024-12,KONA KAUAI,HEV,30,registrations,105.5667,,WLTP,eea_co2_monitoring_2024 (eea_hyundai_2024_final.json),eea_hyundai_2024_final.json,explicit,,central
EU27,hyundai,LT,2024,2024-01..2024-12,SANTA FE,HEV,11,registrations,165.3636,,WLTP,eea_co2_monitoring_2024 (eea_hyundai_2024_final.json),eea_hyundai_2024_final.json,explicit,,central
EU27,hyundai,LT,2024,2024-01..2024-12,TUCSON IX35,HEV,338,registrations,143.0533,,WLTP,eea_co2_monitoring_2024 (eea_hyundai_2024_final.json),eea_hyundai_2024_final.json,explicit,,central
EU27,hyundai,LT,2024,2024-01..2024-12,TUCSON IX35,ICE,6,registrations,152.3333,,WLTP,eea_co2_monitoring_2024 (eea_hyundai_2024_final.json),eea_hyundai_2024_final.json,explicit,,central
EU27,hyundai,LU,2024,2024-01..2024-12,BAYON,HEV,11,registrations,120.0,,WLTP,eea_co2_monitoring_2024 (eea_hyundai_2024_final.json),eea_hyundai_2024_final.json,explicit,,central
EU27,hyundai,LU,2024,2024-01..2024-12,BAYON,ICE,23,registrations,124.1739,,WLTP,eea_co2_monitoring_2024 (eea_hyundai_2024_final.json),eea_hyundai_2024_final.json,explicit,,central
EU27,hyundai,LU,2024,2024-01..2024-12,G80 GENESIS G80,ICE,1,registrations,210.0,,WLTP,eea_co2_monitoring_2024 (eea_hyundai_2024_final.json),eea_hyundai_2024_final.json,explicit,,central
EU27,hyundai,LU,2024,2024-01..2024-12,G90 GENESIS G90,HEV,1,registrations,246.0,,WLTP,eea_co2_monitoring_2024 (eea_hyundai_2024_final.json),eea_hyundai_2024_final.json,explicit,,central
EU27,hyundai,LU,2024,2024-01..2024-12,GV60 GENESIS GV60,BEV,1,registrations,0.0,191.0,WLTP,eea_co2_monitoring_2024 (eea_hyundai_2024_final.json),eea_hyundai_2024_final.json,explicit,,central
EU27,hyundai,LU,2024,2024-01..2024-12,I 30,HEV,42,registrations,133.0,,WLTP,eea_co2_monitoring_2024 (eea_hyundai_2024_final.json),eea_hyundai_2024_final.json,explicit,,central
EU27,hyundai,LU,2024,2024-01..2024-12,I 30,ICE,8,registrations,129.0,,WLTP,eea_co2_monitoring_2024 (eea_hyundai_2024_final.json),eea_hyundai_2024_final.json,explicit,,central
EU27,hyundai,LU,2024,2024-01..2024-12,I 30 N,ICE,51,registrations,191.0,,WLTP,eea_co2_monitoring_2024 (eea_hyundai_2024_final.json),eea_hyundai_2024_final.json,explicit,,central
EU27,hyundai,LU,2024,2024-01..2024-12,I10,ICE,71,registrations,119.3803,,WLTP,eea_co2_monitoring_2024 (eea_hyundai_2024_final.json),eea_hyundai_2024_final.json,explicit,,central
EU27,hyundai,LU,2024,2024-01..2024-12,I20,ICE,103,registrations,122.4563,,WLTP,eea_co2_monitoring_2024 (eea_hyundai_2024_final.json),eea_hyundai_2024_final.json,explicit,,central
EU27,hyundai,LU,2024,2024-01..2024-12,I20 N,ICE,8,registrations,158.0,,WLTP,eea_co2_monitoring_2024 (eea_hyundai_2024_final.json),eea_hyundai_2024_final.json,explicit,,central
EU27,hyundai,LU,2024,2024-01..2024-12,IONIQ5,BEV,168,registrations,0.0,172.0119,WLTP,eea_co2_monitoring_2024 (eea_hyundai_2024_final.json),eea_hyundai_2024_final.json,explicit,,central
EU27,hyundai,LU,2024,2024-01..2024-12,IONIQ5 N,BEV,18,registrations,0.0,212.0,WLTP,eea_co2_monitoring_2024 (eea_hyundai_2024_final.json),eea_hyundai_2024_final.json,explicit,,central
EU27,hyundai,LU,2024,2024-01..2024-12,IONIQ6,BEV,76,registrations,0.0,151.2368,WLTP,eea_co2_monitoring_2024 (eea_hyundai_2024_final.json),eea_hyundai_2024_final.json,explicit,,central
EU27,hyundai,LU,2024,2024-01..2024-12,KONA KAUAI,BEV,231,registrations,0.0,155.1732,WLTP,eea_co2_monitoring_2024 (eea_hyundai_2024_final.json),eea_hyundai_2024_final.json,explicit,,central
EU27,hyundai,LU,2024,2024-01..2024-12,KONA KAUAI,HEV,92,registrations,106.1196,,WLTP,eea_co2_monitoring_2024 (eea_hyundai_2024_final.json),eea_hyundai_2024_final.json,explicit,,central
EU27,hyundai,LU,2024,2024-01..2024-12,KONA KAUAI,ICE,97,registrations,136.8969,,WLTP,eea_co2_monitoring_2024 (eea_hyundai_2024_final.json),eea_hyundai_2024_final.json,explicit,,central
EU27,hyundai,LU,2024,2024-01..2024-12,KONA N KAUAI N,ICE,6,registrations,194.0,,WLTP,eea_co2_monitoring_2024 (eea_hyundai_2024_final.json),eea_hyundai_2024_final.json,explicit,,central
EU27,hyundai,LU,2024,2024-01..2024-12,SANTA FE,HEV,3,registrations,157.0,,WLTP,eea_co2_monitoring_2024 (eea_hyundai_2024_final.json),eea_hyundai_2024_final.json,explicit,,central
EU27,hyundai,LU,2024,2024-01..2024-12,STARIA,ICE,4,registrations,224.5,,WLTP,eea_co2_monitoring_2024 (eea_hyundai_2024_final.json),eea_hyundai_2024_final.json,explicit,,central
EU27,hyundai,LU,2024,2024-01..2024-12,STARIA PREMIUM,ICE,7,registrations,222.0,,WLTP,eea_co2_monitoring_2024 (eea_hyundai_2024_final.json),eea_hyundai_2024_final.json,explicit,,central
EU27,hyundai,LU,2024,2024-01..2024-12,TUCSON IX35,HEV,246,registrations,138.3577,,WLTP,eea_co2_monitoring_2024 (eea_hyundai_2024_final.json),eea_hyundai_2024_final.json,explicit,,central
EU27,hyundai,LV,2024,2024-01..2024-12,BAYON,HEV,55,registrations,120.0182,,WLTP,eea_co2_monitoring_2024 (eea_hyundai_2024_final.json),eea_hyundai_2024_final.json,explicit,,central
EU27,hyundai,LV,2024,2024-01..2024-12,BAYON,ICE,11,registrations,124.0909,,WLTP,eea_co2_monitoring_2024 (eea_hyundai_2024_final.json),eea_hyundai_2024_final.json,explicit,,central
EU27,hyundai,LV,2024,2024-01..2024-12,I 30,HEV,27,registrations,124.2963,,WLTP,eea_co2_monitoring_2024 (eea_hyundai_2024_final.json),eea_hyundai_2024_final.json,explicit,,central
EU27,hyundai,LV,2024,2024-01..2024-12,I 30,ICE,118,registrations,132.6102,,WLTP,eea_co2_monitoring_2024 (eea_hyundai_2024_final.json),eea_hyundai_2024_final.json,explicit,,central
EU27,hyundai,LV,2024,2024-01..2024-12,I10,ICE,4,registrations,109.0,,WLTP,eea_co2_monitoring_2024 (eea_hyundai_2024_final.json),eea_hyundai_2024_final.json,explicit,,central
EU27,hyundai,LV,2024,2024-01..2024-12,I20,HEV,7,registrations,118.1429,,WLTP,eea_co2_monitoring_2024 (eea_hyundai_2024_final.json),eea_hyundai_2024_final.json,explicit,,central
EU27,hyundai,LV,2024,2024-01..2024-12,I20,ICE,75,registrations,120.72,,WLTP,eea_co2_monitoring_2024 (eea_hyundai_2024_final.json),eea_hyundai_2024_final.json,explicit,,central
EU27,hyundai,LV,2024,2024-01..2024-12,I20 N,ICE,2,registrations,158.0,,WLTP,eea_co2_monitoring_2024 (eea_hyundai_2024_final.json),eea_hyundai_2024_final.json,explicit,,central
EU27,hyundai,LV,2024,2024-01..2024-12,IONIQ5,BEV,53,registrations,0.0,178.8868,WLTP,eea_co2_monitoring_2024 (eea_hyundai_2024_final.json),eea_hyundai_2024_final.json,explicit,,central
EU27,hyundai,LV,2024,2024-01..2024-12,IONIQ5 N,BEV,2,registrations,0.0,212.0,WLTP,eea_co2_monitoring_2024 (eea_hyundai_2024_final.json),eea_hyundai_2024_final.json,explicit,,central
EU27,hyundai,LV,2024,2024-01..2024-12,IONIQ6,BEV,7,registrations,0.0,162.7143,WLTP,eea_co2_monitoring_2024 (eea_hyundai_2024_final.json),eea_hyundai_2024_final.json,explicit,,central
EU27,hyundai,LV,2024,2024-01..2024-12,KONA KAUAI,BEV,12,registrations,0.0,150.0833,WLTP,eea_co2_monitoring_2024 (eea_hyundai_2024_final.json),eea_hyundai_2024_final.json,explicit,,central
EU27,hyundai,LV,2024,2024-01..2024-12,KONA KAUAI,HEV,25,registrations,105.08,,WLTP,eea_co2_monitoring_2024 (eea_hyundai_2024_final.json),eea_hyundai_2024_final.json,explicit,,central
EU27,hyundai,LV,2024,2024-01..2024-12,KONA N KAUAI N,ICE,1,registrations,194.0,,WLTP,eea_co2_monitoring_2024 (eea_hyundai_2024_final.json),eea_hyundai_2024_final.json,explicit,,central
EU27,hyundai,LV,2024,2024-01..2024-12,SANTA FE,HEV,12,registrations,166.1667,,WLTP,eea_co2_monitoring_2024 (eea_hyundai_2024_final.json),eea_hyundai_2024_final.json,explicit,,central
EU27,hyundai,LV,2024,2024-01..2024-12,TUCSON IX35,HEV,225,registrations,141.64,,WLTP,eea_co2_monitoring_2024 (eea_hyundai_2024_final.json),eea_hyundai_2024_final.json,explicit,,central
EU27,hyundai,LV,2024,2024-01..2024-12,TUCSON IX35,ICE,11,registrations,151.9091,,WLTP,eea_co2_monitoring_2024 (eea_hyundai_2024_final.json),eea_hyundai_2024_final.json,explicit,,central
EU27,hyundai,MT,2024,2024-01..2024-12,BAYON,HEV,15,registrations,119.3333,,WLTP,eea_co2_monitoring_2024 (eea_hyundai_2024_final.json),eea_hyundai_2024_final.json,explicit,,central
EU27,hyundai,MT,2024,2024-01..2024-12,BAYON,ICE,18,registrations,125.4444,,WLTP,eea_co2_monitoring_2024 (eea_hyundai_2024_final.json),eea_hyundai_2024_final.json,explicit,,central
EU27,hyundai,MT,2024,2024-01..2024-12,I10,ICE,377,registrations,117.9072,,WLTP,eea_co2_monitoring_2024 (eea_hyundai_2024_final.json),eea_hyundai_2024_final.json,explicit,,central
EU27,hyundai,MT,2024,2024-01..2024-12,I20,HEV,9,registrations,116.0,,WLTP,eea_co2_monitoring_2024 (eea_hyundai_2024_final.json),eea_hyundai_2024_final.json,explicit,,central
EU27,hyundai,MT,2024,2024-01..2024-12,I20,ICE,198,registrations,119.9242,,WLTP,eea_co2_monitoring_2024 (eea_hyundai_2024_final.json),eea_hyundai_2024_final.json,explicit,,central
EU27,hyundai,MT,2024,2024-01..2024-12,IONIQ5,BEV,4,registrations,0.0,180.0,WLTP,eea_co2_monitoring_2024 (eea_hyundai_2024_final.json),eea_hyundai_2024_final.json,explicit,,central
EU27,hyundai,MT,2024,2024-01..2024-12,IONIQ5 N,BEV,1,registrations,0.0,212.0,WLTP,eea_co2_monitoring_2024 (eea_hyundai_2024_final.json),eea_hyundai_2024_final.json,explicit,,central
EU27,hyundai,MT,2024,2024-01..2024-12,IONIQ6,BEV,5,registrations,0.0,161.8,WLTP,eea_co2_monitoring_2024 (eea_hyundai_2024_final.json),eea_hyundai_2024_final.json,explicit,,central
EU27,hyundai,MT,2024,2024-01..2024-12,KONA KAUAI,BEV,68,registrations,0.0,152.7353,WLTP,eea_co2_monitoring_2024 (eea_hyundai_2024_final.json),eea_hyundai_2024_final.json,explicit,,central
EU27,hyundai,MT,2024,2024-01..2024-12,KONA KAUAI,HEV,14,registrations,106.0,,WLTP,eea_co2_monitoring_2024 (eea_hyundai_2024_final.json),eea_hyundai_2024_final.json,explicit,,central
EU27,hyundai,MT,2024,2024-01..2024-12,KONA KAUAI,ICE,21,registrations,133.8095,,WLTP,eea_co2_monitoring_2024 (eea_hyundai_2024_final.json),eea_hyundai_2024_final.json,explicit,,central
EU27,hyundai,MT,2024,2024-01..2024-12,TUCSON IX35,HEV,8,registrations,130.5,,WLTP,eea_co2_monitoring_2024 (eea_hyundai_2024_final.json),eea_hyundai_2024_final.json,explicit,,central
EU27,hyundai,NL,2024,2024-01..2024-12,BAYON,HEV,968,registrations,119.2665,,WLTP,eea_co2_monitoring_2024 (eea_hyundai_2024_final.json),eea_hyundai_2024_final.json,explicit,,central
EU27,hyundai,NL,2024,2024-01..2024-12,GV60 GENESIS GV60,BEV,1,registrations,0.0,188.0,WLTP,eea_co2_monitoring_2024 (eea_hyundai_2024_final.json),eea_hyundai_2024_final.json,explicit,,central
EU27,hyundai,NL,2024,2024-01..2024-12,I 30,HEV,354,registrations,122.5678,,WLTP,eea_co2_monitoring_2024 (eea_hyundai_2024_final.json),eea_hyundai_2024_final.json,explicit,,central
EU27,hyundai,NL,2024,2024-01..2024-12,I10,ICE,5977,registrations,110.5688,,WLTP,eea_co2_monitoring_2024 (eea_hyundai_2024_final.json),eea_hyundai_2024_final.json,explicit,,central
EU27,hyundai,NL,2024,2024-01..2024-12,I20,HEV,1407,registrations,115.602,,WLTP,eea_co2_monitoring_2024 (eea_hyundai_2024_final.json),eea_hyundai_2024_final.json,explicit,,central
EU27,hyundai,NL,2024,2024-01..2024-12,I20,ICE,159,registrations,119.1761,,WLTP,eea_co2_monitoring_2024 (eea_hyundai_2024_final.json),eea_hyundai_2024_final.json,explicit,,central
EU27,hyundai,NL,2024,2024-01..2024-12,INSTER,BEV,33,registrations,0.0,147.8485,WLTP,eea_co2_monitoring_2024 (eea_hyundai_2024_final.json),eea_hyundai_2024_final.json,explicit,,central
EU27,hyundai,NL,2024,2024-01..2024-12,IONIQ5,BEV,667,registrations,0.0,171.1424,WLTP,eea_co2_monitoring_2024 (eea_hyundai_2024_final.json),eea_hyundai_2024_final.json,explicit,,central
EU27,hyundai,NL,2024,2024-01..2024-12,IONIQ5 N,BEV,59,registrations,0.0,212.0,WLTP,eea_co2_monitoring_2024 (eea_hyundai_2024_final.json),eea_hyundai_2024_final.json,explicit,,central
EU27,hyundai,NL,2024,2024-01..2024-12,IONIQ6,BEV,587,registrations,0.0,148.3066,WLTP,eea_co2_monitoring_2024 (eea_hyundai_2024_final.json),eea_hyundai_2024_final.json,explicit,,central
EU27,hyundai,NL,2024,2024-01..2024-12,KONA KAUAI,BEV,3060,registrations,0.0,150.7696,WLTP,eea_co2_monitoring_2024 (eea_hyundai_2024_final.json),eea_hyundai_2024_final.json,explicit,,central
EU27,hyundai,NL,2024,2024-01..2024-12,KONA KAUAI,HEV,3898,registrations,106.186,,WLTP,eea_co2_monitoring_2024 (eea_hyundai_2024_final.json),eea_hyundai_2024_final.json,explicit,,central
EU27,hyundai,NL,2024,2024-01..2024-12,SANTA FE,HEV,67,registrations,154.0746,,WLTP,eea_co2_monitoring_2024 (eea_hyundai_2024_final.json),eea_hyundai_2024_final.json,explicit,,central
EU27,hyundai,NL,2024,2024-01..2024-12,TUCSON IX35,HEV,1231,registrations,130.8416,,WLTP,eea_co2_monitoring_2024 (eea_hyundai_2024_final.json),eea_hyundai_2024_final.json,explicit,,central
EU27,hyundai,PL,2024,2024-01..2024-12,BAYON,ICE,1421,registrations,125.1063,,WLTP,eea_co2_monitoring_2024 (eea_hyundai_2024_final.json),eea_hyundai_2024_final.json,explicit,,central
EU27,hyundai,PL,2024,2024-01..2024-12,ELANTRA,ICE,1077,registrations,142.2544,,WLTP,eea_co2_monitoring_2024 (eea_hyundai_2024_final.json),eea_hyundai_2024_final.json,explicit,,central
EU27,hyundai,PL,2024,2024-01..2024-12,G80 GENESIS G80,ICE,2,registrations,210.0,,WLTP,eea_co2_monitoring_2024 (eea_hyundai_2024_final.json),eea_hyundai_2024_final.json,explicit,,central
EU27,hyundai,PL,2024,2024-01..2024-12,GV80 GENESIS GV80,ICE,1,registrations,246.0,,WLTP,eea_co2_monitoring_2024 (eea_hyundai_2024_final.json),eea_hyundai_2024_final.json,explicit,,central
EU27,hyundai,PL,2024,2024-01..2024-12,I 30,HEV,3221,registrations,129.4455,,WLTP,eea_co2_monitoring_2024 (eea_hyundai_2024_final.json),eea_hyundai_2024_final.json,explicit,,central
EU27,hyundai,PL,2024,2024-01..2024-12,I 30,ICE,2019,registrations,127.9619,,WLTP,eea_co2_monitoring_2024 (eea_hyundai_2024_final.json),eea_hyundai_2024_final.json,explicit,,central
EU27,hyundai,PL,2024,2024-01..2024-12,I 30 N,ICE,4,registrations,176.0,,WLTP,eea_co2_monitoring_2024 (eea_hyundai_2024_final.json),eea_hyundai_2024_final.json,explicit,,central
EU27,hyundai,PL,2024,2024-01..2024-12,I10,ICE,868,registrations,119.3537,,WLTP,eea_co2_monitoring_2024 (eea_hyundai_2024_final.json),eea_hyundai_2024_final.json,explicit,,central
EU27,hyundai,PL,2024,2024-01..2024-12,I20,ICE,4275,registrations,121.2388,,WLTP,eea_co2_monitoring_2024 (eea_hyundai_2024_final.json),eea_hyundai_2024_final.json,explicit,,central
EU27,hyundai,PL,2024,2024-01..2024-12,I20 N,ICE,51,registrations,158.0,,WLTP,eea_co2_monitoring_2024 (eea_hyundai_2024_final.json),eea_hyundai_2024_final.json,explicit,,central
EU27,hyundai,PL,2024,2024-01..2024-12,IONIQ5,BEV,165,registrations,0.0,181.9758,WLTP,eea_co2_monitoring_2024 (eea_hyundai_2024_final.json),eea_hyundai_2024_final.json,explicit,,central
EU27,hyundai,PL,2024,2024-01..2024-12,IONIQ5 N,BEV,7,registrations,0.0,212.0,WLTP,eea_co2_monitoring_2024 (eea_hyundai_2024_final.json),eea_hyundai_2024_final.json,explicit,,central
EU27,hyundai,PL,2024,2024-01..2024-12,KONA KAUAI,BEV,290,registrations,0.0,149.3103,WLTP,eea_co2_monitoring_2024 (eea_hyundai_2024_final.json),eea_hyundai_2024_final.json,explicit,,central
EU27,hyundai,PL,2024,2024-01..2024-12,KONA KAUAI,HEV,1562,registrations,105.6434,,WLTP,eea_co2_monitoring_2024 (eea_hyundai_2024_final.json),eea_hyundai_2024_final.json,explicit,,central
EU27,hyundai,PL,2024,2024-01..2024-12,KONA KAUAI,ICE,2057,registrations,139.9723,,WLTP,eea_co2_monitoring_2024 (eea_hyundai_2024_final.json),eea_hyundai_2024_final.json,explicit,,central
EU27,hyundai,PL,2024,2024-01..2024-12,SANTA FE,HEV,594,registrations,166.0202,,WLTP,eea_co2_monitoring_2024 (eea_hyundai_2024_final.json),eea_hyundai_2024_final.json,explicit,,central
EU27,hyundai,PL,2024,2024-01..2024-12,STARIA,HEV,41,registrations,172.0,,WLTP,eea_co2_monitoring_2024 (eea_hyundai_2024_final.json),eea_hyundai_2024_final.json,explicit,,central
EU27,hyundai,PL,2024,2024-01..2024-12,STARIA PREMIUM,HEV,17,registrations,172.0,,WLTP,eea_co2_monitoring_2024 (eea_hyundai_2024_final.json),eea_hyundai_2024_final.json,explicit,,central
EU27,hyundai,PL,2024,2024-01..2024-12,TUCSON IX35,HEV,9747,registrations,141.0316,,WLTP,eea_co2_monitoring_2024 (eea_hyundai_2024_final.json),eea_hyundai_2024_final.json,explicit,,central
EU27,hyundai,PL,2024,2024-01..2024-12,TUCSON IX35,ICE,3360,registrations,155.0946,,WLTP,eea_co2_monitoring_2024 (eea_hyundai_2024_final.json),eea_hyundai_2024_final.json,explicit,,central
EU27,hyundai,PT,2024,2024-01..2024-12,BAYON,ICE,1090,registrations,125.3349,,WLTP,eea_co2_monitoring_2024 (eea_hyundai_2024_final.json),eea_hyundai_2024_final.json,explicit,,central
EU27,hyundai,PT,2024,2024-01..2024-12,I 30,ICE,432,registrations,126.7639,,WLTP,eea_co2_monitoring_2024 (eea_hyundai_2024_final.json),eea_hyundai_2024_final.json,explicit,,central
EU27,hyundai,PT,2024,2024-01..2024-12,I 30 N,ICE,31,registrations,186.9355,,WLTP,eea_co2_monitoring_2024 (eea_hyundai_2024_final.json),eea_hyundai_2024_final.json,explicit,,central
EU27,hyundai,PT,2024,2024-01..2024-12,I10,ICE,447,registrations,118.5727,,WLTP,eea_co2_monitoring_2024 (eea_hyundai_2024_final.json),eea_hyundai_2024_final.json,explicit,,central
EU27,hyundai,PT,2024,2024-01..2024-12,I20,ICE,1982,registrations,122.3804,,WLTP,eea_co2_monitoring_2024 (eea_hyundai_2024_final.json),eea_hyundai_2024_final.json,explicit,,central
EU27,hyundai,PT,2024,2024-01..2024-12,I20 N,ICE,73,registrations,158.0,,WLTP,eea_co2_monitoring_2024 (eea_hyundai_2024_final.json),eea_hyundai_2024_final.json,explicit,,central
EU27,hyundai,PT,2024,2024-01..2024-12,IONIQ5,BEV,369,registrations,0.0,172.9593,WLTP,eea_co2_monitoring_2024 (eea_hyundai_2024_final.json),eea_hyundai_2024_final.json,explicit,,central
EU27,hyundai,PT,2024,2024-01..2024-12,IONIQ6,BEV,128,registrations,0.0,153.2266,WLTP,eea_co2_monitoring_2024 (eea_hyundai_2024_final.json),eea_hyundai_2024_final.json,explicit,,central
EU27,hyundai,PT,2024,2024-01..2024-12,KONA KAUAI,BEV,377,registrations,0.0,146.6605,WLTP,eea_co2_monitoring_2024 (eea_hyundai_2024_final.json),eea_hyundai_2024_final.json,explicit,,central
EU27,hyundai,PT,2024,2024-01..2024-12,KONA KAUAI,HEV,181,registrations,106.1436,,WLTP,eea_co2_monitoring_2024 (eea_hyundai_2024_final.json),eea_hyundai_2024_final.json,explicit,,central
EU27,hyundai,PT,2024,2024-01..2024-12,KONA KAUAI,ICE,715,registrations,133.621,,WLTP,eea_co2_monitoring_2024 (eea_hyundai_2024_final.json),eea_hyundai_2024_final.json,explicit,,central
EU27,hyundai,PT,2024,2024-01..2024-12,SANTA FE,HEV,45,registrations,156.5111,,WLTP,eea_co2_monitoring_2024 (eea_hyundai_2024_final.json),eea_hyundai_2024_final.json,explicit,,central
EU27,hyundai,PT,2024,2024-01..2024-12,SANTA FE,ICE,38,registrations,167.0,,WLTP,eea_co2_monitoring_2024 (eea_hyundai_2024_final.json),eea_hyundai_2024_final.json,explicit,,central
EU27,hyundai,PT,2024,2024-01..2024-12,TUCSON IX35,HEV,449,registrations,131.1314,,WLTP,eea_co2_monitoring_2024 (eea_hyundai_2024_final.json),eea_hyundai_2024_final.json,explicit,,central
EU27,hyundai,PT,2024,2024-01..2024-12,TUCSON IX35,ICE,574,registrations,149.1394,,WLTP,eea_co2_monitoring_2024 (eea_hyundai_2024_final.json),eea_hyundai_2024_final.json,explicit,,central
EU27,hyundai,RO,2024,2024-01..2024-12,BAYON,HEV,209,registrations,120.0,,WLTP,eea_co2_monitoring_2024 (eea_hyundai_2024_final.json),eea_hyundai_2024_final.json,explicit,,central
EU27,hyundai,RO,2024,2024-01..2024-12,BAYON,ICE,421,registrations,126.5273,,WLTP,eea_co2_monitoring_2024 (eea_hyundai_2024_final.json),eea_hyundai_2024_final.json,explicit,,central
EU27,hyundai,RO,2024,2024-01..2024-12,ELANTRA,ICE,850,registrations,139.7624,,WLTP,eea_co2_monitoring_2024 (eea_hyundai_2024_final.json),eea_hyundai_2024_final.json,explicit,,central
EU27,hyundai,RO,2024,2024-01..2024-12,G80 GENESIS G80,BEV,1,registrations,0.0,191.0,WLTP,eea_co2_monitoring_2024 (eea_hyundai_2024_final.json),eea_hyundai_2024_final.json,explicit,,central
EU27,hyundai,RO,2024,2024-01..2024-12,GV60 GENESIS GV60,BEV,8,registrations,0.0,181.25,WLTP,eea_co2_monitoring_2024 (eea_hyundai_2024_final.json),eea_hyundai_2024_final.json,explicit,,central
EU27,hyundai,RO,2024,2024-01..2024-12,GV70 GENESIS GV70,BEV,1,registrations,0.0,190.0,WLTP,eea_co2_monitoring_2024 (eea_hyundai_2024_final.json),eea_hyundai_2024_final.json,explicit,,central
EU27,hyundai,RO,2024,2024-01..2024-12,GV70 GENESIS GV70,ICE,2,registrations,223.5,,WLTP,eea_co2_monitoring_2024 (eea_hyundai_2024_final.json),eea_hyundai_2024_final.json,explicit,,central
EU27,hyundai,RO,2024,2024-01..2024-12,GV80 GENESIS GV80,ICE,1,registrations,247.0,,WLTP,eea_co2_monitoring_2024 (eea_hyundai_2024_final.json),eea_hyundai_2024_final.json,explicit,,central
EU27,hyundai,RO,2024,2024-01..2024-12,I 30,HEV,531,registrations,127.7175,,WLTP,eea_co2_monitoring_2024 (eea_hyundai_2024_final.json),eea_hyundai_2024_final.json,explicit,,central
EU27,hyundai,RO,2024,2024-01..2024-12,I 30,ICE,1134,registrations,138.1861,,WLTP,eea_co2_monitoring_2024 (eea_hyundai_2024_final.json),eea_hyundai_2024_final.json,explicit,,central
EU27,hyundai,RO,2024,2024-01..2024-12,I 30 N,ICE,9,registrations,191.0,,WLTP,eea_co2_monitoring_2024 (eea_hyundai_2024_final.json),eea_hyundai_2024_final.json,explicit,,central
EU27,hyundai,RO,2024,2024-01..2024-12,I10,ICE,542,registrations,120.2528,,WLTP,eea_co2_monitoring_2024 (eea_hyundai_2024_final.json),eea_hyundai_2024_final.json,explicit,,central
EU27,hyundai,RO,2024,2024-01..2024-12,I20,HEV,238,registrations,117.4076,,WLTP,eea_co2_monitoring_2024 (eea_hyundai_2024_final.json),eea_hyundai_2024_final.json,explicit,,central
EU27,hyundai,RO,2024,2024-01..2024-12,I20,ICE,1072,registrations,120.1194,,WLTP,eea_co2_monitoring_2024 (eea_hyundai_2024_final.json),eea_hyundai_2024_final.json,explicit,,central
EU27,hyundai,RO,2024,2024-01..2024-12,IONIQ5,BEV,161,registrations,0.0,171.8199,WLTP,eea_co2_monitoring_2024 (eea_hyundai_2024_final.json),eea_hyundai_2024_final.json,explicit,,central
EU27,hyundai,RO,2024,2024-01..2024-12,IONIQ6,BEV,71,registrations,0.0,155.169,WLTP,eea_co2_monitoring_2024 (eea_hyundai_2024_final.json),eea_hyundai_2024_final.json,explicit,,central
EU27,hyundai,RO,2024,2024-01..2024-12,KONA KAUAI,BEV,366,registrations,0.0,147.7459,WLTP,eea_co2_monitoring_2024 (eea_hyundai_2024_final.json),eea_hyundai_2024_final.json,explicit,,central
EU27,hyundai,RO,2024,2024-01..2024-12,KONA KAUAI,HEV,451,registrations,106.3104,,WLTP,eea_co2_monitoring_2024 (eea_hyundai_2024_final.json),eea_hyundai_2024_final.json,explicit,,central
EU27,hyundai,RO,2024,2024-01..2024-12,KONA KAUAI,ICE,314,registrations,136.3917,,WLTP,eea_co2_monitoring_2024 (eea_hyundai_2024_final.json),eea_hyundai_2024_final.json,explicit,,central
EU27,hyundai,RO,2024,2024-01..2024-12,SANTA FE,HEV,41,registrations,164.2683,,WLTP,eea_co2_monitoring_2024 (eea_hyundai_2024_final.json),eea_hyundai_2024_final.json,explicit,,central
EU27,hyundai,RO,2024,2024-01..2024-12,SANTA FE,ICE,2,registrations,177.0,,WLTP,eea_co2_monitoring_2024 (eea_hyundai_2024_final.json),eea_hyundai_2024_final.json,explicit,,central
EU27,hyundai,RO,2024,2024-01..2024-12,TUCSON IX35,HEV,2708,registrations,145.6115,,WLTP,eea_co2_monitoring_2024 (eea_hyundai_2024_final.json),eea_hyundai_2024_final.json,explicit,,central
EU27,hyundai,RO,2024,2024-01..2024-12,TUCSON IX35,ICE,553,registrations,152.873,,WLTP,eea_co2_monitoring_2024 (eea_hyundai_2024_final.json),eea_hyundai_2024_final.json,explicit,,central
EU27,hyundai,SE,2024,2024-01..2024-12,BAYON,HEV,104,registrations,119.9135,,WLTP,eea_co2_monitoring_2024 (eea_hyundai_2024_final.json),eea_hyundai_2024_final.json,explicit,,central
EU27,hyundai,SE,2024,2024-01..2024-12,BAYON,ICE,95,registrations,127.7895,,WLTP,eea_co2_monitoring_2024 (eea_hyundai_2024_final.json),eea_hyundai_2024_final.json,explicit,,central
EU27,hyundai,SE,2024,2024-01..2024-12,I 30,HEV,52,registrations,131.6538,,WLTP,eea_co2_monitoring_2024 (eea_hyundai_2024_final.json),eea_hyundai_2024_final.json,explicit,,central
EU27,hyundai,SE,2024,2024-01..2024-12,I10,ICE,359,registrations,117.9304,,WLTP,eea_co2_monitoring_2024 (eea_hyundai_2024_final.json),eea_hyundai_2024_final.json,explicit,,central
EU27,hyundai,SE,2024,2024-01..2024-12,I20,HEV,144,registrations,119.5556,,WLTP,eea_co2_monitoring_2024 (eea_hyundai_2024_final.json),eea_hyundai_2024_final.json,explicit,,central
EU27,hyundai,SE,2024,2024-01..2024-12,I20,ICE,129,registrations,121.9225,,WLTP,eea_co2_monitoring_2024 (eea_hyundai_2024_final.json),eea_hyundai_2024_final.json,explicit,,central
EU27,hyundai,SE,2024,2024-01..2024-12,I20 N,ICE,15,registrations,158.0,,WLTP,eea_co2_monitoring_2024 (eea_hyundai_2024_final.json),eea_hyundai_2024_final.json,explicit,,central
EU27,hyundai,SE,2024,2024-01..2024-12,IONIQ5 N,BEV,50,registrations,0.0,212.0,WLTP,eea_co2_monitoring_2024 (eea_hyundai_2024_final.json),eea_hyundai_2024_final.json,explicit,,central
EU27,hyundai,SE,2024,2024-01..2024-12,IONIQ6,BEV,8,registrations,0.0,152.625,WLTP,eea_co2_monitoring_2024 (eea_hyundai_2024_final.json),eea_hyundai_2024_final.json,explicit,,central
EU27,hyundai,SE,2024,2024-01..2024-12,KONA KAUAI,BEV,208,registrations,0.0,151.0,WLTP,eea_co2_monitoring_2024 (eea_hyundai_2024_final.json),eea_hyundai_2024_final.json,explicit,,central
EU27,hyundai,SE,2024,2024-01..2024-12,KONA KAUAI,HEV,201,registrations,106.0249,,WLTP,eea_co2_monitoring_2024 (eea_hyundai_2024_final.json),eea_hyundai_2024_final.json,explicit,,central
EU27,hyundai,SE,2024,2024-01..2024-12,KONA KAUAI,ICE,22,registrations,135.5455,,WLTP,eea_co2_monitoring_2024 (eea_hyundai_2024_final.json),eea_hyundai_2024_final.json,explicit,,central
EU27,hyundai,SE,2024,2024-01..2024-12,TUCSON IX35,HEV,187,registrations,139.1604,,WLTP,eea_co2_monitoring_2024 (eea_hyundai_2024_final.json),eea_hyundai_2024_final.json,explicit,,central
EU27,hyundai,SI,2024,2024-01..2024-12,BAYON,HEV,18,registrations,121.0,,WLTP,eea_co2_monitoring_2024 (eea_hyundai_2024_final.json),eea_hyundai_2024_final.json,explicit,,central
EU27,hyundai,SI,2024,2024-01..2024-12,BAYON,ICE,383,registrations,124.9112,,WLTP,eea_co2_monitoring_2024 (eea_hyundai_2024_final.json),eea_hyundai_2024_final.json,explicit,,central
EU27,hyundai,SI,2024,2024-01..2024-12,I 30,HEV,130,registrations,133.8923,,WLTP,eea_co2_monitoring_2024 (eea_hyundai_2024_final.json),eea_hyundai_2024_final.json,explicit,,central
EU27,hyundai,SI,2024,2024-01..2024-12,I 30,ICE,131,registrations,137.4885,,WLTP,eea_co2_monitoring_2024 (eea_hyundai_2024_final.json),eea_hyundai_2024_final.json,explicit,,central
EU27,hyundai,SI,2024,2024-01..2024-12,I 30 N,ICE,11,registrations,191.0,,WLTP,eea_co2_monitoring_2024 (eea_hyundai_2024_final.json),eea_hyundai_2024_final.json,explicit,,central
EU27,hyundai,SI,2024,2024-01..2024-12,I10,ICE,208,registrations,117.6635,,WLTP,eea_co2_monitoring_2024 (eea_hyundai_2024_final.json),eea_hyundai_2024_final.json,explicit,,central
EU27,hyundai,SI,2024,2024-01..2024-12,I20,HEV,20,registrations,121.0,,WLTP,eea_co2_monitoring_2024 (eea_hyundai_2024_final.json),eea_hyundai_2024_final.json,explicit,,central
EU27,hyundai,SI,2024,2024-01..2024-12,I20,ICE,344,registrations,120.8488,,WLTP,eea_co2_monitoring_2024 (eea_hyundai_2024_final.json),eea_hyundai_2024_final.json,explicit,,central
EU27,hyundai,SI,2024,2024-01..2024-12,I20 N,ICE,31,registrations,158.0,,WLTP,eea_co2_monitoring_2024 (eea_hyundai_2024_final.json),eea_hyundai_2024_final.json,explicit,,central
EU27,hyundai,SI,2024,2024-01..2024-12,IONIQ5,BEV,58,registrations,0.0,174.6034,WLTP,eea_co2_monitoring_2024 (eea_hyundai_2024_final.json),eea_hyundai_2024_final.json,explicit,,central
EU27,hyundai,SI,2024,2024-01..2024-12,IONIQ5 N,BEV,3,registrations,0.0,212.0,WLTP,eea_co2_monitoring_2024 (eea_hyundai_2024_final.json),eea_hyundai_2024_final.json,explicit,,central
EU27,hyundai,SI,2024,2024-01..2024-12,IONIQ6,BEV,30,registrations,0.0,157.6,WLTP,eea_co2_monitoring_2024 (eea_hyundai_2024_final.json),eea_hyundai_2024_final.json,explicit,,central
EU27,hyundai,SI,2024,2024-01..2024-12,KONA KAUAI,BEV,123,registrations,0.0,153.5041,WLTP,eea_co2_monitoring_2024 (eea_hyundai_2024_final.json),eea_hyundai_2024_final.json,explicit,,central
EU27,hyundai,SI,2024,2024-01..2024-12,KONA KAUAI,HEV,64,registrations,105.5781,,WLTP,eea_co2_monitoring_2024 (eea_hyundai_2024_final.json),eea_hyundai_2024_final.json,explicit,,central
EU27,hyundai,SI,2024,2024-01..2024-12,KONA KAUAI,ICE,176,registrations,136.0,,WLTP,eea_co2_monitoring_2024 (eea_hyundai_2024_final.json),eea_hyundai_2024_final.json,explicit,,central
EU27,hyundai,SI,2024,2024-01..2024-12,SANTA FE,HEV,16,registrations,165.875,,WLTP,eea_co2_monitoring_2024 (eea_hyundai_2024_final.json),eea_hyundai_2024_final.json,explicit,,central
EU27,hyundai,SI,2024,2024-01..2024-12,SANTA FE / 1.6 / T-GDI HEV AUT. 4WD,HEV,2,registrations,177.0,,WLTP,eea_co2_monitoring_2024 (eea_hyundai_2024_final.json),eea_hyundai_2024_final.json,explicit,,central
EU27,hyundai,SI,2024,2024-01..2024-12,STARIA / 2.2. / CRDI AUT. 4WD,ICE,2,registrations,232.0,,WLTP,eea_co2_monitoring_2024 (eea_hyundai_2024_final.json),eea_hyundai_2024_final.json,explicit,,central
EU27,hyundai,SI,2024,2024-01..2024-12,TUCSON / 1.6 / CRDI HP DCT 4WD 48V N LINE,HEV,1,registrations,171.0,,WLTP,eea_co2_monitoring_2024 (eea_hyundai_2024_final.json),eea_hyundai_2024_final.json,explicit,,central
EU27,hyundai,SI,2024,2024-01..2024-12,TUCSON / 1.6 / T-GDI DCT 48V,HEV,1,registrations,172.0,,WLTP,eea_co2_monitoring_2024 (eea_hyundai_2024_final.json),eea_hyundai_2024_final.json,explicit,,central
EU27,hyundai,SI,2024,2024-01..2024-12,TUCSON IX35,HEV,609,registrations,142.8867,,WLTP,eea_co2_monitoring_2024 (eea_hyundai_2024_final.json),eea_hyundai_2024_final.json,explicit,,central
EU27,hyundai,SI,2024,2024-01..2024-12,TUCSON IX35,ICE,296,registrations,153.6318,,WLTP,eea_co2_monitoring_2024 (eea_hyundai_2024_final.json),eea_hyundai_2024_final.json,explicit,,central
EU27,hyundai,SK,2024,2024-01..2024-12,BAYON,ICE,478,registrations,125.5628,,WLTP,eea_co2_monitoring_2024 (eea_hyundai_2024_final.json),eea_hyundai_2024_final.json,explicit,,central
EU27,hyundai,SK,2024,2024-01..2024-12,I 30,HEV,1859,registrations,128.1721,,WLTP,eea_co2_monitoring_2024 (eea_hyundai_2024_final.json),eea_hyundai_2024_final.json,explicit,,central
EU27,hyundai,SK,2024,2024-01..2024-12,I 30,ICE,1537,registrations,136.1829,,WLTP,eea_co2_monitoring_2024 (eea_hyundai_2024_final.json),eea_hyundai_2024_final.json,explicit,,central
EU27,hyundai,SK,2024,2024-01..2024-12,I 30 N,ICE,63,registrations,188.7143,,WLTP,eea_co2_monitoring_2024 (eea_hyundai_2024_final.json),eea_hyundai_2024_final.json,explicit,,central
EU27,hyundai,SK,2024,2024-01..2024-12,I10,ICE,269,registrations,119.7249,,WLTP,eea_co2_monitoring_2024 (eea_hyundai_2024_final.json),eea_hyundai_2024_final.json,explicit,,central
EU27,hyundai,SK,2024,2024-01..2024-12,I20,ICE,1394,registrations,121.8056,,WLTP,eea_co2_monitoring_2024 (eea_hyundai_2024_final.json),eea_hyundai_2024_final.json,explicit,,central
EU27,hyundai,SK,2024,2024-01..2024-12,IONIQ5,BEV,47,registrations,0.0,182.8936,WLTP,eea_co2_monitoring_2024 (eea_hyundai_2024_final.json),eea_hyundai_2024_final.json,explicit,,central
EU27,hyundai,SK,2024,2024-01..2024-12,IONIQ5 N,BEV,6,registrations,0.0,212.0,WLTP,eea_co2_monitoring_2024 (eea_hyundai_2024_final.json),eea_hyundai_2024_final.json,explicit,,central
EU27,hyundai,SK,2024,2024-01..2024-12,IONIQ6,BEV,32,registrations,0.0,157.9375,WLTP,eea_co2_monitoring_2024 (eea_hyundai_2024_final.json),eea_hyundai_2024_final.json,explicit,,central
EU27,hyundai,SK,2024,2024-01..2024-12,KONA KAUAI,BEV,35,registrations,0.0,154.0286,WLTP,eea_co2_monitoring_2024 (eea_hyundai_2024_final.json),eea_hyundai_2024_final.json,explicit,,central
EU27,hyundai,SK,2024,2024-01..2024-12,KONA KAUAI,HEV,104,registrations,106.1827,,WLTP,eea_co2_monitoring_2024 (eea_hyundai_2024_final.json),eea_hyundai_2024_final.json,explicit,,central
EU27,hyundai,SK,2024,2024-01..2024-12,KONA KAUAI,ICE,576,registrations,138.4774,,WLTP,eea_co2_monitoring_2024 (eea_hyundai_2024_final.json),eea_hyundai_2024_final.json,explicit,,central
EU27,hyundai,SK,2024,2024-01..2024-12,SANTA FE,HEV,105,registrations,165.7619,,WLTP,eea_co2_monitoring_2024 (eea_hyundai_2024_final.json),eea_hyundai_2024_final.json,explicit,,central
EU27,hyundai,SK,2024,2024-01..2024-12,SANTA FE,ICE,43,registrations,176.7442,,WLTP,eea_co2_monitoring_2024 (eea_hyundai_2024_final.json),eea_hyundai_2024_final.json,explicit,,central
EU27,hyundai,SK,2024,2024-01..2024-12,STARIA,HEV,3,registrations,172.0,,WLTP,eea_co2_monitoring_2024 (eea_hyundai_2024_final.json),eea_hyundai_2024_final.json,explicit,,central
EU27,hyundai,SK,2024,2024-01..2024-12,STARIA,ICE,38,registrations,232.0,,WLTP,eea_co2_monitoring_2024 (eea_hyundai_2024_final.json),eea_hyundai_2024_final.json,explicit,,central
EU27,hyundai,SK,2024,2024-01..2024-12,TUCSON IX35,HEV,1062,registrations,148.1478,,WLTP,eea_co2_monitoring_2024 (eea_hyundai_2024_final.json),eea_hyundai_2024_final.json,explicit,,central
EU27,hyundai,SK,2024,2024-01..2024-12,TUCSON IX35,ICE,448,registrations,155.3638,,WLTP,eea_co2_monitoring_2024 (eea_hyundai_2024_final.json),eea_hyundai_2024_final.json,explicit,,central
EU27,kia,AT,2024,2024-01..2024-12,CEED,HEV,431,registrations,124.1624,,WLTP,eea_co2_monitoring_2024 (eea_kia_2024_final.json),eea_kia_2024_final.json,explicit,,central
EU27,kia,AT,2024,2024-01..2024-12,CEED,ICE,1946,registrations,123.63,,WLTP,eea_co2_monitoring_2024 (eea_kia_2024_final.json),eea_kia_2024_final.json,explicit,,central
EU27,kia,AT,2024,2024-01..2024-12,EV3,BEV,85,registrations,0.0,152.1882,WLTP,eea_co2_monitoring_2024 (eea_kia_2024_final.json),eea_kia_2024_final.json,explicit,,central
EU27,kia,AT,2024,2024-01..2024-12,EV3 LONG RANGE,BEV,1,registrations,0.0,149.0,WLTP,eea_co2_monitoring_2024 (eea_kia_2024_final.json),eea_kia_2024_final.json,explicit,,central
EU27,kia,AT,2024,2024-01..2024-12,EV6,BEV,587,registrations,0.0,172.8654,WLTP,eea_co2_monitoring_2024 (eea_kia_2024_final.json),eea_kia_2024_final.json,explicit,,central
EU27,kia,AT,2024,2024-01..2024-12,EV9,BEV,157,registrations,0.0,224.0637,WLTP,eea_co2_monitoring_2024 (eea_kia_2024_final.json),eea_kia_2024_final.json,explicit,,central
EU27,kia,AT,2024,2024-01..2024-12,EV9 AWD,BEV,1,registrations,0.0,228.0,WLTP,eea_co2_monitoring_2024 (eea_kia_2024_final.json),eea_kia_2024_final.json,explicit,,central
EU27,kia,AT,2024,2024-01..2024-12,NIRO,BEV,421,registrations,0.0,162.0,WLTP,eea_co2_monitoring_2024 (eea_kia_2024_final.json),eea_kia_2024_final.json,explicit,,central
EU27,kia,AT,2024,2024-01..2024-12,NIRO,HEV,74,registrations,101.2703,,WLTP,eea_co2_monitoring_2024 (eea_kia_2024_final.json),eea_kia_2024_final.json,explicit,,central
EU27,kia,AT,2024,2024-01..2024-12,PICANTO,ICE,506,registrations,115.7589,,WLTP,eea_co2_monitoring_2024 (eea_kia_2024_final.json),eea_kia_2024_final.json,explicit,,central
EU27,kia,AT,2024,2024-01..2024-12,PROCEED,HEV,57,registrations,129.1053,,WLTP,eea_co2_monitoring_2024 (eea_kia_2024_final.json),eea_kia_2024_final.json,explicit,,central
EU27,kia,AT,2024,2024-01..2024-12,PROCEED,ICE,46,registrations,142.8261,,WLTP,eea_co2_monitoring_2024 (eea_kia_2024_final.json),eea_kia_2024_final.json,explicit,,central
EU27,kia,AT,2024,2024-01..2024-12,RIO,HEV,3,registrations,126.0,,WLTP,eea_co2_monitoring_2024 (eea_kia_2024_final.json),eea_kia_2024_final.json,explicit,,central
EU27,kia,AT,2024,2024-01..2024-12,RIO,ICE,75,registrations,121.24,,WLTP,eea_co2_monitoring_2024 (eea_kia_2024_final.json),eea_kia_2024_final.json,explicit,,central
EU27,kia,AT,2024,2024-01..2024-12,SORENTO,HEV,1,registrations,160.0,,WLTP,eea_co2_monitoring_2024 (eea_kia_2024_final.json),eea_kia_2024_final.json,explicit,,central
EU27,kia,AT,2024,2024-01..2024-12,SORENTO,ICE,73,registrations,172.7534,,WLTP,eea_co2_monitoring_2024 (eea_kia_2024_final.json),eea_kia_2024_final.json,explicit,,central
EU27,kia,AT,2024,2024-01..2024-12,SOUL,BEV,24,registrations,0.0,157.0,WLTP,eea_co2_monitoring_2024 (eea_kia_2024_final.json),eea_kia_2024_final.json,explicit,,central
EU27,kia,AT,2024,2024-01..2024-12,SPORTAGE,HEV,729,registrations,145.4774,,WLTP,eea_co2_monitoring_2024 (eea_kia_2024_final.json),eea_kia_2024_final.json,explicit,,central
EU27,kia,AT,2024,2024-01..2024-12,SPORTAGE,ICE,291,registrations,155.0241,,WLTP,eea_co2_monitoring_2024 (eea_kia_2024_final.json),eea_kia_2024_final.json,explicit,,central
EU27,kia,AT,2024,2024-01..2024-12,STONIC,HEV,31,registrations,127.129,,WLTP,eea_co2_monitoring_2024 (eea_kia_2024_final.json),eea_kia_2024_final.json,explicit,,central
EU27,kia,AT,2024,2024-01..2024-12,STONIC,ICE,929,registrations,126.2659,,WLTP,eea_co2_monitoring_2024 (eea_kia_2024_final.json),eea_kia_2024_final.json,explicit,,central
EU27,kia,AT,2024,2024-01..2024-12,XCEED,HEV,155,registrations,136.4581,,WLTP,eea_co2_monitoring_2024 (eea_kia_2024_final.json),eea_kia_2024_final.json,explicit,,central
EU27,kia,AT,2024,2024-01..2024-12,XCEED,ICE,280,registrations,137.1464,,WLTP,eea_co2_monitoring_2024 (eea_kia_2024_final.json),eea_kia_2024_final.json,explicit,,central
EU27,kia,BE,2024,2024-01..2024-12,CEED,HEV,672,registrations,124.3601,,WLTP,eea_co2_monitoring_2024 (eea_kia_2024_final.json),eea_kia_2024_final.json,explicit,,central
EU27,kia,BE,2024,2024-01..2024-12,CEED,ICE,1390,registrations,128.1532,,WLTP,eea_co2_monitoring_2024 (eea_kia_2024_final.json),eea_kia_2024_final.json,explicit,,central
EU27,kia,BE,2024,2024-01..2024-12,EV3,BEV,182,registrations,0.0,152.5714,WLTP,eea_co2_monitoring_2024 (eea_kia_2024_final.json),eea_kia_2024_final.json,explicit,,central
EU27,kia,BE,2024,2024-01..2024-12,EV6,BEV,1417,registrations,0.0,168.5229,WLTP,eea_co2_monitoring_2024 (eea_kia_2024_final.json),eea_kia_2024_final.json,explicit,,central
EU27,kia,BE,2024,2024-01..2024-12,EV9,BEV,886,registrations,0.0,220.0023,WLTP,eea_co2_monitoring_2024 (eea_kia_2024_final.json),eea_kia_2024_final.json,explicit,,central
EU27,kia,BE,2024,2024-01..2024-12,NIRO,BEV,619,registrations,0.0,162.0,WLTP,eea_co2_monitoring_2024 (eea_kia_2024_final.json),eea_kia_2024_final.json,explicit,,central
EU27,kia,BE,2024,2024-01..2024-12,NIRO,HEV,906,registrations,101.8974,,WLTP,eea_co2_monitoring_2024 (eea_kia_2024_final.json),eea_kia_2024_final.json,explicit,,central
EU27,kia,BE,2024,2024-01..2024-12,PICANTO,ICE,1684,registrations,119.2785,,WLTP,eea_co2_monitoring_2024 (eea_kia_2024_final.json),eea_kia_2024_final.json,explicit,,central
EU27,kia,BE,2024,2024-01..2024-12,PROCEED,ICE,406,registrations,136.5985,,WLTP,eea_co2_monitoring_2024 (eea_kia_2024_final.json),eea_kia_2024_final.json,explicit,,central
EU27,kia,BE,2024,2024-01..2024-12,RIO,ICE,31,registrations,124.5484,,WLTP,eea_co2_monitoring_2024 (eea_kia_2024_final.json),eea_kia_2024_final.json,explicit,,central
EU27,kia,BE,2024,2024-01..2024-12,SORENTO,HEV,88,registrations,161.1136,,WLTP,eea_co2_monitoring_2024 (eea_kia_2024_final.json),eea_kia_2024_final.json,explicit,,central
EU27,kia,BE,2024,2024-01..2024-12,SORENTO,ICE,39,registrations,171.641,,WLTP,eea_co2_monitoring_2024 (eea_kia_2024_final.json),eea_kia_2024_final.json,explicit,,central
EU27,kia,BE,2024,2024-01..2024-12,SOUL,BEV,4,registrations,0.0,157.0,WLTP,eea_co2_monitoring_2024 (eea_kia_2024_final.json),eea_kia_2024_final.json,explicit,,central
EU27,kia,BE,2024,2024-01..2024-12,SPORTAGE,HEV,2323,registrations,141.1201,,WLTP,eea_co2_monitoring_2024 (eea_kia_2024_final.json),eea_kia_2024_final.json,explicit,,central
EU27,kia,BE,2024,2024-01..2024-12,SPORTAGE,ICE,422,registrations,153.9621,,WLTP,eea_co2_monitoring_2024 (eea_kia_2024_final.json),eea_kia_2024_final.json,explicit,,central
EU27,kia,BE,2024,2024-01..2024-12,STINGER,ICE,1,registrations,247.0,,WLTP,eea_co2_monitoring_2024 (eea_kia_2024_final.json),eea_kia_2024_final.json,explicit,,central
EU27,kia,BE,2024,2024-01..2024-12,STONIC,HEV,44,registrations,129.0,,WLTP,eea_co2_monitoring_2024 (eea_kia_2024_final.json),eea_kia_2024_final.json,explicit,,central
EU27,kia,BE,2024,2024-01..2024-12,STONIC,ICE,2453,registrations,131.331,,WLTP,eea_co2_monitoring_2024 (eea_kia_2024_final.json),eea_kia_2024_final.json,explicit,,central
EU27,kia,BE,2024,2024-01..2024-12,XCEED,HEV,47,registrations,130.0213,,WLTP,eea_co2_monitoring_2024 (eea_kia_2024_final.json),eea_kia_2024_final.json,explicit,,central
EU27,kia,BE,2024,2024-01..2024-12,XCEED,ICE,676,registrations,140.2618,,WLTP,eea_co2_monitoring_2024 (eea_kia_2024_final.json),eea_kia_2024_final.json,explicit,,central
EU27,kia,BG,2024,2024-01..2024-12,CEED,HEV,15,registrations,122.6,,WLTP,eea_co2_monitoring_2024 (eea_kia_2024_final.json),eea_kia_2024_final.json,explicit,,central
EU27,kia,BG,2024,2024-01..2024-12,CEED,ICE,646,registrations,134.3591,,WLTP,eea_co2_monitoring_2024 (eea_kia_2024_final.json),eea_kia_2024_final.json,explicit,,central
EU27,kia,BG,2024,2024-01..2024-12,EV3,BEV,5,registrations,0.0,153.4,WLTP,eea_co2_monitoring_2024 (eea_kia_2024_final.json),eea_kia_2024_final.json,explicit,,central
EU27,kia,BG,2024,2024-01..2024-12,EV6,BEV,13,registrations,0.0,179.1538,WLTP,eea_co2_monitoring_2024 (eea_kia_2024_final.json),eea_kia_2024_final.json,explicit,,central
EU27,kia,BG,2024,2024-01..2024-12,EV9,BEV,17,registrations,0.0,227.0588,WLTP,eea_co2_monitoring_2024 (eea_kia_2024_final.json),eea_kia_2024_final.json,explicit,,central
EU27,kia,BG,2024,2024-01..2024-12,NIRO,BEV,46,registrations,0.0,162.0,WLTP,eea_co2_monitoring_2024 (eea_kia_2024_final.json),eea_kia_2024_final.json,explicit,,central
EU27,kia,BG,2024,2024-01..2024-12,NIRO,HEV,66,registrations,102.7727,,WLTP,eea_co2_monitoring_2024 (eea_kia_2024_final.json),eea_kia_2024_final.json,explicit,,central
EU27,kia,BG,2024,2024-01..2024-12,PICANTO,ICE,70,registrations,120.5,,WLTP,eea_co2_monitoring_2024 (eea_kia_2024_final.json),eea_kia_2024_final.json,explicit,,central
EU27,kia,BG,2024,2024-01..2024-12,PROCEED,ICE,109,registrations,142.9908,,WLTP,eea_co2_monitoring_2024 (eea_kia_2024_final.json),eea_kia_2024_final.json,explicit,,central
EU27,kia,BG,2024,2024-01..2024-12,RIO,ICE,26,registrations,128.5769,,WLTP,eea_co2_monitoring_2024 (eea_kia_2024_final.json),eea_kia_2024_final.json,explicit,,central
EU27,kia,BG,2024,2024-01..2024-12,SORENTO,HEV,25,registrations,164.8,,WLTP,eea_co2_monitoring_2024 (eea_kia_2024_final.json),eea_kia_2024_final.json,explicit,,central
EU27,kia,BG,2024,2024-01..2024-12,SORENTO,ICE,66,registrations,173.3182,,WLTP,eea_co2_monitoring_2024 (eea_kia_2024_final.json),eea_kia_2024_final.json,explicit,,central
EU27,kia,BG,2024,2024-01..2024-12,SPORTAGE,HEV,969,registrations,149.5851,,WLTP,eea_co2_monitoring_2024 (eea_kia_2024_final.json),eea_kia_2024_final.json,explicit,,central
EU27,kia,BG,2024,2024-01..2024-12,SPORTAGE,ICE,127,registrations,156.5906,,WLTP,eea_co2_monitoring_2024 (eea_kia_2024_final.json),eea_kia_2024_final.json,explicit,,central
EU27,kia,BG,2024,2024-01..2024-12,STONIC,HEV,7,registrations,129.0,,WLTP,eea_co2_monitoring_2024 (eea_kia_2024_final.json),eea_kia_2024_final.json,explicit,,central
EU27,kia,BG,2024,2024-01..2024-12,STONIC,ICE,248,registrations,130.9194,,WLTP,eea_co2_monitoring_2024 (eea_kia_2024_final.json),eea_kia_2024_final.json,explicit,,central
EU27,kia,BG,2024,2024-01..2024-12,XCEED,ICE,197,registrations,142.4264,,WLTP,eea_co2_monitoring_2024 (eea_kia_2024_final.json),eea_kia_2024_final.json,explicit,,central
EU27,kia,CY,2024,2024-01..2024-12,CEED,HEV,26,registrations,122.0,,WLTP,eea_co2_monitoring_2024 (eea_kia_2024_final.json),eea_kia_2024_final.json,explicit,,central
EU27,kia,CY,2024,2024-01..2024-12,CEED,ICE,43,registrations,133.0465,,WLTP,eea_co2_monitoring_2024 (eea_kia_2024_final.json),eea_kia_2024_final.json,explicit,,central
EU27,kia,CY,2024,2024-01..2024-12,EV3,BEV,3,registrations,0.0,151.3333,WLTP,eea_co2_monitoring_2024 (eea_kia_2024_final.json),eea_kia_2024_final.json,explicit,,central
EU27,kia,CY,2024,2024-01..2024-12,EV6,BEV,25,registrations,0.0,177.32,WLTP,eea_co2_monitoring_2024 (eea_kia_2024_final.json),eea_kia_2024_final.json,explicit,,central
EU27,kia,CY,2024,2024-01..2024-12,EV9,BEV,14,registrations,0.0,224.2857,WLTP,eea_co2_monitoring_2024 (eea_kia_2024_final.json),eea_kia_2024_final.json,explicit,,central
EU27,kia,CY,2024,2024-01..2024-12,NIRO,BEV,16,registrations,0.0,162.0,WLTP,eea_co2_monitoring_2024 (eea_kia_2024_final.json),eea_kia_2024_final.json,explicit,,central
EU27,kia,CY,2024,2024-01..2024-12,NIRO,HEV,29,registrations,105.1379,,WLTP,eea_co2_monitoring_2024 (eea_kia_2024_final.json),eea_kia_2024_final.json,explicit,,central
EU27,kia,CY,2024,2024-01..2024-12,PICANTO,ICE,381,registrations,120.6404,,WLTP,eea_co2_monitoring_2024 (eea_kia_2024_final.json),eea_kia_2024_final.json,explicit,,central
EU27,kia,CY,2024,2024-01..2024-12,RIO,ICE,10,registrations,126.0,,WLTP,eea_co2_monitoring_2024 (eea_kia_2024_final.json),eea_kia_2024_final.json,explicit,,central
EU27,kia,CY,2024,2024-01..2024-12,SORENTO,ICE,7,registrations,174.0,,WLTP,eea_co2_monitoring_2024 (eea_kia_2024_final.json),eea_kia_2024_final.json,explicit,,central
EU27,kia,CY,2024,2024-01..2024-12,SPORTAGE,HEV,612,registrations,141.6601,,WLTP,eea_co2_monitoring_2024 (eea_kia_2024_final.json),eea_kia_2024_final.json,explicit,,central
EU27,kia,CY,2024,2024-01..2024-12,SPORTAGE,ICE,230,registrations,162.3609,,WLTP,eea_co2_monitoring_2024 (eea_kia_2024_final.json),eea_kia_2024_final.json,explicit,,central
EU27,kia,CY,2024,2024-01..2024-12,STONIC,ICE,1079,registrations,130.8767,,WLTP,eea_co2_monitoring_2024 (eea_kia_2024_final.json),eea_kia_2024_final.json,explicit,,central
EU27,kia,CY,2024,2024-01..2024-12,XCEED,ICE,286,registrations,141.8846,,WLTP,eea_co2_monitoring_2024 (eea_kia_2024_final.json),eea_kia_2024_final.json,explicit,,central
EU27,kia,CZ,2024,2024-01..2024-12,CEED,HEV,36,registrations,120.8333,,WLTP,eea_co2_monitoring_2024 (eea_kia_2024_final.json),eea_kia_2024_final.json,explicit,,central
EU27,kia,CZ,2024,2024-01..2024-12,CEED,ICE,4928,registrations,131.6015,,WLTP,eea_co2_monitoring_2024 (eea_kia_2024_final.json),eea_kia_2024_final.json,explicit,,central
EU27,kia,CZ,2024,2024-01..2024-12,EV3,BEV,6,registrations,0.0,154.5,WLTP,eea_co2_monitoring_2024 (eea_kia_2024_final.json),eea_kia_2024_final.json,explicit,,central
EU27,kia,CZ,2024,2024-01..2024-12,EV6,BEV,114,registrations,0.0,185.8509,WLTP,eea_co2_monitoring_2024 (eea_kia_2024_final.json),eea_kia_2024_final.json,explicit,,central
EU27,kia,CZ,2024,2024-01..2024-12,EV9,BEV,68,registrations,0.0,226.2353,WLTP,eea_co2_monitoring_2024 (eea_kia_2024_final.json),eea_kia_2024_final.json,explicit,,central
EU27,kia,CZ,2024,2024-01..2024-12,NIRO,BEV,86,registrations,0.0,162.0,WLTP,eea_co2_monitoring_2024 (eea_kia_2024_final.json),eea_kia_2024_final.json,explicit,,central
EU27,kia,CZ,2024,2024-01..2024-12,NIRO,HEV,81,registrations,101.5432,,WLTP,eea_co2_monitoring_2024 (eea_kia_2024_final.json),eea_kia_2024_final.json,explicit,,central
EU27,kia,CZ,2024,2024-01..2024-12,PICANTO,ICE,246,registrations,121.378,,WLTP,eea_co2_monitoring_2024 (eea_kia_2024_final.json),eea_kia_2024_final.json,explicit,,central
EU27,kia,CZ,2024,2024-01..2024-12,PROCEED,ICE,743,registrations,147.6676,,WLTP,eea_co2_monitoring_2024 (eea_kia_2024_final.json),eea_kia_2024_final.json,explicit,,central
EU27,kia,CZ,2024,2024-01..2024-12,RIO,HEV,2,registrations,126.0,,WLTP,eea_co2_monitoring_2024 (eea_kia_2024_final.json),eea_kia_2024_final.json,explicit,,central
EU27,kia,CZ,2024,2024-01..2024-12,RIO,ICE,78,registrations,122.2436,,WLTP,eea_co2_monitoring_2024 (eea_kia_2024_final.json),eea_kia_2024_final.json,explicit,,central
EU27,kia,CZ,2024,2024-01..2024-12,SORENTO,HEV,49,registrations,161.1224,,WLTP,eea_co2_monitoring_2024 (eea_kia_2024_final.json),eea_kia_2024_final.json,explicit,,central
EU27,kia,CZ,2024,2024-01..2024-12,SORENTO,ICE,191,registrations,173.0209,,WLTP,eea_co2_monitoring_2024 (eea_kia_2024_final.json),eea_kia_2024_final.json,explicit,,central
EU27,kia,CZ,2024,2024-01..2024-12,SPORTAGE,HEV,1507,registrations,146.6656,,WLTP,eea_co2_monitoring_2024 (eea_kia_2024_final.json),eea_kia_2024_final.json,explicit,,central
EU27,kia,CZ,2024,2024-01..2024-12,SPORTAGE,ICE,762,registrations,156.0499,,WLTP,eea_co2_monitoring_2024 (eea_kia_2024_final.json),eea_kia_2024_final.json,explicit,,central
EU27,kia,CZ,2024,2024-01..2024-12,STINGER,ICE,3,registrations,247.0,,WLTP,eea_co2_monitoring_2024 (eea_kia_2024_final.json),eea_kia_2024_final.json,explicit,,central
EU27,kia,CZ,2024,2024-01..2024-12,STONIC,ICE,1000,registrations,130.271,,WLTP,eea_co2_monitoring_2024 (eea_kia_2024_final.json),eea_kia_2024_final.json,explicit,,central
EU27,kia,CZ,2024,2024-01..2024-12,XCEED,ICE,755,registrations,141.3311,,WLTP,eea_co2_monitoring_2024 (eea_kia_2024_final.json),eea_kia_2024_final.json,explicit,,central
EU27,kia,DE,2024,2024-01..2024-12,CD,ICE,5,registrations,192.2,,WLTP,eea_co2_monitoring_2024 (eea_kia_2024_final.json),eea_kia_2024_final.json,explicit,,central
EU27,kia,DE,2024,2024-01..2024-12,CEED,HEV,1800,registrations,123.7428,,WLTP,eea_co2_monitoring_2024 (eea_kia_2024_final.json),eea_kia_2024_final.json,explicit,,central
EU27,kia,DE,2024,2024-01..2024-12,CEED,ICE,9432,registrations,137.5648,,WLTP,eea_co2_monitoring_2024 (eea_kia_2024_final.json),eea_kia_2024_final.json,explicit,,central
EU27,kia,DE,2024,2024-01..2024-12,CL4,ICE,9,registrations,176.5556,,WLTP,eea_co2_monitoring_2024 (eea_kia_2024_final.json),eea_kia_2024_final.json,explicit,,central
EU27,kia,DE,2024,2024-01..2024-12,EV3,BEV,471,registrations,0.0,154.5769,WLTP,eea_co2_monitoring_2024 (eea_kia_2024_final.json),eea_kia_2024_final.json,explicit,,central
EU27,kia,DE,2024,2024-01..2024-12,EV6,BEV,5180,registrations,0.0,178.6394,WLTP,eea_co2_monitoring_2024 (eea_kia_2024_final.json),eea_kia_2024_final.json,explicit,,central
EU27,kia,DE,2024,2024-01..2024-12,EV9,BEV,1411,registrations,0.0,226.9426,WLTP,eea_co2_monitoring_2024 (eea_kia_2024_final.json),eea_kia_2024_final.json,explicit,,central
EU27,kia,DE,2024,2024-01..2024-12,JA,ICE,2,registrations,134.0,,WLTP,eea_co2_monitoring_2024 (eea_kia_2024_final.json),eea_kia_2024_final.json,explicit,,central
EU27,kia,DE,2024,2024-01..2024-12,K4,ICE,1,registrations,185.0,,WLTP,eea_co2_monitoring_2024 (eea_kia_2024_final.json),eea_kia_2024_final.json,explicit,,central
EU27,kia,DE,2024,2024-01..2024-12,MQ4,HEV,2,registrations,185.0,,WLTP,eea_co2_monitoring_2024 (eea_kia_2024_final.json),eea_kia_2024_final.json,explicit,,central
EU27,kia,DE,2024,2024-01..2024-12,MQ4,ICE,1,registrations,255.0,,WLTP,eea_co2_monitoring_2024 (eea_kia_2024_final.json),eea_kia_2024_final.json,explicit,,central
EU27,kia,DE,2024,2024-01..2024-12,NIRO,BEV,4045,registrations,0.0,162.0,WLTP,eea_co2_monitoring_2024 (eea_kia_2024_final.json),eea_kia_2024_final.json,explicit,,central
EU27,kia,DE,2024,2024-01..2024-12,NIRO,HEV,1134,registrations,102.5529,,WLTP,eea_co2_monitoring_2024 (eea_kia_2024_final.json),eea_kia_2024_final.json,explicit,,central
EU27,kia,DE,2024,2024-01..2024-12,NQ5,HEV,8,registrations,166.375,,WLTP,eea_co2_monitoring_2024 (eea_kia_2024_final.json),eea_kia_2024_final.json,explicit,,central
EU27,kia,DE,2024,2024-01..2024-12,NQ5,ICE,7,registrations,214.8571,,WLTP,eea_co2_monitoring_2024 (eea_kia_2024_final.json),eea_kia_2024_final.json,explicit,,central
EU27,kia,DE,2024,2024-01..2024-12,NQ5 - PE,HEV,1,registrations,154.0,,WLTP,eea_co2_monitoring_2024 (eea_kia_2024_final.json),eea_kia_2024_final.json,explicit,,central
EU27,kia,DE,2024,2024-01..2024-12,NQ5-PE,ICE,1,registrations,253.0,,WLTP,eea_co2_monitoring_2024 (eea_kia_2024_final.json),eea_kia_2024_final.json,explicit,,central
EU27,kia,DE,2024,2024-01..2024-12,NQ5E,HEV,1,registrations,152.0,,WLTP,eea_co2_monitoring_2024 (eea_kia_2024_final.json),eea_kia_2024_final.json,explicit,,central
EU27,kia,DE,2024,2024-01..2024-12,NQ5E,ICE,1,registrations,243.0,,WLTP,eea_co2_monitoring_2024 (eea_kia_2024_final.json),eea_kia_2024_final.json,explicit,,central
EU27,kia,DE,2024,2024-01..2024-12,PICANTO,ICE,9884,registrations,117.4392,,WLTP,eea_co2_monitoring_2024 (eea_kia_2024_final.json),eea_kia_2024_final.json,explicit,,central
EU27,kia,DE,2024,2024-01..2024-12,PROCEED,ICE,4435,registrations,150.9867,,WLTP,eea_co2_monitoring_2024 (eea_kia_2024_final.json),eea_kia_2024_final.json,explicit,,central
EU27,kia,DE,2024,2024-01..2024-12,RIO,HEV,12,registrations,125.8333,,WLTP,eea_co2_monitoring_2024 (eea_kia_2024_final.json),eea_kia_2024_final.json,explicit,,central
EU27,kia,DE,2024,2024-01..2024-12,RIO,ICE,77,registrations,123.2597,,WLTP,eea_co2_monitoring_2024 (eea_kia_2024_final.json),eea_kia_2024_final.json,explicit,,central
EU27,kia,DE,2024,2024-01..2024-12,SG2,HEV,3,registrations,168.6667,,WLTP,eea_co2_monitoring_2024 (eea_kia_2024_final.json),eea_kia_2024_final.json,explicit,,central
EU27,kia,DE,2024,2024-01..2024-12,SORENTO,HEV,638,registrations,164.2198,,WLTP,eea_co2_monitoring_2024 (eea_kia_2024_final.json),eea_kia_2024_final.json,explicit,,central
EU27,kia,DE,2024,2024-01..2024-12,SORENTO,ICE,2172,registrations,172.6326,,WLTP,eea_co2_monitoring_2024 (eea_kia_2024_final.json),eea_kia_2024_final.json,explicit,,central
EU27,kia,DE,2024,2024-01..2024-12,SOUL,BEV,670,registrations,0.0,156.991,WLTP,eea_co2_monitoring_2024 (eea_kia_2024_final.json),eea_kia_2024_final.json,explicit,,central
EU27,kia,DE,2024,2024-01..2024-12,SP3,ICE,1,registrations,173.0,,WLTP,eea_co2_monitoring_2024 (eea_kia_2024_final.json),eea_kia_2024_final.json,explicit,,central
EU27,kia,DE,2024,2024-01..2024-12,SPORTAGE,HEV,13187,registrations,145.3518,,WLTP,eea_co2_monitoring_2024 (eea_kia_2024_final.json),eea_kia_2024_final.json,explicit,,central
EU27,kia,DE,2024,2024-01..2024-12,SPORTAGE,ICE,508,registrations,155.8661,,WLTP,eea_co2_monitoring_2024 (eea_kia_2024_final.json),eea_kia_2024_final.json,explicit,,central
EU27,kia,DE,2024,2024-01..2024-12,STINGER,ICE,53,registrations,247.0,,WLTP,eea_co2_monitoring_2024 (eea_kia_2024_final.json),eea_kia_2024_final.json,explicit,,central
EU27,kia,DE,2024,2024-01..2024-12,STONIC,HEV,2200,registrations,128.2336,,WLTP,eea_co2_monitoring_2024 (eea_kia_2024_final.json),eea_kia_2024_final.json,explicit,,central
EU27,kia,DE,2024,2024-01..2024-12,STONIC,ICE,3329,registrations,127.1172,,WLTP,eea_co2_monitoring_2024 (eea_kia_2024_final.json),eea_kia_2024_final.json,explicit,,central
EU27,kia,DE,2024,2024-01..2024-12,TK,ICE,2,registrations,287.0,,WLTP,eea_co2_monitoring_2024 (eea_kia_2024_final.json),eea_kia_2024_final.json,explicit,,central
EU27,kia,DE,2024,2024-01..2024-12,XCEED,HEV,148,registrations,129.7568,,WLTP,eea_co2_monitoring_2024 (eea_kia_2024_final.json),eea_kia_2024_final.json,explicit,,central
EU27,kia,DE,2024,2024-01..2024-12,XCEED,ICE,3370,registrations,144.6478,,WLTP,eea_co2_monitoring_2024 (eea_kia_2024_final.json),eea_kia_2024_final.json,explicit,,central
EU27,kia,DE,2024,2024-01..2024-12,YB,ICE,2,registrations,157.5,,WLTP,eea_co2_monitoring_2024 (eea_kia_2024_final.json),eea_kia_2024_final.json,explicit,,central
EU27,kia,DK,2024,2024-01..2024-12,CEED,HEV,1,registrations,122.0,,WLTP,eea_co2_monitoring_2024 (eea_kia_2024_final.json),eea_kia_2024_final.json,explicit,,central
EU27,kia,DK,2024,2024-01..2024-12,CEED,ICE,316,registrations,123.6171,,WLTP,eea_co2_monitoring_2024 (eea_kia_2024_final.json),eea_kia_2024_final.json,explicit,,central
EU27,kia,DK,2024,2024-01..2024-12,EV3,BEV,572,registrations,0.0,151.8094,WLTP,eea_co2_monitoring_2024 (eea_kia_2024_final.json),eea_kia_2024_final.json,explicit,,central
EU27,kia,DK,2024,2024-01..2024-12,EV6,BEV,792,registrations,0.0,175.4129,WLTP,eea_co2_monitoring_2024 (eea_kia_2024_final.json),eea_kia_2024_final.json,explicit,,central
EU27,kia,DK,2024,2024-01..2024-12,EV9,BEV,158,registrations,0.0,220.8924,WLTP,eea_co2_monitoring_2024 (eea_kia_2024_final.json),eea_kia_2024_final.json,explicit,,central
EU27,kia,DK,2024,2024-01..2024-12,NIRO,BEV,1405,registrations,0.0,162.0,WLTP,eea_co2_monitoring_2024 (eea_kia_2024_final.json),eea_kia_2024_final.json,explicit,,central
EU27,kia,DK,2024,2024-01..2024-12,PICANTO,ICE,685,registrations,112.0803,,WLTP,eea_co2_monitoring_2024 (eea_kia_2024_final.json),eea_kia_2024_final.json,explicit,,central
EU27,kia,DK,2024,2024-01..2024-12,PROCEED,ICE,144,registrations,145.8403,,WLTP,eea_co2_monitoring_2024 (eea_kia_2024_final.json),eea_kia_2024_final.json,explicit,,central
EU27,kia,DK,2024,2024-01..2024-12,RIO,ICE,1,registrations,123.0,,WLTP,eea_co2_monitoring_2024 (eea_kia_2024_final.json),eea_kia_2024_final.json,explicit,,central
EU27,kia,DK,2024,2024-01..2024-12,SPORTAGE,HEV,43,registrations,151.186,,WLTP,eea_co2_monitoring_2024 (eea_kia_2024_final.json),eea_kia_2024_final.json,explicit,,central
EU27,kia,DK,2024,2024-01..2024-12,SPORTAGE,ICE,2,registrations,152.0,,WLTP,eea_co2_monitoring_2024 (eea_kia_2024_final.json),eea_kia_2024_final.json,explicit,,central
EU27,kia,DK,2024,2024-01..2024-12,STONIC,HEV,5,registrations,128.6,,WLTP,eea_co2_monitoring_2024 (eea_kia_2024_final.json),eea_kia_2024_final.json,explicit,,central
EU27,kia,DK,2024,2024-01..2024-12,STONIC,ICE,85,registrations,125.9059,,WLTP,eea_co2_monitoring_2024 (eea_kia_2024_final.json),eea_kia_2024_final.json,explicit,,central
EU27,kia,DK,2024,2024-01..2024-12,XCEED,ICE,40,registrations,135.7,,WLTP,eea_co2_monitoring_2024 (eea_kia_2024_final.json),eea_kia_2024_final.json,explicit,,central
EU27,kia,EE,2024,2024-01..2024-12,CEED,HEV,30,registrations,122.3,,WLTP,eea_co2_monitoring_2024 (eea_kia_2024_final.json),eea_kia_2024_final.json,explicit,,central
EU27,kia,EE,2024,2024-01..2024-12,CEED,ICE,317,registrations,135.4763,,WLTP,eea_co2_monitoring_2024 (eea_kia_2024_final.json),eea_kia_2024_final.json,explicit,,central
EU27,kia,EE,2024,2024-01..2024-12,EV3,BEV,14,registrations,0.0,153.4286,WLTP,eea_co2_monitoring_2024 (eea_kia_2024_final.json),eea_kia_2024_final.json,explicit,,central
EU27,kia,EE,2024,2024-01..2024-12,EV6,BEV,33,registrations,0.0,179.2121,WLTP,eea_co2_monitoring_2024 (eea_kia_2024_final.json),eea_kia_2024_final.json,explicit,,central
EU27,kia,EE,2024,2024-01..2024-12,EV9,BEV,24,registrations,0.0,227.6667,WLTP,eea_co2_monitoring_2024 (eea_kia_2024_final.json),eea_kia_2024_final.json,explicit,,central
EU27,kia,EE,2024,2024-01..2024-12,NIRO,BEV,8,registrations,0.0,162.0,WLTP,eea_co2_monitoring_2024 (eea_kia_2024_final.json),eea_kia_2024_final.json,explicit,,central
EU27,kia,EE,2024,2024-01..2024-12,NIRO,HEV,73,registrations,104.1233,,WLTP,eea_co2_monitoring_2024 (eea_kia_2024_final.json),eea_kia_2024_final.json,explicit,,central
EU27,kia,EE,2024,2024-01..2024-12,PICANTO,ICE,23,registrations,126.6522,,WLTP,eea_co2_monitoring_2024 (eea_kia_2024_final.json),eea_kia_2024_final.json,explicit,,central
EU27,kia,EE,2024,2024-01..2024-12,PROCEED,ICE,104,registrations,141.7885,,WLTP,eea_co2_monitoring_2024 (eea_kia_2024_final.json),eea_kia_2024_final.json,explicit,,central
EU27,kia,EE,2024,2024-01..2024-12,RIO,ICE,6,registrations,124.6667,,WLTP,eea_co2_monitoring_2024 (eea_kia_2024_final.json),eea_kia_2024_final.json,explicit,,central
EU27,kia,EE,2024,2024-01..2024-12,SORENTO,HEV,1,registrations,169.0,,WLTP,eea_co2_monitoring_2024 (eea_kia_2024_final.json),eea_kia_2024_final.json,explicit,,central
EU27,kia,EE,2024,2024-01..2024-12,SORENTO,ICE,106,registrations,173.6509,,WLTP,eea_co2_monitoring_2024 (eea_kia_2024_final.json),eea_kia_2024_final.json,explicit,,central
EU27,kia,EE,2024,2024-01..2024-12,SPORTAGE,HEV,686,registrations,144.3469,,WLTP,eea_co2_monitoring_2024 (eea_kia_2024_final.json),eea_kia_2024_final.json,explicit,,central
EU27,kia,EE,2024,2024-01..2024-12,SPORTAGE,ICE,58,registrations,154.9828,,WLTP,eea_co2_monitoring_2024 (eea_kia_2024_final.json),eea_kia_2024_final.json,explicit,,central
EU27,kia,EE,2024,2024-01..2024-12,STONIC,HEV,5,registrations,129.0,,WLTP,eea_co2_monitoring_2024 (eea_kia_2024_final.json),eea_kia_2024_final.json,explicit,,central
EU27,kia,EE,2024,2024-01..2024-12,STONIC,ICE,62,registrations,128.1613,,WLTP,eea_co2_monitoring_2024 (eea_kia_2024_final.json),eea_kia_2024_final.json,explicit,,central
EU27,kia,EE,2024,2024-01..2024-12,XCEED,ICE,98,registrations,141.3776,,WLTP,eea_co2_monitoring_2024 (eea_kia_2024_final.json),eea_kia_2024_final.json,explicit,,central
EU27,kia,ES,2024,2024-01..2024-12,CEED,HEV,2325,registrations,122.8645,,WLTP,eea_co2_monitoring_2024 (eea_kia_2024_final.json),eea_kia_2024_final.json,explicit,,central
EU27,kia,ES,2024,2024-01..2024-12,CEED,ICE,3706,registrations,121.1732,,WLTP,eea_co2_monitoring_2024 (eea_kia_2024_final.json),eea_kia_2024_final.json,explicit,,central
EU27,kia,ES,2024,2024-01..2024-12,EV3,BEV,776,registrations,0.0,150.2899,WLTP,eea_co2_monitoring_2024 (eea_kia_2024_final.json),eea_kia_2024_final.json,explicit,,central
EU27,kia,ES,2024,2024-01..2024-12,EV6,BEV,771,registrations,0.0,168.8742,WLTP,eea_co2_monitoring_2024 (eea_kia_2024_final.json),eea_kia_2024_final.json,explicit,,central
EU27,kia,ES,2024,2024-01..2024-12,EV9,BEV,178,registrations,0.0,227.8652,WLTP,eea_co2_monitoring_2024 (eea_kia_2024_final.json),eea_kia_2024_final.json,explicit,,central
EU27,kia,ES,2024,2024-01..2024-12,NIRO,BEV,1092,registrations,0.0,162.0,WLTP,eea_co2_monitoring_2024 (eea_kia_2024_final.json),eea_kia_2024_final.json,explicit,,central
EU27,kia,ES,2024,2024-01..2024-12,NIRO,HEV,8616,registrations,101.2631,,WLTP,eea_co2_monitoring_2024 (eea_kia_2024_final.json),eea_kia_2024_final.json,explicit,,central
EU27,kia,ES,2024,2024-01..2024-12,PICANTO,ICE,3125,registrations,118.1418,,WLTP,eea_co2_monitoring_2024 (eea_kia_2024_final.json),eea_kia_2024_final.json,explicit,,central
EU27,kia,ES,2024,2024-01..2024-12,PROCEED,HEV,85,registrations,129.8,,WLTP,eea_co2_monitoring_2024 (eea_kia_2024_final.json),eea_kia_2024_final.json,explicit,,central
EU27,kia,ES,2024,2024-01..2024-12,PROCEED,ICE,37,registrations,149.9459,,WLTP,eea_co2_monitoring_2024 (eea_kia_2024_final.json),eea_kia_2024_final.json,explicit,,central
EU27,kia,ES,2024,2024-01..2024-12,RIO,HEV,1,registrations,116.0,,WLTP,eea_co2_monitoring_2024 (eea_kia_2024_final.json),eea_kia_2024_final.json,explicit,,central
EU27,kia,ES,2024,2024-01..2024-12,RIO,ICE,41,registrations,129.8293,,WLTP,eea_co2_monitoring_2024 (eea_kia_2024_final.json),eea_kia_2024_final.json,explicit,,central
EU27,kia,ES,2024,2024-01..2024-12,SORENTO,HEV,730,registrations,153.789,,WLTP,eea_co2_monitoring_2024 (eea_kia_2024_final.json),eea_kia_2024_final.json,explicit,,central
EU27,kia,ES,2024,2024-01..2024-12,SORENTO,ICE,143,registrations,166.8462,,WLTP,eea_co2_monitoring_2024 (eea_kia_2024_final.json),eea_kia_2024_final.json,explicit,,central
EU27,kia,ES,2024,2024-01..2024-12,SPORTAGE,HEV,13057,registrations,136.3008,,WLTP,eea_co2_monitoring_2024 (eea_kia_2024_final.json),eea_kia_2024_final.json,explicit,,central
EU27,kia,ES,2024,2024-01..2024-12,SPORTAGE,ICE,4161,registrations,153.8378,,WLTP,eea_co2_monitoring_2024 (eea_kia_2024_final.json),eea_kia_2024_final.json,explicit,,central
EU27,kia,ES,2024,2024-01..2024-12,STONIC,HEV,7620,registrations,122.851,,WLTP,eea_co2_monitoring_2024 (eea_kia_2024_final.json),eea_kia_2024_final.json,explicit,,central
EU27,kia,ES,2024,2024-01..2024-12,STONIC,ICE,3162,registrations,130.7242,,WLTP,eea_co2_monitoring_2024 (eea_kia_2024_final.json),eea_kia_2024_final.json,explicit,,central
EU27,kia,ES,2024,2024-01..2024-12,XCEED,HEV,3744,registrations,136.5593,,WLTP,eea_co2_monitoring_2024 (eea_kia_2024_final.json),eea_kia_2024_final.json,explicit,,central
EU27,kia,ES,2024,2024-01..2024-12,XCEED,ICE,3951,registrations,136.0152,,WLTP,eea_co2_monitoring_2024 (eea_kia_2024_final.json),eea_kia_2024_final.json,explicit,,central
EU27,kia,FI,2024,2024-01..2024-12,CEED,HEV,599,registrations,125.6528,,WLTP,eea_co2_monitoring_2024 (eea_kia_2024_final.json),eea_kia_2024_final.json,explicit,,central
EU27,kia,FI,2024,2024-01..2024-12,CEED,ICE,579,registrations,128.7496,,WLTP,eea_co2_monitoring_2024 (eea_kia_2024_final.json),eea_kia_2024_final.json,explicit,,central
EU27,kia,FI,2024,2024-01..2024-12,EV3,BEV,82,registrations,0.0,153.0488,WLTP,eea_co2_monitoring_2024 (eea_kia_2024_final.json),eea_kia_2024_final.json,explicit,,central
EU27,kia,FI,2024,2024-01..2024-12,EV6,BEV,328,registrations,0.0,175.8506,WLTP,eea_co2_monitoring_2024 (eea_kia_2024_final.json),eea_kia_2024_final.json,explicit,,central
EU27,kia,FI,2024,2024-01..2024-12,EV9,BEV,219,registrations,0.0,227.4521,WLTP,eea_co2_monitoring_2024 (eea_kia_2024_final.json),eea_kia_2024_final.json,explicit,,central
EU27,kia,FI,2024,2024-01..2024-12,NIRO,BEV,186,registrations,0.0,162.0,WLTP,eea_co2_monitoring_2024 (eea_kia_2024_final.json),eea_kia_2024_final.json,explicit,,central
EU27,kia,FI,2024,2024-01..2024-12,NIRO,HEV,376,registrations,100.516,,WLTP,eea_co2_monitoring_2024 (eea_kia_2024_final.json),eea_kia_2024_final.json,explicit,,central
EU27,kia,FI,2024,2024-01..2024-12,PICANTO,ICE,241,registrations,116.4896,,WLTP,eea_co2_monitoring_2024 (eea_kia_2024_final.json),eea_kia_2024_final.json,explicit,,central
EU27,kia,FI,2024,2024-01..2024-12,PROCEED,HEV,3,registrations,129.0,,WLTP,eea_co2_monitoring_2024 (eea_kia_2024_final.json),eea_kia_2024_final.json,explicit,,central
EU27,kia,FI,2024,2024-01..2024-12,PROCEED,ICE,164,registrations,133.3171,,WLTP,eea_co2_monitoring_2024 (eea_kia_2024_final.json),eea_kia_2024_final.json,explicit,,central
EU27,kia,FI,2024,2024-01..2024-12,RIO,HEV,16,registrations,120.125,,WLTP,eea_co2_monitoring_2024 (eea_kia_2024_final.json),eea_kia_2024_final.json,explicit,,central
EU27,kia,FI,2024,2024-01..2024-12,RIO,ICE,285,registrations,126.4105,,WLTP,eea_co2_monitoring_2024 (eea_kia_2024_final.json),eea_kia_2024_final.json,explicit,,central
EU27,kia,FI,2024,2024-01..2024-12,SORENTO,HEV,35,registrations,159.1143,,WLTP,eea_co2_monitoring_2024 (eea_kia_2024_final.json),eea_kia_2024_final.json,explicit,,central
EU27,kia,FI,2024,2024-01..2024-12,SORENTO,ICE,9,registrations,172.3333,,WLTP,eea_co2_monitoring_2024 (eea_kia_2024_final.json),eea_kia_2024_final.json,explicit,,central
EU27,kia,FI,2024,2024-01..2024-12,SOUL,BEV,15,registrations,0.0,157.0,WLTP,eea_co2_monitoring_2024 (eea_kia_2024_final.json),eea_kia_2024_final.json,explicit,,central
EU27,kia,FI,2024,2024-01..2024-12,SPORTAGE,HEV,121,registrations,133.8678,,WLTP,eea_co2_monitoring_2024 (eea_kia_2024_final.json),eea_kia_2024_final.json,explicit,,central
EU27,kia,FI,2024,2024-01..2024-12,SPORTAGE,ICE,7,registrations,152.8571,,WLTP,eea_co2_monitoring_2024 (eea_kia_2024_final.json),eea_kia_2024_final.json,explicit,,central
EU27,kia,FI,2024,2024-01..2024-12,STONIC,HEV,63,registrations,121.3492,,WLTP,eea_co2_monitoring_2024 (eea_kia_2024_final.json),eea_kia_2024_final.json,explicit,,central
EU27,kia,FI,2024,2024-01..2024-12,STONIC,ICE,764,registrations,126.3914,,WLTP,eea_co2_monitoring_2024 (eea_kia_2024_final.json),eea_kia_2024_final.json,explicit,,central
EU27,kia,FI,2024,2024-01..2024-12,XCEED,HEV,31,registrations,137.7742,,WLTP,eea_co2_monitoring_2024 (eea_kia_2024_final.json),eea_kia_2024_final.json,explicit,,central
EU27,kia,FI,2024,2024-01..2024-12,XCEED,ICE,123,registrations,140.2276,,WLTP,eea_co2_monitoring_2024 (eea_kia_2024_final.json),eea_kia_2024_final.json,explicit,,central
EU27,kia,FR,2024,2024-01..2024-12,CEED,HEV,433,registrations,118.8868,,WLTP,eea_co2_monitoring_2024 (eea_kia_2024_final.json),eea_kia_2024_final.json,explicit,,central
EU27,kia,FR,2024,2024-01..2024-12,CEED,ICE,2074,registrations,133.2927,,WLTP,eea_co2_monitoring_2024 (eea_kia_2024_final.json),eea_kia_2024_final.json,explicit,,central
EU27,kia,FR,2024,2024-01..2024-12,EV3,BEV,345,registrations,0.0,152.8899,WLTP,eea_co2_monitoring_2024 (eea_kia_2024_final.json),eea_kia_2024_final.json,explicit,,central
EU27,kia,FR,2024,2024-01..2024-12,EV6,BEV,1695,registrations,0.0,168.1215,WLTP,eea_co2_monitoring_2024 (eea_kia_2024_final.json),eea_kia_2024_final.json,explicit,,central
EU27,kia,FR,2024,2024-01..2024-12,EV9,BEV,354,registrations,0.0,224.1977,WLTP,eea_co2_monitoring_2024 (eea_kia_2024_final.json),eea_kia_2024_final.json,explicit,,central
EU27,kia,FR,2024,2024-01..2024-12,NIRO,BEV,2497,registrations,0.0,162.0,WLTP,eea_co2_monitoring_2024 (eea_kia_2024_final.json),eea_kia_2024_final.json,explicit,,central
EU27,kia,FR,2024,2024-01..2024-12,NIRO,HEV,4773,registrations,101.6824,,WLTP,eea_co2_monitoring_2024 (eea_kia_2024_final.json),eea_kia_2024_final.json,explicit,,central
EU27,kia,FR,2024,2024-01..2024-12,PICANTO,ICE,8789,registrations,120.9731,,WLTP,eea_co2_monitoring_2024 (eea_kia_2024_final.json),eea_kia_2024_final.json,explicit,,central
EU27,kia,FR,2024,2024-01..2024-12,PROCEED,ICE,596,registrations,135.703,,WLTP,eea_co2_monitoring_2024 (eea_kia_2024_final.json),eea_kia_2024_final.json,explicit,,central
EU27,kia,FR,2024,2024-01..2024-12,RIO,ICE,97,registrations,125.7526,,WLTP,eea_co2_monitoring_2024 (eea_kia_2024_final.json),eea_kia_2024_final.json,explicit,,central
EU27,kia,FR,2024,2024-01..2024-12,SORENTO,HEV,59,registrations,151.4407,,WLTP,eea_co2_monitoring_2024 (eea_kia_2024_final.json),eea_kia_2024_final.json,explicit,,central
EU27,kia,FR,2024,2024-01..2024-12,SOUL,BEV,19,registrations,0.0,156.9474,WLTP,eea_co2_monitoring_2024 (eea_kia_2024_final.json),eea_kia_2024_final.json,explicit,,central
EU27,kia,FR,2024,2024-01..2024-12,SPORTAGE,HEV,12899,registrations,130.4248,,WLTP,eea_co2_monitoring_2024 (eea_kia_2024_final.json),eea_kia_2024_final.json,explicit,,central
EU27,kia,FR,2024,2024-01..2024-12,SPORTAGE,ICE,195,registrations,151.6564,,WLTP,eea_co2_monitoring_2024 (eea_kia_2024_final.json),eea_kia_2024_final.json,explicit,,central
EU27,kia,FR,2024,2024-01..2024-12,STONIC,HEV,1315,registrations,127.7194,,WLTP,eea_co2_monitoring_2024 (eea_kia_2024_final.json),eea_kia_2024_final.json,explicit,,central
EU27,kia,FR,2024,2024-01..2024-12,STONIC,ICE,5610,registrations,129.1406,,WLTP,eea_co2_monitoring_2024 (eea_kia_2024_final.json),eea_kia_2024_final.json,explicit,,central
EU27,kia,FR,2024,2024-01..2024-12,XCEED,HEV,160,registrations,130.3,,WLTP,eea_co2_monitoring_2024 (eea_kia_2024_final.json),eea_kia_2024_final.json,explicit,,central
EU27,kia,FR,2024,2024-01..2024-12,XCEED,ICE,882,registrations,141.034,,WLTP,eea_co2_monitoring_2024 (eea_kia_2024_final.json),eea_kia_2024_final.json,explicit,,central
EU27,kia,GR,2024,2024-01..2024-12,EV3,BEV,13,registrations,0.0,149.3846,WLTP,eea_co2_monitoring_2024 (eea_kia_2024_final.json),eea_kia_2024_final.json,explicit,,central
EU27,kia,GR,2024,2024-01..2024-12,EV6,BEV,29,registrations,0.0,176.6552,WLTP,eea_co2_monitoring_2024 (eea_kia_2024_final.json),eea_kia_2024_final.json,explicit,,central
EU27,kia,GR,2024,2024-01..2024-12,EV9,BEV,12,registrations,0.0,227.5833,WLTP,eea_co2_monitoring_2024 (eea_kia_2024_final.json),eea_kia_2024_final.json,explicit,,central
EU27,kia,GR,2024,2024-01..2024-12,NIRO,BEV,48,registrations,0.0,162.0,WLTP,eea_co2_monitoring_2024 (eea_kia_2024_final.json),eea_kia_2024_final.json,explicit,,central
EU27,kia,GR,2024,2024-01..2024-12,NIRO,HEV,13,registrations,105.0,,WLTP,eea_co2_monitoring_2024 (eea_kia_2024_final.json),eea_kia_2024_final.json,explicit,,central
EU27,kia,GR,2024,2024-01..2024-12,PICANTO,ICE,1883,registrations,118.3871,,WLTP,eea_co2_monitoring_2024 (eea_kia_2024_final.json),eea_kia_2024_final.json,explicit,,central
EU27,kia,GR,2024,2024-01..2024-12,SPORTAGE,HEV,725,registrations,142.1945,,WLTP,eea_co2_monitoring_2024 (eea_kia_2024_final.json),eea_kia_2024_final.json,explicit,,central
EU27,kia,GR,2024,2024-01..2024-12,STONIC,HEV,76,registrations,123.9211,,WLTP,eea_co2_monitoring_2024 (eea_kia_2024_final.json),eea_kia_2024_final.json,explicit,,central
EU27,kia,GR,2024,2024-01..2024-12,STONIC,ICE,1288,registrations,131.2321,,WLTP,eea_co2_monitoring_2024 (eea_kia_2024_final.json),eea_kia_2024_final.json,explicit,,central
EU27,kia,GR,2024,2024-01..2024-12,XCEED,HEV,366,registrations,138.8497,,WLTP,eea_co2_monitoring_2024 (eea_kia_2024_final.json),eea_kia_2024_final.json,explicit,,central
EU27,kia,GR,2024,2024-01..2024-12,XCEED,ICE,128,registrations,141.2031,,WLTP,eea_co2_monitoring_2024 (eea_kia_2024_final.json),eea_kia_2024_final.json,explicit,,central
EU27,kia,HR,2024,2024-01..2024-12,CEED,HEV,5,registrations,128.0,,WLTP,eea_co2_monitoring_2024 (eea_kia_2024_final.json),eea_kia_2024_final.json,explicit,,central
EU27,kia,HR,2024,2024-01..2024-12,CEED,ICE,554,registrations,131.9819,,WLTP,eea_co2_monitoring_2024 (eea_kia_2024_final.json),eea_kia_2024_final.json,explicit,,central
EU27,kia,HR,2024,2024-01..2024-12,EV6,BEV,4,registrations,0.0,252.0,WLTP,eea_co2_monitoring_2024 (eea_kia_2024_final.json),eea_kia_2024_final.json,explicit,,central
EU27,kia,HR,2024,2024-01..2024-12,EV9,BEV,1,registrations,0.0,228.0,WLTP,eea_co2_monitoring_2024 (eea_kia_2024_final.json),eea_kia_2024_final.json,explicit,,central
EU27,kia,HR,2024,2024-01..2024-12,NIRO,HEV,4,registrations,100.75,,WLTP,eea_co2_monitoring_2024 (eea_kia_2024_final.json),eea_kia_2024_final.json,explicit,,central
EU27,kia,HR,2024,2024-01..2024-12,PICANTO,ICE,245,registrations,116.2367,,WLTP,eea_co2_monitoring_2024 (eea_kia_2024_final.json),eea_kia_2024_final.json,explicit,,central
EU27,kia,HR,2024,2024-01..2024-12,PROCEED,ICE,34,registrations,137.8529,,WLTP,eea_co2_monitoring_2024 (eea_kia_2024_final.json),eea_kia_2024_final.json,explicit,,central
EU27,kia,HR,2024,2024-01..2024-12,RIO,ICE,73,registrations,129.0411,,WLTP,eea_co2_monitoring_2024 (eea_kia_2024_final.json),eea_kia_2024_final.json,explicit,,central
EU27,kia,HR,2024,2024-01..2024-12,SORENTO,HEV,11,registrations,162.4545,,WLTP,eea_co2_monitoring_2024 (eea_kia_2024_final.json),eea_kia_2024_final.json,explicit,,central
EU27,kia,HR,2024,2024-01..2024-12,SORENTO,ICE,17,registrations,172.5294,,WLTP,eea_co2_monitoring_2024 (eea_kia_2024_final.json),eea_kia_2024_final.json,explicit,,central
EU27,kia,HR,2024,2024-01..2024-12,SPORTAGE,HEV,313,registrations,142.1917,,WLTP,eea_co2_monitoring_2024 (eea_kia_2024_final.json),eea_kia_2024_final.json,explicit,,central
EU27,kia,HR,2024,2024-01..2024-12,SPORTAGE,ICE,436,registrations,154.8853,,WLTP,eea_co2_monitoring_2024 (eea_kia_2024_final.json),eea_kia_2024_final.json,explicit,,central
EU27,kia,HR,2024,2024-01..2024-12,STONIC,HEV,7,registrations,119.2857,,WLTP,eea_co2_monitoring_2024 (eea_kia_2024_final.json),eea_kia_2024_final.json,explicit,,central
EU27,kia,HR,2024,2024-01..2024-12,STONIC,ICE,1138,registrations,129.1098,,WLTP,eea_co2_monitoring_2024 (eea_kia_2024_final.json),eea_kia_2024_final.json,explicit,,central
EU27,kia,HR,2024,2024-01..2024-12,XCEED,ICE,432,registrations,141.5116,,WLTP,eea_co2_monitoring_2024 (eea_kia_2024_final.json),eea_kia_2024_final.json,explicit,,central
EU27,kia,HU,2024,2024-01..2024-12,CEED,ICE,2560,registrations,133.5211,,WLTP,eea_co2_monitoring_2024 (eea_kia_2024_final.json),eea_kia_2024_final.json,explicit,,central
EU27,kia,HU,2024,2024-01..2024-12,EV3,BEV,26,registrations,0.0,154.0385,WLTP,eea_co2_monitoring_2024 (eea_kia_2024_final.json),eea_kia_2024_final.json,explicit,,central
EU27,kia,HU,2024,2024-01..2024-12,EV6,BEV,32,registrations,0.0,174.8125,WLTP,eea_co2_monitoring_2024 (eea_kia_2024_final.json),eea_kia_2024_final.json,explicit,,central
EU27,kia,HU,2024,2024-01..2024-12,EV9,BEV,45,registrations,0.0,226.8444,WLTP,eea_co2_monitoring_2024 (eea_kia_2024_final.json),eea_kia_2024_final.json,explicit,,central
EU27,kia,HU,2024,2024-01..2024-12,NIRO,BEV,106,registrations,0.0,162.0,WLTP,eea_co2_monitoring_2024 (eea_kia_2024_final.json),eea_kia_2024_final.json,explicit,,central
EU27,kia,HU,2024,2024-01..2024-12,NIRO,HEV,173,registrations,102.7572,,WLTP,eea_co2_monitoring_2024 (eea_kia_2024_final.json),eea_kia_2024_final.json,explicit,,central
EU27,kia,HU,2024,2024-01..2024-12,PICANTO,ICE,156,registrations,119.6603,,WLTP,eea_co2_monitoring_2024 (eea_kia_2024_final.json),eea_kia_2024_final.json,explicit,,central
EU27,kia,HU,2024,2024-01..2024-12,PROCEED,ICE,449,registrations,140.6437,,WLTP,eea_co2_monitoring_2024 (eea_kia_2024_final.json),eea_kia_2024_final.json,explicit,,central
EU27,kia,HU,2024,2024-01..2024-12,SORENTO,HEV,50,registrations,155.36,,WLTP,eea_co2_monitoring_2024 (eea_kia_2024_final.json),eea_kia_2024_final.json,explicit,,central
EU27,kia,HU,2024,2024-01..2024-12,SORENTO,ICE,185,registrations,171.3297,,WLTP,eea_co2_monitoring_2024 (eea_kia_2024_final.json),eea_kia_2024_final.json,explicit,,central
EU27,kia,HU,2024,2024-01..2024-12,SOUL,BEV,1,registrations,0.0,157.0,WLTP,eea_co2_monitoring_2024 (eea_kia_2024_final.json),eea_kia_2024_final.json,explicit,,central
EU27,kia,HU,2024,2024-01..2024-12,SPORTAGE,HEV,585,registrations,140.6889,,WLTP,eea_co2_monitoring_2024 (eea_kia_2024_final.json),eea_kia_2024_final.json,explicit,,central
EU27,kia,HU,2024,2024-01..2024-12,SPORTAGE,ICE,1348,registrations,159.4592,,WLTP,eea_co2_monitoring_2024 (eea_kia_2024_final.json),eea_kia_2024_final.json,explicit,,central
EU27,kia,HU,2024,2024-01..2024-12,STINGER,ICE,1,registrations,247.0,,WLTP,eea_co2_monitoring_2024 (eea_kia_2024_final.json),eea_kia_2024_final.json,explicit,,central
EU27,kia,HU,2024,2024-01..2024-12,STONIC,HEV,2,registrations,128.0,,WLTP,eea_co2_monitoring_2024 (eea_kia_2024_final.json),eea_kia_2024_final.json,explicit,,central
EU27,kia,HU,2024,2024-01..2024-12,STONIC,ICE,129,registrations,128.3643,,WLTP,eea_co2_monitoring_2024 (eea_kia_2024_final.json),eea_kia_2024_final.json,explicit,,central
EU27,kia,HU,2024,2024-01..2024-12,XCEED,ICE,410,registrations,141.9732,,WLTP,eea_co2_monitoring_2024 (eea_kia_2024_final.json),eea_kia_2024_final.json,explicit,,central
EU27,kia,IE,2024,2024-01..2024-12,CEED,HEV,277,registrations,117.3935,,WLTP,eea_co2_monitoring_2024 (eea_kia_2024_final.json),eea_kia_2024_final.json,explicit,,central
EU27,kia,IE,2024,2024-01..2024-12,CEED,ICE,383,registrations,126.4778,,WLTP,eea_co2_monitoring_2024 (eea_kia_2024_final.json),eea_kia_2024_final.json,explicit,,central
EU27,kia,IE,2024,2024-01..2024-12,EV3,BEV,20,registrations,0.0,152.2,WLTP,eea_co2_monitoring_2024 (eea_kia_2024_final.json),eea_kia_2024_final.json,explicit,,central
EU27,kia,IE,2024,2024-01..2024-12,EV6,BEV,749,registrations,0.0,170.1442,WLTP,eea_co2_monitoring_2024 (eea_kia_2024_final.json),eea_kia_2024_final.json,explicit,,central
EU27,kia,IE,2024,2024-01..2024-12,EV9,BEV,278,registrations,0.0,221.1727,WLTP,eea_co2_monitoring_2024 (eea_kia_2024_final.json),eea_kia_2024_final.json,explicit,,central
EU27,kia,IE,2024,2024-01..2024-12,NIRO,BEV,440,registrations,0.0,162.0,WLTP,eea_co2_monitoring_2024 (eea_kia_2024_final.json),eea_kia_2024_final.json,explicit,,central
EU27,kia,IE,2024,2024-01..2024-12,NIRO,HEV,453,registrations,105.0,,WLTP,eea_co2_monitoring_2024 (eea_kia_2024_final.json),eea_kia_2024_final.json,explicit,,central
EU27,kia,IE,2024,2024-01..2024-12,PICANTO,ICE,471,registrations,116.6561,,WLTP,eea_co2_monitoring_2024 (eea_kia_2024_final.json),eea_kia_2024_final.json,explicit,,central
EU27,kia,IE,2024,2024-01..2024-12,SORENTO,ICE,559,registrations,162.9678,,WLTP,eea_co2_monitoring_2024 (eea_kia_2024_final.json),eea_kia_2024_final.json,explicit,,central
EU27,kia,IE,2024,2024-01..2024-12,SPORTAGE,HEV,1256,registrations,129.6568,,WLTP,eea_co2_monitoring_2024 (eea_kia_2024_final.json),eea_kia_2024_final.json,explicit,,central
EU27,kia,IE,2024,2024-01..2024-12,SPORTAGE,ICE,1847,registrations,139.9968,,WLTP,eea_co2_monitoring_2024 (eea_kia_2024_final.json),eea_kia_2024_final.json,explicit,,central
EU27,kia,IE,2024,2024-01..2024-12,STONIC,HEV,110,registrations,129.0,,WLTP,eea_co2_monitoring_2024 (eea_kia_2024_final.json),eea_kia_2024_final.json,explicit,,central
EU27,kia,IE,2024,2024-01..2024-12,STONIC,ICE,688,registrations,125.0,,WLTP,eea_co2_monitoring_2024 (eea_kia_2024_final.json),eea_kia_2024_final.json,explicit,,central
EU27,kia,IT,2024,2024-01..2024-12,CEED,HEV,134,registrations,122.597,,WLTP,eea_co2_monitoring_2024 (eea_kia_2024_final.json),eea_kia_2024_final.json,explicit,,central
EU27,kia,IT,2024,2024-01..2024-12,CEED,ICE,24,registrations,147.3333,,WLTP,eea_co2_monitoring_2024 (eea_kia_2024_final.json),eea_kia_2024_final.json,explicit,,central
EU27,kia,IT,2024,2024-01..2024-12,EV3,BEV,191,registrations,0.0,153.0314,WLTP,eea_co2_monitoring_2024 (eea_kia_2024_final.json),eea_kia_2024_final.json,explicit,,central
EU27,kia,IT,2024,2024-01..2024-12,EV6,BEV,134,registrations,0.0,182.0597,WLTP,eea_co2_monitoring_2024 (eea_kia_2024_final.json),eea_kia_2024_final.json,explicit,,central
EU27,kia,IT,2024,2024-01..2024-12,EV9,BEV,109,registrations,0.0,228.0,WLTP,eea_co2_monitoring_2024 (eea_kia_2024_final.json),eea_kia_2024_final.json,explicit,,central
EU27,kia,IT,2024,2024-01..2024-12,NIRO,BEV,110,registrations,0.0,162.0,WLTP,eea_co2_monitoring_2024 (eea_kia_2024_final.json),eea_kia_2024_final.json,explicit,,central
EU27,kia,IT,2024,2024-01..2024-12,NIRO,HEV,1863,registrations,104.0483,,WLTP,eea_co2_monitoring_2024 (eea_kia_2024_final.json),eea_kia_2024_final.json,explicit,,central
EU27,kia,IT,2024,2024-01..2024-12,NIRO,ICE,112,registrations,102.7411,,WLTP,eea_co2_monitoring_2024 (eea_kia_2024_final.json),eea_kia_2024_final.json,explicit,,central
EU27,kia,IT,2024,2024-01..2024-12,PICANTO,ICE,12428,registrations,116.3173,,WLTP,eea_co2_monitoring_2024 (eea_kia_2024_final.json),eea_kia_2024_final.json,explicit,,central
EU27,kia,IT,2024,2024-01..2024-12,PROCEED,HEV,65,registrations,128.9385,,WLTP,eea_co2_monitoring_2024 (eea_kia_2024_final.json),eea_kia_2024_final.json,explicit,,central
EU27,kia,IT,2024,2024-01..2024-12,PROCEED,ICE,142,registrations,141.2887,,WLTP,eea_co2_monitoring_2024 (eea_kia_2024_final.json),eea_kia_2024_final.json,explicit,,central
EU27,kia,IT,2024,2024-01..2024-12,SORENTO,HEV,222,registrations,160.1802,,WLTP,eea_co2_monitoring_2024 (eea_kia_2024_final.json),eea_kia_2024_final.json,explicit,,central
EU27,kia,IT,2024,2024-01..2024-12,SORENTO,ICE,491,registrations,171.1731,,WLTP,eea_co2_monitoring_2024 (eea_kia_2024_final.json),eea_kia_2024_final.json,explicit,,central
EU27,kia,IT,2024,2024-01..2024-12,SOUL,ICE,1,registrations,168.0,,WLTP,eea_co2_monitoring_2024 (eea_kia_2024_final.json),eea_kia_2024_final.json,explicit,,central
EU27,kia,IT,2024,2024-01..2024-12,SPORTAGE,HEV,18540,registrations,134.596,,WLTP,eea_co2_monitoring_2024 (eea_kia_2024_final.json),eea_kia_2024_final.json,explicit,,central
EU27,kia,IT,2024,2024-01..2024-12,SPORTAGE,ICE,2937,registrations,142.825,,WLTP,eea_co2_monitoring_2024 (eea_kia_2024_final.json),eea_kia_2024_final.json,explicit,,central
EU27,kia,IT,2024,2024-01..2024-12,STONIC,HEV,1794,registrations,124.961,,WLTP,eea_co2_monitoring_2024 (eea_kia_2024_final.json),eea_kia_2024_final.json,explicit,,central
EU27,kia,IT,2024,2024-01..2024-12,STONIC,ICE,5062,registrations,123.7256,,WLTP,eea_co2_monitoring_2024 (eea_kia_2024_final.json),eea_kia_2024_final.json,explicit,,central
EU27,kia,IT,2024,2024-01..2024-12,XCEED,HEV,1182,registrations,134.3993,,WLTP,eea_co2_monitoring_2024 (eea_kia_2024_final.json),eea_kia_2024_final.json,explicit,,central
EU27,kia,IT,2024,2024-01..2024-12,XCEED,ICE,1047,registrations,132.5158,,WLTP,eea_co2_monitoring_2024 (eea_kia_2024_final.json),eea_kia_2024_final.json,explicit,,central
EU27,kia,LT,2024,2024-01..2024-12,CEED,HEV,2,registrations,122.5,,WLTP,eea_co2_monitoring_2024 (eea_kia_2024_final.json),eea_kia_2024_final.json,explicit,,central
EU27,kia,LT,2024,2024-01..2024-12,CEED,ICE,445,registrations,134.9213,,WLTP,eea_co2_monitoring_2024 (eea_kia_2024_final.json),eea_kia_2024_final.json,explicit,,central
EU27,kia,LT,2024,2024-01..2024-12,EV3,BEV,6,registrations,0.0,153.3333,WLTP,eea_co2_monitoring_2024 (eea_kia_2024_final.json),eea_kia_2024_final.json,explicit,,central
EU27,kia,LT,2024,2024-01..2024-12,EV6,BEV,19,registrations,0.0,179.7895,WLTP,eea_co2_monitoring_2024 (eea_kia_2024_final.json),eea_kia_2024_final.json,explicit,,central
EU27,kia,LT,2024,2024-01..2024-12,EV9,BEV,10,registrations,0.0,228.0,WLTP,eea_co2_monitoring_2024 (eea_kia_2024_final.json),eea_kia_2024_final.json,explicit,,central
EU27,kia,LT,2024,2024-01..2024-12,NIRO,BEV,24,registrations,0.0,162.0,WLTP,eea_co2_monitoring_2024 (eea_kia_2024_final.json),eea_kia_2024_final.json,explicit,,central
EU27,kia,LT,2024,2024-01..2024-12,NIRO,HEV,44,registrations,103.8182,,WLTP,eea_co2_monitoring_2024 (eea_kia_2024_final.json),eea_kia_2024_final.json,explicit,,central
EU27,kia,LT,2024,2024-01..2024-12,PICANTO,ICE,27,registrations,126.963,,WLTP,eea_co2_monitoring_2024 (eea_kia_2024_final.json),eea_kia_2024_final.json,explicit,,central
EU27,kia,LT,2024,2024-01..2024-12,PROCEED,ICE,327,registrations,143.2171,,WLTP,eea_co2_monitoring_2024 (eea_kia_2024_final.json),eea_kia_2024_final.json,explicit,,central
EU27,kia,LT,2024,2024-01..2024-12,RIO,ICE,2,registrations,129.0,,WLTP,eea_co2_monitoring_2024 (eea_kia_2024_final.json),eea_kia_2024_final.json,explicit,,central
EU27,kia,LT,2024,2024-01..2024-12,SORENTO,ICE,23,registrations,173.4783,,WLTP,eea_co2_monitoring_2024 (eea_kia_2024_final.json),eea_kia_2024_final.json,explicit,,central
EU27,kia,LT,2024,2024-01..2024-12,SPORTAGE,HEV,1044,registrations,143.4425,,WLTP,eea_co2_monitoring_2024 (eea_kia_2024_final.json),eea_kia_2024_final.json,explicit,,central
EU27,kia,LT,2024,2024-01..2024-12,SPORTAGE,ICE,45,registrations,154.7333,,WLTP,eea_co2_monitoring_2024 (eea_kia_2024_final.json),eea_kia_2024_final.json,explicit,,central
EU27,kia,LT,2024,2024-01..2024-12,STONIC,ICE,57,registrations,129.0351,,WLTP,eea_co2_monitoring_2024 (eea_kia_2024_final.json),eea_kia_2024_final.json,explicit,,central
EU27,kia,LT,2024,2024-01..2024-12,XCEED,ICE,71,registrations,141.3662,,WLTP,eea_co2_monitoring_2024 (eea_kia_2024_final.json),eea_kia_2024_final.json,explicit,,central
EU27,kia,LU,2024,2024-01..2024-12,CEED,HEV,36,registrations,121.5833,,WLTP,eea_co2_monitoring_2024 (eea_kia_2024_final.json),eea_kia_2024_final.json,explicit,,central
EU27,kia,LU,2024,2024-01..2024-12,CEED,ICE,102,registrations,134.6961,,WLTP,eea_co2_monitoring_2024 (eea_kia_2024_final.json),eea_kia_2024_final.json,explicit,,central
EU27,kia,LU,2024,2024-01..2024-12,EV3,BEV,34,registrations,0.0,151.7059,WLTP,eea_co2_monitoring_2024 (eea_kia_2024_final.json),eea_kia_2024_final.json,explicit,,central
EU27,kia,LU,2024,2024-01..2024-12,EV6,BEV,204,registrations,0.0,172.6078,WLTP,eea_co2_monitoring_2024 (eea_kia_2024_final.json),eea_kia_2024_final.json,explicit,,central
EU27,kia,LU,2024,2024-01..2024-12,EV9,BEV,57,registrations,0.0,225.8947,WLTP,eea_co2_monitoring_2024 (eea_kia_2024_final.json),eea_kia_2024_final.json,explicit,,central
EU27,kia,LU,2024,2024-01..2024-12,NIRO,BEV,64,registrations,0.0,162.0,WLTP,eea_co2_monitoring_2024 (eea_kia_2024_final.json),eea_kia_2024_final.json,explicit,,central
EU27,kia,LU,2024,2024-01..2024-12,NIRO,HEV,38,registrations,103.1842,,WLTP,eea_co2_monitoring_2024 (eea_kia_2024_final.json),eea_kia_2024_final.json,explicit,,central
EU27,kia,LU,2024,2024-01..2024-12,PICANTO,ICE,266,registrations,118.4286,,WLTP,eea_co2_monitoring_2024 (eea_kia_2024_final.json),eea_kia_2024_final.json,explicit,,central
EU27,kia,LU,2024,2024-01..2024-12,PROCEED,ICE,34,registrations,147.2353,,WLTP,eea_co2_monitoring_2024 (eea_kia_2024_final.json),eea_kia_2024_final.json,explicit,,central
EU27,kia,LU,2024,2024-01..2024-12,SORENTO,HEV,19,registrations,161.5789,,WLTP,eea_co2_monitoring_2024 (eea_kia_2024_final.json),eea_kia_2024_final.json,explicit,,central
EU27,kia,LU,2024,2024-01..2024-12,SORENTO,ICE,11,registrations,172.7273,,WLTP,eea_co2_monitoring_2024 (eea_kia_2024_final.json),eea_kia_2024_final.json,explicit,,central
EU27,kia,LU,2024,2024-01..2024-12,SOUL,BEV,5,registrations,0.0,157.0,WLTP,eea_co2_monitoring_2024 (eea_kia_2024_final.json),eea_kia_2024_final.json,explicit,,central
EU27,kia,LU,2024,2024-01..2024-12,SPORTAGE,HEV,257,registrations,140.0428,,WLTP,eea_co2_monitoring_2024 (eea_kia_2024_final.json),eea_kia_2024_final.json,explicit,,central
EU27,kia,LU,2024,2024-01..2024-12,SPORTAGE,ICE,4,registrations,155.5,,WLTP,eea_co2_monitoring_2024 (eea_kia_2024_final.json),eea_kia_2024_final.json,explicit,,central
EU27,kia,LU,2024,2024-01..2024-12,STONIC,HEV,10,registrations,129.0,,WLTP,eea_co2_monitoring_2024 (eea_kia_2024_final.json),eea_kia_2024_final.json,explicit,,central
EU27,kia,LU,2024,2024-01..2024-12,STONIC,ICE,234,registrations,129.735,,WLTP,eea_co2_monitoring_2024 (eea_kia_2024_final.json),eea_kia_2024_final.json,explicit,,central
EU27,kia,LU,2024,2024-01..2024-12,XCEED,HEV,18,registrations,129.2222,,WLTP,eea_co2_monitoring_2024 (eea_kia_2024_final.json),eea_kia_2024_final.json,explicit,,central
EU27,kia,LU,2024,2024-01..2024-12,XCEED,ICE,50,registrations,146.02,,WLTP,eea_co2_monitoring_2024 (eea_kia_2024_final.json),eea_kia_2024_final.json,explicit,,central
EU27,kia,LV,2024,2024-01..2024-12,CEED,HEV,7,registrations,123.4286,,WLTP,eea_co2_monitoring_2024 (eea_kia_2024_final.json),eea_kia_2024_final.json,explicit,,central
EU27,kia,LV,2024,2024-01..2024-12,CEED,ICE,252,registrations,134.131,,WLTP,eea_co2_monitoring_2024 (eea_kia_2024_final.json),eea_kia_2024_final.json,explicit,,central
EU27,kia,LV,2024,2024-01..2024-12,EV3,BEV,4,registrations,0.0,150.5,WLTP,eea_co2_monitoring_2024 (eea_kia_2024_final.json),eea_kia_2024_final.json,explicit,,central
EU27,kia,LV,2024,2024-01..2024-12,EV6,BEV,11,registrations,0.0,176.2727,WLTP,eea_co2_monitoring_2024 (eea_kia_2024_final.json),eea_kia_2024_final.json,explicit,,central
EU27,kia,LV,2024,2024-01..2024-12,EV9,BEV,12,registrations,0.0,227.3333,WLTP,eea_co2_monitoring_2024 (eea_kia_2024_final.json),eea_kia_2024_final.json,explicit,,central
EU27,kia,LV,2024,2024-01..2024-12,NIRO,BEV,23,registrations,0.0,162.0,WLTP,eea_co2_monitoring_2024 (eea_kia_2024_final.json),eea_kia_2024_final.json,explicit,,central
EU27,kia,LV,2024,2024-01..2024-12,NIRO,HEV,11,registrations,105.0,,WLTP,eea_co2_monitoring_2024 (eea_kia_2024_final.json),eea_kia_2024_final.json,explicit,,central
EU27,kia,LV,2024,2024-01..2024-12,PICANTO,ICE,15,registrations,126.2667,,WLTP,eea_co2_monitoring_2024 (eea_kia_2024_final.json),eea_kia_2024_final.json,explicit,,central
EU27,kia,LV,2024,2024-01..2024-12,PROCEED,ICE,27,registrations,146.7407,,WLTP,eea_co2_monitoring_2024 (eea_kia_2024_final.json),eea_kia_2024_final.json,explicit,,central
EU27,kia,LV,2024,2024-01..2024-12,RIO,ICE,2,registrations,126.0,,WLTP,eea_co2_monitoring_2024 (eea_kia_2024_final.json),eea_kia_2024_final.json,explicit,,central
EU27,kia,LV,2024,2024-01..2024-12,SORENTO,ICE,17,registrations,173.6471,,WLTP,eea_co2_monitoring_2024 (eea_kia_2024_final.json),eea_kia_2024_final.json,explicit,,central
EU27,kia,LV,2024,2024-01..2024-12,SPORTAGE,HEV,288,registrations,140.9479,,WLTP,eea_co2_monitoring_2024 (eea_kia_2024_final.json),eea_kia_2024_final.json,explicit,,central
EU27,kia,LV,2024,2024-01..2024-12,SPORTAGE,ICE,35,registrations,155.3429,,WLTP,eea_co2_monitoring_2024 (eea_kia_2024_final.json),eea_kia_2024_final.json,explicit,,central
EU27,kia,LV,2024,2024-01..2024-12,STONIC,HEV,2,registrations,129.0,,WLTP,eea_co2_monitoring_2024 (eea_kia_2024_final.json),eea_kia_2024_final.json,explicit,,central
EU27,kia,LV,2024,2024-01..2024-12,STONIC,ICE,31,registrations,128.6452,,WLTP,eea_co2_monitoring_2024 (eea_kia_2024_final.json),eea_kia_2024_final.json,explicit,,central
EU27,kia,LV,2024,2024-01..2024-12,XCEED,ICE,33,registrations,141.3636,,WLTP,eea_co2_monitoring_2024 (eea_kia_2024_final.json),eea_kia_2024_final.json,explicit,,central
EU27,kia,MT,2024,2024-01..2024-12,CEED,HEV,5,registrations,125.0,,WLTP,eea_co2_monitoring_2024 (eea_kia_2024_final.json),eea_kia_2024_final.json,explicit,,central
EU27,kia,MT,2024,2024-01..2024-12,CEED,ICE,3,registrations,132.0,,WLTP,eea_co2_monitoring_2024 (eea_kia_2024_final.json),eea_kia_2024_final.json,explicit,,central
EU27,kia,MT,2024,2024-01..2024-12,EV6,BEV,4,registrations,0.0,184.5,WLTP,eea_co2_monitoring_2024 (eea_kia_2024_final.json),eea_kia_2024_final.json,explicit,,central
EU27,kia,MT,2024,2024-01..2024-12,EV9,BEV,3,registrations,0.0,228.0,WLTP,eea_co2_monitoring_2024 (eea_kia_2024_final.json),eea_kia_2024_final.json,explicit,,central
EU27,kia,MT,2024,2024-01..2024-12,NIRO,BEV,21,registrations,0.0,162.0,WLTP,eea_co2_monitoring_2024 (eea_kia_2024_final.json),eea_kia_2024_final.json,explicit,,central
EU27,kia,MT,2024,2024-01..2024-12,NIRO,HEV,8,registrations,102.25,,WLTP,eea_co2_monitoring_2024 (eea_kia_2024_final.json),eea_kia_2024_final.json,explicit,,central
EU27,kia,MT,2024,2024-01..2024-12,PICANTO,ICE,319,registrations,118.7398,,WLTP,eea_co2_monitoring_2024 (eea_kia_2024_final.json),eea_kia_2024_final.json,explicit,,central
EU27,kia,MT,2024,2024-01..2024-12,SPORTAGE,HEV,10,registrations,131.4,,WLTP,eea_co2_monitoring_2024 (eea_kia_2024_final.json),eea_kia_2024_final.json,explicit,,central
EU27,kia,MT,2024,2024-01..2024-12,STONIC,ICE,113,registrations,129.5575,,WLTP,eea_co2_monitoring_2024 (eea_kia_2024_final.json),eea_kia_2024_final.json,explicit,,central
EU27,kia,MT,2024,2024-01..2024-12,XCEED,HEV,4,registrations,135.5,,WLTP,eea_co2_monitoring_2024 (eea_kia_2024_final.json),eea_kia_2024_final.json,explicit,,central
EU27,kia,MT,2024,2024-01..2024-12,XCEED,ICE,4,registrations,140.0,,WLTP,eea_co2_monitoring_2024 (eea_kia_2024_final.json),eea_kia_2024_final.json,explicit,,central
EU27,kia,NL,2024,2024-01..2024-12,CEED,HEV,228,registrations,125.6404,,WLTP,eea_co2_monitoring_2024 (eea_kia_2024_final.json),eea_kia_2024_final.json,explicit,,central
EU27,kia,NL,2024,2024-01..2024-12,CEED,ICE,2900,registrations,127.3059,,WLTP,eea_co2_monitoring_2024 (eea_kia_2024_final.json),eea_kia_2024_final.json,explicit,,central
EU27,kia,NL,2024,2024-01..2024-12,EV3,BEV,126,registrations,0.0,153.2302,WLTP,eea_co2_monitoring_2024 (eea_kia_2024_final.json),eea_kia_2024_final.json,explicit,,central
EU27,kia,NL,2024,2024-01..2024-12,EV6,BEV,2717,registrations,0.0,168.5462,WLTP,eea_co2_monitoring_2024 (eea_kia_2024_final.json),eea_kia_2024_final.json,explicit,,central
EU27,kia,NL,2024,2024-01..2024-12,EV9,BEV,1044,registrations,0.0,219.16,WLTP,eea_co2_monitoring_2024 (eea_kia_2024_final.json),eea_kia_2024_final.json,explicit,,central
EU27,kia,NL,2024,2024-01..2024-12,NIRO,BEV,5373,registrations,0.0,162.0,WLTP,eea_co2_monitoring_2024 (eea_kia_2024_final.json),eea_kia_2024_final.json,explicit,,central
EU27,kia,NL,2024,2024-01..2024-12,NIRO,HEV,4977,registrations,100.8344,,WLTP,eea_co2_monitoring_2024 (eea_kia_2024_final.json),eea_kia_2024_final.json,explicit,,central
EU27,kia,NL,2024,2024-01..2024-12,PICANTO,ICE,8373,registrations,112.5951,,WLTP,eea_co2_monitoring_2024 (eea_kia_2024_final.json),eea_kia_2024_final.json,explicit,,central
EU27,kia,NL,2024,2024-01..2024-12,PROCEED,ICE,669,registrations,136.6726,,WLTP,eea_co2_monitoring_2024 (eea_kia_2024_final.json),eea_kia_2024_final.json,explicit,,central
EU27,kia,NL,2024,2024-01..2024-12,RIO,HEV,10,registrations,117.3,,WLTP,eea_co2_monitoring_2024 (eea_kia_2024_final.json),eea_kia_2024_final.json,explicit,,central
EU27,kia,NL,2024,2024-01..2024-12,SORENTO,HEV,56,registrations,152.0893,,WLTP,eea_co2_monitoring_2024 (eea_kia_2024_final.json),eea_kia_2024_final.json,explicit,,central
EU27,kia,NL,2024,2024-01..2024-12,SOUL,BEV,90,registrations,0.0,157.0,WLTP,eea_co2_monitoring_2024 (eea_kia_2024_final.json),eea_kia_2024_final.json,explicit,,central
EU27,kia,NL,2024,2024-01..2024-12,SPORTAGE,HEV,2615,registrations,131.7098,,WLTP,eea_co2_monitoring_2024 (eea_kia_2024_final.json),eea_kia_2024_final.json,explicit,,central
EU27,kia,NL,2024,2024-01..2024-12,STONIC,HEV,2628,registrations,121.9136,,WLTP,eea_co2_monitoring_2024 (eea_kia_2024_final.json),eea_kia_2024_final.json,explicit,,central
EU27,kia,NL,2024,2024-01..2024-12,XCEED,ICE,206,registrations,141.4369,,WLTP,eea_co2_monitoring_2024 (eea_kia_2024_final.json),eea_kia_2024_final.json,explicit,,central
EU27,kia,PL,2024,2024-01..2024-12,CEED,HEV,16,registrations,117.6875,,WLTP,eea_co2_monitoring_2024 (eea_kia_2024_final.json),eea_kia_2024_final.json,explicit,,central
EU27,kia,PL,2024,2024-01..2024-12,CEED,ICE,5111,registrations,132.8623,,WLTP,eea_co2_monitoring_2024 (eea_kia_2024_final.json),eea_kia_2024_final.json,explicit,,central
EU27,kia,PL,2024,2024-01..2024-12,EV3,BEV,107,registrations,0.0,154.1215,WLTP,eea_co2_monitoring_2024 (eea_kia_2024_final.json),eea_kia_2024_final.json,explicit,,central
EU27,kia,PL,2024,2024-01..2024-12,EV6,BEV,427,registrations,0.0,179.3372,WLTP,eea_co2_monitoring_2024 (eea_kia_2024_final.json),eea_kia_2024_final.json,explicit,,central
EU27,kia,PL,2024,2024-01..2024-12,NIRO,BEV,374,registrations,0.0,162.0,WLTP,eea_co2_monitoring_2024 (eea_kia_2024_final.json),eea_kia_2024_final.json,explicit,,central
EU27,kia,PL,2024,2024-01..2024-12,NIRO,HEV,869,registrations,101.6709,,WLTP,eea_co2_monitoring_2024 (eea_kia_2024_final.json),eea_kia_2024_final.json,explicit,,central
EU27,kia,PL,2024,2024-01..2024-12,PICANTO,ICE,1446,registrations,117.8562,,WLTP,eea_co2_monitoring_2024 (eea_kia_2024_final.json),eea_kia_2024_final.json,explicit,,central
EU27,kia,PL,2024,2024-01..2024-12,PROCEED,ICE,1393,registrations,138.799,,WLTP,eea_co2_monitoring_2024 (eea_kia_2024_final.json),eea_kia_2024_final.json,explicit,,central
EU27,kia,PL,2024,2024-01..2024-12,RIO,ICE,51,registrations,120.6471,,WLTP,eea_co2_monitoring_2024 (eea_kia_2024_final.json),eea_kia_2024_final.json,explicit,,central
EU27,kia,PL,2024,2024-01..2024-12,SORENTO,HEV,1216,registrations,165.6735,,WLTP,eea_co2_monitoring_2024 (eea_kia_2024_final.json),eea_kia_2024_final.json,explicit,,central
EU27,kia,PL,2024,2024-01..2024-12,SORENTO,ICE,263,registrations,173.0608,,WLTP,eea_co2_monitoring_2024 (eea_kia_2024_final.json),eea_kia_2024_final.json,explicit,,central
EU27,kia,PL,2024,2024-01..2024-12,SOUL,BEV,12,registrations,0.0,156.8333,WLTP,eea_co2_monitoring_2024 (eea_kia_2024_final.json),eea_kia_2024_final.json,explicit,,central
EU27,kia,PL,2024,2024-01..2024-12,SPORTAGE,HEV,5406,registrations,139.606,,WLTP,eea_co2_monitoring_2024 (eea_kia_2024_final.json),eea_kia_2024_final.json,explicit,,central
EU27,kia,PL,2024,2024-01..2024-12,SPORTAGE,ICE,8384,registrations,158.0258,,WLTP,eea_co2_monitoring_2024 (eea_kia_2024_final.json),eea_kia_2024_final.json,explicit,,central
EU27,kia,PL,2024,2024-01..2024-12,STONIC,HEV,85,registrations,127.7647,,WLTP,eea_co2_monitoring_2024 (eea_kia_2024_final.json),eea_kia_2024_final.json,explicit,,central
EU27,kia,PL,2024,2024-01..2024-12,STONIC,ICE,2947,registrations,130.7004,,WLTP,eea_co2_monitoring_2024 (eea_kia_2024_final.json),eea_kia_2024_final.json,explicit,,central
EU27,kia,PL,2024,2024-01..2024-12,XCEED,ICE,4119,registrations,141.9228,,WLTP,eea_co2_monitoring_2024 (eea_kia_2024_final.json),eea_kia_2024_final.json,explicit,,central
EU27,kia,PT,2024,2024-01..2024-12,CEED,HEV,139,registrations,120.0,,WLTP,eea_co2_monitoring_2024 (eea_kia_2024_final.json),eea_kia_2024_final.json,explicit,,central
EU27,kia,PT,2024,2024-01..2024-12,CEED,ICE,314,registrations,127.4013,,WLTP,eea_co2_monitoring_2024 (eea_kia_2024_final.json),eea_kia_2024_final.json,explicit,,central
EU27,kia,PT,2024,2024-01..2024-12,EV3,BEV,237,registrations,0.0,151.3165,WLTP,eea_co2_monitoring_2024 (eea_kia_2024_final.json),eea_kia_2024_final.json,explicit,,central
EU27,kia,PT,2024,2024-01..2024-12,EV6,BEV,275,registrations,0.0,165.7455,WLTP,eea_co2_monitoring_2024 (eea_kia_2024_final.json),eea_kia_2024_final.json,explicit,,central
EU27,kia,PT,2024,2024-01..2024-12,EV9,BEV,129,registrations,0.0,210.6822,WLTP,eea_co2_monitoring_2024 (eea_kia_2024_final.json),eea_kia_2024_final.json,explicit,,central
EU27,kia,PT,2024,2024-01..2024-12,NIRO,BEV,337,registrations,0.0,162.0,WLTP,eea_co2_monitoring_2024 (eea_kia_2024_final.json),eea_kia_2024_final.json,explicit,,central
EU27,kia,PT,2024,2024-01..2024-12,NIRO,HEV,166,registrations,105.0,,WLTP,eea_co2_monitoring_2024 (eea_kia_2024_final.json),eea_kia_2024_final.json,explicit,,central
EU27,kia,PT,2024,2024-01..2024-12,PICANTO,ICE,832,registrations,117.4087,,WLTP,eea_co2_monitoring_2024 (eea_kia_2024_final.json),eea_kia_2024_final.json,explicit,,central
EU27,kia,PT,2024,2024-01..2024-12,PROCEED,ICE,14,registrations,133.5714,,WLTP,eea_co2_monitoring_2024 (eea_kia_2024_final.json),eea_kia_2024_final.json,explicit,,central
EU27,kia,PT,2024,2024-01..2024-12,SORENTO,HEV,30,registrations,152.5333,,WLTP,eea_co2_monitoring_2024 (eea_kia_2024_final.json),eea_kia_2024_final.json,explicit,,central
EU27,kia,PT,2024,2024-01..2024-12,SORENTO,ICE,6,registrations,169.0,,WLTP,eea_co2_monitoring_2024 (eea_kia_2024_final.json),eea_kia_2024_final.json,explicit,,central
EU27,kia,PT,2024,2024-01..2024-12,SPORTAGE,HEV,162,registrations,132.7531,,WLTP,eea_co2_monitoring_2024 (eea_kia_2024_final.json),eea_kia_2024_final.json,explicit,,central
EU27,kia,PT,2024,2024-01..2024-12,SPORTAGE,ICE,410,registrations,155.8951,,WLTP,eea_co2_monitoring_2024 (eea_kia_2024_final.json),eea_kia_2024_final.json,explicit,,central
EU27,kia,PT,2024,2024-01..2024-12,STONIC,HEV,46,registrations,128.3696,,WLTP,eea_co2_monitoring_2024 (eea_kia_2024_final.json),eea_kia_2024_final.json,explicit,,central
EU27,kia,PT,2024,2024-01..2024-12,STONIC,ICE,2541,registrations,132.0236,,WLTP,eea_co2_monitoring_2024 (eea_kia_2024_final.json),eea_kia_2024_final.json,explicit,,central
EU27,kia,PT,2024,2024-01..2024-12,XCEED,HEV,75,registrations,138.0,,WLTP,eea_co2_monitoring_2024 (eea_kia_2024_final.json),eea_kia_2024_final.json,explicit,,central
EU27,kia,PT,2024,2024-01..2024-12,XCEED,ICE,687,registrations,137.1834,,WLTP,eea_co2_monitoring_2024 (eea_kia_2024_final.json),eea_kia_2024_final.json,explicit,,central
EU27,kia,RO,2024,2024-01..2024-12,CEED,HEV,24,registrations,129.25,,WLTP,eea_co2_monitoring_2024 (eea_kia_2024_final.json),eea_kia_2024_final.json,explicit,,central
EU27,kia,RO,2024,2024-01..2024-12,CEED,ICE,632,registrations,132.0158,,WLTP,eea_co2_monitoring_2024 (eea_kia_2024_final.json),eea_kia_2024_final.json,explicit,,central
EU27,kia,RO,2024,2024-01..2024-12,EV3,BEV,3,registrations,0.0,155.0,WLTP,eea_co2_monitoring_2024 (eea_kia_2024_final.json),eea_kia_2024_final.json,explicit,,central
EU27,kia,RO,2024,2024-01..2024-12,EV6,BEV,26,registrations,0.0,174.7692,WLTP,eea_co2_monitoring_2024 (eea_kia_2024_final.json),eea_kia_2024_final.json,explicit,,central
EU27,kia,RO,2024,2024-01..2024-12,EV9,BEV,13,registrations,0.0,228.0,WLTP,eea_co2_monitoring_2024 (eea_kia_2024_final.json),eea_kia_2024_final.json,explicit,,central
EU27,kia,RO,2024,2024-01..2024-12,NIRO,BEV,31,registrations,0.0,162.0,WLTP,eea_co2_monitoring_2024 (eea_kia_2024_final.json),eea_kia_2024_final.json,explicit,,central
EU27,kia,RO,2024,2024-01..2024-12,NIRO,HEV,22,registrations,101.6818,,WLTP,eea_co2_monitoring_2024 (eea_kia_2024_final.json),eea_kia_2024_final.json,explicit,,central
EU27,kia,RO,2024,2024-01..2024-12,PICANTO,ICE,38,registrations,118.5526,,WLTP,eea_co2_monitoring_2024 (eea_kia_2024_final.json),eea_kia_2024_final.json,explicit,,central
EU27,kia,RO,2024,2024-01..2024-12,PROCEED,HEV,3,registrations,129.0,,WLTP,eea_co2_monitoring_2024 (eea_kia_2024_final.json),eea_kia_2024_final.json,explicit,,central
EU27,kia,RO,2024,2024-01..2024-12,PROCEED,ICE,30,registrations,145.6,,WLTP,eea_co2_monitoring_2024 (eea_kia_2024_final.json),eea_kia_2024_final.json,explicit,,central
EU27,kia,RO,2024,2024-01..2024-12,RIO,HEV,3,registrations,119.6667,,WLTP,eea_co2_monitoring_2024 (eea_kia_2024_final.json),eea_kia_2024_final.json,explicit,,central
EU27,kia,RO,2024,2024-01..2024-12,RIO,ICE,97,registrations,129.3711,,WLTP,eea_co2_monitoring_2024 (eea_kia_2024_final.json),eea_kia_2024_final.json,explicit,,central
EU27,kia,RO,2024,2024-01..2024-12,SORENTO,HEV,20,registrations,164.6,,WLTP,eea_co2_monitoring_2024 (eea_kia_2024_final.json),eea_kia_2024_final.json,explicit,,central
EU27,kia,RO,2024,2024-01..2024-12,SORENTO,ICE,9,registrations,173.5556,,WLTP,eea_co2_monitoring_2024 (eea_kia_2024_final.json),eea_kia_2024_final.json,explicit,,central
EU27,kia,RO,2024,2024-01..2024-12,SOUL,BEV,1,registrations,0.0,156.0,WLTP,eea_co2_monitoring_2024 (eea_kia_2024_final.json),eea_kia_2024_final.json,explicit,,central
EU27,kia,RO,2024,2024-01..2024-12,SPORTAGE,HEV,2112,registrations,143.679,,WLTP,eea_co2_monitoring_2024 (eea_kia_2024_final.json),eea_kia_2024_final.json,explicit,,central
EU27,kia,RO,2024,2024-01..2024-12,SPORTAGE,ICE,386,registrations,153.7974,,WLTP,eea_co2_monitoring_2024 (eea_kia_2024_final.json),eea_kia_2024_final.json,explicit,,central
EU27,kia,RO,2024,2024-01..2024-12,STONIC,HEV,7,registrations,125.0,,WLTP,eea_co2_monitoring_2024 (eea_kia_2024_final.json),eea_kia_2024_final.json,explicit,,central
EU27,kia,RO,2024,2024-01..2024-12,STONIC,ICE,209,registrations,134.7703,,WLTP,eea_co2_monitoring_2024 (eea_kia_2024_final.json),eea_kia_2024_final.json,explicit,,central
EU27,kia,RO,2024,2024-01..2024-12,XCEED,HEV,66,registrations,137.4242,,WLTP,eea_co2_monitoring_2024 (eea_kia_2024_final.json),eea_kia_2024_final.json,explicit,,central
EU27,kia,RO,2024,2024-01..2024-12,XCEED,ICE,352,registrations,139.7614,,WLTP,eea_co2_monitoring_2024 (eea_kia_2024_final.json),eea_kia_2024_final.json,explicit,,central
EU27,kia,SE,2024,2024-01..2024-12,CEED,ICE,1063,registrations,132.3415,,WLTP,eea_co2_monitoring_2024 (eea_kia_2024_final.json),eea_kia_2024_final.json,explicit,,central
EU27,kia,SE,2024,2024-01..2024-12,EV3,BEV,1401,registrations,0.0,152.6017,WLTP,eea_co2_monitoring_2024 (eea_kia_2024_final.json),eea_kia_2024_final.json,explicit,,central
EU27,kia,SE,2024,2024-01..2024-12,EV6,BEV,2515,registrations,0.0,172.07,WLTP,eea_co2_monitoring_2024 (eea_kia_2024_final.json),eea_kia_2024_final.json,explicit,,central
EU27,kia,SE,2024,2024-01..2024-12,EV6 GT,BEV,2,registrations,0.0,209.0,WLTP,eea_co2_monitoring_2024 (eea_kia_2024_final.json),eea_kia_2024_final.json,explicit,,central
EU27,kia,SE,2024,2024-01..2024-12,EV9,BEV,1786,registrations,0.0,225.1187,WLTP,eea_co2_monitoring_2024 (eea_kia_2024_final.json),eea_kia_2024_final.json,explicit,,central
EU27,kia,SE,2024,2024-01..2024-12,NIRO,BEV,1154,registrations,0.0,162.0,WLTP,eea_co2_monitoring_2024 (eea_kia_2024_final.json),eea_kia_2024_final.json,explicit,,central
EU27,kia,SE,2024,2024-01..2024-12,NIRO,HEV,351,registrations,100.5157,,WLTP,eea_co2_monitoring_2024 (eea_kia_2024_final.json),eea_kia_2024_final.json,explicit,,central
EU27,kia,SE,2024,2024-01..2024-12,PICANTO,ICE,807,registrations,117.6642,,WLTP,eea_co2_monitoring_2024 (eea_kia_2024_final.json),eea_kia_2024_final.json,explicit,,central
EU27,kia,SE,2024,2024-01..2024-12,SPORTAGE,HEV,135,registrations,136.9481,,WLTP,eea_co2_monitoring_2024 (eea_kia_2024_final.json),eea_kia_2024_final.json,explicit,,central
EU27,kia,SE,2024,2024-01..2024-12,SPORTAGE,ICE,204,registrations,167.3922,,WLTP,eea_co2_monitoring_2024 (eea_kia_2024_final.json),eea_kia_2024_final.json,explicit,,central
EU27,kia,SE,2024,2024-01..2024-12,STONIC,HEV,686,registrations,122.9009,,WLTP,eea_co2_monitoring_2024 (eea_kia_2024_final.json),eea_kia_2024_final.json,explicit,,central
EU27,kia,SI,2024,2024-01..2024-12,CEED,HEV,1,registrations,121.0,,WLTP,eea_co2_monitoring_2024 (eea_kia_2024_final.json),eea_kia_2024_final.json,explicit,,central
EU27,kia,SI,2024,2024-01..2024-12,CEED,ICE,452,registrations,131.8164,,WLTP,eea_co2_monitoring_2024 (eea_kia_2024_final.json),eea_kia_2024_final.json,explicit,,central
EU27,kia,SI,2024,2024-01..2024-12,CEED / 1.0 / T,ICE,1,registrations,134.0,,WLTP,eea_co2_monitoring_2024 (eea_kia_2024_final.json),eea_kia_2024_final.json,explicit,,central
EU27,kia,SI,2024,2024-01..2024-12,EV3,BEV,1,registrations,0.0,150.0,WLTP,eea_co2_monitoring_2024 (eea_kia_2024_final.json),eea_kia_2024_final.json,explicit,,central
EU27,kia,SI,2024,2024-01..2024-12,EV6,BEV,12,registrations,0.0,173.6667,WLTP,eea_co2_monitoring_2024 (eea_kia_2024_final.json),eea_kia_2024_final.json,explicit,,central
EU27,kia,SI,2024,2024-01..2024-12,EV9,BEV,4,registrations,0.0,228.0,WLTP,eea_co2_monitoring_2024 (eea_kia_2024_final.json),eea_kia_2024_final.json,explicit,,central
EU27,kia,SI,2024,2024-01..2024-12,NIRO,BEV,6,registrations,0.0,162.0,WLTP,eea_co2_monitoring_2024 (eea_kia_2024_final.json),eea_kia_2024_final.json,explicit,,central
EU27,kia,SI,2024,2024-01..2024-12,NIRO,HEV,3,registrations,100.6667,,WLTP,eea_co2_monitoring_2024 (eea_kia_2024_final.json),eea_kia_2024_final.json,explicit,,central
EU27,kia,SI,2024,2024-01..2024-12,PICANTO,ICE,265,registrations,117.7057,,WLTP,eea_co2_monitoring_2024 (eea_kia_2024_final.json),eea_kia_2024_final.json,explicit,,central
EU27,kia,SI,2024,2024-01..2024-12,PROCEED,ICE,27,registrations,142.7037,,WLTP,eea_co2_monitoring_2024 (eea_kia_2024_final.json),eea_kia_2024_final.json,explicit,,central
EU27,kia,SI,2024,2024-01..2024-12,RIO,ICE,11,registrations,129.2727,,WLTP,eea_co2_monitoring_2024 (eea_kia_2024_final.json),eea_kia_2024_final.json,explicit,,central
EU27,kia,SI,2024,2024-01..2024-12,SORENTO,HEV,18,registrations,162.0,,WLTP,eea_co2_monitoring_2024 (eea_kia_2024_final.json),eea_kia_2024_final.json,explicit,,central
EU27,kia,SI,2024,2024-01..2024-12,SORENTO,ICE,21,registrations,172.7143,,WLTP,eea_co2_monitoring_2024 (eea_kia_2024_final.json),eea_kia_2024_final.json,explicit,,central
EU27,kia,SI,2024,2024-01..2024-12,SPORTAGE,HEV,264,registrations,145.0341,,WLTP,eea_co2_monitoring_2024 (eea_kia_2024_final.json),eea_kia_2024_final.json,explicit,,central
EU27,kia,SI,2024,2024-01..2024-12,SPORTAGE,ICE,425,registrations,154.6212,,WLTP,eea_co2_monitoring_2024 (eea_kia_2024_final.json),eea_kia_2024_final.json,explicit,,central
EU27,kia,SI,2024,2024-01..2024-12,STONIC,HEV,7,registrations,119.0,,WLTP,eea_co2_monitoring_2024 (eea_kia_2024_final.json),eea_kia_2024_final.json,explicit,,central
EU27,kia,SI,2024,2024-01..2024-12,STONIC,ICE,467,registrations,128.1627,,WLTP,eea_co2_monitoring_2024 (eea_kia_2024_final.json),eea_kia_2024_final.json,explicit,,central
EU27,kia,SI,2024,2024-01..2024-12,XCEED,ICE,301,registrations,141.6611,,WLTP,eea_co2_monitoring_2024 (eea_kia_2024_final.json),eea_kia_2024_final.json,explicit,,central
EU27,kia,SK,2024,2024-01..2024-12,CEED,HEV,145,registrations,119.1517,,WLTP,eea_co2_monitoring_2024 (eea_kia_2024_final.json),eea_kia_2024_final.json,explicit,,central
EU27,kia,SK,2024,2024-01..2024-12,CEED,ICE,2871,registrations,132.0111,,WLTP,eea_co2_monitoring_2024 (eea_kia_2024_final.json),eea_kia_2024_final.json,explicit,,central
EU27,kia,SK,2024,2024-01..2024-12,EV3,BEV,7,registrations,0.0,154.1429,WLTP,eea_co2_monitoring_2024 (eea_kia_2024_final.json),eea_kia_2024_final.json,explicit,,central
EU27,kia,SK,2024,2024-01..2024-12,EV6,BEV,142,registrations,0.0,178.1056,WLTP,eea_co2_monitoring_2024 (eea_kia_2024_final.json),eea_kia_2024_final.json,explicit,,central
EU27,kia,SK,2024,2024-01..2024-12,EV9,BEV,65,registrations,0.0,227.2,WLTP,eea_co2_monitoring_2024 (eea_kia_2024_final.json),eea_kia_2024_final.json,explicit,,central
EU27,kia,SK,2024,2024-01..2024-12,NIRO,BEV,44,registrations,0.0,162.0,WLTP,eea_co2_monitoring_2024 (eea_kia_2024_final.json),eea_kia_2024_final.json,explicit,,central
EU27,kia,SK,2024,2024-01..2024-12,NIRO,HEV,102,registrations,104.2941,,WLTP,eea_co2_monitoring_2024 (eea_kia_2024_final.json),eea_kia_2024_final.json,explicit,,central
EU27,kia,SK,2024,2024-01..2024-12,PICANTO,ICE,114,registrations,120.8509,,WLTP,eea_co2_monitoring_2024 (eea_kia_2024_final.json),eea_kia_2024_final.json,explicit,,central
EU27,kia,SK,2024,2024-01..2024-12,PROCEED,ICE,402,registrations,141.505,,WLTP,eea_co2_monitoring_2024 (eea_kia_2024_final.json),eea_kia_2024_final.json,explicit,,central
EU27,kia,SK,2024,2024-01..2024-12,RIO,ICE,13,registrations,122.0,,WLTP,eea_co2_monitoring_2024 (eea_kia_2024_final.json),eea_kia_2024_final.json,explicit,,central
EU27,kia,SK,2024,2024-01..2024-12,SORENTO,HEV,76,registrations,161.8553,,WLTP,eea_co2_monitoring_2024 (eea_kia_2024_final.json),eea_kia_2024_final.json,explicit,,central
EU27,kia,SK,2024,2024-01..2024-12,SORENTO,ICE,286,registrations,172.8357,,WLTP,eea_co2_monitoring_2024 (eea_kia_2024_final.json),eea_kia_2024_final.json,explicit,,central
EU27,kia,SK,2024,2024-01..2024-12,SPORTAGE,HEV,1185,registrations,144.7165,,WLTP,eea_co2_monitoring_2024 (eea_kia_2024_final.json),eea_kia_2024_final.json,explicit,,central
EU27,kia,SK,2024,2024-01..2024-12,SPORTAGE,ICE,1395,registrations,162.9677,,WLTP,eea_co2_monitoring_2024 (eea_kia_2024_final.json),eea_kia_2024_final.json,explicit,,central
EU27,kia,SK,2024,2024-01..2024-12,STINGER,ICE,6,registrations,247.0,,WLTP,eea_co2_monitoring_2024 (eea_kia_2024_final.json),eea_kia_2024_final.json,explicit,,central
EU27,kia,SK,2024,2024-01..2024-12,STONIC,HEV,8,registrations,128.0,,WLTP,eea_co2_monitoring_2024 (eea_kia_2024_final.json),eea_kia_2024_final.json,explicit,,central
EU27,kia,SK,2024,2024-01..2024-12,STONIC,ICE,918,registrations,128.927,,WLTP,eea_co2_monitoring_2024 (eea_kia_2024_final.json),eea_kia_2024_final.json,explicit,,central
EU27,kia,SK,2024,2024-01..2024-12,XCEED,HEV,4,registrations,129.0,,WLTP,eea_co2_monitoring_2024 (eea_kia_2024_final.json),eea_kia_2024_final.json,explicit,,central
EU27,kia,SK,2024,2024-01..2024-12,XCEED,ICE,764,registrations,140.2762,,WLTP,eea_co2_monitoring_2024 (eea_kia_2024_final.json),eea_kia_2024_final.json,explicit,,central
KR,kia,KR,2026,2026-01..2026-06,Carnival,HEV,30202,retail_sales,176.6,,KR_5CYCLE,"kea_fuel_economy_labels (kea_vehicle_fuel_economy_labels.csv): Carnival HEV, 5 label trims, trim mean; tailpipe derived from label km/L with fuel carbon factors",kia_2026_retail_sales_by_model_market.xlsx,kr_unsplit_central_ice_all_hev,"retail sales as published by the exporter's investor-relations release; partial year: the source covers 2026-01..2026-06 only, not the full cohort year",all_hev
KR,kia,KR,2026,2026-01..2026-06,K5,HEV,15747,retail_sales,125.43,,KR_5CYCLE,"kea_fuel_economy_labels (kea_vehicle_fuel_economy_labels.csv): K5 HEV, 11 label trims, trim mean; tailpipe derived from label km/L with fuel carbon factors",kia_2026_retail_sales_by_model_market.xlsx,kr_unsplit_central_ice_all_hev,"retail sales as published by the exporter's investor-relations release; partial year: the source covers 2026-01..2026-06 only, not the full cohort year",all_hev
KR,kia,KR,2026,2026-01..2026-06,K8,HEV,10965,retail_sales,136.7,,KR_5CYCLE,"kea_fuel_economy_labels (kea_vehicle_fuel_economy_labels.csv): K8 HEV, 8 label trims, trim mean; tailpipe derived from label km/L with fuel carbon factors",kia_2026_retail_sales_by_model_market.xlsx,kr_unsplit_central_ice_all_hev,"retail sales as published by the exporter's investor-relations release; partial year: the source covers 2026-01..2026-06 only, not the full cohort year",all_hev
KR,kia,KR,2026,2026-01..2026-06,Seltos,HEV,23545,retail_sales,125.83,,KR_5CYCLE,"kea_fuel_economy_labels (kea_vehicle_fuel_economy_labels.csv): Seltos HEV, 5 label trims, trim mean; tailpipe derived from label km/L with fuel carbon factors",kia_2026_retail_sales_by_model_market.xlsx,kr_unsplit_central_ice_all_hev,"retail sales as published by the exporter's investor-relations release; partial year: the source covers 2026-01..2026-06 only, not the full cohort year",all_hev
KR,kia,KR,2026,2026-01..2026-06,Sorento,HEV,55426,retail_sales,162.85,,KR_5CYCLE,"kea_fuel_economy_labels (kea_vehicle_fuel_economy_labels.csv): Sorento HEV, 49 label trims, trim mean; tailpipe derived from label km/L with fuel carbon factors",kia_2026_retail_sales_by_model_market.xlsx,kr_unsplit_central_ice_all_hev,"retail sales as published by the exporter's investor-relations release; partial year: the source covers 2026-01..2026-06 only, not the full cohort year",all_hev
KR,kia,KR,2026,2026-01..2026-06,Sportage,HEV,31263,retail_sales,150.94,,KR_5CYCLE,"kea_fuel_economy_labels (kea_vehicle_fuel_economy_labels.csv): Sportage HEV, 16 label trims, trim mean; tailpipe derived from label km/L with fuel carbon factors",kia_2026_retail_sales_by_model_market.xlsx,kr_unsplit_central_ice_all_hev,"retail sales as published by the exporter's investor-relations release; partial year: the source covers 2026-01..2026-06 only, not the full cohort year",all_hev
KR,hyundai,KR,2024,2024-01..2024-12,Avante (CN7 HEV),HEV,5605,domestic_sales,117.83,,KR_5CYCLE,"kea_fuel_economy_labels (kea_vehicle_fuel_economy_labels.csv): Avante HEV, 9 label trims, trim mean; tailpipe derived from label km/L with fuel carbon factors",hyundai_2024_sales_by_model.xlsx,stated,Korea domestic sales as published in the exporter's IR release,central
KR,hyundai,KR,2025,2025-01..2025-12,Avante (CN7 HEV),HEV,14782,domestic_sales,117.83,,KR_5CYCLE,"kea_fuel_economy_labels (kea_vehicle_fuel_economy_labels.csv): Avante HEV, 9 label trims, trim mean; tailpipe derived from label km/L with fuel carbon factors",hyundai_2025_sales_by_model.xlsx,stated,Korea domestic sales as published in the exporter's IR release,central
KR,hyundai,KR,2024,2024-01..2024-12,Avante (CN7 N),ICE,1097,domestic_sales,167.75,,KR_5CYCLE,"kea_fuel_economy_labels (kea_vehicle_fuel_economy_labels.csv): Avante ICE, 37 label trims, trim mean; tailpipe derived from label km/L with fuel carbon factors",hyundai_2024_sales_by_model.xlsx,stated,Korea domestic sales as published in the exporter's IR release,central
KR,hyundai,KR,2025,2025-01..2025-12,Avante (CN7 N),ICE,1699,domestic_sales,167.75,,KR_5CYCLE,"kea_fuel_economy_labels (kea_vehicle_fuel_economy_labels.csv): Avante ICE, 37 label trims, trim mean; tailpipe derived from label km/L with fuel carbon factors",hyundai_2025_sales_by_model.xlsx,stated,Korea domestic sales as published in the exporter's IR release,central
KR,hyundai,KR,2024,2024-01..2024-12,Avante (CN7),ICE,50188,domestic_sales,167.75,,KR_5CYCLE,"kea_fuel_economy_labels (kea_vehicle_fuel_economy_labels.csv): Avante ICE, 37 label trims, trim mean; tailpipe derived from label km/L with fuel carbon factors",hyundai_2024_sales_by_model.xlsx,stated,Korea domestic sales as published in the exporter's IR release,central
KR,hyundai,KR,2025,2025-01..2025-12,Avante (CN7),ICE,62854,domestic_sales,167.75,,KR_5CYCLE,"kea_fuel_economy_labels (kea_vehicle_fuel_economy_labels.csv): Avante ICE, 37 label trims, trim mean; tailpipe derived from label km/L with fuel carbon factors",hyundai_2025_sales_by_model.xlsx,stated,Korea domestic sales as published in the exporter's IR release,central
KR,hyundai,KR,2024,2024-01..2024-12,Casper (AX EV),BEV,7871,domestic_sales,,193.33,KR_5CYCLE,"kea_fuel_economy_labels (kea_vehicle_fuel_economy_labels.csv): Casper BEV, 5 label trims, trim mean; tailpipe derived from label km/L with fuel carbon factors",hyundai_2024_sales_by_model.xlsx,stated,Korea domestic sales as published in the exporter's IR release,central
KR,hyundai,KR,2025,2025-01..2025-12,Casper (AX EV),BEV,8519,domestic_sales,,193.33,KR_5CYCLE,"kea_fuel_economy_labels (kea_vehicle_fuel_economy_labels.csv): Casper BEV, 5 label trims, trim mean; tailpipe derived from label km/L with fuel carbon factors",hyundai_2025_sales_by_model.xlsx,stated,Korea domestic sales as published in the exporter's IR release,central
KR,hyundai,KR,2024,2024-01..2024-12,Casper (AX),ICE,33917,domestic_sales,176.05,,KR_5CYCLE,"kea_fuel_economy_labels (kea_vehicle_fuel_economy_labels.csv): Casper ICE, 12 label trims, trim mean; tailpipe derived from label km/L with fuel carbon factors",hyundai_2024_sales_by_model.xlsx,stated,Korea domestic sales as published in the exporter's IR release,central
KR,hyundai,KR,2025,2025-01..2025-12,Casper (AX),ICE,9750,domestic_sales,176.05,,KR_5CYCLE,"kea_fuel_economy_labels (kea_vehicle_fuel_economy_labels.csv): Casper ICE, 12 label trims, trim mean; tailpipe derived from label km/L with fuel carbon factors",hyundai_2025_sales_by_model.xlsx,stated,Korea domestic sales as published in the exporter's IR release,central
KR,hyundai,KR,2024,2024-01..2024-12,Grandeur (GN7 HEV),HEV,38269,domestic_sales,146.47,,KR_5CYCLE,"kea_fuel_economy_labels (kea_vehicle_fuel_economy_labels.csv): Grandeur HEV, 7 label trims, trim mean; tailpipe derived from label km/L with fuel carbon factors",hyundai_2024_sales_by_model.xlsx,stated,Korea domestic sales as published in the exporter's IR release,central
KR,hyundai,KR,2025,2025-01..2025-12,Grandeur (GN7 HEV),HEV,39173,domestic_sales,146.47,,KR_5CYCLE,"kea_fuel_economy_labels (kea_vehicle_fuel_economy_labels.csv): Grandeur HEV, 7 label trims, trim mean; tailpipe derived from label km/L with fuel carbon factors",hyundai_2025_sales_by_model.xlsx,stated,Korea domestic sales as published in the exporter's IR release,central
KR,hyundai,KR,2024,2024-01..2024-12,Grandeur (GN7),ICE,33387,domestic_sales,222.77,,KR_5CYCLE,"kea_fuel_economy_labels (kea_vehicle_fuel_economy_labels.csv): Grandeur ICE, 39 label trims, trim mean; tailpipe derived from label km/L with fuel carbon factors",hyundai_2024_sales_by_model.xlsx,stated,Korea domestic sales as published in the exporter's IR release,central
KR,hyundai,KR,2025,2025-01..2025-12,Grandeur (GN7),ICE,32602,domestic_sales,222.77,,KR_5CYCLE,"kea_fuel_economy_labels (kea_vehicle_fuel_economy_labels.csv): Grandeur ICE, 39 label trims, trim mean; tailpipe derived from label km/L with fuel carbon factors",hyundai_2025_sales_by_model.xlsx,stated,Korea domestic sales as published in the exporter's IR release,central
KR,hyundai,KR,2024,2024-01..2024-12,IONIQ 5 (NE),BEV,13862,domestic_sales,,208.43,KR_5CYCLE,"kea_fuel_economy_labels (kea_vehicle_fuel_economy_labels.csv): IONIQ 5 BEV, 23 label trims, trim mean; tailpipe derived from label km/L with fuel carbon factors",hyundai_2024_sales_by_model.xlsx,explicit,Korea domestic sales as published in the exporter's IR release,central
KR,hyundai,KR,2025,2025-01..2025-12,IONIQ 5 (NE),BEV,13914,domestic_sales,,208.43,KR_5CYCLE,"kea_fuel_economy_labels (kea_vehicle_fuel_economy_labels.csv): IONIQ 5 BEV, 23 label trims, trim mean; tailpipe derived from label km/L with fuel carbon factors",hyundai_2025_sales_by_model.xlsx,explicit,Korea domestic sales as published in the exporter's IR release,central
KR,hyundai,KR,2024,2024-01..2024-12,IONIQ 5 N (NE N),BEV,351,domestic_sales,,208.43,KR_5CYCLE,"kea_fuel_economy_labels (kea_vehicle_fuel_economy_labels.csv): IONIQ 5 BEV, 23 label trims, trim mean; tailpipe derived from label km/L with fuel carbon factors",hyundai_2024_sales_by_model.xlsx,explicit,Korea domestic sales as published in the exporter's IR release,central
KR,hyundai,KR,2025,2025-01..2025-12,IONIQ 5 N (NE N),BEV,297,domestic_sales,,208.43,KR_5CYCLE,"kea_fuel_economy_labels (kea_vehicle_fuel_economy_labels.csv): IONIQ 5 BEV, 23 label trims, trim mean; tailpipe derived from label km/L with fuel carbon factors",hyundai_2025_sales_by_model.xlsx,explicit,Korea domestic sales as published in the exporter's IR release,central
KR,hyundai,KR,2024,2024-01..2024-12,IONIQ 6 (CE),BEV,4957,domestic_sales,,188.02,KR_5CYCLE,"kea_fuel_economy_labels (kea_vehicle_fuel_economy_labels.csv): IONIQ 6 BEV, 14 label trims, trim mean; tailpipe derived from label km/L with fuel carbon factors",hyundai_2024_sales_by_model.xlsx,explicit,Korea domestic sales as published in the exporter's IR release,central
KR,hyundai,KR,2025,2025-01..2025-12,IONIQ 6 (CE),BEV,4979,domestic_sales,,188.02,KR_5CYCLE,"kea_fuel_economy_labels (kea_vehicle_fuel_economy_labels.csv): IONIQ 6 BEV, 14 label trims, trim mean; tailpipe derived from label km/L with fuel carbon factors",hyundai_2025_sales_by_model.xlsx,explicit,Korea domestic sales as published in the exporter's IR release,central
KR,hyundai,KR,2025,2025-01..2025-12,IONIQ 6 N (CE N),BEV,102,domestic_sales,,188.02,KR_5CYCLE,"kea_fuel_economy_labels (kea_vehicle_fuel_economy_labels.csv): IONIQ 6 BEV, 14 label trims, trim mean; tailpipe derived from label km/L with fuel carbon factors",hyundai_2025_sales_by_model.xlsx,explicit,Korea domestic sales as published in the exporter's IR release,central
KR,hyundai,KR,2025,2025-01..2025-12,IONIQ 9 (ME EV),BEV,8227,domestic_sales,,239.61,KR_5CYCLE,"kea_fuel_economy_labels (kea_vehicle_fuel_economy_labels.csv): IONIQ 9 BEV, 4 label trims, trim mean; tailpipe derived from label km/L with fuel carbon factors",hyundai_2025_sales_by_model.xlsx,explicit,Korea domestic sales as published in the exporter's IR release,central
KR,hyundai,KR,2024,2024-01..2024-12,Kona (SX2 EV),BEV,3004,domestic_sales,,191.4,KR_5CYCLE,"kea_fuel_economy_labels (kea_vehicle_fuel_economy_labels.csv): Kona BEV, 6 label trims, trim mean; tailpipe derived from label km/L with fuel carbon factors",hyundai_2024_sales_by_model.xlsx,stated,Korea domestic sales as published in the exporter's IR release,central
KR,hyundai,KR,2025,2025-01..2025-12,Kona (SX2 EV),BEV,4077,domestic_sales,,191.4,KR_5CYCLE,"kea_fuel_economy_labels (kea_vehicle_fuel_economy_labels.csv): Kona BEV, 6 label trims, trim mean; tailpipe derived from label km/L with fuel carbon factors",hyundai_2025_sales_by_model.xlsx,stated,Korea domestic sales as published in the exporter's IR release,central
KR,hyundai,KR,2024,2024-01..2024-12,Kona (SX2 HEV),HEV,7863,domestic_sales,125.83,,KR_5CYCLE,"kea_fuel_economy_labels (kea_vehicle_fuel_economy_labels.csv): Kona HEV, 5 label trims, trim mean; tailpipe derived from label km/L with fuel carbon factors",hyundai_2024_sales_by_model.xlsx,stated,Korea domestic sales as published in the exporter's IR release,central
KR,hyundai,KR,2025,2025-01..2025-12,Kona (SX2 HEV),HEV,8387,domestic_sales,125.83,,KR_5CYCLE,"kea_fuel_economy_labels (kea_vehicle_fuel_economy_labels.csv): Kona HEV, 5 label trims, trim mean; tailpipe derived from label km/L with fuel carbon factors",hyundai_2025_sales_by_model.xlsx,stated,Korea domestic sales as published in the exporter's IR release,central
KR,hyundai,KR,2024,2024-01..2024-12,Kona (SX2),ICE,17592,domestic_sales,187.87,,KR_5CYCLE,"kea_fuel_economy_labels (kea_vehicle_fuel_economy_labels.csv): Kona ICE, 29 label trims, trim mean; tailpipe derived from label km/L with fuel carbon factors",hyundai_2024_sales_by_model.xlsx,stated,Korea domestic sales as published in the exporter's IR release,central
KR,hyundai,KR,2025,2025-01..2025-12,Kona (SX2),ICE,20274,domestic_sales,187.87,,KR_5CYCLE,"kea_fuel_economy_labels (kea_vehicle_fuel_economy_labels.csv): Kona ICE, 29 label trims, trim mean; tailpipe derived from label km/L with fuel carbon factors",hyundai_2025_sales_by_model.xlsx,stated,Korea domestic sales as published in the exporter's IR release,central
KR,hyundai,KR,2024,2024-01..2024-12,Palisade (LX2),ICE,20967,domestic_sales,249.34,,KR_5CYCLE,"kea_fuel_economy_labels (kea_vehicle_fuel_economy_labels.csv): Palisade ICE, 71 label trims, trim mean; tailpipe derived from label km/L with fuel carbon factors",hyundai_2024_sales_by_model.xlsx,stated,Korea domestic sales as published in the exporter's IR release,central
KR,hyundai,KR,2025,2025-01..2025-12,Palisade (LX2),ICE,1403,domestic_sales,249.34,,KR_5CYCLE,"kea_fuel_economy_labels (kea_vehicle_fuel_economy_labels.csv): Palisade ICE, 71 label trims, trim mean; tailpipe derived from label km/L with fuel carbon factors",hyundai_2025_sales_by_model.xlsx,stated,Korea domestic sales as published in the exporter's IR release,central
KR,hyundai,KR,2025,2025-01..2025-12,Palisade (LX3 HEV),HEV,38112,domestic_sales,186.91,,KR_5CYCLE,"kea_fuel_economy_labels (kea_vehicle_fuel_economy_labels.csv): Palisade HEV, 15 label trims, trim mean; tailpipe derived from label km/L with fuel carbon factors",hyundai_2025_sales_by_model.xlsx,stated,Korea domestic sales as published in the exporter's IR release,central
KR,hyundai,KR,2025,2025-01..2025-12,Palisade (LX3),ICE,21394,domestic_sales,249.34,,KR_5CYCLE,"kea_fuel_economy_labels (kea_vehicle_fuel_economy_labels.csv): Palisade ICE, 71 label trims, trim mean; tailpipe derived from label km/L with fuel carbon factors",hyundai_2025_sales_by_model.xlsx,stated,Korea domestic sales as published in the exporter's IR release,central
KR,hyundai,KR,2024,2024-01..2024-12,Santa-Fe (MX5 HEV),HEV,55847,domestic_sales,165.28,,KR_5CYCLE,"kea_fuel_economy_labels (kea_vehicle_fuel_economy_labels.csv): Santa-Fe HEV, 40 label trims, trim mean; tailpipe derived from label km/L with fuel carbon factors",hyundai_2024_sales_by_model.xlsx,stated,Korea domestic sales as published in the exporter's IR release,central
KR,hyundai,KR,2025,2025-01..2025-12,Santa-Fe (MX5 HEV),HEV,43062,domestic_sales,165.28,,KR_5CYCLE,"kea_fuel_economy_labels (kea_vehicle_fuel_economy_labels.csv): Santa-Fe HEV, 40 label trims, trim mean; tailpipe derived from label km/L with fuel carbon factors",hyundai_2025_sales_by_model.xlsx,stated,Korea domestic sales as published in the exporter's IR release,central
KR,hyundai,KR,2024,2024-01..2024-12,Santa-Fe (MX5),ICE,21312,domestic_sales,215.94,,KR_5CYCLE,"kea_fuel_economy_labels (kea_vehicle_fuel_economy_labels.csv): Santa-Fe ICE, 75 label trims, trim mean; tailpipe derived from label km/L with fuel carbon factors",hyundai_2024_sales_by_model.xlsx,stated,Korea domestic sales as published in the exporter's IR release,central
KR,hyundai,KR,2025,2025-01..2025-12,Santa-Fe (MX5),ICE,14827,domestic_sales,215.94,,KR_5CYCLE,"kea_fuel_economy_labels (kea_vehicle_fuel_economy_labels.csv): Santa-Fe ICE, 75 label trims, trim mean; tailpipe derived from label km/L with fuel carbon factors",hyundai_2025_sales_by_model.xlsx,stated,Korea domestic sales as published in the exporter's IR release,central
KR,hyundai,KR,2024,2024-01..2024-12,Santa-Fe (TM),ICE,2,domestic_sales,215.94,,KR_5CYCLE,"kea_fuel_economy_labels (kea_vehicle_fuel_economy_labels.csv): Santa-Fe ICE, 75 label trims, trim mean; tailpipe derived from label km/L with fuel carbon factors",hyundai_2024_sales_by_model.xlsx,stated,Korea domestic sales as published in the exporter's IR release,central
KR,hyundai,KR,2024,2024-01..2024-12,Sonata (DN8 HEV),HEV,9903,domestic_sales,126.71,,KR_5CYCLE,"kea_fuel_economy_labels (kea_vehicle_fuel_economy_labels.csv): Sonata HEV, 14 label trims, trim mean; tailpipe derived from label km/L with fuel carbon factors",hyundai_2024_sales_by_model.xlsx,stated,Korea domestic sales as published in the exporter's IR release,central
KR,hyundai,KR,2025,2025-01..2025-12,Sonata (DN8 HEV),HEV,9289,domestic_sales,126.71,,KR_5CYCLE,"kea_fuel_economy_labels (kea_vehicle_fuel_economy_labels.csv): Sonata HEV, 14 label trims, trim mean; tailpipe derived from label km/L with fuel carbon factors",hyundai_2025_sales_by_model.xlsx,stated,Korea domestic sales as published in the exporter's IR release,central
KR,hyundai,KR,2024,2024-01..2024-12,Sonata (DN8),ICE,29378,domestic_sales,179.24,,KR_5CYCLE,"kea_fuel_economy_labels (kea_vehicle_fuel_economy_labels.csv): Sonata ICE, 46 label trims, trim mean; tailpipe derived from label km/L with fuel carbon factors",hyundai_2024_sales_by_model.xlsx,stated,Korea domestic sales as published in the exporter's IR release,central
KR,hyundai,KR,2025,2025-01..2025-12,Sonata (DN8),ICE,26681,domestic_sales,179.24,,KR_5CYCLE,"kea_fuel_economy_labels (kea_vehicle_fuel_economy_labels.csv): Sonata ICE, 46 label trims, trim mean; tailpipe derived from label km/L with fuel carbon factors",hyundai_2025_sales_by_model.xlsx,stated,Korea domestic sales as published in the exporter's IR release,central
KR,hyundai,KR,2024,2024-01..2024-12,Sonata (LF),ICE,30,domestic_sales,179.24,,KR_5CYCLE,"kea_fuel_economy_labels (kea_vehicle_fuel_economy_labels.csv): Sonata ICE, 46 label trims, trim mean; tailpipe derived from label km/L with fuel carbon factors",hyundai_2024_sales_by_model.xlsx,stated,Korea domestic sales as published in the exporter's IR release,central
KR,hyundai,KR,2024,2024-01..2024-12,Tucson (NX4 HEV),HEV,28580,domestic_sales,153.08,,KR_5CYCLE,"kea_fuel_economy_labels (kea_vehicle_fuel_economy_labels.csv): Tucson HEV, 24 label trims, trim mean; tailpipe derived from label km/L with fuel carbon factors",hyundai_2024_sales_by_model.xlsx,stated,Korea domestic sales as published in the exporter's IR release,central
KR,hyundai,KR,2025,2025-01..2025-12,Tucson (NX4 HEV),HEV,24921,domestic_sales,153.08,,KR_5CYCLE,"kea_fuel_economy_labels (kea_vehicle_fuel_economy_labels.csv): Tucson HEV, 24 label trims, trim mean; tailpipe derived from label km/L with fuel carbon factors",hyundai_2025_sales_by_model.xlsx,stated,Korea domestic sales as published in the exporter's IR release,central
KR,hyundai,KR,2024,2024-01..2024-12,Tucson (NX4),ICE,26677,domestic_sales,198.66,,KR_5CYCLE,"kea_fuel_economy_labels (kea_vehicle_fuel_economy_labels.csv): Tucson ICE, 49 label trims, trim mean; tailpipe derived from label km/L with fuel carbon factors",hyundai_2024_sales_by_model.xlsx,stated,Korea domestic sales as published in the exporter's IR release,central
KR,hyundai,KR,2025,2025-01..2025-12,Tucson (NX4),ICE,28980,domestic_sales,198.66,,KR_5CYCLE,"kea_fuel_economy_labels (kea_vehicle_fuel_economy_labels.csv): Tucson ICE, 49 label trims, trim mean; tailpipe derived from label km/L with fuel carbon factors",hyundai_2025_sales_by_model.xlsx,stated,Korea domestic sales as published in the exporter's IR release,central
KR,hyundai,KR,2024,2024-01..2024-12,Venue (QX),ICE,4645,domestic_sales,174.28,,KR_5CYCLE,"kea_fuel_economy_labels (kea_vehicle_fuel_economy_labels.csv): Venue ICE, 4 label trims, trim mean; tailpipe derived from label km/L with fuel carbon factors",hyundai_2024_sales_by_model.xlsx,explicit,Korea domestic sales as published in the exporter's IR release,central
KR,hyundai,KR,2025,2025-01..2025-12,Venue (QX),ICE,12165,domestic_sales,174.28,,KR_5CYCLE,"kea_fuel_economy_labels (kea_vehicle_fuel_economy_labels.csv): Venue ICE, 4 label trims, trim mean; tailpipe derived from label km/L with fuel carbon factors",hyundai_2025_sales_by_model.xlsx,explicit,Korea domestic sales as published in the exporter's IR release,central
KR,kia,KR,2026,2026-01..2026-06,Carnival,ICE,30202,retail_sales,250.81,,KR_5CYCLE,"kea_fuel_economy_labels (kea_vehicle_fuel_economy_labels.csv): Carnival ICE, 66 label trims, trim mean; tailpipe derived from label km/L with fuel carbon factors",kia_2026_retail_sales_by_model_market.xlsx,kr_unsplit_central_ice,"retail sales as published by the exporter's investor-relations release; partial year: the source covers 2026-01..2026-06 only, not the full cohort year",central
KR,kia,KR,2026,2026-01..2026-06,EV3,BEV,18431,retail_sales,,201.13,KR_5CYCLE,"kea_fuel_economy_labels (kea_vehicle_fuel_economy_labels.csv): EV3 BEV, 6 label trims, trim mean; tailpipe derived from label km/L with fuel carbon factors",kia_2026_retail_sales_by_model_market.xlsx,explicit,"retail sales as published by the exporter's investor-relations release; partial year: the source covers 2026-01..2026-06 only, not the full cohort year",central
KR,kia,KR,2026,2026-01..2026-06,EV4,BEV,7726,retail_sales,,187.9,KR_5CYCLE,"kea_fuel_economy_labels (kea_vehicle_fuel_economy_labels.csv): EV4 BEV, 7 label trims, trim mean; tailpipe derived from label km/L with fuel carbon factors",kia_2026_retail_sales_by_model_market.xlsx,explicit,"retail sales as published by the exporter's investor-relations release; partial year: the source covers 2026-01..2026-06 only, not the full cohort year",central
KR,kia,KR,2026,2026-01..2026-06,EV5,BEV,15965,retail_sales,,209.88,KR_5CYCLE,"kea_fuel_economy_labels (kea_vehicle_fuel_economy_labels.csv): EV5 BEV, 7 label trims, trim mean; tailpipe derived from label km/L with fuel carbon factors",kia_2026_retail_sales_by_model_market.xlsx,explicit,"retail sales as published by the exporter's investor-relations release; partial year: the source covers 2026-01..2026-06 only, not the full cohort year",central
KR,kia,KR,2026,2026-01..2026-06,EV6,BEV,5297,retail_sales,,202.37,KR_5CYCLE,"kea_fuel_economy_labels (kea_vehicle_fuel_economy_labels.csv): EV6 BEV, 8 label trims, trim mean; tailpipe derived from label km/L with fuel carbon factors",kia_2026_retail_sales_by_model_market.xlsx,explicit,"retail sales as published by the exporter's investor-relations release; partial year: the source covers 2026-01..2026-06 only, not the full cohort year",central
KR,kia,KR,2026,2026-01..2026-06,EV9,BEV,1552,retail_sales,,252.73,KR_5CYCLE,"kea_fuel_economy_labels (kea_vehicle_fuel_economy_labels.csv): EV9 BEV, 23 label trims, trim mean; tailpipe derived from label km/L with fuel carbon factors",kia_2026_retail_sales_by_model_market.xlsx,explicit,"retail sales as published by the exporter's investor-relations release; partial year: the source covers 2026-01..2026-06 only, not the full cohort year",central
KR,kia,KR,2026,2026-01..2026-06,K5,ICE,15747,retail_sales,171.31,,KR_5CYCLE,"kea_fuel_economy_labels (kea_vehicle_fuel_economy_labels.csv): K5 ICE, 35 label trims, trim mean; tailpipe derived from label km/L with fuel carbon factors",kia_2026_retail_sales_by_model_market.xlsx,kr_unsplit_central_ice,"retail sales as published by the exporter's investor-relations release; partial year: the source covers 2026-01..2026-06 only, not the full cohort year",central
KR,kia,KR,2026,2026-01..2026-06,K8,ICE,10965,retail_sales,220.1,,KR_5CYCLE,"kea_fuel_economy_labels (kea_vehicle_fuel_economy_labels.csv): K8 ICE, 24 label trims, trim mean; tailpipe derived from label km/L with fuel carbon factors",kia_2026_retail_sales_by_model_market.xlsx,kr_unsplit_central_ice,"retail sales as published by the exporter's investor-relations release; partial year: the source covers 2026-01..2026-06 only, not the full cohort year",central
KR,kia,KR,2026,2026-01..2026-06,K9,ICE,734,retail_sales,275.99,,KR_5CYCLE,"kea_fuel_economy_labels (kea_vehicle_fuel_economy_labels.csv): K9 ICE, 31 label trims, trim mean; tailpipe derived from label km/L with fuel carbon factors",kia_2026_retail_sales_by_model_market.xlsx,explicit,"retail sales as published by the exporter's investor-relations release; partial year: the source covers 2026-01..2026-06 only, not the full cohort year",central
KR,kia,KR,2026,2026-01..2026-06,Morning / Picanto,ICE,11995,retail_sales,151.0,,KR_5CYCLE,"kea_fuel_economy_labels (kea_vehicle_fuel_economy_labels.csv): Morning / Picanto ICE, 24 label trims, trim mean; tailpipe derived from label km/L with fuel carbon factors",kia_2026_retail_sales_by_model_market.xlsx,explicit,"retail sales as published by the exporter's investor-relations release; partial year: the source covers 2026-01..2026-06 only, not the full cohort year",central
KR,kia,KR,2026,2026-01..2026-06,Niro,HEV,8450,retail_sales,121.62,,KR_5CYCLE,"kea_fuel_economy_labels (kea_vehicle_fuel_economy_labels.csv): Niro HEV, 10 label trims, trim mean; tailpipe derived from label km/L with fuel carbon factors",kia_2026_retail_sales_by_model_market.xlsx,explicit,"retail sales as published by the exporter's investor-relations release; partial year: the source covers 2026-01..2026-06 only, not the full cohort year",central
KR,kia,KR,2026,2026-01..2026-06,Niro EV,BEV,11,retail_sales,,188.68,KR_5CYCLE,"kea_fuel_economy_labels (kea_vehicle_fuel_economy_labels.csv): Niro BEV, 2 label trims, trim mean; tailpipe derived from label km/L with fuel carbon factors",kia_2026_retail_sales_by_model_market.xlsx,explicit,"retail sales as published by the exporter's investor-relations release; partial year: the source covers 2026-01..2026-06 only, not the full cohort year",central
KR,kia,KR,2026,2026-01..2026-06,PV5,BEV,15000,retail_sales,,226.2,KR_5CYCLE,"kea_fuel_economy_labels (kea_vehicle_fuel_economy_labels.csv): PV5 BEV, 9 label trims, trim mean; tailpipe derived from label km/L with fuel carbon factors",kia_2026_retail_sales_by_model_market.xlsx,explicit,"retail sales as published by the exporter's investor-relations release; partial year: the source covers 2026-01..2026-06 only, not the full cohort year",central
KR,kia,KR,2026,2026-01..2026-06,Ray,ICE,18662,retail_sales,180.1,,KR_5CYCLE,"kea_fuel_economy_labels (kea_vehicle_fuel_economy_labels.csv): Ray ICE, 16 label trims, trim mean; tailpipe derived from label km/L with fuel carbon factors",kia_2026_retail_sales_by_model_market.xlsx,explicit,"retail sales as published by the exporter's investor-relations release; partial year: the source covers 2026-01..2026-06 only, not the full cohort year",central
KR,kia,KR,2026,2026-01..2026-06,Ray EV,BEV,5718,retail_sales,,196.08,KR_5CYCLE,"kea_fuel_economy_labels (kea_vehicle_fuel_economy_labels.csv): Ray BEV, 3 label trims, trim mean; tailpipe derived from label km/L with fuel carbon factors",kia_2026_retail_sales_by_model_market.xlsx,explicit,"retail sales as published by the exporter's investor-relations release; partial year: the source covers 2026-01..2026-06 only, not the full cohort year",central
KR,kia,KR,2026,2026-01..2026-06,Seltos,ICE,23545,retail_sales,188.76,,KR_5CYCLE,"kea_fuel_economy_labels (kea_vehicle_fuel_economy_labels.csv): Seltos ICE, 35 label trims, trim mean; tailpipe derived from label km/L with fuel carbon factors",kia_2026_retail_sales_by_model_market.xlsx,kr_unsplit_central_ice,"retail sales as published by the exporter's investor-relations release; partial year: the source covers 2026-01..2026-06 only, not the full cohort year",central
KR,kia,KR,2026,2026-01..2026-06,Sorento,ICE,55426,retail_sales,214.04,,KR_5CYCLE,"kea_fuel_economy_labels (kea_vehicle_fuel_economy_labels.csv): Sorento ICE, 133 label trims, trim mean; tailpipe derived from label km/L with fuel carbon factors",kia_2026_retail_sales_by_model_market.xlsx,kr_unsplit_central_ice,"retail sales as published by the exporter's investor-relations release; partial year: the source covers 2026-01..2026-06 only, not the full cohort year",central
KR,kia,KR,2026,2026-01..2026-06,Sportage,ICE,31263,retail_sales,195.15,,KR_5CYCLE,"kea_fuel_economy_labels (kea_vehicle_fuel_economy_labels.csv): Sportage ICE, 97 label trims, trim mean; tailpipe derived from label km/L with fuel carbon factors",kia_2026_retail_sales_by_model_market.xlsx,kr_unsplit_central_ice,"retail sales as published by the exporter's investor-relations release; partial year: the source covers 2026-01..2026-06 only, not the full cohort year",central
US,hyundai,US,2024,2024-01..2024-12,Elantra,HEV,136698,brand_total_sales,106.25,,EPA,"epa_fueleconomy_vehicles (epa_fueleconomy_vehicles.csv): Elantra HEV model year 2024, 2 EPA model name(s), 2 trims, trim-weighted mean",hyundai_2024_us_retail_sales.xlsx,epa_share_my2024_all_hev,brand total sales including fleet as published by the company's US release (the Hyundai IR sheet is labelled retail but equals the brand total); powertrain split with EPA Automotive Trends MY2024 production shares (A-US-PT),all_hev
US,hyundai,US,2025,2025-01..2025-12,Elantra,HEV,148200,brand_total_sales,106.25,,EPA,"epa_fueleconomy_vehicles (epa_fueleconomy_vehicles.csv): Elantra HEV model year 2025, 2 EPA model name(s), 2 trims, trim-weighted mean",hyundai_2025_us_retail_sales.xlsx,epa_share_my2024_all_hev,brand total sales including fleet as published by the company's US release (the Hyundai IR sheet is labelled retail but equals the brand total); powertrain split with EPA Automotive Trends MY2024 production shares (A-US-PT),all_hev
US,hyundai,US,2024,2024-01..2024-12,Santa Fe,HEV,119010,brand_total_sales,157.51,,EPA,"epa_fueleconomy_vehicles (epa_fueleconomy_vehicles.csv): Santa Fe HEV model year 2024, 2 EPA model name(s), 2 trims, trim-weighted mean",hyundai_2024_us_retail_sales.xlsx,epa_share_my2024_all_hev,brand total sales including fleet as published by the company's US release (the Hyundai IR sheet is labelled retail but equals the brand total); powertrain split with EPA Automotive Trends MY2024 production shares (A-US-PT),all_hev
US,hyundai,US,2025,2025-01..2025-12,Santa Fe,HEV,142404,brand_total_sales,157.51,,EPA,"epa_fueleconomy_vehicles (epa_fueleconomy_vehicles.csv): Santa Fe HEV model year 2025, 2 EPA model name(s), 2 trims, trim-weighted mean",hyundai_2025_us_retail_sales.xlsx,epa_share_my2024_all_hev,brand total sales including fleet as published by the company's US release (the Hyundai IR sheet is labelled retail but equals the brand total); powertrain split with EPA Automotive Trends MY2024 production shares (A-US-PT),all_hev
US,hyundai,US,2024,2024-01..2024-12,Sonata,HEV,69343,brand_total_sales,116.82,,EPA,"epa_fueleconomy_vehicles (epa_fueleconomy_vehicles.csv): Sonata HEV model year 2024, 1 EPA model name(s), 1 trims, trim-weighted mean",hyundai_2024_us_retail_sales.xlsx,epa_share_my2024_all_hev,brand total sales including fleet as published by the company's US release (the Hyundai IR sheet is labelled retail but equals the brand total); powertrain split with EPA Automotive Trends MY2024 production shares (A-US-PT),all_hev
US,hyundai,US,2025,2025-01..2025-12,Sonata,HEV,60094,brand_total_sales,116.82,,EPA,"epa_fueleconomy_vehicles (epa_fueleconomy_vehicles.csv): Sonata HEV model year 2025, 1 EPA model name(s), 1 trims, trim-weighted mean",hyundai_2025_us_retail_sales.xlsx,epa_share_my2024_all_hev,brand total sales including fleet as published by the company's US release (the Hyundai IR sheet is labelled retail but equals the brand total); powertrain split with EPA Automotive Trends MY2024 production shares (A-US-PT),all_hev
US,hyundai,US,2024,2024-01..2024-12,Tucson,HEV,206126,brand_total_sales,150.06,,EPA,"epa_fueleconomy_vehicles (epa_fueleconomy_vehicles.csv): Tucson HEV model year 2024, 2 EPA model name(s), 2 trims, trim-weighted mean",hyundai_2024_us_retail_sales.xlsx,epa_share_my2024_all_hev,brand total sales including fleet as published by the company's US release (the Hyundai IR sheet is labelled retail but equals the brand total); powertrain split with EPA Automotive Trends MY2024 production shares (A-US-PT),all_hev
US,hyundai,US,2025,2025-01..2025-12,Tucson,HEV,234230,brand_total_sales,151.31,,EPA,"epa_fueleconomy_vehicles (epa_fueleconomy_vehicles.csv): Tucson HEV model year 2025, 2 EPA model name(s), 2 trims, trim-weighted mean",hyundai_2025_us_retail_sales.xlsx,epa_share_my2024_all_hev,brand total sales including fleet as published by the company's US release (the Hyundai IR sheet is labelled retail but equals the brand total); powertrain split with EPA Automotive Trends MY2024 production shares (A-US-PT),all_hev
US,kia,US,2024,2024-01..2024-12,Niro,HEV,30094,brand_total_sales,108.12,,EPA,"epa_fueleconomy_vehicles (epa_fueleconomy_vehicles.csv): Niro HEV model year 2024, 2 EPA model name(s), 2 trims, trim-weighted mean",kia_america_2024_sales_by_month.xlsx,epa_share_my2024_all_hev,brand total sales including fleet as published by the company's US release (the Hyundai IR sheet is labelled retail but equals the brand total); powertrain split with EPA Automotive Trends MY2024 production shares (A-US-PT),all_hev
US,kia,US,2025,2025-01..2025-12,Niro,HEV,31182,brand_total_sales,108.12,,EPA,"epa_fueleconomy_vehicles (epa_fueleconomy_vehicles.csv): Niro HEV model year 2025, 2 EPA model name(s), 2 trims, trim-weighted mean",kia_america_2025_sales_by_month.xlsx,epa_share_my2024_all_hev,brand total sales including fleet as published by the company's US release (the Hyundai IR sheet is labelled retail but equals the brand total); powertrain split with EPA Automotive Trends MY2024 production shares (A-US-PT),all_hev
US,kia,US,2026,2026-01..2026-06,Niro,HEV,12114,retail_sales,108.12,,EPA,"epa_fueleconomy_vehicles (epa_fueleconomy_vehicles.csv): Niro HEV model year 2025, 2 EPA model name(s), 2 trims, trim-weighted mean",kia_2026_retail_sales_by_model_market.xlsx,epa_share_my2024_all_hev,"retail sales as published by the exporter's investor-relations release; partial year: the source covers 2026-01..2026-06 only, not the full cohort year; powertrain split with EPA Automotive Trends MY2024 production shares (A-US-PT)",all_hev
US,kia,US,2024,2024-01..2024-12,Sorento,HEV,95154,brand_total_sales,156.59,,EPA,"epa_fueleconomy_vehicles (epa_fueleconomy_vehicles.csv): Sorento HEV model year 2024, 2 EPA model name(s), 2 trims, trim-weighted mean",kia_america_2024_sales_by_month.xlsx,epa_share_my2024_all_hev,brand total sales including fleet as published by the company's US release (the Hyundai IR sheet is labelled retail but equals the brand total); powertrain split with EPA Automotive Trends MY2024 production shares (A-US-PT),all_hev
US,kia,US,2025,2025-01..2025-12,Sorento,HEV,94772,brand_total_sales,158.14,,EPA,"epa_fueleconomy_vehicles (epa_fueleconomy_vehicles.csv): Sorento HEV model year 2025, 2 EPA model name(s), 2 trims, trim-weighted mean",kia_america_2025_sales_by_month.xlsx,epa_share_my2024_all_hev,brand total sales including fleet as published by the company's US release (the Hyundai IR sheet is labelled retail but equals the brand total); powertrain split with EPA Automotive Trends MY2024 production shares (A-US-PT),all_hev
US,kia,US,2026,2026-01..2026-06,Sorento,HEV,49348,retail_sales,158.14,,EPA,"epa_fueleconomy_vehicles (epa_fueleconomy_vehicles.csv): Sorento HEV model year 2025, 2 EPA model name(s), 2 trims, trim-weighted mean",kia_2026_retail_sales_by_model_market.xlsx,epa_share_my2024_all_hev,"retail sales as published by the exporter's investor-relations release; partial year: the source covers 2026-01..2026-06 only, not the full cohort year; powertrain split with EPA Automotive Trends MY2024 production shares (A-US-PT)",all_hev
US,kia,US,2024,2024-01..2024-12,Sportage,HEV,161917,brand_total_sales,137.01,,EPA,"epa_fueleconomy_vehicles (epa_fueleconomy_vehicles.csv): Sportage HEV model year 2024, 2 EPA model name(s), 2 trims, trim-weighted mean",kia_america_2024_sales_by_month.xlsx,epa_share_my2024_all_hev,brand total sales including fleet as published by the company's US release (the Hyundai IR sheet is labelled retail but equals the brand total); powertrain split with EPA Automotive Trends MY2024 production shares (A-US-PT),all_hev
US,kia,US,2025,2025-01..2025-12,Sportage,HEV,182823,brand_total_sales,137.01,,EPA,"epa_fueleconomy_vehicles (epa_fueleconomy_vehicles.csv): Sportage HEV model year 2025, 2 EPA model name(s), 2 trims, trim-weighted mean",kia_america_2025_sales_by_month.xlsx,epa_share_my2024_all_hev,brand total sales including fleet as published by the company's US release (the Hyundai IR sheet is labelled retail but equals the brand total); powertrain split with EPA Automotive Trends MY2024 production shares (A-US-PT),all_hev
US,kia,US,2026,2026-01..2026-06,Sportage,HEV,94907,retail_sales,137.01,,EPA,"epa_fueleconomy_vehicles (epa_fueleconomy_vehicles.csv): Sportage HEV model year 2025, 2 EPA model name(s), 2 trims, trim-weighted mean",kia_2026_retail_sales_by_model_market.xlsx,epa_share_my2024_all_hev,"retail sales as published by the exporter's investor-relations release; partial year: the source covers 2026-01..2026-06 only, not the full cohort year; powertrain split with EPA Automotive Trends MY2024 production shares (A-US-PT)",all_hev
US,hyundai,US,2024,2024-01..2024-12,Elantra,HEV,14482,brand_total_sales,106.25,,EPA,"epa_fueleconomy_vehicles (epa_fueleconomy_vehicles.csv): Elantra HEV model year 2024, 2 EPA model name(s), 2 trims, trim-weighted mean",hyundai_2024_us_retail_sales.xlsx,epa_share_my2024: HEV share 0.106,brand total sales including fleet as published by the company's US release (the Hyundai IR sheet is labelled retail but equals the brand total); powertrain split with EPA Automotive Trends MY2024 production shares (A-US-PT),central
US,hyundai,US,2025,2025-01..2025-12,Elantra,HEV,15700,brand_total_sales,106.25,,EPA,"epa_fueleconomy_vehicles (epa_fueleconomy_vehicles.csv): Elantra HEV model year 2025, 2 EPA model name(s), 2 trims, trim-weighted mean",hyundai_2025_us_retail_sales.xlsx,epa_share_my2024: HEV share 0.106,brand total sales including fleet as published by the company's US release (the Hyundai IR sheet is labelled retail but equals the brand total); powertrain split with EPA Automotive Trends MY2024 production shares (A-US-PT),central
US,hyundai,US,2024,2024-01..2024-12,Elantra,ICE,122216,brand_total_sales,192.5,,EPA,"epa_fueleconomy_vehicles (epa_fueleconomy_vehicles.csv): Elantra ICE model year 2024, 2 EPA model name(s), 5 trims, trim-weighted mean",hyundai_2024_us_retail_sales.xlsx,epa_share_my2024: ICE share 0.894,brand total sales including fleet as published by the company's US release (the Hyundai IR sheet is labelled retail but equals the brand total); powertrain split with EPA Automotive Trends MY2024 production shares (A-US-PT),central
US,hyundai,US,2025,2025-01..2025-12,Elantra,ICE,132500,brand_total_sales,193.25,,EPA,"epa_fueleconomy_vehicles (epa_fueleconomy_vehicles.csv): Elantra ICE model year 2025, 2 EPA model name(s), 5 trims, trim-weighted mean",hyundai_2025_us_retail_sales.xlsx,epa_share_my2024: ICE share 0.894,brand total sales including fleet as published by the company's US release (the Hyundai IR sheet is labelled retail but equals the brand total); powertrain split with EPA Automotive Trends MY2024 production shares (A-US-PT),central
US,hyundai,US,2024,2024-01..2024-12,IONIQ 5,BEV,44351,brand_total_sales,,196.81,EPA,"epa_fueleconomy_vehicles (epa_fueleconomy_vehicles.csv): Ioniq 5 BEV model year 2024, 3 EPA model name(s), 3 trims, trim-weighted mean",hyundai_2024_us_retail_sales.xlsx,explicit,brand total sales including fleet as published by the company's US release (the Hyundai IR sheet is labelled retail but equals the brand total),central
US,hyundai,US,2025,2025-01..2025-12,IONIQ 5,BEV,47023,brand_total_sales,,223.21,EPA,"epa_fueleconomy_vehicles (epa_fueleconomy_vehicles.csv): Ioniq 5 BEV model year 2025, 7 EPA model name(s), 7 trims, trim-weighted mean",hyundai_2025_us_retail_sales.xlsx,explicit,brand total sales including fleet as published by the company's US release (the Hyundai IR sheet is labelled retail but equals the brand total),central
US,hyundai,US,2024,2024-01..2024-12,IONIQ 6,BEV,12264,brand_total_sales,,171.78,EPA,"epa_fueleconomy_vehicles (epa_fueleconomy_vehicles.csv): Ioniq 6 BEV model year 2024, 5 EPA model name(s), 5 trims, trim-weighted mean",hyundai_2024_us_retail_sales.xlsx,explicit,brand total sales including fleet as published by the company's US release (the Hyundai IR sheet is labelled retail but equals the brand total),central
US,hyundai,US,2025,2025-01..2025-12,IONIQ 6,BEV,10478,brand_total_sales,,175.59,EPA,"epa_fueleconomy_vehicles (epa_fueleconomy_vehicles.csv): Ioniq 6 BEV model year 2025, 5 EPA model name(s), 5 trims, trim-weighted mean",hyundai_2025_us_retail_sales.xlsx,explicit,brand total sales including fleet as published by the company's US release (the Hyundai IR sheet is labelled retail but equals the brand total),central
US,hyundai,US,2024,2024-01..2024-12,Kona,BEV,4156,brand_total_sales,,179.0,EPA,"epa_fueleconomy_vehicles (epa_fueleconomy_vehicles.csv): Kona BEV model year 2024, 2 EPA model name(s), 2 trims, trim-weighted mean",hyundai_2024_us_retail_sales.xlsx,epa_share_my2024: BEV share 0.051,brand total sales including fleet as published by the company's US release (the Hyundai IR sheet is labelled retail but equals the brand total); powertrain split with EPA Automotive Trends MY2024 production shares (A-US-PT),central
US,hyundai,US,2025,2025-01..2025-12,Kona,BEV,3784,brand_total_sales,,183.54,EPA,"epa_fueleconomy_vehicles (epa_fueleconomy_vehicles.csv): Kona BEV model year 2025, 3 EPA model name(s), 3 trims, trim-weighted mean",hyundai_2025_us_retail_sales.xlsx,epa_share_my2024: BEV share 0.051,brand total sales including fleet as published by the company's US release (the Hyundai IR sheet is labelled retail but equals the brand total); powertrain split with EPA Automotive Trends MY2024 production shares (A-US-PT),central
US,hyundai,US,2024,2024-01..2024-12,Kona,ICE,78016,brand_total_sales,192.94,,EPA,"epa_fueleconomy_vehicles (epa_fueleconomy_vehicles.csv): Kona ICE model year 2024, 2 EPA model name(s), 6 trims, trim-weighted mean",hyundai_2024_us_retail_sales.xlsx,epa_share_my2024: ICE share 0.949,brand total sales including fleet as published by the company's US release (the Hyundai IR sheet is labelled retail but equals the brand total); powertrain split with EPA Automotive Trends MY2024 production shares (A-US-PT),central
US,hyundai,US,2025,2025-01..2025-12,Kona,ICE,71030,brand_total_sales,193.46,,EPA,"epa_fueleconomy_vehicles (epa_fueleconomy_vehicles.csv): Kona ICE model year 2025, 2 EPA model name(s), 6 trims, trim-weighted mean",hyundai_2025_us_retail_sales.xlsx,epa_share_my2024: ICE share 0.949,brand total sales including fleet as published by the company's US release (the Hyundai IR sheet is labelled retail but equals the brand total); powertrain split with EPA Automotive Trends MY2024 production shares (A-US-PT),central
US,hyundai,US,2024,2024-01..2024-12,Palisade,ICE,110055,brand_total_sales,256.0,,EPA,"epa_fueleconomy_vehicles (epa_fueleconomy_vehicles.csv): Palisade ICE model year 2024, 2 EPA model name(s), 2 trims, trim-weighted mean",hyundai_2024_us_retail_sales.xlsx,explicit,brand total sales including fleet as published by the company's US release (the Hyundai IR sheet is labelled retail but equals the brand total),central
US,hyundai,US,2025,2025-01..2025-12,Palisade,ICE,123929,brand_total_sales,255.69,,EPA,"epa_fueleconomy_vehicles (epa_fueleconomy_vehicles.csv): Palisade ICE model year 2025, 2 EPA model name(s), 2 trims, trim-weighted mean",hyundai_2025_us_retail_sales.xlsx,explicit,brand total sales including fleet as published by the company's US release (the Hyundai IR sheet is labelled retail but equals the brand total),central
US,hyundai,US,2024,2024-01..2024-12,Santa Cruz(Tucson O/B),ICE,32033,brand_total_sales,243.16,,EPA,"epa_fueleconomy_vehicles (epa_fueleconomy_vehicles.csv): Santa Cruz ICE model year 2024, 2 EPA model name(s), 3 trims, trim-weighted mean",hyundai_2024_us_retail_sales.xlsx,explicit,brand total sales including fleet as published by the company's US release (the Hyundai IR sheet is labelled retail but equals the brand total),central
US,hyundai,US,2025,2025-01..2025-12,Santa Cruz(Tucson O/B),ICE,25499,brand_total_sales,240.47,,EPA,"epa_fueleconomy_vehicles (epa_fueleconomy_vehicles.csv): Santa Cruz ICE model year 2025, 3 EPA model name(s), 4 trims, trim-weighted mean",hyundai_2025_us_retail_sales.xlsx,explicit,brand total sales including fleet as published by the company's US release (the Hyundai IR sheet is labelled retail but equals the brand total),central
US,hyundai,US,2024,2024-01..2024-12,Santa Fe,HEV,26177,brand_total_sales,157.51,,EPA,"epa_fueleconomy_vehicles (epa_fueleconomy_vehicles.csv): Santa Fe HEV model year 2024, 2 EPA model name(s), 2 trims, trim-weighted mean",hyundai_2024_us_retail_sales.xlsx,epa_share_my2024: HEV share 0.220,brand total sales including fleet as published by the company's US release (the Hyundai IR sheet is labelled retail but equals the brand total); powertrain split with EPA Automotive Trends MY2024 production shares (A-US-PT),central
US,hyundai,US,2025,2025-01..2025-12,Santa Fe,HEV,31322,brand_total_sales,157.51,,EPA,"epa_fueleconomy_vehicles (epa_fueleconomy_vehicles.csv): Santa Fe HEV model year 2025, 2 EPA model name(s), 2 trims, trim-weighted mean",hyundai_2025_us_retail_sales.xlsx,epa_share_my2024: HEV share 0.220,brand total sales including fleet as published by the company's US release (the Hyundai IR sheet is labelled retail but equals the brand total); powertrain split with EPA Automotive Trends MY2024 production shares (A-US-PT),central
US,hyundai,US,2024,2024-01..2024-12,Santa Fe,ICE,92833,brand_total_sales,243.99,,EPA,"epa_fueleconomy_vehicles (epa_fueleconomy_vehicles.csv): Santa Fe ICE model year 2024, 3 EPA model name(s), 3 trims, trim-weighted mean",hyundai_2024_us_retail_sales.xlsx,epa_share_my2024: ICE share 0.780,brand total sales including fleet as published by the company's US release (the Hyundai IR sheet is labelled retail but equals the brand total); powertrain split with EPA Automotive Trends MY2024 production shares (A-US-PT),central
US,hyundai,US,2025,2025-01..2025-12,Santa Fe,ICE,111082,brand_total_sales,243.37,,EPA,"epa_fueleconomy_vehicles (epa_fueleconomy_vehicles.csv): Santa Fe ICE model year 2025, 3 EPA model name(s), 3 trims, trim-weighted mean",hyundai_2025_us_retail_sales.xlsx,epa_share_my2024: ICE share 0.780,brand total sales including fleet as published by the company's US release (the Hyundai IR sheet is labelled retail but equals the brand total); powertrain split with EPA Automotive Trends MY2024 production shares (A-US-PT),central
US,hyundai,US,2024,2024-01..2024-12,Sonata,HEV,16345,brand_total_sales,116.82,,EPA,"epa_fueleconomy_vehicles (epa_fueleconomy_vehicles.csv): Sonata HEV model year 2024, 1 EPA model name(s), 1 trims, trim-weighted mean",hyundai_2024_us_retail_sales.xlsx,epa_share_my2024: HEV share 0.236,brand total sales including fleet as published by the company's US release (the Hyundai IR sheet is labelled retail but equals the brand total); powertrain split with EPA Automotive Trends MY2024 production shares (A-US-PT),central
US,hyundai,US,2025,2025-01..2025-12,Sonata,HEV,14165,brand_total_sales,116.82,,EPA,"epa_fueleconomy_vehicles (epa_fueleconomy_vehicles.csv): Sonata HEV model year 2025, 1 EPA model name(s), 1 trims, trim-weighted mean",hyundai_2025_us_retail_sales.xlsx,epa_share_my2024: HEV share 0.236,brand total sales including fleet as published by the company's US release (the Hyundai IR sheet is labelled retail but equals the brand total); powertrain split with EPA Automotive Trends MY2024 production shares (A-US-PT),central
US,hyundai,US,2024,2024-01..2024-12,Sonata,ICE,52998,brand_total_sales,197.6,,EPA,"epa_fueleconomy_vehicles (epa_fueleconomy_vehicles.csv): Sonata ICE model year 2024, 2 EPA model name(s), 3 trims, trim-weighted mean",hyundai_2024_us_retail_sales.xlsx,epa_share_my2024: ICE share 0.764,brand total sales including fleet as published by the company's US release (the Hyundai IR sheet is labelled retail but equals the brand total); powertrain split with EPA Automotive Trends MY2024 production shares (A-US-PT),central
US,hyundai,US,2025,2025-01..2025-12,Sonata,ICE,45929,brand_total_sales,191.85,,EPA,"epa_fueleconomy_vehicles (epa_fueleconomy_vehicles.csv): Sonata ICE model year 2025, 2 EPA model name(s), 4 trims, trim-weighted mean",hyundai_2025_us_retail_sales.xlsx,epa_share_my2024: ICE share 0.764,brand total sales including fleet as published by the company's US release (the Hyundai IR sheet is labelled retail but equals the brand total); powertrain split with EPA Automotive Trends MY2024 production shares (A-US-PT),central
US,hyundai,US,2024,2024-01..2024-12,Tucson,HEV,54137,brand_total_sales,150.06,,EPA,"epa_fueleconomy_vehicles (epa_fueleconomy_vehicles.csv): Tucson HEV model year 2024, 2 EPA model name(s), 2 trims, trim-weighted mean",hyundai_2024_us_retail_sales.xlsx,epa_share_my2024: HEV share 0.263,brand total sales including fleet as published by the company's US release (the Hyundai IR sheet is labelled retail but equals the brand total); powertrain split with EPA Automotive Trends MY2024 production shares (A-US-PT),central
US,hyundai,US,2025,2025-01..2025-12,Tucson,HEV,61519,brand_total_sales,151.31,,EPA,"epa_fueleconomy_vehicles (epa_fueleconomy_vehicles.csv): Tucson HEV model year 2025, 2 EPA model name(s), 2 trims, trim-weighted mean",hyundai_2025_us_retail_sales.xlsx,epa_share_my2024: HEV share 0.263,brand total sales including fleet as published by the company's US release (the Hyundai IR sheet is labelled retail but equals the brand total); powertrain split with EPA Automotive Trends MY2024 production shares (A-US-PT),central
US,hyundai,US,2024,2024-01..2024-12,Tucson,ICE,143556,brand_total_sales,208.78,,EPA,"epa_fueleconomy_vehicles (epa_fueleconomy_vehicles.csv): Tucson ICE model year 2024, 2 EPA model name(s), 2 trims, trim-weighted mean",hyundai_2024_us_retail_sales.xlsx,epa_share_my2024: ICE share 0.696,brand total sales including fleet as published by the company's US release (the Hyundai IR sheet is labelled retail but equals the brand total); powertrain split with EPA Automotive Trends MY2024 production shares (A-US-PT),central
US,hyundai,US,2025,2025-01..2025-12,Tucson,ICE,163129,brand_total_sales,205.36,,EPA,"epa_fueleconomy_vehicles (epa_fueleconomy_vehicles.csv): Tucson ICE model year 2025, 2 EPA model name(s), 2 trims, trim-weighted mean",hyundai_2025_us_retail_sales.xlsx,epa_share_my2024: ICE share 0.696,brand total sales including fleet as published by the company's US release (the Hyundai IR sheet is labelled retail but equals the brand total); powertrain split with EPA Automotive Trends MY2024 production shares (A-US-PT),central
US,hyundai,US,2024,2024-01..2024-12,Venue,ICE,24607,brand_total_sales,180.82,,EPA,"epa_fueleconomy_vehicles (epa_fueleconomy_vehicles.csv): Venue ICE model year 2024, 1 EPA model name(s), 1 trims, trim-weighted mean",hyundai_2024_us_retail_sales.xlsx,explicit,brand total sales including fleet as published by the company's US release (the Hyundai IR sheet is labelled retail but equals the brand total),central
US,hyundai,US,2025,2025-01..2025-12,Venue,ICE,29805,brand_total_sales,180.82,,EPA,"epa_fueleconomy_vehicles (epa_fueleconomy_vehicles.csv): Venue ICE model year 2025, 1 EPA model name(s), 1 trims, trim-weighted mean",hyundai_2025_us_retail_sales.xlsx,explicit,brand total sales including fleet as published by the company's US release (the Hyundai IR sheet is labelled retail but equals the brand total),central
US,kia,US,2024,2024-01..2024-12,Carnival,ICE,49726,brand_total_sales,253.52,,EPA,"epa_fueleconomy_vehicles (epa_fueleconomy_vehicles.csv): Carnival ICE model year 2024, 1 EPA model name(s), 1 trims, trim-weighted mean",kia_america_2024_sales_by_month.xlsx,epa_share_my2024: ICE share 1.000,brand total sales including fleet as published by the company's US release (the Hyundai IR sheet is labelled retail but equals the brand total); powertrain split with EPA Automotive Trends MY2024 production shares (A-US-PT),central
US,kia,US,2025,2025-01..2025-12,Carnival,ICE,71917,brand_total_sales,264.7,,EPA,"epa_fueleconomy_vehicles (epa_fueleconomy_vehicles.csv): Carnival ICE model year 2025, 1 EPA model name(s), 1 trims, trim-weighted mean",kia_america_2025_sales_by_month.xlsx,epa_share_my2024: ICE share 1.000,brand total sales including fleet as published by the company's US release (the Hyundai IR sheet is labelled retail but equals the brand total); powertrain split with EPA Automotive Trends MY2024 production shares (A-US-PT),central
US,kia,US,2026,2026-01..2026-06,Carnival,ICE,40068,retail_sales,264.7,,EPA,"epa_fueleconomy_vehicles (epa_fueleconomy_vehicles.csv): Carnival ICE model year 2025, 1 EPA model name(s), 1 trims, trim-weighted mean",kia_2026_retail_sales_by_model_market.xlsx,epa_share_my2024: ICE share 1.000,"retail sales as published by the exporter's investor-relations release; partial year: the source covers 2026-01..2026-06 only, not the full cohort year; powertrain split with EPA Automotive Trends MY2024 production shares (A-US-PT)",central
US,kia,US,2024,2024-01..2024-12,EV6,BEV,21715,brand_total_sales,,205.13,EPA,"epa_fueleconomy_vehicles (epa_fueleconomy_vehicles.csv): EV6 BEV model year 2024, 5 EPA model name(s), 5 trims, trim-weighted mean",kia_america_2024_sales_by_month.xlsx,explicit,brand total sales including fleet as published by the company's US release (the Hyundai IR sheet is labelled retail but equals the brand total),central
US,kia,US,2025,2025-01..2025-12,EV6,BEV,12933,brand_total_sales,,205.54,EPA,"epa_fueleconomy_vehicles (epa_fueleconomy_vehicles.csv): EV6 BEV model year 2025, 5 EPA model name(s), 5 trims, trim-weighted mean",kia_america_2025_sales_by_month.xlsx,explicit,brand total sales including fleet as published by the company's US release (the Hyundai IR sheet is labelled retail but equals the brand total),central
US,kia,US,2026,2026-01..2026-06,EV6,BEV,4043,retail_sales,,205.54,EPA,"epa_fueleconomy_vehicles (epa_fueleconomy_vehicles.csv): EV6 BEV model year 2025, 5 EPA model name(s), 5 trims, trim-weighted mean",kia_2026_retail_sales_by_model_market.xlsx,explicit,"retail sales as published by the exporter's investor-relations release; partial year: the source covers 2026-01..2026-06 only, not the full cohort year",central
US,kia,US,2024,2024-01..2024-12,EV9,BEV,22017,brand_total_sales,,247.0,EPA,"epa_fueleconomy_vehicles (epa_fueleconomy_vehicles.csv): EV9 BEV model year 2024, 4 EPA model name(s), 4 trims, trim-weighted mean",kia_america_2024_sales_by_month.xlsx,explicit,brand total sales including fleet as published by the company's US release (the Hyundai IR sheet is labelled retail but equals the brand total),central
US,kia,US,2025,2025-01..2025-12,EV9,BEV,15051,brand_total_sales,,247.0,EPA,"epa_fueleconomy_vehicles (epa_fueleconomy_vehicles.csv): EV9 BEV model year 2025, 4 EPA model name(s), 4 trims, trim-weighted mean",kia_america_2025_sales_by_month.xlsx,explicit,brand total sales including fleet as published by the company's US release (the Hyundai IR sheet is labelled retail but equals the brand total),central
US,kia,US,2026,2026-01..2026-06,EV9,BEV,7035,retail_sales,,247.0,EPA,"epa_fueleconomy_vehicles (epa_fueleconomy_vehicles.csv): EV9 BEV model year 2025, 4 EPA model name(s), 4 trims, trim-weighted mean",kia_2026_retail_sales_by_model_market.xlsx,explicit,"retail sales as published by the exporter's investor-relations release; partial year: the source covers 2026-01..2026-06 only, not the full cohort year",central
US,kia,US,2026,2026-01..2026-06,K4,ICE,73579,retail_sales,173.98,,EPA,"epa_fueleconomy_vehicles (epa_fueleconomy_vehicles.csv): K4 ICE model year 2025, 1 EPA model name(s), 3 trims, trim-weighted mean",kia_2026_retail_sales_by_model_market.xlsx,explicit,"retail sales as published by the exporter's investor-relations release; partial year: the source covers 2026-01..2026-06 only, not the full cohort year",central
US,kia,US,2024,2024-01..2024-12,K4/Forte,ICE,139778,brand_total_sales,173.98,,EPA,"epa_fueleconomy_vehicles (epa_fueleconomy_vehicles.csv): K4 ICE model year 2025, 1 EPA model name(s), 3 trims, trim-weighted mean",kia_america_2024_sales_by_month.xlsx,explicit,brand total sales including fleet as published by the company's US release (the Hyundai IR sheet is labelled retail but equals the brand total),central
US,kia,US,2025,2025-01..2025-12,K4/Forte,ICE,140514,brand_total_sales,173.98,,EPA,"epa_fueleconomy_vehicles (epa_fueleconomy_vehicles.csv): K4 ICE model year 2025, 1 EPA model name(s), 3 trims, trim-weighted mean",kia_america_2025_sales_by_month.xlsx,explicit,brand total sales including fleet as published by the company's US release (the Hyundai IR sheet is labelled retail but equals the brand total),central
US,kia,US,2024,2024-01..2024-12,K5,ICE,46311,brand_total_sales,194.9,,EPA,"epa_fueleconomy_vehicles (epa_fueleconomy_vehicles.csv): K5 ICE model year 2024, 2 EPA model name(s), 3 trims, trim-weighted mean",kia_america_2024_sales_by_month.xlsx,explicit,brand total sales including fleet as published by the company's US release (the Hyundai IR sheet is labelled retail but equals the brand total),central
US,kia,US,2025,2025-01..2025-12,K5,ICE,72751,brand_total_sales,196.98,,EPA,"epa_fueleconomy_vehicles (epa_fueleconomy_vehicles.csv): K5 ICE model year 2025, 2 EPA model name(s), 4 trims, trim-weighted mean",kia_america_2025_sales_by_month.xlsx,explicit,brand total sales including fleet as published by the company's US release (the Hyundai IR sheet is labelled retail but equals the brand total),central
US,kia,US,2026,2026-01..2026-06,K5,ICE,38394,retail_sales,196.98,,EPA,"epa_fueleconomy_vehicles (epa_fueleconomy_vehicles.csv): K5 ICE model year 2025, 2 EPA model name(s), 4 trims, trim-weighted mean",kia_2026_retail_sales_by_model_market.xlsx,explicit,"retail sales as published by the exporter's investor-relations release; partial year: the source covers 2026-01..2026-06 only, not the full cohort year",central
US,kia,US,2024,2024-01..2024-12,Niro,BEV,12376,brand_total_sales,,180.2,EPA,"epa_fueleconomy_vehicles (epa_fueleconomy_vehicles.csv): Niro BEV model year 2024, 1 EPA model name(s), 1 trims, trim-weighted mean",kia_america_2024_sales_by_month.xlsx,epa_share_my2024: BEV share 0.411,brand total sales including fleet as published by the company's US release (the Hyundai IR sheet is labelled retail but equals the brand total); powertrain split with EPA Automotive Trends MY2024 production shares (A-US-PT),central
US,kia,US,2025,2025-01..2025-12,Niro,BEV,12824,brand_total_sales,,186.41,EPA,"epa_fueleconomy_vehicles (epa_fueleconomy_vehicles.csv): Niro BEV model year 2025, 1 EPA model name(s), 1 trims, trim-weighted mean",kia_america_2025_sales_by_month.xlsx,epa_share_my2024: BEV share 0.411,brand total sales including fleet as published by the company's US release (the Hyundai IR sheet is labelled retail but equals the brand total); powertrain split with EPA Automotive Trends MY2024 production shares (A-US-PT),central
US,kia,US,2024,2024-01..2024-12,Niro,HEV,14532,brand_total_sales,108.12,,EPA,"epa_fueleconomy_vehicles (epa_fueleconomy_vehicles.csv): Niro HEV model year 2024, 2 EPA model name(s), 2 trims, trim-weighted mean",kia_america_2024_sales_by_month.xlsx,epa_share_my2024: HEV share 0.483,brand total sales including fleet as published by the company's US release (the Hyundai IR sheet is labelled retail but equals the brand total); powertrain split with EPA Automotive Trends MY2024 production shares (A-US-PT),central
US,kia,US,2025,2025-01..2025-12,Niro,HEV,15057,brand_total_sales,108.12,,EPA,"epa_fueleconomy_vehicles (epa_fueleconomy_vehicles.csv): Niro HEV model year 2025, 2 EPA model name(s), 2 trims, trim-weighted mean",kia_america_2025_sales_by_month.xlsx,epa_share_my2024: HEV share 0.483,brand total sales including fleet as published by the company's US release (the Hyundai IR sheet is labelled retail but equals the brand total); powertrain split with EPA Automotive Trends MY2024 production shares (A-US-PT),central
US,kia,US,2026,2026-01..2026-06,Niro,HEV,9936,retail_sales,108.12,,EPA,"epa_fueleconomy_vehicles (epa_fueleconomy_vehicles.csv): Niro HEV model year 2025, 2 EPA model name(s), 2 trims, trim-weighted mean",kia_2026_retail_sales_by_model_market.xlsx,epa_share_my2024: HEV share 0.820,"retail sales as published by the exporter's investor-relations release; partial year: the source covers 2026-01..2026-06 only, not the full cohort year; powertrain split with EPA Automotive Trends MY2024 production shares (A-US-PT)",central
US,kia,US,2026,2026-01..2026-06,Niro EV,BEV,1653,retail_sales,,186.41,EPA,"epa_fueleconomy_vehicles (epa_fueleconomy_vehicles.csv): Niro BEV model year 2025, 1 EPA model name(s), 1 trims, trim-weighted mean",kia_2026_retail_sales_by_model_market.xlsx,explicit,"retail sales as published by the exporter's investor-relations release; partial year: the source covers 2026-01..2026-06 only, not the full cohort year",central
US,kia,US,2024,2024-01..2024-12,Seltos,ICE,59958,brand_total_sales,194.7,,EPA,"epa_fueleconomy_vehicles (epa_fueleconomy_vehicles.csv): Seltos ICE model year 2024, 2 EPA model name(s), 3 trims, trim-weighted mean",kia_america_2024_sales_by_month.xlsx,explicit,brand total sales including fleet as published by the company's US release (the Hyundai IR sheet is labelled retail but equals the brand total),central
US,kia,US,2025,2025-01..2025-12,Seltos,ICE,56798,brand_total_sales,196.14,,EPA,"epa_fueleconomy_vehicles (epa_fueleconomy_vehicles.csv): Seltos ICE model year 2025, 2 EPA model name(s), 3 trims, trim-weighted mean",kia_america_2025_sales_by_month.xlsx,explicit,brand total sales including fleet as published by the company's US release (the Hyundai IR sheet is labelled retail but equals the brand total),central
US,kia,US,2026,2026-01..2026-06,Seltos,ICE,32504,retail_sales,196.14,,EPA,"epa_fueleconomy_vehicles (epa_fueleconomy_vehicles.csv): Seltos ICE model year 2025, 2 EPA model name(s), 3 trims, trim-weighted mean",kia_2026_retail_sales_by_model_market.xlsx,explicit,"retail sales as published by the exporter's investor-relations release; partial year: the source covers 2026-01..2026-06 only, not the full cohort year",central
US,kia,US,2024,2024-01..2024-12,Sorento,HEV,8096,brand_total_sales,156.59,,EPA,"epa_fueleconomy_vehicles (epa_fueleconomy_vehicles.csv): Sorento HEV model year 2024, 2 EPA model name(s), 2 trims, trim-weighted mean",kia_america_2024_sales_by_month.xlsx,epa_share_my2024: HEV share 0.085,brand total sales including fleet as published by the company's US release (the Hyundai IR sheet is labelled retail but equals the brand total); powertrain split with EPA Automotive Trends MY2024 production shares (A-US-PT),central
US,kia,US,2025,2025-01..2025-12,Sorento,HEV,8063,brand_total_sales,158.14,,EPA,"epa_fueleconomy_vehicles (epa_fueleconomy_vehicles.csv): Sorento HEV model year 2025, 2 EPA model name(s), 2 trims, trim-weighted mean",kia_america_2025_sales_by_month.xlsx,epa_share_my2024: HEV share 0.085,brand total sales including fleet as published by the company's US release (the Hyundai IR sheet is labelled retail but equals the brand total); powertrain split with EPA Automotive Trends MY2024 production shares (A-US-PT),central
US,kia,US,2026,2026-01..2026-06,Sorento,HEV,4199,retail_sales,158.14,,EPA,"epa_fueleconomy_vehicles (epa_fueleconomy_vehicles.csv): Sorento HEV model year 2025, 2 EPA model name(s), 2 trims, trim-weighted mean",kia_2026_retail_sales_by_model_market.xlsx,epa_share_my2024: HEV share 0.085,"retail sales as published by the exporter's investor-relations release; partial year: the source covers 2026-01..2026-06 only, not the full cohort year; powertrain split with EPA Automotive Trends MY2024 production shares (A-US-PT)",central
US,kia,US,2024,2024-01..2024-12,Sorento,ICE,85375,brand_total_sales,227.88,,EPA,"epa_fueleconomy_vehicles (epa_fueleconomy_vehicles.csv): Sorento ICE model year 2024, 2 EPA model name(s), 4 trims, trim-weighted mean",kia_america_2024_sales_by_month.xlsx,epa_share_my2024: ICE share 0.897,brand total sales including fleet as published by the company's US release (the Hyundai IR sheet is labelled retail but equals the brand total); powertrain split with EPA Automotive Trends MY2024 production shares (A-US-PT),central
US,kia,US,2025,2025-01..2025-12,Sorento,ICE,85032,brand_total_sales,227.88,,EPA,"epa_fueleconomy_vehicles (epa_fueleconomy_vehicles.csv): Sorento ICE model year 2025, 2 EPA model name(s), 4 trims, trim-weighted mean",kia_america_2025_sales_by_month.xlsx,epa_share_my2024: ICE share 0.897,brand total sales including fleet as published by the company's US release (the Hyundai IR sheet is labelled retail but equals the brand total); powertrain split with EPA Automotive Trends MY2024 production shares (A-US-PT),central
US,kia,US,2026,2026-01..2026-06,Sorento,ICE,44276,retail_sales,227.88,,EPA,"epa_fueleconomy_vehicles (epa_fueleconomy_vehicles.csv): Sorento ICE model year 2025, 2 EPA model name(s), 4 trims, trim-weighted mean",kia_2026_retail_sales_by_model_market.xlsx,epa_share_my2024: ICE share 0.897,"retail sales as published by the exporter's investor-relations release; partial year: the source covers 2026-01..2026-06 only, not the full cohort year; powertrain split with EPA Automotive Trends MY2024 production shares (A-US-PT)",central
US,kia,US,2024,2024-01..2024-12,Soul,ICE,52397,brand_total_sales,182.99,,EPA,"epa_fueleconomy_vehicles (epa_fueleconomy_vehicles.csv): Soul ICE model year 2024, 2 EPA model name(s), 2 trims, trim-weighted mean",kia_america_2024_sales_by_month.xlsx,explicit,brand total sales including fleet as published by the company's US release (the Hyundai IR sheet is labelled retail but equals the brand total),central
US,kia,US,2025,2025-01..2025-12,Soul,ICE,50133,brand_total_sales,182.99,,EPA,"epa_fueleconomy_vehicles (epa_fueleconomy_vehicles.csv): Soul ICE model year 2025, 2 EPA model name(s), 2 trims, trim-weighted mean",kia_america_2025_sales_by_month.xlsx,explicit,brand total sales including fleet as published by the company's US release (the Hyundai IR sheet is labelled retail but equals the brand total),central
US,kia,US,2026,2026-01..2026-06,Soul,ICE,3480,retail_sales,182.99,,EPA,"epa_fueleconomy_vehicles (epa_fueleconomy_vehicles.csv): Soul ICE model year 2025, 2 EPA model name(s), 2 trims, trim-weighted mean",kia_2026_retail_sales_by_model_market.xlsx,explicit,"retail sales as published by the exporter's investor-relations release; partial year: the source covers 2026-01..2026-06 only, not the full cohort year",central
US,kia,US,2024,2024-01..2024-12,Sportage,HEV,23066,brand_total_sales,137.01,,EPA,"epa_fueleconomy_vehicles (epa_fueleconomy_vehicles.csv): Sportage HEV model year 2024, 2 EPA model name(s), 2 trims, trim-weighted mean",kia_america_2024_sales_by_month.xlsx,epa_share_my2024: HEV share 0.142,brand total sales including fleet as published by the company's US release (the Hyundai IR sheet is labelled retail but equals the brand total); powertrain split with EPA Automotive Trends MY2024 production shares (A-US-PT),central
US,kia,US,2025,2025-01..2025-12,Sportage,HEV,26044,brand_total_sales,137.01,,EPA,"epa_fueleconomy_vehicles (epa_fueleconomy_vehicles.csv): Sportage HEV model year 2025, 2 EPA model name(s), 2 trims, trim-weighted mean",kia_america_2025_sales_by_month.xlsx,epa_share_my2024: HEV share 0.142,brand total sales including fleet as published by the company's US release (the Hyundai IR sheet is labelled retail but equals the brand total); powertrain split with EPA Automotive Trends MY2024 production shares (A-US-PT),central
US,kia,US,2026,2026-01..2026-06,Sportage,HEV,13520,retail_sales,137.01,,EPA,"epa_fueleconomy_vehicles (epa_fueleconomy_vehicles.csv): Sportage HEV model year 2025, 2 EPA model name(s), 2 trims, trim-weighted mean",kia_2026_retail_sales_by_model_market.xlsx,epa_share_my2024: HEV share 0.142,"retail sales as published by the exporter's investor-relations release; partial year: the source covers 2026-01..2026-06 only, not the full cohort year; powertrain split with EPA Automotive Trends MY2024 production shares (A-US-PT)",central
US,kia,US,2024,2024-01..2024-12,Sportage,ICE,129458,brand_total_sales,211.68,,EPA,"epa_fueleconomy_vehicles (epa_fueleconomy_vehicles.csv): Sportage ICE model year 2024, 3 EPA model name(s), 3 trims, trim-weighted mean",kia_america_2024_sales_by_month.xlsx,epa_share_my2024: ICE share 0.800,brand total sales including fleet as published by the company's US release (the Hyundai IR sheet is labelled retail but equals the brand total); powertrain split with EPA Automotive Trends MY2024 production shares (A-US-PT),central
US,kia,US,2025,2025-01..2025-12,Sportage,ICE,146173,brand_total_sales,211.68,,EPA,"epa_fueleconomy_vehicles (epa_fueleconomy_vehicles.csv): Sportage ICE model year 2025, 3 EPA model name(s), 3 trims, trim-weighted mean",kia_america_2025_sales_by_month.xlsx,epa_share_my2024: ICE share 0.800,brand total sales including fleet as published by the company's US release (the Hyundai IR sheet is labelled retail but equals the brand total); powertrain split with EPA Automotive Trends MY2024 production shares (A-US-PT),central
US,kia,US,2026,2026-01..2026-06,Sportage,ICE,75882,retail_sales,211.68,,EPA,"epa_fueleconomy_vehicles (epa_fueleconomy_vehicles.csv): Sportage ICE model year 2025, 3 EPA model name(s), 3 trims, trim-weighted mean",kia_2026_retail_sales_by_model_market.xlsx,epa_share_my2024: ICE share 0.800,"retail sales as published by the exporter's investor-relations release; partial year: the source covers 2026-01..2026-06 only, not the full cohort year; powertrain split with EPA Automotive Trends MY2024 production shares (A-US-PT)",central
US,kia,US,2024,2024-01..2024-12,Telluride,ICE,115504,brand_total_sales,260.98,,EPA,"epa_fueleconomy_vehicles (epa_fueleconomy_vehicles.csv): Telluride ICE model year 2024, 2 EPA model name(s), 2 trims, trim-weighted mean",kia_america_2024_sales_by_month.xlsx,explicit,brand total sales including fleet as published by the company's US release (the Hyundai IR sheet is labelled retail but equals the brand total),central
US,kia,US,2025,2025-01..2025-12,Telluride,ICE,123281,brand_total_sales,260.98,,EPA,"epa_fueleconomy_vehicles (epa_fueleconomy_vehicles.csv): Telluride ICE model year 2025, 2 EPA model name(s), 2 trims, trim-weighted mean",kia_america_2025_sales_by_month.xlsx,explicit,brand total sales including fleet as published by the company's US release (the Hyundai IR sheet is labelled retail but equals the brand total),central
US,kia,US,2026,2026-01..2026-06,Telluride,ICE,73602,retail_sales,260.98,,EPA,"epa_fueleconomy_vehicles (epa_fueleconomy_vehicles.csv): Telluride ICE model year 2025, 2 EPA model name(s), 2 trims, trim-weighted mean",kia_2026_retail_sales_by_model_market.xlsx,explicit,"retail sales as published by the exporter's investor-relations release; partial year: the source covers 2026-01..2026-06 only, not the full cohort year",central
