country,scenario,t,calendar_year,r_fleet,r_power,fleet_intensity_gco2_km,e_ref_kgco2_per_vehicle,grid_kgco2_per_kwh
AT,S1,0,2024,0.026658229,0.048804873,194.379125,2344.0617,0.10348
AT,S1,1,2025,0.026658229,0.048804873,194.379125,2281.573166,0.098429672
AT,S1,2,2026,0.026658229,0.048804873,194.379125,2220.750466,0.093625824
AT,S1,3,2027,0.026658229,0.048804873,194.379125,2161.549192,0.089056428
AT,S1,4,2028,0.026658229,0.048804873,194.379125,2103.926119,0.08471004
AT,S1,5,2029,0.026658229,0.048804873,194.379125,2047.839174,0.080575777
AT,S1,6,2030,0.026658229,0.048804873,194.379125,1993.247409,0.076643287
AT,S1,7,2031,0.026658229,0.048804873,194.379125,1940.110963,0.072902721
AT,S1,8,2032,0.026658229,0.048804873,194.379125,1888.391041,0.069344713
AT,S1,9,2033,0.026658229,0.048804873,194.379125,1838.04988,0.065960353
AT,S1,10,2034,0.026658229,0.048804873,194.379125,1789.050725,0.062741166
AT,S1,11,2035,0.026658229,0.048804873,194.379125,1741.357801,0.059679092
AT,S1,12,2036,0.026658229,0.048804873,194.379125,1694.936286,0.056766461
AT,S1,13,2037,0.026658229,0.048804873,194.379125,1649.752286,0.053995981
AT,S1,14,2038,0.026658229,0.048804873,194.379125,1605.772812,0.051360714
AT,S1,15,2039,0.026658229,0.048804873,194.379125,1562.965753,0.048854061
AT,S1,16,2040,0.026658229,0.048804873,194.379125,1521.299854,0.046469745
AT,S1,17,2041,0.026658229,0.048804873,194.379125,1480.744694,0.044201795
AT,S1,18,2042,0.026658229,0.048804873,194.379125,1441.270663,0.042044532
AT,S1,19,2043,0.026658229,0.048804873,194.379125,1402.84894,0.039992554
AT,S2,0,2024,0.043443692,0.048804873,194.379125,2344.0617,0.10348
AT,S2,1,2025,0.043443692,0.048804873,194.379125,2242.227006,0.098429672
AT,S2,2,2026,0.043443692,0.048804873,194.379125,2144.816386,0.093625824
AT,S2,3,2027,0.043443692,0.048804873,194.379125,2051.637644,0.089056428
AT,S2,4,2028,0.043443692,0.048804873,194.379125,1962.50693,0.08471004
AT,S2,5,2029,0.043443692,0.048804873,194.379125,1877.248383,0.080575777
AT,S2,6,2030,0.043443692,0.048804873,194.379125,1795.693783,0.076643287
AT,S2,7,2031,0.043443692,0.048804873,194.379125,1717.682215,0.072902721
AT,S2,8,2032,0.043443692,0.048804873,194.379125,1643.059758,0.069344713
AT,S2,9,2033,0.043443692,0.048804873,194.379125,1571.679176,0.065960353
AT,S2,10,2034,0.043443692,0.048804873,194.379125,1503.39963,0.062741166
AT,S2,11,2035,0.043443692,0.048804873,194.379125,1438.086399,0.059679092
AT,S2,12,2036,0.043443692,0.048804873,194.379125,1375.610617,0.056766461
AT,S2,13,2037,0.043443692,0.048804873,194.379125,1315.849013,0.053995981
AT,S2,14,2038,0.043443692,0.048804873,194.379125,1258.683674,0.051360714
AT,S2,15,2039,0.043443692,0.048804873,194.379125,1204.001808,0.048854061
AT,S2,16,2040,0.043443692,0.048804873,194.379125,1151.695524,0.046469745
AT,S2,17,2041,0.043443692,0.048804873,194.379125,1101.661618,0.044201795
AT,S2,18,2042,0.043443692,0.048804873,194.379125,1053.80137,0.042044532
AT,S2,19,2043,0.043443692,0.048804873,194.379125,1008.020348,0.039992554
AT,S3,0,2024,0.135101686,0.085599875,194.379125,2344.0617,0.10348
AT,S3,1,2025,0.135101686,0.085599875,194.379125,2027.375012,0.094622125
AT,S3,2,2026,0.135101686,0.085599875,194.379125,1753.47323,0.086522483
AT,S3,3,2027,0.135101686,0.085599875,194.379125,1516.57604,0.079116169
AT,S3,4,2028,0.135101686,0.085599875,194.379125,1311.68406,0.072343835
AT,S3,5,2029,0.135101686,0.085599875,194.379125,1134.473332,0.066151212
AT,S3,6,2030,0.135101686,0.085599875,194.379125,981.204072,0.060488676
AT,S3,7,2031,0.135101686,0.085599875,194.379125,848.641748,0.055310853
AT,S3,8,2032,0.135101686,0.085599875,194.379125,733.988817,0.050576251
AT,S3,9,2033,0.135101686,0.085599875,194.379125,634.82569,0.04624693
AT,S3,10,2034,0.135101686,0.085599875,194.379125,549.059669,0.042288199
AT,S3,11,2035,0.135101686,0.085599875,194.379125,474.880782,0.038668334
AT,S3,12,2036,0.135101686,0.085599875,194.379125,410.723588,0.03535833
AT,S3,13,2037,0.135101686,0.085599875,194.379125,355.234139,0.032331661
AT,S3,14,2038,0.135101686,0.085599875,194.379125,307.241408,0.029564075
AT,S3,15,2039,0.135101686,0.085599875,194.379125,265.732575,0.027033394
AT,S3,16,2040,0.135101686,0.085599875,194.379125,229.831656,0.024719339
AT,S3,17,2041,0.135101686,0.085599875,194.379125,198.781012,0.022603366
AT,S3,18,2042,0.135101686,0.085599875,194.379125,171.925362,0.020668521
AT,S3,19,2043,0.135101686,0.085599875,194.379125,148.697956,0.018899298
BE,S1,0,2024,0.028496065,0.043622042,137.447195,1993.230464,0.12696
BE,S1,1,2025,0.028496065,0.043622042,137.447195,1936.43124,0.121421746
BE,S1,2,2026,0.028496065,0.043622042,137.447195,1881.250569,0.116125081
BE,S1,3,2027,0.028496065,0.043622042,137.447195,1827.642331,0.111059468
BE,S1,4,2028,0.028496065,0.043622042,137.447195,1775.561716,0.106214827
BE,S1,5,2029,0.028496065,0.043622042,137.447195,1724.965194,0.101581519
BE,S1,6,2030,0.028496065,0.043622042,137.447195,1675.810474,0.097150326
BE,S1,7,2031,0.028496065,0.043622042,137.447195,1628.056469,0.092912431
BE,S1,8,2032,0.028496065,0.043622042,137.447195,1581.663266,0.088859401
BE,S1,9,2033,0.028496065,0.043622042,137.447195,1536.592087,0.084983172
BE,S1,10,2034,0.028496065,0.043622042,137.447195,1492.805259,0.081276033
BE,S1,11,2035,0.028496065,0.043622042,137.447195,1450.266183,0.077730606
BE,S1,12,2036,0.028496065,0.043622042,137.447195,1408.939304,0.074339838
BE,S1,13,2037,0.028496065,0.043622042,137.447195,1368.790078,0.071096983
BE,S1,14,2038,0.028496065,0.043622042,137.447195,1329.784947,0.067995587
BE,S1,15,2039,0.028496065,0.043622042,137.447195,1291.891309,0.065029481
BE,S1,16,2040,0.028496065,0.043622042,137.447195,1255.07749,0.062192762
BE,S1,17,2041,0.028496065,0.043622042,137.447195,1219.31272,0.059479787
BE,S1,18,2042,0.028496065,0.043622042,137.447195,1184.567106,0.056885157
BE,S2,0,2024,0.043443692,0.043622042,137.447195,1993.230464,0.12696
BE,S2,1,2025,0.043443692,0.043622042,137.447195,1906.637174,0.121421746
BE,S2,2,2026,0.043443692,0.043622042,137.447195,1823.805816,0.116125081
BE,S2,3,2027,0.043443692,0.043622042,137.447195,1744.572958,0.111059468
BE,S2,4,2028,0.043443692,0.043622042,137.447195,1668.782268,0.106214827
BE,S2,5,2029,0.043443692,0.043622042,137.447195,1596.284205,0.101581519
BE,S2,6,2030,0.043443692,0.043622042,137.447195,1526.935725,0.097150326
BE,S2,7,2031,0.043443692,0.043622042,137.447195,1460.6,0.092912431
BE,S2,8,2032,0.043443692,0.043622042,137.447195,1397.146143,0.088859401
BE,S2,9,2033,0.043443692,0.043622042,137.447195,1336.448957,0.084983172
BE,S2,10,2034,0.043443692,0.043622042,137.447195,1278.38868,0.081276033
BE,S2,11,2035,0.043443692,0.043622042,137.447195,1222.850756,0.077730606
BE,S2,12,2036,0.043443692,0.043622042,137.447195,1169.725604,0.074339838
BE,S2,13,2037,0.043443692,0.043622042,137.447195,1118.908405,0.071096983
BE,S2,14,2038,0.043443692,0.043622042,137.447195,1070.298893,0.067995587
BE,S2,15,2039,0.043443692,0.043622042,137.447195,1023.801158,0.065029481
BE,S2,16,2040,0.043443692,0.043622042,137.447195,979.323456,0.062192762
BE,S2,17,2041,0.043443692,0.043622042,137.447195,936.778029,0.059479787
BE,S2,18,2042,0.043443692,0.043622042,137.447195,896.080933,0.056885157
BE,S3,0,2024,0.135101686,0.085599875,137.447195,1993.230464,0.12696
BE,S3,1,2025,0.135101686,0.085599875,137.447195,1723.941668,0.11609224
BE,S3,2,2026,0.135101686,0.085599875,137.447195,1491.034242,0.106154759
BE,S3,3,2027,0.135101686,0.085599875,137.447195,1289.593002,0.097067925
BE,S3,4,2028,0.135101686,0.085599875,137.447195,1115.366813,0.088758922
BE,S3,5,2029,0.135101686,0.085599875,137.447195,964.678876,0.08116117
BE,S3,6,2030,0.135101686,0.085599875,137.447195,834.349134,0.074213784
BE,S3,7,2031,0.135101686,0.085599875,137.447195,721.627159,0.067861093
BE,S3,8,2032,0.135101686,0.085599875,137.447195,624.134113,0.062052192
BE,S3,9,2033,0.135101686,0.085599875,137.447195,539.812542,0.056740532
BE,S3,10,2034,0.135101686,0.085599875,137.447195,466.882958,0.05188355
BE,S3,11,2035,0.135101686,0.085599875,137.447195,403.806283,0.047442324
BE,S3,12,2036,0.135101686,0.085599875,137.447195,349.251373,0.043381267
BE,S3,13,2037,0.135101686,0.085599875,137.447195,302.066924,0.039667836
BE,S3,14,2038,0.135101686,0.085599875,137.447195,261.257173,0.036272274
BE,S3,15,2039,0.135101686,0.085599875,137.447195,225.960889,0.033167372
BE,S3,16,2040,0.135101686,0.085599875,137.447195,195.433192,0.030328249
BE,S3,17,2041,0.135101686,0.085599875,137.447195,169.029838,0.027732155
BE,S3,18,2042,0.135101686,0.085599875,137.447195,146.193622,0.025358286
BG,S1,0,2024,-0.01883563,0.048669116,166.078432,2002.777259,0.27885
BG,S1,1,2025,-0.01883563,0.048669116,166.078432,2040.50083,0.265278617
BG,S1,2,2026,-0.01883563,0.048669116,166.078432,2078.934949,0.252367741
BG,S1,3,2027,-0.01883563,0.048669116,166.078432,2118.092999,0.240085226
BG,S1,4,2028,-0.01883563,0.048669116,166.078432,2157.988615,0.228400491
BG,S1,5,2029,-0.01883563,0.048669116,166.078432,2198.63569,0.217284441
BG,S1,6,2030,-0.01883563,0.048669116,166.078432,2240.048378,0.206709399
BG,S1,7,2031,-0.01883563,0.048669116,166.078432,2282.241101,0.196649035
BG,S1,8,2032,-0.01883563,0.048669116,166.078432,2325.22855,0.187078301
BG,S1,9,2033,-0.01883563,0.048669116,166.078432,2369.025694,0.177973365
BG,S1,10,2034,-0.01883563,0.048669116,166.078432,2413.647786,0.169311559
BG,S1,11,2035,-0.01883563,0.048669116,166.078432,2459.110362,0.161071315
BG,S1,12,2036,-0.01883563,0.048669116,166.078432,2505.429255,0.153232116
BG,S1,13,2037,-0.01883563,0.048669116,166.078432,2552.620594,0.145774445
BG,S1,14,2038,-0.01883563,0.048669116,166.078432,2600.700811,0.138679731
BG,S1,15,2039,-0.01883563,0.048669116,166.078432,2649.686649,0.131930311
BG,S1,16,2040,-0.01883563,0.048669116,166.078432,2699.595166,0.12550938
BG,S1,17,2041,-0.01883563,0.048669116,166.078432,2750.443742,0.119400949
BG,S1,18,2042,-0.01883563,0.048669116,166.078432,2802.250082,0.113589811
BG,S1,19,2043,-0.01883563,0.048669116,166.078432,2855.032228,0.108061495
BG,S1,20,2044,-0.01883563,0.048669116,166.078432,2908.808559,0.102802237
BG,S1,21,2045,-0.01883563,0.048669116,166.078432,2963.597801,0.097798943
BG,S1,22,2046,-0.01883563,0.048669116,166.078432,3019.419032,0.093039155
BG,S1,23,2047,-0.01883563,0.048669116,166.078432,3076.291692,0.088511022
BG,S1,24,2048,-0.01883563,0.048669116,166.078432,3134.235584,0.084203269
BG,S2,0,2024,0.043443692,0.048669116,166.078432,2002.777259,0.27885
BG,S2,1,2025,0.043443692,0.048669116,166.078432,1915.769221,0.265278617
BG,S2,2,2026,0.043443692,0.048669116,166.078432,1832.541133,0.252367741
BG,S2,3,2027,0.043443692,0.048669116,166.078432,1752.92878,0.240085226
BG,S2,4,2028,0.043443692,0.048669116,166.078432,1676.775082,0.228400491
BG,S2,5,2029,0.043443692,0.048669116,166.078432,1603.929782,0.217284441
BG,S2,6,2030,0.043443692,0.048669116,166.078432,1534.24915,0.206709399
BG,S2,7,2031,0.043443692,0.048669116,166.078432,1467.595703,0.196649035
BG,S2,8,2032,0.043443692,0.048669116,166.078432,1403.837927,0.187078301
BG,S2,9,2033,0.043443692,0.048669116,166.078432,1342.850025,0.177973365
BG,S2,10,2034,0.043443692,0.048669116,166.078432,1284.511662,0.169311559
BG,S2,11,2035,0.043443692,0.048669116,166.078432,1228.707733,0.161071315
BG,S2,12,2036,0.043443692,0.048669116,166.078432,1175.328133,0.153232116
BG,S2,13,2037,0.043443692,0.048669116,166.078432,1124.267539,0.145774445
BG,S2,14,2038,0.043443692,0.048669116,166.078432,1075.425206,0.138679731
BG,S2,15,2039,0.043443692,0.048669116,166.078432,1028.704765,0.131930311
BG,S2,16,2040,0.043443692,0.048669116,166.078432,984.014032,0.12550938
BG,S2,17,2041,0.043443692,0.048669116,166.078432,941.26483,0.119400949
BG,S2,18,2042,0.043443692,0.048669116,166.078432,900.37281,0.113589811
BG,S2,19,2043,0.043443692,0.048669116,166.078432,861.257291,0.108061495
BG,S2,20,2044,0.043443692,0.048669116,166.078432,823.841095,0.102802237
BG,S2,21,2045,0.043443692,0.048669116,166.078432,788.050396,0.097798943
BG,S2,22,2046,0.043443692,0.048669116,166.078432,753.814577,0.093039155
BG,S2,23,2047,0.043443692,0.048669116,166.078432,721.066089,0.088511022
BG,S2,24,2048,0.043443692,0.048669116,166.078432,689.740316,0.084203269
BG,S3,0,2024,0.135101686,0.085599875,166.078432,2002.777259,0.27885
BG,S3,1,2025,0.135101686,0.085599875,166.078432,1732.198675,0.254980475
BG,S3,2,2026,0.135101686,0.085599875,166.078432,1498.175713,0.233154178
BG,S3,3,2027,0.135101686,0.085599875,166.078432,1295.769648,0.21319621
BG,S3,4,2028,0.135101686,0.085599875,166.078432,1120.708984,0.194946641
BG,S3,5,2029,0.135101686,0.085599875,166.078432,969.299311,0.178259233
BG,S3,6,2030,0.135101686,0.085599875,166.078432,838.34534,0.163000265
BG,S3,7,2031,0.135101686,0.085599875,166.078432,725.083471,0.149047462
BG,S3,8,2032,0.135101686,0.085599875,166.078432,627.123472,0.136289018
BG,S3,9,2033,0.135101686,0.085599875,166.078432,542.398033,0.124622695
BG,S3,10,2034,0.135101686,0.085599875,166.078432,469.119144,0.113955008
BG,S3,11,2035,0.135101686,0.085599875,166.078432,405.740357,0.104200474
BG,S3,12,2036,0.135101686,0.085599875,166.078432,350.924151,0.095280926
BG,S3,13,2037,0.135101686,0.085599875,166.078432,303.513706,0.087124891
BG,S3,14,2038,0.135101686,0.085599875,166.078432,262.508493,0.079667011
BG,S3,15,2039,0.135101686,0.085599875,166.078432,227.043153,0.072847525
BG,S3,16,2040,0.135101686,0.085599875,166.078432,196.36924,0.066611786
BG,S3,17,2041,0.135101686,0.085599875,166.078432,169.839425,0.060909825
BG,S3,18,2042,0.135101686,0.085599875,166.078432,146.893832,0.055695952
BG,S3,19,2043,0.135101686,0.085599875,166.078432,127.048228,0.050928385
BG,S3,20,2044,0.135101686,0.085599875,166.078432,109.883798,0.046568922
BG,S3,21,2045,0.135101686,0.085599875,166.078432,95.038312,0.042582628
BG,S3,22,2046,0.135101686,0.085599875,166.078432,82.198475,0.03893756
BG,S3,23,2047,0.135101686,0.085599875,166.078432,71.093323,0.03560451
BG,S3,24,2048,0.135101686,0.085599875,166.078432,61.488495,0.032556768
CY,S1,0,2024,0.019422804,0.018447962,169.671471,2046.106527,0.51123
CY,S1,1,2025,0.019422804,0.018447962,169.671471,2006.365401,0.501798848
CY,S1,2,2026,0.019422804,0.018447962,169.671471,1967.396159,0.492541682
CY,S1,3,2027,0.019422804,0.018447962,169.671471,1929.183809,0.483455292
CY,S1,4,2028,0.019422804,0.018447962,169.671471,1891.71365,0.474536527
CY,S1,5,2029,0.019422804,0.018447962,169.671471,1854.971267,0.465782295
CY,S1,6,2030,0.019422804,0.018447962,169.671471,1818.942524,0.457189561
CY,S1,7,2031,0.019422804,0.018447962,169.671471,1783.613559,0.448755346
CY,S1,8,2032,0.019422804,0.018447962,169.671471,1748.970783,0.440476724
CY,S1,9,2033,0.019422804,0.018447962,169.671471,1715.000866,0.432350826
CY,S1,10,2034,0.019422804,0.018447962,169.671471,1681.69074,0.424374835
CY,S1,11,2035,0.019422804,0.018447962,169.671471,1649.027591,0.416545984
CY,S1,12,2036,0.019422804,0.018447962,169.671471,1616.998851,0.408861559
CY,S1,13,2037,0.019422804,0.018447962,169.671471,1585.592199,0.401318897
CY,S1,14,2038,0.019422804,0.018447962,169.671471,1554.795553,0.393915381
CY,S1,15,2039,0.019422804,0.018447962,169.671471,1524.597064,0.386648445
CY,S1,16,2040,0.019422804,0.018447962,169.671471,1494.985114,0.379515569
CY,S1,17,2041,0.019422804,0.018447962,169.671471,1465.948311,0.37251428
CY,S1,18,2042,0.019422804,0.018447962,169.671471,1437.475484,0.365642151
CY,S1,19,2043,0.019422804,0.018447962,169.671471,1409.555679,0.358896799
CY,S1,20,2044,0.019422804,0.018447962,169.671471,1382.178156,0.352275884
CY,S1,21,2045,0.019422804,0.018447962,169.671471,1355.33238,0.345777112
CY,S1,22,2046,0.019422804,0.018447962,169.671471,1329.008025,0.339398229
CY,S1,23,2047,0.019422804,0.018447962,169.671471,1303.194963,0.333137023
CY,S1,24,2048,0.019422804,0.018447962,169.671471,1277.883262,0.326991324
CY,S2,0,2024,0.043443692,0.018447962,169.671471,2046.106527,0.51123
CY,S2,1,2025,0.043443692,0.018447962,169.671471,1957.216106,0.501798848
CY,S2,2,2026,0.043443692,0.018447962,169.671471,1872.187412,0.492541682
CY,S2,3,2027,0.043443692,0.018447962,169.671471,1790.852679,0.483455292
CY,S2,4,2028,0.043443692,0.018447962,169.671471,1713.051426,0.474536527
CY,S2,5,2029,0.043443692,0.018447962,169.671471,1638.630148,0.465782295
CY,S2,6,2030,0.043443692,0.018447962,169.671471,1567.442004,0.457189561
CY,S2,7,2031,0.043443692,0.018447962,169.671471,1499.346537,0.448755346
CY,S2,8,2032,0.043443692,0.018447962,169.671471,1434.209388,0.440476724
CY,S2,9,2033,0.043443692,0.018447962,169.671471,1371.902037,0.432350826
CY,S2,10,2034,0.043443692,0.018447962,169.671471,1312.301547,0.424374835
CY,S2,11,2035,0.043443692,0.018447962,169.671471,1255.290323,0.416545984
CY,S2,12,2036,0.043443692,0.018447962,169.671471,1200.755877,0.408861559
CY,S2,13,2037,0.043443692,0.018447962,169.671471,1148.590608,0.401318897
CY,S2,14,2038,0.043443692,0.018447962,169.671471,1098.691592,0.393915381
CY,S2,15,2039,0.043443692,0.018447962,169.671471,1050.960373,0.386648445
CY,S2,16,2040,0.043443692,0.018447962,169.671471,1005.302774,0.379515569
CY,S2,17,2041,0.043443692,0.018447962,169.671471,961.62871,0.37251428
CY,S2,18,2042,0.043443692,0.018447962,169.671471,919.852008,0.365642151
CY,S2,19,2043,0.043443692,0.018447962,169.671471,879.890241,0.358896799
CY,S2,20,2044,0.043443692,0.018447962,169.671471,841.66456,0.352275884
CY,S2,21,2045,0.043443692,0.018447962,169.671471,805.099544,0.345777112
CY,S2,22,2046,0.043443692,0.018447962,169.671471,770.123048,0.339398229
CY,S2,23,2047,0.043443692,0.018447962,169.671471,736.666059,0.333137023
CY,S2,24,2048,0.043443692,0.018447962,169.671471,704.662566,0.326991324
CY,S3,0,2024,0.135101686,0.085599875,169.671471,2046.106527,0.51123
CY,S3,1,2025,0.135101686,0.085599875,169.671471,1769.674086,0.467468776
CY,S3,2,2026,0.135101686,0.085599875,169.671471,1530.588133,0.427453507
CY,S3,3,2027,0.135101686,0.085599875,169.671471,1323.803096,0.39086354
CY,S3,4,2028,0.135101686,0.085599875,169.671471,1144.955066,0.35740567
CY,S3,5,2029,0.135101686,0.085599875,169.671471,990.269706,0.326811789
CY,S3,6,2030,0.135101686,0.085599875,169.671471,856.482599,0.298836741
CY,S3,7,2031,0.135101686,0.085599875,169.671471,740.770356,0.273256353
CY,S3,8,2032,0.135101686,0.085599875,169.671471,640.691032,0.249865644
CY,S3,9,2033,0.135101686,0.085599875,169.671471,554.132593,0.228477176
CY,S3,10,2034,0.135101686,0.085599875,169.671471,479.268346,0.208919558
CY,S3,11,2035,0.135101686,0.085599875,169.671471,414.518384,0.19103607
CY,S3,12,2036,0.135101686,0.085599875,169.671471,358.516251,0.174683406
CY,S3,13,2037,0.135101686,0.085599875,169.671471,310.080101,0.159730529
CY,S3,14,2038,0.135101686,0.085599875,169.671471,268.187757,0.146057615
CY,S3,15,2039,0.135101686,0.085599875,169.671471,231.955139,0.133555102
CY,S3,16,2040,0.135101686,0.085599875,169.671471,200.617608,0.122122802
CY,S3,17,2041,0.135101686,0.085599875,169.671471,173.513831,0.111669105
CY,S3,18,2042,0.135101686,0.085599875,169.671471,150.07182,0.102110244
CY,S3,19,2043,0.135101686,0.085599875,169.671471,129.796864,0.09336962
CY,S3,20,2044,0.135101686,0.085599875,169.671471,112.261089,0.085377192
CY,S3,21,2045,0.135101686,0.085599875,169.671471,97.094427,0.078068915
CY,S3,22,2046,0.135101686,0.085599875,169.671471,83.976806,0.071386226
CY,S3,23,2047,0.135101686,0.085599875,169.671471,72.631398,0.065275574
CY,S3,24,2048,0.135101686,0.085599875,169.671471,62.818774,0.059687993
CZ,S1,0,2024,0.004232049,0.031649383,170.708122,1812.621005,0.41423
CZ,S1,1,2025,0.004232049,0.031649383,170.708122,1804.949904,0.401119876
CZ,S1,2,2026,0.004232049,0.031649383,170.708122,1797.311267,0.388424679
CZ,S1,3,2027,0.004232049,0.031649383,170.708122,1789.704958,0.376131278
CZ,S1,4,2028,0.004232049,0.031649383,170.708122,1782.130839,0.364226955
CZ,S1,5,2029,0.004232049,0.031649383,170.708122,1774.588774,0.352699397
CZ,S1,6,2030,0.004232049,0.031649383,170.708122,1767.078627,0.341536678
CZ,S1,7,2031,0.004232049,0.031649383,170.708122,1759.600264,0.330727253
CZ,S1,8,2032,0.004232049,0.031649383,170.708122,1752.153549,0.32025994
CZ,S1,9,2033,0.004232049,0.031649383,170.708122,1744.73835,0.31012391
CZ,S1,10,2034,0.004232049,0.031649383,170.708122,1737.354532,0.30030868
CZ,S1,11,2035,0.004232049,0.031649383,170.708122,1730.001962,0.290804095
CZ,S1,12,2036,0.004232049,0.031649383,170.708122,1722.680509,0.281600325
CZ,S1,13,2037,0.004232049,0.031649383,170.708122,1715.390041,0.272687849
CZ,S1,14,2038,0.004232049,0.031649383,170.708122,1708.130426,0.264057447
CZ,S1,15,2039,0.004232049,0.031649383,170.708122,1700.901534,0.255700191
CZ,S1,16,2040,0.004232049,0.031649383,170.708122,1693.703236,0.247607438
CZ,S1,17,2041,0.004232049,0.031649383,170.708122,1686.535401,0.239770815
CZ,S1,18,2042,0.004232049,0.031649383,170.708122,1679.3979,0.232182217
CZ,S1,19,2043,0.004232049,0.031649383,170.708122,1672.290606,0.224833793
CZ,S1,20,2044,0.004232049,0.031649383,170.708122,1665.21339,0.217717942
CZ,S1,21,2045,0.004232049,0.031649383,170.708122,1658.166125,0.210827304
CZ,S2,0,2024,0.043443692,0.031649383,170.708122,1812.621005,0.41423
CZ,S2,1,2025,0.043443692,0.031649383,170.708122,1733.874056,0.401119876
CZ,S2,2,2026,0.043443692,0.031649383,170.708122,1658.548166,0.388424679
CZ,S2,3,2027,0.043443692,0.031649383,170.708122,1586.49471,0.376131278
CZ,S2,4,2028,0.043443692,0.031649383,170.708122,1517.571522,0.364226955
CZ,S2,5,2029,0.043443692,0.031649383,170.708122,1451.642613,0.352699397
CZ,S2,6,2030,0.043443692,0.031649383,170.708122,1388.577898,0.341536678
CZ,S2,7,2031,0.043443692,0.031649383,170.708122,1328.252948,0.330727253
CZ,S2,8,2032,0.043443692,0.031649383,170.708122,1270.548736,0.32025994
CZ,S2,9,2033,0.043443692,0.031649383,170.708122,1215.351408,0.31012391
CZ,S2,10,2034,0.043443692,0.031649383,170.708122,1162.552055,0.30030868
CZ,S2,11,2035,0.043443692,0.031649383,170.708122,1112.046502,0.290804095
CZ,S2,12,2036,0.043443692,0.031649383,170.708122,1063.735096,0.281600325
CZ,S2,13,2037,0.043443692,0.031649383,170.708122,1017.522516,0.272687849
CZ,S2,14,2038,0.043443692,0.031649383,170.708122,973.317582,0.264057447
CZ,S2,15,2039,0.043443692,0.031649383,170.708122,931.033072,0.255700191
CZ,S2,16,2040,0.043443692,0.031649383,170.708122,890.585558,0.247607438
CZ,S2,17,2041,0.043443692,0.031649383,170.708122,851.895234,0.239770815
CZ,S2,18,2042,0.043443692,0.031649383,170.708122,814.885759,0.232182217
CZ,S2,19,2043,0.043443692,0.031649383,170.708122,779.484113,0.224833793
CZ,S2,20,2044,0.043443692,0.031649383,170.708122,745.620446,0.217717942
CZ,S2,21,2045,0.043443692,0.031649383,170.708122,713.227941,0.210827304
CZ,S3,0,2024,0.135101686,0.085599875,170.708122,1812.621005,0.41423
CZ,S3,1,2025,0.135101686,0.085599875,170.708122,1567.732851,0.378771964
CZ,S3,2,2026,0.135101686,0.085599875,170.708122,1355.9295,0.346349131
CZ,S3,3,2027,0.135101686,0.085599875,170.708122,1172.741138,0.316701689
CZ,S3,4,2028,0.135101686,0.085599875,170.708122,1014.301833,0.289592064
CZ,S3,5,2029,0.135101686,0.085599875,170.708122,877.267945,0.264803019
CZ,S3,6,2030,0.135101686,0.085599875,170.708122,758.747567,0.242135914
CZ,S3,7,2031,0.135101686,0.085599875,170.708122,656.239491,0.22140911
CZ,S3,8,2032,0.135101686,0.085599875,170.708122,567.58043,0.202456518
CZ,S3,9,2033,0.135101686,0.085599875,170.708122,490.899357,0.185126265
CZ,S3,10,2034,0.135101686,0.085599875,170.708122,424.578026,0.16927948
CZ,S3,11,2035,0.135101686,0.085599875,170.708122,367.216819,0.154789178
CZ,S3,12,2036,0.135101686,0.085599875,170.708122,317.605207,0.141539243
CZ,S3,13,2037,0.135101686,0.085599875,170.708122,274.696208,0.129423502
CZ,S3,14,2038,0.135101686,0.085599875,170.708122,237.584288,0.118344866
CZ,S3,15,2039,0.135101686,0.085599875,170.708122,205.48625,0.108214561
CZ,S3,16,2040,0.135101686,0.085599875,170.708122,177.724711,0.098951408
CZ,S3,17,2041,0.135101686,0.085599875,170.708122,153.713803,0.09048118
CZ,S3,18,2042,0.135101686,0.085599875,170.708122,132.946809,0.082736002
CZ,S3,19,2043,0.135101686,0.085599875,170.708122,114.985471,0.07565381
CZ,S3,20,2044,0.135101686,0.085599875,170.708122,99.45074,0.069177854
CZ,S3,21,2045,0.135101686,0.085599875,170.708122,86.014777,0.063256238
DE,S1,0,2024,0.026324785,0.040232496,150.341925,1810.398457,0.33638
DE,S1,1,2025,0.026324785,0.040232496,150.341925,1762.740107,0.322846593
DE,S1,2,2026,0.026324785,0.040232496,150.341925,1716.336353,0.309857669
DE,S1,3,2027,0.026324785,0.040232496,150.341925,1671.154167,0.297391321
DE,S1,4,2028,0.026324785,0.040232496,150.341925,1627.161393,0.285426526
DE,S1,5,2029,0.026324785,0.040232496,150.341925,1584.326719,0.273943105
DE,S1,6,2030,0.026324785,0.040232496,150.341925,1542.619659,0.26292169
DE,S1,7,2031,0.026324785,0.040232496,150.341925,1502.010528,0.252343694
DE,S1,8,2032,0.026324785,0.040232496,150.341925,1462.470424,0.242191277
DE,S1,9,2033,0.026324785,0.040232496,150.341925,1423.971204,0.232447318
DE,S1,10,2034,0.026324785,0.040232496,150.341925,1386.485469,0.223095382
DE,S1,11,2035,0.026324785,0.040232496,150.341925,1349.986537,0.214119698
DE,S1,12,2036,0.026324785,0.040232496,150.341925,1314.448431,0.205505128
DE,S1,13,2037,0.026324785,0.040232496,150.341925,1279.845859,0.197237144
DE,S1,14,2038,0.026324785,0.040232496,150.341925,1246.154192,0.189301801
DE,S1,15,2039,0.026324785,0.040232496,150.341925,1213.349451,0.181685717
DE,S1,16,2040,0.026324785,0.040232496,150.341925,1181.408287,0.174376047
DE,S1,17,2041,0.026324785,0.040232496,150.341925,1150.307968,0.167360464
DE,S1,18,2042,0.026324785,0.040232496,150.341925,1120.026358,0.160627134
DE,S1,19,2043,0.026324785,0.040232496,150.341925,1090.541905,0.154164704
DE,S2,0,2024,0.043443692,0.040232496,150.341925,1810.398457,0.33638
DE,S2,1,2025,0.043443692,0.040232496,150.341925,1731.748064,0.322846593
DE,S2,2,2026,0.043443692,0.040232496,150.341925,1656.514535,0.309857669
DE,S2,3,2027,0.043443692,0.040232496,150.341925,1584.549427,0.297391321
DE,S2,4,2028,0.043443692,0.040232496,150.341925,1515.71075,0.285426526
DE,S2,5,2029,0.043443692,0.040232496,150.341925,1449.862679,0.273943105
DE,S2,6,2030,0.043443692,0.040232496,150.341925,1386.875291,0.26292169
DE,S2,7,2031,0.043443692,0.040232496,150.341925,1326.624308,0.252343694
DE,S2,8,2032,0.043443692,0.040232496,150.341925,1268.990851,0.242191277
DE,S2,9,2033,0.043443692,0.040232496,150.341925,1213.861203,0.232447318
DE,S2,10,2034,0.043443692,0.040232496,150.341925,1161.126591,0.223095382
DE,S2,11,2035,0.043443692,0.040232496,150.341925,1110.682965,0.214119698
DE,S2,12,2036,0.043443692,0.040232496,150.341925,1062.430796,0.205505128
DE,S2,13,2037,0.043443692,0.040232496,150.341925,1016.27488,0.197237144
DE,S2,14,2038,0.043443692,0.040232496,150.341925,972.124147,0.189301801
DE,S2,15,2039,0.043443692,0.040232496,150.341925,929.891485,0.181685717
DE,S2,16,2040,0.043443692,0.040232496,150.341925,889.493566,0.174376047
DE,S2,17,2041,0.043443692,0.040232496,150.341925,850.850681,0.167360464
DE,S2,18,2042,0.043443692,0.040232496,150.341925,813.886586,0.160627134
DE,S2,19,2043,0.043443692,0.040232496,150.341925,778.528348,0.154164704
DE,S3,0,2024,0.135101686,0.085599875,150.341925,1810.398457,0.33638
DE,S3,1,2025,0.135101686,0.085599875,150.341925,1565.810573,0.307585914
DE,S3,2,2026,0.135101686,0.085599875,150.341925,1354.266925,0.281256598
DE,S3,3,2027,0.135101686,0.085599875,150.341925,1171.30318,0.257181069
DE,S3,4,2028,0.135101686,0.085599875,150.341925,1013.058146,0.235166401
DE,S3,5,2029,0.135101686,0.085599875,150.341925,876.192282,0.215036187
DE,S3,6,2030,0.135101686,0.085599875,150.341925,757.817227,0.196629116
DE,S3,7,2031,0.135101686,0.085599875,150.341925,655.434842,0.179797688
DE,S3,8,2032,0.135101686,0.085599875,150.341925,566.88449,0.164407029
DE,S3,9,2033,0.135101686,0.085599875,150.341925,490.29744,0.150333808
DE,S3,10,2034,0.135101686,0.085599875,150.341925,424.057429,0.137465252
DE,S3,11,2035,0.135101686,0.085599875,150.341925,366.766555,0.125698244
DE,S3,12,2036,0.135101686,0.085599875,150.341925,317.215775,0.11493849
DE,S3,13,2037,0.135101686,0.085599875,150.341925,274.359389,0.10509977
DE,S3,14,2038,0.135101686,0.085599875,150.341925,237.292973,0.096103242
DE,S3,15,2039,0.135101686,0.085599875,150.341925,205.234292,0.087876817
DE,S3,16,2040,0.135101686,0.085599875,150.341925,177.506794,0.080354572
DE,S3,17,2041,0.135101686,0.085599875,150.341925,153.525326,0.073476231
DE,S3,18,2042,0.135101686,0.085599875,150.341925,132.783796,0.067186675
DE,S3,19,2043,0.135101686,0.085599875,150.341925,114.844481,0.061435504
DK,S1,0,2024,0.039001227,0.09656685,155.479583,1874.96335,0.13177
DK,S1,1,2025,0.039001227,0.09656685,155.479583,1801.837478,0.119045386
DK,S1,2,2026,0.039001227,0.09656685,155.479583,1731.563606,0.107549548
DK,S1,3,2027,0.039001227,0.09656685,155.479583,1664.030501,0.097163827
DK,S1,4,2028,0.039001227,0.09656685,155.479583,1599.131269,0.087781022
DK,S1,5,2029,0.039001227,0.09656685,155.479583,1536.763188,0.079304286
DK,S1,6,2030,0.039001227,0.09656685,155.479583,1476.827538,0.071646121
DK,S1,7,2031,0.039001227,0.09656685,155.479583,1419.229452,0.06472748
DK,S1,8,2032,0.039001227,0.09656685,155.479583,1363.877762,0.058476951
DK,S1,9,2033,0.039001227,0.09656685,155.479583,1310.684855,0.052830016
DK,S1,10,2034,0.039001227,0.09656685,155.479583,1259.566538,0.047728388
DK,S1,11,2035,0.039001227,0.09656685,155.479583,1210.441897,0.043119408
DK,S1,12,2036,0.039001227,0.09656685,155.479583,1163.233178,0.038955503
DK,S1,13,2037,0.039001227,0.09656685,155.479583,1117.865657,0.035193692
DK,S1,14,2038,0.039001227,0.09656685,155.479583,1074.267525,0.031795148
DK,S1,15,2039,0.039001227,0.09656685,155.479583,1032.369773,0.028724791
DK,S1,16,2040,0.039001227,0.09656685,155.479583,992.106085,0.025950929
DK,S1,17,2041,0.039001227,0.09656685,155.479583,953.412731,0.023444929
DK,S1,18,2042,0.039001227,0.09656685,155.479583,916.228464,0.021180926
DK,S2,0,2024,0.043443692,0.09656685,155.479583,1874.96335,0.13177
DK,S2,1,2025,0.043443692,0.09656685,155.479583,1793.508019,0.119045386
DK,S2,2,2026,0.043443692,0.09656685,155.479583,1715.591409,0.107549548
DK,S2,3,2027,0.043443692,0.09656685,155.479583,1641.059785,0.097163827
DK,S2,4,2028,0.043443692,0.09656685,155.479583,1569.766089,0.087781022
DK,S2,5,2029,0.043443692,0.09656685,155.479583,1501.569654,0.079304286
DK,S2,6,2030,0.043443692,0.09656685,155.479583,1436.335925,0.071646121
DK,S2,7,2031,0.043443692,0.09656685,155.479583,1373.936189,0.06472748
DK,S2,8,2032,0.043443692,0.09656685,155.479583,1314.247328,0.058476951
DK,S2,9,2033,0.043443692,0.09656685,155.479583,1257.151572,0.052830016
DK,S2,10,2034,0.043443692,0.09656685,155.479583,1202.536267,0.047728388
DK,S2,11,2035,0.043443692,0.09656685,155.479583,1150.293651,0.043119408
DK,S2,12,2036,0.043443692,0.09656685,155.479583,1100.320648,0.038955503
DK,S2,13,2037,0.043443692,0.09656685,155.479583,1052.518657,0.035193692
DK,S2,14,2038,0.043443692,0.09656685,155.479583,1006.793361,0.031795148
DK,S2,15,2039,0.043443692,0.09656685,155.479583,963.05454,0.028724791
DK,S2,16,2040,0.043443692,0.09656685,155.479583,921.215895,0.025950929
DK,S2,17,2041,0.043443692,0.09656685,155.479583,881.194876,0.023444929
DK,S2,18,2042,0.043443692,0.09656685,155.479583,842.912517,0.021180926
DK,S3,0,2024,0.135101686,0.085599875,155.479583,1874.96335,0.13177
DK,S3,1,2025,0.135101686,0.085599875,155.479583,1621.65264,0.120490504
DK,S3,2,2026,0.135101686,0.085599875,155.479583,1402.564634,0.110176532
DK,S3,3,2027,0.135101686,0.085599875,155.479583,1213.075787,0.100745435
DK,S3,4,2028,0.135101686,0.085599875,155.479583,1049.187203,0.092121638
DK,S3,5,2029,0.135101686,0.085599875,155.479583,907.440243,0.084236038
DK,S3,6,2030,0.135101686,0.085599875,155.479583,784.843536,0.077025443
DK,S3,7,2031,0.135101686,0.085599875,155.479583,678.809851,0.070432075
DK,S3,8,2032,0.135101686,0.085599875,155.479583,587.101496,0.064403098
DK,S3,9,2033,0.135101686,0.085599875,155.479583,507.783094,0.058890201
DK,S3,10,2034,0.135101686,0.085599875,155.479583,439.180742,0.053849207
DK,S3,11,2035,0.135101686,0.085599875,155.479583,379.846683,0.049239722
DK,S3,12,2036,0.135101686,0.085599875,155.479583,328.528756,0.045024808
DK,S3,13,2037,0.135101686,0.085599875,155.479583,284.143967,0.04117069
DK,S3,14,2038,0.135101686,0.085599875,155.479583,245.755638,0.037646484
DK,S3,15,2039,0.135101686,0.085599875,155.479583,212.553637,0.03442395
DK,S3,16,2040,0.135101686,0.085599875,155.479583,183.837282,0.031477264
DK,S3,17,2041,0.135101686,0.085599875,155.479583,159.000555,0.028782814
DK,S3,18,2042,0.135101686,0.085599875,155.479583,137.519312,0.026319009
EE,S1,0,2024,0.033370734,0.053425938,215.734129,1593.761283,0.34345
EE,S1,1,2025,0.033370734,0.053425938,215.734129,1540.576299,0.325100862
EE,S1,2,2026,0.033370734,0.053425938,215.734129,1489.166137,0.307732043
EE,S1,3,2027,0.033370734,0.053425938,215.734129,1439.47157,0.29129117
EE,S1,4,2028,0.033370734,0.053425938,215.734129,1391.435347,0.275728666
EE,S1,5,2029,0.033370734,0.053425938,215.734129,1345.002129,0.260997603
EE,S1,6,2030,0.033370734,0.053425938,215.734129,1300.11842,0.247053562
EE,S1,7,2031,0.033370734,0.053425938,215.734129,1256.732514,0.233854493
EE,S1,8,2032,0.033370734,0.053425938,215.734129,1214.794428,0.221360598
EE,S1,9,2033,0.033370734,0.053425938,215.734129,1174.255846,0.2095342
EE,S1,10,2034,0.033370734,0.053425938,215.734129,1135.070067,0.198339639
EE,S1,11,2035,0.033370734,0.053425938,215.734129,1097.191945,0.187743158
EE,S1,12,2036,0.033370734,0.053425938,215.734129,1060.577845,0.177712803
EE,S1,13,2037,0.033370734,0.053425938,215.734129,1025.185584,0.16821833
EE,S1,14,2038,0.033370734,0.053425938,215.734129,990.974388,0.159231108
EE,S1,15,2039,0.033370734,0.053425938,215.734129,957.904846,0.150724037
EE,S1,16,2040,0.033370734,0.053425938,215.734129,925.938858,0.142671464
EE,S1,17,2041,0.033370734,0.053425938,215.734129,895.039598,0.135049107
EE,S1,18,2042,0.033370734,0.053425938,215.734129,865.17147,0.127833982
EE,S1,19,2043,0.033370734,0.053425938,215.734129,836.300063,0.121004331
EE,S1,20,2044,0.033370734,0.053425938,215.734129,808.392116,0.114539561
EE,S1,21,2045,0.033370734,0.053425938,215.734129,781.415478,0.108420178
EE,S1,22,2046,0.033370734,0.053425938,215.734129,755.33907,0.102627728
EE,S1,23,2047,0.033370734,0.053425938,215.734129,730.132851,0.097144746
EE,S1,24,2048,0.033370734,0.053425938,215.734129,705.767781,0.091954696
EE,S2,0,2024,0.043443692,0.053425938,215.734129,1593.761283,0.34345
EE,S2,1,2025,0.043443692,0.053425938,215.734129,1524.522409,0.325100862
EE,S2,2,2026,0.043443692,0.053425938,215.734129,1458.291527,0.307732043
EE,S2,3,2027,0.043443692,0.053425938,215.734129,1394.937959,0.29129117
EE,S2,4,2028,0.043443692,0.053425938,215.734129,1334.336704,0.275728666
EE,S2,5,2029,0.043443692,0.053425938,215.734129,1276.368191,0.260997603
EE,S2,6,2030,0.043443692,0.053425938,215.734129,1220.918044,0.247053562
EE,S2,7,2031,0.043443692,0.053425938,215.734129,1167.876857,0.233854493
EE,S2,8,2032,0.043443692,0.053425938,215.734129,1117.139975,0.221360598
EE,S2,9,2033,0.043443692,0.053425938,215.734129,1068.60729,0.2095342
EE,S2,10,2034,0.043443692,0.053425938,215.734129,1022.183044,0.198339639
EE,S2,11,2035,0.043443692,0.053425938,215.734129,977.775638,0.187743158
EE,S2,12,2036,0.043443692,0.053425938,215.734129,935.297455,0.177712803
EE,S2,13,2037,0.043443692,0.053425938,215.734129,894.66468,0.16821833
EE,S2,14,2038,0.043443692,0.053425938,215.734129,855.797143,0.159231108
EE,S2,15,2039,0.043443692,0.053425938,215.734129,818.618156,0.150724037
EE,S2,16,2040,0.043443692,0.053425938,215.734129,783.054361,0.142671464
EE,S2,17,2041,0.043443692,0.053425938,215.734129,749.035588,0.135049107
EE,S2,18,2042,0.043443692,0.053425938,215.734129,716.494717,0.127833982
EE,S2,19,2043,0.043443692,0.053425938,215.734129,685.367541,0.121004331
EE,S2,20,2044,0.043443692,0.053425938,215.734129,655.592645,0.114539561
EE,S2,21,2045,0.043443692,0.053425938,215.734129,627.11128,0.108420178
EE,S2,22,2046,0.043443692,0.053425938,215.734129,599.86725,0.102627728
EE,S2,23,2047,0.043443692,0.053425938,215.734129,573.806802,0.097144746
EE,S2,24,2048,0.043443692,0.053425938,215.734129,548.878516,0.091954696
EE,S3,0,2024,0.135101686,0.085599875,215.734129,1593.761283,0.34345
EE,S3,1,2025,0.135101686,0.085599875,215.734129,1378.441447,0.314050723
EE,S3,2,2026,0.135101686,0.085599875,215.734129,1192.211683,0.28716802
EE,S3,3,2027,0.135101686,0.085599875,215.734129,1031.141875,0.262586474
EE,S3,4,2028,0.135101686,0.085599875,215.734129,891.832869,0.240109104
EE,S3,5,2029,0.135101686,0.085599875,215.734129,771.344745,0.219555795
EE,S3,6,2030,0.135101686,0.085599875,215.734129,667.134769,0.200761846
EE,S3,7,2031,0.135101686,0.085599875,215.734129,577.003737,0.183576657
EE,S3,8,2032,0.135101686,0.085599875,215.734129,499.049559,0.167862519
EE,S3,9,2033,0.135101686,0.085599875,215.734129,431.627123,0.153493508
EE,S3,10,2034,0.135101686,0.085599875,215.734129,373.313571,0.140354483
EE,S3,11,2035,0.135101686,0.085599875,215.734129,322.878278,0.128340157
EE,S3,12,2036,0.135101686,0.085599875,215.734129,279.256878,0.117354255
EE,S3,13,2037,0.135101686,0.085599875,215.734129,241.528803,0.107308746
EE,S3,14,2038,0.135101686,0.085599875,215.734129,208.897854,0.09812313
EE,S3,15,2039,0.135101686,0.085599875,215.734129,180.675402,0.089723803
EE,S3,16,2040,0.135101686,0.085599875,215.734129,156.265851,0.082043456
EE,S3,17,2041,0.135101686,0.085599875,215.734129,135.154071,0.075020547
EE,S3,18,2042,0.135101686,0.085599875,215.734129,116.894528,0.068598797
EE,S3,19,2043,0.135101686,0.085599875,215.734129,101.10188,0.062726749
EE,S3,20,2044,0.135101686,0.085599875,215.734129,87.442846,0.057357347
EE,S3,21,2045,0.135101686,0.085599875,215.734129,75.62917,0.052447565
EE,S3,22,2046,0.135101686,0.085599875,215.734129,65.411541,0.04795806
EE,S3,23,2047,0.135101686,0.085599875,215.734129,56.574332,0.043852856
EE,S3,24,2048,0.135101686,0.085599875,215.734129,48.931044,0.040099057
ES,S1,0,2024,0.022924754,0.081472819,162.379596,1958.172159,0.14622
ES,S1,1,2025,0.022924754,0.081472819,162.379596,1913.281544,0.134307044
ES,S1,2,2026,0.022924754,0.081472819,162.379596,1869.420036,0.123364671
ES,S1,3,2027,0.022924754,0.081472819,162.379596,1826.564041,0.113313803
ES,S1,4,2028,0.022924754,0.081472819,162.379596,1784.69051,0.104081808
ES,S1,5,2029,0.022924754,0.081472819,162.379596,1743.776919,0.09560197
ES,S1,6,2030,0.022924754,0.081472819,162.379596,1703.801262,0.087813008
ES,S1,7,2031,0.022924754,0.081472819,162.379596,1664.742037,0.080658635
ES,S1,8,2032,0.022924754,0.081472819,162.379596,1626.578236,0.074087148
ES,S1,9,2033,0.022924754,0.081472819,162.379596,1589.28933,0.06805106
ES,S1,10,2034,0.022924754,0.081472819,162.379596,1552.855263,0.062506748
ES,S1,11,2035,0.022924754,0.081472819,162.379596,1517.256438,0.057414147
ES,S1,12,2036,0.022924754,0.081472819,162.379596,1482.473707,0.052736455
ES,S1,13,2037,0.022924754,0.081472819,162.379596,1448.488362,0.048439867
ES,S1,14,2038,0.022924754,0.081472819,162.379596,1415.282123,0.044493334
ES,S1,15,2039,0.022924754,0.081472819,162.379596,1382.837128,0.040868337
ES,S1,16,2040,0.022924754,0.081472819,162.379596,1351.135927,0.037538678
ES,S1,17,2041,0.022924754,0.081472819,162.379596,1320.161469,0.034480296
ES,S1,18,2042,0.022924754,0.081472819,162.379596,1289.897092,0.03167109
ES,S1,19,2043,0.022924754,0.081472819,162.379596,1260.326518,0.029090757
ES,S1,20,2044,0.022924754,0.081472819,162.379596,1231.433843,0.026720651
ES,S1,21,2045,0.022924754,0.081472819,162.379596,1203.203525,0.024543644
ES,S1,22,2046,0.022924754,0.081472819,162.379596,1175.62038,0.022544004
ES,S1,23,2047,0.022924754,0.081472819,162.379596,1148.669572,0.02070728
ES,S1,24,2048,0.022924754,0.081472819,162.379596,1122.336605,0.0190202
ES,S2,0,2024,0.043443692,0.081472819,162.379596,1958.172159,0.14622
ES,S2,1,2025,0.043443692,0.081472819,162.379596,1873.101931,0.134307044
ES,S2,2,2026,0.043443692,0.081472819,162.379596,1791.727468,0.123364671
ES,S2,3,2027,0.043443692,0.081472819,162.379596,1713.888212,0.113313803
ES,S2,4,2028,0.043443692,0.081472819,162.379596,1639.43058,0.104081808
ES,S2,5,2029,0.043443692,0.081472819,162.379596,1568.207663,0.09560197
ES,S2,6,2030,0.043443692,0.081472819,162.379596,1500.078932,0.087813008
ES,S2,7,2031,0.043443692,0.081472819,162.379596,1434.909965,0.080658635
ES,S2,8,2032,0.043443692,0.081472819,162.379596,1372.572178,0.074087148
ES,S2,9,2033,0.043443692,0.081472819,162.379596,1312.942576,0.06805106
ES,S2,10,2034,0.043443692,0.081472819,162.379596,1255.903503,0.062506748
ES,S2,11,2035,0.043443692,0.081472819,162.379596,1201.342418,0.057414147
ES,S2,12,2036,0.043443692,0.081472819,162.379596,1149.151668,0.052736455
ES,S2,13,2037,0.043443692,0.081472819,162.379596,1099.228277,0.048439867
ES,S2,14,2038,0.043443692,0.081472819,162.379596,1051.473742,0.044493334
ES,S2,15,2039,0.043443692,0.081472819,162.379596,1005.793841,0.040868337
ES,S2,16,2040,0.043443692,0.081472819,162.379596,962.098443,0.037538678
ES,S2,17,2041,0.043443692,0.081472819,162.379596,920.301334,0.034480296
ES,S2,18,2042,0.043443692,0.081472819,162.379596,880.320047,0.03167109
ES,S2,19,2043,0.043443692,0.081472819,162.379596,842.075694,0.029090757
ES,S2,20,2044,0.043443692,0.081472819,162.379596,805.492817,0.026720651
ES,S2,21,2045,0.043443692,0.081472819,162.379596,770.499235,0.024543644
ES,S2,22,2046,0.043443692,0.081472819,162.379596,737.025903,0.022544004
ES,S2,23,2047,0.043443692,0.081472819,162.379596,705.006777,0.02070728
ES,S2,24,2048,0.043443692,0.081472819,162.379596,674.37868,0.0190202
ES,S3,0,2024,0.135101686,0.085599875,162.379596,1958.172159,0.14622
ES,S3,1,2025,0.135101686,0.085599875,162.379596,1693.619799,0.133703586
ES,S3,2,2026,0.135101686,0.085599875,162.379596,1464.808909,0.122258576
ES,S3,3,2027,0.135101686,0.085599875,162.379596,1266.910756,0.111793257
ES,S3,4,2028,0.135101686,0.085599875,162.379596,1095.748977,0.102223768
ES,S3,5,2029,0.135101686,0.085599875,162.379596,947.711442,0.093473427
ES,S3,6,2030,0.135101686,0.085599875,162.379596,819.674029,0.085472113
ES,S3,7,2031,0.135101686,0.085599875,162.379596,708.934685,0.078155711
ES,S3,8,2032,0.135101686,0.085599875,162.379596,613.156414,0.071465592
ES,S3,9,2033,0.135101686,0.085599875,162.379596,530.317949,0.065348146
ES,S3,10,2034,0.135101686,0.085599875,162.379596,458.6711,0.059754353
ES,S3,11,2035,0.135101686,0.085599875,162.379596,396.703861,0.054639388
ES,S3,12,2036,0.135101686,0.085599875,162.379596,343.1085,0.049962263
ES,S3,13,2037,0.135101686,0.085599875,162.379596,296.753964,0.045685499
ES,S3,14,2038,0.135101686,0.085599875,162.379596,256.662003,0.041774826
ES,S3,15,2039,0.135101686,0.085599875,162.379596,221.986533,0.038198907
ES,S3,16,2040,0.135101686,0.085599875,162.379596,191.995779,0.034929085
ES,S3,17,2041,0.135101686,0.085599875,162.379596,166.056825,0.03193916
ES,S3,18,2042,0.135101686,0.085599875,162.379596,143.622268,0.029205172
ES,S3,19,2043,0.135101686,0.085599875,162.379596,124.218658,0.026705212
ES,S3,20,2044,0.135101686,0.085599875,162.379596,107.436507,0.02441925
ES,S3,21,2045,0.135101686,0.085599875,162.379596,92.921654,0.022328965
ES,S3,22,2046,0.135101686,0.085599875,162.379596,80.367782,0.020417608
ES,S3,23,2047,0.135101686,0.085599875,162.379596,69.509959,0.018669864
ES,S3,24,2048,0.135101686,0.085599875,162.379596,60.119046,0.017071726
FI,S1,0,2024,0.092746187,0.10857591,128.669308,1323.0269,0.06663
FI,S1,1,2025,0.092746187,0.10857591,128.669308,1200.3212,0.059395587
FI,S1,2,2026,0.092746187,0.10857591,128.669308,1088.995986,0.052946657
FI,S1,3,2027,0.092746187,0.10857591,128.669308,987.99576,0.047197926
FI,S1,4,2028,0.092746187,0.10857591,128.669308,896.362921,0.042073368
FI,S1,5,2029,0.092746187,0.10857591,128.669308,813.228678,0.037505214
FI,S1,6,2030,0.092746187,0.10857591,128.669308,737.804819,0.033433051
FI,S1,7,2031,0.092746187,0.10857591,128.669308,669.376235,0.029803027
FI,S1,8,2032,0.092746187,0.10857591,128.669308,607.294142,0.026567136
FI,S1,9,2033,0.092746187,0.10857591,128.669308,550.969926,0.023682585
FI,S1,10,2034,0.092746187,0.10857591,128.669308,499.869566,0.021111227
FI,S1,11,2035,0.092746187,0.10857591,128.669308,453.50857,0.018819056
FI,S1,12,2036,0.092746187,0.10857591,128.669308,411.447379,0.01677576
FI,S1,13,2037,0.092746187,0.10857591,128.669308,373.287203,0.014954317
FI,S1,14,2038,0.092746187,0.10857591,128.669308,338.666239,0.013330638
FI,S1,15,2039,0.092746187,0.10857591,128.669308,307.256236,0.011883252
FI,S1,16,2040,0.092746187,0.10857591,128.669308,278.759392,0.010593017
FI,S1,17,2041,0.092746187,0.10857591,128.669308,252.905521,0.009442871
FI,S1,18,2042,0.092746187,0.10857591,128.669308,229.449499,0.008417602
FI,S1,19,2043,0.092746187,0.10857591,128.669308,208.168932,0.007503654
FI,S1,20,2044,0.092746187,0.10857591,128.669308,188.862058,0.006688938
FI,S1,21,2045,0.092746187,0.10857591,128.669308,171.345822,0.00596268
FI,S1,22,2046,0.092746187,0.10857591,128.669308,155.45415,0.005315277
FI,S1,23,2047,0.092746187,0.10857591,128.669308,141.036371,0.004738166
FI,S1,24,2048,0.092746187,0.10857591,128.669308,127.955785,0.004223715
FI,S2,0,2024,0.043443692,0.10857591,128.669308,1323.0269,0.06663
FI,S2,1,2025,0.043443692,0.10857591,128.669308,1265.549727,0.059395587
FI,S2,2,2026,0.043443692,0.10857591,128.669308,1210.569575,0.052946657
FI,S2,3,2027,0.043443692,0.10857591,128.669308,1157.977963,0.047197926
FI,S2,4,2028,0.043443692,0.10857591,128.669308,1107.671125,0.042073368
FI,S2,5,2029,0.043443692,0.10857591,128.669308,1059.549802,0.037505214
FI,S2,6,2030,0.043443692,0.10857591,128.669308,1013.519047,0.033433051
FI,S2,7,2031,0.043443692,0.10857591,128.669308,969.488037,0.029803027
FI,S2,8,2032,0.043443692,0.10857591,128.669308,927.369898,0.026567136
FI,S2,9,2033,0.043443692,0.10857591,128.669308,887.081525,0.023682585
FI,S2,10,2034,0.043443692,0.10857591,128.669308,848.543429,0.021111227
FI,S2,11,2035,0.043443692,0.10857591,128.669308,811.679569,0.018819056
FI,S2,12,2036,0.043443692,0.10857591,128.669308,776.417212,0.01677576
FI,S2,13,2037,0.043443692,0.10857591,128.669308,742.686782,0.014954317
FI,S2,14,2038,0.043443692,0.10857591,128.669308,710.421726,0.013330638
FI,S2,15,2039,0.043443692,0.10857591,128.669308,679.558384,0.011883252
FI,S2,16,2040,0.043443692,0.10857591,128.669308,650.035858,0.010593017
FI,S2,17,2041,0.043443692,0.10857591,128.669308,621.795901,0.009442871
FI,S2,18,2042,0.043443692,0.10857591,128.669308,594.782791,0.008417602
FI,S2,19,2043,0.043443692,0.10857591,128.669308,568.943231,0.007503654
FI,S2,20,2044,0.043443692,0.10857591,128.669308,544.226236,0.006688938
FI,S2,21,2045,0.043443692,0.10857591,128.669308,520.583039,0.00596268
FI,S2,22,2046,0.043443692,0.10857591,128.669308,497.96699,0.005315277
FI,S2,23,2047,0.043443692,0.10857591,128.669308,476.333466,0.004738166
FI,S2,24,2048,0.043443692,0.10857591,128.669308,455.639781,0.004223715
FI,S3,0,2024,0.135101686,0.085599875,128.669308,1323.0269,0.06663
FI,S3,1,2025,0.135101686,0.085599875,128.669308,1144.283736,0.06092648
FI,S3,2,2026,0.135101686,0.085599875,128.669308,989.689074,0.055711181
FI,S3,3,2027,0.135101686,0.085599875,128.669308,855.980411,0.050942311
FI,S3,4,2028,0.135101686,0.085599875,128.669308,740.336014,0.046581656
FI,S3,5,2029,0.135101686,0.085599875,128.669308,640.315371,0.042594272
FI,S3,6,2030,0.135101686,0.085599875,128.669308,553.807685,0.038948207
FI,S3,7,2031,0.135101686,0.085599875,128.669308,478.987333,0.035614246
FI,S3,8,2032,0.135101686,0.085599875,128.669308,414.275336,0.032565671
FI,S3,9,2033,0.135101686,0.085599875,128.669308,358.30604,0.029778053
FI,S3,10,2034,0.135101686,0.085599875,128.669308,309.89829,0.027229056
FI,S3,11,2035,0.135101686,0.085599875,128.669308,268.030508,0.024898252
FI,S3,12,2036,0.135101686,0.085599875,128.669308,231.819135,0.022766965
FI,S3,13,2037,0.135101686,0.085599875,128.669308,200.499979,0.020818115
FI,S3,14,2038,0.135101686,0.085599875,128.669308,173.412094,0.019036087
FI,S3,15,2039,0.135101686,0.085599875,128.669308,149.983827,0.017406601
FI,S3,16,2040,0.135101686,0.085599875,128.669308,129.72076,0.015916598
FI,S3,17,2041,0.135101686,0.085599875,128.669308,112.195266,0.014554139
FI,S3,18,2042,0.135101686,0.085599875,128.669308,97.037497,0.013308307
FI,S3,19,2043,0.135101686,0.085599875,128.669308,83.927567,0.012169117
FI,S3,20,2044,0.135101686,0.085599875,128.669308,72.588811,0.011127442
FI,S3,21,2045,0.135101686,0.085599875,128.669308,62.781941,0.010174935
FI,S3,22,2046,0.135101686,0.085599875,128.669308,54.299995,0.009303961
FI,S3,23,2047,0.135101686,0.085599875,128.669308,46.963974,0.008507544
FI,S3,24,2048,0.135101686,0.085599875,128.669308,40.619062,0.007779299
FR,S1,0,2024,0.020279217,0.031559764,144.320729,1664.315446,0.04048
FR,S1,1,2025,0.020279217,0.031559764,144.320729,1630.564432,0.039202461
FR,S1,2,2026,0.020279217,0.031559764,144.320729,1597.497862,0.03796524
FR,S1,3,2027,0.020279217,0.031559764,144.320729,1565.101856,0.036767066
FR,S1,4,2028,0.020279217,0.031559764,144.320729,1533.362816,0.035606706
FR,S1,5,2029,0.020279217,0.031559764,144.320729,1502.267419,0.034482967
FR,S1,6,2030,0.020279217,0.031559764,144.320729,1471.802612,0.033394693
FR,S1,7,2031,0.020279217,0.031559764,144.320729,1441.955607,0.032340764
FR,S1,8,2032,0.020279217,0.031559764,144.320729,1412.713877,0.031320097
FR,S1,9,2033,0.020279217,0.031559764,144.320729,1384.065145,0.030331642
FR,S1,10,2034,0.020279217,0.031559764,144.320729,1355.997388,0.029374383
FR,S1,11,2035,0.020279217,0.031559764,144.320729,1328.498823,0.028447334
FR,S1,12,2036,0.020279217,0.031559764,144.320729,1301.557907,0.027549543
FR,S1,13,2037,0.020279217,0.031559764,144.320729,1275.163331,0.026680086
FR,S1,14,2038,0.020279217,0.031559764,144.320729,1249.304018,0.025838069
FR,S1,15,2039,0.020279217,0.031559764,144.320729,1223.96911,0.025022626
FR,S1,16,2040,0.020279217,0.031559764,144.320729,1199.147975,0.024232917
FR,S1,17,2041,0.020279217,0.031559764,144.320729,1174.830193,0.023468132
FR,S1,18,2042,0.020279217,0.031559764,144.320729,1151.005557,0.022727484
FR,S1,19,2043,0.020279217,0.031559764,144.320729,1127.664065,0.02201021
FR,S1,20,2044,0.020279217,0.031559764,144.320729,1104.795921,0.021315572
FR,S1,21,2045,0.020279217,0.031559764,144.320729,1082.391525,0.020642858
FR,S1,22,2046,0.020279217,0.031559764,144.320729,1060.441472,0.019991374
FR,S2,0,2024,0.043443692,0.031559764,144.320729,1664.315446,0.04048
FR,S2,1,2025,0.043443692,0.031559764,144.320729,1592.011438,0.039202461
FR,S2,2,2026,0.043443692,0.031559764,144.320729,1522.848584,0.03796524
FR,S2,3,2027,0.043443692,0.031559764,144.320729,1456.690419,0.036767066
FR,S2,4,2028,0.043443692,0.031559764,144.320729,1393.406409,0.035606706
FR,S2,5,2029,0.043443692,0.031559764,144.320729,1332.87169,0.034482967
FR,S2,6,2030,0.043443692,0.031559764,144.320729,1274.966823,0.033394693
FR,S2,7,2031,0.043443692,0.031559764,144.320729,1219.577557,0.032340764
FR,S2,8,2032,0.043443692,0.031559764,144.320729,1166.594605,0.031320097
FR,S2,9,2033,0.043443692,0.031559764,144.320729,1115.913429,0.030331642
FR,S2,10,2034,0.043443692,0.031559764,144.320729,1067.434029,0.029374383
FR,S2,11,2035,0.043443692,0.031559764,144.320729,1021.060754,0.028447334
FR,S2,12,2036,0.043443692,0.031559764,144.320729,976.702105,0.027549543
FR,S2,13,2037,0.043443692,0.031559764,144.320729,934.27056,0.026680086
FR,S2,14,2038,0.043443692,0.031559764,144.320729,893.682397,0.025838069
FR,S2,15,2039,0.043443692,0.031559764,144.320729,854.857534,0.025022626
FR,S2,16,2040,0.043443692,0.031559764,144.320729,817.719367,0.024232917
FR,S2,17,2041,0.043443692,0.031559764,144.320729,782.194619,0.023468132
FR,S2,18,2042,0.043443692,0.031559764,144.320729,748.213197,0.022727484
FR,S2,19,2043,0.043443692,0.031559764,144.320729,715.708053,0.02201021
FR,S2,20,2044,0.043443692,0.031559764,144.320729,684.615053,0.021315572
FR,S2,21,2045,0.043443692,0.031559764,144.320729,654.872847,0.020642858
FR,S2,22,2046,0.043443692,0.031559764,144.320729,626.422753,0.019991374
FR,S3,0,2024,0.135101686,0.085599875,144.320729,1664.315446,0.04048
FR,S3,1,2025,0.135101686,0.085599875,144.320729,1439.463623,0.037014917
FR,S3,2,2026,0.135101686,0.085599875,144.320729,1244.989661,0.033846445
FR,S3,3,2027,0.135101686,0.085599875,144.320729,1076.789459,0.030949193
FR,S3,4,2028,0.135101686,0.085599875,144.320729,931.313387,0.028299946
FR,S3,5,2029,0.135101686,0.085599875,144.320729,805.491378,0.025877474
FR,S3,6,2030,0.135101686,0.085599875,144.320729,696.668135,0.023662366
FR,S3,7,2031,0.135101686,0.085599875,144.320729,602.547096,0.02163687
FR,S3,8,2032,0.135101686,0.085599875,144.320729,521.141967,0.019784757
FR,S3,9,2033,0.135101686,0.085599875,144.320729,450.734809,0.018091184
FR,S3,10,2034,0.135101686,0.085599875,144.320729,389.839776,0.016542581
FR,S3,11,2035,0.135101686,0.085599875,144.320729,337.171765,0.015126538
FR,S3,12,2036,0.135101686,0.085599875,144.320729,291.619291,0.013831708
FR,S3,13,2037,0.135101686,0.085599875,144.320729,252.221033,0.012647716
FR,S3,14,2038,0.135101686,0.085599875,144.320729,218.145546,0.011565073
FR,S3,15,2039,0.135101686,0.085599875,144.320729,188.673715,0.010575104
FR,S3,16,2040,0.135101686,0.085599875,144.320729,163.183578,0.009669877
FR,S3,17,2041,0.135101686,0.085599875,144.320729,141.137202,0.008842136
FR,S3,18,2042,0.135101686,0.085599875,144.320729,122.069328,0.008085251
FR,S3,19,2043,0.135101686,0.085599875,144.320729,105.577556,0.007393154
FR,S3,20,2044,0.135101686,0.085599875,144.320729,91.31385,0.006760301
FR,S3,21,2045,0.135101686,0.085599875,144.320729,78.977195,0.00618162
FR,S3,22,2046,0.135101686,0.085599875,144.320729,68.307243,0.005652474
GR,S1,0,2024,0.019755231,0.073081335,97.937527,1181.050726,0.32165
GR,S1,1,2025,0.019755231,0.073081335,97.937527,1157.718796,0.298143389
GR,S1,2,2026,0.019755231,0.073081335,97.937527,1134.847794,0.276354672
GR,S1,3,2027,0.019755231,0.073081335,97.937527,1112.428614,0.256158303
GR,S1,4,2028,0.019755231,0.073081335,97.937527,1090.452329,0.237437913
GR,S1,5,2029,0.019755231,0.073081335,97.937527,1068.910192,0.220085633
GR,S1,6,2030,0.019755231,0.073081335,97.937527,1047.793624,0.204001481
GR,S1,7,2031,0.019755231,0.073081335,97.937527,1027.094219,0.189092781
GR,S1,8,2032,0.019755231,0.073081335,97.937527,1006.803735,0.175273628
GR,S1,9,2033,0.019755231,0.073081335,97.937527,986.914095,0.162464397
GR,S1,10,2034,0.019755231,0.073081335,97.937527,967.417379,0.150591282
GR,S1,11,2035,0.019755231,0.073081335,97.937527,948.305825,0.13958587
GR,S1,12,2036,0.019755231,0.073081335,97.937527,929.571825,0.129384748
GR,S1,13,2037,0.019755231,0.073081335,97.937527,911.207918,0.119929138
GR,S1,14,2038,0.019755231,0.073081335,97.937527,893.206796,0.111164557
GR,S1,15,2039,0.019755231,0.073081335,97.937527,875.561289,0.103040502
GR,S1,16,2040,0.019755231,0.073081335,97.937527,858.264373,0.095510165
GR,S1,17,2041,0.019755231,0.073081335,97.937527,841.309162,0.088530155
GR,S1,18,2042,0.019755231,0.073081335,97.937527,824.688906,0.082060253
GR,S1,19,2043,0.019755231,0.073081335,97.937527,808.396986,0.07606318
GR,S1,20,2044,0.019755231,0.073081335,97.937527,792.426917,0.070504381
GR,S1,21,2045,0.019755231,0.073081335,97.937527,776.77234,0.065351827
GR,S1,22,2046,0.019755231,0.073081335,97.937527,761.427023,0.060575828
GR,S1,23,2047,0.019755231,0.073081335,97.937527,746.384856,0.056148866
GR,S1,24,2048,0.019755231,0.073081335,97.937527,731.639851,0.052045432
GR,S2,0,2024,0.043443692,0.073081335,97.937527,1181.050726,0.32165
GR,S2,1,2025,0.043443692,0.073081335,97.937527,1129.741522,0.298143389
GR,S2,2,2026,0.043443692,0.073081335,97.937527,1080.661379,0.276354672
GR,S2,3,2027,0.043443692,0.073081335,97.937527,1033.713459,0.256158303
GR,S2,4,2028,0.043443692,0.073081335,97.937527,988.80513,0.237437913
GR,S2,5,2029,0.043443692,0.073081335,97.937527,945.847785,0.220085633
GR,S2,6,2030,0.043443692,0.073081335,97.937527,904.756665,0.204001481
GR,S2,7,2031,0.043443692,0.073081335,97.937527,865.450695,0.189092781
GR,S2,8,2032,0.043443692,0.073081335,97.937527,827.852321,0.175273628
GR,S2,9,2033,0.043443692,0.073081335,97.937527,791.88736,0.162464397
GR,S2,10,2034,0.043443692,0.073081335,97.937527,757.48485,0.150591282
GR,S2,11,2035,0.043443692,0.073081335,97.937527,724.576911,0.13958587
GR,S2,12,2036,0.043443692,0.073081335,97.937527,693.098615,0.129384748
GR,S2,13,2037,0.043443692,0.073081335,97.937527,662.987852,0.119929138
GR,S2,14,2038,0.043443692,0.073081335,97.937527,634.185212,0.111164557
GR,S2,15,2039,0.043443692,0.073081335,97.937527,606.633865,0.103040502
GR,S2,16,2040,0.043443692,0.073081335,97.937527,580.27945,0.095510165
GR,S2,17,2041,0.043443692,0.073081335,97.937527,555.069969,0.088530155
GR,S2,18,2042,0.043443692,0.073081335,97.937527,530.95568,0.082060253
GR,S2,19,2043,0.043443692,0.073081335,97.937527,507.889005,0.07606318
GR,S2,20,2044,0.043443692,0.073081335,97.937527,485.824431,0.070504381
GR,S2,21,2045,0.043443692,0.073081335,97.937527,464.718424,0.065351827
GR,S2,22,2046,0.043443692,0.073081335,97.937527,444.52934,0.060575828
GR,S2,23,2047,0.043443692,0.073081335,97.937527,425.217345,0.056148866
GR,S2,24,2048,0.043443692,0.073081335,97.937527,406.744333,0.052045432
GR,S3,0,2024,0.135101686,0.085599875,97.937527,1181.050726,0.32165
GR,S3,1,2025,0.135101686,0.085599875,97.937527,1021.488782,0.2941168
GR,S3,2,2026,0.135101686,0.085599875,97.937527,883.483925,0.268940439
GR,S3,3,2027,0.135101686,0.085599875,97.937527,764.123757,0.245919171
GR,S3,4,2028,0.135101686,0.085599875,97.937527,660.889349,0.224868521
GR,S3,5,2029,0.135101686,0.085599875,97.937527,571.602084,0.205619803
GR,S3,6,2030,0.135101686,0.085599875,97.937527,494.377679,0.188018774
GR,S3,7,2031,0.135101686,0.085599875,97.937527,427.586421,0.17192439
GR,S3,8,2032,0.135101686,0.085599875,97.937527,369.818774,0.157207684
GR,S3,9,2033,0.135101686,0.085599875,97.937527,319.855634,0.143750726
GR,S3,10,2034,0.135101686,0.085599875,97.937527,276.642599,0.131445682
GR,S3,11,2035,0.135101686,0.085599875,97.937527,239.267717,0.120193948
GR,S3,12,2036,0.135101686,0.085599875,97.937527,206.942245,0.109905361
GR,S3,13,2037,0.135101686,0.085599875,97.937527,178.983999,0.100497476
GR,S3,14,2038,0.135101686,0.085599875,97.937527,154.802959,0.091894904
GR,S3,15,2039,0.135101686,0.085599875,97.937527,133.888818,0.084028712
GR,S3,16,2040,0.135101686,0.085599875,97.937527,115.800213,0.076835865
GR,S3,17,2041,0.135101686,0.085599875,97.937527,100.155409,0.070258724
GR,S3,18,2042,0.135101686,0.085599875,97.937527,86.624245,0.064244586
GR,S3,19,2043,0.135101686,0.085599875,97.937527,74.921163,0.058745258
GR,S3,20,2044,0.135101686,0.085599875,97.937527,64.799188,0.053716671
GR,S3,21,2045,0.135101686,0.085599875,97.937527,56.044708,0.049118531
GR,S3,22,2046,0.135101686,0.085599875,97.937527,48.472974,0.044913991
GR,S3,23,2047,0.135101686,0.085599875,97.937527,41.924193,0.041069359
GR,S3,24,2048,0.135101686,0.085599875,97.937527,36.260164,0.037553827
HR,S1,0,2024,0.006035829,0.040592876,211.628996,2728.17031,0.1707
HR,S1,1,2025,0.006035829,0.040592876,211.628996,2711.70354,0.163770796
HR,S1,2,2026,0.006035829,0.040592876,211.628996,2695.336161,0.157122868
HR,S1,3,2027,0.006035829,0.040592876,211.628996,2679.067573,0.150744799
HR,S1,4,2028,0.006035829,0.040592876,211.628996,2662.897179,0.144625634
HR,S1,5,2029,0.006035829,0.040592876,211.628996,2646.824387,0.138754864
HR,S1,6,2030,0.006035829,0.040592876,211.628996,2630.848608,0.133122405
HR,S1,7,2031,0.006035829,0.040592876,211.628996,2614.969256,0.127718584
HR,S1,8,2032,0.006035829,0.040592876,211.628996,2599.185748,0.122534119
HR,S1,9,2033,0.006035829,0.040592876,211.628996,2583.497508,0.117560107
HR,S1,10,2034,0.006035829,0.040592876,211.628996,2567.903959,0.112788004
HR,S1,11,2035,0.006035829,0.040592876,211.628996,2552.404529,0.108209614
HR,S1,12,2036,0.006035829,0.040592876,211.628996,2536.998652,0.103817075
HR,S1,13,2037,0.006035829,0.040592876,211.628996,2521.685762,0.099602841
HR,S1,14,2038,0.006035829,0.040592876,211.628996,2506.465298,0.095559676
HR,S1,15,2039,0.006035829,0.040592876,211.628996,2491.336702,0.091680633
HR,S1,16,2040,0.006035829,0.040592876,211.628996,2476.29942,0.087959053
HR,S1,17,2041,0.006035829,0.040592876,211.628996,2461.3529,0.084388542
HR,S1,18,2042,0.006035829,0.040592876,211.628996,2446.496595,0.080962968
HR,S1,19,2043,0.006035829,0.040592876,211.628996,2431.72996,0.077676449
HR,S1,20,2044,0.006035829,0.040592876,211.628996,2417.052453,0.074523338
HR,S1,21,2045,0.006035829,0.040592876,211.628996,2402.463538,0.071498222
HR,S1,22,2046,0.006035829,0.040592876,211.628996,2387.962679,0.068595903
HR,S1,23,2047,0.006035829,0.040592876,211.628996,2373.549345,0.065811398
HR,S1,24,2048,0.006035829,0.040592876,211.628996,2359.223007,0.063139924
HR,S2,0,2024,0.043443692,0.040592876,211.628996,2728.17031,0.1707
HR,S2,1,2025,0.043443692,0.040592876,211.628996,2609.648519,0.163770796
HR,S2,2,2026,0.043443692,0.040592876,211.628996,2496.275753,0.157122868
HR,S2,3,2027,0.043443692,0.040592876,211.628996,2387.828318,0.150744799
HR,S2,4,2028,0.043443692,0.040592876,211.628996,2284.09224,0.144625634
HR,S2,5,2029,0.043443692,0.040592876,211.628996,2184.86284,0.138754864
HR,S2,6,2030,0.043443692,0.040592876,211.628996,2089.944332,0.133122405
HR,S2,7,2031,0.043443692,0.040592876,211.628996,1999.149434,0.127718584
HR,S2,8,2032,0.043443692,0.040592876,211.628996,1912.299002,0.122534119
HR,S2,9,2033,0.043443692,0.040592876,211.628996,1829.221673,0.117560107
HR,S2,10,2034,0.043443692,0.040592876,211.628996,1749.75353,0.112788004
HR,S2,11,2035,0.043443692,0.040592876,211.628996,1673.737776,0.108209614
HR,S2,12,2036,0.043443692,0.040592876,211.628996,1601.024428,0.103817075
HR,S2,13,2037,0.043443692,0.040592876,211.628996,1531.470016,0.099602841
HR,S2,14,2038,0.043443692,0.040592876,211.628996,1464.937304,0.095559676
HR,S2,15,2039,0.043443692,0.040592876,211.628996,1401.295019,0.091680633
HR,S2,16,2040,0.043443692,0.040592876,211.628996,1340.41759,0.087959053
HR,S2,17,2041,0.043443692,0.040592876,211.628996,1282.184901,0.084388542
HR,S2,18,2042,0.043443692,0.040592876,211.628996,1226.482055,0.080962968
HR,S2,19,2043,0.043443692,0.040592876,211.628996,1173.199146,0.077676449
HR,S2,20,2044,0.043443692,0.040592876,211.628996,1122.231044,0.074523338
HR,S2,21,2045,0.043443692,0.040592876,211.628996,1073.477184,0.071498222
HR,S2,22,2046,0.043443692,0.040592876,211.628996,1026.841372,0.068595903
HR,S2,23,2047,0.043443692,0.040592876,211.628996,982.231592,0.065811398
HR,S2,24,2048,0.043443692,0.040592876,211.628996,939.559825,0.063139924
HR,S3,0,2024,0.135101686,0.085599875,211.628996,2728.17031,0.1707
HR,S3,1,2025,0.135101686,0.085599875,211.628996,2359.589901,0.156088101
HR,S3,2,2026,0.135101686,0.085599875,211.628996,2040.805327,0.142726979
HR,S3,3,2027,0.135101686,0.085599875,211.628996,1765.089087,0.130509568
HR,S3,4,2028,0.135101686,0.085599875,211.628996,1526.622575,0.119337965
HR,S3,5,2029,0.135101686,0.085599875,211.628996,1320.373291,0.10912265
HR,S3,6,2030,0.135101686,0.085599875,211.628996,1141.988634,0.099781765
HR,S3,7,2031,0.135101686,0.085599875,211.628996,987.704044,0.091240458
HR,S3,8,2032,0.135101686,0.085599875,211.628996,854.263562,0.083430287
HR,S3,9,2033,0.135101686,0.085599875,211.628996,738.851115,0.076288664
HR,S3,10,2034,0.135101686,0.085599875,211.628996,639.031083,0.069758364
HR,S3,11,2035,0.135101686,0.085599875,211.628996,552.696907,0.063787057
HR,S3,12,2036,0.135101686,0.085599875,211.628996,478.026623,0.058326893
HR,S3,13,2037,0.135101686,0.085599875,211.628996,413.44442,0.053334118
HR,S3,14,2038,0.135101686,0.085599875,211.628996,357.587382,0.048768724
HR,S3,15,2039,0.135101686,0.085599875,211.628996,309.276724,0.044594128
HR,S3,16,2040,0.135101686,0.085599875,211.628996,267.492917,0.040776876
HR,S3,17,2041,0.135101686,0.085599875,211.628996,231.354173,0.03728638
HR,S3,18,2042,0.135101686,0.085599875,211.628996,200.097834,0.034094671
HR,S3,19,2043,0.135101686,0.085599875,211.628996,173.064279,0.031176171
HR,S3,20,2044,0.135101686,0.085599875,211.628996,149.683003,0.028507495
HR,S3,21,2045,0.135101686,0.085599875,211.628996,129.460577,0.026067257
HR,S3,22,2046,0.135101686,0.085599875,211.628996,111.970235,0.023835903
HR,S3,23,2047,0.135101686,0.085599875,211.628996,96.842867,0.021795553
HR,S3,24,2048,0.135101686,0.085599875,211.628996,83.759233,0.019929856
HU,S1,0,2024,0.004574812,0.054666697,149.094659,1797.966112,0.18447
HU,S1,1,2025,0.004574812,0.054666697,149.094659,1789.740755,0.174385634
HU,S1,2,2026,0.004574812,0.054666697,149.094659,1781.553028,0.164852548
HU,S1,3,2027,0.004574812,0.054666697,149.094659,1773.402758,0.155840603
HU,S1,4,2028,0.004574812,0.054666697,149.094659,1765.289773,0.147321312
HU,S1,5,2029,0.004574812,0.054666697,149.094659,1757.213905,0.139267743
HU,S1,6,2030,0.004574812,0.054666697,149.094659,1749.174981,0.131654435
HU,S1,7,2031,0.004574812,0.054666697,149.094659,1741.172835,0.124457322
HU,S1,8,2032,0.004574812,0.054666697,149.094659,1733.207296,0.117653652
HU,S1,9,2033,0.004574812,0.054666697,149.094659,1725.278199,0.111221915
HU,S1,10,2034,0.004574812,0.054666697,149.094659,1717.385375,0.10514178
HU,S1,11,2035,0.004574812,0.054666697,149.094659,1709.52866,0.099394026
HU,S1,12,2036,0.004574812,0.054666697,149.094659,1701.707888,0.093960483
HU,S1,13,2037,0.004574812,0.054666697,149.094659,1693.922894,0.088823974
HU,S1,14,2038,0.004574812,0.054666697,149.094659,1686.173515,0.083968261
HU,S1,15,2039,0.004574812,0.054666697,149.094659,1678.459589,0.079377993
HU,S1,16,2040,0.004574812,0.054666697,149.094659,1670.780951,0.075038661
HU,S1,17,2041,0.004574812,0.054666697,149.094659,1663.137443,0.070936545
HU,S1,18,2042,0.004574812,0.054666697,149.094659,1655.528902,0.067058678
HU,S1,19,2043,0.004574812,0.054666697,149.094659,1647.955168,0.063392802
HU,S1,20,2044,0.004574812,0.054666697,149.094659,1640.416083,0.059927327
HU,S1,21,2045,0.004574812,0.054666697,149.094659,1632.911488,0.056651298
HU,S1,22,2046,0.004574812,0.054666697,149.094659,1625.441225,0.053554358
HU,S1,23,2047,0.004574812,0.054666697,149.094659,1618.005137,0.050626719
HU,S1,24,2048,0.004574812,0.054666697,149.094659,1610.603067,0.047859123
HU,S2,0,2024,0.043443692,0.054666697,149.094659,1797.966112,0.18447
HU,S2,1,2025,0.043443692,0.054666697,149.094659,1719.855826,0.174385634
HU,S2,2,2026,0.043443692,0.054666697,149.094659,1645.138939,0.164852548
HU,S2,3,2027,0.043443692,0.054666697,149.094659,1573.66803,0.155840603
HU,S2,4,2028,0.043443692,0.054666697,149.094659,1505.302081,0.147321312
HU,S2,5,2029,0.043443692,0.054666697,149.094659,1439.906201,0.139267743
HU,S2,6,2030,0.043443692,0.054666697,149.094659,1377.351359,0.131654435
HU,S2,7,2031,0.043443692,0.054666697,149.094659,1317.514131,0.124457322
HU,S2,8,2032,0.043443692,0.054666697,149.094659,1260.276453,0.117653652
HU,S2,9,2033,0.043443692,0.054666697,149.094659,1205.525391,0.111221915
HU,S2,10,2034,0.043443692,0.054666697,149.094659,1153.152917,0.10514178
HU,S2,11,2035,0.043443692,0.054666697,149.094659,1103.055697,0.099394026
HU,S2,12,2036,0.043443692,0.054666697,149.094659,1055.134885,0.093960483
HU,S2,13,2037,0.043443692,0.054666697,149.094659,1009.29593,0.088823974
HU,S2,14,2038,0.043443692,0.054666697,149.094659,965.448389,0.083968261
HU,S2,15,2039,0.043443692,0.054666697,149.094659,923.505746,0.079377993
HU,S2,16,2040,0.043443692,0.054666697,149.094659,883.385247,0.075038661
HU,S2,17,2041,0.043443692,0.054666697,149.094659,845.00773,0.070936545
HU,S2,18,2042,0.043443692,0.054666697,149.094659,808.297475,0.067058678
HU,S2,19,2043,0.043443692,0.054666697,149.094659,773.182048,0.063392802
HU,S2,20,2044,0.043443692,0.054666697,149.094659,739.592165,0.059927327
HU,S2,21,2045,0.043443692,0.054666697,149.094659,707.461551,0.056651298
HU,S2,22,2046,0.043443692,0.054666697,149.094659,676.726809,0.053554358
HU,S2,23,2047,0.043443692,0.054666697,149.094659,647.327298,0.050626719
HU,S2,24,2048,0.043443692,0.054666697,149.094659,619.205011,0.047859123
HU,S3,0,2024,0.135101686,0.085599875,149.094659,1797.966112,0.18447
HU,S3,1,2025,0.135101686,0.085599875,149.094659,1555.057859,0.168679391
HU,S3,2,2026,0.135101686,0.085599875,149.094659,1344.96692,0.154240456
HU,S3,3,2027,0.135101686,0.085599875,149.094659,1163.259622,0.141037492
HU,S3,4,2028,0.135101686,0.085599875,149.094659,1006.101286,0.128964701
HU,S3,5,2029,0.135101686,0.085599875,149.094659,870.175306,0.117925338
HU,S3,6,2030,0.135101686,0.085599875,149.094659,752.613155,0.107830944
HU,S3,7,2031,0.135101686,0.085599875,149.094659,650.933849,0.098600629
HU,S3,8,2032,0.135101686,0.085599875,149.094659,562.991588,0.090160427
HU,S3,9,2033,0.135101686,0.085599875,149.094659,486.930475,0.082442706
HU,S3,10,2034,0.135101686,0.085599875,149.094659,421.145347,0.075385621
HU,S3,11,2035,0.135101686,0.085599875,149.094659,364.247901,0.068932621
HU,S3,12,2036,0.135101686,0.085599875,149.094659,315.037395,0.063031997
HU,S3,13,2037,0.135101686,0.085599875,149.094659,272.475312,0.057636466
HU,S3,14,2038,0.135101686,0.085599875,149.094659,235.663438,0.052702792
HU,S3,15,2039,0.135101686,0.085599875,149.094659,203.82491,0.04819144
HU,S3,16,2040,0.135101686,0.085599875,149.094659,176.287821,0.044066258
HU,S3,17,2041,0.135101686,0.085599875,149.094659,152.471039,0.040294192
HU,S3,18,2042,0.135101686,0.085599875,149.094659,131.871945,0.036845014
HU,S3,19,2043,0.135101686,0.085599875,149.094659,114.055823,0.033691086
HU,S3,20,2044,0.135101686,0.085599875,149.094659,98.646689,0.030807133
HU,S3,21,2045,0.135101686,0.085599875,149.094659,85.319355,0.028170046
HU,S3,22,2046,0.135101686,0.085599875,149.094659,73.792566,0.025758694
HU,S3,23,2047,0.135101686,0.085599875,149.094659,63.823066,0.023553753
HU,S3,24,2048,0.135101686,0.085599875,149.094659,55.200462,0.021537555
IE,S1,0,2024,0.032660219,0.051960881,148.700761,2215.537063,0.27091
IE,S1,1,2025,0.032660219,0.051960881,148.700761,2143.177138,0.256833278
IE,S1,2,2026,0.032660219,0.051960881,148.700761,2073.180503,0.243487994
IE,S1,3,2027,0.032660219,0.051960881,148.700761,2005.469974,0.230836144
IE,S1,4,2028,0.032660219,0.051960881,148.700761,1939.970885,0.218841694
IE,S1,5,2029,0.032660219,0.051960881,148.700761,1876.611011,0.207470487
IE,S1,6,2030,0.032660219,0.051960881,148.700761,1815.320485,0.196690138
IE,S1,7,2031,0.032660219,0.051960881,148.700761,1756.03172,0.186469945
IE,S1,8,2032,0.032660219,0.051960881,148.700761,1698.679339,0.176780802
IE,S1,9,2033,0.032660219,0.051960881,148.700761,1643.2001,0.167595116
IE,S1,10,2034,0.032660219,0.051960881,148.700761,1589.532825,0.158886726
IE,S1,11,2035,0.032660219,0.051960881,148.700761,1537.618335,0.150630832
IE,S1,12,2036,0.032660219,0.051960881,148.700761,1487.399383,0.142803921
IE,S1,13,2037,0.032660219,0.051960881,148.700761,1438.820594,0.135383704
IE,S1,14,2038,0.032660219,0.051960881,148.700761,1391.828398,0.128349047
IE,S1,15,2039,0.032660219,0.051960881,148.700761,1346.370978,0.121679918
IE,S1,16,2040,0.032660219,0.051960881,148.700761,1302.398207,0.115357322
IE,S1,17,2041,0.032660219,0.051960881,148.700761,1259.861596,0.109363254
IE,S1,18,2042,0.032660219,0.051960881,148.700761,1218.71424,0.103680643
IE,S1,19,2043,0.032660219,0.051960881,148.700761,1178.910766,0.098293305
IE,S1,20,2044,0.032660219,0.051960881,148.700761,1140.407283,0.093185898
IE,S1,21,2045,0.032660219,0.051960881,148.700761,1103.161331,0.088343877
IE,S1,22,2046,0.032660219,0.051960881,148.700761,1067.13184,0.083753451
IE,S1,23,2047,0.032660219,0.051960881,148.700761,1032.279081,0.079401548
IE,S1,24,2048,0.032660219,0.051960881,148.700761,998.56462,0.075275774
IE,S2,0,2024,0.043443692,0.051960881,148.700761,2215.537063,0.27091
IE,S2,1,2025,0.043443692,0.051960881,148.700761,2119.285954,0.256833278
IE,S2,2,2026,0.043443692,0.051960881,148.700761,2027.216347,0.243487994
IE,S2,3,2027,0.043443692,0.051960881,148.700761,1939.146585,0.230836144
IE,S2,4,2028,0.043443692,0.051960881,148.700761,1854.902898,0.218841694
IE,S2,5,2029,0.043443692,0.051960881,148.700761,1774.319068,0.207470487
IE,S2,6,2030,0.043443692,0.051960881,148.700761,1697.236096,0.196690138
IE,S2,7,2031,0.043443692,0.051960881,148.700761,1623.501894,0.186469945
IE,S2,8,2032,0.043443692,0.051960881,148.700761,1552.970978,0.176780802
IE,S2,9,2033,0.043443692,0.051960881,148.700761,1485.504185,0.167595116
IE,S2,10,2034,0.043443692,0.051960881,148.700761,1420.968399,0.158886726
IE,S2,11,2035,0.043443692,0.051960881,148.700761,1359.236285,0.150630832
IE,S2,12,2036,0.043443692,0.051960881,148.700761,1300.186043,0.142803921
IE,S2,13,2037,0.043443692,0.051960881,148.700761,1243.701161,0.135383704
IE,S2,14,2038,0.043443692,0.051960881,148.700761,1189.670191,0.128349047
IE,S2,15,2039,0.043443692,0.051960881,148.700761,1137.986525,0.121679918
IE,S2,16,2040,0.043443692,0.051960881,148.700761,1088.548189,0.115357322
IE,S2,17,2041,0.043443692,0.051960881,148.700761,1041.257637,0.109363254
IE,S2,18,2042,0.043443692,0.051960881,148.700761,996.021561,0.103680643
IE,S2,19,2043,0.043443692,0.051960881,148.700761,952.750707,0.098293305
IE,S2,20,2044,0.043443692,0.051960881,148.700761,911.359699,0.093185898
IE,S2,21,2045,0.043443692,0.051960881,148.700761,871.766869,0.088343877
IE,S2,22,2046,0.043443692,0.051960881,148.700761,833.894097,0.083753451
IE,S2,23,2047,0.043443692,0.051960881,148.700761,797.666659,0.079401548
IE,S2,24,2048,0.043443692,0.051960881,148.700761,763.013074,0.075275774
IE,S3,0,2024,0.135101686,0.085599875,148.700761,2215.537063,0.27091
IE,S3,1,2025,0.135101686,0.085599875,148.700761,1916.214271,0.247720138
IE,S3,2,2026,0.135101686,0.085599875,148.700761,1657.330492,0.226515325
IE,S3,3,2027,0.135101686,0.085599875,148.700761,1433.422348,0.207125642
IE,S3,4,2028,0.135101686,0.085599875,148.700761,1239.764572,0.189395712
IE,S3,5,2029,0.135101686,0.085599875,148.700761,1072.270288,0.173183463
IE,S3,6,2030,0.135101686,0.085599875,148.700761,927.404764,0.15835898
IE,S3,7,2031,0.135101686,0.085599875,148.700761,802.110817,0.144803471
IE,S3,8,2032,0.135101686,0.085599875,148.700761,693.744293,0.132408312
IE,S3,9,2033,0.135101686,0.085599875,148.700761,600.01827,0.121074177
IE,S3,10,2034,0.135101686,0.085599875,148.700761,518.95479,0.110710243
IE,S3,11,2035,0.135101686,0.085599875,148.700761,448.843123,0.10123346
IE,S3,12,2036,0.135101686,0.085599875,148.700761,388.20366,0.092567888
IE,S3,13,2037,0.135101686,0.085599875,148.700761,335.756691,0.084644089
IE,S3,14,2038,0.135101686,0.085599875,148.700761,290.395396,0.077398565
IE,S3,15,2039,0.135101686,0.085599875,148.700761,251.162488,0.070773258
IE,S3,16,2040,0.135101686,0.085599875,148.700761,217.230013,0.064715076
IE,S3,17,2041,0.135101686,0.085599875,148.700761,187.881872,0.059175473
IE,S3,18,2042,0.135101686,0.085599875,148.700761,162.498714,0.05411006
IE,S3,19,2043,0.135101686,0.085599875,148.700761,140.544864,0.049478246
IE,S3,20,2044,0.135101686,0.085599875,148.700761,121.557016,0.045242914
IE,S3,21,2045,0.135101686,0.085599875,148.700761,105.134458,0.041370126
IE,S3,22,2046,0.135101686,0.085599875,148.700761,90.930616,0.037828849
IE,S3,23,2047,0.135101686,0.085599875,148.700761,78.645736,0.034590704
IE,S3,24,2048,0.135101686,0.085599875,148.700761,68.020565,0.031629744
IT,S1,0,2024,0.017910898,0.029069833,130.945073,1579.096158,0.2814
IT,S1,1,2025,0.017910898,0.029069833,130.945073,1550.813128,0.273219749
IT,S1,2,2026,0.017910898,0.029069833,130.945073,1523.036672,0.265277297
IT,S1,3,2027,0.017910898,0.029069833,130.945073,1495.757718,0.25756573
IT,S1,4,2028,0.017910898,0.029069833,130.945073,1468.967354,0.250078337
IT,S1,5,2029,0.017910898,0.029069833,130.945073,1442.65683,0.242808602
IT,S1,6,2030,0.017910898,0.029069833,130.945073,1416.81755,0.235750196
IT,S1,7,2031,0.017910898,0.029069833,130.945073,1391.441076,0.228896977
IT,S1,8,2032,0.017910898,0.029069833,130.945073,1366.519116,0.22224298
IT,S1,9,2033,0.017910898,0.029069833,130.945073,1342.043532,0.215782414
IT,S1,10,2034,0.017910898,0.029069833,130.945073,1318.006327,0.209509655
IT,S1,11,2035,0.017910898,0.029069833,130.945073,1294.39965,0.203419245
IT,S1,12,2036,0.017910898,0.029069833,130.945073,1271.21579,0.197505881
IT,S1,13,2037,0.017910898,0.029069833,130.945073,1248.447174,0.191764418
IT,S1,14,2038,0.017910898,0.029069833,130.945073,1226.086364,0.186189859
IT,S1,15,2039,0.017910898,0.029069833,130.945073,1204.126056,0.18077735
IT,S1,16,2040,0.017910898,0.029069833,130.945073,1182.559077,0.175522183
IT,S1,17,2041,0.017910898,0.029069833,130.945073,1161.378382,0.170419782
IT,S1,18,2042,0.017910898,0.029069833,130.945073,1140.577052,0.165465708
IT,S1,19,2043,0.017910898,0.029069833,130.945073,1120.148293,0.160655647
IT,S1,20,2044,0.017910898,0.029069833,130.945073,1100.085431,0.155985415
IT,S1,21,2045,0.017910898,0.029069833,130.945073,1080.381913,0.151450945
IT,S1,22,2046,0.017910898,0.029069833,130.945073,1061.031303,0.147048291
IT,S1,23,2047,0.017910898,0.029069833,130.945073,1042.02728,0.142773622
IT,S1,24,2048,0.017910898,0.029069833,130.945073,1023.363635,0.138623216
IT,S2,0,2024,0.043443692,0.029069833,130.945073,1579.096158,0.2814
IT,S2,1,2025,0.043443692,0.029069833,130.945073,1510.494391,0.273219749
IT,S2,2,2026,0.043443692,0.029069833,130.945073,1444.872938,0.265277297
IT,S2,3,2027,0.043443692,0.029069833,130.945073,1382.102323,0.25756573
IT,S2,4,2028,0.043443692,0.029069833,130.945073,1322.058696,0.250078337
IT,S2,5,2029,0.043443692,0.029069833,130.945073,1264.623585,0.242808602
IT,S2,6,2030,0.043443692,0.029069833,130.945073,1209.683667,0.235750196
IT,S2,7,2031,0.043443692,0.029069833,130.945073,1157.130543,0.228896977
IT,S2,8,2032,0.043443692,0.029069833,130.945073,1106.86052,0.22224298
IT,S2,9,2033,0.043443692,0.029069833,130.945073,1058.774412,0.215782414
IT,S2,10,2034,0.043443692,0.029069833,130.945073,1012.777343,0.209509655
IT,S2,11,2035,0.043443692,0.029069833,130.945073,968.778556,0.203419245
IT,S2,12,2036,0.043443692,0.029069833,130.945073,926.691239,0.197505881
IT,S2,13,2037,0.043443692,0.029069833,130.945073,886.43235,0.191764418
IT,S2,14,2038,0.043443692,0.029069833,130.945073,847.922456,0.186189859
IT,S2,15,2039,0.043443692,0.029069833,130.945073,811.085574,0.18077735
IT,S2,16,2040,0.043443692,0.029069833,130.945073,775.849022,0.175522183
IT,S2,17,2041,0.043443692,0.029069833,130.945073,742.143276,0.170419782
IT,S2,18,2042,0.043443692,0.029069833,130.945073,709.901832,0.165465708
IT,S2,19,2043,0.043443692,0.029069833,130.945073,679.061076,0.160655647
IT,S2,20,2044,0.043443692,0.029069833,130.945073,649.560155,0.155985415
IT,S2,21,2045,0.043443692,0.029069833,130.945073,621.340864,0.151450945
IT,S2,22,2046,0.043443692,0.029069833,130.945073,594.347523,0.147048291
IT,S2,23,2047,0.043443692,0.029069833,130.945073,568.526872,0.142773622
IT,S2,24,2048,0.043443692,0.029069833,130.945073,543.827966,0.138623216
IT,S3,0,2024,0.135101686,0.085599875,130.945073,1579.096158,0.2814
IT,S3,1,2025,0.135101686,0.085599875,130.945073,1365.757605,0.257312195
IT,S3,2,2026,0.135101686,0.085599875,130.945073,1181.24145,0.235286303
IT,S3,3,2027,0.135101686,0.085599875,130.945073,1021.653738,0.215145825
IT,S3,4,2028,0.135101686,0.085599875,130.945073,883.626596,0.19672937
IT,S3,5,2029,0.135101686,0.085599875,130.945073,764.247153,0.17988936
IT,S3,6,2030,0.135101686,0.085599875,130.945073,660.996074,0.164490853
IT,S3,7,2031,0.135101686,0.085599875,130.945073,571.69439,0.150410457
IT,S3,8,2032,0.135101686,0.085599875,130.945073,494.457514,0.137535341
IT,S3,9,2033,0.135101686,0.085599875,130.945073,427.65547,0.125762333
IT,S3,10,2034,0.135101686,0.085599875,130.945073,369.878495,0.114997093
IT,S3,11,2035,0.135101686,0.085599875,130.945073,319.907287,0.105153356
IT,S3,12,2036,0.135101686,0.085599875,130.945073,276.687273,0.096152242
IT,S3,13,2037,0.135101686,0.085599875,130.945073,239.306356,0.087921622
IT,S3,14,2038,0.135101686,0.085599875,130.945073,206.975664,0.080395542
IT,S3,15,2039,0.135101686,0.085599875,130.945073,179.012903,0.073513694
IT,S3,16,2040,0.135101686,0.085599875,130.945073,154.827958,0.067220931
IT,S3,17,2041,0.135101686,0.085599875,130.945073,133.91044,0.061466827
IT,S3,18,2042,0.135101686,0.085599875,130.945073,115.818913,0.056205275
IT,S3,19,2043,0.135101686,0.085599875,130.945073,100.171583,0.05139411
IT,S3,20,2044,0.135101686,0.085599875,130.945073,86.638233,0.046994781
IT,S3,21,2045,0.135101686,0.085599875,130.945073,74.933262,0.042972033
IT,S3,22,2046,0.135101686,0.085599875,130.945073,64.809652,0.039293633
IT,S3,23,2047,0.135101686,0.085599875,130.945073,56.053759,0.035930103
IT,S3,24,2048,0.135101686,0.085599875,130.945073,48.480801,0.03285449
LT,S1,0,2024,0.03214133,0.079486042,133.12601,1627.362458,0.11637
LT,S1,1,2025,0.03214133,0.079486042,133.12601,1575.056865,0.107120209
LT,S1,2,2026,0.03214133,0.079486042,133.12601,1524.432442,0.098605648
LT,S1,3,2027,0.03214133,0.079486042,133.12601,1475.435156,0.090767875
LT,S1,4,2028,0.03214133,0.079486042,133.12601,1428.012708,0.083553096
LT,S1,5,2029,0.03214133,0.079486042,133.12601,1382.11448,0.076911791
LT,S1,6,2030,0.03214133,0.079486042,133.12601,1337.691482,0.070798377
LT,S1,7,2031,0.03214133,0.079486042,133.12601,1294.696299,0.065170894
LT,S1,8,2032,0.03214133,0.079486042,133.12601,1253.083038,0.059990718
LT,S1,9,2033,0.03214133,0.079486042,133.12601,1212.807283,0.055222293
LT,S1,10,2034,0.03214133,0.079486042,133.12601,1173.826044,0.050832892
LT,S1,11,2035,0.03214133,0.079486042,133.12601,1136.097713,0.046792386
LT,S1,12,2036,0.03214133,0.079486042,133.12601,1099.582022,0.043073045
LT,S1,13,2037,0.03214133,0.079486042,133.12601,1064.239993,0.039649339
LT,S1,14,2038,0.03214133,0.079486042,133.12601,1030.033904,0.03649777
LT,S1,15,2039,0.03214133,0.079486042,133.12601,996.927245,0.033596707
LT,S1,16,2040,0.03214133,0.079486042,133.12601,964.884677,0.030926237
LT,S1,17,2041,0.03214133,0.079486042,133.12601,933.872,0.028468033
LT,S1,18,2042,0.03214133,0.079486042,133.12601,903.856112,0.026205222
LT,S1,19,2043,0.03214133,0.079486042,133.12601,874.804975,0.024122273
LT,S1,20,2044,0.03214133,0.079486042,133.12601,846.687579,0.022204889
LT,S1,21,2045,0.03214133,0.079486042,133.12601,819.473914,0.02043991
LT,S1,22,2046,0.03214133,0.079486042,133.12601,793.134933,0.018815222
LT,S1,23,2047,0.03214133,0.079486042,133.12601,767.642521,0.017319675
LT,S1,24,2048,0.03214133,0.079486042,133.12601,742.96947,0.015943002
LT,S2,0,2024,0.043443692,0.079486042,133.12601,1627.362458,0.11637
LT,S2,1,2025,0.043443692,0.079486042,133.12601,1556.663825,0.107120209
LT,S2,2,2026,0.043443692,0.079486042,133.12601,1489.036601,0.098605648
LT,S2,3,2027,0.043443692,0.079486042,133.12601,1424.347354,0.090767875
LT,S2,4,2028,0.043443692,0.079486042,133.12601,1362.468446,0.083553096
LT,S2,5,2029,0.043443692,0.079486042,133.12601,1303.277786,0.076911791
LT,S2,6,2030,0.043443692,0.079486042,133.12601,1246.658588,0.070798377
LT,S2,7,2031,0.043443692,0.079486042,133.12601,1192.499136,0.065170894
LT,S2,8,2032,0.043443692,0.079486042,133.12601,1140.692571,0.059990718
LT,S2,9,2033,0.043443692,0.079486042,133.12601,1091.136674,0.055222293
LT,S2,10,2034,0.043443692,0.079486042,133.12601,1043.733669,0.050832892
LT,S2,11,2035,0.043443692,0.079486042,133.12601,998.390024,0.046792386
LT,S2,12,2036,0.043443692,0.079486042,133.12601,955.016276,0.043073045
LT,S2,13,2037,0.043443692,0.079486042,133.12601,913.526843,0.039649339
LT,S2,14,2038,0.043443692,0.079486042,133.12601,873.839864,0.03649777
LT,S2,15,2039,0.043443692,0.079486042,133.12601,835.877034,0.033596707
LT,S2,16,2040,0.043443692,0.079486042,133.12601,799.56345,0.030926237
LT,S2,17,2041,0.043443692,0.079486042,133.12601,764.827461,0.028468033
LT,S2,18,2042,0.043443692,0.079486042,133.12601,731.600533,0.026205222
LT,S2,19,2043,0.043443692,0.079486042,133.12601,699.817105,0.024122273
LT,S2,20,2044,0.043443692,0.079486042,133.12601,669.414466,0.022204889
LT,S2,21,2045,0.043443692,0.079486042,133.12601,640.33263,0.02043991
LT,S2,22,2046,0.043443692,0.079486042,133.12601,612.514216,0.018815222
LT,S2,23,2047,0.043443692,0.079486042,133.12601,585.904337,0.017319675
LT,S2,24,2048,0.043443692,0.079486042,133.12601,560.45049,0.015943002
LT,S3,0,2024,0.135101686,0.085599875,133.12601,1627.362458,0.11637
LT,S3,1,2025,0.135101686,0.085599875,133.12601,1407.503047,0.106408743
LT,S3,2,2026,0.135101686,0.085599875,133.12601,1217.347012,0.097300167
LT,S3,3,2027,0.135101686,0.085599875,133.12601,1052.881378,0.088971285
LT,S3,4,2028,0.135101686,0.085599875,133.12601,910.635329,0.081355354
LT,S3,5,2029,0.135101686,0.085599875,133.12601,787.606961,0.074391346
LT,S3,6,2030,0.135101686,0.085599875,133.12601,681.199932,0.068023456
LT,S3,7,2031,0.135101686,0.085599875,133.12601,589.168673,0.062200657
LT,S3,8,2032,0.135101686,0.085599875,133.12601,509.570992,0.056876288
LT,S3,9,2033,0.135101686,0.085599875,133.12601,440.727092,0.052007685
LT,S3,10,2034,0.135101686,0.085599875,133.12601,381.184119,0.047555834
LT,S3,11,2035,0.135101686,0.085599875,133.12601,329.685501,0.04348506
LT,S3,12,2036,0.135101686,0.085599875,133.12601,285.144434,0.039762745
LT,S3,13,2037,0.135101686,0.085599875,133.12601,246.620941,0.036359059
LT,S3,14,2038,0.135101686,0.085599875,133.12601,213.302036,0.033246728
LT,S3,15,2039,0.135101686,0.085599875,133.12601,184.484571,0.030400812
LT,S3,16,2040,0.135101686,0.085599875,133.12601,159.560394,0.027798506
LT,S3,17,2041,0.135101686,0.085599875,133.12601,138.003516,0.025418958
LT,S3,18,2042,0.135101686,0.085599875,133.12601,119.359008,0.023243098
LT,S3,19,2043,0.135101686,0.085599875,133.12601,103.233405,0.021253492
LT,S3,20,2044,0.135101686,0.085599875,133.12601,89.286398,0.019434196
LT,S3,21,2045,0.135101686,0.085599875,133.12601,77.223655,0.017770631
LT,S3,22,2046,0.135101686,0.085599875,133.12601,66.790609,0.016249467
LT,S3,23,2047,0.135101686,0.085599875,133.12601,57.767085,0.014858515
LT,S3,24,2048,0.135101686,0.085599875,133.12601,49.962655,0.013586628
LU,S1,0,2024,0.043298936,0.073464658,388.699245,4687.411833,0.13245
LU,S1,1,2025,0.043298936,0.073464658,388.699245,4484.451888,0.122719606
LU,S1,2,2026,0.043298936,0.073464658,388.699245,4290.279893,0.113704052
LU,S1,3,2027,0.043298936,0.073464658,388.699245,4104.515339,0.105350823
LU,S1,4,2028,0.043298936,0.073464658,388.699245,3926.794192,0.097611261
LU,S1,5,2029,0.043298936,0.073464658,388.699245,3756.768181,0.090440283
LU,S1,6,2030,0.043298936,0.073464658,388.699245,3594.104116,0.083796118
LU,S1,7,2031,0.043298936,0.073464658,388.699245,3438.483232,0.077640065
LU,S1,8,2032,0.043298936,0.073464658,388.699245,3289.600567,0.071936264
LU,S1,9,2033,0.043298936,0.073464658,388.699245,3147.164362,0.066651491
LU,S1,10,2034,0.043298936,0.073464658,388.699245,3010.895494,0.061754962
LU,S1,11,2035,0.043298936,0.073464658,388.699245,2880.526923,0.057218155
LU,S1,12,2036,0.043298936,0.073464658,388.699245,2755.803172,0.053014643
LU,S1,13,2037,0.043298936,0.073464658,388.699245,2636.479827,0.04911994
LU,S1,14,2038,0.043298936,0.073464658,388.699245,2522.323055,0.045511361
LU,S1,15,2039,0.043298936,0.073464658,388.699245,2413.109151,0.042167884
LU,S2,0,2024,0.043443692,0.073464658,388.699245,4687.411833,0.13245
LU,S2,1,2025,0.043443692,0.073464658,388.699245,4483.773357,0.122719606
LU,S2,2,2026,0.043443692,0.073464658,388.699245,4288.981689,0.113704052
LU,S2,3,2027,0.043443692,0.073464658,388.699245,4102.652489,0.105350823
LU,S2,4,2028,0.043443692,0.073464658,388.699245,3924.418118,0.097611261
LU,S2,5,2029,0.043443692,0.073464658,388.699245,3753.926906,0.090440283
LU,S2,6,2030,0.043443692,0.073464658,388.699245,3590.842462,0.083796118
LU,S2,7,2031,0.043443692,0.073464658,388.699245,3434.843008,0.077640065
LU,S2,8,2032,0.043443692,0.073464658,388.699245,3285.620746,0.071936264
LU,S2,9,2033,0.043443692,0.073464658,388.699245,3142.88125,0.066651491
LU,S2,10,2034,0.043443692,0.073464658,388.699245,3006.342885,0.061754962
LU,S2,11,2035,0.043443692,0.073464658,388.699245,2875.736251,0.057218155
LU,S2,12,2036,0.043443692,0.073464658,388.699245,2750.803651,0.053014643
LU,S2,13,2037,0.043443692,0.073464658,388.699245,2631.298585,0.04911994
LU,S2,14,2038,0.043443692,0.073464658,388.699245,2516.985259,0.045511361
LU,S2,15,2039,0.043443692,0.073464658,388.699245,2407.638127,0.042167884
LU,S3,0,2024,0.135101686,0.085599875,388.699245,4687.411833,0.13245
LU,S3,1,2025,0.135101686,0.085599875,388.699245,4054.134592,0.121112297
LU,S3,2,2026,0.135101686,0.085599875,388.699245,3506.414173,0.110745099
LU,S3,3,2027,0.135101686,0.085599875,388.699245,3032.691707,0.101265332
LU,S3,4,2028,0.135101686,0.085599875,388.699245,2622.969944,0.092597033
LU,S3,5,2029,0.135101686,0.085599875,388.699245,2268.602282,0.084670738
LU,S3,6,2030,0.135101686,0.085599875,388.699245,1962.110289,0.077422934
LU,S3,7,2031,0.135101686,0.085599875,388.699245,1697.025881,0.07079554
LU,S3,8,2032,0.135101686,0.085599875,388.699245,1467.754823,0.064735451
LU,S3,9,2033,0.135101686,0.085599875,388.699245,1269.458672,0.059194104
LU,S3,10,2034,0.135101686,0.085599875,388.699245,1097.952665,0.054127096
LU,S3,11,2035,0.135101686,0.085599875,388.699245,949.617409,0.049493824
LU,S3,12,2036,0.135101686,0.085599875,388.699245,821.322496,0.045257159
LU,S3,13,2037,0.135101686,0.085599875,388.699245,710.360442,0.041383151
LU,S3,14,2038,0.135101686,0.085599875,388.699245,614.389549,0.037840759
LU,S3,15,2039,0.135101686,0.085599875,388.699245,531.384485,0.034601595
LV,S1,0,2024,0.032188027,0.05763822,157.196028,1934.663579,0.13428
LV,S1,1,2025,0.032188027,0.05763822,157.196028,1872.390575,0.12654034
LV,S1,2,2026,0.032188027,0.05763822,157.196028,1812.122017,0.11924678
LV,S1,3,2027,0.032188027,0.05763822,157.196028,1753.793385,0.112373608
LV,S1,4,2028,0.032188027,0.05763822,157.196028,1697.342236,0.105896593
LV,S1,5,2029,0.032188027,0.05763822,157.196028,1642.708138,0.099792902
LV,S1,6,2030,0.032188027,0.05763822,157.196028,1589.832604,0.094041017
LV,S1,7,2031,0.032188027,0.05763822,157.196028,1538.659029,0.08862066
LV,S1,8,2032,0.032188027,0.05763822,157.196028,1489.132631,0.083512723
LV,S1,9,2033,0.032188027,0.05763822,157.196028,1441.20039,0.078699198
LV,S1,10,2034,0.032188027,0.05763822,157.196028,1394.810993,0.074163116
LV,S1,11,2035,0.032188027,0.05763822,157.196028,1349.914779,0.069888486
LV,S1,12,2036,0.032188027,0.05763822,157.196028,1306.463685,0.065860238
LV,S1,13,2037,0.032188027,0.05763822,157.196028,1264.411197,0.062064171
LV,S1,14,2038,0.032188027,0.05763822,157.196028,1223.712295,0.058486903
LV,S1,15,2039,0.032188027,0.05763822,157.196028,1184.323411,0.055115822
LV,S1,16,2040,0.032188027,0.05763822,157.196028,1146.202377,0.051939044
LV,S1,17,2041,0.032188027,0.05763822,157.196028,1109.308384,0.04894537
LV,S1,18,2042,0.032188027,0.05763822,157.196028,1073.601936,0.046124246
LV,S1,19,2043,0.032188027,0.05763822,157.196028,1039.044808,0.043465727
LV,S1,20,2044,0.032188027,0.05763822,157.196028,1005.600005,0.04096044
LV,S1,21,2045,0.032188027,0.05763822,157.196028,973.231725,0.038599553
LV,S1,22,2046,0.032188027,0.05763822,157.196028,941.905316,0.036374743
LV,S1,23,2047,0.032188027,0.05763822,157.196028,911.587242,0.034278168
LV,S1,24,2048,0.032188027,0.05763822,157.196028,882.245048,0.032302435
LV,S2,0,2024,0.043443692,0.05763822,157.196028,1934.663579,0.13428
LV,S2,1,2025,0.043443692,0.05763822,157.196028,1850.61465,0.12654034
LV,S2,2,2026,0.043443692,0.05763822,157.196028,1770.217117,0.11924678
LV,S2,3,2027,0.043443692,0.05763822,157.196028,1693.31235,0.112373608
LV,S2,4,2028,0.043443692,0.05763822,157.196028,1619.74861,0.105896593
LV,S2,5,2029,0.043443692,0.05763822,157.196028,1549.38075,0.099792902
LV,S2,6,2030,0.043443692,0.05763822,157.196028,1482.06993,0.094041017
LV,S2,7,2031,0.043443692,0.05763822,157.196028,1417.683341,0.08862066
LV,S2,8,2032,0.043443692,0.05763822,157.196028,1356.093942,0.083512723
LV,S2,9,2033,0.043443692,0.05763822,157.196028,1297.180215,0.078699198
LV,S2,10,2034,0.043443692,0.05763822,157.196028,1240.825917,0.074163116
LV,S2,11,2035,0.043443692,0.05763822,157.196028,1186.919858,0.069888486
LV,S2,12,2036,0.043443692,0.05763822,157.196028,1135.355677,0.065860238
LV,S2,13,2037,0.043443692,0.05763822,157.196028,1086.031635,0.062064171
LV,S2,14,2038,0.043443692,0.05763822,157.196028,1038.850411,0.058486903
LV,S2,15,2039,0.043443692,0.05763822,157.196028,993.718914,0.055115822
LV,S2,16,2040,0.043443692,0.05763822,157.196028,950.548095,0.051939044
LV,S2,17,2041,0.043443692,0.05763822,157.196028,909.252777,0.04894537
LV,S2,18,2042,0.043443692,0.05763822,157.196028,869.751479,0.046124246
LV,S2,19,2043,0.043443692,0.05763822,157.196028,831.966264,0.043465727
LV,S2,20,2044,0.043443692,0.05763822,157.196028,795.822578,0.04096044
LV,S2,21,2045,0.043443692,0.05763822,157.196028,761.249107,0.038599553
LV,S2,22,2046,0.043443692,0.05763822,157.196028,728.177635,0.036374743
LV,S2,23,2047,0.043443692,0.05763822,157.196028,696.54291,0.034278168
LV,S2,24,2048,0.043443692,0.05763822,157.196028,666.282514,0.032302435
LV,S3,0,2024,0.135101686,0.085599875,157.196028,1934.663579,0.13428
LV,S3,1,2025,0.135101686,0.085599875,157.196028,1673.287268,0.122785649
LV,S3,2,2026,0.135101686,0.085599875,157.196028,1447.223337,0.112275213
LV,S3,3,2027,0.135101686,0.085599875,157.196028,1251.701024,0.102664468
LV,S3,4,2028,0.135101686,0.085599875,157.196028,1082.594105,0.093876403
LV,S3,5,2029,0.135101686,0.085599875,157.196028,936.333816,0.085840594
LV,S3,6,2030,0.135101686,0.085599875,157.196028,809.833539,0.07849265
LV,S3,7,2031,0.135101686,0.085599875,157.196028,700.423663,0.071773689
LV,S3,8,2032,0.135101686,0.085599875,157.196028,605.795245,0.06562987
LV,S3,9,2033,0.135101686,0.085599875,157.196028,523.951286,0.060011962
LV,S3,10,2034,0.135101686,0.085599875,157.196028,453.164584,0.054874945
LV,S3,11,2035,0.135101686,0.085599875,157.196028,391.941284,0.050177657
LV,S3,12,2036,0.135101686,0.085599875,157.196028,338.989356,0.045882456
LV,S3,13,2037,0.135101686,0.085599875,157.196028,293.191323,0.041954923
LV,S3,14,2038,0.135101686,0.085599875,157.196028,253.580681,0.038363587
LV,S3,15,2039,0.135101686,0.085599875,157.196028,219.321503,0.035079669
LV,S3,16,2040,0.135101686,0.085599875,157.196028,189.690798,0.032076854
LV,S3,17,2041,0.135101686,0.085599875,157.196028,164.063252,0.029331079
LV,S3,18,2042,0.135101686,0.085599875,157.196028,141.89803,0.026820342
LV,S3,19,2043,0.135101686,0.085599875,157.196028,122.727367,0.024524524
LV,S3,20,2044,0.135101686,0.085599875,157.196028,106.146692,0.022425228
LV,S3,21,2045,0.135101686,0.085599875,157.196028,91.806095,0.020505631
LV,S3,22,2046,0.135101686,0.085599875,157.196028,79.402937,0.018750352
LV,S3,23,2047,0.135101686,0.085599875,157.196028,68.675466,0.017145324
LV,S3,24,2048,0.135101686,0.085599875,157.196028,59.397295,0.015677686
MT,S1,0,2024,0.001602135,0.018734645,184.935787,1314.677866,0.48858
MT,S1,1,2025,0.001602135,0.018734645,184.935787,1312.571575,0.479426627
MT,S1,2,2026,0.001602135,0.018734645,184.935787,1310.468658,0.470444739
MT,S1,3,2027,0.001602135,0.018734645,184.935787,1308.36911,0.461631124
MT,S1,4,2028,0.001602135,0.018734645,184.935787,1306.272926,0.452982629
MT,S1,5,2029,0.001602135,0.018734645,184.935787,1304.180101,0.44449616
MT,S1,6,2030,0.001602135,0.018734645,184.935787,1302.090628,0.436168683
MT,S1,7,2031,0.001602135,0.018734645,184.935787,1300.004503,0.427997217
MT,S1,8,2032,0.001602135,0.018734645,184.935787,1297.921721,0.419978841
MT,S1,9,2033,0.001602135,0.018734645,184.935787,1295.842275,0.412110687
MT,S1,10,2034,0.001602135,0.018734645,184.935787,1293.766161,0.404389939
MT,S1,11,2035,0.001602135,0.018734645,184.935787,1291.693372,0.396813837
MT,S1,12,2036,0.001602135,0.018734645,184.935787,1289.623905,0.389379671
MT,S1,13,2037,0.001602135,0.018734645,184.935787,1287.557754,0.382084781
MT,S1,14,2038,0.001602135,0.018734645,184.935787,1285.494912,0.374926558
MT,S1,15,2039,0.001602135,0.018734645,184.935787,1283.435376,0.367902442
MT,S1,16,2040,0.001602135,0.018734645,184.935787,1281.379139,0.361009921
MT,S1,17,2041,0.001602135,0.018734645,184.935787,1279.326197,0.354246528
MT,S1,18,2042,0.001602135,0.018734645,184.935787,1277.276544,0.347609845
MT,S1,19,2043,0.001602135,0.018734645,184.935787,1275.230174,0.341097498
MT,S1,20,2044,0.001602135,0.018734645,184.935787,1273.187083,0.334707157
MT,S1,21,2045,0.001602135,0.018734645,184.935787,1271.147266,0.328436538
MT,S1,22,2046,0.001602135,0.018734645,184.935787,1269.110716,0.322283396
MT,S1,23,2047,0.001602135,0.018734645,184.935787,1267.077429,0.316245531
MT,S1,24,2048,0.001602135,0.018734645,184.935787,1265.0474,0.310320783
MT,S2,0,2024,0.043443692,0.018734645,184.935787,1314.677866,0.48858
MT,S2,1,2025,0.043443692,0.018734645,184.935787,1257.563406,0.479426627
MT,S2,2,2026,0.043443692,0.018734645,184.935787,1202.930209,0.470444739
MT,S2,3,2027,0.043443692,0.018734645,184.935787,1150.670479,0.461631124
MT,S2,4,2028,0.043443692,0.018734645,184.935787,1100.681105,0.452982629
MT,S2,5,2029,0.043443692,0.018734645,184.935787,1052.863454,0.44449616
MT,S2,6,2030,0.043443692,0.018734645,184.935787,1007.123179,0.436168683
MT,S2,7,2031,0.043443692,0.018734645,184.935787,963.37003,0.427997217
MT,S2,8,2032,0.043443692,0.018734645,184.935787,921.517679,0.419978841
MT,S2,9,2033,0.043443692,0.018734645,184.935787,881.483549,0.412110687
MT,S2,10,2034,0.043443692,0.018734645,184.935787,843.188649,0.404389939
MT,S2,11,2035,0.043443692,0.018734645,184.935787,806.557421,0.396813837
MT,S2,12,2036,0.043443692,0.018734645,184.935787,771.517589,0.389379671
MT,S2,13,2037,0.043443692,0.018734645,184.935787,738.000016,0.382084781
MT,S2,14,2038,0.043443692,0.018734645,184.935787,705.938571,0.374926558
MT,S2,15,2039,0.043443692,0.018734645,184.935787,675.269993,0.367902442
MT,S2,16,2040,0.043443692,0.018734645,184.935787,645.933771,0.361009921
MT,S2,17,2041,0.043443692,0.018734645,184.935787,617.872024,0.354246528
MT,S2,18,2042,0.043443692,0.018734645,184.935787,591.029382,0.347609845
MT,S2,19,2043,0.043443692,0.018734645,184.935787,565.352883,0.341097498
MT,S2,20,2044,0.043443692,0.018734645,184.935787,540.791867,0.334707157
MT,S2,21,2045,0.043443692,0.018734645,184.935787,517.297871,0.328436538
MT,S2,22,2046,0.043443692,0.018734645,184.935787,494.824542,0.322283396
MT,S2,23,2047,0.043443692,0.018734645,184.935787,473.327537,0.316245531
MT,S2,24,2048,0.043443692,0.018734645,184.935787,452.764441,0.310320783
MT,S3,0,2024,0.135101686,0.085599875,184.935787,1314.677866,0.48858
MT,S3,1,2025,0.135101686,0.085599875,184.935787,1137.06267,0.446757613
MT,S3,2,2026,0.135101686,0.085599875,184.935787,983.443586,0.408515217
MT,S3,3,2027,0.135101686,0.085599875,184.935787,850.5787,0.373546366
MT,S3,4,2028,0.135101686,0.085599875,184.935787,735.664083,0.341570843
MT,S3,5,2029,0.135101686,0.085599875,184.935787,636.274625,0.312332422
MT,S3,6,2030,0.135101686,0.085599875,184.935787,550.312851,0.285596806
MT,S3,7,2031,0.135101686,0.085599875,184.935787,475.964657,0.261149755
MT,S3,8,2032,0.135101686,0.085599875,184.935787,411.661029,0.238795368
MT,S3,9,2033,0.135101686,0.085599875,184.935787,356.04493,0.218354515
MT,S3,10,2034,0.135101686,0.085599875,184.935787,307.94266,0.199663396
MT,S3,11,2035,0.135101686,0.085599875,184.935787,266.339087,0.182572234
MT,S3,12,2036,0.135101686,0.085599875,184.935787,230.356227,0.166944074
MT,S3,13,2037,0.135101686,0.085599875,184.935787,199.234713,0.152653682
MT,S3,14,2038,0.135101686,0.085599875,184.935787,172.317767,0.139586546
MT,S3,15,2039,0.135101686,0.085599875,184.935787,149.037346,0.127637955
MT,S3,16,2040,0.135101686,0.085599875,184.935787,128.90215,0.116712162
MT,S3,17,2041,0.135101686,0.085599875,184.935787,111.487252,0.106721615
MT,S3,18,2042,0.135101686,0.085599875,184.935787,96.425136,0.097586258
MT,S3,19,2043,0.135101686,0.085599875,184.935787,83.397938,0.089232887
MT,S3,20,2044,0.135101686,0.085599875,184.935787,72.130736,0.081594563
MT,S3,21,2045,0.135101686,0.085599875,184.935787,62.385752,0.074610079
MT,S3,22,2046,0.135101686,0.085599875,184.935787,53.957331,0.068223465
MT,S3,23,2047,0.135101686,0.085599875,184.935787,46.667605,0.062383545
MT,S3,24,2048,0.135101686,0.085599875,184.935787,40.362733,0.057043521
NL,S1,0,2024,0.036506093,0.086411452,115.599433,1524.486338,0.25072
NL,S1,1,2025,0.036506093,0.086411452,115.599433,1468.833298,0.229054921
NL,S1,2,2026,0.036506093,0.086411452,115.599433,1415.211933,0.209261952
NL,S1,3,2027,0.036506093,0.086411452,115.599433,1363.548074,0.191179323
NL,S1,4,2028,0.036506093,0.086411452,115.599433,1313.770262,0.17465924
NL,S1,5,2029,0.036506093,0.086411452,115.599433,1265.809642,0.159566682
NL,S1,6,2030,0.036506093,0.086411452,115.599433,1219.599878,0.145778293
NL,S1,7,2031,0.036506093,0.086411452,115.599433,1175.077051,0.133181379
NL,S1,8,2032,0.036506093,0.086411452,115.599433,1132.179579,0.121672983
NL,S1,9,2033,0.036506093,0.086411452,115.599433,1090.848126,0.111159044
NL,S1,10,2034,0.036506093,0.086411452,115.599433,1051.025523,0.101553629
NL,S1,11,2035,0.036506093,0.086411452,115.599433,1012.656687,0.092778233
NL,S1,12,2036,0.036506093,0.086411452,115.599433,975.688548,0.084761131
NL,S1,13,2037,0.036506093,0.086411452,115.599433,940.069971,0.077436799
NL,S1,14,2038,0.036506093,0.086411452,115.599433,905.75169,0.070745372
NL,S1,15,2039,0.036506093,0.086411452,115.599433,872.686234,0.064632162
NL,S1,16,2040,0.036506093,0.086411452,115.599433,840.827869,0.059047203
NL,S1,17,2041,0.036506093,0.086411452,115.599433,810.132529,0.053944848
NL,S1,18,2042,0.036506093,0.086411452,115.599433,780.557755,0.049283396
NL,S1,19,2043,0.036506093,0.086411452,115.599433,752.062641,0.045024746
NL,S1,20,2044,0.036506093,0.086411452,115.599433,724.607773,0.041134092
NL,S2,0,2024,0.043443692,0.086411452,115.599433,1524.486338,0.25072
NL,S2,1,2025,0.043443692,0.086411452,115.599433,1458.257023,0.229054921
NL,S2,2,2026,0.043443692,0.086411452,115.599433,1394.904954,0.209261952
NL,S2,3,2027,0.043443692,0.086411452,115.599433,1334.305133,0.191179323
NL,S2,4,2028,0.043443692,0.086411452,115.599433,1276.337992,0.17465924
NL,S2,5,2029,0.043443692,0.086411452,115.599433,1220.889157,0.159566682
NL,S2,6,2030,0.043443692,0.086411452,115.599433,1167.849224,0.145778293
NL,S2,7,2031,0.043443692,0.086411452,115.599433,1117.113542,0.133181379
NL,S2,8,2032,0.043443692,0.086411452,115.599433,1068.582006,0.121672983
NL,S2,9,2033,0.043443692,0.086411452,115.599433,1022.158858,0.111159044
NL,S2,10,2034,0.043443692,0.086411452,115.599433,977.752504,0.101553629
NL,S2,11,2035,0.043443692,0.086411452,115.599433,935.275325,0.092778233
NL,S2,12,2036,0.043443692,0.086411452,115.599433,894.643512,0.084761131
NL,S2,13,2037,0.043443692,0.086411452,115.599433,855.776895,0.077436799
NL,S2,14,2038,0.043443692,0.086411452,115.599433,818.598787,0.070745372
NL,S2,15,2039,0.043443692,0.086411452,115.599433,783.035833,0.064632162
NL,S2,16,2040,0.043443692,0.086411452,115.599433,749.017866,0.059047203
NL,S2,17,2041,0.043443692,0.086411452,115.599433,716.477764,0.053944848
NL,S2,18,2042,0.043443692,0.086411452,115.599433,685.351325,0.049283396
NL,S2,19,2043,0.043443692,0.086411452,115.599433,655.577133,0.045024746
NL,S2,20,2044,0.043443692,0.086411452,115.599433,627.096442,0.041134092
NL,S3,0,2024,0.135101686,0.085599875,115.599433,1524.486338,0.25072
NL,S3,1,2025,0.135101686,0.085599875,115.599433,1318.525663,0.229258399
NL,S3,2,2026,0.135101686,0.085599875,115.599433,1140.390623,0.209633909
NL,S3,3,2027,0.135101686,0.085599875,115.599433,986.321927,0.191689273
NL,S3,4,2028,0.135101686,0.085599875,115.599433,853.068172,0.175280695
NL,S3,5,2029,0.135101686,0.085599875,115.599433,737.817224,0.160276689
NL,S3,6,2030,0.135101686,0.085599875,115.599433,638.136873,0.146557025
NL,S3,7,2031,0.135101686,0.085599875,115.599433,551.923505,0.134011762
NL,S3,8,2032,0.135101686,0.085599875,115.599433,477.357709,0.122540372
NL,S3,9,2033,0.135101686,0.085599875,115.599433,412.865878,0.112050931
NL,S3,10,2034,0.135101686,0.085599875,115.599433,357.087002,0.102459385
NL,S3,11,2035,0.135101686,0.085599875,115.599433,308.843946,0.093688875
NL,S3,12,2036,0.135101686,0.085599875,115.599433,267.118608,0.085669119
NL,S3,13,2037,0.135101686,0.085599875,115.599433,231.030434,0.078335853
NL,S3,14,2038,0.135101686,0.085599875,115.599433,199.817833,0.071630314
NL,S3,15,2039,0.135101686,0.085599875,115.599433,172.822106,0.065498768
NL,S3,16,2040,0.135101686,0.085599875,115.599433,149.473549,0.059892082
NL,S3,17,2041,0.135101686,0.085599875,115.599433,129.27942,0.054765327
NL,S3,18,2042,0.135101686,0.085599875,115.599433,111.813552,0.050077422
NL,S3,19,2043,0.135101686,0.085599875,115.599433,96.707353,0.045790801
NL,S3,20,2044,0.135101686,0.085599875,115.599433,83.642027,0.041871114
PL,S1,0,2024,-0.008983217,0.031577249,127.51779,1537.765782,0.60818
PL,S1,1,2025,-0.008983217,0.031577249,127.51779,1551.579865,0.588975349
PL,S1,2,2026,-0.008983217,0.031577249,127.51779,1565.518044,0.570377127
PL,S1,3,2027,-0.008983217,0.031577249,127.51779,1579.581432,0.552366187
PL,S1,4,2028,-0.008983217,0.031577249,127.51779,1593.771155,0.534923982
PL,S1,5,2029,-0.008983217,0.031577249,127.51779,1608.088347,0.518032554
PL,S1,6,2030,-0.008983217,0.031577249,127.51779,1622.534154,0.501674512
PL,S1,7,2031,-0.008983217,0.031577249,127.51779,1637.10973,0.485833011
PL,S1,8,2032,-0.008983217,0.031577249,127.51779,1651.816242,0.470491741
PL,S1,9,2033,-0.008983217,0.031577249,127.51779,1666.654866,0.455634906
PL,S1,10,2034,-0.008983217,0.031577249,127.51779,1681.626788,0.441247209
PL,S1,11,2035,-0.008983217,0.031577249,127.51779,1696.733207,0.427313836
PL,S1,12,2036,-0.008983217,0.031577249,127.51779,1711.975329,0.413820441
PL,S1,13,2037,-0.008983217,0.031577249,127.51779,1727.354375,0.400753129
PL,S1,14,2038,-0.008983217,0.031577249,127.51779,1742.871574,0.388098448
PL,S1,15,2039,-0.008983217,0.031577249,127.51779,1758.528168,0.375843367
PL,S1,16,2040,-0.008983217,0.031577249,127.51779,1774.325408,0.363975267
PL,S1,17,2041,-0.008983217,0.031577249,127.51779,1790.264558,0.35248193
PL,S1,18,2042,-0.008983217,0.031577249,127.51779,1806.346893,0.34135152
PL,S1,19,2043,-0.008983217,0.031577249,127.51779,1822.573699,0.330572578
PL,S1,20,2044,-0.008983217,0.031577249,127.51779,1838.946274,0.320134005
PL,S1,21,2045,-0.008983217,0.031577249,127.51779,1855.465928,0.310025054
PL,S1,22,2046,-0.008983217,0.031577249,127.51779,1872.133981,0.300235316
PL,S1,23,2047,-0.008983217,0.031577249,127.51779,1888.951767,0.29075471
PL,S1,24,2048,-0.008983217,0.031577249,127.51779,1905.92063,0.281573477
PL,S2,0,2024,0.043443692,0.031577249,127.51779,1537.765782,0.60818
PL,S2,1,2025,0.043443692,0.031577249,127.51779,1470.959559,0.588975349
PL,S2,2,2026,0.043443692,0.031577249,127.51779,1407.055645,0.570377127
PL,S2,3,2027,0.043443692,0.031577249,127.51779,1345.927953,0.552366187
PL,S2,4,2028,0.043443692,0.031577249,127.51779,1287.455873,0.534923982
PL,S2,5,2029,0.043443692,0.031577249,127.51779,1231.524037,0.518032554
PL,S2,6,2030,0.043443692,0.031577249,127.51779,1178.022086,0.501674512
PL,S2,7,2031,0.043443692,0.031577249,127.51779,1126.844457,0.485833011
PL,S2,8,2032,0.043443692,0.031577249,127.51779,1077.890174,0.470491741
PL,S2,9,2033,0.043443692,0.031577249,127.51779,1031.062645,0.455634906
PL,S2,10,2034,0.043443692,0.031577249,127.51779,986.269477,0.441247209
PL,S2,11,2035,0.043443692,0.031577249,127.51779,943.42229,0.427313836
PL,S2,12,2036,0.043443692,0.031577249,127.51779,902.436542,0.413820441
PL,S2,13,2037,0.043443692,0.031577249,127.51779,863.231367,0.400753129
PL,S2,14,2038,0.043443692,0.031577249,127.51779,825.729409,0.388098448
PL,S2,15,2039,0.043443692,0.031577249,127.51779,789.856675,0.375843367
PL,S2,16,2040,0.043443692,0.031577249,127.51779,755.542385,0.363975267
PL,S2,17,2041,0.043443692,0.031577249,127.51779,722.718834,0.35248193
PL,S2,18,2042,0.043443692,0.031577249,127.51779,691.32126,0.34135152
PL,S2,19,2043,0.043443692,0.031577249,127.51779,661.287712,0.330572578
PL,S2,20,2044,0.043443692,0.031577249,127.51779,632.558932,0.320134005
PL,S2,21,2045,0.043443692,0.031577249,127.51779,605.078237,0.310025054
PL,S2,22,2046,0.043443692,0.031577249,127.51779,578.791404,0.300235316
PL,S2,23,2047,0.043443692,0.031577249,127.51779,553.646569,0.29075471
PL,S2,24,2048,0.043443692,0.031577249,127.51779,529.594118,0.281573477
PL,S3,0,2024,0.135101686,0.085599875,127.51779,1537.765782,0.60818
PL,S3,1,2025,0.135101686,0.085599875,127.51779,1330.011032,0.556119868
PL,S3,2,2026,0.135101686,0.085599875,127.51779,1150.324299,0.508516077
PL,S3,3,2027,0.135101686,0.085599875,127.51779,994.913547,0.464987164
PL,S3,4,2028,0.135101686,0.085599875,127.51779,860.499049,0.425184321
PL,S3,5,2029,0.135101686,0.085599875,127.51779,744.244177,0.388788596
PL,S3,6,2030,0.135101686,0.085599875,127.51779,643.695534,0.355508341
PL,S3,7,2031,0.135101686,0.085599875,127.51779,556.731182,0.325076872
PL,S3,8,2032,0.135101686,0.085599875,127.51779,481.515861,0.297250332
PL,S3,9,2033,0.135101686,0.085599875,127.51779,416.462256,0.271805741
PL,S3,10,2034,0.135101686,0.085599875,127.51779,360.197503,0.248539203
PL,S3,11,2035,0.135101686,0.085599875,127.51779,311.534213,0.227264279
PL,S3,12,2036,0.135101686,0.085599875,127.51779,269.445416,0.207810485
PL,S3,13,2037,0.135101686,0.085599875,127.51779,233.042886,0.190021933
PL,S3,14,2038,0.135101686,0.085599875,127.51779,201.558399,0.173756079
PL,S3,15,2039,0.135101686,0.085599875,127.51779,174.327519,0.158882581
PL,S3,16,2040,0.135101686,0.085599875,127.51779,150.775578,0.145282252
PL,S3,17,2041,0.135101686,0.085599875,127.51779,130.405543,0.132846109
PL,S3,18,2042,0.135101686,0.085599875,127.51779,112.787534,0.121474499
PL,S3,19,2043,0.135101686,0.085599875,127.51779,97.549748,0.111076297
PL,S3,20,2044,0.135101686,0.085599875,127.51779,84.370613,0.10156818
PL,S3,21,2045,0.135101686,0.085599875,127.51779,72.972001,0.092873956
PL,S3,22,2046,0.135101686,0.085599875,127.51779,63.11336,0.084923957
PL,S3,23,2047,0.135101686,0.085599875,127.51779,54.586639,0.077654477
PL,S3,24,2048,0.135101686,0.085599875,127.51779,47.211892,0.071007264
PT,S1,0,2024,0.020429971,0.126835564,136.985094,1651.93414,0.11064
PT,S1,1,2025,0.020429971,0.126835564,136.985094,1618.185174,0.096606913
PT,S1,2,2026,0.020429971,0.126835564,136.985094,1585.125697,0.084353721
PT,S1,3,2027,0.020429971,0.126835564,136.985094,1552.741625,0.073654669
PT,S1,4,2028,0.020429971,0.126835564,136.985094,1521.019159,0.064312638
PT,S1,5,2029,0.020429971,0.126835564,136.985094,1489.944782,0.056155508
PT,S1,6,2030,0.020429971,0.126835564,136.985094,1459.505253,0.049032992
PT,S1,7,2031,0.020429971,0.126835564,136.985094,1429.687603,0.042813865
PT,S1,8,2032,0.020429971,0.126835564,136.985094,1400.479127,0.037383544
PT,S1,9,2033,0.020429971,0.126835564,136.985094,1371.867379,0.032641981
PT,S1,10,2034,0.020429971,0.126835564,136.985094,1343.840168,0.028501817
PT,S1,11,2035,0.020429971,0.126835564,136.985094,1316.385552,0.024886773
PT,S1,12,2036,0.020429971,0.126835564,136.985094,1289.491834,0.021730245
PT,S1,13,2037,0.020429971,0.126835564,136.985094,1263.147553,0.018974077
PT,S1,14,2038,0.020429971,0.126835564,136.985094,1237.341485,0.01656749
PT,S1,15,2039,0.020429971,0.126835564,136.985094,1212.062634,0.014466143
PT,S1,16,2040,0.020429971,0.126835564,136.985094,1187.30023,0.012631321
PT,S1,17,2041,0.020429971,0.126835564,136.985094,1163.043721,0.011029221
PT,S1,18,2042,0.020429971,0.126835564,136.985094,1139.282771,0.009630323
PT,S1,19,2043,0.020429971,0.126835564,136.985094,1116.007257,0.008408856
PT,S1,20,2044,0.020429971,0.126835564,136.985094,1093.207261,0.007342314
PT,S1,21,2045,0.020429971,0.126835564,136.985094,1070.873069,0.006411047
PT,S1,22,2046,0.020429971,0.126835564,136.985094,1048.995163,0.005597898
PT,S1,23,2047,0.020429971,0.126835564,136.985094,1027.564222,0.004887886
PT,S1,24,2048,0.020429971,0.126835564,136.985094,1006.571115,0.004267928
PT,S2,0,2024,0.043443692,0.126835564,136.985094,1651.93414,0.11064
PT,S2,1,2025,0.043443692,0.126835564,136.985094,1580.168022,0.096606913
PT,S2,2,2026,0.043443692,0.126835564,136.985094,1511.519689,0.084353721
PT,S2,3,2027,0.043443692,0.126835564,136.985094,1445.853693,0.073654669
PT,S2,4,2028,0.043443692,0.126835564,136.985094,1383.040471,0.064312638
PT,S2,5,2029,0.043443692,0.126835564,136.985094,1322.956087,0.056155508
PT,S2,6,2030,0.043443692,0.126835564,136.985094,1265.48199,0.049032992
PT,S2,7,2031,0.043443692,0.126835564,136.985094,1210.50478,0.042813865
PT,S2,8,2032,0.043443692,0.126835564,136.985094,1157.915983,0.037383544
PT,S2,9,2033,0.043443692,0.126835564,136.985094,1107.611838,0.032641981
PT,S2,10,2034,0.043443692,0.126835564,136.985094,1059.49309,0.028501817
PT,S2,11,2035,0.043443692,0.126835564,136.985094,1013.464799,0.024886773
PT,S2,12,2036,0.043443692,0.126835564,136.985094,969.436146,0.021730245
PT,S2,13,2037,0.043443692,0.126835564,136.985094,927.320261,0.018974077
PT,S2,14,2038,0.043443692,0.126835564,136.985094,887.034045,0.01656749
PT,S2,15,2039,0.043443692,0.126835564,136.985094,848.498011,0.014466143
PT,S2,16,2040,0.043443692,0.126835564,136.985094,811.636125,0.012631321
PT,S2,17,2041,0.043443692,0.126835564,136.985094,776.375655,0.011029221
PT,S2,18,2042,0.043443692,0.126835564,136.985094,742.64703,0.009630323
PT,S2,19,2043,0.043443692,0.126835564,136.985094,710.383702,0.008408856
PT,S2,20,2044,0.043443692,0.126835564,136.985094,679.522011,0.007342314
PT,S2,21,2045,0.043443692,0.126835564,136.985094,650.001066,0.006411047
PT,S2,22,2046,0.043443692,0.126835564,136.985094,621.76262,0.005597898
PT,S2,23,2047,0.043443692,0.126835564,136.985094,594.750956,0.004887886
PT,S2,24,2048,0.043443692,0.126835564,136.985094,568.912779,0.004267928
PT,S3,0,2024,0.135101686,0.085599875,136.985094,1651.93414,0.11064
PT,S3,1,2025,0.135101686,0.085599875,136.985094,1428.755053,0.10116923
PT,S3,2,2026,0.135101686,0.085599875,136.985094,1235.727836,0.092509156
PT,S3,3,2027,0.135101686,0.085599875,136.985094,1068.778922,0.084590384
PT,S3,4,2028,0.135101686,0.085599875,136.985094,924.385088,0.077349458
PT,S3,5,2029,0.135101686,0.085599875,136.985094,799.499104,0.070728354
PT,S3,6,2030,0.135101686,0.085599875,136.985094,691.485427,0.064674016
PT,S3,7,2031,0.135101686,0.085599875,136.985094,598.06458,0.059137928
PT,S3,8,2032,0.135101686,0.085599875,136.985094,517.265047,0.054075729
PT,S3,9,2033,0.135101686,0.085599875,136.985094,447.381667,0.049446853
PT,S3,10,2034,0.135101686,0.085599875,136.985094,386.939649,0.045214209
PT,S3,11,2035,0.135101686,0.085599875,136.985094,334.66345,0.041343878
PT,S3,12,2036,0.135101686,0.085599875,136.985094,289.449854,0.037804847
PT,S3,13,2037,0.135101686,0.085599875,136.985094,250.344691,0.034568757
PT,S3,14,2038,0.135101686,0.085599875,136.985094,216.522701,0.031609676
PT,S3,15,2039,0.135101686,0.085599875,136.985094,187.270119,0.028903892
PT,S3,16,2040,0.135101686,0.085599875,136.985094,161.96961,0.026429722
PT,S3,17,2041,0.135101686,0.085599875,136.985094,140.087243,0.024167341
PT,S3,18,2042,0.135101686,0.085599875,136.985094,121.16122,0.02209862
PT,S3,19,2043,0.135101686,0.085599875,136.985094,104.792135,0.020206981
PT,S3,20,2044,0.135101686,0.085599875,136.985094,90.634541,0.018477266
PT,S3,21,2045,0.135101686,0.085599875,136.985094,78.389662,0.016895614
PT,S3,22,2046,0.135101686,0.085599875,136.985094,67.799086,0.015449352
PT,S3,23,2047,0.135101686,0.085599875,136.985094,58.639315,0.014126889
PT,S3,24,2048,0.135101686,0.085599875,136.985094,50.717045,0.012917629
RO,S1,0,2024,0.005610179,0.045020687,113.382903,1367.309993,0.25133
RO,S1,1,2025,0.005610179,0.045020687,113.382903,1359.639139,0.240014951
RO,S1,2,2026,0.005610179,0.045020687,113.382903,1352.01132,0.229209313
RO,S1,3,2027,0.005610179,0.045020687,113.382903,1344.426295,0.218890152
RO,S1,4,2028,0.005610179,0.045020687,113.382903,1336.883823,0.209035567
RO,S1,5,2029,0.005610179,0.045020687,113.382903,1329.383665,0.199624642
RO,S1,6,2030,0.005610179,0.045020687,113.382903,1321.925585,0.190637404
RO,S1,7,2031,0.005610179,0.045020687,113.382903,1314.509346,0.182054777
RO,S1,8,2032,0.005610179,0.045020687,113.382903,1307.134713,0.173858546
RO,S1,9,2033,0.005610179,0.045020687,113.382903,1299.801453,0.166031314
RO,S1,10,2034,0.005610179,0.045020687,113.382903,1292.509334,0.158556471
RO,S1,11,2035,0.005610179,0.045020687,113.382903,1285.258126,0.151418149
RO,S1,12,2036,0.005610179,0.045020687,113.382903,1278.047597,0.1446012
RO,S1,13,2037,0.005610179,0.045020687,113.382903,1270.877522,0.138091155
RO,S1,14,2038,0.005610179,0.045020687,113.382903,1263.747671,0.131874196
RO,S1,15,2039,0.005610179,0.045020687,113.382903,1256.657821,0.125937129
RO,S1,16,2040,0.005610179,0.045020687,113.382903,1249.607745,0.120267353
RO,S1,17,2041,0.005610179,0.045020687,113.382903,1242.597222,0.114852834
RO,S1,18,2042,0.005610179,0.045020687,113.382903,1235.626029,0.109682081
RO,S1,19,2043,0.005610179,0.045020687,113.382903,1228.693946,0.104744118
RO,S1,20,2044,0.005610179,0.045020687,113.382903,1221.800753,0.100028466
RO,S1,21,2045,0.005610179,0.045020687,113.382903,1214.946232,0.095525116
RO,S1,22,2046,0.005610179,0.045020687,113.382903,1208.130166,0.091224509
RO,S1,23,2047,0.005610179,0.045020687,113.382903,1201.35234,0.087117519
RO,S1,24,2048,0.005610179,0.045020687,113.382903,1194.612538,0.083195429
RO,S2,0,2024,0.043443692,0.045020687,113.382903,1367.309993,0.25133
RO,S2,1,2025,0.043443692,0.045020687,113.382903,1307.908999,0.240014951
RO,S2,2,2026,0.043443692,0.045020687,113.382903,1251.088603,0.229209313
RO,S2,3,2027,0.043443692,0.045020687,113.382903,1196.736695,0.218890152
RO,S2,4,2028,0.043443692,0.045020687,113.382903,1144.746035,0.209035567
RO,S2,5,2029,0.043443692,0.045020687,113.382903,1095.014041,0.199624642
RO,S2,6,2030,0.043443692,0.045020687,113.382903,1047.442588,0.190637404
RO,S2,7,2031,0.043443692,0.045020687,113.382903,1001.937815,0.182054777
RO,S2,8,2032,0.043443692,0.045020687,113.382903,958.409937,0.173858546
RO,S2,9,2033,0.043443692,0.045020687,113.382903,916.773071,0.166031314
RO,S2,10,2034,0.043443692,0.045020687,113.382903,876.945064,0.158556471
RO,S2,11,2035,0.043443692,0.045020687,113.382903,838.847333,0.151418149
RO,S2,12,2036,0.043443692,0.045020687,113.382903,802.404707,0.1446012
RO,S2,13,2037,0.043443692,0.045020687,113.382903,767.545284,0.138091155
RO,S2,14,2038,0.043443692,0.045020687,113.382903,734.200284,0.131874196
RO,S2,15,2039,0.043443692,0.045020687,113.382903,702.303913,0.125937129
RO,S2,16,2040,0.043443692,0.045020687,113.382903,671.793238,0.120267353
RO,S2,17,2041,0.043443692,0.045020687,113.382903,642.608059,0.114852834
RO,S2,18,2042,0.043443692,0.045020687,113.382903,614.690793,0.109682081
RO,S2,19,2043,0.043443692,0.045020687,113.382903,587.986355,0.104744118
RO,S2,20,2044,0.043443692,0.045020687,113.382903,562.442057,0.100028466
RO,S2,21,2045,0.043443692,0.045020687,113.382903,538.007498,0.095525116
RO,S2,22,2046,0.043443692,0.045020687,113.382903,514.634466,0.091224509
RO,S2,23,2047,0.043443692,0.045020687,113.382903,492.276844,0.087117519
RO,S2,24,2048,0.043443692,0.045020687,113.382903,470.890521,0.083195429
RO,S3,0,2024,0.135101686,0.085599875,113.382903,1367.309993,0.25133
RO,S3,1,2025,0.135101686,0.085599875,113.382903,1182.584108,0.229816183
RO,S3,2,2026,0.135101686,0.085599875,113.382903,1022.815001,0.210143947
RO,S3,3,2027,0.135101686,0.085599875,113.382903,884.63097,0.192155651
RO,S3,4,2028,0.135101686,0.085599875,113.382903,765.115834,0.175707152
RO,S3,5,2029,0.135101686,0.085599875,113.382903,661.747395,0.160666641
RO,S3,6,2030,0.135101686,0.085599875,113.382903,572.344206,0.146913597
RO,S3,7,2031,0.135101686,0.085599875,113.382903,495.019539,0.134337811
RO,S3,8,2032,0.135101686,0.085599875,113.382903,428.141565,0.122838512
RO,S3,9,2033,0.135101686,0.085599875,113.382903,370.298917,0.11232355
RO,S3,10,2034,0.135101686,0.085599875,113.382903,320.270909,0.102708668
RO,S3,11,2035,0.135101686,0.085599875,113.382903,277.00177,0.093916819
RO,S3,12,2036,0.135101686,0.085599875,113.382903,239.578363,0.085877551
RO,S3,13,2037,0.135101686,0.085599875,113.382903,207.210923,0.078526444
RO,S3,14,2038,0.135101686,0.085599875,113.382903,179.216378,0.07180459
RO,S3,15,2039,0.135101686,0.085599875,113.382903,155.003943,0.065658126
RO,S3,16,2040,0.135101686,0.085599875,113.382903,134.062649,0.060037799
RO,S3,17,2041,0.135101686,0.085599875,113.382903,115.950559,0.054898571
RO,S3,18,2042,0.135101686,0.085599875,113.382903,100.285443,0.05019926
RO,S3,19,2043,0.135101686,0.085599875,113.382903,86.736711,0.045902209
RO,S3,20,2044,0.135101686,0.085599875,113.382903,75.018435,0.041972986
RO,S3,21,2045,0.135101686,0.085599875,113.382903,64.883318,0.038380104
RO,S3,22,2046,0.135101686,0.085599875,113.382903,56.117472,0.035094772
RO,S3,23,2047,0.135101686,0.085599875,113.382903,48.535907,0.032090664
RO,S3,24,2048,0.135101686,0.085599875,113.382903,41.978624,0.029343707
SE,S1,0,2024,0.037630742,0.016031123,146.975424,1953.37862,0.03491
SE,S1,1,2025,0.037630742,0.016031123,146.975424,1879.871534,0.034350353
SE,S1,2,2026,0.037630742,0.016031123,146.975424,1809.130573,0.033799679
SE,S1,3,2027,0.037630742,0.016031123,146.975424,1741.051647,0.033257832
SE,S1,4,2028,0.037630742,0.016031123,146.975424,1675.534582,0.032724672
SE,S1,5,2029,0.037630742,0.016031123,146.975424,1612.482972,0.032200058
SE,S1,6,2030,0.037630742,0.016031123,146.975424,1551.804041,0.031683855
SE,S1,7,2031,0.037630742,0.016031123,146.975424,1493.408504,0.031175927
SE,S1,8,2032,0.037630742,0.016031123,146.975424,1437.210434,0.030676142
SE,S1,9,2033,0.037630742,0.016031123,146.975424,1383.127139,0.030184369
SE,S1,10,2034,0.037630742,0.016031123,146.975424,1331.079038,0.02970048
SE,S1,11,2035,0.037630742,0.016031123,146.975424,1280.989546,0.029224348
SE,S1,12,2036,0.037630742,0.016031123,146.975424,1232.784959,0.028755849
SE,S1,13,2037,0.037630742,0.016031123,146.975424,1186.394347,0.02829486
SE,S1,14,2038,0.037630742,0.016031123,146.975424,1141.749447,0.027841262
SE,S1,15,2039,0.037630742,0.016031123,146.975424,1098.784568,0.027394935
SE,S1,16,2040,0.037630742,0.016031123,146.975424,1057.436489,0.026955764
SE,S1,17,2041,0.037630742,0.016031123,146.975424,1017.64437,0.026523632
SE,S1,18,2042,0.037630742,0.016031123,146.975424,979.349657,0.026098429
SE,S1,19,2043,0.037630742,0.016031123,146.975424,942.496003,0.025680042
SE,S1,20,2044,0.037630742,0.016031123,146.975424,907.029179,0.025268362
SE,S2,0,2024,0.043443692,0.016031123,146.975424,1953.37862,0.03491
SE,S2,1,2025,0.043443692,0.016031123,146.975424,1868.516641,0.034350353
SE,S2,2,2026,0.043443692,0.016031123,146.975424,1787.34138,0.033799679
SE,S2,3,2027,0.043443692,0.016031123,146.975424,1709.692671,0.033257832
SE,S2,4,2028,0.043443692,0.016031123,146.975424,1635.41731,0.032724672
SE,S2,5,2029,0.043443692,0.016031123,146.975424,1564.368744,0.032200058
SE,S2,6,2030,0.043443692,0.016031123,146.975424,1496.40679,0.031683855
SE,S2,7,2031,0.043443692,0.016031123,146.975424,1431.397354,0.031175927
SE,S2,8,2032,0.043443692,0.016031123,146.975424,1369.212168,0.030676142
SE,S2,9,2033,0.043443692,0.016031123,146.975424,1309.728537,0.030184369
SE,S2,10,2034,0.043443692,0.016031123,146.975424,1252.829093,0.02970048
SE,S2,11,2035,0.043443692,0.016031123,146.975424,1198.401572,0.029224348
SE,S2,12,2036,0.043443692,0.016031123,146.975424,1146.338583,0.028755849
SE,S2,13,2037,0.043443692,0.016031123,146.975424,1096.537403,0.02829486
SE,S2,14,2038,0.043443692,0.016031123,146.975424,1048.89977,0.027841262
SE,S2,15,2039,0.043443692,0.016031123,146.975424,1003.331691,0.027394935
SE,S2,16,2040,0.043443692,0.016031123,146.975424,959.743258,0.026955764
SE,S2,17,2041,0.043443692,0.016031123,146.975424,918.048468,0.026523632
SE,S2,18,2042,0.043443692,0.016031123,146.975424,878.165053,0.026098429
SE,S2,19,2043,0.043443692,0.016031123,146.975424,840.014321,0.025680042
SE,S2,20,2044,0.043443692,0.016031123,146.975424,803.520997,0.025268362
SE,S3,0,2024,0.135101686,0.085599875,146.975424,1953.37862,0.03491
SE,S3,1,2025,0.135101686,0.085599875,146.975424,1689.473875,0.031921708
SE,S3,2,2026,0.135101686,0.085599875,146.975424,1461.223106,0.029189214
SE,S3,3,2027,0.135101686,0.085599875,146.975424,1263.809401,0.026690621
SE,S3,4,2028,0.135101686,0.085599875,146.975424,1093.06662,0.024405907
SE,S3,5,2029,0.135101686,0.085599875,146.975424,945.391477,0.022316765
SE,S3,6,2030,0.135101686,0.085599875,146.975424,817.667494,0.020406452
SE,S3,7,2031,0.135101686,0.085599875,146.975424,707.199237,0.018659663
SE,S3,8,2032,0.135101686,0.085599875,146.975424,611.655428,0.017062398
SE,S3,9,2033,0.135101686,0.085599875,146.975424,529.019748,0.015601859
SE,S3,10,2034,0.135101686,0.085599875,146.975424,457.548289,0.014266342
SE,S3,11,2035,0.135101686,0.085599875,146.975424,395.732743,0.013045144
SE,S3,12,2036,0.135101686,0.085599875,146.975424,342.268582,0.011928482
SE,S3,13,2037,0.135101686,0.085599875,146.975424,296.02752,0.010907405
SE,S3,14,2038,0.135101686,0.085599875,146.975424,256.033703,0.009973733
SE,S3,15,2039,0.135101686,0.085599875,146.975424,221.443118,0.009119982
SE,S3,16,2040,0.135101686,0.085599875,146.975424,191.525779,0.008339313
SE,S3,17,2041,0.135101686,0.085599875,146.975424,165.650324,0.007625469
SE,S3,18,2042,0.135101686,0.085599875,146.975424,143.270686,0.00697273
SE,S3,19,2043,0.135101686,0.085599875,146.975424,123.914574,0.006375865
SE,S3,20,2044,0.135101686,0.085599875,146.975424,107.173507,0.005830092
SI,S1,0,2024,0.011887943,0.041934388,202.416107,2918.302002,0.2304
SI,S1,1,2025,0.011887943,0.041934388,202.416107,2883.609394,0.220738317
SI,S1,2,2026,0.011887943,0.041934388,202.416107,2849.32921,0.211481791
SI,S1,3,2027,0.011887943,0.041934388,202.416107,2815.456547,0.202613431
SI,S1,4,2028,0.011887943,0.041934388,202.416107,2781.98656,0.194116961
SI,S1,5,2029,0.011887943,0.041934388,202.416107,2748.914462,0.185976785
SI,S1,6,2030,0.011887943,0.041934388,202.416107,2716.235524,0.178177962
SI,S1,7,2031,0.011887943,0.041934388,202.416107,2683.945071,0.170706179
SI,S1,8,2032,0.011887943,0.041934388,202.416107,2652.038485,0.163547719
SI,S1,9,2033,0.011887943,0.041934388,202.416107,2620.511202,0.156689446
SI,S1,10,2034,0.011887943,0.041934388,202.416107,2589.358715,0.15011877
SI,S1,11,2035,0.011887943,0.041934388,202.416107,2558.576566,0.143823631
SI,S1,12,2036,0.011887943,0.041934388,202.416107,2528.160353,0.137792475
SI,S1,13,2037,0.011887943,0.041934388,202.416107,2498.105727,0.132014232
SI,S1,14,2038,0.011887943,0.041934388,202.416107,2468.408389,0.126478296
SI,S1,15,2039,0.011887943,0.041934388,202.416107,2439.064091,0.121174506
SI,S1,16,2040,0.011887943,0.041934388,202.416107,2410.068636,0.116093127
SI,S1,17,2041,0.011887943,0.041934388,202.416107,2381.417877,0.111224833
SI,S1,18,2042,0.011887943,0.041934388,202.416107,2353.107717,0.106560688
SI,S1,19,2043,0.011887943,0.041934388,202.416107,2325.134107,0.102092131
SI,S1,20,2044,0.011887943,0.041934388,202.416107,2297.493045,0.09781096
SI,S1,21,2045,0.011887943,0.041934388,202.416107,2270.180579,0.093709317
SI,S1,22,2046,0.011887943,0.041934388,202.416107,2243.192801,0.089779674
SI,S1,23,2047,0.011887943,0.041934388,202.416107,2216.525853,0.086014818
SI,S2,0,2024,0.043443692,0.041934388,202.416107,2918.302002,0.2304
SI,S2,1,2025,0.043443692,0.041934388,202.416107,2791.520189,0.220738317
SI,S2,2,2026,0.043443692,0.041934388,202.416107,2670.246245,0.211481791
SI,S2,3,2027,0.043443692,0.041934388,202.416107,2554.24089,0.202613431
SI,S2,4,2028,0.043443692,0.041934388,202.416107,2443.275235,0.194116961
SI,S2,5,2029,0.043443692,0.041934388,202.416107,2337.130339,0.185976785
SI,S2,6,2030,0.043443692,0.041934388,202.416107,2235.596768,0.178177962
SI,S2,7,2031,0.043443692,0.041934388,202.416107,2138.474191,0.170706179
SI,S2,8,2032,0.043443692,0.041934388,202.416107,2045.570977,0.163547719
SI,S2,9,2033,0.043443692,0.041934388,202.416107,1956.703821,0.156689446
SI,S2,10,2034,0.043443692,0.041934388,202.416107,1871.697383,0.15011877
SI,S2,11,2035,0.043443692,0.041934388,202.416107,1790.383938,0.143823631
SI,S2,12,2036,0.043443692,0.041934388,202.416107,1712.60305,0.137792475
SI,S2,13,2037,0.043443692,0.041934388,202.416107,1638.201251,0.132014232
SI,S2,14,2038,0.043443692,0.041934388,202.416107,1567.03174,0.126478296
SI,S2,15,2039,0.043443692,0.041934388,202.416107,1498.954096,0.121174506
SI,S2,16,2040,0.043443692,0.041934388,202.416107,1433.833996,0.116093127
SI,S2,17,2041,0.043443692,0.041934388,202.416107,1371.542953,0.111224833
SI,S2,18,2042,0.043443692,0.041934388,202.416107,1311.958064,0.106560688
SI,S2,19,2043,0.043443692,0.041934388,202.416107,1254.961762,0.102092131
SI,S2,20,2044,0.043443692,0.041934388,202.416107,1200.441589,0.09781096
SI,S2,21,2045,0.043443692,0.041934388,202.416107,1148.289975,0.093709317
SI,S2,22,2046,0.043443692,0.041934388,202.416107,1098.404019,0.089779674
SI,S2,23,2047,0.043443692,0.041934388,202.416107,1050.685293,0.086014818
SI,S3,0,2024,0.135101686,0.085599875,202.416107,2918.302002,0.2304
SI,S3,1,2025,0.135101686,0.085599875,202.416107,2524.034481,0.210677789
SI,S3,2,2026,0.135101686,0.085599875,202.416107,2183.033167,0.192643796
SI,S3,3,2027,0.135101686,0.085599875,202.416107,1888.101706,0.176153512
SI,S3,4,2028,0.135101686,0.085599875,202.416107,1633.015982,0.161074793
SI,S3,5,2029,0.135101686,0.085599875,202.416107,1412.39277,0.147286811
SI,S3,6,2030,0.135101686,0.085599875,202.416107,1221.576125,0.134679078
SI,S3,7,2031,0.135101686,0.085599875,202.416107,1056.539131,0.123150566
SI,S3,8,2032,0.135101686,0.085599875,202.416107,913.798913,0.112608893
SI,S3,9,2033,0.135101686,0.085599875,202.416107,790.343139,0.102969586
SI,S3,10,2034,0.135101686,0.085599875,202.416107,683.566449,0.094155402
SI,S3,11,2035,0.135101686,0.085599875,202.416107,591.215469,0.086095711
SI,S3,12,2036,0.135101686,0.085599875,202.416107,511.341262,0.078725929
SI,S3,13,2037,0.135101686,0.085599875,202.416107,442.258196,0.071987
SI,S3,14,2038,0.135101686,0.085599875,202.416107,382.508368,0.065824921
SI,S3,15,2039,0.135101686,0.085599875,202.416107,330.830842,0.060190316
SI,S3,16,2040,0.135101686,0.085599875,202.416107,286.135038,0.055038033
SI,S3,17,2041,0.135101686,0.085599875,202.416107,247.477712,0.050326784
SI,S3,18,2042,0.135101686,0.085599875,202.416107,214.043056,0.046018818
SI,S3,19,2043,0.135101686,0.085599875,202.416107,185.125478,0.042079613
SI,S3,20,2044,0.135101686,0.085599875,202.416107,160.114714,0.038477603
SI,S3,21,2045,0.135101686,0.085599875,202.416107,138.482946,0.035183925
SI,S3,22,2046,0.135101686,0.085599875,202.416107,119.773666,0.032172185
SI,S3,23,2047,0.135101686,0.085599875,202.416107,103.592042,0.02941825
SK,S1,0,2024,0.017762656,0.064203575,143.557032,1731.186623,0.09655
SK,S1,1,2025,0.017762656,0.064203575,143.557032,1700.43615,0.090351145
SK,S1,2,2026,0.017762656,0.064203575,143.557032,1670.231888,0.084550278
SK,S1,3,2027,0.017762656,0.064203575,143.557032,1640.564134,0.079121848
SK,S1,4,2028,0.017762656,0.064203575,143.557032,1611.423357,0.074041943
SK,S1,5,2029,0.017762656,0.064203575,143.557032,1582.800198,0.069288185
SK,S1,6,2030,0.017762656,0.064203575,143.557032,1554.685463,0.064839636
SK,S1,7,2031,0.017762656,0.064203575,143.557032,1527.07012,0.0606767
SK,S1,8,2032,0.017762656,0.064203575,143.557032,1499.945299,0.056781039
SK,S1,9,2033,0.017762656,0.064203575,143.557032,1473.302286,0.053135493
SK,S1,10,2034,0.017762656,0.064203575,143.557032,1447.132525,0.049724004
SK,S1,11,2035,0.017762656,0.064203575,143.557032,1421.427607,0.046531545
SK,S1,12,2036,0.017762656,0.064203575,143.557032,1396.179278,0.043544054
SK,S1,13,2037,0.017762656,0.064203575,143.557032,1371.379426,0.04074837
SK,S1,14,2038,0.017762656,0.064203575,143.557032,1347.020085,0.038132179
SK,S1,15,2039,0.017762656,0.064203575,143.557032,1323.09343,0.035683957
SK,S1,16,2040,0.017762656,0.064203575,143.557032,1299.591777,0.033392919
SK,S1,17,2041,0.017762656,0.064203575,143.557032,1276.507575,0.031248974
SK,S1,18,2042,0.017762656,0.064203575,143.557032,1253.83341,0.029242678
SK,S1,19,2043,0.017762656,0.064203575,143.557032,1231.561999,0.027365194
SK,S1,20,2044,0.017762656,0.064203575,143.557032,1209.686186,0.025608251
SK,S1,21,2045,0.017762656,0.064203575,143.557032,1188.198947,0.023964109
SK,S1,22,2046,0.017762656,0.064203575,143.557032,1167.093378,0.022425528
SK,S1,23,2047,0.017762656,0.064203575,143.557032,1146.3627,0.020985729
SK,S1,24,2048,0.017762656,0.064203575,143.557032,1126.000253,0.01963837
SK,S2,0,2024,0.043443692,0.064203575,143.557032,1731.186623,0.09655
SK,S2,1,2025,0.043443692,0.064203575,143.557032,1655.977484,0.090351145
SK,S2,2,2026,0.043443692,0.064203575,143.557032,1584.035709,0.084550278
SK,S2,3,2027,0.043443692,0.064203575,143.557032,1515.219349,0.079121848
SK,S2,4,2028,0.043443692,0.064203575,143.557032,1449.392626,0.074041943
SK,S2,5,2029,0.043443692,0.064203575,143.557032,1386.42566,0.069288185
SK,S2,6,2030,0.043443692,0.064203575,143.557032,1326.19421,0.064839636
SK,S2,7,2031,0.043443692,0.064203575,143.557032,1268.579437,0.0606767
SK,S2,8,2032,0.043443692,0.064203575,143.557032,1213.467663,0.056781039
SK,S2,9,2033,0.043443692,0.064203575,143.557032,1160.750148,0.053135493
SK,S2,10,2034,0.043443692,0.064203575,143.557032,1110.322876,0.049724004
SK,S2,11,2035,0.043443692,0.064203575,143.557032,1062.086351,0.046531545
SK,S2,12,2036,0.043443692,0.064203575,143.557032,1015.945398,0.043544054
SK,S2,13,2037,0.043443692,0.064203575,143.557032,971.808979,0.04074837
SK,S2,14,2038,0.043443692,0.064203575,143.557032,929.590009,0.038132179
SK,S2,15,2039,0.043443692,0.064203575,143.557032,889.205187,0.035683957
SK,S2,16,2040,0.043443692,0.064203575,143.557032,850.574831,0.033392919
SK,S2,17,2041,0.043443692,0.064203575,143.557032,813.62272,0.031248974
SK,S2,18,2042,0.043443692,0.064203575,143.557032,778.275945,0.029242678
SK,S2,19,2043,0.043443692,0.064203575,143.557032,744.464765,0.027365194
SK,S2,20,2044,0.043443692,0.064203575,143.557032,712.122467,0.025608251
SK,S2,21,2045,0.043443692,0.064203575,143.557032,681.185238,0.023964109
SK,S2,22,2046,0.043443692,0.064203575,143.557032,651.592036,0.022425528
SK,S2,23,2047,0.043443692,0.064203575,143.557032,623.284472,0.020985729
SK,S2,24,2048,0.043443692,0.064203575,143.557032,596.206694,0.01963837
SK,S3,0,2024,0.135101686,0.085599875,143.557032,1731.186623,0.09655
SK,S3,1,2025,0.135101686,0.085599875,143.557032,1497.300391,0.088285332
SK,S3,2,2026,0.135101686,0.085599875,143.557032,1295.012584,0.080728119
SK,S3,3,2027,0.135101686,0.085599875,143.557032,1120.054201,0.073817802
SK,S3,4,2028,0.135101686,0.085599875,143.557032,968.73299,0.067499007
SK,S3,5,2029,0.135101686,0.085599875,143.557032,837.855529,0.061721101
SK,S3,6,2030,0.135101686,0.085599875,143.557032,724.659835,0.056437782
SK,S3,7,2031,0.135101686,0.085599875,143.557032,626.757069,0.051606715
SK,S3,8,2032,0.135101686,0.085599875,143.557032,542.081133,0.047189187
SK,S3,9,2033,0.135101686,0.085599875,143.557032,468.845058,0.043149798
SK,S3,10,2034,0.135101686,0.085599875,143.557032,405.5033,0.039456181
SK,S3,11,2035,0.135101686,0.085599875,143.557032,350.71912,0.036078737
SK,S3,12,2036,0.135101686,0.085599875,143.557032,303.336376,0.032990401
SK,S3,13,2037,0.135101686,0.085599875,143.557032,262.35512,0.030166427
SK,S3,14,2038,0.135101686,0.085599875,143.557032,226.910501,0.027584185
SK,S3,15,2039,0.135101686,0.085599875,143.557032,196.25451,0.025222982
SK,S3,16,2040,0.135101686,0.085599875,143.557032,169.740195,0.023063898
SK,S3,17,2041,0.135101686,0.085599875,143.557032,146.808008,0.021089631
SK,S3,18,2042,0.135101686,0.085599875,143.557032,126.973999,0.019284361
SK,S3,19,2043,0.135101686,0.085599875,143.557032,109.819597,0.017633622
SK,S3,20,2044,0.135101686,0.085599875,143.557032,94.982785,0.016124187
SK,S3,21,2045,0.135101686,0.085599875,143.557032,82.15045,0.014743958
SK,S3,22,2046,0.135101686,0.085599875,143.557032,71.051786,0.013481877
SK,S3,23,2047,0.135101686,0.085599875,143.557032,61.45257,0.01232783
SK,S3,24,2048,0.135101686,0.085599875,143.557032,53.150224,0.011272569
