company,market,cohort_year,destination,scenario,t,calendar_year,units,e_ref_tco2e,e_prod_tco2e,ti_tco2e,cumulative_ti_tco2e,e_ref_kgco2e_per_vehicle,e_prod_kgco2e_per_vehicle,gap_kgco2e_per_vehicle,direction
hyundai,EU27,2024,AT,S1,0,2024,11364,26637.9173,19621.3949,-7016.5224,-7016.5224,2344.0617,1726.6275,-617.4342,contribution
hyundai,EU27,2024,AT,S1,1,2025,11364,25927.7973,19608.5022,-6319.2951,-13335.8175,2281.5732,1725.493,-556.0802,contribution
hyundai,EU27,2024,AT,S1,2,2026,11364,25236.6088,19596.2384,-5640.3704,-18976.1879,2220.7505,1724.4138,-496.3367,contribution
hyundai,EU27,2024,AT,S1,3,2027,11364,24563.8448,19584.5734,-4979.2714,-23955.4593,2161.5492,1723.3873,-438.1619,contribution
hyundai,EU27,2024,AT,S1,4,2028,11364,23909.0165,19573.4774,-4335.5391,-28290.9984,2103.9261,1722.4109,-381.5152,contribution
hyundai,EU27,2024,AT,S1,5,2029,11364,23271.6442,19562.9231,-3708.7211,-31999.7195,2047.8392,1721.4821,-326.357,contribution
hyundai,EU27,2024,AT,S1,6,2030,11364,22651.2635,19552.8838,-3098.3797,-35098.0992,1993.2474,1720.5987,-272.6487,contribution
hyundai,EU27,2024,AT,S1,7,2031,11364,22047.4211,19543.3346,-2504.0865,-37602.1857,1940.111,1719.7584,-220.3526,contribution
hyundai,EU27,2024,AT,S1,8,2032,11364,21459.6758,19534.2514,-1925.4244,-39527.6101,1888.391,1718.9591,-169.4319,contribution
hyundai,EU27,2024,AT,S1,9,2033,11364,20887.5987,19525.6115,-1361.9872,-40889.5973,1838.0499,1718.1988,-119.851,contribution
hyundai,EU27,2024,AT,S1,10,2034,11364,20330.7727,19517.3934,-813.3793,-41702.9766,1789.0507,1717.4757,-71.5751,contribution
hyundai,EU27,2024,AT,S1,11,2035,11364,19788.7902,19509.576,-279.2142,-41982.1908,1741.3578,1716.7878,-24.5701,contribution
hyundai,EU27,2024,AT,S1,12,2036,11364,19261.2561,19502.1406,240.8845,-41741.3063,1694.9363,1716.1335,21.1972,liability
hyundai,EU27,2024,AT,S1,13,2037,11364,18747.7852,19495.0679,747.2827,-40994.0236,1649.7523,1715.5111,65.7588,liability
hyundai,EU27,2024,AT,S1,14,2038,11364,18248.0022,19488.3403,1240.3381,-39753.6855,1605.7728,1714.9191,109.1463,liability
hyundai,EU27,2024,AT,S2,0,2024,11364,26637.9173,19621.3949,-7016.5224,-7016.5224,2344.0617,1726.6275,-617.4342,contribution
hyundai,EU27,2024,AT,S2,1,2025,11364,23039.0898,19598.7819,-3440.3079,-10456.8303,2027.375,1724.6376,-302.7374,contribution
hyundai,EU27,2024,AT,S2,2,2026,11364,19926.4694,19578.1044,-348.365,-10805.1953,1753.4732,1722.8181,-30.6551,contribution
hyundai,EU27,2024,AT,S2,3,2027,11364,17234.3703,19559.1969,2324.8266,-8480.3687,1516.5761,1721.1543,204.5782,liability
hyundai,EU27,2024,AT,S2,4,2028,11364,14905.9777,19541.9078,4635.9301,-3844.4386,1311.6841,1719.6329,407.9488,liability
hyundai,EU27,2024,AT,S2,5,2029,11364,12892.1549,19526.0988,6633.9439,2789.5053,1134.4733,1718.2417,583.7684,liability
hyundai,EU27,2024,AT,S2,6,2030,11364,11150.403,19511.643,8361.24,11150.7453,981.2041,1716.9696,735.7656,liability
hyundai,EU27,2024,AT,S2,7,2031,11364,9643.9646,19498.4244,9854.4598,21005.2051,848.6417,1715.8064,867.1647,liability
hyundai,EU27,2024,AT,S2,8,2032,11364,8341.049,19486.3378,11145.2888,32150.4939,733.9888,1714.7429,980.754,liability
hyundai,EU27,2024,AT,S2,9,2033,11364,7214.1591,19475.2854,12261.1263,44411.6202,634.8257,1713.7703,1078.9446,liability
hyundai,EU27,2024,AT,S2,10,2034,11364,6239.5142,19465.1791,13225.6649,57637.2851,549.0597,1712.8809,1163.8213,liability
hyundai,EU27,2024,AT,S2,11,2035,11364,5396.5453,19455.938,14059.3927,71696.6778,474.8808,1712.0678,1237.187,liability
hyundai,EU27,2024,AT,S2,12,2036,11364,4667.4626,19447.488,14780.0254,86476.7032,410.7236,1711.3242,1300.6006,liability
hyundai,EU27,2024,AT,S2,13,2037,11364,4036.8808,19439.7612,15402.8804,101879.5836,355.2341,1710.6442,1355.4101,liability
hyundai,EU27,2024,AT,S2,14,2038,11364,3491.4912,19432.6959,15941.2047,117820.7883,307.2414,1710.0225,1402.7811,liability
hyundai,EU27,2024,BE,S1,0,2024,12147,24211.7705,22361.5136,-1850.2569,-1850.2569,1993.2305,1840.9083,-152.3221,contribution
hyundai,EU27,2024,BE,S1,1,2025,12147,23521.8302,22324.8386,-1196.9916,-3047.2485,1936.4312,1837.8891,-98.5422,contribution
hyundai,EU27,2024,BE,S1,2,2026,12147,22851.5507,22289.7633,-561.7874,-3609.0359,1881.2506,1835.0015,-46.2491,contribution
hyundai,EU27,2024,BE,S1,3,2027,12147,22200.3712,22256.2183,55.8471,-3553.1888,1827.6423,1832.2399,4.5976,liability
hyundai,EU27,2024,BE,S1,4,2028,12147,21567.7484,22224.1364,656.388,-2896.8008,1775.5617,1829.5988,54.037,liability
hyundai,EU27,2024,BE,S1,5,2029,12147,20953.1521,22193.454,1240.3019,-1656.4989,1724.9652,1827.0729,102.1077,liability
hyundai,EU27,2024,BE,S1,6,2030,12147,20356.0697,22164.1102,1808.0405,151.5416,1675.8105,1824.6571,148.8467,liability
hyundai,EU27,2024,BE,S1,7,2031,12147,19776.002,22136.0463,2360.0443,2511.5859,1628.0565,1822.3468,194.2903,liability
hyundai,EU27,2024,BE,S1,8,2032,12147,19212.4638,22109.2065,2896.7427,5408.3286,1581.6633,1820.1372,238.4739,liability
hyundai,EU27,2024,BE,S1,9,2033,12147,18664.9842,22083.5376,3418.5534,8826.882,1536.5921,1818.024,281.4319,liability
hyundai,EU27,2024,BE,S1,10,2034,12147,18133.1055,22058.9885,3925.883,12752.765,1492.8053,1816.003,323.1977,liability
hyundai,EU27,2024,BE,S1,11,2035,12147,17616.3836,22035.5102,4419.1266,17171.8916,1450.2662,1814.0702,363.804,liability
hyundai,EU27,2024,BE,S1,12,2036,12147,17114.3856,22013.056,4898.6704,22070.562,1408.9393,1812.2216,403.2823,liability
hyundai,EU27,2024,BE,S1,13,2037,12147,16626.6934,21991.5815,5364.8881,27435.4501,1368.7901,1810.4537,441.6636,liability
hyundai,EU27,2024,BE,S2,0,2024,12147,24211.7705,22361.5136,-1850.2569,-1850.2569,1993.2305,1840.9083,-152.3221,contribution
hyundai,EU27,2024,BE,S2,1,2025,12147,20940.7194,22289.5458,1348.8264,-501.4305,1723.9417,1834.9836,111.0419,liability
hyundai,EU27,2024,BE,S2,2,2026,12147,18111.5927,22223.7387,4112.146,3610.7155,1491.0342,1829.566,338.5318,liability
hyundai,EU27,2024,BE,S2,3,2027,12147,15664.6863,22163.5645,6498.8782,10109.5937,1289.593,1824.6122,535.0192,liability
hyundai,EU27,2024,BE,S2,4,2028,12147,13548.3606,22108.5411,8560.1805,18669.7742,1115.3668,1820.0824,704.7156,liability
hyundai,EU27,2024,BE,S2,5,2029,12147,11717.9545,22058.2278,10340.2733,29010.0475,964.6789,1815.9404,851.2615,liability
hyundai,EU27,2024,BE,S2,6,2030,12147,10134.8387,22012.2214,11877.3827,40887.4302,834.3491,1812.1529,977.8038,liability
hyundai,EU27,2024,BE,S2,7,2031,12147,8765.6048,21970.1531,13204.5483,54091.9785,721.6271,1808.6896,1087.0625,liability
hyundai,EU27,2024,BE,S2,8,2032,12147,7581.3569,21931.6858,14350.3289,68442.3074,624.1341,1805.5228,1181.3887,liability
hyundai,EU27,2024,BE,S2,9,2033,12147,6557.1033,21896.5114,15339.4081,83781.7155,539.8126,1802.6271,1262.8145,liability
hyundai,EU27,2024,BE,S2,10,2034,12147,5671.2274,21864.3478,16193.1204,99974.8359,466.883,1799.9792,1333.0963,liability
hyundai,EU27,2024,BE,S2,11,2035,12147,4905.0348,21834.9373,16929.9025,116904.7384,403.8063,1797.558,1393.7517,liability
hyundai,EU27,2024,BE,S2,12,2036,12147,4242.3568,21808.0445,17565.6877,134470.4261,349.2514,1795.3441,1446.0927,liability
hyundai,EU27,2024,BE,S2,13,2037,12147,3669.207,21783.4537,18114.2467,152584.6728,302.0669,1793.3196,1491.2527,liability
hyundai,EU27,2024,BG,S1,0,2024,2336,4678.4877,4210.4593,-468.0284,-468.0284,2002.7773,1802.4226,-200.3546,contribution
hyundai,EU27,2024,BG,S1,1,2025,2336,4766.6096,4200.4756,-566.134,-1034.1624,2040.5007,1798.1488,-242.3519,contribution
hyundai,EU27,2024,BG,S1,2,2026,2336,4856.392,4190.9776,-665.4144,-1699.5768,2078.9349,1794.0829,-284.8521,contribution
hyundai,EU27,2024,BG,S1,3,2027,2336,4947.8653,4181.942,-765.9233,-2465.5001,2118.093,1790.2149,-327.8781,contribution
hyundai,EU27,2024,BG,S1,4,2028,2336,5041.0614,4173.3462,-867.7152,-3333.2153,2157.9886,1786.5352,-371.4534,contribution
hyundai,EU27,2024,BG,S1,5,2029,2336,5136.013,4165.1687,-970.8443,-4304.0596,2198.6357,1783.0345,-415.6012,contribution
hyundai,EU27,2024,BG,S1,6,2030,2336,5232.7529,4157.3893,-1075.3636,-5379.4232,2240.0483,1779.7043,-460.344,contribution
hyundai,EU27,2024,BG,S1,7,2031,2336,5331.3152,4149.9883,-1181.3269,-6560.7501,2282.2411,1776.5361,-505.705,contribution
hyundai,EU27,2024,BG,S1,8,2032,2336,5431.7341,4142.9476,-1288.7865,-7849.5366,2325.2286,1773.5221,-551.7065,contribution
hyundai,EU27,2024,BG,S1,9,2033,2336,5534.0439,4136.2497,-1397.7942,-9247.3308,2369.0256,1770.6548,-598.3708,contribution
hyundai,EU27,2024,BG,S1,10,2034,2336,5638.2812,4129.8775,-1508.4037,-10755.7345,2413.6478,1767.927,-645.7208,contribution
hyundai,EU27,2024,BG,S1,11,2035,2336,5744.4816,4123.8157,-1620.6659,-12376.4004,2459.1103,1765.3321,-693.7782,contribution
hyundai,EU27,2024,BG,S1,12,2036,2336,5852.6827,4118.0486,-1734.6341,-14111.0345,2505.4292,1762.8633,-742.566,contribution
hyundai,EU27,2024,BG,S1,13,2037,2336,5962.9218,4112.5625,-1850.3593,-15961.3938,2552.6206,1760.5148,-792.1059,contribution
hyundai,EU27,2024,BG,S1,14,2038,2336,6075.2368,4107.3433,-1967.8935,-17929.2873,2600.7007,1758.2805,-842.4202,contribution
hyundai,EU27,2024,BG,S1,15,2039,2336,6189.6681,4102.3781,-2087.29,-20016.5773,2649.6867,1756.155,-893.5317,contribution
hyundai,EU27,2024,BG,S1,16,2040,2336,6306.2545,4097.6544,-2208.6001,-22225.1774,2699.5952,1754.1329,-945.4624,contribution
hyundai,EU27,2024,BG,S1,17,2041,2336,6425.0364,4093.1609,-2331.8755,-24557.0529,2750.4437,1752.2093,-998.2344,contribution
hyundai,EU27,2024,BG,S1,18,2042,2336,6546.0568,4088.8858,-2457.171,-27014.2239,2802.2503,1750.3792,-1051.8711,contribution
hyundai,EU27,2024,BG,S2,0,2024,2336,4678.4877,4210.4593,-468.0284,-468.0284,2002.7773,1802.4226,-200.3546,contribution
hyundai,EU27,2024,BG,S2,1,2025,2336,4046.4163,4192.8998,146.4835,-321.5449,1732.1988,1794.9057,62.707,liability
hyundai,EU27,2024,BG,S2,2,2026,2336,3499.7387,4176.8432,677.1045,355.5596,1498.1758,1788.0322,289.8564,liability
hyundai,EU27,2024,BG,S2,3,2027,2336,3026.9177,4162.1612,1135.2435,1490.8031,1295.7696,1781.7471,485.9775,liability
hyundai,EU27,2024,BG,S2,4,2028,2336,2617.9763,4148.7359,1530.7596,3021.5627,1120.709,1776.0,655.2909,liability
hyundai,EU27,2024,BG,S2,5,2029,2336,2264.2833,4136.4599,1872.1766,4893.7393,969.2994,1770.7448,801.4455,liability
hyundai,EU27,2024,BG,S2,6,2030,2336,1958.3748,4125.2347,2166.8599,7060.5992,838.3454,1765.9395,927.5941,liability
hyundai,EU27,2024,BG,S2,7,2031,2336,1693.7951,4114.9702,2421.1751,9481.7743,725.0835,1761.5455,1036.4619,liability
hyundai,EU27,2024,BG,S2,8,2032,2336,1464.9601,4105.5846,2640.6245,12122.3988,627.1233,1757.5277,1130.4043,liability
hyundai,EU27,2024,BG,S2,9,2033,2336,1267.0417,4097.0022,2829.9605,14952.3593,542.398,1753.8537,1211.4557,liability
hyundai,EU27,2024,BG,S2,10,2034,2336,1095.8621,4089.1545,2993.2924,17945.6517,469.119,1750.4942,1281.3752,liability
hyundai,EU27,2024,BG,S2,11,2035,2336,947.8094,4081.9787,3134.1693,21079.821,405.7403,1747.4224,1341.6821,liability
hyundai,EU27,2024,BG,S2,12,2036,2336,819.7588,4075.417,3255.6582,24335.4792,350.9241,1744.6134,1393.6893,liability
hyundai,EU27,2024,BG,S2,13,2037,2336,709.0081,4069.4171,3360.409,27695.8882,303.5137,1742.045,1438.5312,liability
hyundai,EU27,2024,BG,S2,14,2038,2336,613.2195,4063.9306,3450.7111,31146.5993,262.5083,1739.6963,1477.188,liability
hyundai,EU27,2024,BG,S2,15,2039,2336,530.3728,4058.9138,3528.541,34675.1403,227.0432,1737.5487,1510.5056,liability
hyundai,EU27,2024,BG,S2,16,2040,2336,458.7184,4054.3266,3595.6082,38270.7485,196.3692,1735.585,1539.2158,liability
hyundai,EU27,2024,BG,S2,17,2041,2336,396.745,4050.1317,3653.3867,41924.1352,169.8395,1733.7893,1563.9498,liability
hyundai,EU27,2024,BG,S2,18,2042,2336,343.1441,4046.2964,3703.1523,45627.2875,146.8939,1732.1474,1585.2536,liability
hyundai,EU27,2024,CY,S1,0,2024,1340,2741.7828,2492.1718,-249.611,-249.611,2046.1066,1859.8297,-186.2769,contribution
hyundai,EU27,2024,CY,S1,1,2025,1340,2688.5296,2488.6323,-199.8973,-449.5083,2006.3654,1857.1883,-149.1771,contribution
hyundai,EU27,2024,CY,S1,2,2026,1340,2636.3112,2485.1583,-151.1529,-600.6612,1967.3964,1854.5957,-112.8007,contribution
hyundai,EU27,2024,CY,S1,3,2027,1340,2585.1063,2481.7483,-103.358,-704.0192,1929.1838,1852.051,-77.1328,contribution
hyundai,EU27,2024,CY,S1,4,2028,1340,2534.8964,2478.4013,-56.4951,-760.5143,1891.7137,1849.5532,-42.1605,contribution
hyundai,EU27,2024,CY,S1,5,2029,1340,2485.6616,2475.1159,-10.5457,-771.06,1854.9713,1847.1014,-7.8699,contribution
hyundai,EU27,2024,CY,S1,6,2030,1340,2437.3831,2471.8913,34.5082,-736.5518,1818.9426,1844.695,25.7524,liability
hyundai,EU27,2024,CY,S1,7,2031,1340,2390.0422,2468.7261,78.6839,-657.8679,1783.6136,1842.3329,58.7193,liability
hyundai,EU27,2024,CY,S1,8,2032,1340,2343.6208,2465.6193,121.9985,-535.8694,1748.9707,1840.0144,91.0437,liability
hyundai,EU27,2024,CY,S1,9,2033,1340,2298.1012,2462.5697,164.4685,-371.4009,1715.0009,1837.7386,122.7377,liability
hyundai,EU27,2024,CY,S1,10,2034,1340,2253.4657,2459.5765,206.1108,-165.2901,1681.6908,1835.5049,153.814,liability
hyundai,EU27,2024,CY,S1,11,2035,1340,2209.6969,2456.6383,246.9414,81.6513,1649.0275,1833.3122,184.2846,liability
hyundai,EU27,2024,CY,S1,12,2036,1340,2166.7784,2453.7548,286.9764,368.6277,1616.9988,1831.1603,214.1615,liability
hyundai,EU27,2024,CY,S1,13,2037,1340,2124.6936,2450.924,326.2304,694.8581,1585.5922,1829.0478,243.4555,liability
hyundai,EU27,2024,CY,S1,14,2038,1340,2083.4261,2448.1455,364.7194,1059.5775,1554.7956,1826.9743,272.1787,liability
hyundai,EU27,2024,CY,S1,15,2039,1340,2042.9601,2445.4184,402.4583,1462.0358,1524.5971,1824.9391,300.342,liability
hyundai,EU27,2024,CY,S1,16,2040,1340,2003.28,2442.7415,439.4615,1901.4973,1494.9851,1822.9414,327.9563,liability
hyundai,EU27,2024,CY,S1,17,2041,1340,1964.3705,2440.1141,475.7436,2377.2409,1465.9481,1820.9807,355.0325,liability
hyundai,EU27,2024,CY,S1,18,2042,1340,1926.2175,2437.5351,511.3176,2888.5585,1437.4757,1819.056,381.5803,liability
hyundai,EU27,2024,CY,S1,19,2043,1340,1888.8046,2435.0037,546.1991,3434.7576,1409.5557,1817.1669,407.6113,liability
hyundai,EU27,2024,CY,S1,20,2044,1340,1852.1188,2432.5189,580.4001,4015.1577,1382.1782,1815.3126,433.1344,liability
hyundai,EU27,2024,CY,S2,0,2024,1340,2741.7828,2492.1718,-249.611,-249.611,2046.1066,1859.8297,-186.2769,contribution
hyundai,EU27,2024,CY,S2,1,2025,1340,2371.3632,2475.7489,104.3857,-145.2253,1769.674,1847.5738,77.8998,liability
hyundai,EU27,2024,CY,S2,2,2026,1340,2050.9883,2460.7319,409.7436,264.5183,1530.5883,1836.3671,305.7788,liability
hyundai,EU27,2024,CY,S2,3,2027,1340,1773.8961,2447.0002,673.1041,937.6224,1323.8031,1826.1196,502.3165,liability
hyundai,EU27,2024,CY,S2,4,2028,1340,1534.2397,2434.4442,900.2045,1837.8269,1144.955,1816.7494,671.7944,liability
hyundai,EU27,2024,CY,S2,5,2029,1340,1326.9614,2422.9627,1096.0013,2933.8282,990.2697,1808.1811,817.9114,liability
hyundai,EU27,2024,CY,S2,6,2030,1340,1147.6868,2412.4642,1264.7774,4198.6056,856.4827,1800.3464,943.8637,liability
hyundai,EU27,2024,CY,S2,7,2031,1340,992.6323,2402.8642,1410.2319,5608.8375,740.7704,1793.1822,1052.4119,liability
hyundai,EU27,2024,CY,S2,8,2032,1340,858.526,2394.0861,1535.5601,7144.3976,640.691,1786.6314,1145.9404,liability
hyundai,EU27,2024,CY,S2,9,2033,1340,742.5379,2386.0593,1643.5214,8787.919,554.1328,1780.6413,1226.5085,liability
hyundai,EU27,2024,CY,S2,10,2034,1340,642.2194,2378.7197,1736.5003,10524.4193,479.2682,1775.164,1295.8957,liability
hyundai,EU27,2024,CY,S2,11,2035,1340,555.4546,2372.0084,1816.5538,12340.9731,414.5184,1770.1555,1355.6372,liability
hyundai,EU27,2024,CY,S2,12,2036,1340,480.4119,2365.8715,1885.4596,14226.4327,358.5163,1765.5757,1407.0594,liability
hyundai,EU27,2024,CY,S2,13,2037,1340,415.5073,2360.2599,1944.7526,16171.1853,310.0801,1761.388,1451.3079,liability
hyundai,EU27,2024,CY,S2,14,2038,1340,359.3717,2355.1286,1995.7569,18166.9422,268.1878,1757.5587,1489.3708,liability
hyundai,EU27,2024,CY,S2,15,2039,1340,310.8199,2350.4368,2039.6169,20206.5591,231.9551,1754.0573,1522.1022,liability
hyundai,EU27,2024,CY,S2,16,2040,1340,268.8276,2346.1463,2077.3187,22283.8778,200.6176,1750.8554,1550.2378,liability
hyundai,EU27,2024,CY,S2,17,2041,1340,232.5086,2342.2234,2109.7148,24393.5926,173.5139,1747.9279,1574.414,liability
hyundai,EU27,2024,CY,S2,18,2042,1340,201.0962,2338.636,2137.5398,26531.1324,150.0718,1745.2507,1595.179,liability
hyundai,EU27,2024,CY,S2,19,2043,1340,173.9279,2335.3558,2161.4279,28692.5603,129.7969,1742.8028,1613.0059,liability
hyundai,EU27,2024,CY,S2,20,2044,1340,150.4299,2332.3564,2181.9265,30874.4868,112.2611,1740.5645,1628.3034,liability
hyundai,EU27,2024,CZ,S1,0,2024,20260,36723.7015,35021.8261,-1701.8754,-1701.8754,1812.621,1728.6193,-84.0017,contribution
hyundai,EU27,2024,CZ,S1,1,2025,20260,36568.2846,35003.6723,-1564.6123,-3266.4877,1804.9499,1727.7232,-77.2267,contribution
hyundai,EU27,2024,CZ,S1,2,2026,20260,36413.5259,34986.0929,-1427.433,-4693.9207,1797.3112,1726.8555,-70.4557,contribution
hyundai,EU27,2024,CZ,S1,3,2027,20260,36259.4224,34969.07,-1290.3524,-5984.2731,1789.705,1726.0153,-63.6897,contribution
hyundai,EU27,2024,CZ,S1,4,2028,20260,36105.9707,34952.5857,-1153.385,-7137.6581,1782.1308,1725.2017,-56.9292,contribution
hyundai,EU27,2024,CZ,S1,5,2029,20260,35953.1687,34936.6233,-1016.5454,-8154.2035,1774.5888,1724.4138,-50.175,contribution
hyundai,EU27,2024,CZ,S1,6,2030,20260,35801.0131,34921.1659,-879.8472,-9034.0507,1767.0786,1723.6508,-43.4278,contribution
hyundai,EU27,2024,CZ,S1,7,2031,20260,35649.5012,34906.1978,-743.3034,-9777.3541,1759.6003,1722.912,-36.6882,contribution
hyundai,EU27,2024,CZ,S1,8,2032,20260,35498.6311,34891.7034,-606.9277,-10384.2818,1752.1536,1722.1966,-29.9569,contribution
hyundai,EU27,2024,CZ,S1,9,2033,20260,35348.3989,34877.6678,-470.7311,-10855.0129,1744.7383,1721.5038,-23.2345,contribution
hyundai,EU27,2024,CZ,S1,10,2034,20260,35198.803,34864.0763,-334.7267,-11189.7396,1737.3545,1720.833,-16.5216,contribution
hyundai,EU27,2024,CZ,S1,11,2035,20260,35049.8398,34850.9152,-198.9246,-11388.6642,1730.002,1720.1834,-9.8186,contribution
hyundai,EU27,2024,CZ,S1,12,2036,20260,34901.5072,34838.1704,-63.3368,-11452.001,1722.6805,1719.5543,-3.1262,contribution
hyundai,EU27,2024,CZ,S1,13,2037,20260,34753.8024,34825.8292,72.0268,-11379.9742,1715.39,1718.9452,3.5551,liability
hyundai,EU27,2024,CZ,S1,14,2038,20260,34606.7222,34813.8784,207.1562,-11172.818,1708.1304,1718.3553,10.2249,liability
hyundai,EU27,2024,CZ,S1,15,2039,20260,34460.2649,34802.3058,342.0409,-10830.7771,1700.9015,1717.7841,16.8826,liability
hyundai,EU27,2024,CZ,S2,0,2024,20260,36723.7015,35021.8261,-1701.8754,-1701.8754,1812.621,1728.6193,-84.0017,contribution
hyundai,EU27,2024,CZ,S2,1,2025,20260,31762.2676,34972.7266,3210.459,1508.5836,1567.7329,1726.1958,158.4629,liability
hyundai,EU27,2024,CZ,S2,2,2026,20260,27471.1316,34927.8299,7456.6983,8965.2819,1355.9295,1723.9798,368.0503,liability
hyundai,EU27,2024,CZ,S2,3,2027,20260,23759.7353,34886.7762,11127.0409,20092.3228,1172.7411,1721.9534,549.2123,liability
hyundai,EU27,2024,CZ,S2,4,2028,20260,20549.7553,34849.2369,14299.4816,34391.8044,1014.3018,1720.1005,705.7987,liability
hyundai,EU27,2024,CZ,S2,5,2029,20260,17773.4488,34814.9108,17041.462,51433.2664,877.268,1718.4063,841.1383,liability
hyundai,EU27,2024,CZ,S2,6,2030,20260,15372.2255,34783.5231,19411.2976,70844.564,758.7476,1716.857,958.1095,liability
hyundai,EU27,2024,CZ,S2,7,2031,20260,13295.4121,34754.8221,21459.41,92303.974,656.2395,1715.4404,1059.2009,liability
hyundai,EU27,2024,CZ,S2,8,2032,20260,11499.1797,34728.5781,23229.3984,115533.3724,567.5804,1714.145,1146.5646,liability
hyundai,EU27,2024,CZ,S2,9,2033,20260,9945.6211,34704.5803,24758.9592,140292.3316,490.8994,1712.9605,1222.0612,liability
hyundai,EU27,2024,CZ,S2,10,2034,20260,8601.951,34682.6369,26080.6859,166373.0175,424.578,1711.8774,1287.2994,liability
hyundai,EU27,2024,CZ,S2,11,2035,20260,7439.8128,34662.5719,27222.7591,193595.7766,367.2168,1710.8871,1343.6702,liability
hyundai,EU27,2024,CZ,S2,12,2036,20260,6434.6814,34644.2243,28209.5429,221805.3195,317.6052,1709.9815,1392.3763,liability
hyundai,EU27,2024,CZ,S2,13,2037,20260,5565.3453,34627.4473,29062.102,250867.4215,274.6962,1709.1534,1434.4572,liability
hyundai,EU27,2024,CZ,S2,14,2038,20260,4813.4579,34612.1064,29798.6485,280666.07,237.5843,1708.3962,1470.8119,liability
hyundai,EU27,2024,CZ,S2,15,2039,20260,4163.1514,34598.0788,30434.9274,311100.9974,205.4862,1707.7038,1502.2175,liability
hyundai,EU27,2024,DE,S1,0,2024,96117,174010.0686,165188.359,-8821.7096,-8821.7096,1810.3985,1718.6175,-91.781,contribution
hyundai,EU27,2024,DE,S1,1,2025,96117,169429.2908,164606.6596,-4822.6312,-13644.3408,1762.7401,1712.5655,-50.1746,contribution
hyundai,EU27,2024,DE,S1,2,2026,96117,164969.1013,164048.3635,-920.7378,-14565.0786,1716.3364,1706.757,-9.5793,contribution
hyundai,EU27,2024,DE,S1,3,2027,96117,160626.3252,163512.5289,2886.2037,-11678.8749,1671.1542,1701.1822,30.028,liability
hyundai,EU27,2024,DE,S1,4,2028,96117,156397.8716,162998.2524,6600.3808,-5078.4941,1627.1614,1695.8317,68.6703,liability
hyundai,EU27,2024,DE,S1,5,2029,96117,152280.7311,162504.6666,10223.9355,5145.4414,1584.3267,1690.6964,106.3697,liability
hyundai,EU27,2024,DE,S1,6,2030,96117,148271.9736,162030.9388,13758.9652,18904.4066,1542.6197,1685.7677,143.1481,liability
hyundai,EU27,2024,DE,S1,7,2031,96117,144368.7459,161576.2703,17207.5244,36111.931,1502.0105,1681.0374,179.0269,liability
hyundai,EU27,2024,DE,S1,8,2032,96117,140568.2698,161139.8946,20571.6248,56683.5558,1462.4704,1676.4973,214.0269,liability
hyundai,EU27,2024,DE,S1,9,2033,96117,136867.8403,160721.075,23853.2347,80536.7905,1423.9712,1672.1399,248.1687,liability
hyundai,EU27,2024,DE,S1,10,2034,96117,133264.8242,160319.1057,27054.2815,107591.072,1386.4855,1667.9579,281.4724,liability
hyundai,EU27,2024,DE,S1,11,2035,96117,129756.6559,159933.3086,30176.6527,137767.7247,1349.9865,1663.944,313.9575,liability
hyundai,EU27,2024,DE,S1,12,2036,96117,126340.8399,159563.0331,33222.1932,170989.9179,1314.4484,1660.0917,345.6433,liability
hyundai,EU27,2024,DE,S1,13,2037,96117,123014.9444,159207.6546,36192.7102,207182.6281,1279.8459,1656.3943,376.5485,liability
hyundai,EU27,2024,DE,S1,14,2038,96117,119776.6026,158866.5738,39089.9712,246272.5993,1246.1542,1652.8457,406.6915,liability
hyundai,EU27,2024,DE,S2,0,2024,96117,174010.0686,165188.359,-8821.7096,-8821.7096,1810.3985,1718.6175,-91.781,contribution
hyundai,EU27,2024,DE,S2,1,2025,96117,150501.0149,163950.7178,13449.7029,4627.9933,1565.8106,1705.7411,139.9305,liability
hyundai,EU27,2024,DE,S2,2,2026,96117,130168.0741,162819.0186,32650.9445,37278.9378,1354.2669,1693.9669,339.7,liability
hyundai,EU27,2024,DE,S2,3,2027,96117,112582.1478,161784.1929,49202.0451,86480.9829,1171.3032,1683.2006,511.8974,liability
hyundai,EU27,2024,DE,S2,4,2028,96117,97372.1097,160837.948,63465.8383,149946.8212,1013.0581,1673.3559,660.2977,liability
hyundai,EU27,2024,DE,S2,5,2029,96117,84216.9741,159972.7014,75755.7273,225702.5485,876.1923,1664.3539,788.1616,liability
hyundai,EU27,2024,DE,S2,6,2030,96117,72839.1186,159181.5201,86342.4015,312044.95,757.8172,1656.1224,898.3052,liability
hyundai,EU27,2024,DE,S2,7,2031,96117,62998.4305,158458.0636,95459.6331,407504.5831,655.4348,1648.5956,993.1608,liability
hyundai,EU27,2024,DE,S2,8,2032,96117,54487.237,157796.535,103309.298,510813.8811,566.8845,1641.7131,1074.8286,liability
hyundai,EU27,2024,DE,S2,9,2033,96117,47125.9188,157191.6332,110065.7144,620879.5955,490.2974,1635.4197,1145.1222,liability
hyundai,EU27,2024,DE,S2,10,2034,96117,40759.128,156638.5107,115879.3827,736758.9782,424.0574,1629.665,1205.6076,liability
hyundai,EU27,2024,DE,S2,11,2035,96117,35252.501,156132.7355,120880.2345,857639.2127,366.7666,1624.4029,1257.6364,liability
hyundai,EU27,2024,DE,S2,12,2036,96117,30489.8284,155670.2547,125180.4263,982819.639,317.2158,1619.5913,1302.3755,liability
hyundai,EU27,2024,DE,S2,13,2037,96117,26370.6018,155247.3622,128876.7604,1111696.3994,274.3594,1615.1915,1340.8321,liability
hyundai,EU27,2024,DE,S2,14,2038,96117,22807.8892,154860.6692,132052.78,1243749.1794,237.293,1611.1684,1373.8754,liability
hyundai,EU27,2024,DK,S1,0,2024,4815,9027.9487,4731.3347,-4296.614,-4296.614,1874.9634,982.624,-892.3394,contribution
hyundai,EU27,2024,DK,S1,1,2025,4815,8675.8474,4668.4313,-4007.4161,-8304.0301,1801.8375,969.56,-832.2775,contribution
hyundai,EU27,2024,DK,S1,2,2026,4815,8337.4788,4611.6022,-3725.8766,-12029.9067,1731.5636,957.7575,-773.8061,contribution
hyundai,EU27,2024,DK,S1,3,2027,4815,8012.3069,4560.2609,-3452.046,-15481.9527,1664.0305,947.0947,-716.9358,contribution
hyundai,EU27,2024,DK,S1,4,2028,4815,7699.8172,4513.8775,-3185.9397,-18667.8924,1599.1313,937.4616,-661.6697,contribution
hyundai,EU27,2024,DK,S1,5,2029,4815,7399.5147,4471.9733,-2927.5414,-21595.4338,1536.7632,928.7587,-608.0044,contribution
hyundai,EU27,2024,DK,S1,6,2030,4815,7110.9246,4434.1154,-2676.8092,-24272.243,1476.8275,920.8962,-555.9313,contribution
hyundai,EU27,2024,DK,S1,7,2031,4815,6833.5897,4399.9135,-2433.6762,-26705.9192,1419.2294,913.793,-505.4364,contribution
hyundai,EU27,2024,DK,S1,8,2032,4815,6567.0715,4369.0144,-2198.0571,-28903.9763,1363.8778,907.3758,-456.502,contribution
hyundai,EU27,2024,DK,S1,9,2033,4815,6310.9476,4341.0988,-1969.8488,-30873.8251,1310.6849,901.5782,-409.1067,contribution
hyundai,EU27,2024,DK,S1,10,2034,4815,6064.813,4315.8791,-1748.9339,-32622.759,1259.5666,896.3404,-363.2261,contribution
hyundai,EU27,2024,DK,S1,11,2035,4815,5828.2777,4293.0951,-1535.1826,-34157.9416,1210.4419,891.6085,-318.8334,contribution
hyundai,EU27,2024,DK,S1,12,2036,4815,5600.9677,4272.5111,-1328.4566,-35486.3982,1163.2332,887.3336,-275.8996,contribution
hyundai,EU27,2024,DK,S1,13,2037,4815,5382.5233,4253.9145,-1128.6088,-36615.007,1117.8657,883.4713,-234.3944,contribution
hyundai,EU27,2024,DK,S1,14,2038,4815,5172.5981,4237.1141,-935.484,-37550.491,1074.2675,879.9822,-194.2854,contribution
hyundai,EU27,2024,DK,S2,0,2024,4815,9027.9487,4731.3347,-4296.614,-4296.614,1874.9634,982.624,-892.3394,contribution
hyundai,EU27,2024,DK,S2,1,2025,4815,7808.2577,4675.5751,-3132.6826,-7429.2966,1621.6527,971.0436,-650.6091,contribution
hyundai,EU27,2024,DK,S2,2,2026,4815,6753.3489,4624.5885,-2128.7604,-9558.057,1402.5647,960.4545,-442.1102,contribution
hyundai,EU27,2024,DK,S2,3,2027,4815,5840.96,4577.9662,-1262.9938,-10821.0508,1213.0758,950.7718,-262.304,contribution
hyundai,EU27,2024,DK,S2,4,2028,4815,5051.8366,4535.335,-516.5016,-11337.5524,1049.1872,941.918,-107.2693,contribution
hyundai,EU27,2024,DK,S2,5,2029,4815,4369.3247,4496.3529,127.0282,-11210.5242,907.4402,933.822,26.3818,liability
hyundai,EU27,2024,DK,S2,6,2030,4815,3779.0214,4460.7077,681.6863,-10528.8379,784.8435,926.419,141.5756,liability
hyundai,EU27,2024,DK,S2,7,2031,4815,3268.4693,4428.1137,1159.6444,-9369.1935,678.8098,919.6498,240.84,liability
hyundai,EU27,2024,DK,S2,8,2032,4815,2826.8938,4398.3098,1571.416,-7797.7775,587.1015,913.46,326.3585,liability
hyundai,EU27,2024,DK,S2,9,2033,4815,2444.9756,4371.057,1926.0814,-5871.6961,507.7831,907.8,400.0169,liability
hyundai,EU27,2024,DK,S2,10,2034,4815,2114.6554,4346.1372,2231.4818,-3640.2143,439.1808,902.6245,463.4438,liability
hyundai,EU27,2024,DK,S2,11,2035,4815,1828.9617,4323.3503,2494.3886,-1145.8257,379.8467,897.8921,518.0454,liability
hyundai,EU27,2024,DK,S2,12,2036,4815,1581.8658,4302.5142,2720.6484,1574.8227,328.5287,893.5647,565.036,liability
hyundai,EU27,2024,DK,S2,13,2037,4815,1368.1532,4283.4616,2915.3084,4490.1311,284.144,889.6078,605.4638,liability
hyundai,EU27,2024,DK,S2,14,2038,4815,1183.3135,4266.0399,3082.7264,7572.8575,245.7557,885.9896,640.2339,liability
hyundai,EU27,2024,EE,S1,0,2024,714,1137.9457,764.6709,-373.2748,-373.2748,1593.7615,1070.9676,-522.7938,contribution
hyundai,EU27,2024,EE,S1,1,2025,714,1099.9715,761.3452,-338.6263,-711.9011,1540.5763,1066.3098,-474.2665,contribution
hyundai,EU27,2024,EE,S1,2,2026,714,1063.2649,758.1971,-305.0678,-1016.9689,1489.1665,1061.9007,-427.2658,contribution
hyundai,EU27,2024,EE,S1,3,2027,714,1027.783,755.2172,-272.5658,-1289.5347,1439.472,1057.7272,-381.7448,contribution
hyundai,EU27,2024,EE,S1,4,2028,714,993.4847,752.3966,-241.0881,-1530.6228,1391.4352,1053.7768,-337.6584,contribution
hyundai,EU27,2024,EE,S1,5,2029,714,960.3314,749.7267,-210.6047,-1741.2275,1345.002,1050.0374,-294.9646,contribution
hyundai,EU27,2024,EE,S1,6,2030,714,928.2844,747.1994,-181.085,-1922.3125,1300.1182,1046.4978,-253.6204,contribution
hyundai,EU27,2024,EE,S1,7,2031,714,897.3068,744.807,-152.4998,-2074.8123,1256.7322,1043.1471,-213.5852,contribution
hyundai,EU27,2024,EE,S1,8,2032,714,867.3633,742.5425,-124.8208,-2199.6331,1214.7945,1039.9755,-174.819,contribution
hyundai,EU27,2024,EE,S1,9,2033,714,838.4188,740.399,-98.0198,-2297.6529,1174.256,1036.9734,-137.2826,contribution
hyundai,EU27,2024,EE,S1,10,2034,714,810.44,738.3699,-72.0701,-2369.723,1135.07,1034.1315,-100.9385,contribution
hyundai,EU27,2024,EE,S1,11,2035,714,783.395,736.4494,-46.9456,-2416.6686,1097.1919,1031.4417,-65.7501,contribution
hyundai,EU27,2024,EE,S1,12,2036,714,757.2525,734.6315,-22.621,-2439.2896,1060.5777,1028.8957,-31.6821,contribution
hyundai,EU27,2024,EE,S1,13,2037,714,731.9825,732.9106,0.9281,-2438.3615,1025.1856,1026.4854,1.2999,liability
hyundai,EU27,2024,EE,S1,14,2038,714,707.5558,731.2818,23.726,-2414.6355,990.9745,1024.2042,33.2297,liability
hyundai,EU27,2024,EE,S1,15,2039,714,683.9439,729.7398,45.7959,-2368.8396,957.9046,1022.0445,64.1399,liability
hyundai,EU27,2024,EE,S1,16,2040,714,661.1202,728.2803,67.1601,-2301.6795,925.9387,1020.0004,94.0618,liability
hyundai,EU27,2024,EE,S1,17,2041,714,639.0583,726.8987,87.8404,-2213.8391,895.0396,1018.0654,123.0258,liability
hyundai,EU27,2024,EE,S1,18,2042,714,617.7326,725.5911,107.8585,-2105.9806,865.1717,1016.234,151.0623,liability
hyundai,EU27,2024,EE,S1,19,2043,714,597.1182,724.3531,127.2349,-1978.7457,836.3,1014.5001,178.2001,liability
hyundai,EU27,2024,EE,S1,20,2044,714,577.192,723.1814,145.9894,-1832.7563,808.3922,1012.8591,204.4669,liability
hyundai,EU27,2024,EE,S1,21,2045,714,557.9304,722.0723,164.1419,-1668.6144,781.4151,1011.3057,229.8906,liability
hyundai,EU27,2024,EE,S1,22,2046,714,539.3121,721.0224,181.7103,-1486.9041,755.3391,1009.8353,254.4962,liability
hyundai,EU27,2024,EE,S1,23,2047,714,521.3147,720.0285,198.7138,-1288.1903,730.1326,1008.4433,278.3106,liability
hyundai,EU27,2024,EE,S2,0,2024,714,1137.9457,764.6709,-373.2748,-373.2748,1593.7615,1070.9676,-522.7938,contribution
hyundai,EU27,2024,EE,S2,1,2025,714,984.2072,759.3423,-224.8649,-598.1397,1378.4415,1063.5046,-314.9368,contribution
hyundai,EU27,2024,EE,S2,2,2026,714,851.239,754.4699,-96.7691,-694.9088,1192.2115,1056.6805,-135.531,contribution
hyundai,EU27,2024,EE,S2,3,2027,714,736.2352,750.0147,13.7795,-681.1293,1031.1417,1050.4408,19.299,liability
hyundai,EU27,2024,EE,S2,4,2028,714,636.7685,745.9407,109.1722,-571.9571,891.8326,1044.7349,152.9022,liability
hyundai,EU27,2024,EE,S2,5,2029,714,550.74,742.2154,191.4754,-380.4817,771.3445,1039.5174,268.1728,liability
hyundai,EU27,2024,EE,S2,6,2030,714,476.334,738.809,262.475,-118.0067,667.1345,1034.7465,367.612,liability
hyundai,EU27,2024,EE,S2,7,2031,714,411.9805,735.6943,323.7138,205.7071,577.0035,1030.3842,453.3807,liability
hyundai,EU27,2024,EE,S2,8,2032,714,356.3209,732.8462,376.5253,582.2324,499.0489,1026.3952,527.3464,liability
hyundai,EU27,2024,EE,S2,9,2033,714,308.1816,730.2418,422.0602,1004.2926,431.6269,1022.7476,591.1207,liability
hyundai,EU27,2024,EE,S2,10,2034,714,266.546,727.8604,461.3144,1465.607,373.3137,1019.4123,646.0986,liability
hyundai,EU27,2024,EE,S2,11,2035,714,230.5351,725.6826,495.1475,1960.7545,322.8783,1016.3622,693.4839,liability
hyundai,EU27,2024,EE,S2,12,2036,714,199.3896,723.6918,524.3022,2485.0567,279.2571,1013.5739,734.3168,liability
hyundai,EU27,2024,EE,S2,13,2037,714,172.4515,721.8708,549.4193,3034.476,241.5287,1011.0235,769.4948,liability
hyundai,EU27,2024,EE,S2,14,2038,714,149.1532,720.206,571.0528,3605.5288,208.898,1008.6919,799.7938,liability
hyundai,EU27,2024,EE,S2,15,2039,714,129.0022,718.6836,589.6814,4195.2102,180.6754,1006.5597,825.8843,liability
hyundai,EU27,2024,EE,S2,16,2040,714,111.5742,717.2915,605.7173,4800.9275,156.2664,1004.6099,848.3436,liability
hyundai,EU27,2024,EE,S2,17,2041,714,96.5003,716.0188,619.5185,5420.446,135.1545,1002.8275,867.673,liability
hyundai,EU27,2024,EE,S2,18,2042,714,83.4629,714.8547,631.3918,6051.8378,116.8948,1001.1971,884.3022,liability
hyundai,EU27,2024,EE,S2,19,2043,714,72.1866,713.7906,641.604,6693.4418,101.1017,999.7067,898.605,liability
hyundai,EU27,2024,EE,S2,20,2044,714,62.4341,712.8173,650.3832,7343.825,87.4427,998.3436,910.9008,liability
hyundai,EU27,2024,EE,S2,21,2045,714,53.9995,711.9274,657.9279,8001.7529,75.6296,997.0972,921.4676,liability
hyundai,EU27,2024,EE,S2,22,2046,714,46.7037,711.1138,664.4101,8666.163,65.4113,995.9577,930.5464,liability
hyundai,EU27,2024,EE,S2,23,2047,714,40.3941,710.3696,669.9755,9336.1385,56.5744,994.9154,938.341,liability
hyundai,EU27,2024,ES,S1,0,2024,64837,126962.0086,115238.342,-11723.6666,-11723.6666,1958.1722,1777.3546,-180.8175,contribution
hyundai,EU27,2024,ES,S1,1,2025,64837,124051.4354,115137.1009,-8914.3345,-20638.0011,1913.2815,1775.7932,-137.4884,contribution
hyundai,EU27,2024,ES,S1,2,2026,64837,121207.5869,115044.1081,-6163.4788,-26801.4799,1869.42,1774.3589,-95.0611,contribution
hyundai,EU27,2024,ES,S1,3,2027,64837,118428.933,114958.6918,-3470.2412,-30271.7211,1826.564,1773.0415,-53.5225,contribution
hyundai,EU27,2024,ES,S1,4,2028,64837,115713.9788,114880.2346,-833.7442,-31105.4653,1784.6905,1771.8314,-12.8591,contribution
hyundai,EU27,2024,ES,S1,5,2029,64837,113061.2641,114808.1696,1746.9055,-29358.5598,1743.7769,1770.72,26.943,liability
hyundai,EU27,2024,ES,S1,6,2030,64837,110469.3623,114741.976,4272.6137,-25085.9461,1703.8013,1769.699,65.8978,liability
hyundai,EU27,2024,ES,S1,7,2031,64837,107936.8793,114681.1751,6744.2958,-18341.6503,1664.742,1768.7613,104.0192,liability
hyundai,EU27,2024,ES,S1,8,2032,64837,105462.4532,114625.3279,9162.8747,-9178.7756,1626.5782,1767.8999,141.3217,liability
hyundai,EU27,2024,ES,S1,9,2033,64837,103044.7522,114574.031,11529.2788,2350.5032,1589.2893,1767.1088,177.8194,liability
hyundai,EU27,2024,ES,S1,10,2034,64837,100682.4769,114526.9131,13844.4362,16194.9394,1552.8553,1766.3821,213.5268,liability
hyundai,EU27,2024,ES,S1,11,2035,64837,98374.3557,114483.6342,16109.2785,32304.2179,1517.2564,1765.7145,248.4581,liability
hyundai,EU27,2024,ES,S1,12,2036,64837,96119.1478,114443.8812,18324.7334,50628.9513,1482.4737,1765.1014,282.6277,liability
hyundai,EU27,2024,ES,S1,13,2037,64837,93915.6399,114407.3672,20491.7273,71120.6786,1448.4884,1764.5383,316.0499,liability
hyundai,EU27,2024,ES,S1,14,2038,64837,91762.647,114373.8279,22611.1809,93731.8595,1415.2821,1764.021,348.7389,liability
hyundai,EU27,2024,ES,S1,15,2039,64837,89659.0107,114343.0213,24684.0106,118415.8701,1382.8371,1763.5458,380.7087,liability
hyundai,EU27,2024,ES,S1,16,2040,64837,87603.5999,114314.7245,26711.1246,145126.9947,1351.1359,1763.1094,411.9735,liability
hyundai,EU27,2024,ES,S1,17,2041,64837,85595.3093,114288.7331,28693.4238,173820.4185,1320.1615,1762.7085,442.5471,liability
hyundai,EU27,2024,ES,S1,18,2042,64837,83633.0578,114264.8594,30631.8016,204452.2201,1289.8971,1762.3403,472.4432,liability
hyundai,EU27,2024,ES,S1,19,2043,64837,81715.7903,114242.9306,32527.1403,236979.3604,1260.3265,1762.0021,501.6756,liability
hyundai,EU27,2024,ES,S1,20,2044,64837,79842.4761,114222.7886,34380.3125,271359.6729,1231.4338,1761.6915,530.2576,liability
hyundai,EU27,2024,ES,S2,0,2024,64837,126962.0086,115238.342,-11723.6666,-11723.6666,1958.1722,1777.3546,-180.8175,contribution
hyundai,EU27,2024,ES,S2,1,2025,64837,109809.2269,115131.9725,5322.7456,-6400.921,1693.6198,1775.7141,82.0943,liability
hyundai,EU27,2024,ES,S2,2,2026,64837,94973.8151,115034.7082,20060.8931,13659.9721,1464.8089,1774.2139,309.405,liability
hyundai,EU27,2024,ES,S2,3,2027,64837,82142.6928,114945.7697,32803.0769,46463.049,1266.9108,1772.8422,505.9314,liability
hyundai,EU27,2024,ES,S2,4,2028,64837,71045.0761,114864.4443,43819.3682,90282.4172,1095.749,1771.5879,675.8389,liability
hyundai,EU27,2024,ES,S2,5,2029,64837,61446.7668,114790.0804,53343.3136,143625.7308,947.7114,1770.441,822.7295,liability
hyundai,EU27,2024,ES,S2,6,2030,64837,53145.2051,114722.082,61576.8769,205202.6077,819.674,1769.3922,949.7182,liability
hyundai,EU27,2024,ES,S2,7,2031,64837,45965.1979,114659.9043,68694.7064,273897.3141,708.9347,1768.4332,1059.4985,liability
hyundai,EU27,2024,ES,S2,8,2032,64837,39755.2228,114603.0489,74847.8261,348745.1402,613.1564,1767.5563,1154.3999,liability
hyundai,EU27,2024,ES,S2,9,2033,64837,34384.2248,114551.0604,80166.8356,428911.9758,530.3179,1766.7545,1236.4365,liability
hyundai,EU27,2024,ES,S2,10,2034,64837,29738.8583,114503.5222,84764.6639,513676.6397,458.6711,1766.0213,1307.3502,liability
hyundai,EU27,2024,ES,S2,11,2035,64837,25721.0883,114460.0532,88738.9649,602415.6046,396.7039,1765.3509,1368.647,liability
hyundai,EU27,2024,ES,S2,12,2036,64837,22246.1257,114420.3051,92174.1794,694589.784,343.1085,1764.7378,1421.6293,liability
hyundai,EU27,2024,ES,S2,13,2037,64837,19240.6369,114383.9594,95143.3225,789733.1065,296.754,1764.1772,1467.4233,liability
hyundai,EU27,2024,ES,S2,14,2038,64837,16641.1944,114350.725,97709.5306,887442.6371,256.662,1763.6647,1507.0026,liability
hyundai,EU27,2024,ES,S2,15,2039,64837,14392.9408,114320.3352,99927.3944,987370.0315,221.9865,1763.1959,1541.2094,liability
hyundai,EU27,2024,ES,S2,16,2040,64837,12448.4304,114292.5471,101844.1167,1089214.1482,191.9958,1762.7674,1570.7716,liability
hyundai,EU27,2024,ES,S2,17,2041,64837,10766.6266,114267.1373,103500.5107,1192714.6589,166.0568,1762.3755,1596.3186,liability
hyundai,EU27,2024,ES,S2,18,2042,64837,9312.0369,114243.9029,104931.866,1297646.5249,143.6223,1762.0171,1618.3948,liability
hyundai,EU27,2024,ES,S2,19,2043,64837,8053.9653,114222.6573,106168.692,1403815.2169,124.2187,1761.6894,1637.4708,liability
hyundai,EU27,2024,ES,S2,20,2044,64837,6965.8607,114203.2303,107237.3696,1511052.5865,107.4365,1761.3898,1653.9533,liability
hyundai,EU27,2024,FI,S1,0,2024,3101,4102.7065,2824.41,-1278.2965,-1278.2965,1323.0269,910.8062,-412.2207,contribution
hyundai,EU27,2024,FI,S1,1,2025,3101,3722.1959,2806.2409,-915.955,-2194.2515,1200.3212,904.9471,-295.3741,contribution
hyundai,EU27,2024,FI,S1,2,2026,3101,3376.9765,2790.0445,-586.932,-2781.1835,1088.996,899.7241,-189.2718,contribution
hyundai,EU27,2024,FI,S1,3,2027,3101,3063.7749,2775.6066,-288.1683,-3069.3518,987.9958,895.0682,-92.9275,contribution
hyundai,EU27,2024,FI,S1,4,2028,3101,2779.6213,2762.7362,-16.8851,-3086.2369,896.3629,890.9178,-5.445,contribution
hyundai,EU27,2024,FI,S1,5,2029,3101,2521.8222,2751.2635,229.4413,-2856.7956,813.2287,887.2182,73.9895,liability
hyundai,EU27,2024,FI,S1,6,2030,3101,2287.9327,2741.0362,453.1035,-2403.6921,737.8048,883.9201,146.1153,liability
hyundai,EU27,2024,FI,S1,7,2031,3101,2075.7357,2731.9194,656.1837,-1747.5084,669.3762,880.9801,211.6039,liability
hyundai,EU27,2024,FI,S1,8,2032,3101,1883.2191,2723.7926,840.5735,-906.9349,607.2941,878.3594,271.0653,liability
hyundai,EU27,2024,FI,S1,9,2033,3101,1708.5576,2716.548,1007.9904,101.0555,550.9699,876.0232,325.0533,liability
hyundai,EU27,2024,FI,S1,10,2034,3101,1550.0953,2710.0902,1159.9949,1261.0504,499.8695,873.9407,374.0712,liability
hyundai,EU27,2024,FI,S1,11,2035,3101,1406.33,2704.3333,1298.0033,2559.0537,453.5085,872.0843,418.5757,liability
hyundai,EU27,2024,FI,S1,12,2036,3101,1275.8982,2699.2016,1423.3034,3982.3571,411.4473,870.4294,458.9821,liability
hyundai,EU27,2024,FI,S1,13,2037,3101,1157.5636,2694.6271,1537.0635,5519.4206,373.2872,868.9542,495.667,liability
hyundai,EU27,2024,FI,S1,14,2038,3101,1050.2039,2690.5492,1640.3453,7159.7659,338.6662,867.6392,528.973,liability
hyundai,EU27,2024,FI,S1,15,2039,3101,952.8015,2686.9141,1734.1126,8893.8785,307.2562,866.467,559.2108,liability
hyundai,EU27,2024,FI,S1,16,2040,3101,864.4328,2683.6737,1819.2409,10713.1194,278.7594,865.422,586.6627,liability
hyundai,EU27,2024,FI,S1,17,2041,3101,784.26,2680.7851,1896.5251,12609.6445,252.9055,864.4905,611.585,liability
hyundai,EU27,2024,FI,S1,18,2042,3101,711.5227,2678.2101,1966.6874,14576.3319,229.4494,863.6601,634.2107,liability
hyundai,EU27,2024,FI,S1,19,2043,3101,645.5318,2675.9149,2030.3831,16606.715,208.1689,862.92,654.7511,liability
hyundai,EU27,2024,FI,S1,20,2044,3101,585.6613,2673.8686,2088.2073,18694.9223,188.8621,862.2601,673.398,liability
hyundai,EU27,2024,FI,S1,21,2045,3101,531.3434,2672.0446,2140.7012,20835.6235,171.3458,861.6719,690.3261,liability
hyundai,EU27,2024,FI,S1,22,2046,3101,482.0632,2670.4187,2188.3555,23023.979,155.4541,861.1476,705.6935,liability
hyundai,EU27,2024,FI,S2,0,2024,3101,4102.7065,2824.41,-1278.2965,-1278.2965,1323.0269,910.8062,-412.2207,contribution
hyundai,EU27,2024,FI,S2,1,2025,3101,3548.424,2810.0858,-738.3382,-2016.6347,1144.2838,906.187,-238.0968,contribution
hyundai,EU27,2024,FI,S2,2,2026,3101,3069.026,2796.9876,-272.0384,-2288.6731,989.6891,901.9631,-87.726,contribution
hyundai,EU27,2024,FI,S2,3,2027,3101,2654.395,2785.0105,130.6155,-2158.0576,855.9803,898.1008,42.1204,liability
hyundai,EU27,2024,FI,S2,4,2028,3101,2295.7818,2774.0589,478.2771,-1679.7805,740.336,894.5691,154.2332,liability
hyundai,EU27,2024,FI,S2,5,2029,3101,1985.6179,2764.0446,778.4267,-901.3538,640.3153,891.3398,251.0244,liability
hyundai,EU27,2024,FI,S2,6,2030,3101,1717.3575,2754.8875,1037.53,136.1762,553.8076,888.3868,334.5792,liability
hyundai,EU27,2024,FI,S2,7,2031,3101,1485.3397,2746.5144,1261.1747,1397.3509,478.9873,885.6867,406.6994,liability
hyundai,EU27,2024,FI,S2,8,2032,3101,1284.6679,2738.8578,1454.1899,2851.5408,414.2754,883.2176,468.9422,liability
hyundai,EU27,2024,FI,S2,9,2033,3101,1111.1068,2731.8568,1620.75,4472.2908,358.306,880.9599,522.654,liability
hyundai,EU27,2024,FI,S2,10,2034,3101,960.9946,2725.455,1764.4604,6236.7512,309.8983,878.8955,568.9972,liability
hyundai,EU27,2024,FI,S2,11,2035,3101,831.1626,2719.6011,1888.4385,8125.1897,268.0305,877.0078,608.9773,liability
hyundai,EU27,2024,FI,S2,12,2036,3101,718.8713,2714.2484,1995.3771,10120.5668,231.8192,875.2817,643.4625,liability
hyundai,EU27,2024,FI,S2,13,2037,3101,621.7505,2709.3539,2087.6034,12208.1702,200.5,873.7033,673.2033,liability
hyundai,EU27,2024,FI,S2,14,2038,3101,537.751,2704.8785,2167.1275,14375.2977,173.4121,872.2601,698.848,liability
hyundai,EU27,2024,FI,S2,15,2039,3101,465.1,2700.7859,2235.6859,16610.9836,149.9839,870.9403,720.9564,liability
hyundai,EU27,2024,FI,S2,16,2040,3101,402.2641,2697.0437,2294.7796,18905.7632,129.7208,869.7335,740.0128,liability
hyundai,EU27,2024,FI,S2,17,2041,3101,347.9176,2693.622,2345.7044,21251.4676,112.1953,868.6301,756.4348,liability
hyundai,EU27,2024,FI,S2,18,2042,3101,300.9131,2690.4931,2389.58,23641.0476,97.0374,867.6211,770.5837,liability
hyundai,EU27,2024,FI,S2,19,2043,3101,260.2593,2687.6321,2427.3728,26068.4204,83.9275,866.6985,782.771,liability
hyundai,EU27,2024,FI,S2,20,2044,3101,225.0979,2685.0159,2459.918,28528.3384,72.5888,865.8549,793.266,liability
hyundai,EU27,2024,FI,S2,21,2045,3101,194.6869,2682.6237,2487.9368,31016.2752,62.782,865.0834,802.3015,liability
hyundai,EU27,2024,FI,S2,22,2046,3101,168.3843,2680.4362,2512.0519,33528.3271,54.3,864.378,810.078,liability
hyundai,EU27,2024,FR,S1,0,2024,49652,82636.5907,71453.9054,-11182.6853,-11182.6853,1664.3154,1439.0942,-225.2212,contribution
hyundai,EU27,2024,FR,S1,1,2025,49652,80960.7854,71433.7906,-9526.9948,-20709.6801,1630.5644,1438.6891,-191.8753,contribution
hyundai,EU27,2024,FR,S1,2,2026,49652,79318.964,71414.3107,-7904.6533,-28614.3334,1597.4979,1438.2968,-159.2011,contribution
hyundai,EU27,2024,FR,S1,3,2027,49652,77710.4373,71395.4455,-6314.9918,-34929.3252,1565.1019,1437.9168,-127.185,contribution
hyundai,EU27,2024,FR,S1,4,2028,49652,76134.5306,71377.1758,-4757.3548,-39686.68,1533.3628,1437.5489,-95.814,contribution
hyundai,EU27,2024,FR,S1,5,2029,49652,74590.582,71359.4826,-3231.0994,-42917.7794,1502.2674,1437.1925,-65.0749,contribution
hyundai,EU27,2024,FR,S1,6,2030,49652,73077.9431,71342.3477,-1735.5954,-44653.3748,1471.8026,1436.8474,-34.9552,contribution
hyundai,EU27,2024,FR,S1,7,2031,49652,71595.9801,71325.7537,-270.2264,-44923.6012,1441.9556,1436.5132,-5.4424,contribution
hyundai,EU27,2024,FR,S1,8,2032,49652,70144.0695,71309.6834,1165.6139,-43757.9873,1412.7139,1436.1895,23.4757,liability
hyundai,EU27,2024,FR,S1,9,2033,49652,68721.6029,71294.1202,2572.5173,-41185.47,1384.0652,1435.8761,51.811,liability
hyundai,EU27,2024,FR,S1,10,2034,49652,67327.9825,71279.0483,3951.0658,-37234.4042,1355.9974,1435.5726,79.5752,liability
hyundai,EU27,2024,FR,S1,11,2035,49652,65962.6236,71264.4519,5301.8283,-31932.5759,1328.4988,1435.2786,106.7798,liability
hyundai,EU27,2024,FR,S1,12,2036,49652,64624.9535,71250.3162,6625.3627,-25307.2132,1301.5579,1434.9939,133.436,liability
hyundai,EU27,2024,FR,S1,13,2037,49652,63314.4099,71236.6267,7922.2168,-17384.9964,1275.1633,1434.7182,159.5548,liability
hyundai,EU27,2024,FR,S1,14,2038,49652,62030.4431,71223.3693,9192.9262,-8192.0702,1249.304,1434.4512,185.1471,liability
hyundai,EU27,2024,FR,S1,15,2039,49652,60772.5146,71210.5301,10438.0155,2245.9453,1223.9691,1434.1926,210.2235,liability
hyundai,EU27,2024,FR,S1,16,2040,49652,59540.095,71198.0961,11658.0011,13903.9464,1199.148,1433.9422,234.7942,liability
hyundai,EU27,2024,FR,S2,0,2024,49652,82636.5907,71453.9054,-11182.6853,-11182.6853,1664.3154,1439.0942,-225.2212,contribution
hyundai,EU27,2024,FR,S2,1,2025,49652,71472.248,71399.3481,-72.8999,-11255.5852,1439.4636,1437.9954,-1.4682,contribution
hyundai,EU27,2024,FR,S2,2,2026,49652,61816.2267,71349.4607,9533.234,-1722.3512,1244.9897,1436.9907,192.001,liability
hyundai,EU27,2024,FR,S2,3,2027,49652,53464.7503,71303.8435,17839.0932,16116.742,1076.7895,1436.0719,359.2825,liability
hyundai,EU27,2024,FR,S2,4,2028,49652,46241.5719,71262.1313,25020.5594,41137.3014,931.3134,1435.2318,503.9185,liability
hyundai,EU27,2024,FR,S2,5,2029,49652,39994.2578,71223.9895,31229.7317,72367.0331,805.4914,1434.4637,628.9723,liability
hyundai,EU27,2024,FR,S2,6,2030,49652,34590.9664,71189.1128,36598.1464,108965.1795,696.6681,1433.7612,737.0931,liability
hyundai,EU27,2024,FR,S2,7,2031,49652,29917.6682,71157.2215,41239.5533,150204.7328,602.5471,1433.1189,830.5718,liability
hyundai,EU27,2024,FR,S2,8,2032,49652,25875.7407,71128.0601,45252.3194,195457.0522,521.142,1432.5316,911.3897,liability
hyundai,EU27,2024,FR,S2,9,2033,49652,22379.8847,71101.3948,48721.5101,244178.5623,450.7348,1431.9946,981.2598,liability
hyundai,EU27,2024,FR,S2,10,2034,49652,19356.3243,71077.0122,51720.6879,295899.2502,389.8398,1431.5035,1041.6637,liability
hyundai,EU27,2024,FR,S2,11,2035,49652,16741.2524,71054.7167,54313.4643,350212.7145,337.1718,1431.0545,1093.8827,liability
hyundai,EU27,2024,FR,S2,12,2036,49652,14479.4811,71034.3297,56554.8486,406767.5631,291.6193,1430.6439,1139.0246,liability
hyundai,EU27,2024,FR,S2,13,2037,49652,12523.2787,71015.6878,58492.4091,465259.9722,252.221,1430.2684,1178.0474,liability
hyundai,EU27,2024,FR,S2,14,2038,49652,10831.3626,70998.6417,60167.2791,525427.2513,218.1455,1429.9251,1211.7796,liability
hyundai,EU27,2024,FR,S2,15,2039,49652,9368.0273,70983.0546,61615.0273,587042.2786,188.6737,1429.6112,1240.9375,liability
hyundai,EU27,2024,FR,S2,16,2040,49652,8102.3911,70968.8019,62866.4108,649908.6894,163.1836,1429.3241,1266.1406,liability
hyundai,EU27,2024,GR,S1,0,2024,8879,10486.5496,15980.2735,5493.7239,5493.7239,1181.0507,1799.783,618.7323,liability
hyundai,EU27,2024,GR,S1,1,2025,8879,10279.3854,15965.8441,5686.4587,11180.1826,1157.7188,1798.1579,640.4391,liability
hyundai,EU27,2024,GR,S1,2,2026,8879,10076.3137,15952.4691,5876.1554,17056.338,1134.8478,1796.6515,661.8037,liability
hyundai,EU27,2024,GR,S1,3,2027,8879,9877.2537,15940.0714,6062.8177,23119.1557,1112.4286,1795.2553,682.8266,liability
hyundai,EU27,2024,GR,S1,4,2028,8879,9682.1262,15928.58,6246.4538,29365.6095,1090.4523,1793.961,703.5087,liability
hyundai,EU27,2024,GR,S1,5,2029,8879,9490.8537,15917.9283,6427.0746,35792.6841,1068.9102,1792.7614,723.8512,liability
hyundai,EU27,2024,GR,S1,6,2030,8879,9303.3594,15908.0549,6604.6955,42397.3796,1047.7936,1791.6494,743.8558,liability
hyundai,EU27,2024,GR,S1,7,2031,8879,9119.5696,15898.9032,6779.3336,49176.7132,1027.0942,1790.6187,763.5245,liability
hyundai,EU27,2024,GR,S1,8,2032,8879,8939.4102,15890.4203,6951.0101,56127.7233,1006.8037,1789.6633,782.8596,liability
hyundai,EU27,2024,GR,S1,9,2033,8879,8762.8101,15882.5573,7119.7472,63247.4705,986.9141,1788.7777,801.8636,liability
hyundai,EU27,2024,GR,S1,10,2034,8879,8589.699,15875.2691,7285.5701,70533.0406,967.4174,1787.9569,820.5395,liability
hyundai,EU27,2024,GR,S1,11,2035,8879,8420.0075,15868.5133,7448.5058,77981.5464,948.3058,1787.196,838.8902,liability
hyundai,EU27,2024,GR,S1,12,2036,8879,8253.6682,15862.2513,7608.5831,85590.1295,929.5718,1786.4907,856.9189,liability
hyundai,EU27,2024,GR,S1,13,2037,8879,8090.6153,15856.4471,7765.8318,93355.9613,911.2079,1785.837,874.6291,liability
hyundai,EU27,2024,GR,S1,14,2038,8879,7930.7832,15851.0669,7920.2837,101276.245,893.2068,1785.2311,892.0243,liability
hyundai,EU27,2024,GR,S1,15,2039,8879,7774.1086,15846.0798,8071.9712,109348.2162,875.5613,1784.6694,909.1081,liability
hyundai,EU27,2024,GR,S1,16,2040,8879,7620.5293,15841.4575,8220.9282,117569.1444,858.2644,1784.1488,925.8845,liability
hyundai,EU27,2024,GR,S1,17,2041,8879,7469.9841,15837.1727,8367.1886,125936.333,841.3092,1783.6663,942.3571,liability
hyundai,EU27,2024,GR,S1,18,2042,8879,7322.4129,15833.2011,8510.7882,134447.1212,824.6889,1783.219,958.53,liability
hyundai,EU27,2024,GR,S2,0,2024,8879,10486.5496,15980.2735,5493.7239,5493.7239,1181.0507,1799.783,618.7323,liability
hyundai,EU27,2024,GR,S2,1,2025,8879,9069.799,15963.3723,6893.5733,12387.2972,1021.4888,1797.8795,776.3907,liability
hyundai,EU27,2024,GR,S2,2,2026,8879,7844.4539,15947.9178,8103.4639,20490.7611,883.4839,1796.139,912.655,liability
hyundai,EU27,2024,GR,S2,3,2027,8879,6784.6547,15933.7861,9149.1314,29639.8925,764.1237,1794.5474,1030.4236,liability
hyundai,EU27,2024,GR,S2,4,2028,8879,5868.0366,15920.864,10052.8274,39692.7199,660.8894,1793.092,1132.2027,liability
hyundai,EU27,2024,GR,S2,5,2029,8879,5075.255,15909.0484,10833.7934,50526.5133,571.6021,1791.7613,1220.1592,liability
hyundai,EU27,2024,GR,S2,6,2030,8879,4389.5793,15898.2438,11508.6645,62035.1778,494.3777,1790.5444,1296.1667,liability
hyundai,EU27,2024,GR,S2,7,2031,8879,3796.5398,15888.3644,12091.8246,74127.0024,427.5864,1789.4317,1361.8453,liability
hyundai,EU27,2024,GR,S2,8,2032,8879,3283.6209,15879.3305,12595.7096,86722.712,369.8188,1788.4143,1418.5955,liability
hyundai,EU27,2024,GR,S2,9,2033,8879,2839.9981,15871.07,13031.0719,99753.7839,319.8556,1787.484,1467.6283,liability
hyundai,EU27,2024,GR,S2,10,2034,8879,2456.3097,15863.5165,13407.2068,113160.9907,276.6426,1786.6332,1509.9906,liability
hyundai,EU27,2024,GR,S2,11,2035,8879,2124.458,15856.6097,13732.1517,126893.1424,239.2677,1785.8554,1546.5876,liability
hyundai,EU27,2024,GR,S2,12,2036,8879,1837.4401,15850.294,14012.8539,140905.9963,206.9422,1785.144,1578.2018,liability
hyundai,EU27,2024,GR,S2,13,2037,8879,1589.1991,15844.5188,14255.3197,155161.316,178.984,1784.4936,1605.5096,liability
hyundai,EU27,2024,GR,S2,14,2038,8879,1374.4953,15839.2382,14464.7429,169626.0589,154.8029,1783.8989,1629.0959,liability
hyundai,EU27,2024,GR,S2,15,2039,8879,1188.799,15834.4095,14645.6105,184271.6694,133.8888,1783.3551,1649.4662,liability
hyundai,EU27,2024,GR,S2,16,2040,8879,1028.1899,15829.9941,14801.8042,199073.4736,115.8002,1782.8578,1667.0576,liability
hyundai,EU27,2024,GR,S2,17,2041,8879,889.28,15825.9568,14936.6768,214010.1504,100.1554,1782.4031,1682.2476,liability
hyundai,EU27,2024,GR,S2,18,2042,8879,769.1366,15822.2651,15053.1285,229063.2789,86.6242,1781.9873,1695.363,liability
hyundai,EU27,2024,HR,S1,0,2024,3381,9223.9439,6672.6136,-2551.3303,-2551.3303,2728.1703,1973.5621,-754.6082,contribution
hyundai,EU27,2024,HR,S1,1,2025,3381,9168.2695,6669.6938,-2498.5757,-5049.906,2711.7035,1972.6986,-739.0049,contribution
hyundai,EU27,2024,HR,S1,2,2026,3381,9112.9315,6666.8923,-2446.0392,-7495.9452,2695.3361,1971.8699,-723.4662,contribution
hyundai,EU27,2024,HR,S1,3,2027,3381,9057.9274,6664.2047,-2393.7227,-9889.6679,2679.0676,1971.075,-707.9925,contribution
hyundai,EU27,2024,HR,S1,4,2028,3381,9003.2557,6661.6262,-2341.6295,-12231.2974,2662.8973,1970.3124,-692.5849,contribution
hyundai,EU27,2024,HR,S1,5,2029,3381,8948.9131,6659.1523,-2289.7608,-14521.0582,2646.8243,1969.5807,-677.2437,contribution
hyundai,EU27,2024,HR,S1,6,2030,3381,8894.899,6656.7788,-2238.1202,-16759.1784,2630.8486,1968.8787,-661.9699,contribution
hyundai,EU27,2024,HR,S1,7,2031,3381,8841.2112,6654.5017,-2186.7095,-18945.8879,2614.9693,1968.2052,-646.7641,contribution
hyundai,EU27,2024,HR,S1,8,2032,3381,8787.8471,6652.317,-2135.5301,-21081.418,2599.1858,1967.559,-631.6268,contribution
hyundai,EU27,2024,HR,S1,9,2033,3381,8734.8051,6650.221,-2084.5841,-23166.0021,2583.4975,1966.9391,-616.5584,contribution
hyundai,EU27,2024,HR,S1,10,2034,3381,8682.0832,6648.21,-2033.8732,-25199.8753,2567.9039,1966.3443,-601.5597,contribution
hyundai,EU27,2024,HR,S1,11,2035,3381,8629.6794,6646.2808,-1983.3986,-27183.2739,2552.4044,1965.7737,-586.6308,contribution
hyundai,EU27,2024,HR,S1,12,2036,3381,8577.5924,6644.4298,-1933.1626,-29116.4365,2536.9986,1965.2262,-571.7724,contribution
hyundai,EU27,2024,HR,S1,13,2037,3381,8525.8196,6642.654,-1883.1656,-30999.6021,2521.6858,1964.701,-556.9848,contribution
hyundai,EU27,2024,HR,S1,14,2038,3381,8474.3594,6640.9503,-1833.4091,-32833.0112,2506.4654,1964.1971,-542.2683,contribution
hyundai,EU27,2024,HR,S1,15,2039,3381,8423.2093,6639.3157,-1783.8936,-34616.9048,2491.3367,1963.7136,-527.6231,contribution
hyundai,EU27,2024,HR,S1,16,2040,3381,8372.3686,6637.7474,-1734.6212,-36351.526,2476.2995,1963.2497,-513.0497,contribution
hyundai,EU27,2024,HR,S1,17,2041,3381,8321.8342,6636.2428,-1685.5914,-38037.1174,2461.3529,1962.8047,-498.5482,contribution
hyundai,EU27,2024,HR,S1,18,2042,3381,8271.605,6634.7994,-1636.8056,-39673.923,2446.4966,1962.3778,-484.1188,contribution
hyundai,EU27,2024,HR,S1,19,2043,3381,8221.6788,6633.4145,-1588.2643,-41262.1873,2431.7299,1961.9682,-469.7617,contribution
hyundai,EU27,2024,HR,S2,0,2024,3381,9223.9439,6672.6136,-2551.3303,-2551.3303,2728.1703,1973.5621,-754.6082,contribution
hyundai,EU27,2024,HR,S2,1,2025,3381,7977.7735,6666.4564,-1311.3171,-3862.6474,2359.5899,1971.741,-387.8489,contribution
hyundai,EU27,2024,HR,S2,2,2026,3381,6899.9628,6660.8261,-239.1367,-4101.7841,2040.8053,1970.0757,-70.7296,contribution
hyundai,EU27,2024,HR,S2,3,2027,3381,5967.7664,6655.6779,687.9115,-3413.8726,1765.0891,1968.5531,203.4639,liability
hyundai,EU27,2024,HR,S2,4,2028,3381,5161.5108,6650.9702,1489.4594,-1924.4132,1526.6225,1967.1607,440.5381,liability
hyundai,EU27,2024,HR,S2,5,2029,3381,4464.1822,6646.6656,2182.4834,258.0702,1320.3733,1965.8875,645.5142,liability
hyundai,EU27,2024,HR,S2,6,2030,3381,3861.0637,6642.7294,2781.6657,3039.7359,1141.9887,1964.7233,822.7346,liability
hyundai,EU27,2024,HR,S2,7,2031,3381,3339.4273,6639.1301,3299.7028,6339.4387,987.704,1963.6587,975.9547,liability
hyundai,EU27,2024,HR,S2,8,2032,3381,2888.2651,6635.8391,3747.574,10087.0127,854.2636,1962.6853,1108.4218,liability
hyundai,EU27,2024,HR,S2,9,2033,3381,2498.0558,6632.8296,4134.7738,14221.7865,738.8512,1961.7952,1222.944,liability
hyundai,EU27,2024,HR,S2,10,2034,3381,2160.5641,6630.0779,4469.5138,18691.3003,639.0311,1960.9813,1321.9503,liability
hyundai,EU27,2024,HR,S2,11,2035,3381,1868.6684,6627.5616,4758.8932,23450.1935,552.697,1960.2371,1407.5401,liability
hyundai,EU27,2024,HR,S2,12,2036,3381,1616.2081,6625.2607,5009.0526,28459.2461,478.0266,1959.5566,1481.5299,liability
hyundai,EU27,2024,HR,S2,13,2037,3381,1397.8554,6623.1568,5225.3014,33684.5475,413.4444,1958.9343,1545.4899,liability
hyundai,EU27,2024,HR,S2,14,2038,3381,1209.003,6621.233,5412.23,39096.7775,357.5874,1958.3653,1600.7779,liability
hyundai,EU27,2024,HR,S2,15,2039,3381,1045.6647,6619.4738,5573.8091,44670.5866,309.2768,1957.845,1648.5682,liability
hyundai,EU27,2024,HR,S2,16,2040,3381,904.3936,6617.8653,5713.4717,50384.0583,267.4929,1957.3692,1689.8763,liability
hyundai,EU27,2024,HR,S2,17,2041,3381,782.2085,6616.3945,5834.186,56218.2443,231.3542,1956.9342,1725.58,liability
hyundai,EU27,2024,HR,S2,18,2042,3381,676.5308,6615.0496,5938.5188,62156.7631,200.0978,1956.5364,1756.4386,liability
hyundai,EU27,2024,HR,S2,19,2043,3381,585.1303,6613.8198,6028.6895,68185.4526,173.0643,1956.1727,1783.1084,liability
hyundai,EU27,2024,HU,S1,0,2024,4753,8545.7331,7993.4551,-552.278,-552.278,1797.9661,1681.7705,-116.1957,contribution
hyundai,EU27,2024,HU,S1,1,2025,4753,8506.6376,7975.0124,-531.6252,-1083.9032,1789.7407,1677.8903,-111.8505,contribution
hyundai,EU27,2024,HU,S1,2,2026,4753,8467.7215,7957.5781,-510.1434,-1594.0466,1781.553,1674.2222,-107.3308,contribution
hyundai,EU27,2024,HU,S1,3,2027,4753,8428.9833,7941.0967,-487.8866,-2081.9332,1773.4028,1670.7546,-102.6481,contribution
hyundai,EU27,2024,HU,S1,4,2028,4753,8390.4222,7925.5163,-464.9059,-2546.8391,1765.2898,1667.4766,-97.8131,contribution
hyundai,EU27,2024,HU,S1,5,2029,4753,8352.0379,7910.7877,-441.2502,-2988.0893,1757.2139,1664.3778,-92.8361,contribution
hyundai,EU27,2024,HU,S1,6,2030,4753,8313.8287,7896.8643,-416.9644,-3405.0537,1749.175,1661.4484,-87.7266,contribution
hyundai,EU27,2024,HU,S1,7,2031,4753,8275.7945,7883.7021,-392.0924,-3797.1461,1741.1728,1658.6792,-82.4937,contribution
hyundai,EU27,2024,HU,S1,8,2032,4753,8237.934,7871.2592,-366.6748,-4163.8209,1733.2072,1656.0613,-77.146,contribution
hyundai,EU27,2024,HU,S1,9,2033,4753,8200.2474,7859.4966,-340.7508,-4504.5717,1725.2782,1653.5865,-71.6917,contribution
hyundai,EU27,2024,HU,S1,10,2034,4753,8162.7327,7848.3772,-314.3555,-4818.9272,1717.3854,1651.247,-66.1383,contribution
hyundai,EU27,2024,HU,S1,11,2035,4753,8125.3897,7837.8655,-287.5242,-5106.4514,1709.5287,1649.0355,-60.4932,contribution
hyundai,EU27,2024,HU,S1,12,2036,4753,8088.2176,7827.9285,-260.2891,-5366.7405,1701.7079,1646.9448,-54.7631,contribution
hyundai,EU27,2024,HU,S1,13,2037,4753,8051.2155,7818.5348,-232.6807,-5599.4212,1693.9229,1644.9684,-48.9545,contribution
hyundai,EU27,2024,HU,S1,14,2038,4753,8014.3828,7809.6543,-204.7285,-5804.1497,1686.1735,1643.1,-43.0735,contribution
hyundai,EU27,2024,HU,S1,15,2039,4753,7977.7187,7801.2597,-176.459,-5980.6087,1678.4596,1641.3338,-37.1258,contribution
hyundai,EU27,2024,HU,S1,16,2040,4753,7941.2221,7793.3237,-147.8984,-6128.5071,1670.781,1639.6641,-31.1169,contribution
hyundai,EU27,2024,HU,S1,17,2041,4753,7904.892,7785.8216,-119.0704,-6247.5775,1663.1374,1638.0858,-25.0516,contribution
hyundai,EU27,2024,HU,S1,18,2042,4753,7868.7288,7778.7298,-89.999,-6337.5765,1655.5289,1636.5937,-18.9352,contribution
hyundai,EU27,2024,HU,S1,19,2043,4753,7832.7309,7772.0254,-60.7055,-6398.282,1647.9552,1635.1831,-12.772,contribution
hyundai,EU27,2024,HU,S1,20,2044,4753,7796.8975,7765.6876,-31.2099,-6429.4919,1640.4161,1633.8497,-6.5664,contribution
hyundai,EU27,2024,HU,S1,21,2045,4753,7761.2285,7759.6964,-1.5321,-6431.024,1632.9115,1632.5892,-0.3223,contribution
hyundai,EU27,2024,HU,S2,0,2024,4753,8545.7331,7993.4551,-552.278,-552.278,1797.9661,1681.7705,-116.1957,contribution
hyundai,EU27,2024,HU,S2,1,2025,4753,7391.1901,7964.5765,573.3864,21.1084,1555.0579,1675.6946,120.6367,liability
hyundai,EU27,2024,HU,S2,2,2026,4753,6392.6276,7938.1702,1545.5426,1566.651,1344.9669,1670.1389,325.172,liability
hyundai,EU27,2024,HU,S2,3,2027,4753,5528.9733,7914.0242,2385.0509,3951.7019,1163.2597,1665.0587,501.7991,liability
hyundai,EU27,2024,HU,S2,4,2028,4753,4781.9993,7891.9453,3109.946,7061.6479,1006.1013,1660.4135,654.3122,liability
hyundai,EU27,2024,HU,S2,5,2029,4753,4135.9433,7871.756,3735.8127,10797.4606,870.1753,1656.1658,785.9905,liability
hyundai,EU27,2024,HU,S2,6,2030,4753,3577.1703,7853.2951,4276.1248,15073.5854,752.6131,1652.2817,899.6686,liability
hyundai,EU27,2024,HU,S2,7,2031,4753,3093.8885,7836.4145,4742.526,19816.1114,650.9338,1648.7302,997.7963,liability
hyundai,EU27,2024,HU,S2,8,2032,4753,2675.8989,7820.979,5145.0801,24961.1915,562.9916,1645.4826,1082.4911,liability
hyundai,EU27,2024,HU,S2,9,2033,4753,2314.3803,7806.8644,5492.4841,30453.6756,486.9304,1642.513,1155.5826,liability
hyundai,EU27,2024,HU,S2,10,2034,4753,2001.7039,7793.9583,5792.2544,36245.93,421.1454,1639.7977,1218.6523,liability
hyundai,EU27,2024,HU,S2,11,2035,4753,1731.2702,7782.1569,6050.8867,42296.8167,364.2479,1637.3147,1273.0668,liability
hyundai,EU27,2024,HU,S2,12,2036,4753,1497.3725,7771.3655,6273.993,48570.8097,315.0373,1635.0443,1320.0069,liability
hyundai,EU27,2024,HU,S2,13,2037,4753,1295.0752,7761.498,6466.4228,55037.2325,272.4753,1632.9682,1360.4929,liability
hyundai,EU27,2024,HU,S2,14,2038,4753,1120.1084,7752.4753,6632.3669,61669.5994,235.6635,1631.0699,1395.4065,liability
hyundai,EU27,2024,HU,S2,15,2039,4753,968.7796,7744.2248,6775.4452,68445.0446,203.8249,1629.3341,1425.5092,liability
hyundai,EU27,2024,HU,S2,16,2040,4753,837.8961,7736.6805,6898.7844,75343.829,176.2878,1627.7468,1451.459,liability
hyundai,EU27,2024,HU,S2,17,2041,4753,724.6952,7729.782,7005.0868,82348.9158,152.4711,1626.2954,1473.8243,liability
hyundai,EU27,2024,HU,S2,18,2042,4753,626.7875,7723.4741,7096.6866,89445.6024,131.872,1624.9683,1493.0963,liability
hyundai,EU27,2024,HU,S2,19,2043,4753,542.1071,7717.7062,7175.5991,96621.2015,114.0558,1623.7547,1509.6989,liability
hyundai,EU27,2024,HU,S2,20,2044,4753,468.8677,7712.4318,7243.5641,103864.7656,98.6467,1622.645,1523.9983,liability
hyundai,EU27,2024,HU,S2,21,2045,4753,405.5227,7707.6091,7302.0864,111166.852,85.3193,1621.6304,1536.311,liability
hyundai,EU27,2024,IE,S1,0,2024,11222,24862.7567,21961.582,-2901.1747,-2901.1747,2215.537,1957.0114,-258.5256,contribution
hyundai,EU27,2024,IE,S1,1,2025,11222,24050.7336,21864.6406,-2186.093,-5087.2677,2143.1771,1948.3729,-194.8042,contribution
hyundai,EU27,2024,IE,S1,2,2026,11222,23265.2317,21772.7366,-1492.4951,-6579.7628,2073.1805,1940.1833,-132.9972,contribution
hyundai,EU27,2024,IE,S1,3,2027,11222,22505.3841,21685.6079,-819.7762,-7399.539,2005.47,1932.4192,-73.0508,contribution
hyundai,EU27,2024,IE,S1,4,2028,11222,21770.3534,21603.0064,-167.347,-7566.886,1939.9709,1925.0585,-14.9124,contribution
hyundai,EU27,2024,IE,S1,5,2029,11222,21059.3286,21524.6971,465.3685,-7101.5175,1876.611,1918.0803,41.4693,liability
hyundai,EU27,2024,IE,S1,6,2030,11222,20371.5264,21450.4567,1078.9303,-6022.5872,1815.3205,1911.4647,96.1442,liability
hyundai,EU27,2024,IE,S1,7,2031,11222,19706.1879,21380.0741,1673.8862,-4348.701,1756.0317,1905.1928,149.1611,liability
hyundai,EU27,2024,IE,S1,8,2032,11222,19062.5795,21313.3484,2250.7689,-2097.9321,1698.6793,1899.2469,200.5675,liability
hyundai,EU27,2024,IE,S1,9,2033,11222,18439.9914,21250.0899,2810.0985,712.1664,1643.2001,1893.6099,250.4098,liability
hyundai,EU27,2024,IE,S1,10,2034,11222,17837.7375,21190.1185,3352.381,4064.5474,1589.5328,1888.2658,298.7329,liability
hyundai,EU27,2024,IE,S1,11,2035,11222,17255.1528,21133.263,3878.1102,7942.6576,1537.6183,1883.1993,345.581,liability
hyundai,EU27,2024,IE,S1,12,2036,11222,16691.5959,21079.362,4387.7661,12330.4237,1487.3994,1878.3962,390.9968,liability
hyundai,EU27,2024,IE,S1,13,2037,11222,16146.4446,21028.2617,4881.8171,17212.2408,1438.8206,1873.8426,435.022,liability
hyundai,EU27,2024,IE,S1,14,2038,11222,15619.0983,20979.8165,5360.7182,22572.959,1391.8284,1869.5256,477.6972,liability
hyundai,EU27,2024,IE,S1,15,2039,11222,15108.9752,20933.8887,5824.9135,28397.8725,1346.371,1865.433,519.062,liability
hyundai,EU27,2024,IE,S1,16,2040,11222,14615.5127,20890.3472,6274.8345,34672.707,1302.3982,1861.5529,559.1547,liability
hyundai,EU27,2024,IE,S1,17,2041,11222,14138.1669,20849.0684,6710.9015,41383.6085,1259.8616,1857.8746,598.013,liability
hyundai,EU27,2024,IE,S1,18,2042,11222,13676.411,20809.9343,7133.5233,48517.1318,1218.7142,1854.3873,635.6731,liability
hyundai,EU27,2024,IE,S2,0,2024,11222,24862.7567,21961.582,-2901.1747,-2901.1747,2215.537,1957.0114,-258.5256,contribution
hyundai,EU27,2024,IE,S2,1,2025,11222,21503.7566,21801.8818,298.1252,-2603.0495,1916.2143,1942.7804,26.5661,liability
hyundai,EU27,2024,IE,S2,2,2026,11222,18598.5627,21655.852,3057.2893,454.2398,1657.3305,1929.7676,272.4371,liability
hyundai,EU27,2024,IE,S2,3,2027,11222,16085.8657,21522.3223,5436.4566,5890.6964,1433.4224,1917.8687,484.4463,liability
hyundai,EU27,2024,IE,S2,4,2028,11222,13912.6382,21400.2227,7487.5845,13378.2809,1239.7646,1906.9883,667.2237,liability
hyundai,EU27,2024,IE,S2,5,2029,11222,12033.0172,21288.5749,9255.5577,22633.8386,1072.2703,1897.0393,824.769,liability
hyundai,EU27,2024,IE,S2,6,2030,11222,10407.3361,21186.484,10779.1479,33412.9865,927.4047,1887.9419,960.5372,liability
hyundai,EU27,2024,IE,S2,7,2031,11222,9001.2875,21093.1322,12091.8447,45504.8312,802.1108,1879.6233,1077.5124,liability
hyundai,EU27,2024,IE,S2,8,2032,11222,7785.1982,21007.7711,13222.5729,58727.4041,693.7443,1872.0167,1178.2724,liability
hyundai,EU27,2024,IE,S2,9,2033,11222,6733.4048,20929.7172,14196.3124,72923.7165,600.0182,1865.0612,1265.043,liability
hyundai,EU27,2024,IE,S2,10,2034,11222,5823.7107,20858.3446,15034.6339,87958.3504,518.9548,1858.7012,1339.7464,liability
hyundai,EU27,2024,IE,S2,11,2035,11222,5036.9172,20793.0812,15756.164,103714.5144,448.8431,1852.8855,1404.0424,liability
hyundai,EU27,2024,IE,S2,12,2036,11222,4356.4213,20733.4047,16376.9834,120091.4978,388.2036,1847.5677,1459.3641,liability
hyundai,EU27,2024,IE,S2,13,2037,11222,3767.8616,20678.8365,16910.9749,137002.4727,335.7567,1842.7051,1506.9484,liability
hyundai,EU27,2024,IE,S2,14,2038,11222,3258.8173,20628.9392,17370.1219,154372.5946,290.3954,1838.2587,1547.8633,liability
hyundai,EU27,2024,IE,S2,15,2039,11222,2818.5455,20583.3131,17764.7676,172137.3622,251.1625,1834.1929,1583.0304,liability
hyundai,EU27,2024,IE,S2,16,2040,11222,2437.7552,20541.5926,18103.8374,190241.1996,217.23,1830.4752,1613.2452,liability
hyundai,EU27,2024,IE,S2,17,2041,11222,2108.4104,20503.4433,18395.0329,208636.2325,187.8819,1827.0757,1639.1938,liability
hyundai,EU27,2024,IE,S2,18,2042,11222,1823.5607,20468.5596,18644.9989,227281.2314,162.4987,1823.9672,1661.4684,liability
hyundai,EU27,2024,IT,S1,0,2024,49430,78054.7231,86792.4262,8737.7031,8737.7031,1579.0962,1755.8654,176.7692,liability
hyundai,EU27,2024,IT,S1,1,2025,49430,76656.6932,86773.1134,10116.4202,18854.1233,1550.8131,1755.4747,204.6615,liability
hyundai,EU27,2024,IT,S1,2,2026,49430,75283.7026,86754.3621,11470.6595,30324.7828,1523.0367,1755.0953,232.0587,liability
hyundai,EU27,2024,IT,S1,3,2027,49430,73935.3039,86736.1559,12800.852,43125.6348,1495.7577,1754.727,258.9693,liability
hyundai,EU27,2024,IT,S1,4,2028,49430,72611.0567,86718.4788,14107.4221,57233.0569,1468.9674,1754.3694,285.402,liability
hyundai,EU27,2024,IT,S1,5,2029,49430,71310.5272,86701.3157,15390.7885,72623.8454,1442.6568,1754.0222,311.3653,liability
hyundai,EU27,2024,IT,S1,6,2030,49430,70033.2916,86684.6514,16651.3598,89275.2052,1416.8176,1753.685,336.8675,liability
hyundai,EU27,2024,IT,S1,7,2031,49430,68778.9325,86668.4716,17889.5391,107164.7443,1391.4411,1753.3577,361.9166,liability
hyundai,EU27,2024,IT,S1,8,2032,49430,67547.0398,86652.7621,19105.7223,126270.4666,1366.5191,1753.0399,386.5208,liability
hyundai,EU27,2024,IT,S1,9,2033,49430,66337.2115,86637.5093,20300.2978,146570.7644,1342.0435,1752.7313,410.6878,liability
hyundai,EU27,2024,IT,S1,10,2034,49430,65149.0526,86622.6998,21473.6472,168044.4116,1318.0063,1752.4317,434.4254,liability
hyundai,EU27,2024,IT,S1,11,2035,49430,63982.1749,86608.321,22626.1461,190670.5577,1294.3997,1752.1408,457.7412,liability
hyundai,EU27,2024,IT,S1,12,2036,49430,62836.1965,86594.3601,23758.1636,214428.7213,1271.2158,1751.8584,480.6426,liability
hyundai,EU27,2024,IT,S1,13,2037,49430,61710.7439,86580.8051,24870.0612,239298.7825,1248.4472,1751.5842,503.137,liability
hyundai,EU27,2024,IT,S1,14,2038,49430,60605.4487,86567.644,25962.1953,265260.9778,1226.0864,1751.3179,525.2315,liability
hyundai,EU27,2024,IT,S1,15,2039,49430,59519.9508,86554.8657,27034.9149,292295.8927,1204.1261,1751.0594,546.9333,liability
hyundai,EU27,2024,IT,S1,16,2040,49430,58453.8951,86542.4588,28088.5637,320384.4564,1182.5591,1750.8084,568.2493,liability
hyundai,EU27,2024,IT,S1,17,2041,49430,57406.9335,86530.4124,29123.4789,349507.9353,1161.3784,1750.5647,589.1863,liability
hyundai,EU27,2024,IT,S1,18,2042,49430,56378.7239,86518.7163,30139.9924,379647.9277,1140.5771,1750.3281,609.751,liability
hyundai,EU27,2024,IT,S2,0,2024,49430,78054.7231,86792.4262,8737.7031,8737.7031,1579.0962,1755.8654,176.7692,liability
hyundai,EU27,2024,IT,S2,1,2025,49430,67509.3986,86735.5573,19226.1587,27963.8618,1365.7576,1754.7149,388.9573,liability
hyundai,EU27,2024,IT,S2,2,2026,49430,58388.7649,86683.5561,28294.7912,56258.653,1181.2415,1753.6629,572.4214,liability
hyundai,EU27,2024,IT,S2,3,2027,49430,50500.3444,86636.0064,36135.662,92394.315,1021.6537,1752.7009,731.0472,liability
hyundai,EU27,2024,IT,S2,4,2028,49430,43677.6624,86592.5268,42914.8644,135309.1794,883.6266,1751.8213,868.1947,liability
hyundai,EU27,2024,IT,S2,5,2029,49430,37776.7368,86552.7692,48776.0324,184085.2118,764.2472,1751.017,986.7698,liability
hyundai,EU27,2024,IT,S2,6,2030,49430,32673.0359,86516.4147,53843.3788,237928.5906,660.9961,1750.2815,1089.2854,liability
hyundai,EU27,2024,IT,S2,7,2031,49430,28258.8537,86483.1723,58224.3186,296152.9092,571.6944,1749.609,1177.9146,liability
hyundai,EU27,2024,IT,S2,8,2032,49430,24441.0348,86452.7753,62011.7405,358164.6497,494.4575,1748.994,1254.5365,liability
hyundai,EU27,2024,IT,S2,9,2033,49430,21139.0101,86424.9804,65285.9703,423450.62,427.6555,1748.4317,1320.7763,liability
hyundai,EU27,2024,IT,S2,10,2034,49430,18283.0942,86399.5646,68116.4704,491567.0904,369.8785,1747.9176,1378.0391,liability
hyundai,EU27,2024,IT,S2,11,2035,49430,15813.0171,86376.3244,70563.3073,562130.3977,319.9073,1747.4474,1427.5401,liability
hyundai,EU27,2024,IT,S2,12,2036,49430,13676.6518,86355.0737,72678.4219,634808.8196,276.6873,1747.0175,1470.3302,liability
hyundai,EU27,2024,IT,S2,13,2037,49430,11828.9134,86335.642,74506.7286,709315.5482,239.3064,1746.6244,1507.318,liability
hyundai,EU27,2024,IT,S2,14,2038,49430,10230.8072,86317.8736,76087.0664,785402.6146,206.9757,1746.2649,1539.2892,liability
hyundai,EU27,2024,IT,S2,15,2039,49430,8848.608,86301.6262,77453.0182,862855.6328,179.0129,1745.9362,1566.9233,liability
hyundai,EU27,2024,IT,S2,16,2040,49430,7653.1459,86286.7696,78633.6237,941489.2565,154.828,1745.6356,1590.8077,liability
hyundai,EU27,2024,IT,S2,17,2041,49430,6619.1928,86273.1847,79653.9919,1021143.2484,133.9104,1745.3608,1611.4504,liability
hyundai,EU27,2024,IT,S2,18,2042,49430,5724.9289,86260.7627,80535.8338,1101679.0822,115.8189,1745.1095,1629.2906,liability
hyundai,EU27,2024,LT,S1,0,2024,743,1209.1305,1273.0342,63.9037,63.9037,1627.3627,1713.3704,86.0077,liability
hyundai,EU27,2024,LT,S1,1,2025,743,1170.2673,1270.5709,100.3036,164.2073,1575.0569,1710.055,134.9981,liability
hyundai,EU27,2024,LT,S1,2,2026,743,1132.6534,1268.3034,135.65,299.8573,1524.4326,1707.0032,182.5707,liability
hyundai,EU27,2024,LT,S1,3,2027,743,1096.2483,1266.2162,169.9679,469.8252,1475.4351,1704.1941,228.759,liability
hyundai,EU27,2024,LT,S1,4,2028,743,1061.0133,1264.2949,203.2816,673.1068,1428.0125,1701.6082,273.5957,liability
hyundai,EU27,2024,LT,S1,5,2029,743,1026.9111,1262.5262,235.6151,908.7219,1382.1145,1699.2277,317.1132,liability
hyundai,EU27,2024,LT,S1,6,2030,743,993.9047,1260.8984,266.9937,1175.7156,1337.6914,1697.0369,359.3455,liability
hyundai,EU27,2024,LT,S1,7,2031,743,961.9595,1259.3997,297.4402,1473.1558,1294.6965,1695.0198,400.3233,liability
hyundai,EU27,2024,LT,S1,8,2032,743,931.0407,1258.0202,326.9795,1800.1353,1253.083,1693.1631,440.0801,liability
hyundai,EU27,2024,LT,S1,9,2033,743,901.1158,1256.7503,355.6345,2155.7698,1212.8073,1691.454,478.6467,liability
hyundai,EU27,2024,LT,S1,10,2034,743,872.1528,1255.5812,383.4284,2539.1982,1173.8261,1689.8805,516.0544,liability
hyundai,EU27,2024,LT,S1,11,2035,743,844.1207,1254.5054,410.3847,2949.5829,1136.0978,1688.4326,552.3347,liability
hyundai,EU27,2024,LT,S1,12,2036,743,816.9897,1253.5148,436.5251,3386.108,1099.5824,1687.0993,587.517,liability
hyundai,EU27,2024,LT,S1,13,2037,743,790.7299,1252.6032,461.8733,3847.9813,1064.2394,1685.8724,621.633,liability
hyundai,EU27,2024,LT,S1,14,2038,743,765.3151,1251.7639,486.4488,4334.4301,1030.0338,1684.7428,654.709,liability
hyundai,EU27,2024,LT,S1,15,2039,743,740.717,1250.9912,510.2742,4844.7043,996.9273,1683.7028,686.7755,liability
hyundai,EU27,2024,LT,S1,16,2040,743,716.9094,1250.28,533.3706,5378.0749,964.8848,1682.7456,717.8608,liability
hyundai,EU27,2024,LT,S1,17,2041,743,693.8669,1249.6255,555.7586,5933.8335,933.872,1681.8647,747.9927,liability
hyundai,EU27,2024,LT,S1,18,2042,743,671.5652,1249.0229,577.4577,6511.2912,903.8563,1681.0537,777.1974,liability
hyundai,EU27,2024,LT,S1,19,2043,743,649.98,1248.4683,598.4883,7109.7795,874.8048,1680.3073,805.5024,liability
hyundai,EU27,2024,LT,S1,20,2044,743,629.0891,1247.9576,618.8685,7728.648,846.6879,1679.6199,832.932,liability
hyundai,EU27,2024,LT,S1,21,2045,743,608.869,1247.4877,638.6187,8367.2667,819.4738,1678.9875,859.5137,liability
hyundai,EU27,2024,LT,S1,22,2046,743,589.2992,1247.0549,657.7557,9025.0224,793.1349,1678.405,885.2701,liability
hyundai,EU27,2024,LT,S2,0,2024,743,1209.1305,1273.0342,63.9037,63.9037,1627.3627,1713.3704,86.0077,liability
hyundai,EU27,2024,LT,S2,1,2025,743,1045.7745,1270.3814,224.6069,288.5106,1407.5027,1709.8,302.2973,liability
hyundai,EU27,2024,LT,S2,2,2026,743,904.4886,1267.9558,363.4672,651.9778,1217.3467,1706.5354,489.1887,liability
hyundai,EU27,2024,LT,S2,3,2027,743,782.2909,1265.7378,483.4469,1135.4247,1052.8814,1703.5502,650.6688,liability
hyundai,EU27,2024,LT,S2,4,2028,743,676.602,1263.7096,587.1076,1722.5323,910.6353,1700.8205,790.1852,liability
hyundai,EU27,2024,LT,S2,5,2029,743,585.1919,1261.855,676.6631,2399.1954,787.6069,1698.3244,910.7175,liability
hyundai,EU27,2024,LT,S2,6,2030,743,506.1316,1260.1593,754.0277,3153.2231,681.2,1696.0421,1014.8421,liability
hyundai,EU27,2024,LT,S2,7,2031,743,437.7525,1258.6086,820.8561,3974.0792,589.1689,1693.955,1104.7861,liability
hyundai,EU27,2024,LT,S2,8,2032,743,378.6113,1257.1907,878.5794,4852.6586,509.5711,1692.0467,1182.4756,liability
hyundai,EU27,2024,LT,S2,9,2033,743,327.4603,1255.8942,928.4339,5781.0925,440.7272,1690.3017,1249.5746,liability
hyundai,EU27,2024,LT,S2,10,2034,743,283.2199,1254.7086,971.4887,6752.5812,381.1843,1688.7061,1307.5218,liability
hyundai,EU27,2024,LT,S2,11,2035,743,244.9563,1253.6247,1008.6684,7761.2496,329.6855,1687.2472,1357.5618,liability
hyundai,EU27,2024,LT,S2,12,2036,743,211.862,1252.6332,1040.7712,8802.0208,285.144,1685.9128,1400.7688,liability
hyundai,EU27,2024,LT,S2,13,2037,743,183.2393,1251.7268,1068.4875,9870.5083,246.6209,1684.6929,1438.072,liability
hyundai,EU27,2024,LT,S2,14,2038,743,158.4833,1250.898,1092.4147,10962.923,213.3019,1683.5774,1470.2755,liability
hyundai,EU27,2024,LT,S2,15,2039,743,137.0722,1250.1401,1113.0679,12075.9909,184.4848,1682.5573,1498.0725,liability
hyundai,EU27,2024,LT,S2,16,2040,743,118.5536,1249.4472,1130.8936,13206.8845,159.5607,1681.6248,1522.0641,liability
hyundai,EU27,2024,LT,S2,17,2041,743,102.5364,1248.8135,1146.2771,14353.1616,138.0032,1680.7719,1542.7686,liability
hyundai,EU27,2024,LT,S2,18,2042,743,88.6838,1248.2341,1159.5503,15512.7119,119.3591,1679.9921,1560.633,liability
hyundai,EU27,2024,LT,S2,19,2043,743,76.7023,1247.7042,1171.0019,16683.7138,103.2332,1679.2789,1576.0456,liability
hyundai,EU27,2024,LT,S2,20,2044,743,66.34,1247.2197,1180.8797,17864.5935,89.2867,1678.6268,1589.3401,liability
hyundai,EU27,2024,LT,S2,21,2045,743,57.3773,1246.7766,1189.3993,19053.9928,77.2238,1678.0304,1600.8066,liability
hyundai,EU27,2024,LT,S2,22,2046,743,49.6254,1246.3715,1196.7461,20250.7389,66.7906,1677.4852,1610.6946,liability
hyundai,EU27,2024,LV,S1,0,2024,668,1292.3553,1163.5794,-128.7759,-128.7759,1934.6636,1741.8853,-192.7783,contribution
hyundai,EU27,2024,LV,S1,1,2025,668,1250.757,1161.982,-88.775,-217.5509,1872.3907,1739.494,-132.8967,contribution
hyundai,EU27,2024,LV,S1,2,2026,668,1210.4977,1160.4769,-50.0208,-267.5717,1812.1223,1737.2409,-74.8814,contribution
hyundai,EU27,2024,LV,S1,3,2027,668,1171.5339,1159.0583,-12.4756,-280.0473,1753.7933,1735.1172,-18.676,contribution
hyundai,EU27,2024,LV,S1,4,2028,668,1133.8247,1157.7216,23.8969,-256.1504,1697.3424,1733.1162,35.7738,liability
hyundai,EU27,2024,LV,S1,5,2029,668,1097.329,1156.4619,59.1329,-197.0175,1642.7081,1731.2304,88.5223,liability
hyundai,EU27,2024,LV,S1,6,2030,668,1062.0081,1155.2749,93.2668,-103.7507,1589.8325,1729.4534,139.621,liability
hyundai,EU27,2024,LV,S1,7,2031,668,1027.824,1154.1561,126.3321,22.5814,1538.6587,1727.7786,189.1199,liability
hyundai,EU27,2024,LV,S1,8,2032,668,994.7406,1153.1019,158.3613,180.9427,1489.1326,1726.2004,237.0678,liability
hyundai,EU27,2024,LV,S1,9,2033,668,962.7217,1152.1085,189.3868,370.3295,1441.2001,1724.7133,283.5132,liability
hyundai,EU27,2024,LV,S1,10,2034,668,931.7337,1151.1724,219.4387,589.7682,1394.8109,1723.312,328.501,liability
hyundai,EU27,2024,LV,S1,11,2035,668,901.7431,1150.2901,248.547,838.3152,1349.9148,1721.9912,372.0763,liability
hyundai,EU27,2024,LV,S1,12,2036,668,872.7177,1149.4588,276.7411,1115.0563,1306.4636,1720.7467,414.2831,liability
hyundai,EU27,2024,LV,S1,13,2037,668,844.6265,1148.6754,304.0489,1419.1052,1264.4109,1719.574,455.163,liability
hyundai,EU27,2024,LV,S1,14,2038,668,817.4397,1147.9371,330.4974,1749.6026,1223.7121,1718.4687,494.7566,liability
hyundai,EU27,2024,LV,S1,15,2039,668,791.1282,1147.2413,356.1131,2105.7157,1184.3237,1717.4271,533.1034,liability
hyundai,EU27,2024,LV,S1,16,2040,668,765.663,1146.5856,380.9226,2486.6383,1146.2021,1716.4455,570.2434,liability
hyundai,EU27,2024,LV,S1,17,2041,668,741.018,1145.9678,404.9498,2891.5881,1109.3084,1715.5207,606.2123,liability
hyundai,EU27,2024,LV,S1,18,2042,668,717.1658,1145.3856,428.2198,3319.8079,1073.6015,1714.6491,641.0476,liability
hyundai,EU27,2024,LV,S1,19,2043,668,694.0819,1144.8369,450.755,3770.5629,1039.0448,1713.8277,674.7829,liability
hyundai,EU27,2024,LV,S1,20,2044,668,671.7408,1144.3199,472.5791,4243.142,1005.6,1713.0537,707.4537,liability
hyundai,EU27,2024,LV,S1,21,2045,668,650.1186,1143.8327,493.7141,4736.8561,973.2314,1712.3244,739.093,liability
hyundai,EU27,2024,LV,S1,22,2046,668,629.1927,1143.3736,514.1809,5251.037,941.9052,1711.6371,769.7319,liability
hyundai,EU27,2024,LV,S2,0,2024,668,1292.3553,1163.5794,-128.7759,-128.7759,1934.6636,1741.8853,-192.7783,contribution
hyundai,EU27,2024,LV,S2,1,2025,668,1117.7558,1161.207,43.4512,-85.3247,1673.2871,1738.3338,65.0467,liability
hyundai,EU27,2024,LV,S2,2,2026,668,966.7454,1159.0379,192.2925,106.9678,1447.2237,1735.0867,287.863,liability
hyundai,EU27,2024,LV,S2,3,2027,668,836.1362,1157.0545,320.9183,427.8861,1251.7009,1732.1175,480.4166,liability
hyundai,EU27,2024,LV,S2,4,2028,668,723.173,1155.2408,432.0678,859.9539,1082.5943,1729.4024,646.8081,liability
hyundai,EU27,2024,LV,S2,5,2029,668,625.4709,1153.5823,528.1114,1388.0653,936.3337,1726.9196,790.5859,liability
hyundai,EU27,2024,LV,S2,6,2030,668,540.9687,1152.0659,611.0972,1999.1625,809.8334,1724.6496,914.8162,liability
hyundai,EU27,2024,LV,S2,7,2031,668,467.8831,1150.6792,682.7961,2681.9586,700.4238,1722.5737,1022.1499,liability
hyundai,EU27,2024,LV,S2,8,2032,668,404.671,1149.4112,744.7402,3426.6988,605.7949,1720.6754,1114.8805,liability
hyundai,EU27,2024,LV,S2,9,2033,668,349.9996,1148.2518,798.2522,4224.951,523.9515,1718.9398,1194.9883,liability
hyundai,EU27,2024,LV,S2,10,2034,668,302.714,1147.1916,844.4776,5069.4286,453.1647,1717.3527,1264.188,liability
hyundai,EU27,2024,LV,S2,11,2035,668,261.817,1146.2221,884.4051,5953.8337,391.9416,1715.9013,1323.9597,liability
hyundai,EU27,2024,LV,S2,12,2036,668,226.4449,1145.3357,918.8908,6872.7245,338.9894,1714.5744,1375.585,liability
hyundai,EU27,2024,LV,S2,13,2037,668,195.8517,1144.5251,948.6734,7821.3979,293.1912,1713.3609,1420.1698,liability
hyundai,EU27,2024,LV,S2,14,2038,668,169.3922,1143.784,974.3918,8795.7897,253.5811,1712.2515,1458.6704,liability
hyundai,EU27,2024,LV,S2,15,2039,668,146.5067,1143.1063,996.5996,9792.3893,219.3214,1711.237,1491.9156,liability
hyundai,EU27,2024,LV,S2,16,2040,668,126.7135,1142.4866,1015.7731,10808.1624,189.6909,1710.3093,1520.6184,liability
hyundai,EU27,2024,LV,S2,17,2041,668,109.5943,1141.9199,1032.3256,11840.488,164.0633,1709.4609,1545.3976,liability
hyundai,EU27,2024,LV,S2,18,2042,668,94.7882,1141.4018,1046.6136,12887.1016,141.8985,1708.6853,1566.7868,liability
hyundai,EU27,2024,LV,S2,19,2043,668,81.982,1140.928,1058.946,13946.0476,122.7275,1707.976,1585.2485,liability
hyundai,EU27,2024,LV,S2,20,2044,668,70.9061,1140.4946,1069.5885,15015.6361,106.1469,1707.3272,1601.1804,liability
hyundai,EU27,2024,LV,S2,21,2045,668,61.3265,1140.0984,1078.7719,16094.408,91.8061,1706.7341,1614.928,liability
hyundai,EU27,2024,LV,S2,22,2046,668,53.041,1139.7361,1086.6951,17181.1031,79.4027,1706.1918,1626.7891,liability
hyundai,EU27,2024,MT,S1,0,2024,750,986.0084,718.9932,-267.0152,-267.0152,1314.6779,958.6576,-356.0203,contribution
hyundai,EU27,2024,MT,S1,1,2025,750,984.4289,718.0659,-266.363,-533.3782,1312.5719,957.4212,-355.1507,contribution
hyundai,EU27,2024,MT,S1,2,2026,750,982.8514,717.1557,-265.6957,-799.0739,1310.4685,956.2076,-354.2609,contribution
hyundai,EU27,2024,MT,S1,3,2027,750,981.2769,716.2628,-265.0141,-1064.088,1308.3692,955.0171,-353.3521,contribution
hyundai,EU27,2024,MT,S1,4,2028,750,979.7048,715.3865,-264.3183,-1328.4063,1306.2731,953.8487,-352.4244,contribution
hyundai,EU27,2024,MT,S1,5,2029,750,978.135,714.5266,-263.6084,-1592.0147,1304.18,952.7021,-351.4779,contribution
hyundai,EU27,2024,MT,S1,6,2030,750,976.5681,713.6829,-262.8852,-1854.8999,1302.0908,951.5772,-350.5136,contribution
hyundai,EU27,2024,MT,S1,7,2031,750,975.0034,712.8548,-262.1486,-2117.0485,1300.0045,950.4731,-349.5315,contribution
hyundai,EU27,2024,MT,S1,8,2032,750,973.4414,712.0424,-261.399,-2378.4475,1297.9219,949.3899,-348.532,contribution
hyundai,EU27,2024,MT,S1,9,2033,750,971.8817,711.2453,-260.6364,-2639.0839,1295.8423,948.3271,-347.5152,contribution
hyundai,EU27,2024,MT,S1,10,2034,750,970.3246,710.463,-259.8616,-2898.9455,1293.7661,947.284,-346.4821,contribution
hyundai,EU27,2024,MT,S1,11,2035,750,968.77,709.6953,-259.0747,-3158.0202,1291.6933,946.2604,-345.4329,contribution
hyundai,EU27,2024,MT,S1,12,2036,750,967.2178,708.942,-258.2758,-3416.296,1289.6237,945.256,-344.3677,contribution
hyundai,EU27,2024,MT,S1,13,2037,750,965.6683,708.2029,-257.4654,-3673.7614,1287.5577,944.2705,-343.2872,contribution
hyundai,EU27,2024,MT,S1,14,2038,750,964.1213,707.4776,-256.6437,-3930.4051,1285.4951,943.3035,-342.1916,contribution
hyundai,EU27,2024,MT,S1,15,2039,750,962.5763,706.766,-255.8103,-4186.2154,1283.4351,942.3547,-341.0804,contribution
hyundai,EU27,2024,MT,S1,16,2040,750,961.0343,706.0677,-254.9666,-4441.182,1281.3791,941.4236,-339.9555,contribution
hyundai,EU27,2024,MT,S1,17,2041,750,959.4947,705.3825,-254.1122,-4695.2942,1279.3263,940.51,-338.8163,contribution
hyundai,EU27,2024,MT,S1,18,2042,750,957.9575,704.71,-253.2475,-4948.5417,1277.2767,939.6133,-337.6633,contribution
hyundai,EU27,2024,MT,S1,19,2043,750,956.4227,704.0501,-252.3726,-5200.9143,1275.2303,938.7335,-336.4968,contribution
hyundai,EU27,2024,MT,S1,20,2044,750,954.8901,703.4026,-251.4875,-5452.4018,1273.1868,937.8701,-335.3167,contribution
hyundai,EU27,2024,MT,S1,21,2045,750,953.3605,702.7673,-250.5932,-5702.995,1271.1473,937.0231,-334.1243,contribution
hyundai,EU27,2024,MT,S2,0,2024,750,986.0084,718.9932,-267.0152,-267.0152,1314.6779,958.6576,-356.0203,contribution
hyundai,EU27,2024,MT,S2,1,2025,750,852.7971,714.7558,-138.0413,-405.0565,1137.0628,953.0077,-184.0551,contribution
hyundai,EU27,2024,MT,S2,2,2026,750,737.5826,710.8809,-26.7017,-431.7582,983.4435,947.8412,-35.6023,contribution
hyundai,EU27,2024,MT,S2,3,2027,750,637.9341,707.3378,69.4037,-362.3545,850.5788,943.1171,92.5383,liability
hyundai,EU27,2024,MT,S2,4,2028,750,551.7483,704.0981,152.3498,-210.0047,735.6644,938.7975,203.1331,liability
hyundai,EU27,2024,MT,S2,5,2029,750,477.206,701.1354,223.9294,13.9247,636.2747,934.8472,298.5725,liability
hyundai,EU27,2024,MT,S2,6,2030,750,412.7347,698.4266,285.6919,299.6166,550.3129,931.2355,380.9225,liability
hyundai,EU27,2024,MT,S2,7,2031,750,356.9737,695.9497,338.976,638.5926,475.9649,927.9329,451.968,liability
hyundai,EU27,2024,MT,S2,8,2032,750,308.7457,693.6845,384.9388,1023.5314,411.6609,924.9127,513.2517,liability
hyundai,EU27,2024,MT,S2,9,2033,750,267.0336,691.6135,424.5799,1448.1113,356.0448,922.1513,566.1065,liability
hyundai,EU27,2024,MT,S2,10,2034,750,230.9569,689.7196,458.7627,1906.874,307.9425,919.6261,611.6836,liability
hyundai,EU27,2024,MT,S2,11,2035,750,199.7543,687.9879,488.2336,2395.1076,266.3391,917.3172,650.9781,liability
hyundai,EU27,2024,MT,S2,12,2036,750,172.7671,686.4045,513.6374,2908.745,230.3561,915.206,684.8499,liability
hyundai,EU27,2024,MT,S2,13,2037,750,149.426,684.9565,535.5305,3444.2755,199.2347,913.2753,714.0407,liability
hyundai,EU27,2024,MT,S2,14,2038,750,129.2383,683.6326,554.3943,3998.6698,172.3177,911.5101,739.1924,liability
hyundai,EU27,2024,MT,S2,15,2039,750,111.7779,682.4219,570.644,4569.3138,149.0372,909.8959,760.8587,liability
hyundai,EU27,2024,MT,S2,16,2040,750,96.6763,681.3148,584.6385,5153.9523,128.9017,908.4197,779.518,liability
hyundai,EU27,2024,MT,S2,17,2041,750,83.6153,680.3025,596.6872,5750.6395,111.4871,907.07,795.5829,liability
hyundai,EU27,2024,MT,S2,18,2042,750,72.3189,679.377,607.0581,6357.6976,96.4252,905.836,809.4108,liability
hyundai,EU27,2024,MT,S2,19,2043,750,62.5487,678.5306,615.9819,6973.6795,83.3983,904.7075,821.3092,liability
hyundai,EU27,2024,MT,S2,20,2044,750,54.0981,677.7567,623.6586,7597.3381,72.1308,903.6756,831.5448,liability
hyundai,EU27,2024,MT,S2,21,2045,750,46.7892,677.0489,630.2597,8227.5978,62.3856,902.7319,840.3463,liability
hyundai,EU27,2024,NL,S1,0,2024,20579,31372.4043,29676.8717,-1695.5326,-1695.5326,1524.4863,1442.0949,-82.3914,contribution
hyundai,EU27,2024,NL,S1,1,2025,20579,30227.1204,29374.7341,-852.3863,-2547.9189,1468.8333,1427.4131,-41.4202,contribution
hyundai,EU27,2024,NL,S1,2,2026,20579,29123.6464,29098.7048,-24.9416,-2572.8605,1415.2119,1413.9999,-1.212,contribution
hyundai,EU27,2024,NL,S1,3,2027,20579,28060.4556,28846.5275,786.0719,-1786.7886,1363.5481,1401.7458,38.1978,liability
hyundai,EU27,2024,NL,S1,4,2028,20579,27036.0784,28616.141,1580.0626,-206.726,1313.7703,1390.5506,76.7803,liability
hyundai,EU27,2024,NL,S1,5,2029,20579,26049.0966,28405.6627,2356.5661,2149.8401,1265.8096,1380.3228,114.5131,liability
hyundai,EU27,2024,NL,S1,6,2030,20579,25098.1459,28213.3722,3115.2263,5265.0664,1219.5999,1370.9788,151.3789,liability
hyundai,EU27,2024,NL,S1,7,2031,20579,24181.9105,28037.6977,3855.7872,9120.8536,1175.077,1362.4422,187.3651,liability
hyundai,EU27,2024,NL,S1,8,2032,20579,23299.1236,27877.2036,4578.08,13698.9336,1132.1796,1354.6433,222.4637,liability
hyundai,EU27,2024,NL,S1,9,2033,20579,22448.5634,27730.578,5282.0146,18980.9482,1090.8481,1347.5182,256.6701,liability
hyundai,EU27,2024,NL,S1,10,2034,20579,21629.0542,27596.6225,5967.5683,24948.5165,1051.0255,1341.0089,289.9834,liability
hyundai,EU27,2024,NL,S1,11,2035,20579,20839.4622,27474.2423,6634.7801,31583.2966,1012.6567,1335.0621,322.4054,liability
hyundai,EU27,2024,NL,S1,12,2036,20579,20078.6947,27362.4372,7283.7425,38867.0391,975.6886,1329.6291,353.9405,liability
hyundai,EU27,2024,NL,S1,13,2037,20579,19345.6998,27260.2933,7914.5935,46781.6326,940.07,1324.6656,384.5956,liability
hyundai,EU27,2024,NL,S1,14,2038,20579,18639.464,27166.9756,8527.5116,55309.1442,905.7517,1320.131,414.3793,liability
hyundai,EU27,2024,NL,S1,15,2039,20579,17959.0099,27081.7219,9122.712,64431.8562,872.6862,1315.9882,443.302,liability
hyundai,EU27,2024,NL,S2,0,2024,20579,31372.4043,29676.8717,-1695.5326,-1695.5326,1524.4863,1442.0949,-82.3914,contribution
hyundai,EU27,2024,NL,S2,1,2025,20579,27133.9394,29377.5718,2243.6324,548.0998,1318.5257,1427.551,109.0253,liability
hyundai,EU27,2024,NL,S2,2,2026,20579,23468.0986,29103.8918,5635.7932,6183.893,1140.3906,1414.252,273.8614,liability
hyundai,EU27,2024,NL,S2,3,2027,20579,20297.5191,28853.6391,8556.12,14740.013,986.3219,1402.0914,415.7695,liability
hyundai,EU27,2024,NL,S2,4,2028,20579,17555.2898,28624.8078,11069.518,25809.531,853.0682,1390.9718,537.9036,liability
hyundai,EU27,2024,NL,S2,5,2029,20579,15183.5406,28415.5643,13232.0237,39041.5547,737.8172,1380.8039,642.9867,liability
hyundai,EU27,2024,NL,S2,6,2030,20579,13132.2188,28224.2324,15092.0136,54133.5683,638.1369,1371.5065,733.3696,liability
hyundai,EU27,2024,NL,S2,7,2031,20579,11358.0339,28049.2782,16691.2443,70824.8126,551.9235,1363.0049,811.0814,liability
hyundai,EU27,2024,NL,S2,8,2032,20579,9823.5443,27889.3001,18065.7558,88890.5684,477.3577,1355.2311,877.8734,liability
hyundai,EU27,2024,NL,S2,9,2033,20579,8496.3671,27743.016,19246.6489,108137.2173,412.8659,1348.1226,935.2568,liability
hyundai,EU27,2024,NL,S2,10,2034,20579,7348.4933,27609.2539,20260.7606,128397.9779,357.087,1341.6227,984.5357,liability
hyundai,EU27,2024,NL,S2,11,2035,20579,6355.6996,27486.942,21131.2424,149529.2203,308.8439,1335.6792,1026.8352,liability
hyundai,EU27,2024,NL,S2,12,2036,20579,5497.0337,27375.0997,21878.066,171407.2863,267.1186,1330.2444,1063.1258,liability
hyundai,EU27,2024,NL,S2,13,2037,20579,4754.3753,27272.8311,22518.4558,193925.7421,231.0304,1325.2748,1094.2444,liability
hyundai,EU27,2024,NL,S2,14,2038,20579,4112.0514,27179.3169,23067.2655,216993.0076,199.8178,1320.7307,1120.9128,liability
hyundai,EU27,2024,NL,S2,15,2039,20579,3556.5059,27093.8074,23537.3015,240530.3091,172.8221,1316.5755,1143.7534,liability
hyundai,EU27,2024,PL,S1,0,2024,30949,47592.3134,60180.4651,12588.1517,12588.1517,1537.7658,1944.5043,406.7386,liability
hyundai,EU27,2024,PL,S1,1,2025,30949,48019.8452,60155.6755,12135.8303,24723.982,1551.5799,1943.7034,392.1235,liability
hyundai,EU27,2024,PL,S1,2,2026,30949,48451.2176,60131.6689,11680.4513,36404.4333,1565.518,1942.9277,377.4097,liability
hyundai,EU27,2024,PL,S1,3,2027,30949,48886.4657,60108.4202,11221.9545,47626.3878,1579.5814,1942.1765,362.5951,liability
hyundai,EU27,2024,PL,S1,4,2028,30949,49325.6234,60085.9056,10760.2822,58386.67,1593.7712,1941.449,347.6779,liability
hyundai,EU27,2024,PL,S1,5,2029,30949,49768.7262,60064.1021,10295.3759,68682.0459,1608.0883,1940.7445,332.6562,liability
hyundai,EU27,2024,PL,S1,6,2030,30949,50215.8094,60042.987,9827.1776,78509.2235,1622.5341,1940.0623,317.5281,liability
hyundai,EU27,2024,PL,S1,7,2031,30949,50666.9088,60022.5387,9355.6299,87864.8534,1637.1097,1939.4016,302.2918,liability
hyundai,EU27,2024,PL,S1,8,2032,30949,51122.0609,60002.736,8880.6751,96745.5285,1651.8162,1938.7617,286.9455,liability
hyundai,EU27,2024,PL,S1,9,2033,30949,51581.3016,59983.5587,8402.2571,105147.7856,1666.6549,1938.1421,271.4872,liability
hyundai,EU27,2024,PL,S1,10,2034,30949,52044.6677,59964.987,7920.3193,113068.1049,1681.6268,1937.542,255.9152,liability
hyundai,EU27,2024,PL,S1,11,2035,30949,52512.1962,59947.0017,7434.8055,120502.9104,1696.7332,1936.9609,240.2276,liability
hyundai,EU27,2024,PL,S1,12,2036,30949,52983.9243,59929.5843,6945.66,127448.5704,1711.9753,1936.3981,224.4228,liability
hyundai,EU27,2024,PL,S1,13,2037,30949,53459.8906,59912.717,6452.8264,133901.3968,1727.3544,1935.8531,208.4987,liability
hyundai,EU27,2024,PL,S1,14,2038,30949,53940.1323,59896.3823,5956.25,139857.6468,1742.8716,1935.3253,192.4537,liability
hyundai,EU27,2024,PL,S1,15,2039,30949,54424.6881,59880.5634,5455.8753,145313.5221,1758.5282,1934.8142,176.286,liability
hyundai,EU27,2024,PL,S1,16,2040,30949,54913.5972,59865.2438,4951.6466,150265.1687,1774.3254,1934.3192,159.9938,liability
hyundai,EU27,2024,PL,S1,17,2041,30949,55406.8976,59850.4082,4443.5106,154708.6793,1790.2646,1933.8398,143.5753,liability
hyundai,EU27,2024,PL,S1,18,2042,30949,55904.63,59836.0409,3931.4109,158640.0902,1806.3469,1933.3756,127.0287,liability
hyundai,EU27,2024,PL,S1,19,2043,30949,56406.8336,59822.1274,3415.2938,162055.384,1822.5737,1932.926,110.3523,liability
hyundai,EU27,2024,PL,S1,20,2044,30949,56913.5481,59808.6532,2895.1051,164950.4891,1838.9463,1932.4907,93.5444,liability
hyundai,EU27,2024,PL,S1,21,2045,30949,57424.8151,59795.6045,2370.7894,167321.2785,1855.4659,1932.069,76.6031,liability
hyundai,EU27,2024,PL,S1,22,2046,30949,57940.6747,59782.9678,1842.2931,169163.5716,1872.134,1931.6607,59.5267,liability
hyundai,EU27,2024,PL,S1,23,2047,30949,58461.1682,59770.7302,1309.562,170473.1336,1888.9518,1931.2653,42.3135,liability
hyundai,EU27,2024,PL,S2,0,2024,30949,47592.3134,60180.4651,12588.1517,12588.1517,1537.7658,1944.5043,406.7386,liability
hyundai,EU27,2024,PL,S2,1,2025,30949,41162.5116,60113.2655,18950.7539,31538.9056,1330.011,1942.333,612.322,liability
hyundai,EU27,2024,PL,S2,2,2026,30949,35601.3866,60051.8181,24450.4315,55989.3371,1150.3243,1940.3476,790.0233,liability
hyundai,EU27,2024,PL,S2,3,2027,30949,30791.5794,59995.6308,29204.0514,85193.3885,994.9135,1938.5321,943.6186,liability
hyundai,EU27,2024,PL,S2,4,2028,30949,26631.5849,59944.253,33312.6681,118506.0566,860.499,1936.872,1076.373,liability
hyundai,EU27,2024,PL,S2,5,2029,30949,23033.6131,59897.273,36863.6599,155369.7165,744.2442,1935.3541,1191.1099,liability
hyundai,EU27,2024,PL,S2,6,2030,30949,19921.7332,59854.3147,39932.5815,195302.298,643.6955,1933.966,1290.2705,liability
hyundai,EU27,2024,PL,S2,7,2031,30949,17230.2732,59815.0334,42584.7602,237887.0582,556.7312,1932.6968,1375.9656,liability
hyundai,EU27,2024,PL,S2,8,2032,30949,14902.4344,59779.1148,44876.6804,282763.7386,481.5159,1931.5362,1450.0204,liability
hyundai,EU27,2024,PL,S2,9,2033,30949,12889.0904,59746.2708,46857.1804,329620.919,416.4623,1930.475,1514.0127,liability
hyundai,EU27,2024,PL,S2,10,2034,30949,11147.7528,59716.2381,48568.4853,378189.4043,360.1975,1929.5046,1569.3071,liability
hyundai,EU27,2024,PL,S2,11,2035,30949,9641.6722,59688.7763,50047.1041,428236.5084,311.5342,1928.6173,1617.0831,liability
hyundai,EU27,2024,PL,S2,12,2036,30949,8339.0663,59663.6652,51324.5989,479561.1073,269.4454,1927.8059,1658.3605,liability
hyundai,EU27,2024,PL,S2,13,2037,30949,7212.4442,59640.7036,52428.2594,531989.3667,233.0429,1927.064,1694.0211,liability
hyundai,EU27,2024,PL,S2,14,2038,30949,6238.0308,59619.7074,53381.6766,585371.0433,201.5584,1926.3856,1724.8272,liability
hyundai,EU27,2024,PL,S2,15,2039,30949,5395.2622,59600.5086,54205.2464,639576.2897,174.3275,1925.7652,1751.4377,liability
hyundai,EU27,2024,PL,S2,16,2040,30949,4666.3536,59582.9533,54916.5997,694492.8894,150.7756,1925.198,1774.4224,liability
hyundai,EU27,2024,PL,S2,17,2041,30949,4035.9211,59566.9006,55530.9795,750023.8689,130.4055,1924.6793,1794.2738,liability
hyundai,EU27,2024,PL,S2,18,2042,30949,3490.6615,59552.222,56061.5605,806085.4294,112.7875,1924.205,1811.4175,liability
hyundai,EU27,2024,PL,S2,19,2043,30949,3019.067,59538.8,56519.733,862605.1624,97.5497,1923.7714,1826.2216,liability
hyundai,EU27,2024,PL,S2,20,2044,30949,2611.1863,59526.5269,56915.3406,919520.503,84.3706,1923.3748,1839.0042,liability
hyundai,EU27,2024,PL,S2,21,2045,30949,2258.4105,59515.3044,57256.8939,976777.3969,72.972,1923.0122,1850.0402,liability
hyundai,EU27,2024,PL,S2,22,2046,30949,1953.2954,59505.0424,57551.747,1034329.1439,63.1134,1922.6806,1859.5673,liability
hyundai,EU27,2024,PL,S2,23,2047,30949,1689.4019,59495.6588,57806.2569,1092135.4008,54.5866,1922.3774,1867.7908,liability
hyundai,EU27,2024,PT,S1,0,2024,7190,11877.4066,11539.0035,-338.4031,-338.4031,1651.9342,1604.8684,-47.0658,contribution
hyundai,EU27,2024,PT,S1,1,2025,7190,11634.7511,11507.6578,-127.0933,-465.4964,1618.1851,1600.5087,-17.6764,contribution
hyundai,EU27,2024,PT,S1,2,2026,7190,11397.054,11480.288,83.234,-382.2624,1585.1257,1596.7021,11.5764,liability
hyundai,EU27,2024,PT,S1,3,2027,7190,11164.2124,11456.3895,292.1771,-90.0853,1552.7416,1593.3782,40.6366,liability
hyundai,EU27,2024,PT,S1,4,2028,7190,10936.128,11435.5223,499.3943,409.309,1521.0192,1590.476,69.4568,liability
hyundai,EU27,2024,PT,S1,5,2029,7190,10712.7029,11417.3017,704.5988,1113.9078,1489.9448,1587.9418,97.9971,liability
hyundai,EU27,2024,PT,S1,6,2030,7190,10493.8428,11401.3923,907.5495,2021.4573,1459.5053,1585.7291,126.2239,liability
hyundai,EU27,2024,PT,S1,7,2031,7190,10279.4537,11387.5006,1108.0469,3129.5042,1429.6876,1583.797,154.1094,liability
hyundai,EU27,2024,PT,S1,8,2032,7190,10069.4449,11375.3709,1305.926,4435.4302,1400.4791,1582.11,181.6309,liability
hyundai,EU27,2024,PT,S1,9,2033,7190,9863.7265,11364.7797,1501.0532,5936.4834,1371.8674,1580.637,208.7696,liability
hyundai,EU27,2024,PT,S1,10,2034,7190,9662.2107,11355.5319,1693.3212,7629.8046,1343.8402,1579.3508,235.5106,liability
hyundai,EU27,2024,PT,S1,11,2035,7190,9464.8123,11347.457,1882.6447,9512.4493,1316.3856,1578.2277,261.8421,liability
hyundai,EU27,2024,PT,S1,12,2036,7190,9271.4462,11340.4063,2068.9601,11581.4094,1289.4918,1577.2471,287.7552,liability
hyundai,EU27,2024,PT,S1,13,2037,7190,9082.0309,11334.2498,2252.2189,13833.6283,1263.1476,1576.3908,313.2432,liability
hyundai,EU27,2024,PT,S1,14,2038,7190,8896.4851,11328.8744,2432.3893,16266.0176,1237.3415,1575.6432,338.3017,liability
hyundai,EU27,2024,PT,S1,15,2039,7190,8714.7303,11324.1805,2609.4502,18875.4678,1212.0626,1574.9903,362.9277,liability
hyundai,EU27,2024,PT,S1,16,2040,7190,8536.6886,11320.082,2783.3934,21658.8612,1187.3002,1574.4203,387.1201,liability
hyundai,EU27,2024,PT,S1,17,2041,7190,8362.2845,11316.5035,2954.219,24613.0802,1163.0437,1573.9226,410.8789,liability
hyundai,EU27,2024,PT,S1,18,2042,7190,8191.4431,11313.3787,3121.9356,27735.0158,1139.2828,1573.488,434.2052,liability
hyundai,EU27,2024,PT,S1,19,2043,7190,8024.092,11310.6503,3286.5583,31021.5741,1116.0072,1573.1085,457.1013,liability
hyundai,EU27,2024,PT,S1,20,2044,7190,7860.16,11308.2681,3448.1081,34469.6822,1093.2072,1572.7772,479.57,liability
hyundai,EU27,2024,PT,S2,0,2024,7190,11877.4066,11539.0035,-338.4031,-338.4031,1651.9342,1604.8684,-47.0658,contribution
hyundai,EU27,2024,PT,S2,1,2025,7190,10272.7488,11517.8487,1245.0999,906.6968,1428.755,1601.9261,173.1711,liability
hyundai,EU27,2024,PT,S2,2,2026,7190,8884.8832,11498.5047,2613.6215,3520.3183,1235.7278,1599.2357,363.5079,liability
hyundai,EU27,2024,PT,S2,3,2027,7190,7684.5204,11480.8167,3796.2963,7316.6146,1068.7789,1596.7756,527.9967,liability
hyundai,EU27,2024,PT,S2,4,2028,7190,6646.3285,11464.6425,4818.314,12134.9286,924.385,1594.5261,670.141,liability
hyundai,EU27,2024,PT,S2,5,2029,7190,5748.3987,11449.853,5701.4543,17836.3829,799.4991,1592.4691,792.97,liability
hyundai,EU27,2024,PT,S2,6,2030,7190,4971.78,11436.3294,6464.5494,24300.9323,691.4854,1590.5882,899.1028,liability
hyundai,EU27,2024,PT,S2,7,2031,7190,4300.0845,11423.9636,7123.8791,31424.8114,598.0646,1588.8684,990.8038,liability
hyundai,EU27,2024,PT,S2,8,2032,7190,3719.1356,11412.6562,7693.5206,39118.332,517.265,1587.2957,1070.0307,liability
hyundai,EU27,2024,PT,S2,9,2033,7190,3216.6744,11402.3168,8185.6424,47303.9744,447.3817,1585.8577,1138.476,liability
hyundai,EU27,2024,PT,S2,10,2034,7190,2782.0959,11392.8622,8610.7663,55914.7407,386.9396,1584.5427,1197.6031,liability
hyundai,EU27,2024,PT,S2,11,2035,7190,2406.2303,11384.2172,8977.9869,64892.7276,334.6635,1583.3404,1248.6769,liability
hyundai,EU27,2024,PT,S2,12,2036,7190,2081.1442,11376.312,9295.1678,74187.8954,289.4498,1582.2409,1292.7911,liability
hyundai,EU27,2024,PT,S2,13,2037,7190,1799.9785,11369.0836,9569.1051,83757.0005,250.3447,1581.2355,1330.8908,liability
hyundai,EU27,2024,PT,S2,14,2038,7190,1556.7981,11362.4739,9805.6758,93562.6763,216.5227,1580.3163,1363.7936,liability
hyundai,EU27,2024,PT,S2,15,2039,7190,1346.4721,11356.4301,10009.958,103572.6343,187.2701,1579.4757,1392.2056,liability
hyundai,EU27,2024,PT,S2,16,2040,7190,1164.5616,11350.9035,10186.3419,113758.9762,161.9696,1578.707,1416.7374,liability
hyundai,EU27,2024,PT,S2,17,2041,7190,1007.2274,11345.85,10338.6226,124097.5988,140.0873,1578.0042,1437.9169,liability
hyundai,EU27,2024,PT,S2,18,2042,7190,871.1491,11341.2291,10470.08,134567.6788,121.1612,1577.3615,1456.2003,liability
hyundai,EU27,2024,PT,S2,19,2043,7190,753.4554,11337.0038,10583.5484,145151.2272,104.7921,1576.7738,1471.9817,liability
hyundai,EU27,2024,PT,S2,20,2044,7190,651.6623,11333.1401,10681.4778,155832.705,90.6345,1576.2365,1485.6019,liability
hyundai,EU27,2024,RO,S1,0,2024,10261,14029.9677,18563.6187,4533.651,4533.651,1367.31,1809.1432,441.8333,liability
hyundai,EU27,2024,RO,S1,1,2025,10261,13951.2573,18536.1477,4584.8904,9118.5414,1359.6391,1806.466,446.8269,liability
hyundai,EU27,2024,RO,S1,2,2026,10261,13872.9881,18509.9135,4636.9254,13755.4668,1352.0113,1803.9093,451.898,liability
hyundai,EU27,2024,RO,S1,3,2027,10261,13795.1584,18484.8605,4689.7021,18445.1689,1344.4263,1801.4677,457.0414,liability
hyundai,EU27,2024,RO,S1,4,2028,10261,13717.7651,18460.9354,4743.1703,23188.3392,1336.8838,1799.1361,462.2522,liability
hyundai,EU27,2024,RO,S1,5,2029,10261,13640.8059,18438.0873,4797.2814,27985.6206,1329.3837,1796.9094,467.5257,liability
hyundai,EU27,2024,RO,S1,6,2030,10261,13564.2782,18416.2678,4851.9896,32837.6102,1321.9256,1794.7829,472.8574,liability
hyundai,EU27,2024,RO,S1,7,2031,10261,13488.1804,18395.4308,4907.2504,37744.8606,1314.5093,1792.7522,478.2429,liability
hyundai,EU27,2024,RO,S1,8,2032,10261,13412.5094,18375.5318,4963.0224,42707.883,1307.1347,1790.813,483.6782,liability
hyundai,EU27,2024,RO,S1,9,2033,10261,13337.2626,18356.5286,5019.266,47727.149,1299.8014,1788.961,489.1595,liability
hyundai,EU27,2024,RO,S1,10,2034,10261,13262.4384,18338.3811,5075.9427,52803.0917,1292.5093,1787.1924,494.683,liability
hyundai,EU27,2024,RO,S1,11,2035,10261,13188.0337,18321.0504,5133.0167,57936.1084,1285.2581,1785.5034,500.2453,liability
hyundai,EU27,2024,RO,S1,12,2036,10261,13114.0462,18304.5001,5190.4539,63126.5623,1278.0476,1783.8905,505.8429,liability
hyundai,EU27,2024,RO,S1,13,2037,10261,13040.4745,18288.6947,5248.2202,68374.7825,1270.8775,1782.3501,511.4726,liability
hyundai,EU27,2024,RO,S1,14,2038,10261,12967.3149,18273.6011,5306.2862,73681.0687,1263.7477,1780.8792,517.1315,liability
hyundai,EU27,2024,RO,S1,15,2039,10261,12894.5661,18259.187,5364.6209,79045.6896,1256.6578,1779.4744,522.8166,liability
hyundai,EU27,2024,RO,S1,16,2040,10261,12822.225,18245.4218,5423.1968,84468.8864,1249.6077,1778.1329,528.5252,liability
hyundai,EU27,2024,RO,S1,17,2041,10261,12750.29,18232.2762,5481.9862,89950.8726,1242.5972,1776.8518,534.2546,liability
hyundai,EU27,2024,RO,S1,18,2042,10261,12678.7586,18219.7226,5540.964,95491.8366,1235.626,1775.6284,540.0023,liability
hyundai,EU27,2024,RO,S1,19,2043,10261,12607.6288,18207.7341,5600.1053,101091.9419,1228.694,1774.46,545.766,liability
hyundai,EU27,2024,RO,S1,20,2044,10261,12536.8975,18196.2852,5659.3877,106751.3296,1221.8008,1773.3442,551.5435,liability
hyundai,EU27,2024,RO,S1,21,2045,10261,12466.5633,18185.3519,5718.7886,112470.1182,1214.9462,1772.2787,557.3325,liability
hyundai,EU27,2024,RO,S1,22,2046,10261,12396.6235,18174.9108,5778.2873,118248.4055,1208.1302,1771.2612,563.131,liability
hyundai,EU27,2024,RO,S1,23,2047,10261,12327.0763,18164.9398,5837.8635,124086.269,1201.3523,1770.2894,568.9371,liability
hyundai,EU27,2024,RO,S1,24,2048,10261,12257.9192,18155.4176,5897.4984,129983.7674,1194.6125,1769.3614,574.7489,liability
hyundai,EU27,2024,RO,S2,0,2024,10261,14029.9677,18563.6187,4533.651,4533.651,1367.31,1809.1432,441.8333,liability
hyundai,EU27,2024,RO,S2,1,2025,10261,12134.4957,18511.387,6376.8913,10910.5423,1182.5841,1804.0529,621.4688,liability
hyundai,EU27,2024,RO,S2,2,2026,10261,10495.1047,18463.6263,7968.5216,18879.0639,1022.815,1799.3983,776.5833,liability
hyundai,EU27,2024,RO,S2,3,2027,10261,9077.1983,18419.9538,9342.7555,28221.8194,884.631,1795.1422,910.5112,liability
hyundai,EU27,2024,RO,S2,4,2028,10261,7850.8535,18380.0198,10529.1663,38750.9857,765.1158,1791.2503,1026.1345,liability
hyundai,EU27,2024,RO,S2,5,2029,10261,6790.1898,18343.5041,11553.3143,50304.3,661.7474,1787.6917,1125.9443,liability
hyundai,EU27,2024,RO,S2,6,2030,10261,5872.8238,18310.1141,12437.2903,62741.5903,572.3442,1784.4376,1212.0934,liability
hyundai,EU27,2024,RO,S2,7,2031,10261,5079.3955,18279.5822,13200.1867,75941.777,495.0195,1781.4621,1286.4425,liability
hyundai,EU27,2024,RO,S2,8,2032,10261,4393.1606,18251.664,13858.5034,89800.2804,428.1416,1778.7413,1350.5997,liability
hyundai,EU27,2024,RO,S2,9,2033,10261,3799.6372,18226.1356,14426.4984,104226.7788,370.2989,1776.2533,1405.9544,liability
hyundai,EU27,2024,RO,S2,10,2034,10261,3286.2998,18202.7924,14916.4926,119143.2714,320.2709,1773.9784,1453.7075,liability
hyundai,EU27,2024,RO,S2,11,2035,10261,2842.3152,18181.4473,15339.1321,134482.4035,277.0018,1771.8982,1494.8964,liability
hyundai,EU27,2024,RO,S2,12,2036,10261,2458.3138,18161.9294,15703.6156,150186.0191,239.5784,1769.996,1530.4177,liability
hyundai,EU27,2024,RO,S2,13,2037,10261,2126.1912,18144.0822,16017.891,166203.9101,207.2109,1768.2567,1561.0458,liability
hyundai,EU27,2024,RO,S2,14,2038,10261,1838.9392,18127.7627,16288.8235,182492.7336,179.2164,1766.6663,1587.4499,liability
hyundai,EU27,2024,RO,S2,15,2039,10261,1590.4953,18112.8401,16522.3448,199015.0784,155.0039,1765.212,1610.208,liability
hyundai,EU27,2024,RO,S2,16,2040,10261,1375.6171,18099.195,16723.5779,215738.6563,134.0627,1763.8822,1629.8195,liability
hyundai,EU27,2024,RO,S2,17,2041,10261,1189.7689,18086.7178,16896.9489,232635.6052,115.9506,1762.6662,1646.7156,liability
hyundai,EU27,2024,RO,S2,18,2042,10261,1029.0292,18075.3088,17046.2796,249681.8848,100.2855,1761.5543,1661.2688,liability
hyundai,EU27,2024,RO,S2,19,2043,10261,890.0053,18064.8763,17174.871,266856.7558,86.7367,1760.5376,1673.8009,liability
hyundai,EU27,2024,RO,S2,20,2044,10261,769.7642,18055.3369,17285.5727,284142.3285,75.0184,1759.6079,1684.5895,liability
hyundai,EU27,2024,RO,S2,21,2045,10261,665.7678,18046.6138,17380.846,301523.1745,64.8833,1758.7578,1693.8745,liability
hyundai,EU27,2024,RO,S2,22,2046,10261,575.8215,18038.6378,17462.8163,318985.9908,56.1175,1757.9805,1701.863,liability
hyundai,EU27,2024,RO,S2,23,2047,10261,498.0269,18031.3443,17533.3174,336519.3082,48.5359,1757.2697,1708.7338,liability
hyundai,EU27,2024,RO,S2,24,2048,10261,430.7428,18024.6751,17593.9323,354113.2405,41.9786,1756.6197,1714.6411,liability
hyundai,EU27,2024,SE,S1,0,2024,2057,4018.0998,2846.5171,-1171.5827,-1171.5827,1953.3786,1383.8197,-569.5589,contribution
hyundai,EU27,2024,SE,S1,1,2025,2057,3866.8959,2845.5309,-1021.365,-2192.9477,1879.8716,1383.3403,-496.5314,contribution
hyundai,EU27,2024,SE,S1,2,2026,2057,3721.3816,2844.5606,-876.821,-3069.7687,1809.1306,1382.8685,-426.262,contribution
hyundai,EU27,2024,SE,S1,3,2027,2057,3581.3433,2843.6057,-737.7376,-3807.5063,1741.0517,1382.4043,-358.6474,contribution
hyundai,EU27,2024,SE,S1,4,2028,2057,3446.5749,2842.6661,-603.9088,-4411.4151,1675.5347,1381.9475,-293.5872,contribution
hyundai,EU27,2024,SE,S1,5,2029,2057,3316.8774,2841.7417,-475.1357,-4886.5508,1612.4829,1381.4982,-230.9848,contribution
hyundai,EU27,2024,SE,S1,6,2030,2057,3192.0609,2840.8322,-351.2287,-5237.7795,1551.804,1381.056,-170.748,contribution
hyundai,EU27,2024,SE,S1,7,2031,2057,3071.9413,2839.9371,-232.0042,-5469.7837,1493.4085,1380.6209,-112.7877,contribution
hyundai,EU27,2024,SE,S1,8,2032,2057,2956.3419,2839.0563,-117.2856,-5587.0693,1437.2105,1380.1927,-57.0178,contribution
hyundai,EU27,2024,SE,S1,9,2033,2057,2845.0925,2838.1899,-6.9026,-5593.9719,1383.1271,1379.7715,-3.3557,contribution
hyundai,EU27,2024,SE,S1,10,2034,2057,2738.0296,2837.3372,99.3076,-5494.6643,1331.079,1379.3569,48.2779,liability
hyundai,EU27,2024,SE,S1,11,2035,2057,2634.9954,2836.4981,201.5027,-5293.1616,1280.9895,1378.949,97.9595,liability
hyundai,EU27,2024,SE,S1,12,2036,2057,2535.8388,2835.6725,299.8337,-4993.3279,1232.785,1378.5476,145.7626,liability
hyundai,EU27,2024,SE,S1,13,2037,2057,2440.4133,2834.8603,394.447,-4598.8809,1186.3944,1378.1528,191.7584,liability
hyundai,EU27,2024,SE,S1,14,2038,2057,2348.5786,2834.061,485.4824,-4113.3985,1141.7494,1377.7642,236.0148,liability
hyundai,EU27,2024,SE,S1,15,2039,2057,2260.1999,2833.2745,573.0746,-3540.3239,1098.7846,1377.3819,278.5973,liability
hyundai,EU27,2024,SE,S2,0,2024,2057,4018.0998,2846.5171,-1171.5827,-1171.5827,1953.3786,1383.8197,-569.5589,contribution
hyundai,EU27,2024,SE,S2,1,2025,2057,3475.2476,2841.2512,-633.9964,-1805.5791,1689.4738,1381.2597,-308.2141,contribution
hyundai,EU27,2024,SE,S2,2,2026,2057,3005.7358,2836.4363,-169.2995,-1974.8786,1461.223,1378.919,-82.3041,contribution
hyundai,EU27,2024,SE,S2,3,2027,2057,2599.6561,2832.0333,232.3772,-1742.5014,1263.8095,1376.7785,112.969,liability
hyundai,EU27,2024,SE,S2,4,2028,2057,2248.4381,2828.0074,579.5693,-1162.9321,1093.0667,1374.8213,281.7546,liability
hyundai,EU27,2024,SE,S2,5,2029,2057,1944.6703,2824.3261,879.6558,-283.2763,945.3915,1373.0316,427.6402,liability
hyundai,EU27,2024,SE,S2,6,2030,2057,1681.9419,2820.9597,1139.0178,855.7415,817.6674,1371.3951,553.7277,liability
hyundai,EU27,2024,SE,S2,7,2031,2057,1454.7088,2817.8817,1363.1729,2218.9144,707.1992,1369.8987,662.6995,liability
hyundai,EU27,2024,SE,S2,8,2032,2057,1258.1753,2815.0669,1556.8916,3775.806,611.6555,1368.5303,756.8749,liability
hyundai,EU27,2024,SE,S2,9,2033,2057,1088.1936,2812.4934,1724.2998,5500.1058,529.0197,1367.2792,838.2595,liability
hyundai,EU27,2024,SE,S2,10,2034,2057,941.1767,2810.1399,1868.9632,7369.069,457.5482,1366.1351,908.5869,liability
hyundai,EU27,2024,SE,S2,11,2035,2057,814.0222,2807.988,1993.9658,9363.0348,395.7327,1365.089,969.3562,liability
hyundai,EU27,2024,SE,S2,12,2036,2057,704.0463,2806.0203,2101.974,11465.0088,342.2685,1364.1324,1021.8639,liability
hyundai,EU27,2024,SE,S2,13,2037,2057,608.9286,2804.221,2195.2924,13660.3012,296.0275,1363.2577,1067.2301,liability
hyundai,EU27,2024,SE,S2,14,2038,2057,526.6614,2802.5757,2275.9143,15936.2155,256.0337,1362.4578,1106.4241,liability
hyundai,EU27,2024,SE,S2,15,2039,2057,455.5085,2801.0712,2345.5627,18281.7782,221.4431,1361.7264,1140.2833,liability
hyundai,EU27,2024,SI,S1,0,2024,2771,8086.6148,5910.4775,-2176.1373,-2176.1373,2918.302,2132.9764,-785.3256,contribution
hyundai,EU27,2024,SI,S1,1,2025,2771,7990.4817,5902.8221,-2087.6596,-4263.7969,2883.6094,2130.2137,-753.3957,contribution
hyundai,EU27,2024,SI,S1,2,2026,2771,7895.4913,5895.488,-2000.0033,-6263.8002,2849.3292,2127.5669,-721.7623,contribution
hyundai,EU27,2024,SI,S1,3,2027,2771,7801.6304,5888.4611,-1913.1693,-8176.9695,2815.4567,2125.0311,-690.4256,contribution
hyundai,EU27,2024,SI,S1,4,2028,2771,7708.8849,5881.729,-1827.1559,-10004.1254,2781.9866,2122.6016,-659.385,contribution
hyundai,EU27,2024,SI,S1,5,2029,2771,7617.2417,5875.2794,-1741.9623,-11746.0877,2748.9144,2120.2741,-628.6403,contribution
hyundai,EU27,2024,SI,S1,6,2030,2771,7526.6888,5869.1001,-1657.5887,-13403.6764,2716.2356,2118.0441,-598.1915,contribution
hyundai,EU27,2024,SI,S1,7,2031,2771,7437.2116,5863.1799,-1574.0317,-14977.7081,2683.945,2115.9076,-568.0374,contribution
hyundai,EU27,2024,SI,S1,8,2032,2771,7348.7984,5857.5081,-1491.2903,-16468.9984,2652.0384,2113.8607,-538.1777,contribution
hyundai,EU27,2024,SI,S1,9,2033,2771,7261.4363,5852.074,-1409.3623,-17878.3607,2620.5111,2111.8997,-508.6114,contribution
hyundai,EU27,2024,SI,S1,10,2034,2771,7175.1131,5846.8679,-1328.2452,-19206.6059,2589.3588,2110.0209,-479.3379,contribution
hyundai,EU27,2024,SI,S1,11,2035,2771,7089.8156,5841.8801,-1247.9355,-20454.5414,2558.5765,2108.2209,-450.3556,contribution
hyundai,EU27,2024,SI,S1,12,2036,2771,7005.5326,5837.1012,-1168.4314,-21622.9728,2528.1604,2106.4963,-421.6642,contribution
hyundai,EU27,2024,SI,S1,13,2037,2771,6922.251,5832.5231,-1089.7279,-22712.7007,2498.1057,2104.8441,-393.2616,contribution
hyundai,EU27,2024,SI,S1,14,2038,2771,6839.9597,5828.1366,-1011.8231,-23724.5238,2468.4084,2103.2611,-365.1473,contribution
hyundai,EU27,2024,SI,S1,15,2039,2771,6758.6465,5823.9343,-934.7122,-24659.236,2439.0641,2101.7446,-337.3195,contribution
hyundai,EU27,2024,SI,S1,16,2040,2771,6678.3002,5819.9082,-858.392,-25517.628,2410.0686,2100.2917,-309.777,contribution
hyundai,EU27,2024,SI,S1,17,2041,2771,6598.9086,5816.0509,-782.8577,-26300.4857,2381.4178,2098.8996,-282.5181,contribution
hyundai,EU27,2024,SI,S2,0,2024,2771,8086.6148,5910.4775,-2176.1373,-2176.1373,2918.302,2132.9764,-785.3256,contribution
hyundai,EU27,2024,SI,S2,1,2025,2771,6994.0997,5894.8508,-1099.2489,-3275.3862,2524.0345,2127.337,-396.6975,contribution
hyundai,EU27,2024,SI,S2,2,2026,2771,6049.1848,5880.5618,-168.623,-3444.0092,2183.0331,2122.1804,-60.8528,contribution
hyundai,EU27,2024,SI,S2,3,2027,2771,5231.9298,5867.496,635.5662,-2808.443,1888.1017,2117.4652,229.3635,liability
hyundai,EU27,2024,SI,S2,4,2028,2771,4525.0871,5855.5487,1330.4616,-1477.9814,1633.0159,2113.1536,480.1377,liability
hyundai,EU27,2024,SI,S2,5,2029,2771,3913.7406,5844.6238,1930.8832,452.9018,1412.3929,2109.211,696.8182,liability
hyundai,EU27,2024,SI,S2,6,2030,2771,3384.9876,5834.6343,2449.6467,2902.5485,1221.5762,2105.606,884.0298,liability
hyundai,EU27,2024,SI,S2,7,2031,2771,2927.6698,5825.5,2897.8302,5800.3787,1056.5391,2102.3096,1045.7706,liability
hyundai,EU27,2024,SI,S2,8,2032,2771,2532.137,5817.1476,3285.0106,9085.3893,913.799,2099.2954,1185.4964,liability
hyundai,EU27,2024,SI,S2,9,2033,2771,2190.0409,5809.5099,3619.469,12704.8583,790.3432,2096.5391,1306.196,liability
hyundai,EU27,2024,SI,S2,10,2034,2771,1894.1628,5802.5263,3908.3635,16613.2218,683.5665,2094.0189,1410.4524,liability
hyundai,EU27,2024,SI,S2,11,2035,2771,1638.2578,5796.1402,4157.8824,20771.1042,591.2154,2091.7143,1500.4989,liability
hyundai,EU27,2024,SI,S2,12,2036,2771,1416.9266,5790.301,4373.3744,25144.4786,511.3412,2089.607,1578.2658,liability
hyundai,EU27,2024,SI,S2,13,2037,2771,1225.4974,5784.9614,4559.464,29703.9426,442.2582,2087.68,1645.4219,liability
hyundai,EU27,2024,SI,S2,14,2038,2771,1059.9308,5780.0791,4720.1483,34424.0909,382.5084,2085.9181,1703.4097,liability
hyundai,EU27,2024,SI,S2,15,2039,2771,916.7322,5775.6143,4858.8821,39282.973,330.8308,2084.3069,1753.476,liability
hyundai,EU27,2024,SI,S2,16,2040,2771,792.8803,5771.5323,4978.652,44261.625,286.1351,2082.8337,1796.6987,liability
hyundai,EU27,2024,SI,S2,17,2041,2771,685.7609,5767.7992,5082.0383,49343.6633,247.4778,2081.4865,1834.0088,liability
hyundai,EU27,2024,SK,S1,0,2024,8174,14150.7195,15598.3662,1447.6467,1447.6467,1731.1866,1908.2905,177.1038,liability
hyundai,EU27,2024,SK,S1,1,2025,8174,13899.3653,15595.7949,1696.4296,3144.0763,1700.4362,1907.9759,207.5397,liability
hyundai,EU27,2024,SK,S1,2,2026,8174,13652.4754,15593.3885,1940.9131,5084.9894,1670.2319,1907.6815,237.4496,liability
hyundai,EU27,2024,SK,S1,3,2027,8174,13409.9712,15591.137,2181.1658,7266.1552,1640.5641,1907.406,266.8419,liability
hyundai,EU27,2024,SK,S1,4,2028,8174,13171.7746,15589.0298,2417.2552,9683.4104,1611.4234,1907.1483,295.7249,liability
hyundai,EU27,2024,SK,S1,5,2029,8174,12937.8088,15587.0576,2649.2488,12332.6592,1582.8002,1906.907,324.1068,liability
hyundai,EU27,2024,SK,S1,6,2030,8174,12707.9991,15585.2123,2877.2132,15209.8724,1554.6855,1906.6812,351.9957,liability
hyundai,EU27,2024,SK,S1,7,2031,8174,12482.2712,15583.4855,3101.2143,18311.0867,1527.0701,1906.47,379.3998,liability
hyundai,EU27,2024,SK,S1,8,2032,8174,12260.5528,15581.8696,3321.3168,21632.4035,1499.9453,1906.2723,406.327,liability
hyundai,EU27,2024,SK,S1,9,2033,8174,12042.7727,15580.3574,3537.5847,25169.9882,1473.3023,1906.0873,432.785,liability
hyundai,EU27,2024,SK,S1,10,2034,8174,11828.861,15578.942,3750.081,28920.0692,1447.1325,1905.9141,458.7816,liability
hyundai,EU27,2024,SK,S1,11,2035,8174,11618.7493,15577.618,3958.8687,32878.9379,1421.4276,1905.7521,484.3245,liability
hyundai,EU27,2024,SK,S1,12,2036,8174,11412.3694,15576.3786,4164.0092,37042.9471,1396.1793,1905.6005,509.4212,liability
hyundai,EU27,2024,SK,S1,13,2037,8174,11209.6555,15575.219,4365.5635,41408.5106,1371.3794,1905.4586,534.0792,liability
hyundai,EU27,2024,SK,S1,14,2038,8174,11010.5422,15574.1338,4563.5916,45972.1022,1347.0201,1905.3259,558.3058,liability
hyundai,EU27,2024,SK,S1,15,2039,8174,10814.9658,15573.1182,4758.1524,50730.2546,1323.0934,1905.2016,582.1082,liability
hyundai,EU27,2024,SK,S1,16,2040,8174,10622.8632,15572.1678,4949.3046,55679.5592,1299.5918,1905.0854,605.4936,liability
hyundai,EU27,2024,SK,S1,17,2041,8174,10434.1729,15571.2784,5137.1055,60816.6647,1276.5076,1904.9766,628.469,liability
hyundai,EU27,2024,SK,S1,18,2042,8174,10248.8345,15570.4464,5321.6119,66138.2766,1253.8334,1904.8748,651.0413,liability
hyundai,EU27,2024,SK,S2,0,2024,8174,14150.7195,15598.3662,1447.6467,1447.6467,1731.1866,1908.2905,177.1038,liability
hyundai,EU27,2024,SK,S2,1,2025,8174,12238.9331,15594.9379,3356.0048,4803.6515,1497.3004,1907.871,410.5707,liability
hyundai,EU27,2024,SK,S2,2,2026,8174,10585.4327,15591.8031,5006.3704,9810.0219,1295.0126,1907.4875,612.475,liability
hyundai,EU27,2024,SK,S2,3,2027,8174,9155.3231,15588.9366,6433.6135,16243.6354,1120.0542,1907.1368,787.0826,liability
hyundai,EU27,2024,SK,S2,4,2028,8174,7918.4237,15586.3155,7667.8918,23911.5272,968.733,1906.8162,938.0832,liability
hyundai,EU27,2024,SK,S2,5,2029,8174,6848.631,15583.9188,8735.2878,32646.815,837.8555,1906.523,1068.6675,liability
hyundai,EU27,2024,SK,S2,6,2030,8174,5923.3696,15581.7272,9658.3576,42305.1726,724.6598,1906.2549,1181.595,liability
hyundai,EU27,2024,SK,S2,7,2031,8174,5123.1125,15579.7231,10456.6106,52761.7832,626.7571,1906.0097,1279.2526,liability
hyundai,EU27,2024,SK,S2,8,2032,8174,4430.971,15577.8908,11146.9198,63908.703,542.0811,1905.7855,1363.7044,liability
hyundai,EU27,2024,SK,S2,9,2033,8174,3832.3395,15576.2152,11743.8757,75652.5787,468.8451,1905.5805,1436.7355,liability
hyundai,EU27,2024,SK,S2,10,2034,8174,3314.5838,15574.6829,12260.0991,87912.6778,405.5033,1905.3931,1499.8898,liability
hyundai,EU27,2024,SK,S2,11,2035,8174,2866.778,15573.282,12706.504,100619.1818,350.7191,1905.2217,1554.5026,liability
hyundai,EU27,2024,SK,S2,12,2036,8174,2479.4716,15572.0009,13092.5293,113711.7111,303.3364,1905.0649,1601.7286,liability
hyundai,EU27,2024,SK,S2,13,2037,8174,2144.4906,15570.8295,13426.3389,127138.05,262.3551,1904.9216,1642.5665,liability
hyundai,EU27,2024,SK,S2,14,2038,8174,1854.7664,15569.7584,13714.992,140853.042,226.9105,1904.7906,1677.8801,liability
hyundai,EU27,2024,SK,S2,15,2039,8174,1604.1844,15568.7789,13964.5945,154817.6365,196.2545,1904.6708,1708.4163,liability
hyundai,EU27,2024,SK,S2,16,2040,8174,1387.4562,15567.8833,14180.4271,168998.0636,169.7402,1904.5612,1734.821,liability
hyundai,EU27,2024,SK,S2,17,2041,8174,1200.0086,15567.0644,14367.0558,183365.1194,146.808,1904.461,1757.653,liability
hyundai,EU27,2024,SK,S2,18,2042,8174,1037.8857,15566.3153,14528.4296,197893.549,126.974,1904.3694,1777.3954,liability
hyundai,KR,2024,KR,S1,0,2024,529428,1844482.5511,1455831.0627,-388651.4884,-388651.4884,3483.9158,2749.8188,-734.097,contribution
hyundai,KR,2024,KR,S1,1,2025,529428,1848227.0647,1455026.158,-393200.9067,-781852.3951,3490.9885,2748.2985,-742.69,contribution
hyundai,KR,2024,KR,S1,2,2026,529428,1851979.1802,1454238.7953,-397740.3849,-1179592.78,3498.0756,2746.8113,-751.2644,contribution
hyundai,KR,2024,KR,S1,3,2027,529428,1855738.9126,1453468.5925,-402270.3201,-1581863.1001,3505.1771,2745.3565,-759.8206,contribution
hyundai,KR,2024,KR,S1,4,2028,529428,1859506.2781,1452715.1756,-406791.1025,-1988654.2026,3512.293,2743.9334,-768.3596,contribution
hyundai,KR,2024,KR,S1,5,2029,529428,1863281.2913,1451978.1786,-411303.1127,-2399957.3153,3519.4234,2742.5413,-776.8821,contribution
hyundai,KR,2024,KR,S1,6,2030,529428,1867063.9683,1451257.2434,-415806.7249,-2815764.0402,3526.5682,2741.1796,-785.3886,contribution
hyundai,KR,2024,KR,S1,7,2031,529428,1870854.325,1450552.0207,-420302.3043,-3236066.3445,3533.7276,2739.8476,-793.88,contribution
hyundai,KR,2024,KR,S1,8,2032,529428,1874652.3761,1449862.1674,-424790.2087,-3660856.5532,3540.9015,2738.5446,-802.3569,contribution
hyundai,KR,2024,KR,S1,9,2033,529428,1878458.1381,1449187.3489,-429270.7892,-4090127.3424,3548.0899,2737.2699,-810.82,contribution
hyundai,KR,2024,KR,S1,10,2034,529428,1882271.6259,1448527.2375,-433744.3884,-4523871.7308,3555.2929,2736.0231,-819.2698,contribution
hyundai,KR,2024,KR,S1,11,2035,111373,846624.947,597697.6636,-248927.2834,-4772799.0142,7601.7073,5366.6298,-2235.0775,contribution
hyundai,KR,2024,KR,S1,12,2036,111373,848343.6939,597697.6636,-250646.0303,-5023445.0445,7617.1396,5366.6298,-2250.5098,contribution
hyundai,KR,2024,KR,S2,0,2024,529428,1844482.5511,1455831.0627,-388651.4884,-388651.4884,3483.9158,2749.8188,-734.097,contribution
hyundai,KR,2024,KR,S2,1,2025,529428,1650473.6054,1452984.3175,-197489.2879,-586140.7763,3117.4657,2744.4418,-373.0239,contribution
hyundai,KR,2024,KR,S2,2,2026,529428,1476871.1798,1450356.9991,-26514.1807,-612654.957,2789.56,2739.4792,-50.0808,contribution
hyundai,KR,2024,KR,S2,3,2027,529428,1321528.8474,1447932.1946,126403.3472,-486251.6098,2496.1446,2734.8992,238.7546,liability
hyundai,KR,2024,KR,S2,4,2028,529428,1182525.9508,1445694.2937,263168.3429,-223083.2669,2233.5916,2730.6721,497.0805,liability
hyundai,KR,2024,KR,S2,5,2029,529428,1058143.8503,1443628.8902,385485.0399,162401.773,1998.6549,2726.7709,728.1161,liability
hyundai,KR,2024,KR,S2,6,2030,529428,946844.6821,1441722.688,494878.0059,657279.7789,1788.4296,2723.1705,934.7409,liability
hyundai,KR,2024,KR,S2,7,2031,529428,847252.3393,1439963.4156,592711.0763,1249990.8552,1600.3165,2719.8475,1119.531,liability
hyundai,KR,2024,KR,S2,8,2032,529428,758135.4578,1438339.748,680204.2902,1930195.1454,1431.9897,2716.7807,1284.7909,liability
hyundai,KR,2024,KR,S2,9,2033,529428,678392.1928,1436841.2326,758449.0398,2688644.1852,1281.3682,2713.9502,1432.582,liability
hyundai,KR,2024,KR,S2,10,2034,529428,607036.5952,1435458.2226,828421.6274,3517065.8126,1146.5895,2711.3379,1564.7484,liability
hyundai,KR,2024,KR,S2,11,2035,111373,243824.2501,597697.6636,353873.4135,3870939.2261,2189.2582,5366.6298,3177.3717,liability
hyundai,KR,2024,KR,S2,12,2036,111373,218177.9864,597697.6636,379519.6772,4250458.9033,1958.9846,5366.6298,3407.6453,liability
hyundai,KR,2025,KR,S1,0,2025,551295,1816484.7497,1439414.311,-377070.4387,-377070.4387,3294.9415,2610.9693,-683.9722,contribution
hyundai,KR,2025,KR,S1,1,2026,551295,1820172.4245,1438187.1601,-381985.2644,-759055.7031,3301.6306,2608.7433,-692.8872,contribution
hyundai,KR,2025,KR,S1,2,2027,551295,1823867.5859,1436986.7535,-386880.8324,-1145936.5355,3308.3333,2606.5659,-701.7674,contribution
hyundai,KR,2025,KR,S1,3,2028,551295,1827570.2483,1435812.5088,-391757.7395,-1537694.275,3315.0496,2604.4359,-710.6136,contribution
hyundai,KR,2025,KR,S1,4,2029,551295,1831280.4278,1434663.8556,-396616.5722,-1934310.8472,3321.7795,2602.3524,-719.4271,contribution
hyundai,KR,2025,KR,S1,5,2030,551295,1834998.1397,1433540.236,-401457.9037,-2335768.7509,3328.5231,2600.3142,-728.2089,contribution
hyundai,KR,2025,KR,S1,6,2031,551295,1838723.3984,1432441.1046,-406282.2938,-2742051.0447,3335.2804,2598.3205,-736.9599,contribution
hyundai,KR,2025,KR,S1,7,2032,551295,1842456.2205,1431365.928,-411090.2925,-3153141.3372,3342.0514,2596.3702,-745.6812,contribution
hyundai,KR,2025,KR,S1,8,2033,551295,1846196.6204,1430314.1837,-415882.4367,-3569023.7739,3348.8361,2594.4625,-754.3737,contribution
hyundai,KR,2025,KR,S1,9,2034,551295,1849944.614,1429285.3607,-420659.2533,-3989683.0272,3355.6347,2592.5963,-763.0384,contribution
hyundai,KR,2025,KR,S1,10,2035,551295,1853700.2159,1428278.9604,-425421.2555,-4415104.2827,3362.447,2590.7707,-771.6762,contribution
hyundai,KR,2025,KR,S1,11,2036,95147,723279.6444,510618.7281,-212660.9163,-4627765.199,7601.7073,5366.6298,-2235.0775,contribution
hyundai,KR,2025,KR,S1,12,2037,95147,724747.986,510618.7281,-214129.2579,-4841894.4569,7617.1396,5366.6298,-2250.5098,contribution
hyundai,KR,2025,KR,S2,0,2025,551295,1816484.7497,1439414.311,-377070.4387,-377070.4387,3294.9415,2610.9693,-683.9722,contribution
hyundai,KR,2025,KR,S2,1,2026,551295,1625420.7079,1435074.1872,-190346.5207,-567416.9594,2948.3683,2603.0967,-345.2716,contribution
hyundai,KR,2025,KR,S2,2,2027,551295,1454453.4311,1431068.6,-23384.8311,-590801.7905,2638.2489,2595.8309,-42.418,contribution
hyundai,KR,2025,KR,S2,3,2028,551295,1301469.0738,1427371.7631,125902.6893,-464899.1012,2360.7489,2589.1252,228.3763,liability
hyundai,KR,2025,KR,S2,4,2029,551295,1164576.1323,1423959.8784,259383.7461,-205515.3551,2112.4373,2582.9363,470.499,liability
hyundai,KR,2025,KR,S2,5,2030,551295,1042082.0547,1420810.9815,378728.9268,173213.5717,1890.244,2577.2245,686.9805,liability
hyundai,KR,2025,KR,S2,6,2031,551295,932472.3212,1417904.8015,485432.4803,658646.052,1691.4217,2571.9529,880.5313,liability
hyundai,KR,2025,KR,S2,7,2032,551295,834391.712,1415222.63,580830.918,1239476.97,1513.5122,2567.0877,1053.5755,liability
hyundai,KR,2025,KR,S2,8,2033,551295,746627.555,1412747.1998,666119.6448,1905596.6148,1354.3158,2562.5975,1208.2817,liability
hyundai,KR,2025,KR,S2,9,2034,551295,668094.7303,1410462.576,742367.8457,2647964.4605,1211.8643,2558.4534,1346.5891,liability
hyundai,KR,2025,KR,S2,10,2035,551295,597822.2549,1408354.0506,810531.7957,3458496.2562,1084.3963,2554.6287,1470.2324,liability
hyundai,KR,2025,KR,S2,11,2036,95147,208301.347,510618.7281,302317.3811,3760813.6373,2189.2582,5366.6298,3177.3717,liability
hyundai,KR,2025,KR,S2,12,2037,95147,186391.5031,510618.7281,324227.225,4085040.8623,1958.9846,5366.6298,3407.6453,liability
hyundai,US,2024,US,S1,0,2024,836753,3244843.8762,2924299.4262,-320544.45,-320544.45,3877.8993,3494.818,-383.0813,contribution
hyundai,US,2024,US,S1,1,2025,836753,3208920.1972,2921522.3074,-287397.8898,-607942.3398,3834.9671,3491.4991,-343.468,contribution
hyundai,US,2024,US,S1,2,2026,836753,3173394.2289,2918826.4773,-254567.7516,-862510.0914,3792.5101,3488.2773,-304.2329,contribution
hyundai,US,2024,US,S1,3,2027,836753,3138261.5685,2916209.5561,-222052.0124,-1084562.1038,3750.5232,3485.1498,-265.3734,contribution
hyundai,US,2024,US,S1,4,2028,836753,3103517.8617,2913669.2342,-189848.6275,-1274410.7313,3709.0012,3482.1139,-226.8873,contribution
hyundai,US,2024,US,S1,5,2029,836753,3069158.8039,2911203.2696,-157955.5343,-1432366.2656,3667.9388,3479.1668,-188.772,contribution
hyundai,US,2024,US,S1,6,2030,836753,3035180.1339,2908809.486,-126370.6479,-1558736.9135,3627.331,3476.306,-151.025,contribution
hyundai,US,2024,US,S1,7,2031,836753,3001577.6429,2906485.7702,-95091.8727,-1653828.7862,3587.1728,3473.529,-113.6439,contribution
hyundai,US,2024,US,S1,8,2032,836753,2968347.1648,2904230.0715,-64117.0933,-1717945.8795,3547.4592,3470.8332,-76.6261,contribution
hyundai,US,2024,US,S1,9,2033,836753,2935484.5811,2902040.3989,-33444.1822,-1751390.0617,3508.1853,3468.2163,-39.969,contribution
hyundai,US,2024,US,S1,10,2034,836753,2902985.8199,2899914.8198,-3071.0001,-1754461.0618,3469.3462,3465.676,-3.6701,contribution
hyundai,US,2024,US,S1,11,2035,836753,2870846.8518,2897851.4582,27004.6064,-1727456.4554,3430.937,3463.2101,32.2731,liability
hyundai,US,2024,US,S1,12,2036,836753,2839063.6951,2895848.4925,56784.7974,-1670671.658,3392.9531,3460.8164,67.8633,liability
hyundai,US,2024,US,S2,0,2024,836753,3244843.8762,2924299.4262,-320544.45,-320544.45,3877.8993,3494.818,-383.0813,contribution
hyundai,US,2024,US,S2,1,2025,836753,3030519.638,2920186.8177,-110332.8203,-430877.2703,3621.7613,3489.903,-131.8583,contribution
hyundai,US,2024,US,S2,2,2026,836753,2830351.6674,2916252.4776,85900.8102,-344976.4601,3382.5414,3485.2011,102.6597,liability
hyundai,US,2024,US,S2,3,2027,836753,2643404.933,2912488.679,269083.746,-75892.7141,3159.1221,3480.703,321.5809,liability
hyundai,US,2024,US,S2,4,2028,836753,2468806.1628,2908888.0291,440081.8663,364189.1522,2950.4599,3476.3999,525.94,liability
hyundai,US,2024,US,S2,5,2029,836753,2305739.7657,2905443.456,599703.6903,963892.8425,2755.5799,3472.2833,716.7034,liability
hyundai,US,2024,US,S2,6,2030,836753,2153444.0189,2902148.1944,748704.1755,1712597.018,2573.5719,3468.3451,894.7732,liability
hyundai,US,2024,US,S2,7,2031,836753,2011207.5152,2898995.7719,887788.2567,2600385.2747,2403.5857,3464.5777,1060.992,liability
hyundai,US,2024,US,S2,8,2032,836753,1878365.8331,2895979.9972,1017614.1641,3617999.4388,2244.8271,3460.9735,1216.1464,liability
hyundai,US,2024,US,S2,9,2033,836753,1754298.4372,2893094.9467,1138796.5095,4756795.9483,2096.5547,3457.5256,1360.9709,liability
hyundai,US,2024,US,S2,10,2034,836753,1638425.7822,2890334.9542,1251909.172,6008705.1203,1958.0758,3454.2272,1496.1514,liability
hyundai,US,2024,US,S2,11,2035,836753,1530206.5971,2887694.5985,1357488.0014,7366193.1217,1828.7435,3451.0717,1622.3282,liability
hyundai,US,2024,US,S2,12,2036,836753,1429135.3664,2885168.694,1456033.3276,8822226.4493,1707.9537,3448.053,1740.0993,liability
hyundai,US,2025,US,S1,0,2025,896481,3476463.0461,3147408.6745,-329054.3716,-329054.3716,3877.8993,3510.8482,-367.0511,contribution
hyundai,US,2025,US,S1,1,2026,896481,3437975.11,3144260.8304,-293714.2796,-622768.6512,3834.9671,3507.3368,-327.6302,contribution
hyundai,US,2025,US,S1,2,2027,896481,3399913.2738,3141205.1259,-258708.1479,-881476.7991,3792.5101,3503.9283,-288.5819,contribution
hyundai,US,2025,US,S1,3,2028,896481,3362272.8203,3138238.8648,-224033.9555,-1105510.7546,3750.5232,3500.6195,-249.9037,contribution
hyundai,US,2025,US,S1,4,2029,896481,3325049.0843,3135359.4283,-189689.656,-1295200.4106,3709.0012,3497.4076,-211.5936,contribution
hyundai,US,2025,US,S1,5,2030,896481,3288237.4533,3132564.2755,-155673.1778,-1450873.5884,3667.9388,3494.2896,-173.6492,contribution
hyundai,US,2025,US,S1,6,2031,896481,3251833.3627,3129850.9387,-121982.424,-1572856.0124,3627.331,3491.263,-136.0681,contribution
hyundai,US,2025,US,S1,7,2032,896481,3215832.303,3127217.0234,-88615.2796,-1661471.292,3587.1728,3488.3249,-98.8479,contribution
hyundai,US,2025,US,S1,8,2033,896481,3180229.8104,3124660.2053,-55569.6051,-1717040.8971,3547.4592,3485.4729,-61.9864,contribution
hyundai,US,2025,US,S1,9,2034,896481,3145021.473,3122178.2271,-22843.2459,-1739884.143,3508.1853,3482.7043,-25.481,contribution
hyundai,US,2025,US,S1,10,2035,896481,3110202.9281,3119768.8986,9565.9705,-1730318.1725,3469.3462,3480.0168,10.6706,liability
hyundai,US,2025,US,S1,11,2036,896481,3075769.8587,3117430.0931,41660.2344,-1688657.9381,3430.937,3477.4079,46.4709,liability
hyundai,US,2025,US,S1,12,2037,896481,3041717.9988,3115159.7459,73441.7471,-1615216.191,3392.9531,3474.8754,81.9223,liability
hyundai,US,2025,US,S2,0,2025,896481,3476463.0461,3147408.6745,-329054.3716,-329054.3716,3877.8993,3510.8482,-367.0511,contribution
hyundai,US,2025,US,S2,1,2026,896481,3246840.1973,3142747.0622,-104093.1351,-433147.5067,3621.7613,3505.6483,-116.113,contribution
hyundai,US,2025,US,S2,2,2027,896481,3032384.1002,3138287.5161,105903.4159,-327244.0908,3382.5414,3500.6738,118.1324,liability
hyundai,US,2025,US,S2,3,2028,896481,2832092.9805,3134021.2775,301928.297,-25315.7938,3159.1221,3495.9149,336.7927,liability
hyundai,US,2025,US,S2,4,2029,896481,2645031.2308,3129939.9668,484908.736,459592.9422,2950.4599,3491.3623,540.9024,liability
hyundai,US,2025,US,S2,5,2030,896481,2470325.0431,3126035.568,655710.5249,1115303.4671,2755.5799,3487.0071,731.4271,liability
hyundai,US,2025,US,S2,6,2031,896481,2307158.3222,3122300.4125,815142.0903,1930445.5574,2573.5719,3482.8406,909.2687,liability
hyundai,US,2025,US,S2,7,2032,896481,2154768.8797,3118727.1644,963958.2847,2894403.8421,2403.5857,3478.8547,1075.2691,liability
hyundai,US,2025,US,S2,8,2033,896481,2012444.8674,3115308.8055,1102863.9381,3997267.7802,2244.8271,3475.0416,1230.2145,liability
hyundai,US,2025,US,S2,9,2034,896481,1879521.4568,3112038.6214,1232517.1646,5229784.9448,2096.5547,3471.3938,1374.8391,liability
hyundai,US,2025,US,S2,10,2035,896481,1755377.7324,3108910.1899,1353532.4575,6583317.4023,1958.0758,3467.9042,1509.8284,liability
hyundai,US,2025,US,S2,11,2036,896481,1639433.7882,3105917.3657,1466483.5775,8049800.9798,1828.7435,3464.5657,1635.8223,liability
hyundai,US,2025,US,S2,12,2037,896481,1531148.0239,3103054.2712,1571906.2473,9621707.2271,1707.9537,3461.372,1753.4184,liability
kia,EU27,2024,AT,S1,0,2024,7030,16478.754,10863.7238,-5615.0302,-5615.0302,2344.0617,1545.3377,-798.7241,contribution
kia,EU27,2024,AT,S1,1,2025,7030,16039.4594,10848.8833,-5190.5761,-10805.6063,2281.5732,1543.2266,-738.3465,contribution
kia,EU27,2024,AT,S1,2,2026,7030,15611.876,10834.7669,-4777.1091,-15582.7154,2220.7505,1541.2186,-679.5319,contribution
kia,EU27,2024,AT,S1,3,2027,7030,15195.6905,10821.3396,-4374.3509,-19957.0663,2161.5491,1539.3086,-622.2405,contribution
kia,EU27,2024,AT,S1,4,2028,7030,14790.6004,10808.5674,-3982.033,-23939.0993,2103.9261,1537.4918,-566.4343,contribution
kia,EU27,2024,AT,S1,5,2029,7030,14396.3092,10796.4189,-3599.8903,-27538.9896,2047.8391,1535.7637,-512.0754,contribution
kia,EU27,2024,AT,S1,6,2030,7030,14012.5291,10784.863,-3227.6661,-30766.6557,1993.2474,1534.1199,-459.1275,contribution
kia,EU27,2024,AT,S1,7,2031,7030,13638.9798,10773.8712,-2865.1086,-33631.7643,1940.1109,1532.5564,-407.5546,contribution
kia,EU27,2024,AT,S1,8,2032,7030,13275.389,10763.4159,-2511.9731,-36143.7374,1888.391,1531.0691,-357.3219,contribution
kia,EU27,2024,AT,S1,9,2033,7030,12921.4901,10753.471,-2168.0191,-38311.7565,1838.0498,1529.6545,-308.3953,contribution
kia,EU27,2024,AT,S1,10,2034,7030,12577.0272,10744.0111,-1833.0161,-40144.7726,1789.0508,1528.3088,-260.742,contribution
kia,EU27,2024,AT,S1,11,2035,7030,12241.7455,10735.013,-1506.7325,-41651.5051,1741.3578,1527.0289,-214.3289,contribution
kia,EU27,2024,AT,S1,12,2036,7030,11915.4021,10726.4541,-1188.948,-42840.4531,1694.9363,1525.8114,-169.1249,contribution
kia,EU27,2024,AT,S1,13,2037,7030,11597.7587,10718.3129,-879.4458,-43719.8989,1649.7523,1524.6533,-125.099,contribution
kia,EU27,2024,AT,S1,14,2038,7030,11288.583,10710.5693,-578.0137,-44297.9126,1605.7728,1523.5518,-82.221,contribution
kia,EU27,2024,AT,S2,0,2024,7030,16478.754,10863.7238,-5615.0302,-5615.0302,2344.0617,1545.3377,-798.7241,contribution
kia,EU27,2024,AT,S2,1,2025,7030,14252.4465,10837.6947,-3414.7518,-9029.782,2027.375,1541.6351,-485.7399,contribution
kia,EU27,2024,AT,S2,2,2026,7030,12326.917,10813.8936,-1513.0234,-10542.8054,1753.4733,1538.2494,-215.2238,contribution
kia,EU27,2024,AT,S2,3,2027,7030,10661.5296,10792.1298,130.6002,-10412.2052,1516.576,1535.1536,18.5776,liability
kia,EU27,2024,AT,S2,4,2028,7030,9221.1389,10772.2289,1551.09,-8861.1152,1311.6841,1532.3227,220.6387,liability
kia,EU27,2024,AT,S2,5,2029,7030,7975.3477,10754.0316,2778.6839,-6082.4313,1134.4734,1529.7342,395.2609,liability
kia,EU27,2024,AT,S2,6,2030,7030,6897.8645,10737.392,3839.5275,-2242.9038,981.2041,1527.3673,546.1632,liability
kia,EU27,2024,AT,S2,7,2031,7030,5965.9512,10722.1768,4756.2256,2513.3218,848.6417,1525.203,676.5613,liability
kia,EU27,2024,AT,S2,8,2032,7030,5159.9414,10708.2639,5548.3225,8061.6443,733.9888,1523.2239,789.2351,liability
kia,EU27,2024,AT,S2,9,2033,7030,4462.8247,10695.5419,6232.7172,14294.3615,634.8257,1521.4142,886.5885,liability
kia,EU27,2024,AT,S2,10,2034,7030,3859.8896,10683.9093,6824.0197,21118.3812,549.0597,1519.7595,970.6998,liability
kia,EU27,2024,AT,S2,11,2035,7030,3338.4119,10673.2721,7334.8602,28453.2414,474.8808,1518.2464,1043.3656,liability
kia,EU27,2024,AT,S2,12,2036,7030,2887.3867,10663.5455,7776.1588,36229.4002,410.7236,1516.8628,1106.1392,liability
kia,EU27,2024,AT,S2,13,2037,7030,2497.2959,10654.6513,8157.3554,44386.7556,355.2341,1515.5976,1160.3635,liability
kia,EU27,2024,AT,S2,14,2038,7030,2159.9069,10646.5189,8486.612,52873.3676,307.2414,1514.4408,1207.1994,liability
kia,EU27,2024,BE,S1,0,2024,17605,35090.8222,28765.6535,-6325.1687,-6325.1687,1993.2305,1633.9479,-359.2825,contribution
kia,EU27,2024,BE,S1,1,2025,17605,34090.8719,28684.3785,-5406.4934,-11731.6621,1936.4312,1629.3314,-307.0999,contribution
kia,EU27,2024,BE,S1,2,2026,17605,33119.4165,28606.6488,-4512.7677,-16244.4298,1881.2506,1624.9161,-256.3344,contribution
kia,EU27,2024,BE,S1,3,2027,17605,32175.6432,28532.31,-3643.3332,-19887.763,1827.6423,1620.6936,-206.9488,contribution
kia,EU27,2024,BE,S1,4,2028,17605,31258.764,28461.2139,-2797.5501,-22685.3131,1775.5617,1616.6551,-158.9066,contribution
kia,EU27,2024,BE,S1,5,2029,17605,30368.0123,28393.2191,-1974.7932,-24660.1063,1724.9652,1612.7929,-112.1723,contribution
kia,EU27,2024,BE,S1,6,2030,17605,29502.6433,28328.1904,-1174.4529,-25834.5592,1675.8105,1609.0991,-66.7113,contribution
kia,EU27,2024,BE,S1,7,2031,17605,28661.9343,28265.9985,-395.9358,-26230.495,1628.0565,1605.5665,-22.49,contribution
kia,EU27,2024,BE,S1,8,2032,17605,27845.182,28206.5195,361.3375,-25869.1575,1581.6633,1602.188,20.5247,liability
kia,EU27,2024,BE,S1,9,2033,17605,27051.704,28149.6349,1097.9309,-24771.2266,1536.5921,1598.9568,62.3647,liability
kia,EU27,2024,BE,S1,10,2034,17605,26280.8367,28095.2322,1814.3955,-22956.8311,1492.8053,1595.8666,103.0614,liability
kia,EU27,2024,BE,S1,11,2035,17605,25531.9363,28043.2023,2511.266,-20445.5651,1450.2662,1592.9112,142.645,liability
kia,EU27,2024,BE,S1,12,2036,17605,24804.3764,27993.442,3189.0656,-17256.4995,1408.9393,1590.0847,181.1454,liability
kia,EU27,2024,BE,S1,13,2037,17605,24097.5494,27945.8525,3848.3031,-13408.1964,1368.7901,1587.3816,218.5915,liability
kia,EU27,2024,BE,S2,0,2024,17605,35090.8222,28765.6535,-6325.1687,-6325.1687,1993.2305,1633.9479,-359.2825,contribution
kia,EU27,2024,BE,S2,1,2025,17605,30349.9932,28606.167,-1743.8262,-8068.9949,1723.9417,1624.8888,-99.0529,contribution
kia,EU27,2024,BE,S2,2,2026,17605,26249.6577,28460.3325,2210.6748,-5858.3201,1491.0342,1616.6051,125.5708,liability
kia,EU27,2024,BE,S2,3,2027,17605,22703.2848,28326.9811,5623.6963,-234.6238,1289.593,1609.0305,319.4374,liability
kia,EU27,2024,BE,S2,4,2028,17605,19636.0329,28205.045,8569.0121,8334.3883,1115.3668,1602.1042,486.7374,liability
kia,EU27,2024,BE,S2,5,2029,17605,16983.1715,28093.5463,11110.3748,19444.7631,964.6789,1595.7709,631.092,liability
kia,EU27,2024,BE,S2,6,2030,17605,14688.7162,27991.5922,13302.876,32747.6391,834.3491,1589.9797,755.6306,liability
kia,EU27,2024,BE,S2,7,2031,17605,12704.2463,27898.3649,15194.1186,47941.7577,721.6272,1584.6842,863.057,liability
kia,EU27,2024,BE,S2,8,2032,17605,10987.8809,27813.1183,16825.2374,64766.9951,624.1341,1579.842,955.7079,liability
kia,EU27,2024,BE,S2,9,2033,17605,9503.3999,27735.1685,18231.7686,82998.7637,539.8125,1575.4143,1035.6017,liability
kia,EU27,2024,BE,S2,10,2034,17605,8219.4746,27663.8914,19444.4168,102443.1805,466.883,1571.3656,1104.4826,liability
kia,EU27,2024,BE,S2,11,2035,17605,7109.0097,27598.7155,20489.7058,122932.8863,403.8063,1567.6635,1163.8572,liability
kia,EU27,2024,BE,S2,12,2036,17605,6148.5703,27539.1186,21390.5483,144323.4346,349.2514,1564.2783,1215.0269,liability
kia,EU27,2024,BE,S2,13,2037,17605,5317.8881,27484.6234,22166.7353,166490.1699,302.0669,1561.1828,1259.1159,liability
kia,EU27,2024,BG,S1,0,2024,2706,5419.5153,5376.6365,-42.8788,-42.8788,2002.7773,1986.9314,-15.8458,contribution
kia,EU27,2024,BG,S1,1,2025,2706,5521.5952,5372.7207,-148.8745,-191.7533,2040.5008,1985.4844,-55.0164,contribution
kia,EU27,2024,BG,S1,2,2026,2706,5625.598,5368.9956,-256.6024,-448.3557,2078.935,1984.1078,-94.8272,contribution
kia,EU27,2024,BG,S1,3,2027,2706,5731.5597,5365.4517,-366.108,-814.4637,2118.093,1982.7981,-135.2949,contribution
kia,EU27,2024,BG,S1,4,2028,2706,5839.5172,5362.0802,-477.437,-1291.9007,2157.9886,1981.5522,-176.4364,contribution
kia,EU27,2024,BG,S1,5,2029,2706,5949.5082,5358.873,-590.6352,-1882.5359,2198.6357,1980.367,-218.2687,contribution
kia,EU27,2024,BG,S1,6,2030,2706,6061.5707,5355.8217,-705.749,-2588.2849,2240.0483,1979.2394,-260.8089,contribution
kia,EU27,2024,BG,S1,7,2031,2706,6175.7444,5352.9191,-822.8253,-3411.1102,2282.2411,1978.1667,-304.0744,contribution
kia,EU27,2024,BG,S1,8,2032,2706,6292.0683,5350.1578,-941.9105,-4353.0207,2325.2285,1977.1463,-348.0822,contribution
kia,EU27,2024,BG,S1,9,2033,2706,6410.5836,5347.5305,-1063.0531,-5416.0738,2369.0257,1976.1754,-392.8504,contribution
kia,EU27,2024,BG,S1,10,2034,2706,6531.3308,5345.0314,-1186.2994,-6602.3732,2413.6477,1975.2518,-438.3959,contribution
kia,EU27,2024,BG,S1,11,2035,2706,6654.3528,5342.6538,-1311.699,-7914.0722,2459.1104,1974.3732,-484.7373,contribution
kia,EU27,2024,BG,S1,12,2036,2706,6779.6913,5340.3921,-1439.2992,-9353.3714,2505.4292,1973.5374,-531.8918,contribution
kia,EU27,2024,BG,S1,13,2037,2706,6907.3913,5338.2402,-1569.1511,-10922.5225,2552.6206,1972.7421,-579.8785,contribution
kia,EU27,2024,BG,S1,14,2038,2706,7037.4964,5336.1931,-1701.3033,-12623.8258,2600.7008,1971.9856,-628.7152,contribution
kia,EU27,2024,BG,S1,15,2039,2706,7170.0522,5334.246,-1835.8062,-14459.632,2649.6867,1971.2661,-678.4206,contribution
kia,EU27,2024,BG,S1,16,2040,2706,7305.1047,5332.3932,-1972.7115,-16432.3435,2699.5952,1970.5814,-729.0139,contribution
kia,EU27,2024,BG,S1,17,2041,2706,7442.7008,5330.6308,-2112.07,-18544.4135,2750.4438,1969.9301,-780.5137,contribution
kia,EU27,2024,BG,S1,18,2042,2706,7582.8892,5328.9541,-2253.9351,-20798.3486,2802.2503,1969.3105,-832.9398,contribution
kia,EU27,2024,BG,S2,0,2024,2706,5419.5153,5376.6365,-42.8788,-42.8788,2002.7773,1986.9314,-15.8458,contribution
kia,EU27,2024,BG,S2,1,2025,2706,4687.3296,5369.7494,682.4198,639.541,1732.1987,1984.3863,252.1877,liability
kia,EU27,2024,BG,S2,2,2026,2706,4054.0636,5363.4519,1309.3883,1948.9293,1498.1758,1982.0591,483.8833,liability
kia,EU27,2024,BG,S2,3,2027,2706,3506.3525,5357.6934,1851.3409,3800.2702,1295.7696,1979.931,684.1615,liability
kia,EU27,2024,BG,S2,4,2028,2706,3032.6383,5352.4279,2319.7896,6120.0598,1120.7089,1977.9852,857.2763,liability
kia,EU27,2024,BG,S2,5,2029,2706,2622.9242,5347.6131,2724.6889,8844.7487,969.2994,1976.2059,1006.9065,liability
kia,EU27,2024,BG,S2,6,2030,2706,2268.5624,5343.2105,3074.6481,11919.3968,838.3453,1974.5789,1136.2336,liability
kia,EU27,2024,BG,S2,7,2031,2706,1962.0758,5339.1847,3377.1089,15296.5057,725.0834,1973.0912,1248.0077,liability
kia,EU27,2024,BG,S2,8,2032,2706,1696.9961,5335.5036,3638.5075,18935.0132,627.1235,1971.7308,1344.6074,liability
kia,EU27,2024,BG,S2,9,2033,2706,1467.7293,5332.1374,3864.4081,22799.4213,542.3981,1970.4868,1428.0887,liability
kia,EU27,2024,BG,S2,10,2034,2706,1269.4365,5329.0594,4059.6229,26859.0442,469.1192,1969.3494,1500.2302,liability
kia,EU27,2024,BG,S2,11,2035,2706,1097.9335,5326.245,4228.3115,31087.3557,405.7404,1968.3093,1562.5689,liability
kia,EU27,2024,BG,S2,12,2036,2706,949.6008,5323.6715,4374.0707,35461.4264,350.9242,1967.3583,1616.4341,liability
kia,EU27,2024,BG,S2,13,2037,2706,821.3081,5321.3182,4500.0101,39961.4365,303.5137,1966.4886,1662.9749,liability
kia,EU27,2024,BG,S2,14,2038,2706,710.3479,5319.1664,4608.8185,44570.255,262.5085,1965.6934,1703.185,liability
kia,EU27,2024,BG,S2,15,2039,2706,614.3786,5317.1989,4702.8203,49273.0753,227.0431,1964.9663,1737.9232,liability
kia,EU27,2024,BG,S2,16,2040,2706,531.375,5315.3996,4784.0246,54057.0999,196.3692,1964.3014,1767.9322,liability
kia,EU27,2024,BG,S2,17,2041,2706,459.5856,5313.7545,4854.1689,58911.2688,169.8395,1963.6935,1793.854,liability
kia,EU27,2024,BG,S2,18,2042,2706,397.4947,5312.25,4914.7553,63826.0241,146.8938,1963.1375,1816.2436,liability
kia,EU27,2024,CY,S1,0,2024,2840,5810.9426,5467.1839,-343.7587,-343.7587,2046.1065,1925.0648,-121.0418,contribution
kia,EU27,2024,CY,S1,1,2025,2840,5698.0777,5464.3415,-233.7362,-577.4949,2006.3654,1924.0639,-82.3015,contribution
kia,EU27,2024,CY,S1,2,2026,2840,5587.405,5461.5514,-125.8536,-703.3485,1967.3961,1923.0815,-44.3146,contribution
kia,EU27,2024,CY,S1,3,2027,2840,5478.882,5458.8128,-20.0692,-723.4177,1929.1838,1922.1172,-7.0666,contribution
kia,EU27,2024,CY,S1,4,2028,2840,5372.4667,5456.1246,83.6579,-639.7598,1891.7136,1921.1706,29.457,liability
kia,EU27,2024,CY,S1,5,2029,2840,5268.1185,5453.4862,185.3677,-454.3921,1854.9713,1920.2416,65.2703,liability
kia,EU27,2024,CY,S1,6,2030,2840,5165.7968,5450.8964,285.0996,-169.2925,1818.9425,1919.3297,100.3872,liability
kia,EU27,2024,CY,S1,7,2031,2840,5065.4625,5448.3544,382.8919,213.5994,1783.6136,1918.4346,134.8211,liability
kia,EU27,2024,CY,S1,8,2032,2840,4967.077,5445.8592,478.7822,692.3816,1748.9708,1917.5561,168.5853,liability
kia,EU27,2024,CY,S1,9,2033,2840,4870.6022,5443.4101,572.8079,1265.1895,1715.0008,1916.6937,201.6929,liability
kia,EU27,2024,CY,S1,10,2034,2840,4776.0019,5441.0062,665.0043,1930.1938,1681.6908,1915.8473,234.1564,liability
kia,EU27,2024,CY,S1,11,2035,2840,4683.2384,5438.6465,755.4081,2685.6019,1649.0276,1915.0164,265.9888,liability
kia,EU27,2024,CY,S1,12,2036,2840,4592.277,5436.3305,844.0535,3529.6554,1616.9989,1914.2009,297.2019,liability
kia,EU27,2024,CY,S1,13,2037,2840,4503.0819,5434.0571,930.9752,4460.6306,1585.5922,1913.4004,327.8082,liability
kia,EU27,2024,CY,S1,14,2038,2840,4415.6194,5431.8257,1016.2063,5476.8369,1554.7956,1912.6147,357.8191,liability
kia,EU27,2024,CY,S1,15,2039,2840,4329.8558,5429.6357,1099.7799,6576.6168,1524.5971,1911.8436,387.2464,liability
kia,EU27,2024,CY,S1,16,2040,2840,4245.7578,5427.4858,1181.728,7758.3448,1494.9851,1911.0865,416.1014,liability
kia,EU27,2024,CY,S1,17,2041,2840,4163.2932,5425.3757,1262.0825,9020.4273,1465.9483,1910.3436,444.3952,liability
kia,EU27,2024,CY,S1,18,2042,2840,4082.4305,5423.3043,1340.8738,10361.3011,1437.4755,1909.6142,472.1387,liability
kia,EU27,2024,CY,S1,19,2043,2840,4003.1382,5421.2713,1418.1331,11779.4342,1409.5557,1908.8983,499.3426,liability
kia,EU27,2024,CY,S1,20,2044,2840,3925.3861,5419.2759,1493.8898,13273.324,1382.1782,1908.1957,526.0175,liability
kia,EU27,2024,CY,S2,0,2024,2840,5810.9426,5467.1839,-343.7587,-343.7587,2046.1065,1925.0648,-121.0418,contribution
kia,EU27,2024,CY,S2,1,2025,2840,5025.8742,5453.9945,428.1203,84.3616,1769.674,1920.4206,150.7466,liability
kia,EU27,2024,CY,S2,2,2026,2840,4346.8704,5441.934,1095.0636,1179.4252,1530.5882,1916.1739,385.5858,liability
kia,EU27,2024,CY,S2,3,2027,2840,3759.6006,5430.9059,1671.3053,2850.7305,1323.803,1912.2908,588.4878,liability
kia,EU27,2024,CY,S2,4,2028,2840,3251.6726,5420.8219,2169.1493,5019.8798,1144.9551,1908.7401,763.785,liability
kia,EU27,2024,CY,S2,5,2029,2840,2812.3659,5411.601,2599.2351,7619.1149,990.2697,1905.4933,915.2236,liability
kia,EU27,2024,CY,S2,6,2030,2840,2432.4106,5403.1694,2970.7588,10589.8737,856.4826,1902.5244,1046.0418,liability
kia,EU27,2024,CY,S2,7,2031,2840,2103.7878,5395.4596,3291.6718,13881.5455,740.7704,1899.8097,1159.0394,liability
kia,EU27,2024,CY,S2,8,2032,2840,1819.5625,5388.4098,3568.8473,17450.3928,640.691,1897.3274,1256.6364,liability
kia,EU27,2024,CY,S2,9,2033,2840,1573.7364,5381.9634,3808.227,21258.6198,554.1325,1895.0575,1340.925,liability
kia,EU27,2024,CY,S2,10,2034,2840,1361.122,5376.0687,4014.9467,25273.5665,479.2683,1892.9819,1413.7136,liability
kia,EU27,2024,CY,S2,11,2035,2840,1177.2324,5370.6787,4193.4463,29467.0128,414.5185,1891.084,1476.5656,liability
kia,EU27,2024,CY,S2,12,2036,2840,1018.186,5365.7502,4347.5642,33814.577,358.5162,1889.3487,1530.8325,liability
kia,EU27,2024,CY,S2,13,2037,2840,880.6273,5361.2435,4480.6162,38295.1932,310.08,1887.7618,1577.6818,liability
kia,EU27,2024,CY,S2,14,2038,2840,761.6532,5357.1223,4595.4691,42890.6623,268.1877,1886.3107,1618.1229,liability
kia,EU27,2024,CY,S2,15,2039,2840,658.7528,5353.3542,4694.6014,47585.2637,231.9552,1884.9839,1653.0287,liability
kia,EU27,2024,CY,S2,16,2040,2840,569.754,5349.9086,4780.1546,52365.4183,200.6176,1883.7706,1683.153,liability
kia,EU27,2024,CY,S2,17,2041,2840,492.7793,5346.7579,4853.9786,57219.3969,173.5138,1882.6612,1709.1474,liability
kia,EU27,2024,CY,S2,18,2042,2840,426.204,5343.8768,4917.6728,62137.0697,150.0718,1881.6468,1731.5749,liability
kia,EU27,2024,CY,S2,19,2043,2840,368.6232,5341.2424,4972.6192,67109.6889,129.7969,1880.7192,1750.9223,liability
kia,EU27,2024,CY,S2,20,2044,2840,318.8216,5338.8335,5020.0119,72129.7008,112.2611,1879.871,1767.6098,liability
kia,EU27,2024,CZ,S1,0,2024,10711,19414.9835,18412.8239,-1002.1596,-1002.1596,1812.621,1719.0574,-93.5636,contribution
kia,EU27,2024,CZ,S1,1,2025,10711,19332.8181,18404.3545,-928.4636,-1930.6232,1804.9499,1718.2667,-86.6832,contribution
kia,EU27,2024,CZ,S1,2,2026,10711,19251.0012,18396.1529,-854.8483,-2785.4715,1797.3113,1717.501,-79.8103,contribution
kia,EU27,2024,CZ,S1,3,2027,10711,19169.5296,18388.2112,-781.3184,-3566.7899,1789.7049,1716.7595,-72.9454,contribution
kia,EU27,2024,CZ,S1,4,2028,10711,19088.4035,18380.5207,-707.8828,-4274.6727,1782.1308,1716.0415,-66.0893,contribution
kia,EU27,2024,CZ,S1,5,2029,10711,19007.6203,18373.0736,-634.5467,-4909.2194,1774.5888,1715.3462,-59.2425,contribution
kia,EU27,2024,CZ,S1,6,2030,10711,18927.1793,18365.8623,-561.317,-5470.5364,1767.0786,1714.673,-52.4057,contribution
kia,EU27,2024,CZ,S1,7,2031,10711,18847.0784,18358.8792,-488.1992,-5958.7356,1759.6003,1714.021,-45.5792,contribution
kia,EU27,2024,CZ,S1,8,2032,10711,18767.3166,18352.117,-415.1996,-6373.9352,1752.1535,1713.3897,-38.7639,contribution
kia,EU27,2024,CZ,S1,9,2033,10711,18687.8926,18345.5687,-342.3239,-6716.2591,1744.7384,1712.7783,-31.96,contribution
kia,EU27,2024,CZ,S1,10,2034,10711,18608.8045,18339.2281,-269.5764,-6985.8355,1737.3545,1712.1864,-25.1682,contribution
kia,EU27,2024,CZ,S1,11,2035,10711,18530.0513,18333.0876,-196.9637,-7182.7992,1730.002,1711.6131,-18.3889,contribution
kia,EU27,2024,CZ,S1,12,2036,10711,18451.6308,18327.1418,-124.489,-7307.2882,1722.6805,1711.058,-11.6225,contribution
kia,EU27,2024,CZ,S1,13,2037,10711,18373.5427,18321.3843,-52.1584,-7359.4466,1715.39,1710.5204,-4.8696,contribution
kia,EU27,2024,CZ,S1,14,2038,10711,18295.7852,18315.8086,20.0234,-7339.4232,1708.1304,1709.9999,1.8694,liability
kia,EU27,2024,CZ,S1,15,2039,10711,18218.3563,18310.4097,92.0534,-7247.3698,1700.9015,1709.4958,8.5943,liability
kia,EU27,2024,CZ,S2,0,2024,10711,19414.9835,18412.8239,-1002.1596,-1002.1596,1812.621,1719.0574,-93.5636,contribution
kia,EU27,2024,CZ,S2,1,2025,10711,16791.9866,18389.9172,1597.9306,595.771,1567.7329,1716.9188,149.1859,liability
kia,EU27,2024,CZ,S2,2,2026,10711,14523.361,18368.9711,3845.6101,4441.3811,1355.9295,1714.9632,359.0337,liability
kia,EU27,2024,CZ,S2,3,2027,10711,12561.2301,18349.8181,5788.588,10229.9691,1172.7411,1713.1751,540.4339,liability
kia,EU27,2024,CZ,S2,4,2028,10711,10864.187,18332.3047,7468.1177,17698.0868,1014.3018,1711.54,697.2381,liability
kia,EU27,2024,CZ,S2,5,2029,10711,9396.4167,18316.2905,8919.8738,26617.9606,877.2679,1710.0449,832.7769,liability
kia,EU27,2024,CZ,S2,6,2030,10711,8126.9449,18301.647,10174.7021,36792.6627,758.7475,1708.6777,949.9302,liability
kia,EU27,2024,CZ,S2,7,2031,10711,7028.981,18288.2567,11259.2757,48051.9384,656.2395,1707.4276,1051.1881,liability
kia,EU27,2024,CZ,S2,8,2032,10711,6079.3541,18276.013,12196.6589,60248.5973,567.5804,1706.2845,1138.704,liability
kia,EU27,2024,CZ,S2,9,2033,10711,5258.0229,18264.8173,13006.7944,73255.3917,490.8993,1705.2392,1214.3399,liability
kia,EU27,2024,CZ,S2,10,2034,10711,4547.6552,18254.5797,13706.9245,86962.3162,424.578,1704.2834,1279.7054,liability
kia,EU27,2024,CZ,S2,11,2035,10711,3933.2592,18245.2186,14311.9594,101274.2756,367.2168,1703.4094,1336.1926,liability
kia,EU27,2024,CZ,S2,12,2036,10711,3401.8694,18236.659,14834.7896,116109.0652,317.6052,1702.6103,1385.0051,liability
kia,EU27,2024,CZ,S2,13,2037,10711,2942.2712,18228.8319,15286.5607,131395.6259,274.6962,1701.8796,1427.1833,liability
kia,EU27,2024,CZ,S2,14,2038,10711,2544.7652,18221.6749,15676.9097,147072.5356,237.5843,1701.2114,1463.6271,liability
kia,EU27,2024,CZ,S2,15,2039,10711,2200.9633,18215.1304,16014.1671,163086.7027,205.4863,1700.6004,1495.1141,liability
kia,EU27,2024,DE,S1,0,2024,68513,124035.8297,116598.7612,-7437.0685,-7437.0685,1810.3985,1701.8487,-108.5497,contribution
kia,EU27,2024,DE,S1,1,2025,68513,120770.6128,116151.4285,-4619.1843,-12056.2528,1762.7401,1695.3196,-67.4206,contribution
kia,EU27,2024,DE,S1,2,2026,68513,117591.3523,115722.0931,-1869.2592,-13925.512,1716.3363,1689.0531,-27.2833,contribution
kia,EU27,2024,DE,S1,3,2027,68513,114495.7858,115310.0309,814.2451,-13111.2669,1671.1542,1683.0387,11.8845,liability
kia,EU27,2024,DE,S1,4,2028,68513,111481.7087,114914.5472,3432.8385,-9678.4284,1627.1614,1677.2663,50.1049,liability
kia,EU27,2024,DE,S1,5,2029,68513,108546.9763,114534.9746,5987.9983,-3690.4301,1584.3267,1671.7262,87.3994,liability
kia,EU27,2024,DE,S1,6,2030,68513,105689.5003,114170.6732,8481.1729,4790.7428,1542.6197,1666.4089,123.7893,liability
kia,EU27,2024,DE,S1,7,2031,68513,102907.2473,113821.0286,10913.7813,15704.5241,1502.0105,1661.3056,159.295,liability
kia,EU27,2024,DE,S1,8,2032,68513,100198.2361,113485.4509,13287.2148,28991.7389,1462.4704,1656.4076,193.9371,liability
kia,EU27,2024,DE,S1,9,2033,68513,97560.5392,113163.3745,15602.8353,44594.5742,1423.9712,1651.7066,227.7354,liability
kia,EU27,2024,DE,S1,10,2034,68513,94992.279,112854.2561,17861.9771,62456.5513,1386.4855,1647.1948,260.7093,liability
kia,EU27,2024,DE,S1,11,2035,68513,92491.6279,112557.5742,20065.9463,82522.4976,1349.9865,1642.8645,292.8779,liability
kia,EU27,2024,DE,S1,12,2036,68513,90056.8049,112272.8285,22216.0236,104738.5212,1314.4484,1638.7084,324.26,liability
kia,EU27,2024,DE,S1,13,2037,68513,87686.0788,111999.5389,24313.4601,129051.9813,1279.8459,1634.7195,354.8737,liability
kia,EU27,2024,DE,S1,14,2038,68513,85377.7623,111737.2443,26359.482,155411.4633,1246.1542,1630.8911,384.7369,liability
kia,EU27,2024,DE,S2,0,2024,68513,124035.8297,116598.7612,-7437.0685,-7437.0685,1810.3985,1701.8487,-108.5497,contribution
kia,EU27,2024,DE,S2,1,2025,68513,107278.3798,115647.0026,8368.6228,931.5543,1565.8106,1687.9571,122.1465,liability
kia,EU27,2024,DE,S2,2,2026,68513,92784.8898,114776.7145,21991.8247,22923.379,1354.2669,1675.2545,320.9876,liability
kia,EU27,2024,DE,S2,3,2027,68513,80249.4945,113980.923,33731.4285,56654.8075,1171.3032,1663.6394,492.3362,liability
kia,EU27,2024,DE,S2,4,2028,68513,69407.6532,113253.251,43845.5978,100500.4053,1013.0582,1653.0184,639.9603,liability
kia,EU27,2024,DE,S2,5,2029,68513,60030.5619,112587.8677,52557.3058,153057.7111,876.1923,1643.3066,767.1144,liability
kia,EU27,2024,DE,S2,6,2030,68513,51920.3314,111979.4411,60059.1097,213116.8208,757.8172,1634.4262,876.609,liability
kia,EU27,2024,DE,S2,7,2031,68513,44905.8072,111423.0958,66517.2886,279634.1094,655.4348,1626.3059,970.8711,liability
kia,EU27,2024,DE,S2,8,2032,68513,38838.9574,110914.3737,72075.4163,351709.5257,566.8845,1618.8807,1051.9962,liability
kia,EU27,2024,DE,S2,9,2033,68513,33591.7487,110449.198,76857.4493,428566.975,490.2974,1612.0911,1121.7937,liability
kia,EU27,2024,DE,S2,10,2034,68513,29053.4467,110023.8414,80970.3947,509537.3697,424.0574,1605.8827,1181.8253,liability
kia,EU27,2024,DE,S2,11,2035,68513,25128.2771,109634.8949,84506.6178,594043.9875,366.7666,1600.2057,1233.4392,liability
kia,EU27,2024,DE,S2,12,2036,68513,21733.4041,109279.2427,87545.8386,681589.8261,317.2158,1595.0147,1277.7989,liability
kia,EU27,2024,DE,S2,13,2037,68513,18797.1851,108954.0338,90156.8487,771746.6748,274.3594,1590.268,1315.9086,liability
kia,EU27,2024,DE,S2,14,2038,68513,16257.6534,108656.663,92399.0096,864145.6844,237.293,1585.9277,1348.6347,liability
kia,EU27,2024,DK,S1,0,2024,4614,8651.0809,3336.5448,-5314.5361,-5314.5361,1874.9634,723.135,-1151.8284,contribution
kia,EU27,2024,DK,S1,1,2025,4614,8313.678,3253.2682,-5060.4098,-10374.9459,1801.8375,705.0863,-1096.7511,contribution
kia,EU27,2024,DK,S1,2,2026,4614,7989.4345,3178.0333,-4811.4012,-15186.3471,1731.5636,688.7805,-1042.7831,contribution
kia,EU27,2024,DK,S1,3,2027,4614,7677.8368,3110.0637,-4567.7731,-19754.1202,1664.0305,674.0493,-989.9812,contribution
kia,EU27,2024,DK,S1,4,2028,4614,7378.3918,3048.6576,-4329.7342,-24083.8544,1599.1313,660.7407,-938.3906,contribution
kia,EU27,2024,DK,S1,5,2029,4614,7090.6253,2993.1814,-4097.4439,-28181.2983,1536.7632,648.7173,-888.0459,contribution
kia,EU27,2024,DK,S1,6,2030,4614,6814.0823,2943.0621,-3871.0202,-32052.3185,1476.8275,637.8548,-838.9727,contribution
kia,EU27,2024,DK,S1,7,2031,4614,6548.3246,2897.7829,-3650.5417,-35702.8602,1419.2294,628.0414,-791.1881,contribution
kia,EU27,2024,DK,S1,8,2032,4614,6292.9322,2856.8762,-3436.056,-39138.9162,1363.8778,619.1756,-744.7022,contribution
kia,EU27,2024,DK,S1,9,2033,4614,6047.4998,2819.9196,-3227.5802,-42366.4964,1310.6848,611.1659,-699.5189,contribution
kia,EU27,2024,DK,S1,10,2034,4614,5811.6403,2786.532,-3025.1083,-45391.6047,1259.5666,603.9298,-655.6368,contribution
kia,EU27,2024,DK,S1,11,2035,4614,5584.9789,2756.3684,-2828.6105,-48220.2152,1210.4419,597.3924,-613.0495,contribution
kia,EU27,2024,DK,S1,12,2036,4614,5367.1578,2729.1176,-2638.0402,-50858.2554,1163.2332,591.4863,-571.7469,contribution
kia,EU27,2024,DK,S1,13,2037,4614,5157.832,2704.4983,-2453.3337,-53311.5891,1117.8656,586.1505,-531.7151,contribution
kia,EU27,2024,DK,S1,14,2038,4614,4956.6704,2682.2564,-2274.414,-55586.0031,1074.2675,581.33,-492.9376,contribution
kia,EU27,2024,DK,S2,0,2024,4614,8651.0809,3336.5448,-5314.5361,-5314.5361,1874.9634,723.135,-1151.8284,contribution
kia,EU27,2024,DK,S2,1,2025,4614,7482.3056,3262.7256,-4219.58,-9534.1161,1621.6527,707.136,-914.5167,contribution
kia,EU27,2024,DK,S2,2,2026,4614,6471.4333,3195.2257,-3276.2076,-12810.3237,1402.5647,692.5067,-710.058,contribution
kia,EU27,2024,DK,S2,3,2027,4614,5597.1319,3133.5036,-2463.6283,-15273.952,1213.0758,679.1295,-533.9463,contribution
kia,EU27,2024,DK,S2,4,2028,4614,4840.9499,3077.065,-1763.8849,-17037.8369,1049.1872,666.8975,-382.2897,contribution
kia,EU27,2024,DK,S2,5,2029,4614,4186.9293,3025.4574,-1161.4719,-18199.3088,907.4402,655.7125,-251.7278,contribution
kia,EU27,2024,DK,S2,6,2030,4614,3621.2682,2978.2674,-643.0008,-18842.3096,784.8436,645.4849,-139.3586,contribution
kia,EU27,2024,DK,S2,7,2031,4614,3132.0284,2935.1169,-196.9115,-19039.2211,678.8098,636.1328,-42.677,contribution
kia,EU27,2024,DK,S2,8,2032,4614,2708.8864,2895.6601,186.7737,-18852.4474,587.1015,627.5813,40.4798,liability
kia,EU27,2024,DK,S2,9,2033,4614,2342.9112,2859.5806,516.6694,-18335.778,507.7831,619.7617,111.9786,liability
kia,EU27,2024,DK,S2,10,2034,4614,2026.38,2826.5899,800.2099,-17535.5681,439.1808,612.6116,173.4308,liability
kia,EU27,2024,DK,S2,11,2035,4614,1752.6126,2796.423,1043.8104,-16491.7577,379.8467,606.0735,226.2268,liability
kia,EU27,2024,DK,S2,12,2036,4614,1515.8315,2768.8383,1253.0068,-15238.7509,328.5287,600.095,271.5663,liability
kia,EU27,2024,DK,S2,13,2037,4614,1311.04,2743.6149,1432.5749,-13806.176,284.1439,594.6283,310.4844,liability
kia,EU27,2024,DK,S2,14,2038,4614,1133.9165,2720.5506,1586.6341,-12219.5419,245.7556,589.6295,343.8739,liability
kia,EU27,2024,EE,S1,0,2024,1682,2680.7066,2028.5692,-652.1374,-652.1374,1593.7614,1206.0459,-387.7155,contribution
kia,EU27,2024,EE,S1,1,2025,1682,2591.2494,2025.722,-565.5274,-1217.6648,1540.5763,1204.3532,-336.2232,contribution
kia,EU27,2024,EE,S1,2,2026,1682,2504.7774,2023.027,-481.7504,-1699.4152,1489.1661,1202.7509,-286.4152,contribution
kia,EU27,2024,EE,S1,3,2027,1682,2421.1912,2020.4759,-400.7153,-2100.1305,1439.4716,1201.2342,-238.2374,contribution
kia,EU27,2024,EE,S1,4,2028,1682,2340.3943,2018.0612,-322.3331,-2422.4636,1391.4354,1199.7986,-191.6368,contribution
kia,EU27,2024,EE,S1,5,2029,1682,2262.2936,2015.7756,-246.518,-2668.9816,1345.0021,1198.4397,-146.5624,contribution
kia,EU27,2024,EE,S1,6,2030,1682,2186.799,2013.6121,-173.1869,-2842.1685,1300.1183,1197.1534,-102.9649,contribution
kia,EU27,2024,EE,S1,7,2031,1682,2113.8242,2011.564,-102.2602,-2944.4287,1256.7326,1195.9358,-60.7968,contribution
kia,EU27,2024,EE,S1,8,2032,1682,2043.2844,2009.6254,-33.659,-2978.0877,1214.7945,1194.7832,-20.0113,contribution
kia,EU27,2024,EE,S1,9,2033,1682,1975.0983,2007.7904,32.6921,-2945.3956,1174.2558,1193.6923,19.4364,liability
kia,EU27,2024,EE,S1,10,2034,1682,1909.188,2006.0535,96.8655,-2848.5301,1135.0702,1192.6596,57.5895,liability
kia,EU27,2024,EE,S1,11,2035,1682,1845.4769,2004.4092,158.9323,-2689.5978,1097.192,1191.682,94.4901,liability
kia,EU27,2024,EE,S1,12,2036,1682,1783.8921,2002.8529,218.9608,-2470.637,1060.5779,1190.7568,130.1788,liability
kia,EU27,2024,EE,S1,13,2037,1682,1724.3622,2001.3798,277.0176,-2193.6194,1025.1856,1189.881,164.6954,liability
kia,EU27,2024,EE,S1,14,2038,1682,1666.8189,1999.9853,333.1664,-1860.453,990.9744,1189.0519,198.0775,liability
kia,EU27,2024,EE,S1,15,2039,1682,1611.1958,1998.6654,387.4696,-1472.9834,957.9048,1188.2672,230.3624,liability
kia,EU27,2024,EE,S1,16,2040,1682,1557.429,1997.4159,439.9869,-1032.9965,925.9388,1187.5243,261.5856,liability
kia,EU27,2024,EE,S1,17,2041,1682,1505.4567,1996.2331,490.7764,-542.2201,895.0397,1186.8211,291.7815,liability
kia,EU27,2024,EE,S1,18,2042,1682,1455.2184,1995.1135,539.8951,-2.325,865.1715,1186.1555,320.984,liability
kia,EU27,2024,EE,S1,19,2043,1682,1406.6566,1994.054,587.3974,585.0724,836.3,1185.5256,349.2256,liability
kia,EU27,2024,EE,S1,20,2044,1682,1359.7156,1993.0508,633.3352,1218.4076,808.3922,1184.9291,376.537,liability
kia,EU27,2024,EE,S1,21,2045,1682,1314.3408,1992.1014,677.7606,1896.1682,781.4155,1184.3647,402.9492,liability
kia,EU27,2024,EE,S1,22,2046,1682,1270.4802,1991.2026,720.7224,2616.8906,755.339,1183.8303,428.4913,liability
kia,EU27,2024,EE,S1,23,2047,1682,1228.0836,1990.3519,762.2683,3379.1589,730.1329,1183.3246,453.1916,liability
kia,EU27,2024,EE,S2,0,2024,1682,2680.7066,2028.5692,-652.1374,-652.1374,1593.7614,1206.0459,-387.7155,contribution
kia,EU27,2024,EE,S2,1,2025,1682,2318.5384,2024.0074,-294.531,-946.6684,1378.4414,1203.3338,-175.1076,contribution
kia,EU27,2024,EE,S2,2,2026,1682,2005.3002,2019.8363,14.5361,-932.1323,1192.2118,1200.8539,8.6422,liability
kia,EU27,2024,EE,S2,3,2027,1682,1734.3807,2016.0222,281.6415,-650.4908,1031.1419,1198.5863,167.4444,liability
kia,EU27,2024,EE,S2,4,2028,1682,1500.063,2012.5346,512.4716,-138.0192,891.8329,1196.5128,304.6799,liability
kia,EU27,2024,EE,S2,5,2029,1682,1297.4019,2009.3454,711.9435,573.9243,771.3448,1194.6168,423.272,liability
kia,EU27,2024,EE,S2,6,2030,1682,1122.1206,2006.4293,884.3087,1458.233,667.1347,1192.8831,525.7483,liability
kia,EU27,2024,EE,S2,7,2031,1682,970.5203,2003.7627,1033.2424,2491.4754,577.0037,1191.2977,614.2939,liability
kia,EU27,2024,EE,S2,8,2032,1682,839.4013,2001.3246,1161.9233,3653.3987,499.0495,1189.8482,690.7986,liability
kia,EU27,2024,EE,S2,9,2033,1682,725.9969,1999.095,1273.0981,4926.4968,431.6272,1188.5226,756.8954,liability
kia,EU27,2024,EE,S2,10,2034,1682,627.9133,1997.0562,1369.1429,6295.6397,373.3135,1187.3105,813.997,liability
kia,EU27,2024,EE,S2,11,2035,1682,543.0813,1995.1922,1452.1109,7747.7506,322.8783,1186.2023,863.324,liability
kia,EU27,2024,EE,S2,12,2036,1682,469.7101,1993.4876,1523.7775,9271.5281,279.2569,1185.1888,905.9319,liability
kia,EU27,2024,EE,S2,13,2037,1682,406.2515,1991.9289,1585.6774,10857.2055,241.5288,1184.2621,942.7333,liability
kia,EU27,2024,EE,S2,14,2038,1682,351.3662,1990.5036,1639.1374,12496.3429,208.8979,1183.4147,974.5169,liability
kia,EU27,2024,EE,S2,15,2039,1682,303.8962,1989.2004,1685.3042,14181.6471,180.6755,1182.64,1001.9644,liability
kia,EU27,2024,EE,S2,16,2040,1682,262.8392,1988.0087,1725.1695,15906.8166,156.2659,1181.9315,1025.6656,liability
kia,EU27,2024,EE,S2,17,2041,1682,227.3291,1986.9191,1759.59,17666.4066,135.154,1181.2837,1046.1296,liability
kia,EU27,2024,EE,S2,18,2042,1682,196.6167,1985.9226,1789.3059,19455.7125,116.8946,1180.6912,1063.7966,liability
kia,EU27,2024,EE,S2,19,2043,1682,170.0533,1985.0115,1814.9582,21270.6707,101.1018,1180.1495,1079.0477,liability
kia,EU27,2024,EE,S2,20,2044,1682,147.0788,1984.1785,1837.0997,23107.7704,87.4428,1179.6543,1092.2115,liability
kia,EU27,2024,EE,S2,21,2045,1682,127.2081,1983.4166,1856.2085,24963.9789,75.6291,1179.2013,1103.5722,liability
kia,EU27,2024,EE,S2,22,2046,1682,110.0223,1982.72,1872.6977,26836.6766,65.4116,1178.7872,1113.3756,liability
kia,EU27,2024,EE,S2,23,2047,1682,95.1581,1982.083,1886.9249,28723.6015,56.5744,1178.4084,1121.8341,liability
kia,EU27,2024,ES,S1,0,2024,59901,117296.4706,103513.4167,-13783.0539,-13783.0539,1958.1722,1728.0749,-230.0972,contribution
kia,EU27,2024,ES,S1,1,2025,59901,114607.4777,103388.9843,-11218.4934,-25001.5473,1913.2815,1725.9976,-187.2839,contribution
kia,EU27,2024,ES,S1,2,2026,59901,111980.1296,103274.6899,-8705.4397,-33706.987,1869.42,1724.0896,-145.3305,contribution
kia,EU27,2024,ES,S1,3,2027,59901,109413.0126,103169.7074,-6243.3052,-39950.2922,1826.564,1722.337,-104.2271,contribution
kia,EU27,2024,ES,S1,4,2028,59901,106904.746,103073.278,-3831.468,-43781.7602,1784.6905,1720.7272,-63.9633,contribution
kia,EU27,2024,ES,S1,5,2029,59901,104453.9812,102984.7053,-1469.2759,-45251.0361,1743.7769,1719.2485,-24.5284,contribution
kia,EU27,2024,ES,S1,6,2030,59901,102059.3995,102903.3485,843.949,-44407.0871,1703.8013,1717.8903,14.0891,liability
kia,EU27,2024,ES,S1,7,2031,59901,99719.7127,102828.6201,3108.9074,-41298.1797,1664.742,1716.6428,51.9008,liability
kia,EU27,2024,ES,S1,8,2032,59901,97433.6628,102759.9804,5326.3176,-35971.8621,1626.5782,1715.4969,88.9187,liability
kia,EU27,2024,ES,S1,9,2033,59901,95200.0204,102696.9325,7496.9121,-28474.95,1589.2893,1714.4444,125.155,liability
kia,EU27,2024,ES,S1,10,2034,59901,93017.583,102639.0215,9621.4385,-18853.5115,1552.8553,1713.4776,160.6223,liability
kia,EU27,2024,ES,S1,11,2035,59901,90885.1781,102585.8286,11700.6505,-7152.861,1517.2564,1712.5896,195.3331,liability
kia,EU27,2024,ES,S1,12,2036,59901,88801.6575,102536.9696,13735.3121,6582.4511,1482.4737,1711.7739,229.3002,liability
kia,EU27,2024,ES,S1,13,2037,59901,86765.9012,102492.0912,15726.19,22308.6411,1448.4884,1711.0247,262.5364,liability
kia,EU27,2024,ES,S1,14,2038,59901,84776.8143,102450.8693,17674.055,39982.6961,1415.2821,1710.3365,295.0544,liability
kia,EU27,2024,ES,S1,15,2039,59901,82833.3266,102413.0057,19579.6791,59562.3752,1382.8371,1709.7044,326.8673,liability
kia,EU27,2024,ES,S1,16,2040,59901,80934.393,102378.2269,21443.8339,81006.2091,1351.1359,1709.1238,357.9879,liability
kia,EU27,2024,ES,S1,17,2041,59901,79078.9922,102346.2819,23267.2897,104273.4988,1320.1615,1708.5905,388.4291,liability
kia,EU27,2024,ES,S1,18,2042,59901,77266.1257,102316.9392,25050.8135,129324.3123,1289.8971,1708.1007,418.2036,liability
kia,EU27,2024,ES,S1,19,2043,59901,75494.8189,102289.9872,26795.1683,156119.4806,1260.3265,1707.6507,447.3242,liability
kia,EU27,2024,ES,S1,20,2044,59901,73764.1188,102265.2314,28501.1126,184620.5932,1231.4338,1707.2375,475.8036,liability
kia,EU27,2024,ES,S2,0,2024,59901,117296.4706,103513.4167,-13783.0539,-13783.0539,1958.1722,1728.0749,-230.0972,contribution
kia,EU27,2024,ES,S2,1,2025,59901,101449.5196,103382.6812,1933.1616,-11849.8923,1693.6198,1725.8924,32.2726,liability
kia,EU27,2024,ES,S2,2,2026,59901,87743.5186,103263.1365,15519.6179,3669.7256,1464.8089,1723.8967,259.0878,liability
kia,EU27,2024,ES,S2,3,2027,59901,75889.2212,103153.8252,27264.604,30934.3296,1266.9108,1722.0718,455.1611,liability
kia,EU27,2024,ES,S2,4,2028,59901,65636.4598,103053.8706,37417.4108,68351.7404,1095.749,1720.4032,624.6542,liability
kia,EU27,2024,ES,S2,5,2029,59901,56768.8631,102962.4723,46193.6092,114545.3496,947.7114,1718.8774,771.1659,liability
kia,EU27,2024,ES,S2,6,2030,59901,49099.2938,102878.8975,53779.6037,168324.9533,819.674,1717.4821,897.8081,liability
kia,EU27,2024,ES,S2,7,2031,59901,42465.8964,102802.4767,60336.5803,228661.5336,708.9347,1716.2064,1007.2717,liability
kia,EU27,2024,ES,S2,8,2032,59901,36728.6827,102732.5978,66003.9151,294665.4487,613.1564,1715.0398,1101.8834,liability
kia,EU27,2024,ES,S2,9,2033,59901,31766.5754,102668.7001,70902.1247,365567.5734,530.3179,1713.9731,1183.6551,liability
kia,EU27,2024,ES,S2,10,2034,59901,27474.8574,102610.2723,75135.4149,440702.9883,458.6711,1712.9977,1254.3266,liability
kia,EU27,2024,ES,S2,11,2035,59901,23762.9581,102556.8459,78793.8878,519496.8761,396.7039,1712.1057,1315.4019,liability
kia,EU27,2024,ES,S2,12,2036,59901,20552.5423,102507.9931,81955.4508,601452.3269,343.1085,1711.2902,1368.1817,liability
kia,EU27,2024,ES,S2,13,2037,59901,17775.8591,102463.3215,84687.4624,686139.7893,296.754,1710.5444,1413.7905,liability
kia,EU27,2024,ES,S2,14,2038,59901,15374.3108,102422.4741,87048.1633,773187.9526,256.662,1709.8625,1453.2005,liability
kia,EU27,2024,ES,S2,15,2039,59901,13297.2155,102385.1233,89087.9078,862275.8604,221.9865,1709.239,1487.2524,liability
kia,EU27,2024,ES,S2,16,2040,59901,11500.7389,102350.9696,90850.2307,953126.0911,191.9958,1708.6688,1516.673,liability
kia,EU27,2024,ES,S2,17,2041,59901,9946.9699,102319.7393,92372.7694,1045498.8605,166.0568,1708.1474,1542.0906,liability
kia,EU27,2024,ES,S2,18,2042,59901,8603.1179,102291.1825,93688.0646,1139186.9251,143.6223,1707.6707,1564.0484,liability
kia,EU27,2024,ES,S2,19,2043,59901,7440.8219,102265.07,94824.2481,1234011.1732,124.2187,1707.2348,1583.0161,liability
kia,EU27,2024,ES,S2,20,2044,59901,6435.5542,102241.193,95805.6388,1329816.812,107.4365,1706.8362,1599.3997,liability
kia,EU27,2024,FI,S1,0,2024,5314,7030.5649,5830.2737,-1200.2912,-1200.2912,1323.0269,1097.1535,-225.8734,contribution
kia,EU27,2024,FI,S1,1,2025,5314,6378.5067,5807.0481,-571.4586,-1771.7498,1200.3212,1092.7829,-107.5383,contribution
kia,EU27,2024,FI,S1,2,2026,5314,5786.9248,5786.3441,-0.5807,-1772.3305,1088.996,1088.8867,-0.1093,contribution
kia,EU27,2024,FI,S1,3,2027,5314,5250.2096,5767.8882,517.6786,-1254.6519,987.9958,1085.4137,97.4179,liability
kia,EU27,2024,FI,S1,4,2028,5314,4763.2727,5751.4362,988.1635,-266.4884,896.3629,1082.3177,185.9547,liability
kia,EU27,2024,FI,S1,5,2029,5314,4321.4973,5736.7704,1415.2731,1148.7847,813.2287,1079.5578,266.3291,liability
kia,EU27,2024,FI,S1,6,2030,5314,3920.6949,5723.6969,1803.002,2951.7867,737.8048,1077.0976,339.2928,liability
kia,EU27,2024,FI,S1,7,2031,5314,3557.0653,5712.043,2154.9777,5106.7644,669.3762,1074.9046,405.5284,liability
kia,EU27,2024,FI,S1,8,2032,5314,3227.1609,5701.6542,2474.4933,7581.2577,607.2941,1072.9496,465.6555,liability
kia,EU27,2024,FI,S1,9,2033,5314,2927.8542,5692.3936,2764.5394,10345.7971,550.9699,1071.2069,520.237,liability
kia,EU27,2024,FI,S1,10,2034,5314,2656.3068,5684.1386,3027.8318,13373.6289,499.8696,1069.6535,569.7839,liability
kia,EU27,2024,FI,S1,11,2035,5314,2409.9444,5676.7797,3266.8353,16640.4642,453.5085,1068.2687,614.7601,liability
kia,EU27,2024,FI,S1,12,2036,5314,2186.4313,5670.2197,3483.7884,20124.2526,411.4474,1067.0342,655.5868,liability
kia,EU27,2024,FI,S1,13,2037,5314,1983.6483,5664.3722,3680.7239,23804.9765,373.2872,1065.9338,692.6466,liability
kia,EU27,2024,FI,S1,14,2038,5314,1799.6726,5659.1593,3859.4867,27664.4632,338.6663,1064.9528,726.2865,liability
kia,EU27,2024,FI,S1,15,2039,5314,1632.7597,5654.5127,4021.753,31686.2162,307.2562,1064.0784,756.8222,liability
kia,EU27,2024,FI,S1,16,2040,5314,1481.3273,5650.3703,4169.043,35855.2592,278.7594,1063.2989,784.5395,liability
kia,EU27,2024,FI,S1,17,2041,5314,1343.9399,5646.678,4302.7381,40157.9973,252.9055,1062.6041,809.6986,liability
kia,EU27,2024,FI,S1,18,2042,5314,1219.2943,5643.3863,4424.092,44582.0893,229.4494,1061.9846,832.5352,liability
kia,EU27,2024,FI,S1,19,2043,5314,1106.2095,5640.4521,4534.2426,49116.3319,208.1689,1061.4325,853.2636,liability
kia,EU27,2024,FI,S1,20,2044,5314,1003.613,5637.8368,4634.2238,53750.5557,188.8621,1060.9403,872.0782,liability
kia,EU27,2024,FI,S1,21,2045,5314,910.5313,5635.5049,4724.9736,58475.5293,171.3457,1060.5015,889.1557,liability
kia,EU27,2024,FI,S1,22,2046,5314,826.0838,5633.4265,4807.3427,63282.872,155.4542,1060.1104,904.6561,liability
kia,EU27,2024,FI,S2,0,2024,5314,7030.5649,5830.2737,-1200.2912,-1200.2912,1323.0269,1097.1535,-225.8734,contribution
kia,EU27,2024,FI,S2,1,2025,5314,6080.7241,5811.9628,-268.7613,-1469.0525,1144.2838,1093.7077,-50.5761,contribution
kia,EU27,2024,FI,S2,2,2026,5314,5259.2079,5795.2194,536.0115,-933.041,989.6891,1090.5569,100.8678,liability
kia,EU27,2024,FI,S2,3,2027,5314,4548.68,5779.9093,1231.2293,298.1883,855.9804,1087.6758,231.6954,liability
kia,EU27,2024,FI,S2,4,2028,5314,3934.1457,5765.9098,1831.7641,2129.9524,740.336,1085.0414,344.7053,liability
kia,EU27,2024,FI,S2,5,2029,5314,3402.6358,5753.1083,2350.4725,4480.4249,640.3154,1082.6323,442.317,liability
kia,EU27,2024,FI,S2,6,2030,5314,2942.934,5741.4029,2798.4689,7278.8938,553.8077,1080.4296,526.6219,liability
kia,EU27,2024,FI,S2,7,2031,5314,2545.3385,5730.6994,3185.3609,10464.2547,478.9873,1078.4154,599.4281,liability
kia,EU27,2024,FI,S2,8,2032,5314,2201.4591,5720.9124,3519.4533,13983.708,414.2753,1076.5737,662.2983,liability
kia,EU27,2024,FI,S2,9,2033,5314,1904.0382,5711.9629,3807.9247,17791.6327,358.306,1074.8895,716.5835,liability
kia,EU27,2024,FI,S2,10,2034,5314,1646.7996,5703.7792,4056.9796,21848.6123,309.8983,1073.3495,763.4512,liability
kia,EU27,2024,FI,S2,11,2035,5314,1424.3144,5696.2964,4271.982,26120.5943,268.0306,1071.9414,803.9108,liability
kia,EU27,2024,FI,S2,12,2036,5314,1231.887,5689.4541,4457.5671,30578.1614,231.8192,1070.6538,838.8346,liability
kia,EU27,2024,FI,S2,13,2037,5314,1065.457,5683.1974,4617.7404,35195.9018,200.5,1069.4764,868.9764,liability
kia,EU27,2024,FI,S2,14,2038,5314,921.5117,5677.4763,4755.9646,39951.8664,173.4121,1068.3998,894.9877,liability
kia,EU27,2024,FI,S2,15,2039,5314,797.014,5672.245,4875.231,44827.0974,149.9838,1067.4153,917.4315,liability
kia,EU27,2024,FI,S2,16,2040,5314,689.336,5667.4614,4978.1254,49805.2228,129.7207,1066.5151,936.7944,liability
kia,EU27,2024,FI,S2,17,2041,5314,596.2058,5663.0873,5066.8815,54872.1043,112.1953,1065.692,953.4967,liability
kia,EU27,2024,FI,S2,18,2042,5314,515.6572,5659.0878,5143.4306,60015.5349,97.0375,1064.9394,967.9019,liability
kia,EU27,2024,FI,S2,19,2043,5314,445.9911,5655.4304,5209.4393,65224.9742,83.9276,1064.2511,980.3235,liability
kia,EU27,2024,FI,S2,20,2044,5314,385.7368,5652.0861,5266.3493,70491.3235,72.5888,1063.6218,991.033,liability
kia,EU27,2024,FI,S2,21,2045,5314,333.623,5649.0282,5315.4052,75806.7287,62.7819,1063.0463,1000.2644,liability
kia,EU27,2024,FI,S2,22,2046,5314,288.5502,5646.2321,5357.6819,81164.4106,54.3,1062.5202,1008.2202,liability
kia,EU27,2024,FR,S1,0,2024,47140,78455.8302,67877.8251,-10578.0051,-10578.0051,1664.3154,1439.9199,-224.3955,contribution
kia,EU27,2024,FR,S1,1,2025,47140,76864.8072,67854.9611,-9009.8461,-19587.8512,1630.5644,1439.4349,-191.1295,contribution
kia,EU27,2024,FR,S1,2,2026,47140,75306.0494,67832.8186,-7473.2308,-27061.082,1597.4979,1438.9652,-158.5327,contribution
kia,EU27,2024,FR,S1,3,2027,47140,73778.9012,67811.3751,-5967.5261,-33028.6081,1565.1018,1438.5103,-126.5916,contribution
kia,EU27,2024,FR,S1,4,2028,47140,72282.7232,67790.6082,-4492.115,-37520.7231,1533.3628,1438.0698,-95.2931,contribution
kia,EU27,2024,FR,S1,5,2029,47140,70816.8862,67770.4966,-3046.3896,-40567.1127,1502.2674,1437.6431,-64.6243,contribution
kia,EU27,2024,FR,S1,6,2030,47140,69380.7751,67751.0199,-1629.7552,-42196.8679,1471.8026,1437.23,-34.5727,contribution
kia,EU27,2024,FR,S1,7,2031,47140,67973.7873,67732.158,-241.6293,-42438.4972,1441.9556,1436.8298,-5.1258,contribution
kia,EU27,2024,FR,S1,8,2032,47140,66595.332,67713.8909,1118.5589,-41319.9383,1412.7139,1436.4423,23.7284,liability
kia,EU27,2024,FR,S1,9,2033,47140,65244.8308,67696.2008,2451.37,-38868.5683,1384.0651,1436.0671,52.0019,liability
kia,EU27,2024,FR,S1,10,2034,47140,63921.7169,67679.0687,3757.3518,-35111.2165,1355.9974,1435.7036,79.7062,liability
kia,EU27,2024,FR,S1,11,2035,47140,62625.4348,67662.4773,5037.0425,-30074.174,1328.4988,1435.3517,106.8528,liability
kia,EU27,2024,FR,S1,12,2036,47140,61355.4397,67646.4095,6290.9698,-23783.2042,1301.5579,1435.0108,133.4529,liability
kia,EU27,2024,FR,S1,13,2037,47140,60111.199,67630.849,7519.65,-16263.5542,1275.1633,1434.6807,159.5174,liability
kia,EU27,2024,FR,S1,14,2038,47140,58892.1912,67615.7794,8723.5882,-7539.966,1249.304,1434.361,185.057,liability
kia,EU27,2024,FR,S1,15,2039,47140,57697.9039,67601.1857,9903.2818,2363.3158,1223.9691,1434.0515,210.0823,liability
kia,EU27,2024,FR,S1,16,2040,47140,56527.8358,67587.0522,11059.2164,13422.5322,1199.148,1433.7516,234.6037,liability
kia,EU27,2024,FR,S2,0,2024,47140,78455.8302,67877.8251,-10578.0051,-10578.0051,1664.3154,1439.9199,-224.3955,contribution
kia,EU27,2024,FR,S2,1,2025,47140,67856.3153,67815.8106,-40.5047,-10618.5098,1439.4636,1438.6044,-0.8592,contribution
kia,EU27,2024,FR,S2,2,2026,47140,58688.8126,67759.1048,9070.2922,-1548.2176,1244.9897,1437.4015,192.4118,liability
kia,EU27,2024,FR,S2,3,2027,47140,50759.855,67707.2529,16947.3979,15399.1803,1076.7895,1436.3015,359.512,liability
kia,EU27,2024,FR,S2,4,2028,47140,43902.1131,67659.8395,23757.7264,39156.9067,931.3134,1435.2957,503.9823,liability
kia,EU27,2024,FR,S2,5,2029,47140,37970.8634,67616.4846,29645.6212,68802.5279,805.4914,1434.376,628.8846,liability
kia,EU27,2024,FR,S2,6,2030,47140,32840.9358,67576.8412,34735.9054,103538.4333,696.6681,1433.535,736.8669,liability
kia,EU27,2024,FR,S2,7,2031,47140,28404.07,67540.5909,39136.5209,142674.9542,602.5471,1432.766,830.2189,liability
kia,EU27,2024,FR,S2,8,2032,47140,24566.6322,67507.4438,42940.8116,185615.7658,521.142,1432.0629,910.9209,liability
kia,EU27,2024,FR,S2,9,2033,47140,21247.6388,67477.134,46229.4952,231845.261,450.7348,1431.4199,980.6851,liability
kia,EU27,2024,FR,S2,10,2034,47140,18377.0473,67449.4191,49072.3718,280917.6328,389.8398,1430.832,1040.9922,liability
kia,EU27,2024,FR,S2,11,2035,47140,15894.277,67424.076,51529.799,332447.4318,337.1718,1430.2944,1093.1226,liability
kia,EU27,2024,FR,S2,12,2036,47140,13746.9335,67400.9026,53653.9691,386101.4009,291.6193,1429.8028,1138.1835,liability
kia,EU27,2024,FR,S2,13,2037,47140,11889.6996,67379.7127,55490.0131,441591.414,252.221,1429.3533,1177.1322,liability
kia,EU27,2024,FR,S2,14,2038,47140,10283.3811,67360.3367,57076.9556,498668.3696,218.1455,1428.9422,1210.7967,liability
kia,EU27,2024,FR,S2,15,2039,47140,8894.0788,67342.6194,58448.5406,557116.9102,188.6737,1428.5664,1239.8927,liability
kia,EU27,2024,FR,S2,16,2040,47140,7692.4739,67326.4184,59633.9445,616750.8547,163.1836,1428.2227,1265.0391,liability
kia,EU27,2024,GR,S1,0,2024,4764,5626.5258,8547.6292,2921.1034,2921.1034,1181.0508,1794.2127,613.1619,liability
kia,EU27,2024,GR,S1,1,2025,4764,5515.3722,8534.749,3019.3768,5940.4802,1157.7188,1791.509,633.7903,liability
kia,EU27,2024,GR,S1,2,2026,4764,5406.415,8522.8099,3116.3949,9056.8751,1134.8478,1789.0029,654.1551,liability
kia,EU27,2024,GR,S1,3,2027,4764,5299.61,8511.7434,3212.1334,12269.0085,1112.4286,1786.68,674.2513,liability
kia,EU27,2024,GR,S1,4,2028,4764,5194.9148,8501.4857,3306.5709,15575.5794,1090.4523,1784.5268,694.0745,liability
kia,EU27,2024,GR,S1,5,2029,4764,5092.2881,8491.9775,3399.6894,18975.2688,1068.9102,1782.531,713.6208,liability
kia,EU27,2024,GR,S1,6,2030,4764,4991.6889,8483.164,3491.4751,22466.7439,1047.7936,1780.6809,732.8873,liability
kia,EU27,2024,GR,S1,7,2031,4764,4893.0768,8474.995,3581.9182,26048.6621,1027.0942,1778.9662,751.872,liability
kia,EU27,2024,GR,S1,8,2032,4764,4796.4129,8467.4228,3671.0099,29719.672,1006.8037,1777.3767,770.573,liability
kia,EU27,2024,GR,S1,9,2033,4764,4701.6588,8460.4041,3758.7453,33478.4173,986.9141,1775.9035,788.9894,liability
kia,EU27,2024,GR,S1,10,2034,4764,4608.7763,8453.8981,3845.1218,37323.5391,967.4174,1774.5378,807.1204,liability
kia,EU27,2024,GR,S1,11,2035,4764,4517.729,8447.8679,3930.1389,41253.678,948.3058,1773.272,824.9662,liability
kia,EU27,2024,GR,S1,12,2036,4764,4428.4801,8442.2782,4013.7981,45267.4761,929.5718,1772.0987,842.5269,liability
kia,EU27,2024,GR,S1,13,2037,4764,4340.9944,8437.097,4096.1026,49363.5787,911.2079,1771.0111,859.8032,liability
kia,EU27,2024,GR,S1,14,2038,4764,4255.2373,8432.2946,4177.0573,53540.636,893.2068,1770.0031,876.7962,liability
kia,EU27,2024,GR,S1,15,2039,4764,4171.1738,8427.8429,4256.6691,57797.3051,875.5613,1769.0686,893.5074,liability
kia,EU27,2024,GR,S1,16,2040,4764,4088.7715,8423.7167,4334.9452,62132.2503,858.2644,1768.2025,909.9381,liability
kia,EU27,2024,GR,S1,17,2041,4764,4007.9969,8419.892,4411.8951,66544.1454,841.3092,1767.3997,926.0905,liability
kia,EU27,2024,GR,S1,18,2042,4764,3928.8183,8416.3468,4487.5285,71031.6739,824.689,1766.6555,941.9665,liability
kia,EU27,2024,GR,S2,0,2024,4764,5626.5258,8547.6292,2921.1034,2921.1034,1181.0508,1794.2127,613.1619,liability
kia,EU27,2024,GR,S2,1,2025,4764,4866.3728,8532.5427,3666.1699,6587.2733,1021.4888,1791.0459,769.5571,liability
kia,EU27,2024,GR,S2,2,2026,4764,4208.9172,8518.7473,4309.8301,10897.1034,883.4839,1788.1501,904.6663,liability
kia,EU27,2024,GR,S2,3,2027,4764,3640.2854,8506.1328,4865.8474,15762.9508,764.1237,1785.5023,1021.3785,liability
kia,EU27,2024,GR,S2,4,2028,4764,3148.477,8494.5982,5346.1212,21109.072,660.8894,1783.0811,1122.1917,liability
kia,EU27,2024,GR,S2,5,2029,4764,2723.1124,8484.0509,5760.9385,26870.0105,571.6021,1780.8671,1209.265,liability
kia,EU27,2024,GR,S2,6,2030,4764,2355.2152,8474.4065,6119.1913,32989.2018,494.3777,1778.8427,1284.465,liability
kia,EU27,2024,GR,S2,7,2031,4764,2037.0216,8465.5876,6428.566,39417.7678,427.5864,1776.9915,1349.4051,liability
kia,EU27,2024,GR,S2,8,2032,4764,1761.8166,8457.5237,6695.7071,46113.4749,369.8188,1775.2988,1405.4801,liability
kia,EU27,2024,GR,S2,9,2033,4764,1523.7922,8450.1498,6926.3576,53039.8325,319.8556,1773.751,1453.8954,liability
kia,EU27,2024,GR,S2,10,2034,4764,1317.9254,8443.4074,7125.482,60165.3145,276.6426,1772.3357,1495.6931,liability
kia,EU27,2024,GR,S2,11,2035,4764,1139.8715,8437.242,7297.3705,67462.685,239.2677,1771.0416,1531.7738,liability
kia,EU27,2024,GR,S2,12,2036,4764,985.8726,8431.6045,7445.7319,74908.4169,206.9422,1769.8582,1562.916,liability
kia,EU27,2024,GR,S2,13,2037,4764,852.6797,8426.4496,7573.7699,82482.1868,178.984,1768.7762,1589.7922,liability
kia,EU27,2024,GR,S2,14,2038,4764,737.4812,8421.7356,7684.2544,90166.4412,154.8029,1767.7866,1612.9837,liability
kia,EU27,2024,GR,S2,15,2039,4764,637.8466,8417.4254,7779.5788,97946.02,133.8889,1766.8819,1632.993,liability
kia,EU27,2024,GR,S2,16,2040,4764,551.6722,8413.4842,7861.812,105807.832,115.8002,1766.0546,1650.2544,liability
kia,EU27,2024,GR,S2,17,2041,4764,477.1404,8409.8801,7932.7397,113740.5717,100.1554,1765.2981,1665.1427,liability
kia,EU27,2024,GR,S2,18,2042,4764,412.678,8406.5847,7993.9067,121734.4784,86.6243,1764.6064,1677.9821,liability
kia,EU27,2024,HR,S1,0,2024,3280,8948.3988,6814.5625,-2133.8363,-2133.8363,2728.1704,2077.6105,-650.5598,contribution
kia,EU27,2024,HR,S1,1,2025,3280,8894.3875,6814.3629,-2080.0246,-4213.8609,2711.7035,2077.5497,-634.1538,contribution
kia,EU27,2024,HR,S1,2,2026,3280,8840.7025,6814.1712,-2026.5313,-6240.3922,2695.3361,2077.4912,-617.8449,contribution
kia,EU27,2024,HR,S1,3,2027,3280,8787.3417,6813.9874,-1973.3543,-8213.7465,2679.0676,2077.4352,-601.6324,contribution
kia,EU27,2024,HR,S1,4,2028,3280,8734.3029,6813.8109,-1920.492,-10134.2385,2662.8972,2077.3814,-585.5159,contribution
kia,EU27,2024,HR,S1,5,2029,3280,8681.5839,6813.6417,-1867.9422,-12002.1807,2646.8244,2077.3298,-569.4946,contribution
kia,EU27,2024,HR,S1,6,2030,3280,8629.1831,6813.4794,-1815.7037,-13817.8844,2630.8485,2077.2803,-553.5682,contribution
kia,EU27,2024,HR,S1,7,2031,3280,8577.0994,6813.3237,-1763.7757,-15581.6601,2614.9693,2077.2328,-537.7365,contribution
kia,EU27,2024,HR,S1,8,2032,3280,8525.3292,6813.1742,-1712.155,-17293.8151,2599.1857,2077.1873,-521.9985,contribution
kia,EU27,2024,HR,S1,9,2033,3280,8473.8719,6813.0307,-1660.8412,-18954.6563,2583.4975,2077.1435,-506.354,contribution
kia,EU27,2024,HR,S1,10,2034,3280,8422.7248,6812.8932,-1609.8316,-20564.4879,2567.9039,2077.1016,-490.8023,contribution
kia,EU27,2024,HR,S1,11,2035,3280,8371.8868,6812.7613,-1559.1255,-22123.6134,2552.4045,2077.0614,-475.3431,contribution
kia,EU27,2024,HR,S1,12,2036,3280,8321.3558,6812.6346,-1508.7212,-23632.3346,2536.9987,2077.0227,-459.976,contribution
kia,EU27,2024,HR,S1,13,2037,3280,8271.1292,6812.5132,-1458.616,-25090.9506,2521.6857,2076.9857,-444.7,contribution
kia,EU27,2024,HR,S1,14,2038,3280,8221.2063,6812.3966,-1408.8097,-26499.7603,2506.4653,2076.9502,-429.5152,contribution
kia,EU27,2024,HR,S1,15,2039,3280,8171.5843,6812.2848,-1359.2995,-27859.0598,2491.3367,2076.9161,-414.4206,contribution
kia,EU27,2024,HR,S1,16,2040,3280,8122.2621,6812.1776,-1310.0845,-29169.1443,2476.2994,2076.8834,-399.416,contribution
kia,EU27,2024,HR,S1,17,2041,3280,8073.2379,6812.0746,-1261.1633,-30430.3076,2461.353,2076.852,-384.501,contribution
kia,EU27,2024,HR,S1,18,2042,3280,8024.5089,6811.976,-1212.5329,-31642.8405,2446.4966,2076.822,-369.6747,contribution
kia,EU27,2024,HR,S1,19,2043,3280,7976.0741,6811.8813,-1164.1928,-32807.0333,2431.7299,2076.7931,-354.9368,contribution
kia,EU27,2024,HR,S2,0,2024,3280,8948.3988,6814.5625,-2133.8363,-2133.8363,2728.1704,2077.6105,-650.5598,contribution
kia,EU27,2024,HR,S2,1,2025,3280,7739.4549,6814.1414,-925.3135,-3059.1498,2359.5899,2077.4821,-282.1078,contribution
kia,EU27,2024,HR,S2,2,2026,3280,6693.8415,6813.7563,119.9148,-2939.235,2040.8053,2077.3647,36.5594,liability
kia,EU27,2024,HR,S2,3,2027,3280,5789.4923,6813.404,1023.9117,-1915.3233,1765.0891,2077.2573,312.1682,liability
kia,EU27,2024,HR,S2,4,2028,3280,5007.322,6813.0821,1805.7601,-109.5632,1526.6226,2077.1592,550.5366,liability
kia,EU27,2024,HR,S2,5,2029,3280,4330.8245,6812.7875,2481.963,2372.3998,1320.3733,2077.0694,756.696,liability
kia,EU27,2024,HR,S2,6,2030,3280,3745.7228,6812.5184,3066.7956,5439.1954,1141.9887,2076.9873,934.9987,liability
kia,EU27,2024,HR,S2,7,2031,3280,3239.6691,6812.2722,3572.6031,9011.7985,987.704,2076.9123,1089.2083,liability
kia,EU27,2024,HR,S2,8,2032,3280,2801.9846,6812.047,4010.0624,13021.8609,854.2636,2076.8436,1222.58,liability
kia,EU27,2024,HR,S2,9,2033,3280,2423.4319,6811.8411,4388.4092,17410.2701,738.8512,2076.7808,1337.9296,liability
kia,EU27,2024,HR,S2,10,2034,3280,2096.0219,6811.6529,4715.631,22125.9011,639.0311,2076.7234,1437.6924,liability
kia,EU27,2024,HR,S2,11,2035,3280,1812.846,6811.4808,4998.6348,27124.5359,552.697,2076.671,1523.974,liability
kia,EU27,2024,HR,S2,12,2036,3280,1567.9272,6811.3234,5243.3962,32367.9321,478.0266,2076.623,1598.5964,liability
kia,EU27,2024,HR,S2,13,2037,3280,1356.0976,6811.1796,5455.082,37823.0141,413.4444,2076.5791,1663.1348,liability
kia,EU27,2024,HR,S2,14,2038,3280,1172.8866,6811.0478,5638.1612,43461.1753,357.5874,2076.539,1718.9516,liability
kia,EU27,2024,HR,S2,15,2039,3280,1014.4276,6810.9275,5796.4999,49257.6752,309.2767,2076.5023,1767.2256,liability
kia,EU27,2024,HR,S2,16,2040,3280,877.377,6810.8176,5933.4406,55191.1158,267.493,2076.4688,1808.9758,liability
kia,EU27,2024,HR,S2,17,2041,3280,758.8418,6810.7169,6051.8751,61242.9909,231.3542,2076.4381,1845.0839,liability
kia,EU27,2024,HR,S2,18,2042,3280,656.321,6810.6248,6154.3038,67397.2947,200.0979,2076.41,1876.3121,liability
kia,EU27,2024,HR,S2,19,2043,3280,567.6508,6810.5408,6242.89,73640.1847,173.0643,2076.3844,1903.3201,liability
kia,EU27,2024,HU,S1,0,2024,6478,11647.2243,12534.9076,887.6833,887.6833,1797.9661,1934.9965,137.0305,liability
kia,EU27,2024,HU,S1,1,2025,6478,11593.9404,12526.1234,932.183,1819.8663,1789.7407,1933.6405,143.8998,liability
kia,EU27,2024,HU,S1,2,2026,6478,11540.9007,12517.8192,976.9185,2796.7848,1781.5531,1932.3586,150.8056,liability
kia,EU27,2024,HU,S1,3,2027,6478,11488.1029,12509.9694,1021.8665,3818.6513,1773.4027,1931.1469,157.7441,liability
kia,EU27,2024,HU,S1,4,2028,6478,11435.547,12502.5482,1067.0012,4885.6525,1765.2897,1930.0013,164.7115,liability
kia,EU27,2024,HU,S1,5,2029,6478,11383.2316,12495.533,1112.3014,5997.9539,1757.2139,1928.9183,171.7044,liability
kia,EU27,2024,HU,S1,6,2030,6478,11331.1555,12488.9012,1157.7457,7155.6996,1749.175,1927.8946,178.7196,liability
kia,EU27,2024,HU,S1,7,2031,6478,11279.3177,12482.6319,1203.3142,8359.0138,1741.1728,1926.9268,185.754,liability
kia,EU27,2024,HU,S1,8,2032,6478,11227.7167,12476.7055,1248.9888,9608.0026,1733.2073,1926.012,192.8047,liability
kia,EU27,2024,HU,S1,9,2033,6478,11176.3523,12471.1031,1294.7508,10902.7534,1725.2782,1925.1471,199.8689,liability
kia,EU27,2024,HU,S1,10,2034,6478,11125.2224,12465.8069,1340.5845,12243.3379,1717.3854,1924.3296,206.9442,liability
kia,EU27,2024,HU,S1,11,2035,6478,11074.3267,12460.8002,1386.4735,13629.8114,1709.5287,1923.5567,214.028,liability
kia,EU27,2024,HU,S1,12,2036,6478,11023.6636,12456.0671,1432.4035,15062.2149,1701.7079,1922.826,221.1182,liability
kia,EU27,2024,HU,S1,13,2037,6478,10973.2324,12451.5929,1478.3605,16540.5754,1693.9229,1922.1354,228.2125,liability
kia,EU27,2024,HU,S1,14,2038,6478,10923.0321,12447.363,1524.3309,18064.9063,1686.1735,1921.4824,235.3089,liability
kia,EU27,2024,HU,S1,15,2039,6478,10873.0612,12443.3647,1570.3035,19635.2098,1678.4596,1920.8652,242.4056,liability
kia,EU27,2024,HU,S1,16,2040,6478,10823.3189,12439.5848,1616.2659,21251.4757,1670.7809,1920.2817,249.5008,liability
kia,EU27,2024,HU,S1,17,2041,6478,10773.8045,12436.0115,1662.207,22913.6827,1663.1375,1919.7301,256.5926,liability
kia,EU27,2024,HU,S1,18,2042,6478,10724.5162,12432.6336,1708.1174,24621.8001,1655.5289,1919.2086,263.6797,liability
kia,EU27,2024,HU,S1,19,2043,6478,10675.4536,12429.4403,1753.9867,26375.7868,1647.9552,1918.7157,270.7605,liability
kia,EU27,2024,HU,S1,20,2044,6478,10626.6154,12426.4218,1799.8064,28175.5932,1640.4161,1918.2497,277.8337,liability
kia,EU27,2024,HU,S1,21,2045,6478,10578.0006,12423.568,1845.5674,30021.1606,1632.9115,1917.8092,284.8977,liability
kia,EU27,2024,HU,S2,0,2024,6478,11647.2243,12534.9076,887.6833,887.6833,1797.9661,1934.9965,137.0305,liability
kia,EU27,2024,HU,S2,1,2025,6478,10073.6647,12521.1527,2447.488,3335.1713,1555.0578,1932.8732,377.8154,liability
kia,EU27,2024,HU,S2,2,2026,6478,8712.6954,12508.5756,3795.8802,7131.0515,1344.9669,1930.9317,585.9648,liability
kia,EU27,2024,HU,S2,3,2027,6478,7535.5959,12497.0746,4961.4787,12092.5302,1163.2596,1929.1563,765.8967,liability
kia,EU27,2024,HU,S2,4,2028,6478,6517.5241,12486.5583,5969.0342,18061.5644,1006.1013,1927.5329,921.4316,liability
kia,EU27,2024,HU,S2,5,2029,6478,5636.9958,12476.9423,6839.9465,24901.5109,870.1753,1926.0485,1055.8732,liability
kia,EU27,2024,HU,S2,6,2030,6478,4875.4281,12468.1491,7592.721,32494.2319,752.6132,1924.6911,1172.078,liability
kia,EU27,2024,HU,S2,7,2031,6478,4216.7497,12460.1089,8243.3592,40737.5911,650.9339,1923.45,1272.5161,liability
kia,EU27,2024,HU,S2,8,2032,6478,3647.0595,12452.757,8805.6975,49543.2886,562.9916,1922.3151,1359.3235,liability
kia,EU27,2024,HU,S2,9,2033,6478,3154.3356,12446.0342,9291.6986,58834.9872,486.9305,1921.2773,1434.3468,liability
kia,EU27,2024,HU,S2,10,2034,6478,2728.1795,12439.8869,9711.7074,68546.6946,421.1453,1920.3283,1499.183,liability
kia,EU27,2024,HU,S2,11,2035,6478,2359.5979,12434.2658,10074.6679,78621.3625,364.2479,1919.4606,1555.2127,liability
kia,EU27,2024,HU,S2,12,2036,6478,2040.8123,12429.1261,10388.3138,89009.6763,315.0374,1918.6672,1603.6298,liability
kia,EU27,2024,HU,S2,13,2037,6478,1765.0952,12424.4262,10659.331,99669.0073,272.4753,1917.9417,1645.4663,liability
kia,EU27,2024,HU,S2,14,2038,6478,1526.6278,12420.1286,10893.5008,110562.5081,235.6634,1917.2783,1681.6148,liability
kia,EU27,2024,HU,S2,15,2039,6478,1320.3775,12416.1988,11095.8213,121658.3294,203.8249,1916.6716,1712.8468,liability
kia,EU27,2024,HU,S2,16,2040,6478,1141.9924,12412.6056,11270.6132,132928.9426,176.2878,1916.1169,1739.8291,liability
kia,EU27,2024,HU,S2,17,2041,6478,987.7075,12409.3198,11421.6123,144350.5549,152.4711,1915.6097,1763.1387,liability
kia,EU27,2024,HU,S2,18,2042,6478,854.2664,12406.3153,11552.0489,155902.6038,131.8719,1915.1459,1783.274,liability
kia,EU27,2024,HU,S2,19,2043,6478,738.8537,12403.5681,11664.7144,167567.3182,114.0558,1914.7218,1800.666,liability
kia,EU27,2024,HU,S2,20,2044,6478,639.033,12401.0558,11762.0228,179329.341,98.6467,1914.334,1815.6874,liability
kia,EU27,2024,HU,S2,21,2045,6478,552.6986,12398.7585,11846.0599,191175.4009,85.3193,1913.9794,1828.6601,liability
kia,EU27,2024,IE,S1,0,2024,8983,19902.1697,16953.6917,-2948.478,-2948.478,2215.5371,1887.3084,-328.2287,contribution
kia,EU27,2024,IE,S1,1,2025,8983,19252.1602,16849.5711,-2402.5891,-5351.0671,2143.1771,1875.7176,-267.4595,contribution
kia,EU27,2024,IE,S1,2,2026,8983,18623.3805,16750.8606,-1872.5199,-7223.587,2073.1805,1864.729,-208.4515,contribution
kia,EU27,2024,IE,S1,3,2027,8983,18015.1367,16657.2794,-1357.8573,-8581.4443,2005.47,1854.3114,-151.1586,contribution
kia,EU27,2024,IE,S1,4,2028,8983,17426.7583,16568.5605,-858.1978,-9439.6421,1939.9709,1844.4351,-95.5358,contribution
kia,EU27,2024,IE,S1,5,2029,8983,16857.5968,16484.4517,-373.1451,-9812.7872,1876.611,1835.072,-41.539,contribution
kia,EU27,2024,IE,S1,6,2030,8983,16307.0239,16404.7133,97.6894,-9715.0978,1815.3205,1826.1954,10.8749,liability
kia,EU27,2024,IE,S1,7,2031,8983,15774.4328,16329.1181,554.6853,-9160.4125,1756.0317,1817.78,61.7483,liability
kia,EU27,2024,IE,S1,8,2032,8983,15259.2365,16257.4508,998.2143,-8162.1982,1698.6793,1809.8019,111.1226,liability
kia,EU27,2024,IE,S1,9,2033,8983,14760.8663,16189.5075,1428.6412,-6733.557,1643.2001,1802.2384,159.0383,liability
kia,EU27,2024,IE,S1,10,2034,8983,14278.7733,16125.0945,1846.3212,-4887.2358,1589.5328,1795.0679,205.535,liability
kia,EU27,2024,IE,S1,11,2035,8983,13812.4254,16064.0286,2251.6032,-2635.6326,1537.6183,1788.2699,250.6516,liability
kia,EU27,2024,IE,S1,12,2036,8983,13361.3086,16006.1357,2644.8271,9.1945,1487.3994,1781.8252,294.4258,liability
kia,EU27,2024,IE,S1,13,2037,8983,12924.9253,15951.2509,3026.3256,3035.5201,1438.8206,1775.7153,336.8948,liability
kia,EU27,2024,IE,S1,14,2038,8983,12502.7947,15899.2179,3396.4232,6431.9433,1391.8284,1769.923,378.0945,liability
kia,EU27,2024,IE,S1,15,2039,8983,12094.4505,15849.8889,3755.4384,10187.3817,1346.371,1764.4316,418.0606,liability
kia,EU27,2024,IE,S1,16,2040,8983,11699.4433,15803.1227,4103.6794,14291.0611,1302.3982,1759.2255,456.8273,liability
kia,EU27,2024,IE,S1,17,2041,8983,11317.3367,15758.7866,4441.4499,18732.511,1259.8616,1754.2899,494.4284,liability
kia,EU27,2024,IE,S1,18,2042,8983,10947.7103,15716.7543,4769.044,23501.555,1218.7143,1749.6109,530.8966,liability
kia,EU27,2024,IE,S2,0,2024,8983,19902.1697,16953.6917,-2948.478,-2948.478,2215.5371,1887.3084,-328.2287,contribution
kia,EU27,2024,IE,S2,1,2025,8983,17213.353,16782.1644,-431.1886,-3379.6666,1916.2143,1868.2138,-48.0005,contribution
kia,EU27,2024,IE,S2,2,2026,8983,14887.7998,16625.3199,1737.5201,-1642.1465,1657.3305,1850.7536,193.4231,liability
kia,EU27,2024,IE,S2,3,2027,8983,12876.433,16481.9011,3605.4681,1963.3216,1433.4224,1834.7881,401.3657,liability
kia,EU27,2024,IE,S2,4,2028,8983,11136.8052,16350.7588,5213.9536,7177.2752,1239.7646,1820.1891,580.4245,liability
kia,EU27,2024,IE,S2,5,2029,8983,9632.2039,16230.8425,6598.6386,13775.9138,1072.2703,1806.8399,734.5696,liability
kia,EU27,2024,IE,S2,6,2030,8983,8330.877,16121.1908,7790.3138,21566.2276,927.4048,1794.6333,867.2285,liability
kia,EU27,2024,IE,S2,7,2031,8983,7205.3614,16020.9256,8815.5642,30381.7918,802.1108,1783.4716,981.3608,liability
kia,EU27,2024,IE,S2,8,2032,8983,6231.9051,15929.2427,9697.3376,40079.1294,693.7443,1773.2654,1079.5211,liability
kia,EU27,2024,IE,S2,9,2033,8983,5389.9641,15845.4082,10455.4441,50534.5735,600.0183,1763.9328,1163.9145,liability
kia,EU27,2024,IE,S2,10,2034,8983,4661.7707,15768.7498,11106.9791,61641.5526,518.9548,1755.3991,1236.4443,liability
kia,EU27,2024,IE,S2,11,2035,8983,4031.9578,15698.6534,11666.6956,73308.2482,448.8431,1747.5958,1298.7527,liability
kia,EU27,2024,IE,S2,12,2036,8983,3487.2334,15634.5572,12147.3238,85455.572,388.2037,1740.4606,1352.2569,liability
kia,EU27,2024,IE,S2,13,2037,8983,3016.1023,15575.9475,12559.8452,98015.4172,335.7567,1733.936,1398.1794,liability
kia,EU27,2024,IE,S2,14,2038,8983,2608.6218,15522.3549,12913.7331,110929.1503,290.3954,1727.97,1437.5747,liability
kia,EU27,2024,IE,S2,15,2039,8983,2256.1925,15473.35,13217.1575,124146.3078,251.1625,1722.5148,1471.3523,liability
kia,EU27,2024,IE,S2,16,2040,8983,1951.3772,15428.5396,13477.1624,137623.4702,217.23,1717.5264,1500.2964,liability
kia,EU27,2024,IE,S2,17,2041,8983,1687.7428,15387.5652,13699.8224,151323.2926,187.8819,1712.9651,1525.0832,liability
kia,EU27,2024,IE,S2,18,2042,8983,1459.7259,15350.098,13890.3721,165213.6647,162.4987,1708.7942,1546.2955,liability
kia,EU27,2024,IT,S1,0,2024,47627,75207.613,86537.9244,11330.3114,11330.3114,1579.0962,1816.993,237.8968,liability
kia,EU27,2024,IT,S1,1,2025,47627,73860.5769,86511.7111,12651.1342,23981.4456,1550.8131,1816.4426,265.6295,liability
kia,EU27,2024,IT,S1,2,2026,47627,72537.6674,86486.26,13948.5926,37930.0382,1523.0367,1815.9082,292.8715,liability
kia,EU27,2024,IT,S1,3,2027,47627,71238.4527,86461.5486,15223.0959,53153.1341,1495.7577,1815.3894,319.6316,liability
kia,EU27,2024,IT,S1,4,2028,47627,69962.5081,86437.5557,16475.0476,69628.1817,1468.9674,1814.8856,345.9182,liability
kia,EU27,2024,IT,S1,5,2029,47627,68709.417,86414.2602,17704.8432,87333.0249,1442.6568,1814.3965,371.7396,liability
kia,EU27,2024,IT,S1,6,2030,47627,67478.7694,86391.642,18912.8726,106245.8975,1416.8175,1813.9216,397.104,liability
kia,EU27,2024,IT,S1,7,2031,47627,66270.1639,86369.681,20099.5171,126345.4146,1391.4411,1813.4605,422.0194,liability
kia,EU27,2024,IT,S1,8,2032,47627,65083.206,86348.3586,21265.1526,147610.5672,1366.5191,1813.0128,446.4936,liability
kia,EU27,2024,IT,S1,9,2033,47627,63917.5074,86327.656,22410.1486,170020.7158,1342.0435,1812.5781,470.5345,liability
kia,EU27,2024,IT,S1,10,2034,47627,62772.6873,86307.5555,23534.8682,193555.584,1318.0063,1812.156,494.1497,liability
kia,EU27,2024,IT,S1,11,2035,47627,61648.3724,86288.0389,24639.6665,218195.2505,1294.3997,1811.7463,517.3466,liability
kia,EU27,2024,IT,S1,12,2036,47627,60544.1941,86269.0898,25724.8957,243920.1462,1271.2158,1811.3484,540.1326,liability
kia,EU27,2024,IT,S1,13,2037,47627,59459.7936,86250.6916,26790.898,270711.0442,1248.4472,1810.9621,562.5149,liability
kia,EU27,2024,IT,S1,14,2038,47627,58394.8154,86232.828,27838.0126,298549.0568,1226.0864,1810.587,584.5007,liability
kia,EU27,2024,IT,S1,15,2039,47627,57348.9115,86215.4839,28866.5724,327415.6292,1204.1261,1810.2229,606.0968,liability
kia,EU27,2024,IT,S1,16,2040,47627,56321.7411,86198.6442,29876.9031,357292.5323,1182.5591,1809.8693,627.3102,liability
kia,EU27,2024,IT,S1,17,2041,47627,55312.9682,86182.2938,30869.3256,388161.8579,1161.3784,1809.526,648.1476,liability
kia,EU27,2024,IT,S1,18,2042,47627,54322.263,86166.4187,31844.1557,420006.0136,1140.577,1809.1927,668.6156,liability
kia,EU27,2024,IT,S2,0,2024,47627,75207.613,86537.9244,11330.3114,11330.3114,1579.0962,1816.993,237.8968,liability
kia,EU27,2024,IT,S2,1,2025,47627,65046.9374,86460.7362,21413.7988,32744.1102,1365.7576,1815.3723,449.6147,liability
kia,EU27,2024,IT,S2,2,2026,47627,56258.9866,86390.1552,30131.1686,62875.2788,1181.2415,1813.8903,632.6489,liability
kia,EU27,2024,IT,S2,3,2027,47627,48658.3026,86325.6161,37667.3135,100542.5923,1021.6537,1812.5352,790.8815,liability
kia,EU27,2024,IT,S2,4,2028,47627,42084.4837,86266.6016,44182.1179,144724.7102,883.6266,1811.2961,927.6696,liability
kia,EU27,2024,IT,S2,5,2029,47627,36398.7991,86212.6385,49813.8394,194538.5496,764.2472,1810.1631,1045.916,liability
kia,EU27,2024,IT,S2,6,2030,47627,31481.2602,86163.2948,54682.0346,249220.5842,660.9961,1809.1271,1148.131,liability
kia,EU27,2024,IT,S2,7,2031,47627,27228.0886,86118.175,58890.0864,308110.6706,571.6944,1808.1797,1236.4853,liability
kia,EU27,2024,IT,S2,8,2032,47627,23549.528,86076.9172,62527.3892,370638.0598,494.4575,1807.3134,1312.8559,liability
kia,EU27,2024,IT,S2,9,2033,47627,20367.947,86039.1913,65671.2443,436309.3041,427.6555,1806.5213,1378.8659,liability
kia,EU27,2024,IT,S2,10,2034,47627,17616.2029,86004.6945,68388.4916,504697.7957,369.8785,1805.797,1435.9185,liability
kia,EU27,2024,IT,S2,11,2035,47627,15236.2245,85973.1508,70736.9263,575434.722,319.9073,1805.1347,1485.2274,liability
kia,EU27,2024,IT,S2,12,2036,47627,13177.7849,85944.3072,72766.5223,648201.2443,276.6873,1804.5291,1527.8418,liability
kia,EU27,2024,IT,S2,13,2037,47627,11397.4439,85917.9326,74520.4887,722721.733,239.3064,1803.9753,1564.669,liability
kia,EU27,2024,IT,S2,14,2038,47627,9857.6298,85893.8155,76036.1857,798757.9187,206.9757,1803.4689,1596.4933,liability
kia,EU27,2024,IT,S2,15,2039,47627,8525.8473,85871.7632,77345.9159,876103.8346,179.0129,1803.0059,1623.993,liability
kia,EU27,2024,IT,S2,16,2040,47627,7373.991,85851.5982,78477.6072,954581.4418,154.828,1802.5825,1647.7546,liability
kia,EU27,2024,IT,S2,17,2041,47627,6377.7523,85833.1595,79455.4072,1034036.849,133.9104,1802.1954,1668.2849,liability
kia,EU27,2024,IT,S2,18,2042,47627,5516.1072,85816.2992,80300.192,1114337.041,115.8189,1801.8414,1686.0225,liability
kia,EU27,2024,LT,S1,0,2024,2241,3646.9191,4387.2046,740.2855,740.2855,1627.3624,1957.6995,330.3371,liability
kia,EU27,2024,LT,S1,1,2025,2241,3529.7024,4384.0947,854.3923,1594.6778,1575.0568,1956.3118,381.2549,liability
kia,EU27,2024,LT,S1,2,2026,2241,3416.2531,4381.2319,964.9788,2559.6566,1524.4324,1955.0343,430.6019,liability
kia,EU27,2024,LT,S1,3,2027,2241,3306.4501,4378.5968,1072.1467,3631.8033,1475.4351,1953.8585,478.4233,liability
kia,EU27,2024,LT,S1,4,2028,2241,3200.1766,4376.171,1175.9944,4807.7977,1428.0128,1952.776,524.7632,liability
kia,EU27,2024,LT,S1,5,2029,2241,3097.3183,4373.938,1276.6197,6084.4174,1382.1144,1951.7796,569.6652,liability
kia,EU27,2024,LT,S1,6,2030,2241,2997.7665,4371.8826,1374.1161,7458.5335,1337.6914,1950.8624,613.171,liability
kia,EU27,2024,LT,S1,7,2031,2241,2901.4144,4369.9906,1468.5762,8927.1097,1294.6963,1950.0181,655.3218,liability
kia,EU27,2024,LT,S1,8,2032,2241,2808.1592,4368.249,1560.0898,10487.1995,1253.0831,1949.241,696.1579,liability
kia,EU27,2024,LT,S1,9,2033,2241,2717.901,4366.6457,1648.7447,12135.9442,1212.8072,1948.5255,735.7183,liability
kia,EU27,2024,LT,S1,10,2034,2241,2630.5443,4365.17,1734.6257,13870.5699,1173.8261,1947.867,774.0409,liability
kia,EU27,2024,LT,S1,11,2035,2241,2545.995,4363.8115,1817.8165,15688.3864,1136.0977,1947.2608,811.1631,liability
kia,EU27,2024,LT,S1,12,2036,2241,2464.1634,4362.561,1898.3976,17586.784,1099.5821,1946.7028,847.1207,liability
kia,EU27,2024,LT,S1,13,2037,2241,2384.962,4361.4099,1976.4479,19563.2319,1064.2401,1946.1892,881.9491,liability
kia,EU27,2024,LT,S1,14,2038,2241,2308.3059,4360.3503,2052.0444,21615.2763,1030.0339,1945.7163,915.6825,liability
kia,EU27,2024,LT,S1,15,2039,2241,2234.114,4359.3749,2125.2609,23740.5372,996.9273,1945.2811,948.3538,liability
kia,EU27,2024,LT,S1,16,2040,2241,2162.3064,4358.4771,2196.1707,25936.7079,964.8846,1944.8805,979.9959,liability
kia,EU27,2024,LT,S1,17,2041,2241,2092.807,4357.6506,2264.8436,28201.5515,933.8719,1944.5116,1010.6397,liability
kia,EU27,2024,LT,S1,18,2042,2241,2025.5415,4356.8899,2331.3484,30532.8999,903.8561,1944.1722,1040.3161,liability
kia,EU27,2024,LT,S1,19,2043,2241,1960.4378,4356.1895,2395.7517,32928.6516,874.8049,1943.8597,1069.0548,liability
kia,EU27,2024,LT,S1,20,2044,2241,1897.427,4355.5447,2458.1177,35386.7693,846.6876,1943.5719,1096.8843,liability
kia,EU27,2024,LT,S1,21,2045,2241,1836.4409,4354.9514,2518.5105,37905.2798,819.4739,1943.3072,1123.8333,liability
kia,EU27,2024,LT,S1,22,2046,2241,1777.4153,4354.4051,2576.9898,40482.2696,793.1349,1943.0634,1149.9285,liability
kia,EU27,2024,LT,S2,0,2024,2241,3646.9191,4387.2046,740.2855,740.2855,1627.3624,1957.6995,330.3371,liability
kia,EU27,2024,LT,S2,1,2025,2241,3154.2144,4383.8554,1229.641,1969.9265,1407.5031,1956.205,548.7019,liability
kia,EU27,2024,LT,S2,2,2026,2241,2728.0748,4380.7931,1652.7183,3622.6448,1217.3471,1954.8385,737.4914,liability
kia,EU27,2024,LT,S2,3,2027,2241,2359.5073,4377.9926,2018.4853,5641.1301,1052.8814,1953.5888,900.7074,liability
kia,EU27,2024,LT,S2,4,2028,2241,2040.7339,4375.432,2334.6981,7975.8282,910.6354,1952.4462,1041.8108,liability
kia,EU27,2024,LT,S2,5,2029,2241,1765.0272,4373.0907,2608.0635,10583.8917,787.607,1951.4015,1163.7945,liability
kia,EU27,2024,LT,S2,6,2030,2241,1526.5691,4370.9497,2844.3806,13428.2723,681.2,1950.4461,1269.2461,liability
kia,EU27,2024,LT,S2,7,2031,2241,1320.327,4368.992,3048.665,16476.9373,589.1687,1949.5725,1360.4038,liability
kia,EU27,2024,LT,S2,8,2032,2241,1141.9483,4367.2018,3225.2535,19702.1908,509.5709,1948.7737,1439.2028,liability
kia,EU27,2024,LT,S2,9,2033,2241,987.6696,4365.5649,3377.8953,23080.0861,440.7272,1948.0432,1507.3161,liability
kia,EU27,2024,LT,S2,10,2034,2241,854.2336,4364.068,3509.8344,26589.9205,381.1841,1947.3753,1566.1912,liability
kia,EU27,2024,LT,S2,11,2035,2241,738.8254,4362.6994,3623.874,30213.7945,329.6856,1946.7646,1617.079,liability
kia,EU27,2024,LT,S2,12,2036,2241,639.0087,4361.4479,3722.4392,33936.2337,285.1444,1946.2061,1661.0617,liability
kia,EU27,2024,LT,S2,13,2037,2241,552.6774,4360.3038,3807.6264,37743.8601,246.6209,1945.6956,1699.0747,liability
kia,EU27,2024,LT,S2,14,2038,2241,478.0097,4359.2571,3881.2474,41625.1075,213.302,1945.2285,1731.9266,liability
kia,EU27,2024,LT,S2,15,2039,2241,413.4298,4358.3004,3944.8706,45569.9781,184.4845,1944.8016,1760.3171,liability
kia,EU27,2024,LT,S2,16,2040,2241,357.5747,4357.4255,3999.8508,49569.8289,159.5603,1944.4112,1784.8509,liability
kia,EU27,2024,LT,S2,17,2041,2241,309.2659,4356.6254,4047.3595,53617.1884,138.0035,1944.0542,1806.0506,liability
kia,EU27,2024,LT,S2,18,2042,2241,267.4837,4355.8939,4088.4102,57705.5986,119.3591,1943.7278,1824.3687,liability
kia,EU27,2024,LT,S2,19,2043,2241,231.3461,4355.2249,4123.8788,61829.4774,103.2334,1943.4292,1840.1958,liability
kia,EU27,2024,LT,S2,20,2044,2241,200.0908,4354.6133,4154.5225,65983.9999,89.2864,1943.1563,1853.8699,liability
kia,EU27,2024,LT,S2,21,2045,2241,173.0579,4354.054,4180.9961,70164.996,77.2235,1942.9067,1865.6832,liability
kia,EU27,2024,LT,S2,22,2046,2241,149.6777,4353.5424,4203.8647,74368.8607,66.7906,1942.6784,1875.8879,liability
kia,EU27,2024,LV,S1,0,2024,801,1549.6656,1510.5055,-39.1601,-39.1601,1934.6637,1885.7747,-48.889,contribution
kia,EU27,2024,LV,S1,1,2025,801,1499.7849,1509.1213,9.3364,-29.8237,1872.3906,1884.0466,11.6559,liability
kia,EU27,2024,LV,S1,2,2026,801,1451.5096,1507.8169,56.3073,26.4836,1812.1218,1882.4181,70.2963,liability
kia,EU27,2024,LV,S1,3,2027,801,1404.7885,1506.5876,101.7991,128.2827,1753.7934,1880.8834,127.09,liability
kia,EU27,2024,LV,S1,4,2028,801,1359.5712,1505.4291,145.8579,274.1406,1697.3423,1879.4371,182.0948,liability
kia,EU27,2024,LV,S1,5,2029,801,1315.8092,1504.3375,188.5283,462.6689,1642.7081,1878.0743,235.3662,liability
kia,EU27,2024,LV,S1,6,2030,801,1273.456,1503.3089,229.8529,692.5218,1589.8327,1876.7901,286.9574,liability
kia,EU27,2024,LV,S1,7,2031,801,1232.4657,1502.3394,269.8737,962.3955,1538.6588,1875.5798,336.921,liability
kia,EU27,2024,LV,S1,8,2032,801,1192.7954,1501.4258,308.6304,1271.0259,1489.1328,1874.4392,385.3064,liability
kia,EU27,2024,LV,S1,9,2033,801,1154.4014,1500.565,346.1636,1617.1895,1441.2002,1873.3645,432.1643,liability
kia,EU27,2024,LV,S1,10,2034,801,1117.2436,1499.7536,382.51,1999.6995,1394.811,1872.3516,477.5406,liability
kia,EU27,2024,LV,S1,11,2035,801,1081.2819,1498.9892,417.7073,2417.4068,1349.915,1871.3973,521.4823,liability
kia,EU27,2024,LV,S1,12,2036,801,1046.4774,1498.2687,451.7913,2869.1981,1306.4637,1870.4978,564.0341,liability
kia,EU27,2024,LV,S1,13,2037,801,1012.7932,1497.5898,484.7966,3353.9947,1264.411,1869.6502,605.2392,liability
kia,EU27,2024,LV,S1,14,2038,801,980.1932,1496.9499,516.7567,3870.7514,1223.7119,1868.8513,645.1395,liability
kia,EU27,2024,LV,S1,15,2039,801,948.643,1496.3472,547.7042,4418.4556,1184.3233,1868.0989,683.7755,liability
kia,EU27,2024,LV,S1,16,2040,801,918.1081,1495.7789,577.6708,4996.1264,1146.2024,1867.3894,721.187,liability
kia,EU27,2024,LV,S1,17,2041,801,888.5559,1495.2434,606.6875,5602.8139,1109.3082,1866.7208,757.4126,liability
kia,EU27,2024,LV,S1,18,2042,801,859.9552,1494.7388,634.7836,6237.5975,1073.602,1866.0909,792.4889,liability
kia,EU27,2024,LV,S1,19,2043,801,832.275,1494.2633,661.9883,6899.5858,1039.0449,1865.4973,826.4523,liability
kia,EU27,2024,LV,S1,20,2044,801,805.4856,1493.8153,688.3297,7587.9155,1005.6,1864.938,859.338,liability
kia,EU27,2024,LV,S1,21,2045,801,779.5585,1493.3932,713.8347,8301.7502,973.2316,1864.411,891.1794,liability
kia,EU27,2024,LV,S1,22,2046,801,754.4661,1492.9951,738.529,9040.2792,941.9052,1863.914,922.0087,liability
kia,EU27,2024,LV,S2,0,2024,801,1549.6656,1510.5055,-39.1601,-39.1601,1934.6637,1885.7747,-48.889,contribution
kia,EU27,2024,LV,S2,1,2025,801,1340.3032,1508.4498,168.1466,128.9865,1673.2874,1883.2082,209.9208,liability
kia,EU27,2024,LV,S2,2,2026,801,1159.2259,1506.5699,347.344,476.3305,1447.2233,1880.8613,433.638,liability
kia,EU27,2024,LV,S2,3,2027,801,1002.6123,1504.8511,502.2388,978.5693,1251.7007,1878.7155,627.0147,liability
kia,EU27,2024,LV,S2,4,2028,801,867.1578,1503.2793,636.1215,1614.6908,1082.594,1876.7532,794.1592,liability
kia,EU27,2024,LV,S2,5,2029,801,750.0033,1501.8421,751.8388,2366.5296,936.3337,1874.9589,938.6252,liability
kia,EU27,2024,LV,S2,6,2030,801,648.6768,1500.5279,851.8511,3218.3807,809.8337,1873.3182,1063.4845,liability
kia,EU27,2024,LV,S2,7,2031,801,561.0393,1499.3264,938.2871,4156.6678,700.4236,1871.8182,1171.3946,liability
kia,EU27,2024,LV,S2,8,2032,801,485.2419,1498.2276,1012.9857,5169.6535,605.7951,1870.4464,1264.6513,liability
kia,EU27,2024,LV,S2,9,2033,801,419.6852,1497.2227,1077.5375,6247.191,523.9516,1869.1919,1345.2403,liability
kia,EU27,2024,LV,S2,10,2034,801,362.9849,1496.3039,1133.319,7380.51,453.1647,1868.0448,1414.8801,liability
kia,EU27,2024,LV,S2,11,2035,801,313.9451,1495.4638,1181.5187,8562.0287,391.9414,1866.996,1475.0546,liability
kia,EU27,2024,LV,S2,12,2036,801,271.5305,1494.6955,1223.165,9785.1937,338.9894,1866.0368,1527.0474,liability
kia,EU27,2024,LV,S2,13,2037,801,234.8464,1493.9932,1259.1468,11044.3405,293.1915,1865.16,1571.9685,liability
kia,EU27,2024,LV,S2,14,2038,801,203.1183,1493.3508,1290.2325,12334.573,253.5809,1864.3581,1610.7772,liability
kia,EU27,2024,LV,S2,15,2039,801,175.6766,1492.7636,1317.087,13651.66,219.3216,1863.625,1644.3034,liability
kia,EU27,2024,LV,S2,16,2040,801,151.9425,1492.2267,1340.2842,14991.9442,189.691,1862.9547,1673.2637,liability
kia,EU27,2024,LV,S2,17,2041,801,131.4147,1491.7354,1360.3207,16352.2649,164.0633,1862.3413,1698.278,liability
kia,EU27,2024,LV,S2,18,2042,801,113.6603,1491.2864,1377.6261,17729.891,141.898,1861.7808,1719.8828,liability
kia,EU27,2024,LV,S2,19,2043,801,98.3046,1490.8759,1392.5713,19122.4623,122.7273,1861.2683,1738.5409,liability
kia,EU27,2024,LV,S2,20,2044,801,85.0235,1490.5004,1405.4769,20527.9392,106.1467,1860.7995,1754.6528,liability
kia,EU27,2024,LV,S2,21,2045,801,73.5367,1490.157,1416.6203,21944.5595,91.8061,1860.3708,1768.5647,liability
kia,EU27,2024,LV,S2,22,2046,801,63.6015,1489.8431,1426.2416,23370.8011,79.4026,1859.9789,1780.5763,liability
kia,EU27,2024,MT,S1,0,2024,515,677.059,516.0091,-161.0499,-161.0499,1314.6777,1001.9594,-312.7183,contribution
kia,EU27,2024,MT,S1,1,2025,515,675.9743,515.4534,-160.5209,-321.5708,1312.5715,1000.8804,-311.6911,contribution
kia,EU27,2024,MT,S1,2,2026,515,674.8913,514.9081,-159.9832,-481.554,1310.4685,999.8216,-310.647,contribution
kia,EU27,2024,MT,S1,3,2027,515,673.8101,514.373,-159.4371,-640.9911,1308.3691,998.7825,-309.5866,contribution
kia,EU27,2024,MT,S1,4,2028,515,672.7304,513.8479,-158.8825,-799.8736,1306.2726,997.7629,-308.5097,contribution
kia,EU27,2024,MT,S1,5,2029,515,671.6528,513.3326,-158.3202,-958.1938,1304.1802,996.7623,-307.4179,contribution
kia,EU27,2024,MT,S1,6,2030,515,670.5768,512.827,-157.7498,-1115.9436,1302.0909,995.7806,-306.3103,contribution
kia,EU27,2024,MT,S1,7,2031,515,669.5021,512.3308,-157.1713,-1273.1149,1300.0041,994.8171,-305.187,contribution
kia,EU27,2024,MT,S1,8,2032,515,668.4298,511.8439,-156.5859,-1429.7008,1297.9219,993.8717,-304.0503,contribution
kia,EU27,2024,MT,S1,9,2033,515,667.3588,511.3663,-155.9925,-1585.6933,1295.8423,992.9443,-302.8981,contribution
kia,EU27,2024,MT,S1,10,2034,515,666.2896,510.8976,-155.392,-1741.0853,1293.7662,992.0342,-301.732,contribution
kia,EU27,2024,MT,S1,11,2035,515,665.2223,510.4374,-154.7849,-1895.8702,1291.6938,991.1406,-300.5532,contribution
kia,EU27,2024,MT,S1,12,2036,515,664.1562,509.9861,-154.1701,-2050.0403,1289.6237,990.2643,-299.3594,contribution
kia,EU27,2024,MT,S1,13,2037,515,663.0922,509.5431,-153.5491,-2203.5894,1287.5577,989.4041,-298.1536,contribution
kia,EU27,2024,MT,S1,14,2038,515,662.03,509.1086,-152.9214,-2356.5108,1285.4951,988.5604,-296.9348,contribution
kia,EU27,2024,MT,S1,15,2039,515,660.9692,508.6819,-152.2873,-2508.7981,1283.4353,987.7318,-295.7035,contribution
kia,EU27,2024,MT,S1,16,2040,515,659.9101,508.2636,-151.6465,-2660.4446,1281.3788,986.9196,-294.4592,contribution
kia,EU27,2024,MT,S1,17,2041,515,658.8532,507.853,-151.0002,-2811.4448,1279.3266,986.1223,-293.2043,contribution
kia,EU27,2024,MT,S1,18,2042,515,657.7974,507.4499,-150.3475,-2961.7923,1277.2765,985.3396,-291.9369,contribution
kia,EU27,2024,MT,S1,19,2043,515,656.7435,507.0546,-149.6889,-3111.4812,1275.2301,984.572,-290.6581,contribution
kia,EU27,2024,MT,S1,20,2044,515,655.6913,506.6666,-149.0247,-3260.5059,1273.187,983.8186,-289.3683,contribution
kia,EU27,2024,MT,S1,21,2045,515,654.6408,506.2859,-148.3549,-3408.8608,1271.1472,983.0794,-288.0678,contribution
kia,EU27,2024,MT,S2,0,2024,515,677.059,516.0091,-161.0499,-161.0499,1314.6777,1001.9594,-312.7183,contribution
kia,EU27,2024,MT,S2,1,2025,515,585.5874,513.4699,-72.1175,-233.1674,1137.0629,997.0289,-140.034,contribution
kia,EU27,2024,MT,S2,2,2026,515,506.4733,511.1479,4.6746,-228.4928,983.4433,992.5202,9.0769,liability
kia,EU27,2024,MT,S2,3,2027,515,438.048,509.0246,70.9766,-157.5162,850.5786,988.3973,137.8186,liability
kia,EU27,2024,MT,S2,4,2028,515,378.8669,507.0833,128.2164,-29.2998,735.6639,984.6278,248.9639,liability
kia,EU27,2024,MT,S2,5,2029,515,327.6813,505.308,177.6267,148.3269,636.2744,981.1806,344.9062,liability
kia,EU27,2024,MT,S2,6,2030,515,283.4112,503.6847,220.2735,368.6004,550.313,978.0285,427.7155,liability
kia,EU27,2024,MT,S2,7,2031,515,245.1218,502.2004,257.0786,625.679,475.9647,975.1464,499.1817,liability
kia,EU27,2024,MT,S2,8,2032,515,212.0053,500.8432,288.8379,914.5169,411.6608,972.5111,560.8503,liability
kia,EU27,2024,MT,S2,9,2033,515,183.3631,499.602,316.2389,1230.7558,356.0449,970.101,614.0561,liability
kia,EU27,2024,MT,S2,10,2034,515,158.5904,498.4673,339.8769,1570.6327,307.9425,967.8977,659.9551,liability
kia,EU27,2024,MT,S2,11,2035,515,137.1648,497.4295,360.2647,1930.8974,266.3394,965.8825,699.5431,liability
kia,EU27,2024,MT,S2,12,2036,515,118.6335,496.4805,377.847,2308.7444,230.3563,964.0398,733.6835,liability
kia,EU27,2024,MT,S2,13,2037,515,102.6058,495.613,393.0072,2701.7516,199.2346,962.3553,763.1208,liability
kia,EU27,2024,MT,S2,14,2038,515,88.7438,494.8195,406.0757,3107.8273,172.3181,960.8146,788.4965,liability
kia,EU27,2024,MT,S2,15,2039,515,76.7541,494.0939,417.3398,3525.1671,149.0371,959.4056,810.3685,liability
kia,EU27,2024,MT,S2,16,2040,515,66.3844,493.4307,427.0463,3952.2134,128.9017,958.1179,829.2161,liability
kia,EU27,2024,MT,S2,17,2041,515,57.4159,492.8241,435.4082,4387.6216,111.4872,956.94,845.4528,liability
kia,EU27,2024,MT,S2,18,2042,515,49.659,492.2695,442.6105,4830.2321,96.4252,955.8631,859.4379,liability
kia,EU27,2024,MT,S2,19,2043,515,42.9501,491.7622,448.8121,5279.0442,83.3983,954.8781,871.4798,liability
kia,EU27,2024,MT,S2,20,2044,515,37.1473,491.2984,454.1511,5733.1953,72.1307,953.9775,881.8468,liability
kia,EU27,2024,MT,S2,21,2045,515,32.1288,490.8744,458.7456,6191.9409,62.386,953.1542,890.7682,liability
kia,EU27,2024,NL,S1,0,2024,34774,53012.4881,49644.1497,-3368.3384,-3368.3384,1524.4863,1427.6226,-96.8637,contribution
kia,EU27,2024,NL,S1,1,2025,34774,51077.2093,49065.0975,-2012.1118,-5380.4502,1468.8333,1410.9708,-57.8625,contribution
kia,EU27,2024,NL,S1,2,2026,34774,49212.5798,48536.0818,-676.498,-6056.9482,1415.2119,1395.7578,-19.4541,contribution
kia,EU27,2024,NL,S1,3,2027,34774,47416.0208,48052.7795,636.7587,-5420.1895,1363.5481,1381.8594,18.3113,liability
kia,EU27,2024,NL,S1,4,2028,34774,45685.0471,47611.2397,1926.1926,-3493.9969,1313.7703,1369.162,55.3917,liability
kia,EU27,2024,NL,S1,5,2029,34774,44017.2645,47207.854,3190.5895,-303.4074,1265.8096,1357.5618,91.7522,liability
kia,EU27,2024,NL,S1,6,2030,34774,42410.3661,46839.3255,4428.9594,4125.552,1219.5999,1346.964,127.3641,liability
kia,EU27,2024,NL,S1,7,2031,34774,40862.1292,46502.6423,5640.5131,9766.0651,1175.077,1337.2819,162.2049,liability
kia,EU27,2024,NL,S1,8,2032,34774,39370.4127,46195.052,6824.6393,16590.7044,1132.1796,1328.4365,196.257,liability
kia,EU27,2024,NL,S1,9,2033,34774,37933.1529,45914.0413,7980.8884,24571.5928,1090.8481,1320.3555,229.5073,liability
kia,EU27,2024,NL,S1,10,2034,34774,36548.3614,45657.3131,9108.9517,33680.5445,1051.0255,1312.9727,261.9472,liability
kia,EU27,2024,NL,S1,11,2035,34774,35214.1236,45422.7692,10208.6456,43889.1901,1012.6567,1306.2279,293.5712,liability
kia,EU27,2024,NL,S1,12,2036,34774,33928.5936,45208.4922,11279.8986,55169.0887,975.6885,1300.0659,324.3774,liability
kia,EU27,2024,NL,S1,13,2037,34774,32689.9932,45012.7317,12322.7385,67491.8272,940.07,1294.4364,354.3664,liability
kia,EU27,2024,NL,S1,14,2038,34774,31496.6093,44833.887,13337.2777,80829.1049,905.7517,1289.2934,383.5417,liability
kia,EU27,2024,NL,S1,15,2039,34774,30346.7912,44670.4964,14323.7052,95152.8101,872.6862,1284.5947,411.9085,liability
kia,EU27,2024,NL,S2,0,2024,34774,53012.4881,49644.1497,-3368.3384,-3368.3384,1524.4863,1427.6226,-96.8637,contribution
kia,EU27,2024,NL,S2,1,2025,34774,45850.4114,49070.5359,3220.1245,-148.2139,1318.5257,1411.1272,92.6015,liability
kia,EU27,2024,NL,S2,2,2026,34774,39655.9436,48546.0232,8890.0796,8741.8657,1140.3906,1396.0437,255.6531,liability
kia,EU27,2024,NL,S2,3,2027,34774,34298.3586,48066.4088,13768.0502,22509.9159,986.3219,1382.2514,395.9294,liability
kia,EU27,2024,NL,S2,4,2028,34774,29664.5926,47627.8496,17963.257,40473.1729,853.0682,1369.6397,516.5715,liability
kia,EU27,2024,NL,S2,5,2029,34774,25656.8561,47226.8306,21569.9745,62043.1474,737.8172,1358.1075,620.2903,liability
kia,EU27,2024,NL,S2,6,2030,34774,22190.5716,46860.1391,24669.5675,86712.7149,638.1369,1347.5625,709.4256,liability
kia,EU27,2024,NL,S2,7,2031,34774,19192.5881,46524.8363,27332.2482,114044.9631,551.9235,1337.9202,785.9967,liability
kia,EU27,2024,NL,S2,8,2032,34774,16599.6371,46218.235,29618.5979,143663.561,477.3577,1329.1032,851.7455,liability
kia,EU27,2024,NL,S2,9,2033,34774,14356.9982,45937.8791,31580.8809,175244.4419,412.8659,1321.041,908.1751,liability
kia,EU27,2024,NL,S2,10,2034,34774,12417.3434,45681.5218,33264.1784,208508.6203,357.087,1313.6689,956.5819,liability
kia,EU27,2024,NL,S2,11,2035,34774,10739.7394,45447.1083,34707.3689,243215.9892,308.8439,1306.9278,998.0839,liability
kia,EU27,2024,NL,S2,12,2036,34774,9288.7824,45232.7606,35943.9782,279159.9674,267.1186,1300.7638,1033.6452,liability
kia,EU27,2024,NL,S2,13,2037,34774,8033.8523,45036.761,37002.9087,316162.8761,231.0304,1295.1274,1064.097,liability
kia,EU27,2024,NL,S2,14,2038,34774,6948.4653,44857.5391,37909.0738,354071.9499,199.8178,1289.9735,1090.1557,liability
kia,EU27,2024,NL,S2,15,2039,34774,6009.7159,44693.6586,38683.9427,392755.8926,172.8221,1285.2608,1112.4387,liability
kia,EU27,2024,PL,S1,0,2024,33133,50950.7938,66655.8613,15705.0675,15705.0675,1537.7658,2011.7666,474.0008,liability
kia,EU27,2024,PL,S1,1,2025,33133,51408.4959,66588.3446,15179.8487,30884.9162,1551.5799,2009.7288,458.1489,liability
kia,EU27,2024,PL,S1,2,2026,33133,51870.3091,66522.9596,14652.6505,45537.5667,1565.518,2007.7554,442.2374,liability
kia,EU27,2024,PL,S1,3,2027,33133,52336.2716,66459.6394,14123.3678,59660.9345,1579.5814,2005.8443,426.2629,liability
kia,EU27,2024,PL,S1,4,2028,33133,52806.4196,66398.3186,13591.899,73252.8335,1593.7712,2003.9936,410.2224,liability
kia,EU27,2024,PL,S1,5,2029,33133,53280.7912,66338.9344,13058.1432,86310.9767,1608.0883,2002.2013,394.1129,liability
kia,EU27,2024,PL,S1,6,2030,33133,53759.4241,66281.4252,12522.0011,98832.9778,1622.5342,2000.4656,377.9314,liability
kia,EU27,2024,PL,S1,7,2031,33133,54242.3568,66225.732,11983.3752,110816.353,1637.1097,1998.7847,361.6749,liability
kia,EU27,2024,PL,S1,8,2032,33133,54729.6277,66171.7975,11442.1698,122258.5228,1651.8162,1997.1568,345.3406,liability
kia,EU27,2024,PL,S1,9,2033,33133,55221.2756,66119.5661,10898.2905,133156.8133,1666.6549,1995.5804,328.9256,liability
kia,EU27,2024,PL,S1,10,2034,33133,55717.3401,66068.9842,10351.6441,143508.4574,1681.6268,1994.0538,312.427,liability
kia,EU27,2024,PL,S1,11,2035,33133,56217.8615,66019.9991,9802.1376,153310.595,1696.7332,1992.5754,295.8421,liability
kia,EU27,2024,PL,S1,12,2036,33133,56722.8786,65972.5609,9249.6823,162560.2773,1711.9753,1991.1436,279.1683,liability
kia,EU27,2024,PL,S1,13,2037,33133,57232.4326,65926.6211,8694.1885,171254.4658,1727.3544,1989.7571,262.4027,liability
kia,EU27,2024,PL,S1,14,2038,33133,57746.5639,65882.1315,8135.5676,179390.0334,1742.8716,1988.4143,245.5427,liability
kia,EU27,2024,PL,S1,15,2039,33133,58265.3138,65839.047,7573.7332,186963.7666,1758.5282,1987.114,228.5858,liability
kia,EU27,2024,PL,S1,16,2040,33133,58788.7239,65797.3231,7008.5992,193972.3658,1774.3254,1985.8547,211.5293,liability
kia,EU27,2024,PL,S1,17,2041,33133,59316.8357,65756.9164,6440.0807,200412.4465,1790.2646,1984.6351,194.3706,liability
kia,EU27,2024,PL,S1,18,2042,33133,59849.6918,65717.7856,5868.0938,206280.5403,1806.3469,1983.4541,177.1072,liability
kia,EU27,2024,PL,S1,19,2043,33133,60387.3346,65679.8908,5292.5562,211573.0965,1822.5737,1982.3104,159.7367,liability
kia,EU27,2024,PL,S1,20,2044,33133,60929.8072,65643.1923,4713.3851,216286.4816,1838.9463,1981.2028,142.2565,liability
kia,EU27,2024,PL,S1,21,2045,33133,61477.1528,65607.653,4130.5002,220416.9818,1855.4659,1980.1302,124.6642,liability
kia,EU27,2024,PL,S1,22,2046,33133,62029.415,65573.2354,3543.8204,223960.8022,1872.134,1979.0914,106.9574,liability
kia,EU27,2024,PL,S1,23,2047,33133,62586.6389,65539.9051,2953.2662,226914.0684,1888.9518,1978.0854,89.1337,liability
kia,EU27,2024,PL,S2,0,2024,33133,50950.7938,66655.8613,15705.0675,15705.0675,1537.7658,2011.7666,474.0008,liability
kia,EU27,2024,PL,S2,1,2025,33133,44067.2556,66472.8359,22405.5803,38110.6478,1330.011,2006.2426,676.2316,liability
kia,EU27,2024,PL,S2,2,2026,33133,38113.6949,66305.4778,28191.7829,66302.4307,1150.3243,2001.1915,850.8672,liability
kia,EU27,2024,PL,S2,3,2027,33133,32964.4707,66152.4453,33187.9746,99490.4053,994.9136,1996.5728,1001.6592,liability
kia,EU27,2024,PL,S2,4,2028,33133,28510.9149,66012.5126,37501.5977,136992.003,860.499,1992.3494,1131.8504,liability
kia,EU27,2024,PL,S2,5,2029,33133,24659.0423,65884.5579,41225.5156,178217.5186,744.2442,1988.4875,1244.2434,liability
kia,EU27,2024,PL,S2,6,2030,33133,21327.5641,65767.5562,44439.9921,222657.5107,643.6955,1984.9563,1341.2607,liability
kia,EU27,2024,PL,S2,7,2031,33133,18446.1743,65660.5699,47214.3956,269871.9063,556.7312,1981.7273,1424.9961,liability
kia,EU27,2024,PL,S2,8,2032,33133,15954.065,65562.7413,49608.6763,319480.5826,481.5159,1978.7747,1497.2588,liability
kia,EU27,2024,PL,S2,9,2033,33133,13798.6441,65473.2872,51674.6431,371155.2257,416.4623,1976.0748,1559.6126,liability
kia,EU27,2024,PL,S2,10,2034,33133,11934.4238,65391.4902,53457.0664,424612.2921,360.1975,1973.6061,1613.4086,liability
kia,EU27,2024,PL,S2,11,2035,33133,10322.063,65316.695,54994.632,479606.9241,311.5342,1971.3487,1659.8144,liability
kia,EU27,2024,PL,S2,12,2036,33133,8927.535,65248.3023,56320.7673,535927.6914,269.4454,1969.2845,1699.8391,liability
kia,EU27,2024,PL,S2,13,2037,33133,7721.4098,65185.7639,57464.3541,593392.0455,233.0429,1967.397,1734.3541,liability
kia,EU27,2024,PL,S2,14,2038,33133,6678.2341,65128.5788,58450.3447,651842.3902,201.5584,1965.671,1764.1127,liability
kia,EU27,2024,PL,S2,15,2039,33133,5775.9936,65076.2889,59300.2953,711142.6855,174.3275,1964.0929,1789.7653,liability
kia,EU27,2024,PL,S2,16,2040,33133,4995.6473,65028.4749,60032.8276,771175.5131,150.7756,1962.6498,1811.8742,liability
kia,EU27,2024,PL,S2,17,2041,33133,4320.7269,64984.7538,60664.0269,831839.54,130.4055,1961.3302,1830.9247,liability
kia,EU27,2024,PL,S2,18,2042,33133,3736.9893,64944.7751,61207.7858,893047.3258,112.7875,1960.1236,1847.3361,liability
kia,EU27,2024,PL,S2,19,2043,33133,3232.1155,64908.2186,61676.1031,954723.4289,97.5497,1959.0203,1861.4705,liability
kia,EU27,2024,PL,S2,20,2044,33133,2795.4517,64874.7913,62079.3396,1016802.7685,84.3706,1958.0114,1873.6408,liability
kia,EU27,2024,PL,S2,21,2045,33133,2417.7814,64844.2257,62426.4443,1079229.2128,72.972,1957.0889,1884.1169,liability
kia,EU27,2024,PL,S2,22,2046,33133,2091.1349,64816.2762,62725.1413,1141954.3541,63.1134,1956.2453,1893.132,liability
kia,EU27,2024,PL,S2,23,2047,33133,1808.6192,64790.7193,62982.1001,1204936.4542,54.5866,1955.474,1900.8873,liability
kia,EU27,2024,PT,S1,0,2024,7499,12387.8542,11131.4844,-1256.3698,-1256.3698,1651.9342,1484.3958,-167.5383,contribution
kia,EU27,2024,PT,S1,1,2025,7499,12134.7705,11076.5013,-1058.2692,-2314.639,1618.1852,1477.0638,-141.1214,contribution
kia,EU27,2024,PT,S1,2,2026,7499,11886.8579,11028.4918,-858.3661,-3173.0051,1585.1257,1470.6617,-114.4641,contribution
kia,EU27,2024,PT,S1,3,2027,7499,11644.0094,10986.5718,-657.4376,-3830.4427,1552.7416,1465.0716,-87.67,contribution
kia,EU27,2024,PT,S1,4,2028,7499,11406.1228,10949.9686,-456.1542,-4286.5969,1521.0192,1460.1905,-60.8287,contribution
kia,EU27,2024,PT,S1,5,2029,7499,11173.0962,10918.0079,-255.0883,-4541.6852,1489.9448,1455.9285,-34.0163,contribution
kia,EU27,2024,PT,S1,6,2030,7499,10944.8298,10890.1013,-54.7285,-4596.4137,1459.5052,1452.2071,-7.2981,contribution
kia,EU27,2024,PT,S1,7,2031,7499,10721.2273,10865.734,144.5067,-4451.907,1429.6876,1448.9577,19.2701,liability
kia,EU27,2024,PT,S1,8,2032,7499,10502.1929,10844.4573,342.2644,-4109.6426,1400.4791,1446.1205,45.6413,liability
kia,EU27,2024,PT,S1,9,2033,7499,10287.6336,10825.8793,538.2457,-3571.3969,1371.8674,1443.6431,71.7757,liability
kia,EU27,2024,PT,S1,10,2034,7499,10077.4574,10809.6575,732.2001,-2839.1968,1343.8402,1441.4799,97.6397,liability
kia,EU27,2024,PT,S1,11,2035,7499,9871.5753,10795.4935,923.9182,-1915.2786,1316.3856,1439.5911,123.2055,liability
kia,EU27,2024,PT,S1,12,2036,7499,9669.8995,10783.1259,1113.2264,-802.0522,1289.4919,1437.9418,148.45,liability
kia,EU27,2024,PT,S1,13,2037,7499,9472.3435,10772.3269,1299.9834,497.9312,1263.1476,1436.5018,173.3542,liability
kia,EU27,2024,PT,S1,14,2038,7499,9278.8237,10762.8975,1484.0738,1982.005,1237.3415,1435.2444,197.9029,liability
kia,EU27,2024,PT,S1,15,2039,7499,9089.2578,10754.6642,1665.4064,3647.4114,1212.0626,1434.1464,222.0838,liability
kia,EU27,2024,PT,S1,16,2040,7499,8903.5645,10747.4752,1843.9107,5491.3221,1187.3002,1433.1878,245.8875,liability
kia,EU27,2024,PT,S1,17,2041,7499,8721.6649,10741.1981,2019.5332,7510.8553,1163.0437,1432.3507,269.307,liability
kia,EU27,2024,PT,S1,18,2042,7499,8543.4816,10735.717,2192.2354,9703.0907,1139.2828,1431.6198,292.337,liability
kia,EU27,2024,PT,S1,19,2043,7499,8368.9382,10730.9313,2361.9931,12065.0838,1116.0072,1430.9816,314.9744,liability
kia,EU27,2024,PT,S1,20,2044,7499,8197.9611,10726.7523,2528.7912,14593.875,1093.2072,1430.4244,337.2171,liability
kia,EU27,2024,PT,S2,0,2024,7499,12387.8542,11131.4844,-1256.3698,-1256.3698,1651.9342,1484.3958,-167.5383,contribution
kia,EU27,2024,PT,S2,1,2025,7499,10714.2341,11094.3769,380.1428,-876.227,1428.755,1479.4475,50.6925,liability
kia,EU27,2024,PT,S2,2,2026,7499,9266.723,11060.4459,1793.7229,917.4959,1235.7278,1474.9228,239.1949,liability
kia,EU27,2024,PT,S2,3,2027,7499,8014.7732,11029.419,3014.6458,3932.1417,1068.7789,1470.7853,402.0064,liability
kia,EU27,2024,PT,S2,4,2028,7499,6931.9639,11001.0485,4069.0846,8001.2263,924.3851,1467.0021,542.617,liability
kia,EU27,2024,PT,S2,5,2029,7499,5995.444,10975.1061,4979.6621,12980.8884,799.4991,1463.5426,664.0435,liability
kia,EU27,2024,PT,S2,6,2030,7499,5185.4492,10951.3844,5765.9352,18746.8236,691.4854,1460.3793,768.8939,liability
kia,EU27,2024,PT,S2,7,2031,7499,4484.8863,10929.6934,6444.8071,25191.6307,598.0646,1457.4868,859.4222,liability
kia,EU27,2024,PT,S2,8,2032,7499,3878.9706,10909.8591,7030.8885,32222.5192,517.265,1454.8419,937.5768,liability
kia,EU27,2024,PT,S2,9,2033,7499,3354.9153,10891.7227,7536.8074,39759.3266,447.3817,1452.4233,1005.0417,liability
kia,EU27,2024,PT,S2,10,2034,7499,2901.6603,10875.1387,7973.4784,47732.805,386.9396,1450.2119,1063.2722,liability
kia,EU27,2024,PT,S2,11,2035,7499,2509.6412,10859.9744,8350.3332,56083.1382,334.6634,1448.1897,1113.5262,liability
kia,EU27,2024,PT,S2,12,2036,7499,2170.5845,10846.108,8675.5235,64758.6617,289.4499,1446.3406,1156.8907,liability
kia,EU27,2024,PT,S2,13,2037,7499,1877.3349,10833.4287,8956.0938,73714.7555,250.3447,1444.6498,1194.3051,liability
kia,EU27,2024,PT,S2,14,2038,7499,1623.7038,10821.8347,9198.1309,82912.8864,216.5227,1443.1037,1226.581,liability
kia,EU27,2024,PT,S2,15,2039,7499,1404.3384,10811.233,9406.8946,92319.781,187.2701,1441.69,1254.4199,liability
kia,EU27,2024,PT,S2,16,2040,7499,1214.6102,10801.5389,9586.9287,101906.7097,161.9696,1440.3972,1278.4276,liability
kia,EU27,2024,PT,S2,17,2041,7499,1050.5142,10792.6745,9742.1603,111648.87,140.0872,1439.2152,1299.1279,liability
kia,EU27,2024,PT,S2,18,2042,7499,908.5879,10784.5692,9875.9813,121524.8513,121.1612,1438.1343,1316.9731,liability
kia,EU27,2024,PT,S2,19,2043,7499,785.8361,10777.1575,9991.3214,131516.1727,104.7921,1437.146,1332.3538,liability
kia,EU27,2024,PT,S2,20,2044,7499,679.6684,10770.3802,10090.7118,141606.8845,90.6345,1436.2422,1345.6077,liability
kia,EU27,2024,RO,S1,0,2024,4368,5972.4101,8502.2912,2529.8811,2529.8811,1367.31,1946.4952,579.1852,liability
kia,EU27,2024,RO,S1,1,2025,4368,5938.9038,8494.7421,2555.8383,5085.7194,1359.6391,1944.767,585.1278,liability
kia,EU27,2024,RO,S1,2,2026,4368,5905.5853,8487.5328,2581.9475,7667.6669,1352.0113,1943.1165,591.1052,liability
kia,EU27,2024,RO,S1,3,2027,4368,5872.454,8480.6481,2608.1941,10275.861,1344.4263,1941.5403,597.114,liability
kia,EU27,2024,RO,S1,4,2028,4368,5839.5087,8474.0733,2634.5646,12910.4256,1336.8839,1940.0351,603.1512,liability
kia,EU27,2024,RO,S1,5,2029,4368,5806.7482,8467.7947,2661.0465,15571.4721,1329.3837,1938.5977,609.2139,liability
kia,EU27,2024,RO,S1,6,2030,4368,5774.1711,8461.7987,2687.6276,18259.0997,1321.9256,1937.225,615.2994,liability
kia,EU27,2024,RO,S1,7,2031,4368,5741.7768,8456.0725,2714.2957,20973.3954,1314.5093,1935.914,621.4047,liability
kia,EU27,2024,RO,S1,8,2032,4368,5709.5643,8450.6041,2741.0398,23714.4352,1307.1347,1934.6621,627.5274,liability
kia,EU27,2024,RO,S1,9,2033,4368,5677.5325,8445.3818,2767.8493,26482.2845,1299.8014,1933.4665,633.6651,liability
kia,EU27,2024,RO,S1,10,2034,4368,5645.6808,8440.3949,2794.7141,29276.9986,1292.5093,1932.3248,639.8155,liability
kia,EU27,2024,RO,S1,11,2035,4368,5614.0076,8435.6325,2821.6249,32098.6235,1285.2582,1931.2345,645.9764,liability
kia,EU27,2024,RO,S1,12,2036,4368,5582.5115,8431.0843,2848.5728,34947.1963,1278.0475,1930.1933,652.1458,liability
kia,EU27,2024,RO,S1,13,2037,4368,5551.1928,8426.7411,2875.5483,37822.7446,1270.8775,1929.199,658.3215,liability
kia,EU27,2024,RO,S1,14,2038,4368,5520.0494,8422.5932,2902.5438,40725.2884,1263.7476,1928.2494,664.5018,liability
kia,EU27,2024,RO,S1,15,2039,4368,5489.0815,8418.6319,2929.5504,43654.8388,1256.6579,1927.3425,670.6846,liability
kia,EU27,2024,RO,S1,16,2040,4368,5458.2868,8414.8494,2956.5626,46611.4014,1249.6078,1926.4765,676.8687,liability
kia,EU27,2024,RO,S1,17,2041,4368,5427.6645,8411.2369,2983.5724,49594.9738,1242.5972,1925.6495,683.0523,liability
kia,EU27,2024,RO,S1,18,2042,4368,5397.2146,8407.787,3010.5724,52605.5462,1235.6261,1924.8597,689.2336,liability
kia,EU27,2024,RO,S1,19,2043,4368,5366.9353,8404.4926,3037.5573,55643.1035,1228.694,1924.1054,695.4115,liability
kia,EU27,2024,RO,S1,20,2044,4368,5336.8256,8401.3464,3064.5208,58707.6243,1221.8007,1923.3852,701.5844,liability
kia,EU27,2024,RO,S1,21,2045,4368,5306.885,8398.3418,3091.4568,61799.0811,1214.9462,1922.6973,707.7511,liability
kia,EU27,2024,RO,S1,22,2046,4368,5277.1125,8395.4725,3118.36,64917.4411,1208.1302,1922.0404,713.9103,liability
kia,EU27,2024,RO,S1,23,2047,4368,5247.5074,8392.7326,3145.2252,68062.6663,1201.3524,1921.4131,720.0607,liability
kia,EU27,2024,RO,S1,24,2048,4368,5218.0675,8390.1157,3172.0482,71234.7145,1194.6125,1920.814,726.2015,liability
kia,EU27,2024,RO,S2,0,2024,4368,5972.4101,8502.2912,2529.8811,2529.8811,1367.31,1946.4952,579.1852,liability
kia,EU27,2024,RO,S2,1,2025,4368,5165.5277,8487.9377,3322.41,5852.2911,1182.5842,1943.2092,760.625,liability
kia,EU27,2024,RO,S2,2,2026,4368,4467.656,8474.8129,4007.1569,9859.448,1022.815,1940.2044,917.3894,liability
kia,EU27,2024,RO,S2,3,2027,4368,3864.0681,8462.8116,4598.7435,14458.1915,884.631,1937.4569,1052.8259,liability
kia,EU27,2024,RO,S2,4,2028,4368,3342.0257,8451.8374,5109.8117,19568.0032,765.1158,1934.9445,1169.8287,liability
kia,EU27,2024,RO,S2,5,2029,4368,2890.5123,8441.8027,5551.2904,25119.2936,661.7473,1932.6471,1270.8998,liability
kia,EU27,2024,RO,S2,6,2030,4368,2499.9994,8432.627,5932.6276,31051.9212,572.3442,1930.5465,1358.2023,liability
kia,EU27,2024,RO,S2,7,2031,4368,2162.2454,8424.2368,6261.9914,37313.9126,495.0196,1928.6256,1433.6061,liability
kia,EU27,2024,RO,S2,8,2032,4368,1870.1221,8416.5649,6546.4428,43860.3554,428.1415,1926.8693,1498.7277,liability
kia,EU27,2024,RO,S2,9,2033,4368,1617.4659,8409.5495,6792.0836,50652.439,370.299,1925.2632,1554.9642,liability
kia,EU27,2024,RO,S2,10,2034,4368,1398.9434,8403.1345,7004.1911,57656.6301,320.2709,1923.7945,1603.5236,liability
kia,EU27,2024,RO,S2,11,2035,4368,1209.9436,8397.2688,7187.3252,64843.9553,277.0017,1922.4516,1645.4499,liability
kia,EU27,2024,RO,S2,12,2036,4368,1046.4781,8391.9053,7345.4272,72189.3825,239.5783,1921.2237,1681.6454,liability
kia,EU27,2024,RO,S2,13,2037,4368,905.0971,8387.0007,7481.9036,79671.2861,207.2109,1920.1009,1712.89,liability
kia,EU27,2024,RO,S2,14,2038,4368,782.8169,8382.5162,7599.6993,87270.9854,179.2163,1919.0742,1739.8579,liability
kia,EU27,2024,RO,S2,15,2039,4368,677.0571,8378.4154,7701.3583,94972.3437,155.0039,1918.1354,1763.1315,liability
kia,EU27,2024,RO,S2,16,2040,4368,585.5857,8374.6656,7789.0799,102761.4236,134.0627,1917.2769,1783.2143,liability
kia,EU27,2024,RO,S2,17,2041,4368,506.4724,8371.2368,7864.7644,110626.188,115.9506,1916.4919,1800.5413,liability
kia,EU27,2024,RO,S2,18,2042,4368,438.0471,8368.1016,7930.0545,118556.2425,100.2855,1915.7742,1815.4887,liability
kia,EU27,2024,RO,S2,19,2043,4368,378.866,8365.2347,7986.3687,126542.6112,86.7367,1915.1178,1828.3811,liability
kia,EU27,2024,RO,S2,20,2044,4368,327.6807,8362.6132,8034.9325,134577.5437,75.0185,1914.5177,1839.4992,liability
kia,EU27,2024,RO,S2,21,2045,4368,283.4103,8360.216,8076.8057,142654.3494,64.8833,1913.9689,1849.0856,liability
kia,EU27,2024,RO,S2,22,2046,4368,245.1213,8358.0241,8112.9028,150767.2522,56.1175,1913.4671,1857.3495,liability
kia,EU27,2024,RO,S2,23,2047,4368,212.005,8356.02,8144.015,158911.2672,48.5359,1913.0082,1864.4723,liability
kia,EU27,2024,RO,S2,24,2048,4368,183.3626,8354.1871,8170.8245,167082.0917,41.9786,1912.5886,1870.61,liability
kia,EU27,2024,SE,S1,0,2024,19565,38217.8526,11910.139,-26307.7136,-26307.7136,1953.3786,608.7472,-1344.6314,contribution
kia,EU27,2024,SE,S1,1,2025,19565,36779.6866,11890.5582,-24889.1284,-51196.842,1879.8715,607.7464,-1272.1251,contribution
kia,EU27,2024,SE,S1,2,2026,19565,35395.6397,11871.2912,-23524.3485,-74721.1905,1809.1306,606.7616,-1202.3689,contribution
kia,EU27,2024,SE,S1,3,2027,19565,34063.6756,11852.3332,-22211.3424,-96932.5329,1741.0517,605.7927,-1135.259,contribution
kia,EU27,2024,SE,S1,4,2028,19565,32781.8342,11833.679,-20948.1552,-117880.6881,1675.5346,604.8392,-1070.6954,contribution
kia,EU27,2024,SE,S1,5,2029,19565,31548.2293,11815.3238,-19732.9055,-137613.5936,1612.483,603.901,-1008.5819,contribution
kia,EU27,2024,SE,S1,6,2030,19565,30361.0462,11797.2629,-18563.7833,-156177.3769,1551.804,602.9779,-948.8261,contribution
kia,EU27,2024,SE,S1,7,2031,19565,29218.5372,11779.4915,-17439.0457,-173616.4226,1493.4085,602.0696,-891.3389,contribution
kia,EU27,2024,SE,S1,8,2032,19565,28119.022,11762.0049,-16357.0171,-189973.4397,1437.2104,601.1758,-836.0346,contribution
kia,EU27,2024,SE,S1,9,2033,19565,27060.8825,11744.7989,-15316.0836,-205289.5233,1383.1271,600.2964,-782.8307,contribution
kia,EU27,2024,SE,S1,10,2034,19565,26042.5614,11727.8687,-14314.6927,-219604.216,1331.079,599.4311,-731.648,contribution
kia,EU27,2024,SE,S1,11,2035,19565,25062.5605,11711.2098,-13351.3507,-232955.5667,1280.9895,598.5796,-682.41,contribution
kia,EU27,2024,SE,S1,12,2036,19565,24119.4377,11694.8181,-12424.6196,-245380.1863,1232.785,597.7418,-635.0432,contribution
kia,EU27,2024,SE,S1,13,2037,19565,23211.8052,11678.689,-11533.1162,-256913.3025,1186.3943,596.9174,-589.4769,contribution
kia,EU27,2024,SE,S1,14,2038,19565,22338.328,11662.8185,-10675.5095,-267588.812,1141.7495,596.1062,-545.6432,contribution
kia,EU27,2024,SE,S1,15,2039,19565,21497.7201,11647.2024,-9850.5177,-277439.3297,1098.7846,595.3081,-503.4765,contribution
kia,EU27,2024,SE,S2,0,2024,19565,38217.8526,11910.139,-26307.7136,-26307.7136,1953.3786,608.7472,-1344.6314,contribution
kia,EU27,2024,SE,S2,1,2025,19565,33054.5562,11805.5849,-21248.9713,-47556.6849,1689.4739,603.4033,-1086.0706,contribution
kia,EU27,2024,SE,S2,2,2026,19565,28588.8301,11709.9803,-16878.8498,-64435.5347,1461.2231,598.5168,-862.7064,contribution
kia,EU27,2024,SE,S2,3,2027,19565,24726.4309,11622.5599,-13103.871,-77539.4057,1263.8094,594.0486,-669.7608,contribution
kia,EU27,2024,SE,S2,4,2028,19565,21385.8483,11542.6225,-9843.2258,-87382.6315,1093.0666,589.9628,-503.1038,contribution
kia,EU27,2024,SE,S2,5,2029,19565,18496.5844,11469.5278,-7027.0566,-94409.6881,945.3915,586.2268,-359.1647,contribution
kia,EU27,2024,SE,S2,6,2030,19565,15997.6644,11402.6898,-4594.9746,-99004.6627,817.6675,582.8106,-234.8569,contribution
kia,EU27,2024,SE,S2,7,2031,19565,13836.3531,11341.5733,-2494.7798,-101499.4425,707.1992,579.6869,-127.5124,contribution
kia,EU27,2024,SE,S2,8,2032,19565,11967.0384,11285.6883,-681.3501,-102180.7926,611.6554,576.8305,-34.8249,contribution
kia,EU27,2024,SE,S2,9,2033,19565,10350.2713,11234.587,884.3157,-101296.4769,529.0197,574.2186,45.1989,liability
kia,EU27,2024,SE,S2,10,2034,19565,8951.9321,11187.8601,2235.928,-99060.5489,457.5483,571.8303,114.282,liability
kia,EU27,2024,SE,S2,11,2035,19565,7742.5113,11145.1329,3402.6216,-95657.9273,395.7328,569.6465,173.9137,liability
kia,EU27,2024,SE,S2,12,2036,19565,6696.4848,11106.0632,4409.5784,-91248.3489,342.2686,567.6495,225.381,liability
kia,EU27,2024,SE,S2,13,2037,19565,5791.7787,11070.338,5278.5593,-85969.7896,296.0275,565.8236,269.796,liability
kia,EU27,2024,SE,S2,14,2038,19565,5009.2993,11037.6705,6028.3712,-79941.4184,256.0337,564.1539,308.1202,liability
kia,EU27,2024,SE,S2,15,2039,19565,4332.5345,11007.7995,6675.265,-73266.1534,221.4431,562.6271,341.184,liability
kia,EU27,2024,SI,S1,0,2024,2289,6679.9931,5360.3468,-1319.6463,-1319.6463,2918.3019,2341.7854,-576.5165,contribution
kia,EU27,2024,SI,S1,1,2025,2289,6600.5819,5359.6974,-1240.8845,-2560.5308,2883.6094,2341.5017,-542.1077,contribution
kia,EU27,2024,SI,S1,2,2026,2289,6522.1144,5359.075,-1163.0394,-3723.5702,2849.3291,2341.2298,-508.0993,contribution
kia,EU27,2024,SI,S1,3,2027,2289,6444.5801,5358.4789,-1086.1012,-4809.6714,2815.4566,2340.9694,-474.4872,contribution
kia,EU27,2024,SI,S1,4,2028,2289,6367.9673,5357.9077,-1010.0596,-5819.731,2781.9866,2340.7198,-441.2668,contribution
kia,EU27,2024,SI,S1,5,2029,2289,6292.2652,5357.3603,-934.9049,-6754.6359,2748.9145,2340.4807,-408.4338,contribution
kia,EU27,2024,SI,S1,6,2030,2289,6217.4629,5356.836,-860.6269,-7615.2628,2716.2354,2340.2516,-375.9838,contribution
kia,EU27,2024,SI,S1,7,2031,2289,6143.55,5356.3337,-787.2163,-8402.4791,2683.945,2340.0322,-343.9128,contribution
kia,EU27,2024,SI,S1,8,2032,2289,6070.5161,5355.8525,-714.6636,-9117.1427,2652.0385,2339.822,-312.2165,contribution
kia,EU27,2024,SI,S1,9,2033,2289,5998.3501,5355.3915,-642.9586,-9760.1013,2620.5112,2339.6206,-280.8906,contribution
kia,EU27,2024,SI,S1,10,2034,2289,5927.0423,5354.9497,-572.0926,-10332.1939,2589.3588,2339.4276,-249.9312,contribution
kia,EU27,2024,SI,S1,11,2035,2289,5856.5817,5354.5265,-502.0552,-10834.2491,2558.5765,2339.2427,-219.3339,contribution
kia,EU27,2024,SI,S1,12,2036,2289,5786.9593,5354.1211,-432.8382,-11267.0873,2528.1605,2339.0656,-189.0949,contribution
kia,EU27,2024,SI,S1,13,2037,2289,5718.1639,5353.7326,-364.4313,-11631.5186,2498.1057,2338.8958,-159.2098,contribution
kia,EU27,2024,SI,S1,14,2038,2289,5650.1868,5353.3603,-296.8265,-11928.3451,2468.4084,2338.7332,-129.6752,contribution
kia,EU27,2024,SI,S1,15,2039,2289,5583.0178,5353.0039,-230.0139,-12158.359,2439.0641,2338.5775,-100.4866,contribution
kia,EU27,2024,SI,S1,16,2040,2289,5516.6473,5352.6623,-163.985,-12322.344,2410.0687,2338.4283,-71.6405,contribution
kia,EU27,2024,SI,S1,17,2041,2289,5451.0655,5352.335,-98.7305,-12421.0745,2381.4179,2338.2853,-43.1326,contribution
kia,EU27,2024,SI,S2,0,2024,2289,6679.9931,5360.3468,-1319.6463,-1319.6463,2918.3019,2341.7854,-576.5165,contribution
kia,EU27,2024,SI,S2,1,2025,2289,5777.5147,5359.021,-418.4937,-1738.14,2524.0344,2341.2062,-182.8282,contribution
kia,EU27,2024,SI,S2,2,2026,2289,4996.9629,5357.8085,360.8456,-1377.2944,2183.0332,2340.6765,157.6433,liability
kia,EU27,2024,SI,S2,3,2027,2289,4321.8647,5356.7,1034.8353,-342.4591,1888.1017,2340.1922,452.0906,liability
kia,EU27,2024,SI,S2,4,2028,2289,3737.9734,5355.6861,1617.7127,1275.2536,1633.0159,2339.7493,706.7334,liability
kia,EU27,2024,SI,S2,5,2029,2289,3232.967,5354.7592,2121.7922,3397.0458,1412.3927,2339.3443,926.9516,liability
kia,EU27,2024,SI,S2,6,2030,2289,2796.1879,5353.9116,2557.7237,5954.7695,1221.5762,2338.974,1117.3979,liability
kia,EU27,2024,SI,S2,7,2031,2289,2418.418,5353.1368,2934.7188,8889.4883,1056.5391,2338.6356,1282.0965,liability
kia,EU27,2024,SI,S2,8,2032,2289,2091.6858,5352.428,3260.7422,12150.2305,913.799,2338.3259,1424.527,liability
kia,EU27,2024,SI,S2,9,2033,2289,1809.0953,5351.78,3542.6847,15692.9152,790.3431,2338.0428,1547.6997,liability
kia,EU27,2024,SI,S2,10,2034,2289,1564.6836,5351.1874,3786.5038,19479.419,683.5664,2337.7839,1654.2175,liability
kia,EU27,2024,SI,S2,11,2035,2289,1353.2922,5350.6455,3997.3533,23476.7723,591.2155,2337.5472,1746.3317,liability
kia,EU27,2024,SI,S2,12,2036,2289,1170.46,5350.1501,4179.6901,27656.4624,511.3412,2337.3308,1825.9896,liability
kia,EU27,2024,SI,S2,13,2037,2289,1012.329,5349.697,4337.368,31993.8304,442.2582,2337.1328,1894.8746,liability
kia,EU27,2024,SI,S2,14,2038,2289,875.5617,5349.2828,4473.7211,36467.5515,382.5084,2336.9519,1954.4435,liability
kia,EU27,2024,SI,S2,15,2039,2289,757.2716,5348.9041,4591.6325,41059.184,330.8308,2336.7864,2005.9557,liability
kia,EU27,2024,SI,S2,16,2040,2289,654.9628,5348.5577,4693.5949,45752.7789,286.1349,2336.6351,2050.5002,liability
kia,EU27,2024,SI,S2,17,2041,2289,566.4764,5348.2409,4781.7645,50534.5434,247.4777,2336.4967,2089.019,liability
kia,EU27,2024,SK,S1,0,2024,8696,15054.3987,16975.6169,1921.2182,1921.2182,1731.1866,1952.1179,220.9313,liability
kia,EU27,2024,SK,S1,1,2025,8696,14786.9926,16970.1665,2183.1739,4104.3921,1700.4361,1951.4911,251.055,liability
kia,EU27,2024,SK,S1,2,2026,8696,14524.3364,16965.0664,2440.73,6545.1221,1670.2319,1950.9046,280.6727,liability
kia,EU27,2024,SK,S1,3,2027,8696,14266.3456,16960.2936,2693.948,9239.0701,1640.5641,1950.3557,309.7916,liability
kia,EU27,2024,SK,S1,4,2028,8696,14012.9376,16955.8271,2942.8895,12181.9596,1611.4234,1949.8421,338.4188,liability
kia,EU27,2024,SK,S1,5,2029,8696,13764.0305,16951.6476,3187.6171,15369.5767,1582.8002,1949.3615,366.5613,liability
kia,EU27,2024,SK,S1,6,2030,8696,13519.5449,16947.7361,3428.1912,18797.7679,1554.6855,1948.9117,394.2262,liability
kia,EU27,2024,SK,S1,7,2031,8696,13279.4021,16944.0762,3664.6741,22462.442,1527.0702,1948.4908,421.4207,liability
kia,EU27,2024,SK,S1,8,2032,8696,13043.5244,16940.6508,3897.1264,26359.5684,1499.9453,1948.0969,448.1516,liability
kia,EU27,2024,SK,S1,9,2033,8696,12811.8364,16937.4456,4125.6092,30485.1776,1473.3023,1947.7283,474.4261,liability
kia,EU27,2024,SK,S1,10,2034,8696,12584.2644,16934.4462,4350.1818,34835.3594,1447.1325,1947.3834,500.2509,liability
kia,EU27,2024,SK,S1,11,2035,8696,12360.7345,16931.6393,4570.9048,39406.2642,1421.4276,1947.0606,525.633,liability
kia,EU27,2024,SK,S1,12,2036,8696,12141.1751,16929.0127,4787.8376,44194.1018,1396.1793,1946.7586,550.5793,liability
kia,EU27,2024,SK,S1,13,2037,8696,11925.5156,16926.5545,5001.0389,49195.1407,1371.3794,1946.4759,575.0965,liability
kia,EU27,2024,SK,S1,14,2038,8696,11713.6865,16924.2544,5210.5679,54405.7086,1347.0201,1946.2114,599.1913,liability
kia,EU27,2024,SK,S1,15,2039,8696,11505.6206,16922.1017,5416.4811,59822.1897,1323.0934,1945.9639,622.8704,liability
kia,EU27,2024,SK,S1,16,2040,8696,11301.2501,16920.0875,5618.8374,65441.0271,1299.5918,1945.7322,646.1405,liability
kia,EU27,2024,SK,S1,17,2041,8696,11100.5101,16918.2023,5817.6922,71258.7193,1276.5076,1945.5154,669.0078,liability
kia,EU27,2024,SK,S1,18,2042,8696,10903.3352,16916.4383,6013.1031,77271.8224,1253.8334,1945.3126,691.4792,liability
kia,EU27,2024,SK,S2,0,2024,8696,15054.3987,16975.6169,1921.2182,1921.2182,1731.1866,1952.1179,220.9313,liability
kia,EU27,2024,SK,S2,1,2025,8696,13020.5241,16968.3502,3947.8261,5869.0443,1497.3004,1951.2822,453.9818,liability
kia,EU27,2024,SK,S2,2,2026,8696,11261.4297,16961.7057,5700.276,11569.3203,1295.0126,1950.5181,655.5055,liability
kia,EU27,2024,SK,S2,3,2027,8696,9739.9913,16955.6301,7215.6388,18784.9591,1120.0542,1949.8195,829.7653,liability
kia,EU27,2024,SK,S2,4,2028,8696,8424.1021,16950.0744,8525.9723,27310.9314,968.733,1949.1806,980.4476,liability
kia,EU27,2024,SK,S2,5,2029,8696,7285.9916,16944.9943,9659.0027,36969.9341,837.8555,1948.5964,1110.7409,liability
kia,EU27,2024,SK,S2,6,2030,8696,6301.6418,16940.3491,10638.7073,47608.6414,724.6598,1948.0622,1223.4024,liability
kia,EU27,2024,SK,S2,7,2031,8696,5450.2792,16936.1014,11485.8222,59094.4636,626.757,1947.5738,1320.8167,liability
kia,EU27,2024,SK,S2,8,2032,8696,4713.9376,16932.2175,12218.2799,71312.7435,542.0811,1947.1271,1405.046,liability
kia,EU27,2024,SK,S2,9,2033,8696,4077.0767,16928.6661,12851.5894,84164.3329,468.8451,1946.7187,1477.8737,liability
kia,EU27,2024,SK,S2,10,2034,8696,3526.2564,16925.4184,13399.162,97563.4949,405.5033,1946.3453,1540.842,liability
kia,EU27,2024,SK,S2,11,2035,8696,3049.8536,16922.4491,13872.5955,111436.0904,350.7191,1946.0038,1595.2847,liability
kia,EU27,2024,SK,S2,12,2036,8696,2637.8132,16919.7337,14281.9205,125718.0109,303.3364,1945.6915,1642.3552,liability
kia,EU27,2024,SK,S2,13,2037,8696,2281.44,16917.2507,14635.8107,140353.8216,262.3551,1945.406,1683.0509,liability
kia,EU27,2024,SK,S2,14,2038,8696,1973.2136,16914.9803,14941.7667,155295.5883,226.9105,1945.1449,1718.2344,liability
kia,EU27,2024,SK,S2,15,2039,8696,1706.629,16912.9043,15206.2753,170501.8636,196.2545,1944.9062,1748.6517,liability
kia,EU27,2024,SK,S2,16,2040,8696,1476.0609,16911.0059,15434.945,185936.8086,169.7402,1944.6879,1774.9477,liability
kia,EU27,2024,SK,S2,17,2041,8696,1276.6425,16909.27,15632.6275,201569.4361,146.808,1944.4883,1797.6803,liability
kia,EU27,2024,SK,S2,18,2042,8696,1104.1657,16907.6828,15803.5171,217372.9532,126.974,1944.3057,1817.3318,liability
kia,KR,2024,KR,S1,0,2024,534866,1511062.9526,1337255.9406,-173807.012,-173807.012,2825.1243,2500.17,-324.9543,contribution
kia,KR,2024,KR,S1,1,2025,534866,1514130.5861,1336157.7557,-177972.8304,-351779.8424,2830.8597,2498.1168,-332.7428,contribution
kia,KR,2024,KR,S1,2,2026,534866,1517204.4469,1335083.5048,-182120.9421,-533900.7845,2836.6066,2496.1084,-340.4983,contribution
kia,KR,2024,KR,S1,3,2027,534866,1520284.5478,1334032.6663,-186251.8815,-720152.666,2842.3653,2494.1437,-348.2216,contribution
kia,KR,2024,KR,S1,4,2028,534866,1523370.9017,1333004.7294,-190366.1723,-910518.8383,2848.1356,2492.2218,-355.9138,contribution
kia,KR,2024,KR,S1,5,2029,534866,1526463.5216,1331999.1958,-194464.3258,-1104983.1641,2853.9177,2490.3419,-363.5758,contribution
kia,KR,2024,KR,S1,6,2030,534866,1529562.4191,1331015.5766,-198546.8425,-1303530.0066,2859.7114,2488.5029,-371.2086,contribution
kia,KR,2024,KR,S1,7,2031,534866,1532667.6084,1330053.3944,-202614.214,-1506144.2206,2865.517,2486.7039,-378.813,contribution
kia,KR,2024,KR,S1,8,2032,534866,1535779.1014,1329112.1819,-206666.9195,-1712811.1401,2871.3343,2484.9442,-386.3901,contribution
kia,KR,2024,KR,S1,9,2033,534866,1538896.9115,1328191.4825,-210705.429,-1923516.5691,2877.1635,2483.2229,-393.9406,contribution
kia,KR,2024,KR,S1,10,2034,534866,1542021.0506,1327290.8486,-214730.202,-2138246.7711,2883.0044,2481.539,-401.4654,contribution
kia,KR,2024,KR,S1,11,2035,42078,319864.6398,186140.324,-133724.3158,-2271971.0869,7601.7073,4423.697,-3178.0103,contribution
kia,KR,2024,KR,S1,12,2036,42078,320514.002,185908.6282,-134605.3738,-2406576.4607,7617.1396,4418.1907,-3198.9489,contribution
kia,KR,2024,KR,S2,0,2024,534866,1511062.9526,1337255.9406,-173807.012,-173807.012,2825.1243,2500.17,-324.9543,contribution
kia,KR,2024,KR,S2,1,2025,534866,1352124.2142,1333371.9379,-18752.2763,-192559.2883,2527.9682,2492.9084,-35.0598,contribution
kia,KR,2024,KR,S2,2,2026,534866,1209903.1918,1329787.3137,119884.1219,-72675.1664,2262.0679,2486.2065,224.1386,liability
kia,KR,2024,KR,S2,3,2027,534866,1082641.4602,1326478.9923,243837.5321,171162.3657,2024.1359,2480.0211,455.8853,liability
kia,KR,2024,KR,S2,4,2028,534866,968765.5509,1323425.6764,354660.1255,525822.4912,1811.2304,2474.3126,663.0822,liability
kia,KR,2024,KR,S2,5,2029,534866,866867.4963,1320607.7096,453740.2133,979562.7045,1620.719,2469.044,848.325,liability
kia,KR,2024,KR,S2,6,2030,534866,775687.4255,1318006.9519,542319.5264,1521882.2309,1450.2463,2464.1816,1013.9353,liability
kia,KR,2024,KR,S2,7,2031,534866,694097.9846,1315606.6604,621508.6758,2143390.9067,1297.7044,2459.6939,1161.9895,liability
kia,KR,2024,KR,S2,8,2032,534866,621090.3991,1313391.3832,692300.9841,2835691.8908,1161.2075,2455.5522,1294.3447,liability
kia,KR,2024,KR,S2,9,2033,534866,555761.9992,1311346.8596,755584.8604,3591276.7512,1039.0677,2451.7297,1412.662,liability
kia,KR,2024,KR,S2,10,2034,534866,497305.0626,1309459.9275,812154.8649,4403431.6161,929.7751,2448.2018,1518.4268,liability
kia,KR,2024,KR,S2,11,2035,42078,92119.6053,181115.15,88995.5447,4492427.1608,2189.2582,4304.2718,2115.0137,liability
kia,KR,2024,KR,S2,12,2036,42078,82430.1519,180683.0408,98252.8889,4590680.0497,1958.9846,4294.0026,2335.018,liability
kia,KR,2025,KR,S1,0,2025,544364,1546344.0205,1340775.9105,-205568.11,-205568.11,2840.6434,2463.0136,-377.6299,contribution
kia,KR,2025,KR,S1,1,2026,544364,1549483.2782,1339296.636,-210186.6422,-415754.7522,2846.4103,2460.2961,-386.1141,contribution
kia,KR,2025,KR,S1,2,2027,544364,1552628.9093,1337849.601,-214779.3083,-630534.0605,2852.1888,2457.6379,-394.5509,contribution
kia,KR,2025,KR,S1,3,2028,544364,1555780.9258,1336434.1027,-219346.8231,-849880.8836,2857.9791,2455.0376,-402.9415,contribution
kia,KR,2025,KR,S1,4,2029,544364,1558939.3419,1335049.4539,-223889.888,-1073770.7716,2863.7811,2452.494,-411.2871,contribution
kia,KR,2025,KR,S1,5,2030,544364,1562104.1696,1333694.9818,-228409.1878,-1302179.9594,2869.5949,2450.0058,-419.5891,contribution
kia,KR,2025,KR,S1,6,2031,544364,1565275.4218,1332370.0294,-232905.3924,-1535085.3518,2875.4205,2447.5719,-427.8486,contribution
kia,KR,2025,KR,S1,7,2032,544364,1568453.1129,1331073.953,-237379.1599,-1772464.5117,2881.258,2445.191,-436.067,contribution
kia,KR,2025,KR,S1,8,2033,544364,1571637.2544,1329806.1235,-241831.1309,-2014295.6426,2887.1073,2442.862,-444.2453,contribution
kia,KR,2025,KR,S1,9,2034,544364,1574827.8608,1328565.9249,-246261.9359,-2260557.5785,2892.9684,2440.5837,-452.3847,contribution
kia,KR,2025,KR,S1,10,2035,544364,1578024.9438,1327352.7552,-250672.1886,-2511229.7671,2898.8415,2438.3551,-460.4863,contribution
kia,KR,2025,KR,S1,11,2036,44514,338382.3987,202935.6748,-135446.7239,-2646676.491,7601.7073,4558.918,-3042.7893,contribution
kia,KR,2025,KR,S1,12,2037,44514,339069.3542,202738.2325,-136331.1217,-2783007.6127,7617.1396,4554.4825,-3062.6572,contribution
kia,KR,2025,KR,S2,0,2025,544364,1546344.0205,1340775.9105,-205568.11,-205568.11,2840.6434,2463.0136,-377.6299,contribution
kia,KR,2025,KR,S2,1,2026,544364,1383694.2993,1335544.0898,-48150.2095,-253718.3195,2541.8549,2453.4027,-88.4522,contribution
kia,KR,2025,KR,S2,2,2027,544364,1238152.6284,1330715.5378,92562.9094,-161155.4101,2274.494,2444.5326,170.0386,liability
kia,KR,2025,KR,S2,3,2028,544364,1107919.5248,1326259.1703,218339.6455,57184.2354,2035.2549,2436.3462,401.0913,liability
kia,KR,2025,KR,S2,4,2029,544364,991384.7825,1322146.2996,330761.5171,387945.7525,1821.1799,2428.7908,607.6109,liability
kia,KR,2025,KR,S2,5,2030,544364,887107.5602,1318350.4486,431242.8884,819188.6409,1629.622,2421.8178,792.1958,liability
kia,KR,2025,KR,S2,6,2031,544364,793798.5707,1314847.1817,521048.611,1340237.2519,1458.2128,2415.3823,957.1695,liability
kia,KR,2025,KR,S2,7,2032,544364,710304.1381,1311613.9468,601309.8087,1941547.0606,1304.833,2409.4428,1104.6098,liability
kia,KR,2025,KR,S2,8,2033,544364,635591.9343,1308629.9291,673037.9948,2614585.0554,1167.5863,2403.9612,1236.3749,liability
kia,KR,2025,KR,S2,9,2034,544364,568738.2137,1305875.9194,737137.7057,3351722.7611,1044.7756,2398.9021,1354.1265,liability
kia,KR,2025,KR,S2,10,2035,544364,508916.3944,1303334.1887,794417.7943,4146140.5554,934.8825,2394.2329,1459.3504,liability
kia,KR,2025,KR,S2,11,2036,44514,97452.6382,198653.4122,101200.774,4247341.3294,2189.2582,4462.7176,2273.4595,liability
kia,KR,2025,KR,S2,12,2037,44514,87202.2383,198285.1851,111082.9468,4358424.2762,1958.9846,4454.4455,2495.4609,liability
kia,KR,2026,KR,S1,0,2026,349551,958409.7782,771777.8066,-186631.9716,-186631.9716,2741.831,2207.9119,-533.9191,contribution
kia,KR,2026,KR,S1,1,2027,349551,960355.461,769769.4475,-190586.0135,-377217.9851,2747.3973,2202.1663,-545.2309,contribution
kia,KR,2026,KR,S1,2,2028,349551,962305.0945,767804.8584,-194500.2361,-571718.2212,2752.9748,2196.546,-556.4288,contribution
kia,KR,2026,KR,S1,3,2029,349551,964258.6849,765883.0856,-198375.5993,-770093.8205,2758.5637,2191.0482,-567.5155,contribution
kia,KR,2026,KR,S1,4,2030,349551,966216.2421,764003.1962,-202213.0459,-972306.8664,2764.1639,2185.6702,-578.4937,contribution
kia,KR,2026,KR,S1,5,2031,349551,968177.7728,762164.2767,-206013.4961,-1178320.3625,2769.7754,2180.4094,-589.3661,contribution
kia,KR,2026,KR,S1,6,2032,349551,970143.2861,760365.4349,-209777.8512,-1388098.2137,2775.3984,2175.2632,-600.1352,contribution
kia,KR,2026,KR,S1,7,2033,349551,972112.7898,758605.797,-213506.9928,-1601605.2065,2781.0328,2170.2292,-610.8036,contribution
kia,KR,2026,KR,S1,8,2034,349551,974086.2916,756884.509,-217201.7826,-1818806.9891,2786.6786,2165.3049,-621.3737,contribution
kia,KR,2026,KR,S1,9,2035,349551,976063.7998,755200.7345,-220863.0653,-2039670.0544,2792.3359,2160.488,-631.8479,contribution
kia,KR,2026,KR,S1,10,2036,349551,978045.3226,753553.6564,-224491.6662,-2264161.7206,2798.0046,2155.776,-642.2286,contribution
kia,KR,2026,KR,S1,11,2037,21679,164797.4125,97554.5578,-67242.8547,-2331404.5753,7601.7073,4499.9565,-3101.7508,contribution
kia,KR,2026,KR,S1,12,2038,21679,165131.9704,97447.6465,-67684.3239,-2399088.8992,7617.1396,4495.025,-3122.1147,contribution
kia,KR,2026,KR,S2,0,2026,349551,958409.7782,771777.8066,-186631.9716,-186631.9716,2741.831,2207.9119,-533.9191,contribution
kia,KR,2026,KR,S2,1,2027,349551,857600.9793,764674.746,-92926.2333,-279558.2049,2453.4359,2187.5914,-265.8446,contribution
kia,KR,2026,KR,S2,2,2028,349551,767395.5924,758119.1893,-9276.4031,-288834.608,2195.3752,2168.8371,-26.5381,contribution
kia,KR,2026,KR,S2,3,2029,349551,686678.3146,752068.9343,65390.6197,-223443.9883,1964.4582,2151.5285,187.0703,liability
kia,KR,2026,KR,S2,4,2030,349551,614451.1552,746485.033,132033.8778,-91410.1105,1757.8298,2135.554,377.7242,liability
kia,KR,2026,KR,S2,5,2031,349551,549821.0935,741331.5383,191510.4448,100100.3343,1572.9353,2120.8108,547.8755,liability
kia,KR,2026,KR,S2,6,2032,349551,491989.0412,736575.275,244586.2338,344686.5681,1407.4886,2107.204,699.7154,liability
kia,KR,2026,KR,S2,7,2033,349551,440239.9609,732185.6241,291945.6632,636632.2313,1259.4441,2094.6461,835.2019,liability
kia,KR,2026,KR,S2,8,2034,349551,393934.0256,728134.3272,334200.3016,970832.5329,1126.9715,2083.0561,956.0845,liability
kia,KR,2026,KR,S2,9,2035,349551,352498.705,724395.3046,371896.5996,1342729.1325,1008.4328,2072.3594,1063.9266,liability
kia,KR,2026,KR,S2,10,2036,349551,315421.6931,720944.485,405522.7919,1748251.9244,902.3624,2062.4873,1160.1248,liability
kia,KR,2026,KR,S2,11,2037,21679,47460.9279,95235.7932,47774.8653,1796026.7897,2189.2582,4392.9975,2203.7393,liability
kia,KR,2026,KR,S2,12,2038,21679,42468.8261,95036.4051,52567.579,1848594.3687,1958.9846,4383.8002,2424.8157,liability
kia,US,2024,US,S1,0,2024,794571,3081266.328,2805786.8356,-275479.4924,-275479.4924,3877.8993,3531.1971,-346.7022,contribution
kia,US,2024,US,S1,1,2025,794571,3047153.6167,2802670.5764,-244483.0403,-519962.5327,3834.9671,3527.2752,-307.6919,contribution
kia,US,2024,US,S1,2,2026,794571,3013418.5666,2799645.533,-213773.0336,-733735.5663,3792.5101,3523.4681,-269.0421,contribution
kia,US,2024,US,S1,3,2027,794571,2980056.9972,2796709.0349,-183347.9623,-917083.5286,3750.5232,3519.7723,-230.7509,contribution
kia,US,2024,US,S1,4,2028,794571,2947064.7742,2793858.4905,-153206.2837,-1070289.8123,3709.0012,3516.1848,-192.8164,contribution
kia,US,2024,US,S1,5,2029,794571,2914437.809,2791091.3836,-123346.4254,-1193636.2377,3667.9388,3512.7023,-155.2365,contribution
kia,US,2024,US,S1,6,2030,794571,2882172.0555,2788405.2724,-93766.7831,-1287403.0208,3627.331,3509.3217,-118.0093,contribution
kia,US,2024,US,S1,7,2031,794571,2850263.5179,2785797.7859,-64465.732,-1351868.7528,3587.1728,3506.0401,-81.1328,contribution
kia,US,2024,US,S1,8,2032,794571,2818708.239,2783266.6225,-35441.6165,-1387310.3693,3547.4592,3502.8545,-44.6047,contribution
kia,US,2024,US,S1,9,2033,794571,2787502.3085,2780809.5483,-6692.7602,-1394003.1295,3508.1853,3499.7622,-8.4231,contribution
kia,US,2024,US,S1,10,2034,794571,2756641.8595,2778424.3947,21782.5352,-1372220.5943,3469.3462,3496.7604,27.4142,liability
kia,US,2024,US,S1,11,2035,794571,2726123.0662,2776109.0566,49985.9904,-1322234.6039,3430.937,3493.8464,62.9094,liability
kia,US,2024,US,S1,12,2036,794571,2695942.1471,2773861.4899,77919.3428,-1244315.2611,3392.9531,3491.0178,98.0647,liability
kia,US,2024,US,S2,0,2024,794571,3081266.328,2805786.8356,-275479.4924,-275479.4924,3877.8993,3531.1971,-346.7022,contribution
kia,US,2024,US,S2,1,2025,794571,2877746.5027,2801171.9974,-76574.5053,-352053.9977,3621.7613,3525.3892,-96.3721,contribution
kia,US,2024,US,S2,2,2026,794571,2687669.306,2796757.1979,109087.8919,-242966.1058,3382.5414,3519.833,137.2916,liability
kia,US,2024,US,S2,3,2027,794571,2510146.8427,2792533.7666,282386.9239,39420.8181,3159.1221,3514.5176,355.3955,liability
kia,US,2024,US,S2,4,2028,794571,2344349.8639,2788493.4073,444143.5434,483564.3615,2950.4599,3509.4326,558.9728,liability
kia,US,2024,US,S2,5,2029,794571,2189503.8934,2784628.185,595124.2916,1078688.6531,2755.5799,3504.5681,748.9882,liability
kia,US,2024,US,S2,6,2030,794571,2044885.6084,2780930.5078,736044.8994,1814733.5525,2573.5719,3499.9144,926.3425,liability
kia,US,2024,US,S2,7,2031,794571,1909819.4645,2777393.1133,867573.6488,2682307.2013,2403.5857,3495.4625,1091.8768,liability
kia,US,2024,US,S2,8,2032,794571,1783674.5353,2774009.0538,990334.5185,3672641.7198,2244.8271,3491.2035,1246.3764,liability
kia,US,2024,US,S2,9,2033,794571,1665861.5671,2770771.6827,1104910.1156,4777551.8354,2096.5547,3487.1291,1390.5744,liability
kia,US,2024,US,S2,10,2034,794571,1555830.2296,2767674.6416,1211844.412,5989396.2474,1958.0758,3483.2314,1525.1556,liability
kia,US,2024,US,S2,11,2035,794571,1453066.5396,2764711.847,1311645.3074,7301041.5548,1828.7435,3479.5026,1650.7591,liability
kia,US,2024,US,S2,12,2036,794571,1357090.4641,2761877.4805,1404787.0164,8705828.5712,1707.9537,3475.9354,1767.9817,liability
kia,US,2025,US,S1,0,2025,852155,3304571.2814,3083552.49,-221018.7914,-221018.7914,3877.8993,3618.5348,-259.3645,contribution
kia,US,2025,US,S1,1,2026,852155,3267986.3603,3081037.2241,-186949.1362,-407967.9276,3834.9671,3615.5831,-219.384,contribution
kia,US,2025,US,S1,2,2027,852155,3231806.4697,3078595.5814,-153210.8883,-561178.8159,3792.5101,3612.7179,-179.7923,contribution
kia,US,2025,US,S1,3,2028,852155,3196027.1271,3076225.408,-119801.7191,-680980.535,3750.5232,3609.9365,-140.5868,contribution
kia,US,2025,US,S1,4,2029,852155,3160643.898,3073924.6113,-86719.2867,-767699.8217,3709.0012,3607.2365,-101.7647,contribution
kia,US,2025,US,S1,5,2030,852155,3125652.3974,3071691.161,-53961.2364,-821661.0581,3667.9388,3604.6155,-63.3233,contribution
kia,US,2025,US,S1,6,2031,852155,3091048.2868,3069523.0852,-21525.2016,-843186.2597,3627.331,3602.0713,-25.2597,contribution
kia,US,2025,US,S1,7,2032,852155,3056827.2793,3067418.4709,10591.1916,-832595.0681,3587.1728,3599.6016,12.4287,liability
kia,US,2025,US,S1,8,2033,852155,3022985.1322,3065375.4605,42390.3283,-790204.7398,3547.4592,3597.2041,49.7449,liability
kia,US,2025,US,S1,9,2034,852155,2989517.6512,3063392.2506,73874.5994,-716330.1404,3508.1853,3594.8768,86.6915,liability
kia,US,2025,US,S1,10,2035,852155,2956420.6897,3061467.0909,105046.4012,-611283.7392,3469.3462,3592.6176,123.2715,liability
kia,US,2025,US,S1,11,2036,852155,2923690.1439,3059598.282,135908.1381,-475375.6011,3430.937,3590.4246,159.4876,liability
kia,US,2025,US,S1,12,2037,852155,2891321.9592,3057784.1747,166462.2155,-308913.3856,3392.9531,3588.2958,195.3426,liability
kia,US,2025,US,S2,0,2025,852155,3304571.2814,3083552.49,-221018.7914,-221018.7914,3877.8993,3618.5348,-259.3645,contribution
kia,US,2025,US,S2,1,2026,852155,3086302.006,3079827.6565,-6474.3495,-227493.1409,3621.7613,3614.1637,-7.5976,contribution
kia,US,2025,US,S2,2,2027,852155,2882449.5701,3076264.2824,193814.7123,-33678.4286,3382.5414,3609.9821,227.4407,liability
kia,US,2025,US,S2,3,2028,852155,2692061.7322,3072855.3697,380793.6375,347115.2089,3159.1221,3605.9817,446.8596,liability
kia,US,2025,US,S2,4,2029,852155,2514249.1459,3069594.2227,555345.0768,902460.2857,2950.4599,3602.1548,651.6949,liability
kia,US,2025,US,S2,5,2030,852155,2348181.2075,3066474.4358,718293.2283,1620753.514,2755.5799,3598.4937,842.9138,liability
kia,US,2025,US,S2,6,2031,852155,2193082.1735,3063489.882,870407.7085,2491161.2225,2573.5719,3594.9914,1021.4195,liability
kia,US,2025,US,S2,7,2032,852155,2048227.5415,3060634.6993,1012407.1578,3503568.3803,2403.5857,3591.6408,1188.0552,liability
kia,US,2025,US,S2,8,2033,852155,1912940.6604,3057903.2799,1144962.6195,4648530.9998,2244.8271,3588.4355,1343.6084,liability
kia,US,2025,US,S2,9,2034,852155,1786589.5729,3055290.2586,1268700.6857,5917231.6855,2096.5547,3585.3692,1488.8145,liability
kia,US,2025,US,S2,10,2035,852155,1668584.0652,3052790.5039,1384206.4387,7301438.1242,1958.0758,3582.4357,1624.3599,liability
kia,US,2025,US,S2,11,2036,852155,1558372.9045,3050399.1055,1492026.201,8793464.3252,1828.7435,3579.6294,1750.8859,liability
kia,US,2025,US,S2,12,2037,852155,1455441.269,3048111.3668,1592670.0978,10386134.423,1707.9537,3576.9448,1868.9911,liability
kia,US,2026,US,S1,0,2026,506584,1964481.7408,1874304.2525,-90177.4883,-90177.4883,3877.8993,3699.8884,-178.0109,contribution
kia,US,2026,US,S1,1,2027,506584,1942732.9565,1873129.2104,-69603.7461,-159781.2344,3834.9671,3697.5688,-137.3982,contribution
kia,US,2026,US,S1,2,2028,506584,1921224.9518,1871988.5627,-49236.3891,-209017.6235,3792.5101,3695.3172,-97.1929,contribution
kia,US,2026,US,S1,3,2029,506584,1899955.0626,1870881.3026,-29073.76,-238091.3835,3750.5232,3693.1315,-57.3918,contribution
kia,US,2026,US,S1,4,2030,506584,1878920.6521,1869806.453,-9114.1991,-247205.5826,3709.0012,3691.0097,-17.9915,contribution
kia,US,2026,US,S1,5,2031,506584,1858119.1147,1868763.0652,10643.9505,-236561.6321,3667.9388,3688.95,21.0112,liability
kia,US,2026,US,S1,6,2032,506584,1837547.8701,1867750.2179,30202.3478,-206359.2843,3627.331,3686.9507,59.6196,liability
kia,US,2026,US,S1,7,2033,506584,1817204.3706,1866767.0175,49562.6469,-156796.6374,3587.1728,3685.0098,97.837,liability
kia,US,2026,US,S1,8,2034,506584,1797086.0936,1865812.5964,68726.5028,-88070.1346,3547.4592,3683.1258,135.6665,liability
kia,US,2026,US,S1,9,2035,506584,1777190.5462,1864886.1119,87695.5657,-374.5689,3508.1853,3681.2969,173.1116,liability
kia,US,2026,US,S1,10,2036,506584,1757515.2627,1863986.7463,106471.4836,106096.9147,3469.3462,3679.5216,210.1754,liability
kia,US,2026,US,S1,11,2037,506584,1738057.8041,1863113.7059,125055.9018,231152.8165,3430.937,3677.7982,246.8611,liability
kia,US,2026,US,S1,12,2038,506584,1718815.7593,1862266.2201,143450.4608,374603.2773,3392.9531,3676.1252,283.1721,liability
kia,US,2026,US,S2,0,2026,506584,1964481.7408,1874304.2525,-90177.4883,-90177.4883,3877.8993,3699.8884,-178.0109,contribution
kia,US,2026,US,S2,1,2027,506584,1834726.3294,1872564.1439,37837.8145,-52339.6738,3621.7613,3696.4534,74.6921,liability
kia,US,2026,US,S2,2,2028,506584,1713541.3546,1870899.4634,157358.1088,105018.435,3382.5414,3693.1673,310.6259,liability
kia,US,2026,US,S2,3,2029,506584,1600360.7332,1869306.9418,268946.2086,373964.6436,3159.1221,3690.0237,530.9015,liability
kia,US,2026,US,S2,4,2030,506584,1494655.7717,1867783.4508,373127.6791,747092.3227,2950.4599,3687.0163,736.5564,liability
kia,US,2026,US,S2,5,2031,506584,1395932.6988,1866325.9982,470393.2994,1217485.6221,2755.5799,3684.1393,928.5593,liability
kia,US,2026,US,S2,6,2032,506584,1303730.3541,1864931.7219,561201.3678,1778686.9899,2573.5719,3681.3869,1107.815,liability
kia,US,2026,US,S2,7,2033,506584,1217618.04,1863597.8828,645979.8428,2424666.8327,2403.5857,3678.7539,1275.1683,liability
kia,US,2026,US,S2,8,2034,506584,1137193.5052,1862321.8616,725128.3564,3149795.1891,2244.8271,3676.2351,1431.4079,liability
kia,US,2026,US,S2,9,2035,506584,1062081.0677,1861101.1518,799020.0841,3948815.2732,2096.5547,3673.8254,1577.2707,liability
kia,US,2026,US,S2,10,2036,506584,991929.8603,1859933.3562,868003.4959,4816818.7691,1958.0758,3671.5201,1713.4444,liability
kia,US,2026,US,S2,11,2037,506584,926412.1896,1858816.1806,932403.991,5749222.7601,1828.7435,3669.3148,1840.5713,liability
kia,US,2026,US,S2,12,2038,506584,865222.0076,1857747.4311,992525.4235,6741748.1836,1707.9537,3667.2051,1959.2514,liability
nissan,EU27,2024,AT,S1,0,2024,2799,6561.0286,5269.5299,-1291.4987,-1291.4987,2344.0617,1882.6473,-461.4143,contribution
nissan,EU27,2024,AT,S1,1,2025,2799,6386.1234,5266.4916,-1119.6318,-2411.1305,2281.5732,1881.5618,-400.0114,contribution
nissan,EU27,2024,AT,S1,2,2026,2799,6215.8807,5263.6016,-952.2791,-3363.4096,2220.7505,1880.5293,-340.2212,contribution
nissan,EU27,2024,AT,S1,3,2027,2799,6050.1762,5260.8527,-789.3235,-4152.7331,2161.5492,1879.5472,-282.002,contribution
nissan,EU27,2024,AT,S1,4,2028,2799,5888.8892,5258.2379,-630.6513,-4783.3844,2103.9261,1878.613,-225.3131,contribution
nissan,EU27,2024,AT,S1,5,2029,2799,5731.9018,5255.7507,-476.1511,-5259.5355,2047.8392,1877.7244,-170.1147,contribution
nissan,EU27,2024,AT,S1,6,2030,2799,5579.0996,5253.3849,-325.7147,-5585.2502,1993.2474,1876.8792,-116.3682,contribution
nissan,EU27,2024,AT,S1,7,2031,2799,5430.3705,5251.1346,-179.2359,-5764.4861,1940.1109,1876.0752,-64.0357,contribution
nissan,EU27,2024,AT,S1,8,2032,2799,5285.6065,5248.9942,-36.6123,-5801.0984,1888.391,1875.3105,-13.0805,contribution
nissan,EU27,2024,AT,S1,9,2033,2799,5144.7015,5246.9581,102.2566,-5698.8418,1838.0498,1874.5831,36.5333,liability
nissan,EU27,2024,AT,S1,10,2034,2799,5007.5531,5245.0216,237.4685,-5461.3733,1789.0508,1873.8912,84.8405,liability
nissan,EU27,2024,AT,S1,11,2035,2799,4874.0605,5243.1793,369.1188,-5092.2545,1741.3578,1873.233,131.8752,liability
nissan,EU27,2024,AT,S1,12,2036,2799,4744.1266,5241.4272,497.3006,-4594.9539,1694.9363,1872.6071,177.6708,liability
nissan,EU27,2024,AT,S1,13,2037,2799,4617.6567,5239.7604,622.1037,-3972.8502,1649.7523,1872.0116,222.2593,liability
nissan,EU27,2024,AT,S1,14,2038,2799,4494.5583,5238.175,743.6167,-3229.2335,1605.7729,1871.4452,265.6723,liability
nissan,EU27,2024,AT,S2,0,2024,2799,6561.0286,5269.5299,-1291.4987,-1291.4987,2344.0617,1882.6473,-461.4143,contribution
nissan,EU27,2024,AT,S2,1,2025,2799,5674.6228,5264.201,-410.4218,-1701.9205,2027.3751,1880.7435,-146.6316,contribution
nissan,EU27,2024,AT,S2,2,2026,2799,4907.9717,5259.3283,351.3566,-1350.5639,1753.4733,1879.0026,125.5293,liability
nissan,EU27,2024,AT,S2,3,2027,2799,4244.8962,5254.8727,1009.9765,-340.5874,1516.576,1877.4108,360.8348,liability
nissan,EU27,2024,AT,S2,4,2028,2799,3671.4037,5250.7984,1579.3947,1238.8073,1311.6841,1875.9551,564.2711,liability
nissan,EU27,2024,AT,S2,5,2029,2799,3175.391,5247.0729,2071.6819,3310.4892,1134.4734,1874.6241,740.1507,liability
nissan,EU27,2024,AT,S2,6,2030,2799,2746.3901,5243.6664,2497.2763,5807.7655,981.204,1873.4071,892.203,liability
nissan,EU27,2024,AT,S2,7,2031,2799,2375.3483,5240.5514,2865.2031,8672.9686,848.6418,1872.2942,1023.6524,liability
nissan,EU27,2024,AT,S2,8,2032,2799,2054.4348,5237.703,3183.2682,11856.2368,733.9889,1871.2765,1137.2877,liability
nissan,EU27,2024,AT,S2,9,2033,2799,1776.8771,5235.0986,3458.2215,15314.4583,634.8257,1870.3461,1235.5204,liability
nissan,EU27,2024,AT,S2,10,2034,2799,1536.8178,5232.7171,3695.8993,19010.3576,549.0596,1869.4952,1320.4356,liability
nissan,EU27,2024,AT,S2,11,2035,2799,1329.1913,5230.5393,3901.348,22911.7056,474.8808,1868.7171,1393.8364,liability
nissan,EU27,2024,AT,S2,12,2036,2799,1149.6152,5228.548,4078.9328,26990.6384,410.7235,1868.0057,1457.2822,liability
nissan,EU27,2024,AT,S2,13,2037,2799,994.3003,5226.7271,4232.4268,31223.0652,355.2341,1867.3552,1512.121,liability
nissan,EU27,2024,AT,S2,14,2038,2799,859.9687,5225.0622,4365.0935,35588.1587,307.2414,1866.7603,1559.5189,liability
nissan,EU27,2024,BE,S1,0,2024,8628,17197.5923,18835.2237,1637.6314,1637.6314,1993.2304,2183.0347,189.8043,liability
nissan,EU27,2024,BE,S1,1,2025,8628,16707.5287,18825.2891,2117.7604,3755.3918,1936.4312,2181.8833,245.4521,liability
nissan,EU27,2024,BE,S1,2,2026,8628,16231.4298,18815.788,2584.3582,6339.75,1881.2506,2180.7821,299.5315,liability
nissan,EU27,2024,BE,S1,3,2027,8628,15768.8982,18806.7012,3037.803,9377.553,1827.6424,2179.7289,352.0866,liability
nissan,EU27,2024,BE,S1,4,2028,8628,15319.5463,18798.0108,3478.4645,12856.0175,1775.5617,2178.7217,403.16,liability
nissan,EU27,2024,BE,S1,5,2029,8628,14882.9997,18789.6995,3906.6998,16762.7173,1724.9652,2177.7584,452.7932,liability
nissan,EU27,2024,BE,S1,6,2030,8628,14458.8928,18781.7508,4322.858,21085.5753,1675.8105,2176.8371,501.0267,liability
nissan,EU27,2024,BE,S1,7,2031,8628,14046.8711,18774.1487,4727.2776,25812.8529,1628.0565,2175.956,547.8996,liability
nissan,EU27,2024,BE,S1,8,2032,8628,13646.5907,18766.8785,5120.2878,30933.1407,1581.6633,2175.1134,593.4501,liability
nissan,EU27,2024,BE,S1,9,2033,8628,13257.7166,18759.9251,5502.2085,36435.3492,1536.5921,2174.3075,637.7154,liability
nissan,EU27,2024,BE,S1,10,2034,8628,12879.9237,18753.2753,5873.3516,42308.7008,1492.8053,2173.5368,680.7315,liability
nissan,EU27,2024,BE,S1,11,2035,8628,12512.8966,18746.9153,6234.0187,48542.7195,1450.2662,2172.7996,722.5335,liability
nissan,EU27,2024,BE,S1,12,2036,8628,12156.3283,18740.833,6584.5047,55127.2242,1408.9393,2172.0947,763.1554,liability
nissan,EU27,2024,BE,S1,13,2037,8628,11809.9208,18735.016,6925.0952,62052.3194,1368.7901,2171.4205,802.6304,liability
nissan,EU27,2024,BE,S2,0,2024,8628,17197.5923,18835.2237,1637.6314,1637.6314,1993.2304,2183.0347,189.8043,liability
nissan,EU27,2024,BE,S2,1,2025,8628,14874.1687,18815.729,3941.5603,5579.1917,1723.9417,2180.7753,456.8336,liability
nissan,EU27,2024,BE,S2,2,2026,8628,12864.6433,18797.903,5933.2597,11512.4514,1491.0342,2178.7092,687.675,liability
nissan,EU27,2024,BE,S2,3,2027,8628,11126.6086,18781.603,7654.9944,19167.4458,1289.593,2176.82,887.227,liability
nissan,EU27,2024,BE,S2,4,2028,8628,9623.3849,18766.6982,9143.3133,28310.7591,1115.3668,2175.0925,1059.7257,liability
nissan,EU27,2024,BE,S2,5,2029,8628,8323.2494,18753.0693,10429.8199,38740.579,964.6789,2173.5129,1208.834,liability
nissan,EU27,2024,BE,S2,6,2030,8628,7198.7642,18740.6068,11541.8426,50282.4216,834.3491,2172.0685,1337.7194,liability
nissan,EU27,2024,BE,S2,7,2031,8628,6226.1991,18729.2114,12503.0123,62785.4339,721.6272,2170.7477,1449.1206,liability
nissan,EU27,2024,BE,S2,8,2032,8628,5385.0291,18718.7913,13333.7622,76119.1961,624.1341,2169.54,1545.4059,liability
nissan,EU27,2024,BE,S2,9,2033,8628,4657.5027,18709.2632,14051.7605,90170.9566,539.8126,2168.4357,1628.6231,liability
nissan,EU27,2024,BE,S2,10,2034,8628,4028.2662,18700.5505,14672.2843,104843.2409,466.883,2167.4259,1700.5429,liability
nissan,EU27,2024,BE,S2,11,2035,8628,3484.0405,18692.5838,15208.5433,120051.7842,403.8063,2166.5025,1762.6963,liability
nissan,EU27,2024,BE,S2,12,2036,8628,3013.3409,18685.2991,15671.9582,135723.7424,349.2514,2165.6582,1816.4068,liability
nissan,EU27,2024,BE,S2,13,2037,8628,2606.2334,18678.6379,16072.4045,151796.1469,302.0669,2164.8862,1862.8193,liability
nissan,EU27,2024,BG,S1,0,2024,1205,2413.3466,2513.1516,99.805,99.805,2002.7773,2085.603,82.8257,liability
nissan,EU27,2024,BG,S1,1,2025,1205,2458.8034,2512.4069,53.6035,153.4085,2040.5007,2084.985,44.4842,liability
nissan,EU27,2024,BG,S1,2,2026,1205,2505.1165,2511.6986,6.5821,159.9906,2078.9349,2084.3972,5.4623,liability
nissan,EU27,2024,BG,S1,3,2027,1205,2552.3022,2511.0246,-41.2776,118.713,2118.0931,2083.8378,-34.2553,contribution
nissan,EU27,2024,BG,S1,4,2028,1205,2600.3764,2510.3834,-89.993,28.72,2157.9887,2083.3057,-74.683,contribution
nissan,EU27,2024,BG,S1,5,2029,1205,2649.3558,2509.7734,-139.5824,-110.8624,2198.6355,2082.7995,-115.836,contribution
nissan,EU27,2024,BG,S1,6,2030,1205,2699.2581,2509.1932,-190.0649,-300.9273,2240.0482,2082.318,-157.7302,contribution
nissan,EU27,2024,BG,S1,7,2031,1205,2750.1004,2508.6412,-241.4592,-542.3865,2282.241,2081.8599,-200.3811,contribution
nissan,EU27,2024,BG,S1,8,2032,1205,2801.9004,2508.1161,-293.7843,-836.1708,2325.2285,2081.4241,-243.8044,contribution
nissan,EU27,2024,BG,S1,9,2033,1205,2854.676,2507.6165,-347.0595,-1183.2303,2369.0257,2081.0095,-288.0162,contribution
nissan,EU27,2024,BG,S1,10,2034,1205,2908.4456,2507.1412,-401.3044,-1584.5347,2413.6478,2080.6151,-333.0327,contribution
nissan,EU27,2024,BG,S1,11,2035,1205,2963.2279,2506.6891,-456.5388,-2041.0735,2459.1103,2080.2399,-378.8704,contribution
nissan,EU27,2024,BG,S1,12,2036,1205,3019.0422,2506.259,-512.7832,-2553.8567,2505.4292,2079.883,-425.5462,contribution
nissan,EU27,2024,BG,S1,13,2037,1205,3075.9079,2505.8498,-570.0581,-3123.9148,2552.6207,2079.5434,-473.0773,contribution
nissan,EU27,2024,BG,S1,14,2038,1205,3133.8444,2505.4605,-628.3839,-3752.2987,2600.7007,2079.2203,-521.4804,contribution
nissan,EU27,2024,BG,S1,15,2039,1205,3192.8725,2505.0902,-687.7823,-4440.081,2649.6867,2078.913,-570.7737,contribution
nissan,EU27,2024,BG,S1,16,2040,1205,3253.0122,2504.7378,-748.2744,-5188.3554,2699.5952,2078.6206,-620.9746,contribution
nissan,EU27,2024,BG,S1,17,2041,1205,3314.2846,2504.4026,-809.882,-5998.2374,2750.4437,2078.3424,-672.1012,contribution
nissan,EU27,2024,BG,S1,18,2042,1205,3376.7116,2504.0838,-872.6278,-6870.8652,2802.2503,2078.0778,-724.1724,contribution
nissan,EU27,2024,BG,S2,0,2024,1205,2413.3466,2513.1516,99.805,99.805,2002.7773,2085.603,82.8257,liability
nissan,EU27,2024,BG,S2,1,2025,1205,2087.2994,2511.8418,424.5424,524.3474,1732.1987,2084.516,352.3173,liability
nissan,EU27,2024,BG,S2,2,2026,1205,1805.3017,2510.6442,705.3425,1229.6899,1498.1757,2083.5222,585.3465,liability
nissan,EU27,2024,BG,S2,3,2027,1205,1561.4024,2509.5492,948.1468,2177.8367,1295.7696,2082.6134,786.8438,liability
nissan,EU27,2024,BG,S2,4,2028,1205,1350.4543,2508.5479,1158.0936,3335.9303,1120.709,2081.7825,961.0735,liability
nissan,EU27,2024,BG,S2,5,2029,1205,1168.0057,2507.6321,1339.6264,4675.5567,969.2993,2081.0225,1111.7232,liability
nissan,EU27,2024,BG,S2,6,2030,1205,1010.2059,2506.7949,1496.589,6172.1457,838.3451,2080.3277,1241.9826,liability
nissan,EU27,2024,BG,S2,7,2031,1205,873.7257,2506.0293,1632.3036,7804.4493,725.0836,2079.6924,1354.6088,liability
nissan,EU27,2024,BG,S2,8,2032,1205,755.6838,2505.3294,1749.6456,9554.0949,627.1235,2079.1115,1451.988,liability
nissan,EU27,2024,BG,S2,9,2033,1205,653.5896,2504.6891,1851.0995,11405.1944,542.398,2078.5802,1536.1822,liability
nissan,EU27,2024,BG,S2,10,2034,1205,565.2887,2504.1038,1938.8151,13344.0095,469.1193,2078.0944,1608.9752,liability
nissan,EU27,2024,BG,S2,11,2035,1205,488.917,2503.5686,2014.6516,15358.6611,405.7402,2077.6503,1671.91,liability
nissan,EU27,2024,BG,S2,12,2036,1205,422.8636,2503.0792,2080.2156,17438.8767,350.9241,2077.2441,1726.32,liability
nissan,EU27,2024,BG,S2,13,2037,1205,365.7339,2502.6317,2136.8978,19575.7745,303.5136,2076.8728,1773.3592,liability
nissan,EU27,2024,BG,S2,14,2038,1205,316.3227,2502.2225,2185.8998,21761.6743,262.5085,2076.5332,1814.0247,liability
nissan,EU27,2024,BG,S2,15,2039,1205,273.5869,2501.8483,2228.2614,23989.9357,227.0431,2076.2227,1849.1796,liability
nissan,EU27,2024,BG,S2,16,2040,1205,236.6248,2501.5062,2264.8814,26254.8171,196.3691,2075.9388,1879.5696,liability
nissan,EU27,2024,BG,S2,17,2041,1205,204.6564,2501.1933,2296.5369,28551.354,169.8393,2075.6791,1905.8398,liability
nissan,EU27,2024,BG,S2,18,2042,1205,177.0071,2500.9072,2323.9001,30875.2541,146.8939,2075.4417,1928.5478,liability
nissan,EU27,2024,CY,S1,0,2024,1460,2987.3156,2836.5407,-150.7749,-150.7749,2046.1066,1942.8361,-103.2705,contribution
nissan,EU27,2024,CY,S1,1,2025,1460,2929.2935,2833.8014,-95.4921,-246.267,2006.3654,1940.9599,-65.4055,contribution
nissan,EU27,2024,CY,S1,2,2026,1460,2872.3984,2831.1124,-41.286,-287.553,1967.3962,1939.1181,-28.2781,contribution
nissan,EU27,2024,CY,S1,3,2027,1460,2816.6083,2828.473,11.8647,-275.6883,1929.1838,1937.3103,8.1265,liability
nissan,EU27,2024,CY,S1,4,2028,1460,2761.902,2825.8824,63.9804,-211.7079,1891.7137,1935.5359,43.8222,liability
nissan,EU27,2024,CY,S1,5,2029,1460,2708.258,2823.3395,115.0815,-96.6264,1854.9712,1933.7942,78.8229,liability
nissan,EU27,2024,CY,S1,6,2030,1460,2655.656,2820.8436,165.1876,68.5612,1818.9425,1932.0847,113.1422,liability
nissan,EU27,2024,CY,S1,7,2031,1460,2604.0757,2818.3937,214.318,282.8792,1783.6135,1930.4066,146.7932,liability
nissan,EU27,2024,CY,S1,8,2032,1460,2553.4974,2815.989,262.4916,545.3708,1748.9708,1928.7596,179.7888,liability
nissan,EU27,2024,CY,S1,9,2033,1460,2503.9013,2813.6288,309.7275,855.0983,1715.0009,1927.143,212.1421,liability
nissan,EU27,2024,CY,S1,10,2034,1460,2455.2685,2811.3119,356.0434,1211.1417,1681.6908,1925.5561,243.8653,liability
nissan,EU27,2024,CY,S1,11,2035,1460,2407.5802,2809.0379,401.4577,1612.5994,1649.0275,1923.9986,274.971,liability
nissan,EU27,2024,CY,S1,12,2036,1460,2360.8184,2806.8057,445.9873,2058.5867,1616.9989,1922.4697,305.4708,liability
nissan,EU27,2024,CY,S1,13,2037,1460,2314.9647,2804.6148,489.6501,2548.2368,1585.5923,1920.969,335.3768,liability
nissan,EU27,2024,CY,S1,14,2038,1460,2270.0016,2802.4643,532.4627,3080.6995,1554.7956,1919.4961,364.7005,liability
nissan,EU27,2024,CY,S1,15,2039,1460,2225.9117,2800.3535,574.4418,3655.1413,1524.5971,1918.0503,393.4533,liability
nissan,EU27,2024,CY,S1,16,2040,1460,2182.6783,2798.2816,615.6033,4270.7446,1494.9851,1916.6312,421.6461,liability
nissan,EU27,2024,CY,S1,17,2041,1460,2140.2844,2796.248,655.9636,4926.7082,1465.9482,1915.2384,449.2901,liability
nissan,EU27,2024,CY,S1,18,2042,1460,2098.7142,2794.2518,695.5376,5622.2458,1437.4755,1913.8711,476.3956,liability
nissan,EU27,2024,CY,S1,19,2043,1460,2057.9513,2792.2925,734.3412,6356.587,1409.5557,1912.5291,502.9734,liability
nissan,EU27,2024,CY,S1,20,2044,1460,2017.9803,2790.3692,772.3889,7128.9759,1382.1783,1911.2118,529.0335,liability
nissan,EU27,2024,CY,S2,0,2024,1460,2987.3156,2836.5407,-150.7749,-150.7749,2046.1066,1942.8361,-103.2705,contribution
nissan,EU27,2024,CY,S2,1,2025,1460,2583.7241,2823.8295,240.1054,89.3305,1769.674,1934.1298,164.4558,liability
nissan,EU27,2024,CY,S2,2,2026,1460,2234.6587,2812.2062,577.5475,666.878,1530.5882,1926.1686,395.5805,liability
nissan,EU27,2024,CY,S2,3,2027,1460,1932.7525,2801.5779,868.8254,1535.7034,1323.8031,1918.889,595.0859,liability
nissan,EU27,2024,CY,S2,4,2028,1460,1671.6346,2791.8593,1120.2247,2655.9281,1144.9552,1912.2324,767.2772,liability
nissan,EU27,2024,CY,S2,5,2029,1460,1445.7938,2782.9727,1337.1789,3993.107,990.2697,1906.1457,915.876,liability
nissan,EU27,2024,CY,S2,6,2030,1460,1250.4645,2774.8467,1524.3822,5517.4892,856.4825,1900.5799,1044.0974,liability
nissan,EU27,2024,CY,S2,7,2031,1460,1081.5246,2767.4164,1685.8918,7203.381,740.7703,1895.4907,1154.7204,liability
nissan,EU27,2024,CY,S2,8,2032,1460,935.4088,2760.6222,1825.2134,9028.5944,640.691,1890.8371,1250.1462,liability
nissan,EU27,2024,CY,S2,9,2033,1460,809.0335,2754.4094,1945.3759,10973.9703,554.1325,1886.5818,1332.4492,liability
nissan,EU27,2024,CY,S2,10,2034,1460,699.7319,2748.7285,2048.9966,13022.9669,479.2684,1882.6908,1403.4223,liability
nissan,EU27,2024,CY,S2,11,2035,1460,605.1968,2743.5338,2138.337,15161.3039,414.5184,1879.1327,1464.6144,liability
nissan,EU27,2024,CY,S2,12,2036,1460,523.4338,2738.7839,2215.3501,17376.654,358.5163,1875.8794,1517.3631,liability
nissan,EU27,2024,CY,S2,13,2037,1460,452.7171,2734.4406,2281.7235,19658.3775,310.0802,1872.9045,1562.8243,liability
nissan,EU27,2024,CY,S2,14,2038,1460,391.5542,2730.4689,2338.9147,21997.2922,268.1878,1870.1842,1601.9964,liability
nissan,EU27,2024,CY,S2,15,2039,1460,338.6546,2726.8373,2388.1827,24385.4749,231.9552,1867.6968,1635.7416,liability
nissan,EU27,2024,CY,S2,16,2040,1460,292.9017,2723.5166,2430.6149,26816.0898,200.6176,1865.4223,1664.8047,liability
nissan,EU27,2024,CY,S2,17,2041,1460,253.3303,2720.4801,2467.1498,29283.2396,173.5139,1863.3425,1689.8286,liability
nissan,EU27,2024,CY,S2,18,2042,1460,219.1048,2717.7035,2498.5987,31781.8383,150.0718,1861.4408,1711.369,liability
nissan,EU27,2024,CY,S2,19,2043,1460,189.5034,2715.1645,2525.6611,34307.4994,129.7968,1859.7017,1729.9049,liability
nissan,EU27,2024,CY,S2,20,2044,1460,163.9012,2712.8431,2548.9419,36856.4413,112.2611,1858.1117,1745.8506,liability
nissan,EU27,2024,CZ,S1,0,2024,1287,2332.8431,2348.1385,15.2954,15.2954,1812.6209,1824.5054,11.8845,liability
nissan,EU27,2024,CZ,S1,1,2025,1287,2322.9702,2347.58,24.6098,39.9052,1804.9497,1824.0715,19.1218,liability
nissan,EU27,2024,CZ,S1,2,2026,1287,2313.1395,2347.0392,33.8997,73.8049,1797.3112,1823.6513,26.3401,liability
nissan,EU27,2024,CZ,S1,3,2027,1287,2303.3502,2346.5156,43.1654,116.9703,1789.7049,1823.2444,33.5395,liability
nissan,EU27,2024,CZ,S1,4,2028,1287,2293.6024,2346.0083,52.4059,169.3762,1782.1308,1822.8503,40.7194,liability
nissan,EU27,2024,CZ,S1,5,2029,1287,2283.8959,2345.5174,61.6215,230.9977,1774.5889,1822.4688,47.88,liability
nissan,EU27,2024,CZ,S1,6,2030,1287,2274.2302,2345.0418,70.8116,301.8093,1767.0786,1822.0993,55.0207,liability
nissan,EU27,2024,CZ,S1,7,2031,1287,2264.6055,2344.5813,79.9758,381.7851,1759.6002,1821.7415,62.1413,liability
nissan,EU27,2024,CZ,S1,8,2032,1287,2255.0217,2344.1354,89.1137,470.8988,1752.1536,1821.395,69.2414,liability
nissan,EU27,2024,CZ,S1,9,2033,1287,2245.4782,2343.7036,98.2254,569.1242,1744.7383,1821.0595,76.3212,liability
nissan,EU27,2024,CZ,S1,10,2034,1287,2235.9753,2343.2855,107.3102,676.4344,1737.3545,1820.7347,83.3801,liability
nissan,EU27,2024,CZ,S1,11,2035,1287,2226.5124,2342.8805,116.3681,792.8025,1730.0019,1820.42,90.4181,liability
nissan,EU27,2024,CZ,S1,12,2036,1287,2217.0897,2342.4884,125.3987,918.2012,1722.6804,1820.1153,97.4349,liability
nissan,EU27,2024,CZ,S1,13,2037,1287,2207.7072,2342.1089,134.4017,1052.6029,1715.3902,1819.8204,104.4302,liability
nissan,EU27,2024,CZ,S1,14,2038,1287,2198.3638,2341.7411,143.3773,1195.9802,1708.1304,1819.5347,111.4043,liability
nissan,EU27,2024,CZ,S1,15,2039,1287,2189.0603,2341.3851,152.3248,1348.305,1700.9016,1819.258,118.3565,liability
nissan,EU27,2024,CZ,S2,0,2024,1287,2332.8431,2348.1385,15.2954,15.2954,1812.6209,1824.5054,11.8845,liability
nissan,EU27,2024,CZ,S2,1,2025,1287,2017.6723,2346.628,328.9557,344.2511,1567.7329,1823.3318,255.5988,liability
nissan,EU27,2024,CZ,S2,2,2026,1287,1745.0813,2345.2468,600.1655,944.4166,1355.9295,1822.2586,466.3291,liability
nissan,EU27,2024,CZ,S2,3,2027,1287,1509.3179,2343.9837,834.6658,1779.0824,1172.7412,1821.2772,648.536,liability
nissan,EU27,2024,CZ,S2,4,2028,1287,1305.4063,2342.8289,1037.4226,2816.505,1014.3017,1820.3799,806.0782,liability
nissan,EU27,2024,CZ,S2,5,2029,1287,1129.0439,2341.7729,1212.729,4029.234,877.268,1819.5594,942.2914,liability
nissan,EU27,2024,CZ,S2,6,2030,1287,976.508,2340.8072,1364.2992,5393.5332,758.7475,1818.809,1060.0615,liability
nissan,EU27,2024,CZ,S2,7,2031,1287,844.5802,2339.9244,1495.3442,6888.8774,656.2395,1818.1231,1161.8836,liability
nissan,EU27,2024,CZ,S2,8,2032,1287,730.4759,2339.1169,1608.641,8497.5184,567.5803,1817.4956,1249.9153,liability
nissan,EU27,2024,CZ,S2,9,2033,1287,631.7875,2338.3787,1706.5912,10204.1096,490.8994,1816.9221,1326.0227,liability
nissan,EU27,2024,CZ,S2,10,2034,1287,546.4319,2337.7035,1791.2716,11995.3812,424.578,1816.3974,1391.8194,liability
nissan,EU27,2024,CZ,S2,11,2035,1287,472.6082,2337.0863,1864.4781,13859.8593,367.2169,1815.9179,1448.7009,liability
nissan,EU27,2024,CZ,S2,12,2036,1287,408.7579,2336.5217,1927.7638,15787.6231,317.6052,1815.4792,1497.874,liability
nissan,EU27,2024,CZ,S2,13,2037,1287,353.5341,2336.0057,1982.4716,17770.0947,274.6963,1815.0782,1540.382,liability
nissan,EU27,2024,CZ,S2,14,2038,1287,305.7711,2335.5337,2029.7626,19799.8573,237.5844,1814.7115,1577.1271,liability
nissan,EU27,2024,CZ,S2,15,2039,1287,264.4609,2335.1022,2070.6413,21870.4986,205.4863,1814.3762,1608.8899,liability
nissan,EU27,2024,DE,S1,0,2024,29185,52836.4789,56680.9638,3844.4849,3844.4849,1810.3985,1942.1266,131.7281,liability
nissan,EU27,2024,DE,S1,1,2025,29185,51445.5701,56638.0884,5192.5183,9037.0032,1762.7401,1940.6575,177.9174,liability
nissan,EU27,2024,DE,S1,2,2026,29185,50091.2764,56596.9382,6505.6618,15542.665,1716.3364,1939.2475,222.9111,liability
nissan,EU27,2024,DE,S1,3,2027,29185,48772.6343,56557.4434,7784.8091,23327.4741,1671.1542,1937.8942,266.7401,liability
nissan,EU27,2024,DE,S1,4,2028,29185,47488.7052,56519.5376,9030.8324,32358.3065,1627.1614,1936.5954,309.434,liability
nissan,EU27,2024,DE,S1,5,2029,29185,46238.5754,56483.157,10244.5816,42602.8881,1584.3267,1935.3489,351.0222,liability
nissan,EU27,2024,DE,S1,6,2030,29185,45021.3546,56448.2398,11426.8852,54029.7733,1542.6197,1934.1525,391.5328,liability
nissan,EU27,2024,DE,S1,7,2031,29185,43836.1771,56414.7277,12578.5506,66608.3239,1502.0105,1933.0042,430.9937,liability
nissan,EU27,2024,DE,S1,8,2032,29185,42682.1992,56382.5637,13700.3645,80308.6884,1462.4704,1931.9021,469.4317,liability
nissan,EU27,2024,DE,S1,9,2033,29185,41558.5994,56351.6938,14793.0944,95101.7828,1423.9712,1930.8444,506.8732,liability
nissan,EU27,2024,DE,S1,10,2034,29185,40464.5785,56322.0658,15857.4873,110959.2701,1386.4855,1929.8292,543.3437,liability
nissan,EU27,2024,DE,S1,11,2035,29185,39399.357,56293.6298,16894.2728,127853.5429,1349.9865,1928.8549,578.8684,liability
nissan,EU27,2024,DE,S1,12,2036,29185,38362.1773,56266.3378,17904.1605,145757.7034,1314.4484,1927.9197,613.4713,liability
nissan,EU27,2024,DE,S1,13,2037,29185,37352.3015,56240.1441,18887.8426,164645.546,1279.8459,1927.0222,647.1764,liability
nissan,EU27,2024,DE,S1,14,2038,29185,36369.0102,56215.0041,19845.9939,184491.5399,1246.1542,1926.1608,680.0066,liability
nissan,EU27,2024,DE,S2,0,2024,29185,52836.4789,56680.9638,3844.4849,3844.4849,1810.3985,1942.1266,131.7281,liability
nissan,EU27,2024,DE,S2,1,2025,29185,45698.1815,56589.7409,10891.5594,14736.0443,1565.8106,1939.0009,373.1903,liability
nissan,EU27,2024,DE,S2,2,2026,29185,39524.2803,56506.3268,16982.0465,31718.0908,1354.2669,1936.1428,581.8758,liability
nissan,EU27,2024,DE,S2,3,2027,29185,34184.4832,56430.053,22245.5698,53963.6606,1171.3032,1933.5293,762.2261,liability
nissan,EU27,2024,DE,S2,4,2028,29185,29566.1018,56360.308,26794.2062,80757.8668,1013.0581,1931.1396,918.0814,liability
nissan,EU27,2024,DE,S2,5,2029,29185,25571.6718,56296.5333,30724.8615,111482.7283,876.1923,1928.9544,1052.7621,liability
nissan,EU27,2024,DE,S2,6,2030,29185,22116.8957,56238.2178,34121.3221,145604.0504,757.8172,1926.9562,1169.139,liability
nissan,EU27,2024,DE,S2,7,2031,29185,19128.8659,56184.8939,37056.028,182660.0784,655.4348,1925.1291,1269.6943,liability
nissan,EU27,2024,DE,S2,8,2032,29185,16544.5238,56136.1347,39591.6109,222251.6893,566.8845,1923.4584,1356.574,liability
nissan,EU27,2024,DE,S2,9,2033,29185,14309.3308,56091.5491,41782.2183,264033.9076,490.2974,1921.9308,1431.6333,liability
nissan,EU27,2024,DE,S2,10,2034,29185,12376.1161,56050.7801,43674.664,307708.5716,424.0574,1920.5338,1496.4764,liability
nissan,EU27,2024,DE,S2,11,2035,29185,10704.0819,56013.501,45309.4191,353017.9907,366.7666,1919.2565,1552.4899,liability
nissan,EU27,2024,DE,S2,12,2036,29185,9257.9422,55979.413,46721.4708,399739.4615,317.2158,1918.0885,1600.8727,liability
nissan,EU27,2024,DE,S2,13,2037,29185,8007.1788,55948.2429,47941.0641,447680.5256,274.3594,1917.0205,1642.6611,liability
nissan,EU27,2024,DE,S2,14,2038,29185,6925.3955,55919.7408,48994.3453,496674.8709,237.293,1916.0439,1678.7509,liability
nissan,EU27,2024,DK,S1,0,2024,5721,10726.6655,8268.464,-2458.2015,-2458.2015,1874.9634,1445.283,-429.6804,contribution
nissan,EU27,2024,DK,S1,1,2025,5721,10308.3122,8212.1136,-2096.1986,-4554.4001,1801.8375,1435.4332,-366.4042,contribution
nissan,EU27,2024,DK,S1,2,2026,5721,9906.2755,8161.2048,-1745.0707,-6299.4708,1731.5636,1426.5347,-305.029,contribution
nissan,EU27,2024,DK,S1,3,2027,5721,9519.9185,8115.2119,-1404.7066,-7704.1774,1664.0305,1418.4954,-245.5352,contribution
nissan,EU27,2024,DK,S1,4,2028,5721,9148.63,8073.6606,-1074.9694,-8779.1468,1599.1313,1411.2324,-187.8989,contribution
nissan,EU27,2024,DK,S1,5,2029,5721,8791.8224,8036.1217,-755.7007,-9534.8475,1536.7632,1404.6708,-132.0924,contribution
nissan,EU27,2024,DK,S1,6,2030,5721,8448.9302,8002.2078,-446.7224,-9981.5699,1476.8275,1398.7428,-78.0847,contribution
nissan,EU27,2024,DK,S1,7,2031,5721,8119.4117,7971.5688,-147.8429,-10129.4128,1419.2295,1393.3873,-25.8421,contribution
nissan,EU27,2024,DK,S1,8,2032,5721,7802.7447,7943.8886,141.1439,-9988.2689,1363.8778,1388.549,24.6712,liability
nissan,EU27,2024,DK,S1,9,2033,5721,7498.4282,7918.8813,420.4531,-9567.8158,1310.6849,1384.1778,73.4929,liability
nissan,EU27,2024,DK,S1,10,2034,5721,7205.9801,7896.289,690.3089,-8877.5069,1259.5665,1380.2288,120.6623,liability
nissan,EU27,2024,DK,S1,11,2035,5721,6924.938,7875.8783,950.9403,-7926.5666,1210.4419,1376.6611,166.2192,liability
nissan,EU27,2024,DK,S1,12,2036,5721,6654.8571,7857.4387,1202.5816,-6723.985,1163.2332,1373.438,210.2048,liability
nissan,EU27,2024,DK,S1,13,2037,5721,6395.3095,7840.7796,1445.4701,-5278.5149,1117.8657,1370.5261,252.6604,liability
nissan,EU27,2024,DK,S1,14,2038,5721,6145.8846,7825.7293,1679.8447,-3598.6702,1074.2675,1367.8954,293.6278,liability
nissan,EU27,2024,DK,S2,0,2024,5721,10726.6655,8268.464,-2458.2015,-2458.2015,1874.9634,1445.283,-429.6804,contribution
nissan,EU27,2024,DK,S2,1,2025,5721,9277.4749,8218.5133,-1058.9616,-3517.1631,1621.6527,1436.5519,-185.1008,contribution
nissan,EU27,2024,DK,S2,2,2026,5721,8024.0722,8172.8383,148.7661,-3368.397,1402.5646,1428.5681,26.0035,liability
nissan,EU27,2024,DK,S2,3,2027,5721,6940.0065,8131.073,1191.0665,-2177.3305,1213.0758,1421.2678,208.192,liability
nissan,EU27,2024,DK,S2,4,2028,5721,6002.3999,8092.8828,2090.4829,-86.8476,1049.1872,1414.5923,365.4052,liability
nissan,EU27,2024,DK,S2,5,2029,5721,5191.4656,8057.9618,2866.4962,2779.6486,907.4402,1408.4883,501.0481,liability
nissan,EU27,2024,DK,S2,6,2030,5721,4490.0898,8026.03,3535.9402,6315.5888,784.8435,1402.9068,618.0633,liability
nissan,EU27,2024,DK,S2,7,2031,5721,3883.4712,7996.8315,4113.3603,10428.9491,678.8099,1397.8031,718.9932,liability
nissan,EU27,2024,DK,S2,8,2032,5721,3358.8076,7970.1324,4611.3248,15040.2739,587.1015,1393.1362,806.0347,liability
nissan,EU27,2024,DK,S2,9,2033,5721,2905.0271,7945.7186,5040.6915,20080.9654,507.7831,1388.8688,881.0857,liability
nissan,EU27,2024,DK,S2,10,2034,5721,2512.5531,7923.3949,5410.8418,25491.8072,439.1808,1384.9668,945.786,liability
nissan,EU27,2024,DK,S2,11,2035,5721,2173.1028,7902.9819,5729.8791,31221.6863,379.8467,1381.3987,1001.552,liability
nissan,EU27,2024,DK,S2,12,2036,5721,1879.513,7884.3163,6004.8033,37226.4896,328.5288,1378.136,1049.6073,liability
nissan,EU27,2024,DK,S2,13,2037,5721,1625.5876,7867.2485,6241.6609,43468.1505,284.144,1375.1527,1091.0087,liability
nissan,EU27,2024,DK,S2,14,2038,5721,1405.9679,7851.6417,6445.6738,49913.8243,245.7556,1372.4247,1126.6691,liability
nissan,EU27,2024,EE,S1,0,2024,525,836.7248,617.0501,-219.6747,-219.6747,1593.7615,1175.3335,-418.428,contribution
nissan,EU27,2024,EE,S1,1,2025,525,808.8027,615.9504,-192.8523,-412.527,1540.5766,1173.2389,-367.3377,contribution
nissan,EU27,2024,EE,S1,2,2026,525,781.8122,614.9095,-166.9027,-579.4297,1489.1661,1171.2562,-317.9099,contribution
nissan,EU27,2024,EE,S1,3,2027,525,755.7226,613.9243,-141.7983,-721.228,1439.4716,1169.3796,-270.092,contribution
nissan,EU27,2024,EE,S1,4,2028,525,730.5035,612.9917,-117.5118,-838.7398,1391.4352,1167.6032,-223.832,contribution
nissan,EU27,2024,EE,S1,5,2029,525,706.1262,612.1088,-94.0174,-932.7572,1345.0023,1165.9215,-179.0808,contribution
nissan,EU27,2024,EE,S1,6,2030,525,682.5621,611.2732,-71.2889,-1004.0461,1300.1183,1164.3299,-135.7884,contribution
nissan,EU27,2024,EE,S1,7,2031,525,659.7845,610.4822,-49.3023,-1053.3484,1256.7324,1162.8232,-93.9091,contribution
nissan,EU27,2024,EE,S1,8,2032,525,637.7671,609.7335,-28.0336,-1081.382,1214.7945,1161.3971,-53.3973,contribution
nissan,EU27,2024,EE,S1,9,2033,525,616.4844,609.0248,-7.4596,-1088.8416,1174.256,1160.0472,-14.2088,contribution
nissan,EU27,2024,EE,S1,10,2034,525,595.9118,608.3538,12.442,-1076.3996,1135.0701,1158.7691,23.699,liability
nissan,EU27,2024,EE,S1,11,2035,525,576.0258,607.7189,31.6931,-1044.7065,1097.192,1157.5598,60.3678,liability
nissan,EU27,2024,EE,S1,12,2036,525,556.8034,607.1178,50.3144,-994.3921,1060.5779,1156.4149,95.837,liability
nissan,EU27,2024,EE,S1,13,2037,525,538.2224,606.5487,68.3263,-926.0658,1025.1855,1155.3309,130.1453,liability
nissan,EU27,2024,EE,S1,14,2038,525,520.2616,606.0102,85.7486,-840.3172,990.9745,1154.3051,163.3307,liability
nissan,EU27,2024,EE,S1,15,2039,525,502.9,605.5003,102.6003,-737.7169,957.9048,1153.3339,195.4291,liability
nissan,EU27,2024,EE,S1,16,2040,525,486.1179,605.0177,118.8998,-618.8171,925.9389,1152.4147,226.4758,liability
nissan,EU27,2024,EE,S1,17,2041,525,469.8958,604.561,134.6652,-484.1519,895.0396,1151.5448,256.5051,liability
nissan,EU27,2024,EE,S1,18,2042,525,454.2151,604.1286,149.9135,-334.2384,865.1716,1150.7211,285.5495,liability
nissan,EU27,2024,EE,S1,19,2043,525,439.0575,603.7193,164.6618,-169.5766,836.3,1149.9415,313.6415,liability
nissan,EU27,2024,EE,S1,20,2044,525,424.4058,603.3318,178.926,9.3494,808.392,1149.2034,340.8114,liability
nissan,EU27,2024,EE,S1,21,2045,525,410.2431,602.9651,192.722,202.0714,781.4154,1148.505,367.0895,liability
nissan,EU27,2024,EE,S1,22,2046,525,396.5531,602.618,206.0649,408.1363,755.3392,1147.8438,392.5046,liability
nissan,EU27,2024,EE,S1,23,2047,525,383.3198,602.2894,218.9696,627.1059,730.133,1147.2179,417.085,liability
nissan,EU27,2024,EE,S2,0,2024,525,836.7248,617.0501,-219.6747,-219.6747,1593.7615,1175.3335,-418.428,contribution
nissan,EU27,2024,EE,S2,1,2025,525,723.6818,615.2883,-108.3935,-328.0682,1378.4415,1171.9777,-206.4638,contribution
nissan,EU27,2024,EE,S2,2,2026,525,625.9112,613.6772,-12.234,-340.3022,1192.2118,1168.909,-23.3029,contribution
nissan,EU27,2024,EE,S2,3,2027,525,541.3494,612.2041,70.8547,-269.4475,1031.1417,1166.103,134.9613,liability
nissan,EU27,2024,EE,S2,4,2028,525,468.2123,610.8571,142.6448,-126.8027,891.833,1163.5373,271.7044,liability
nissan,EU27,2024,EE,S2,5,2029,525,404.9559,609.6253,204.6694,77.8667,771.3446,1161.191,389.8465,liability
nissan,EU27,2024,EE,S2,6,2030,525,350.2458,608.499,258.2532,336.1199,667.1349,1159.0457,491.9109,liability
nissan,EU27,2024,EE,S2,7,2031,525,302.9269,607.4691,304.5422,640.6621,577.0036,1157.084,580.0804,liability
nissan,EU27,2024,EE,S2,8,2032,525,262.001,606.5274,344.5264,985.1885,499.0495,1155.2903,656.2408,liability
nissan,EU27,2024,EE,S2,9,2033,525,226.6043,605.6663,379.062,1364.2505,431.6272,1153.6501,722.0229,liability
nissan,EU27,2024,EE,S2,10,2034,525,195.9895,604.8789,408.8894,1773.1399,373.3133,1152.1503,778.837,liability
nissan,EU27,2024,EE,S2,11,2035,525,169.5111,604.1589,434.6478,2207.7877,322.8783,1150.7789,827.9006,liability
nissan,EU27,2024,EE,S2,12,2036,525,146.6098,603.5005,456.8907,2664.6784,279.2568,1149.5248,870.268,liability
nissan,EU27,2024,EE,S2,13,2037,525,126.8027,602.8985,476.0958,3140.7742,241.529,1148.3781,906.8491,liability
nissan,EU27,2024,EE,S2,14,2038,525,109.6713,602.3481,492.6768,3633.451,208.8977,1147.3297,938.432,liability
nissan,EU27,2024,EE,S2,15,2039,525,94.8546,601.8447,506.9901,4140.4411,180.6754,1146.3709,965.6954,liability
nissan,EU27,2024,EE,S2,16,2040,525,82.0396,601.3845,519.3449,4659.786,156.2659,1145.4943,989.2284,liability
nissan,EU27,2024,EE,S2,17,2041,525,70.956,600.9636,530.0076,5189.7936,135.1543,1144.6926,1009.5383,liability
nissan,EU27,2024,EE,S2,18,2042,525,61.3696,600.5787,539.2091,5729.0027,116.8945,1143.9594,1027.065,liability
nissan,EU27,2024,EE,S2,19,2043,525,53.0785,600.2268,547.1483,6276.151,101.1019,1143.2891,1042.1872,liability
nissan,EU27,2024,EE,S2,20,2044,525,45.9075,599.905,553.9975,6830.1485,87.4429,1142.6762,1055.2333,liability
nissan,EU27,2024,EE,S2,21,2045,525,39.7053,599.6108,559.9055,7390.054,75.6291,1142.1158,1066.4867,liability
nissan,EU27,2024,EE,S2,22,2046,525,34.3412,599.3417,565.0005,7955.0545,65.4118,1141.6032,1076.1914,liability
nissan,EU27,2024,EE,S2,23,2047,525,29.7015,599.0957,569.3942,8524.4487,56.5743,1141.1347,1084.5604,liability
nissan,EU27,2024,ES,S1,0,2024,32631,63897.1157,63729.4914,-167.6243,-167.6243,1958.1722,1953.0352,-5.137,contribution
nissan,EU27,2024,ES,S1,1,2025,32631,62432.2901,63718.7721,1286.482,1118.8577,1913.2815,1952.7067,39.4251,liability
nissan,EU27,2024,ES,S1,2,2026,32631,61001.0453,63708.9259,2707.8806,3826.7383,1869.42,1952.4049,82.9849,liability
nissan,EU27,2024,ES,S1,3,2027,32631,59602.6113,63699.882,4097.2707,7924.009,1826.564,1952.1278,125.5637,liability
nissan,EU27,2024,ES,S1,4,2028,32631,58236.2361,63691.575,5455.3389,13379.3479,1784.6905,1951.8732,167.1827,liability
nissan,EU27,2024,ES,S1,5,2029,32631,56901.1845,63683.9447,6782.7602,20162.1081,1743.7769,1951.6394,207.8625,liability
nissan,EU27,2024,ES,S1,6,2030,32631,55596.739,63676.9361,8080.1971,28242.3052,1703.8013,1951.4246,247.6233,liability
nissan,EU27,2024,ES,S1,7,2031,32631,54322.1972,63670.4985,9348.3013,37590.6065,1664.742,1951.2273,286.4853,liability
nissan,EU27,2024,ES,S1,8,2032,32631,53076.8745,63664.5855,10587.711,48178.3175,1626.5782,1951.0461,324.4679,liability
nissan,EU27,2024,ES,S1,9,2033,32631,51860.1001,63659.1541,11799.054,59977.3715,1589.2893,1950.8797,361.5903,liability
nissan,EU27,2024,ES,S1,10,2034,32631,50671.22,63654.1653,12982.9453,72960.3168,1552.8553,1950.7268,397.8715,liability
nissan,EU27,2024,ES,S1,11,2035,32631,49509.5948,63649.5829,14139.9881,87100.3049,1517.2564,1950.5863,433.3299,liability
nissan,EU27,2024,ES,S1,12,2036,32631,48374.5994,63645.3739,15270.7745,102371.0794,1482.4737,1950.4574,467.9837,liability
nissan,EU27,2024,ES,S1,13,2037,32631,47265.6237,63641.5078,16375.8841,118746.9635,1448.4884,1950.3389,501.8505,liability
nissan,EU27,2024,ES,S1,14,2038,32631,46182.0708,63637.9566,17455.8858,136202.8493,1415.2821,1950.23,534.9479,liability
nissan,EU27,2024,ES,S1,15,2039,32631,45123.3583,63634.6948,18511.3365,154714.1858,1382.8371,1950.1301,567.293,liability
nissan,EU27,2024,ES,S1,16,2040,32631,44088.9164,63631.6987,19542.7823,174256.9681,1351.1359,1950.0383,598.9023,liability
nissan,EU27,2024,ES,S1,17,2041,32631,43078.1889,63628.9467,20550.7578,194807.7259,1320.1615,1949.9539,629.7925,liability
nissan,EU27,2024,ES,S1,18,2042,32631,42090.6319,63626.419,21535.7871,216343.513,1289.8971,1949.8765,659.9794,liability
nissan,EU27,2024,ES,S1,19,2043,32631,41125.7147,63624.0972,22498.3825,238841.8955,1260.3265,1949.8053,689.4788,liability
nissan,EU27,2024,ES,S1,20,2044,32631,40182.9178,63621.9646,23439.0468,262280.9423,1231.4338,1949.74,718.3061,liability
nissan,EU27,2024,ES,S2,0,2024,32631,63897.1157,63729.4914,-167.6243,-167.6243,1958.1722,1953.0352,-5.137,contribution
nissan,EU27,2024,ES,S2,1,2025,32631,55264.5077,63718.229,8453.7213,8286.097,1693.6198,1952.69,259.0702,liability
nissan,EU27,2024,ES,S2,2,2026,32631,47798.1795,63707.9307,15909.7512,24195.8482,1464.8089,1952.3745,487.5655,liability
nissan,EU27,2024,ES,S2,3,2027,32631,41340.565,63698.5139,22357.9489,46553.7971,1266.9108,1952.0859,685.1751,liability
nissan,EU27,2024,ES,S2,4,2028,32631,35755.3849,63689.9031,27934.5182,74488.3153,1095.749,1951.822,856.073,liability
nissan,EU27,2024,ES,S2,5,2029,32631,30924.7719,63682.0295,32757.2576,107245.5729,947.7114,1951.5807,1003.8693,liability
nissan,EU27,2024,ES,S2,6,2030,32631,26746.7833,63674.8298,36928.0465,144173.6194,819.674,1951.3601,1131.686,liability
nissan,EU27,2024,ES,S2,7,2031,32631,23133.2476,63668.2463,40534.9987,184708.6181,708.9347,1951.1583,1242.2236,liability
nissan,EU27,2024,ES,S2,8,2032,32631,20007.9069,63662.2265,43654.3196,228362.9377,613.1564,1950.9738,1337.8174,liability
nissan,EU27,2024,ES,S2,9,2033,32631,17304.805,63656.722,46351.917,274714.8547,530.3179,1950.8051,1420.4872,liability
nissan,EU27,2024,ES,S2,10,2034,32631,14966.8966,63651.6886,48684.792,323399.6467,458.6711,1950.6509,1491.9798,liability
nissan,EU27,2024,ES,S2,11,2035,32631,12944.8437,63647.0862,50702.2425,374101.8892,396.7039,1950.5098,1553.806,liability
nissan,EU27,2024,ES,S2,12,2036,32631,11195.9734,63642.8776,52446.9042,426548.7934,343.1085,1950.3809,1607.2724,liability
nissan,EU27,2024,ES,S2,13,2037,32631,9683.3785,63639.0294,53955.6509,480504.4443,296.754,1950.2629,1653.509,liability
nissan,EU27,2024,ES,S2,14,2038,32631,8375.1378,63635.5105,55260.3727,535764.817,256.662,1950.1551,1693.4931,liability
nissan,EU27,2024,ES,S2,15,2039,32631,7243.6425,63632.2928,56388.6503,592153.4673,221.9865,1950.0565,1728.0699,liability
nissan,EU27,2024,ES,S2,16,2040,32631,6265.0143,63629.3506,57364.3363,649517.8036,191.9958,1949.9663,1757.9705,liability
nissan,EU27,2024,ES,S2,17,2041,32631,5418.6004,63626.6602,58208.0598,707725.8634,166.0568,1949.8839,1783.827,liability
nissan,EU27,2024,ES,S2,18,2042,32631,4686.5382,63624.2001,58937.6619,766663.5253,143.6223,1949.8085,1806.1862,liability
nissan,EU27,2024,ES,S2,19,2043,32631,4053.3789,63621.9506,59568.5717,826232.097,124.2187,1949.7395,1825.5209,liability
nissan,EU27,2024,ES,S2,20,2044,32631,3505.7606,63619.8937,60114.1331,886346.2301,107.4365,1949.6765,1842.24,liability
nissan,EU27,2024,FI,S1,0,2024,2955,3909.5446,4310.5822,401.0376,401.0376,1323.0269,1458.7419,135.7149,liability
nissan,EU27,2024,FI,S1,1,2025,2955,3546.9491,4304.5656,757.6165,1158.6541,1200.3212,1456.7058,256.3846,liability
nissan,EU27,2024,FI,S1,2,2026,2955,3217.9831,4299.2021,1081.219,2239.8731,1088.996,1454.8907,365.8948,liability
nissan,EU27,2024,FI,S1,3,2027,2955,2919.5275,4294.421,1374.8935,3614.7666,987.9958,1453.2728,465.277,liability
nissan,EU27,2024,FI,S1,4,2028,2955,2648.7524,4290.159,1641.4066,5256.1732,896.3629,1451.8305,555.4675,liability
nissan,EU27,2024,FI,S1,5,2029,2955,2403.0907,4286.3597,1883.269,7139.4422,813.2287,1450.5447,637.3161,liability
nissan,EU27,2024,FI,S1,6,2030,2955,2180.2132,4282.973,2102.7598,9242.202,737.8048,1449.3986,711.5938,liability
nissan,EU27,2024,FI,S1,7,2031,2955,1978.0066,4279.9539,2301.9473,11544.1493,669.3762,1448.377,779.0008,liability
nissan,EU27,2024,FI,S1,8,2032,2955,1794.5541,4277.2628,2482.7087,14026.858,607.2941,1447.4663,840.1721,liability
nissan,EU27,2024,FI,S1,9,2033,2955,1628.1161,4274.8637,2646.7476,16673.6056,550.9699,1446.6544,895.6845,liability
nissan,EU27,2024,FI,S1,10,2034,2955,1477.1145,4272.7252,2795.6107,19469.2163,499.8695,1445.9307,946.0612,liability
nissan,EU27,2024,FI,S1,11,2035,2955,1340.1177,4270.8188,2930.7011,22399.9174,453.5085,1445.2855,991.777,liability
nissan,EU27,2024,FI,S1,12,2036,2955,1215.8271,4269.1194,3053.2923,25453.2097,411.4474,1444.7105,1033.263,liability
nissan,EU27,2024,FI,S1,13,2037,2955,1103.0637,4267.6047,3164.541,28617.7507,373.2872,1444.1979,1070.9107,liability
nissan,EU27,2024,FI,S1,14,2038,2955,1000.7586,4266.2543,3265.4957,31883.2464,338.6662,1443.7409,1105.0747,liability
nissan,EU27,2024,FI,S1,15,2039,2955,907.942,4265.0505,3357.1085,35240.3549,307.2562,1443.3335,1136.0773,liability
nissan,EU27,2024,FI,S1,16,2040,2955,823.734,4263.9775,3440.2435,38680.5984,278.7594,1442.9704,1164.211,liability
nissan,EU27,2024,FI,S1,17,2041,2955,747.3358,4263.0208,3515.685,42196.2834,252.9055,1442.6466,1189.7411,liability
nissan,EU27,2024,FI,S1,18,2042,2955,678.0232,4262.1682,3584.145,45780.4284,229.4495,1442.3581,1212.9086,liability
nissan,EU27,2024,FI,S1,19,2043,2955,615.1392,4261.408,3646.2688,49426.6972,208.1689,1442.1008,1233.9319,liability
nissan,EU27,2024,FI,S1,20,2044,2955,558.0873,4260.7305,3702.6432,53129.3404,188.862,1441.8716,1253.0095,liability
nissan,EU27,2024,FI,S1,21,2045,2955,506.327,4260.1265,3753.7995,56883.1399,171.3459,1441.6672,1270.3213,liability
nissan,EU27,2024,FI,S1,22,2046,2955,459.367,4259.588,3800.221,60683.3609,155.4541,1441.4849,1286.0308,liability
nissan,EU27,2024,FI,S2,0,2024,2955,3909.5446,4310.5822,401.0376,401.0376,1323.0269,1458.7419,135.7149,liability
nissan,EU27,2024,FI,S2,1,2025,2955,3381.3585,4305.8387,924.4802,1325.5178,1144.2838,1457.1366,312.8529,liability
nissan,EU27,2024,FI,S2,2,2026,2955,2924.5313,4301.5013,1376.97,2702.4878,989.6891,1455.6688,465.9797,liability
nissan,EU27,2024,FI,S2,3,2027,2955,2529.4222,4297.5351,1768.1129,4470.6007,855.9804,1454.3266,598.3462,liability
nissan,EU27,2024,FI,S2,4,2028,2955,2187.693,4293.9084,2106.2154,6576.8161,740.336,1453.0993,712.7632,liability
nissan,EU27,2024,FI,S2,5,2029,2955,1892.1319,4290.5922,2398.4603,8975.2764,640.3154,1451.9771,811.6617,liability
nissan,EU27,2024,FI,S2,6,2030,2955,1636.5017,4287.5599,2651.0582,11626.3346,553.8077,1450.9509,897.1432,liability
nissan,EU27,2024,FI,S2,7,2031,2955,1415.4076,4284.787,2869.3794,14495.714,478.9873,1450.0125,971.0252,liability
nissan,EU27,2024,FI,S2,8,2032,2955,1224.1837,4282.2516,3058.0679,17553.7819,414.2754,1449.1545,1034.8792,liability
nissan,EU27,2024,FI,S2,9,2033,2955,1058.7942,4279.9332,3221.139,20774.9209,358.306,1448.3699,1090.064,liability
nissan,EU27,2024,FI,S2,10,2034,2955,915.7496,4277.8133,3362.0637,24136.9846,309.8983,1447.6526,1137.7542,liability
nissan,EU27,2024,FI,S2,11,2035,2955,792.0302,4275.8748,3483.8446,27620.8292,268.0305,1446.9965,1178.966,liability
nissan,EU27,2024,FI,S2,12,2036,2955,685.0254,4274.1022,3589.0768,31209.906,231.8191,1446.3967,1214.5776,liability
nissan,EU27,2024,FI,S2,13,2037,2955,592.4775,4272.4814,3680.0039,34889.9099,200.5,1445.8482,1245.3482,liability
nissan,EU27,2024,FI,S2,14,2038,2955,512.4327,4270.9993,3758.5666,38648.4765,173.4121,1445.3466,1271.9346,liability
nissan,EU27,2024,FI,S2,15,2039,2955,443.2022,4269.6441,3826.4419,42474.9184,149.9838,1444.888,1294.9042,liability
nissan,EU27,2024,FI,S2,16,2040,2955,383.3249,4268.4049,3885.08,46359.9984,129.7208,1444.4687,1314.7479,liability
nissan,EU27,2024,FI,S2,17,2041,2955,331.5372,4267.2719,3935.7347,50295.7331,112.1953,1444.0852,1331.8899,liability
nissan,EU27,2024,FI,S2,18,2042,2955,286.7458,4266.2356,3979.4898,54275.2229,97.0375,1443.7346,1346.6971,liability
nissan,EU27,2024,FI,S2,19,2043,2955,248.0059,4265.2881,4017.2822,58292.5051,83.9275,1443.4139,1359.4864,liability
nissan,EU27,2024,FI,S2,20,2044,2955,214.4999,4264.422,4049.9221,62342.4272,72.5888,1443.1208,1370.532,liability
nissan,EU27,2024,FI,S2,21,2045,2955,185.5207,4263.6297,4078.109,66420.5362,62.782,1442.8527,1380.0707,liability
nissan,EU27,2024,FI,S2,22,2046,2955,160.4565,4262.9053,4102.4488,70522.985,54.3,1442.6075,1388.3075,liability
nissan,EU27,2024,FR,S1,0,2024,29572,49217.1364,48496.2794,-720.857,-720.857,1664.3154,1639.9391,-24.3763,contribution
nissan,EU27,2024,FR,S1,1,2025,29572,48219.0514,48492.8276,273.7762,-447.0808,1630.5644,1639.8224,9.258,liability
nissan,EU27,2024,FR,S1,2,2026,29572,47241.2068,48489.4849,1248.2781,801.1973,1597.4979,1639.7094,42.2115,liability
nissan,EU27,2024,FR,S1,3,2027,29572,46283.1922,48486.2475,2203.0553,3004.2526,1565.1019,1639.5999,74.498,liability
nissan,EU27,2024,FR,S1,4,2028,29572,45344.6052,48483.1124,3138.5072,6142.7598,1533.3628,1639.4939,106.131,liability
nissan,EU27,2024,FR,S1,5,2029,29572,44425.0521,48480.0762,4055.0241,10197.7839,1502.2674,1639.3912,137.1238,liability
nissan,EU27,2024,FR,S1,6,2030,29572,43524.1468,48477.1357,4952.9889,15150.7728,1471.8026,1639.2918,167.4891,liability
nissan,EU27,2024,FR,S1,7,2031,29572,42641.5111,48474.2883,5832.7772,20983.55,1441.9556,1639.1955,197.2399,liability
nissan,EU27,2024,FR,S1,8,2032,29572,41776.7748,48471.5305,6694.7557,27678.3057,1412.7139,1639.1022,226.3883,liability
nissan,EU27,2024,FR,S1,9,2033,29572,40929.5745,48468.8598,7539.2853,35217.591,1384.0651,1639.0119,254.9468,liability
nissan,EU27,2024,FR,S1,10,2034,29572,40099.5548,48466.2734,8366.7186,43584.3096,1355.9974,1638.9244,282.927,liability
nissan,EU27,2024,FR,S1,11,2035,29572,39286.3672,48463.7687,9177.4015,52761.7111,1328.4988,1638.8397,310.3409,liability
nissan,EU27,2024,FR,S1,12,2036,29572,38489.6703,48461.343,9971.6727,62733.3838,1301.5579,1638.7577,337.1998,liability
nissan,EU27,2024,FR,S1,13,2037,29572,37709.1301,48458.9939,10749.8638,73483.2476,1275.1633,1638.6783,363.5149,liability
nissan,EU27,2024,FR,S1,14,2038,29572,36944.4184,48456.7188,11512.3004,84995.548,1249.304,1638.6013,389.2973,liability
nissan,EU27,2024,FR,S1,15,2039,29572,36195.2142,48454.5156,12259.3014,97254.8494,1223.9691,1638.5268,414.5577,liability
nissan,EU27,2024,FR,S1,16,2040,29572,35461.2038,48452.3818,12991.178,110246.0274,1199.148,1638.4547,439.3067,liability
nissan,EU27,2024,FR,S2,0,2024,29572,49217.1364,48496.2794,-720.857,-720.857,1664.3154,1639.9391,-24.3763,contribution
nissan,EU27,2024,FR,S2,1,2025,29572,42567.8183,48486.9172,5919.0989,5198.2419,1439.4636,1639.6225,200.1589,liability
nissan,EU27,2024,FR,S2,2,2026,29572,36816.8341,48478.3564,11661.5223,16859.7642,1244.9897,1639.333,394.3434,liability
nissan,EU27,2024,FR,S2,3,2027,29572,31842.8177,48470.5284,16627.7107,33487.4749,1076.7895,1639.0683,562.2789,liability
nissan,EU27,2024,FR,S2,4,2028,29572,27540.7994,48463.3705,20922.5711,54410.046,931.3134,1638.8263,707.5129,liability
nissan,EU27,2024,FR,S2,5,2029,29572,23819.991,48456.8253,24636.8343,79046.8803,805.4914,1638.6049,833.1136,liability
nissan,EU27,2024,FR,S2,6,2030,29572,20601.8699,48450.8403,27848.9704,106895.8507,696.6681,1638.4026,941.7344,liability
nissan,EU27,2024,FR,S2,7,2031,29572,17818.5229,48445.3677,30626.8448,137522.6955,602.5471,1638.2175,1035.6704,liability
nissan,EU27,2024,FR,S2,8,2032,29572,15411.2103,48440.3636,33029.1533,170551.8488,521.142,1638.0483,1116.9063,liability
nissan,EU27,2024,FR,S2,9,2033,29572,13329.1298,48435.7878,35106.658,205658.5068,450.7348,1637.8935,1187.1587,liability
nissan,EU27,2024,FR,S2,10,2034,29572,11528.3418,48431.6036,36903.2618,242561.7686,389.8398,1637.752,1247.9123,liability
nissan,EU27,2024,FR,S2,11,2035,29572,9970.8434,48427.7777,38456.9343,281018.7029,337.1718,1637.6227,1300.4509,liability
nissan,EU27,2024,FR,S2,12,2036,29572,8623.7655,48424.2792,39800.5137,320819.2166,291.6193,1637.5044,1345.8851,liability
nissan,EU27,2024,FR,S2,13,2037,29572,7458.6802,48421.0801,40962.3999,361781.6165,252.221,1637.3962,1385.1752,liability
nissan,EU27,2024,FR,S2,14,2038,29572,6451.0,48418.1551,41967.1551,403748.7716,218.1455,1637.2973,1419.1517,liability
nissan,EU27,2024,FR,S2,15,2039,29572,5579.4589,48415.4802,42836.0213,446584.7929,188.6737,1637.2068,1448.5331,liability
nissan,EU27,2024,FR,S2,16,2040,29572,4825.6649,48413.0345,43587.3696,490172.1625,163.1836,1637.1241,1473.9405,liability
nissan,EU27,2024,GR,S1,0,2024,4296,5073.794,8544.9019,3471.1079,3471.1079,1181.0507,1989.0368,807.986,liability
nissan,EU27,2024,GR,S1,1,2025,4296,4973.5599,8543.4786,3569.9187,7041.0266,1157.7188,1988.7054,830.9867,liability
nissan,EU27,2024,GR,S1,2,2026,4296,4875.306,8542.1593,3666.8533,10707.8799,1134.8478,1988.3983,853.5506,liability
nissan,EU27,2024,GR,S1,3,2027,4296,4778.9932,8540.9364,3761.9432,14469.8231,1112.4286,1988.1137,875.6851,liability
nissan,EU27,2024,GR,S1,4,2028,4296,4684.5832,8539.803,3855.2198,18325.0429,1090.4523,1987.8499,897.3975,liability
nissan,EU27,2024,GR,S1,5,2029,4296,4592.0383,8538.7523,3946.714,22271.7569,1068.9102,1987.6053,918.6951,liability
nissan,EU27,2024,GR,S1,6,2030,4296,4501.3215,8537.7784,4036.4569,26308.2138,1047.7936,1987.3786,939.5849,liability
nissan,EU27,2024,GR,S1,7,2031,4296,4412.3969,8536.8757,4124.4788,30432.6926,1027.0943,1987.1685,960.0742,liability
nissan,EU27,2024,GR,S1,8,2032,4296,4325.2288,8536.0389,4210.8101,34643.5027,1006.8037,1986.9737,980.1699,liability
nissan,EU27,2024,GR,S1,9,2033,4296,4239.7831,8535.2633,4295.4802,38938.9829,986.9141,1986.7931,999.879,liability
nissan,EU27,2024,GR,S1,10,2034,4296,4156.025,8534.5445,4378.5195,43317.5024,967.4174,1986.6258,1019.2084,liability
nissan,EU27,2024,GR,S1,11,2035,4296,4073.9218,8533.878,4459.9562,47777.4586,948.3058,1986.4707,1038.1649,liability
nissan,EU27,2024,GR,S1,12,2036,4296,3993.4407,8533.2603,4539.8196,52317.2782,929.5719,1986.3269,1056.755,liability
nissan,EU27,2024,GR,S1,13,2037,4296,3914.5492,8532.6878,4618.1386,56935.4168,911.2079,1986.1936,1074.9857,liability
nissan,EU27,2024,GR,S1,14,2038,4296,3837.2164,8532.1572,4694.9408,61630.3576,893.2068,1986.0701,1092.8633,liability
nissan,EU27,2024,GR,S1,15,2039,4296,3761.4113,8531.6651,4770.2538,66400.6114,875.5613,1985.9556,1110.3943,liability
nissan,EU27,2024,GR,S1,16,2040,4296,3687.1037,8531.2093,4844.1056,71244.717,858.2644,1985.8495,1127.5851,liability
nissan,EU27,2024,GR,S1,17,2041,4296,3614.2641,8530.7866,4916.5225,76161.2395,841.3091,1985.7511,1144.4419,liability
nissan,EU27,2024,GR,S1,18,2042,4296,3542.8635,8530.3949,4987.5314,81148.7709,824.6889,1985.6599,1160.971,liability
nissan,EU27,2024,GR,S2,0,2024,4296,5073.794,8544.9019,3471.1079,3471.1079,1181.0507,1989.0368,807.986,liability
nissan,EU27,2024,GR,S2,1,2025,4296,4388.3159,8543.2348,4154.9189,7626.0268,1021.4888,1988.6487,967.1599,liability
nissan,EU27,2024,GR,S2,2,2026,4296,3795.447,8541.7104,4746.2634,12372.2902,883.4839,1988.2939,1104.8099,liability
nissan,EU27,2024,GR,S2,3,2027,4296,3282.6757,8540.3164,5257.6407,17629.9309,764.1238,1987.9694,1223.8456,liability
nissan,EU27,2024,GR,S2,4,2028,4296,2839.1806,8539.0418,5699.8612,23329.7921,660.8893,1987.6727,1326.7833,liability
nissan,EU27,2024,GR,S2,5,2029,4296,2455.6025,8537.8764,6082.2739,29412.066,571.6021,1987.4014,1415.7993,liability
nissan,EU27,2024,GR,S2,6,2030,4296,2123.8465,8536.8106,6412.9641,35825.0301,494.3777,1987.1533,1492.7756,liability
nissan,EU27,2024,GR,S2,7,2031,4296,1836.9113,8535.8361,6698.9248,42523.9549,427.5864,1986.9265,1559.34,liability
nissan,EU27,2024,GR,S2,8,2032,4296,1588.7415,8534.9451,6946.2036,49470.1585,369.8188,1986.7191,1616.9003,liability
nissan,EU27,2024,GR,S2,9,2033,4296,1374.0999,8534.1302,7160.0303,56630.1888,319.8557,1986.5294,1666.6737,liability
nissan,EU27,2024,GR,S2,10,2034,4296,1188.4566,8533.3852,7344.9286,63975.1174,276.6426,1986.356,1709.7134,liability
nissan,EU27,2024,GR,S2,11,2035,4296,1027.8943,8532.7038,7504.8095,71479.9269,239.2678,1986.1973,1746.9296,liability
nissan,EU27,2024,GR,S2,12,2036,4296,889.0238,8532.0809,7643.0571,79122.984,206.9422,1986.0524,1779.1101,liability
nissan,EU27,2024,GR,S2,13,2037,4296,768.9153,8531.5113,7762.596,86885.58,178.984,1985.9198,1806.9358,liability
nissan,EU27,2024,GR,S2,14,2038,4296,665.0335,8530.9904,7865.9569,94751.5369,154.803,1985.7985,1830.9956,liability
nissan,EU27,2024,GR,S2,15,2039,4296,575.1864,8530.5141,7955.3277,102706.8646,133.8888,1985.6876,1851.7988,liability
nissan,EU27,2024,GR,S2,16,2040,4296,497.4776,8530.0786,8032.601,110739.4656,115.8002,1985.5863,1869.7861,liability
nissan,EU27,2024,GR,S2,17,2041,4296,430.2677,8529.6803,8099.4126,118838.8782,100.1554,1985.4936,1885.3381,liability
nissan,EU27,2024,GR,S2,18,2042,4296,372.1377,8529.3161,8157.1784,126996.0566,86.6242,1985.4088,1898.7845,liability
nissan,EU27,2024,HR,S1,0,2024,847,2310.7603,1858.5012,-452.2591,-452.2591,2728.1704,2194.2163,-533.9541,contribution
nissan,EU27,2024,HR,S1,1,2025,847,2296.8128,1858.3188,-438.494,-890.7531,2711.7034,2194.0009,-517.7025,contribution
nissan,EU27,2024,HR,S1,2,2026,847,2282.9497,1858.1438,-424.8059,-1315.559,2695.3361,2193.7943,-501.5418,contribution
nissan,EU27,2024,HR,S1,3,2027,847,2269.1701,1857.9759,-411.1942,-1726.7532,2679.0674,2193.5961,-485.4713,contribution
nissan,EU27,2024,HR,S1,4,2028,847,2255.474,1857.8148,-397.6592,-2124.4124,2662.8973,2193.4059,-469.4914,contribution
nissan,EU27,2024,HR,S1,5,2029,847,2241.8602,1857.6603,-384.1999,-2508.6123,2646.8243,2193.2235,-453.6008,contribution
nissan,EU27,2024,HR,S1,6,2030,847,2228.3286,1857.512,-370.8166,-2879.4289,2630.8484,2193.0484,-437.8,contribution
nissan,EU27,2024,HR,S1,7,2031,847,2214.879,1857.3698,-357.5092,-3236.9381,2614.9693,2192.8805,-422.0888,contribution
nissan,EU27,2024,HR,S1,8,2032,847,2201.5103,1857.2333,-344.277,-3581.2151,2599.1857,2192.7194,-406.4664,contribution
nissan,EU27,2024,HR,S1,9,2033,847,2188.2224,1857.1024,-331.12,-3912.3351,2583.4975,2192.5648,-390.9327,contribution
nissan,EU27,2024,HR,S1,10,2034,847,2175.0146,1856.9767,-318.0379,-4230.373,2567.9039,2192.4164,-375.4875,contribution
nissan,EU27,2024,HR,S1,11,2035,847,2161.8866,1856.8562,-305.0304,-4535.4034,2552.4045,2192.2741,-360.1303,contribution
nissan,EU27,2024,HR,S1,12,2036,847,2148.8379,1856.7406,-292.0973,-4827.5007,2536.9987,2192.1377,-344.861,contribution
nissan,EU27,2024,HR,S1,13,2037,847,2135.8678,1856.6296,-279.2382,-5106.7389,2521.6857,2192.0066,-329.6791,contribution
nissan,EU27,2024,HR,S1,14,2038,847,2122.9761,1856.5232,-266.4529,-5373.1918,2506.4653,2191.881,-314.5843,contribution
nissan,EU27,2024,HR,S1,15,2039,847,2110.1621,1856.4211,-253.741,-5626.9328,2491.3366,2191.7604,-299.5762,contribution
nissan,EU27,2024,HR,S1,16,2040,847,2097.4256,1856.3231,-241.1025,-5868.0353,2476.2994,2191.6447,-284.6547,contribution
nissan,EU27,2024,HR,S1,17,2041,847,2084.766,1856.2291,-228.5369,-6096.5722,2461.353,2191.5338,-269.8192,contribution
nissan,EU27,2024,HR,S1,18,2042,847,2072.1827,1856.139,-216.0437,-6312.6159,2446.4967,2191.4274,-255.0693,contribution
nissan,EU27,2024,HR,S1,19,2043,847,2059.6753,1856.0525,-203.6228,-6516.2387,2431.73,2191.3253,-240.4047,contribution
nissan,EU27,2024,HR,S2,0,2024,847,2310.7603,1858.5012,-452.2591,-452.2591,2728.1704,2194.2163,-533.9541,contribution
nissan,EU27,2024,HR,S2,1,2025,847,1998.5727,1858.1166,-140.4561,-592.7152,2359.59,2193.7622,-165.8277,contribution
nissan,EU27,2024,HR,S2,2,2026,847,1728.5622,1857.7648,129.2026,-463.5126,2040.8054,2193.3469,152.5414,liability
nissan,EU27,2024,HR,S2,3,2027,847,1495.0305,1857.4432,362.4127,-101.0999,1765.0891,2192.9672,427.878,liability
nissan,EU27,2024,HR,S2,4,2028,847,1293.0492,1857.1492,564.1,463.0001,1526.6224,2192.6201,665.9976,liability
nissan,EU27,2024,HR,S2,5,2029,847,1118.3562,1856.8802,738.524,1201.5241,1320.3733,2192.3025,871.9292,liability
nissan,EU27,2024,HR,S2,6,2030,847,967.2645,1856.6344,889.3699,2090.894,1141.9888,2192.0123,1050.0235,liability
nissan,EU27,2024,HR,S2,7,2031,847,836.5852,1856.4095,1019.8243,3110.7183,987.7039,2191.7468,1204.0429,liability
nissan,EU27,2024,HR,S2,8,2032,847,723.5613,1856.2039,1132.6426,4243.3609,854.2636,2191.504,1337.2404,liability
nissan,EU27,2024,HR,S2,9,2033,847,625.8071,1856.0159,1230.2088,5473.5697,738.8514,2191.2821,1452.4307,liability
nissan,EU27,2024,HR,S2,10,2034,847,541.2593,1855.844,1314.5847,6788.1544,639.0311,2191.0791,1552.0481,liability
nissan,EU27,2024,HR,S2,11,2035,847,468.1344,1855.6868,1387.5524,8175.7068,552.697,2190.8935,1638.1965,liability
nissan,EU27,2024,HR,S2,12,2036,847,404.8885,1855.5431,1450.6546,9626.3614,478.0266,2190.7238,1712.6973,liability
nissan,EU27,2024,HR,S2,13,2037,847,350.1874,1855.4117,1505.2243,11131.5857,413.4444,2190.5687,1777.1243,liability
nissan,EU27,2024,HR,S2,14,2038,847,302.8767,1855.2915,1552.4148,12684.0005,357.5876,2190.4268,1832.8392,liability
nissan,EU27,2024,HR,S2,15,2039,847,261.9573,1855.1816,1593.2243,14277.2248,309.2766,2190.297,1881.0204,liability
nissan,EU27,2024,HR,S2,16,2040,847,226.5665,1855.0811,1628.5146,15905.7394,267.4929,2190.1784,1922.6855,liability
nissan,EU27,2024,HR,S2,17,2041,847,195.9571,1854.9892,1659.0321,17564.7715,231.3543,2190.0699,1958.7156,liability
nissan,EU27,2024,HR,S2,18,2042,847,169.4829,1854.9052,1685.4223,19250.1938,200.0979,2189.9707,1989.8728,liability
nissan,EU27,2024,HR,S2,19,2043,847,146.5855,1854.8284,1708.2429,20958.4367,173.0643,2189.88,2016.8157,liability
nissan,EU27,2024,HU,S1,0,2024,5589,10048.8326,10969.9962,921.1636,921.1636,1797.9661,1962.7834,164.8172,liability
nissan,EU27,2024,HU,S1,1,2025,5589,10002.8612,10960.9007,958.0395,1879.2031,1789.7408,1961.156,171.4152,liability
nissan,EU27,2024,HU,S1,2,2026,5589,9957.0998,10952.3024,995.2026,2874.4057,1781.553,1959.6175,178.0645,liability
nissan,EU27,2024,HU,S1,3,2027,5589,9911.548,10944.174,1032.626,3907.0317,1773.4028,1958.1632,184.7604,liability
nissan,EU27,2024,HU,S1,4,2028,5589,9866.2044,10936.49,1070.2856,4977.3173,1765.2897,1956.7883,191.4986,liability
nissan,EU27,2024,HU,S1,5,2029,5589,9821.0685,10929.2262,1108.1577,6085.475,1757.2139,1955.4887,198.2748,liability
nissan,EU27,2024,HU,S1,6,2030,5589,9776.1389,10922.3595,1146.2206,7231.6956,1749.175,1954.2601,205.0851,liability
nissan,EU27,2024,HU,S1,7,2031,5589,9731.415,10915.868,1184.453,8416.1486,1741.1728,1953.0986,211.9257,liability
nissan,EU27,2024,HU,S1,8,2032,5589,9686.8955,10909.7314,1222.8359,9638.9845,1733.2073,1952.0006,218.7933,liability
nissan,EU27,2024,HU,S1,9,2033,5589,9642.58,10903.9304,1261.3504,10900.3349,1725.2782,1950.9627,225.6845,liability
nissan,EU27,2024,HU,S1,10,2034,5589,9598.467,10898.4465,1299.9795,12200.3144,1717.3854,1949.9815,232.5961,liability
nissan,EU27,2024,HU,S1,11,2035,5589,9554.5558,10893.2622,1338.7064,13539.0208,1709.5287,1949.0539,239.5252,liability
nissan,EU27,2024,HU,S1,12,2036,5589,9510.8454,10888.3615,1377.5161,14916.5369,1701.7079,1948.177,246.4692,liability
nissan,EU27,2024,HU,S1,13,2037,5589,9467.335,10883.7287,1416.3937,16332.9306,1693.9229,1947.3481,253.4252,liability
nissan,EU27,2024,HU,S1,14,2038,5589,9424.0237,10879.349,1455.3253,17788.2559,1686.1735,1946.5645,260.391,liability
nissan,EU27,2024,HU,S1,15,2039,5589,9380.9105,10875.209,1494.2985,19282.5544,1678.4596,1945.8238,267.3642,liability
nissan,EU27,2024,HU,S1,16,2040,5589,9337.9948,10871.2951,1533.3003,20815.8547,1670.781,1945.1235,274.3425,liability
nissan,EU27,2024,HU,S1,17,2041,5589,9295.2753,10867.5952,1572.3199,22388.1746,1663.1375,1944.4615,281.324,liability
nissan,EU27,2024,HU,S1,18,2042,5589,9252.7512,10864.0975,1611.3463,23999.5209,1655.5289,1943.8357,288.3067,liability
nissan,EU27,2024,HU,S1,19,2043,5589,9210.4215,10860.7911,1650.3696,25649.8905,1647.9552,1943.2441,295.2889,liability
nissan,EU27,2024,HU,S1,20,2044,5589,9168.2855,10857.6655,1689.38,27339.2705,1640.4161,1942.6848,302.2687,liability
nissan,EU27,2024,HU,S1,21,2045,5589,9126.3423,10854.7107,1728.3684,29067.6389,1632.9115,1942.1561,309.2447,liability
nissan,EU27,2024,HU,S2,0,2024,5589,10048.8326,10969.9962,921.1636,921.1636,1797.9661,1962.7834,164.8172,liability
nissan,EU27,2024,HU,S2,1,2025,5589,8691.2182,10955.754,2264.5358,3185.6994,1555.0578,1960.2351,405.1773,liability
nissan,EU27,2024,HU,S2,2,2026,5589,7517.0201,10942.7307,3425.7106,6611.41,1344.9669,1957.9049,612.938,liability
nissan,EU27,2024,HU,S2,3,2027,5589,6501.458,10930.8223,4429.3643,11040.7743,1163.2596,1955.7743,792.5146,liability
nissan,EU27,2024,HU,S2,4,2028,5589,5623.1001,10919.9334,5296.8333,16337.6076,1006.1013,1953.826,947.7247,liability
nissan,EU27,2024,HU,S2,5,2029,5589,4863.4098,10909.9766,6046.5668,22384.1744,870.1753,1952.0445,1081.8692,liability
nissan,EU27,2024,HU,S2,6,2030,5589,4206.3548,10900.8719,6694.5171,29078.6915,752.6131,1950.4154,1197.8023,liability
nissan,EU27,2024,HU,S2,7,2031,5589,3638.0693,10892.5467,7254.4774,36333.1689,650.9339,1948.9259,1297.992,liability
nissan,EU27,2024,HU,S2,8,2032,5589,3146.5601,10884.9341,7738.374,44071.5429,562.9916,1947.5638,1384.5722,liability
nissan,EU27,2024,HU,S2,9,2033,5589,2721.4545,10877.9731,8156.5186,52228.0615,486.9305,1946.3183,1459.3878,liability
nissan,EU27,2024,HU,S2,10,2034,5589,2353.7814,10871.608,8517.8266,60745.8881,421.1454,1945.1795,1524.0341,liability
nissan,EU27,2024,HU,S2,11,2035,5589,2035.7815,10865.7877,8830.0062,69575.8943,364.2479,1944.1381,1579.8902,liability
nissan,EU27,2024,HU,S2,12,2036,5589,1760.7441,10860.4657,9099.7216,78675.6159,315.0374,1943.1858,1628.1484,liability
nissan,EU27,2024,HU,S2,13,2037,5589,1522.8645,10855.5993,9332.7348,88008.3507,272.4753,1942.3151,1669.8398,liability
nissan,EU27,2024,HU,S2,14,2038,5589,1317.123,10851.1493,9534.0263,97542.377,235.6634,1941.5189,1705.8555,liability
nissan,EU27,2024,HU,S2,15,2039,5589,1139.1773,10847.0804,9707.9031,107250.2801,203.8249,1940.7909,1736.966,liability
nissan,EU27,2024,HU,S2,16,2040,5589,985.2727,10843.3597,9858.087,117108.3671,176.2878,1940.1252,1763.8374,liability
nissan,EU27,2024,HU,S2,17,2041,5589,852.1605,10839.9574,9987.7969,127096.164,152.471,1939.5164,1787.0454,liability
nissan,EU27,2024,HU,S2,18,2042,5589,737.0323,10836.8465,10099.8142,137195.9782,131.8719,1938.9598,1807.0879,liability
nissan,EU27,2024,HU,S2,19,2043,5589,637.458,10834.0019,10196.5439,147392.5221,114.0558,1938.4509,1824.395,liability
nissan,EU27,2024,HU,S2,20,2044,5589,551.3362,10831.4006,10280.0644,157672.5865,98.6467,1937.9854,1839.3388,liability
nissan,EU27,2024,HU,S2,21,2045,5589,476.8498,10829.0222,10352.1724,168024.7589,85.3193,1937.5599,1852.2405,liability
nissan,EU27,2024,IE,S1,0,2024,4809,10654.5178,10061.1807,-593.3371,-593.3371,2215.5371,2092.1565,-123.3806,contribution
nissan,EU27,2024,IE,S1,1,2025,4809,10306.5388,10037.1845,-269.3543,-862.6914,2143.1771,2087.1667,-56.0105,contribution
nissan,EU27,2024,IE,S1,2,2026,4809,9969.925,10014.4351,44.5101,-818.1813,2073.1805,2082.4361,9.2556,liability
nissan,EU27,2024,IE,S1,3,2027,4809,9644.3051,9992.8678,348.5627,-469.6186,2005.47,2077.9513,72.4813,liability
nissan,EU27,2024,IE,S1,4,2028,4809,9329.3199,9972.4212,643.1013,173.4827,1939.9709,2073.6996,133.7287,liability
nissan,EU27,2024,IE,S1,5,2029,4809,9024.6223,9953.037,928.4147,1101.8974,1876.611,2069.6687,193.0577,liability
nissan,EU27,2024,IE,S1,6,2030,4809,8729.8762,9934.66,1204.7838,2306.6812,1815.3205,2065.8474,250.5269,liability
nissan,EU27,2024,IE,S1,7,2031,4809,8444.7566,9917.2379,1472.4813,3779.1625,1756.0317,2062.2246,306.1928,liability
nissan,EU27,2024,IE,S1,8,2032,4809,8168.949,9900.7211,1731.7721,5510.9346,1698.6794,2058.79,360.1106,liability
nissan,EU27,2024,IE,S1,9,2033,4809,7902.1492,9885.0626,1982.9134,7493.848,1643.2001,2055.5339,412.3338,liability
nissan,EU27,2024,IE,S1,10,2034,4809,7644.0632,9870.2176,2226.1544,9720.0024,1589.5328,2052.447,462.9142,liability
nissan,EU27,2024,IE,S1,11,2035,4809,7394.4066,9856.144,2461.7374,12181.7398,1537.6183,2049.5205,511.9021,liability
nissan,EU27,2024,IE,S1,12,2036,4809,7152.9037,9842.8016,2689.8979,14871.6377,1487.3994,2046.746,559.3466,liability
nissan,EU27,2024,IE,S1,13,2037,4809,6919.2882,9830.1526,2910.8644,17782.5021,1438.8206,2044.1157,605.2952,liability
nissan,EU27,2024,IE,S1,14,2038,4809,6693.3027,9818.1608,3124.8581,20907.3602,1391.8284,2041.6221,649.7937,liability
nissan,EU27,2024,IE,S1,15,2039,4809,6474.698,9806.792,3332.094,24239.4542,1346.371,2039.2581,692.8871,liability
nissan,EU27,2024,IE,S1,16,2040,4809,6263.2329,9796.0141,3532.7812,27772.2354,1302.3982,2037.0169,734.6187,liability
nissan,EU27,2024,IE,S1,17,2041,4809,6058.6744,9785.7961,3727.1217,31499.3571,1259.8616,2034.8921,775.0305,liability
nissan,EU27,2024,IE,S1,18,2042,4809,5860.7967,9776.1091,3915.3124,35414.6695,1218.7142,2032.8778,814.1635,liability
nissan,EU27,2024,IE,S2,0,2024,4809,10654.5178,10061.1807,-593.3371,-593.3371,2215.5371,2092.1565,-123.3806,contribution
nissan,EU27,2024,IE,S2,1,2025,4809,9215.0744,10021.6495,806.5751,213.238,1916.2143,2083.9363,167.722,liability
nissan,EU27,2024,IE,S2,2,2026,4809,7970.1022,9985.5023,2015.4001,2228.6381,1657.3305,2076.4197,419.0892,liability
nissan,EU27,2024,IE,S2,3,2027,4809,6893.328,9952.4492,3059.1212,5287.7593,1433.4223,2069.5465,636.1242,liability
nissan,EU27,2024,IE,S2,4,2028,4809,5962.0278,9922.2254,3960.1976,9247.9569,1239.7646,2063.2617,823.4971,liability
nissan,EU27,2024,IE,S2,5,2029,4809,5156.5479,9894.5888,4738.0409,13985.9978,1072.2703,2057.5148,985.2445,liability
nissan,EU27,2024,IE,S2,6,2030,4809,4459.8894,9869.3179,5409.4285,19395.4263,927.4047,2052.2599,1124.8552,liability
nissan,EU27,2024,IE,S2,7,2031,4809,3857.3509,9846.2102,5988.8593,25384.2856,802.1108,2047.4548,1245.344,liability
nissan,EU27,2024,IE,S2,8,2032,4809,3336.2162,9825.0804,6488.8642,31873.1498,693.7443,2043.061,1349.3167,liability
nissan,EU27,2024,IE,S2,9,2033,4809,2885.4879,9805.7595,6920.2716,38793.4214,600.0183,2039.0434,1439.0251,liability
nissan,EU27,2024,IE,S2,10,2034,4809,2495.6536,9788.0923,7292.4387,46085.8601,518.9548,2035.3696,1516.4148,liability
nissan,EU27,2024,IE,S2,11,2035,4809,2158.4866,9771.9375,7613.4509,53699.311,448.8431,2032.0103,1583.1672,liability
nissan,EU27,2024,IE,S2,12,2036,4809,1866.8712,9757.1656,7890.2944,61589.6054,388.2036,2028.9386,1640.735,liability
nissan,EU27,2024,IE,S2,13,2037,4809,1614.6538,9743.6581,8129.0043,69718.6097,335.7567,2026.1298,1690.3731,liability
nissan,EU27,2024,IE,S2,14,2038,4809,1396.5115,9731.3069,8334.7954,78053.4051,290.3954,2023.5614,1733.166,liability
nissan,EU27,2024,IE,S2,15,2039,4809,1207.8403,9720.0128,8512.1725,86565.5776,251.1625,2021.2129,1770.0504,liability
nissan,EU27,2024,IE,S2,16,2040,4809,1044.6591,9709.6856,8665.0265,95230.6041,217.23,2019.0654,1801.8354,liability
nissan,EU27,2024,IE,S2,17,2041,4809,903.5239,9700.2424,8796.7185,104027.3226,187.8819,2017.1018,1829.2199,liability
nissan,EU27,2024,IE,S2,18,2042,4809,781.4563,9691.6076,8910.1513,112937.4739,162.4987,2015.3062,1852.8075,liability
nissan,EU27,2024,IT,S1,0,2024,34933,55162.566,65900.4602,10737.8942,10737.8942,1579.0962,1886.4816,307.3854,liability
nissan,EU27,2024,IT,S1,1,2025,34933,54174.555,65890.0047,11715.4497,22453.3439,1550.8131,1886.1823,335.3691,liability
nissan,EU27,2024,IT,S1,2,2026,34933,53204.24,65879.853,12675.613,35128.9569,1523.0367,1885.8916,362.855,liability
nissan,EU27,2024,IT,S1,3,2027,34933,52251.3044,65869.9966,13618.6922,48747.6491,1495.7577,1885.6095,389.8518,liability
nissan,EU27,2024,IT,S1,4,2028,34933,51315.4365,65860.4265,14544.99,63292.6391,1468.9674,1885.3355,416.3682,liability
nissan,EU27,2024,IT,S1,5,2029,34933,50396.3311,65851.1348,15454.8037,78747.4428,1442.6568,1885.0696,442.4127,liability
nissan,EU27,2024,IT,S1,6,2030,34933,49493.6875,65842.1131,16348.4256,95095.8684,1416.8176,1884.8113,467.9937,liability
nissan,EU27,2024,IT,S1,7,2031,34933,48607.2111,65833.3538,17226.1427,112322.0111,1391.4411,1884.5606,493.1195,liability
nissan,EU27,2024,IT,S1,8,2032,34933,47736.6122,65824.8489,18088.2367,130410.2478,1366.5191,1884.3171,517.798,liability
nissan,EU27,2024,IT,S1,9,2033,34933,46881.6067,65816.5914,18934.9847,149345.2325,1342.0435,1884.0807,542.0372,liability
nissan,EU27,2024,IT,S1,10,2034,34933,46041.9151,65808.5739,19766.6588,169111.8913,1318.0063,1883.8512,565.8449,liability
nissan,EU27,2024,IT,S1,11,2035,34933,45217.263,65800.7895,20583.5265,189695.4178,1294.3997,1883.6284,589.2287,liability
nissan,EU27,2024,IT,S1,12,2036,34933,44407.3812,65793.2314,21385.8502,211081.268,1271.2158,1883.412,612.1962,liability
nissan,EU27,2024,IT,S1,13,2037,34933,43612.005,65785.8929,22173.8879,233255.1559,1248.4472,1883.2019,634.7548,liability
nissan,EU27,2024,IT,S1,14,2038,34933,42830.875,65778.7678,22947.8928,256203.0487,1226.0864,1882.998,656.9116,liability
nissan,EU27,2024,IT,S1,15,2039,34933,42063.7355,65771.8498,23708.1143,279911.163,1204.1261,1882.7999,678.6739,liability
nissan,EU27,2024,IT,S1,16,2040,34933,41310.3363,65765.133,24454.7967,304365.9597,1182.5591,1882.6076,700.0486,liability
nissan,EU27,2024,IT,S1,17,2041,34933,40570.431,65758.6115,25188.1805,329554.1402,1161.3784,1882.421,721.0426,liability
nissan,EU27,2024,IT,S1,18,2042,34933,39843.7781,65752.2794,25908.5013,355462.6415,1140.5771,1882.2397,741.6626,liability
nissan,EU27,2024,IT,S2,0,2024,34933,55162.566,65900.4602,10737.8942,10737.8942,1579.0962,1886.4816,307.3854,liability
nissan,EU27,2024,IT,S2,1,2025,34933,47710.0104,65869.6726,18159.6622,28897.5564,1365.7576,1885.6002,519.8426,liability
nissan,EU27,2024,IT,S2,2,2026,34933,41264.3076,65841.5202,24577.2126,53474.769,1181.2415,1884.7943,703.5529,liability
nissan,EU27,2024,IT,S2,3,2027,34933,35689.4299,65815.7778,30126.3479,83601.1169,1021.6537,1884.0574,862.4037,liability
nissan,EU27,2024,IT,S2,4,2028,34933,30867.7279,65792.2389,34924.511,118525.6279,883.6266,1883.3836,999.757,liability
nissan,EU27,2024,IT,S2,5,2029,34933,26697.4458,65770.7149,39073.2691,157598.897,764.2472,1882.7674,1118.5203,liability
nissan,EU27,2024,IT,S2,6,2030,34933,23090.5759,65751.0333,42660.4574,200259.3544,660.9961,1882.204,1221.208,liability
nissan,EU27,2024,IT,S2,7,2031,34933,19971.0001,65733.0366,45762.0365,246021.3909,571.6944,1881.6889,1309.9945,liability
nissan,EU27,2024,IT,S2,8,2032,34933,17272.8844,65716.5804,48443.696,294465.0869,494.4575,1881.2178,1386.7603,liability
nissan,EU27,2024,IT,S2,9,2033,34933,14939.2885,65701.5326,50762.2441,345227.331,427.6555,1880.787,1453.1315,liability
nissan,EU27,2024,IT,S2,10,2034,34933,12920.9656,65687.7732,52766.8076,397994.1386,369.8785,1880.3931,1510.5146,liability
nissan,EU27,2024,IT,S2,11,2035,34933,11175.3211,65675.1914,54499.8703,452494.0089,319.9073,1880.033,1560.1257,liability
nissan,EU27,2024,IT,S2,12,2036,34933,9665.5165,65663.6866,55998.1701,508492.179,276.6873,1879.7036,1603.0163,liability
nissan,EU27,2024,IT,S2,13,2037,34933,8359.6891,65653.1668,57293.4777,565785.6567,239.3064,1879.4025,1640.0961,liability
nissan,EU27,2024,IT,S2,14,2038,34933,7230.2809,65643.5474,58413.2665,624198.9232,206.9757,1879.1271,1672.1514,liability
nissan,EU27,2024,IT,S2,15,2039,34933,6253.4577,65634.7513,59381.2936,683580.2168,179.0129,1878.8753,1699.8624,liability
nissan,EU27,2024,IT,S2,16,2040,34933,5408.605,65626.7082,60218.1032,743798.32,154.828,1878.6451,1723.8171,liability
nissan,EU27,2024,IT,S2,17,2041,34933,4677.8934,65619.3538,60941.4604,804739.7804,133.9104,1878.4345,1744.5241,liability
nissan,EU27,2024,IT,S2,18,2042,34933,4045.9019,65612.6287,61566.7268,866306.5072,115.8189,1878.242,1762.4231,liability
nissan,EU27,2024,LT,S1,0,2024,1051,1710.3579,2022.6019,312.244,312.244,1627.3624,1924.4547,297.0923,liability
nissan,EU27,2024,LT,S1,1,2025,1051,1655.3849,2020.9651,365.5802,677.8242,1575.057,1922.8973,347.8403,liability
nissan,EU27,2024,LT,S1,2,2026,1051,1602.1785,2019.4584,417.2799,1095.1041,1524.4324,1921.4637,397.0313,liability
nissan,EU27,2024,LT,S1,3,2027,1051,1550.6824,2018.0713,467.3889,1562.493,1475.4352,1920.144,444.7088,liability
nissan,EU27,2024,LT,S1,4,2028,1051,1500.8414,2016.7948,515.9534,2078.4464,1428.0127,1918.9294,490.9167,liability
nissan,EU27,2024,LT,S1,5,2029,1051,1452.6023,2015.6195,563.0172,2641.4636,1382.1145,1917.8111,535.6967,liability
nissan,EU27,2024,LT,S1,6,2030,1051,1405.9138,2014.5376,608.6238,3250.0874,1337.6915,1916.7817,579.0902,liability
nissan,EU27,2024,LT,S1,7,2031,1051,1360.7259,2013.5418,652.8159,3902.9033,1294.6964,1915.8343,621.1379,liability
nissan,EU27,2024,LT,S1,8,2032,1051,1316.9901,2012.6251,695.635,4598.5383,1253.0829,1914.962,661.8792,liability
nissan,EU27,2024,LT,S1,9,2033,1051,1274.6605,2011.7813,737.1208,5335.6591,1212.8073,1914.1592,701.3519,liability
nissan,EU27,2024,LT,S1,10,2034,1051,1233.6913,2011.0046,777.3133,6112.9724,1173.8262,1913.4202,739.594,liability
nissan,EU27,2024,LT,S1,11,2035,1051,1194.0387,2010.2896,816.2509,6929.2233,1136.0977,1912.7399,776.6422,liability
nissan,EU27,2024,LT,S1,12,2036,1051,1155.6606,2009.6315,853.9709,7783.1942,1099.5819,1912.1137,812.5318,liability
nissan,EU27,2024,LT,S1,13,2037,1051,1118.5163,2009.0256,890.5093,8673.7035,1064.2401,1911.5372,847.2971,liability
nissan,EU27,2024,LT,S1,14,2038,1051,1082.5656,2008.4679,925.9023,9599.6058,1030.0339,1911.0066,880.9727,liability
nissan,EU27,2024,LT,S1,15,2039,1051,1047.7705,2007.9545,960.184,10559.7898,996.9272,1910.5181,913.5909,liability
nissan,EU27,2024,LT,S1,16,2040,1051,1014.0938,2007.4819,993.3881,11553.1779,964.8847,1910.0684,945.1837,liability
nissan,EU27,2024,LT,S1,17,2041,1051,981.4994,2007.0469,1025.5475,12578.7254,933.8719,1909.6545,975.7826,liability
nissan,EU27,2024,LT,S1,18,2042,1051,949.9528,2006.6465,1056.6937,13635.4191,903.8561,1909.2735,1005.4174,liability
nissan,EU27,2024,LT,S1,19,2043,1051,919.42,2006.278,1086.858,14722.2771,874.8049,1908.9229,1034.118,liability
nissan,EU27,2024,LT,S1,20,2044,1051,889.8688,2005.9386,1116.0698,15838.3469,846.6877,1908.6,1061.9123,liability
nissan,EU27,2024,LT,S1,21,2045,1051,861.267,2005.6263,1144.3593,16982.7062,819.4738,1908.3029,1088.829,liability
nissan,EU27,2024,LT,S1,22,2046,1051,833.5847,2005.3388,1171.7541,18154.4603,793.1348,1908.0293,1114.8945,liability
nissan,EU27,2024,LT,S2,0,2024,1051,1710.3579,2022.6019,312.244,312.244,1627.3624,1924.4547,297.0923,liability
nissan,EU27,2024,LT,S2,1,2025,1051,1479.2856,2020.8391,541.5535,853.7975,1407.5029,1922.7775,515.2745,liability
nissan,EU27,2024,LT,S2,2,2026,1051,1279.4318,2019.2274,739.7956,1593.5931,1217.3471,1921.244,703.8969,liability
nissan,EU27,2024,LT,S2,3,2027,1051,1106.5783,2017.7535,911.1752,2504.7683,1052.8814,1919.8416,866.9602,liability
nissan,EU27,2024,LT,S2,4,2028,1051,957.0777,2016.4058,1059.3281,3564.0964,910.6353,1918.5593,1007.924,liability
nissan,EU27,2024,LT,S2,5,2029,1051,827.7751,2015.1734,1187.3983,4751.4947,787.6071,1917.3867,1129.7795,liability
nissan,EU27,2024,LT,S2,6,2030,1051,715.9412,2014.0466,1298.1054,6049.6001,681.2,1916.3146,1235.1146,liability
nissan,EU27,2024,LT,S2,7,2031,1051,619.2163,2013.0162,1393.7999,7443.4,589.1687,1915.3342,1326.1655,liability
nissan,EU27,2024,LT,S2,8,2032,1051,535.5591,2012.074,1476.5149,8919.9149,509.571,1914.4377,1404.8667,liability
nissan,EU27,2024,LT,S2,9,2033,1051,463.2042,2011.2125,1548.0083,10467.9232,440.7271,1913.618,1472.8909,liability
nissan,EU27,2024,LT,S2,10,2034,1051,400.6247,2010.4247,1609.8,12077.7232,381.1843,1912.8684,1531.6841,liability
nissan,EU27,2024,LT,S2,11,2035,1051,346.4995,2009.7043,1663.2048,13740.928,329.6855,1912.183,1582.4974,liability
nissan,EU27,2024,LT,S2,12,2036,1051,299.6867,2009.0456,1709.3589,15450.2869,285.1443,1911.5562,1626.4119,liability
nissan,EU27,2024,LT,S2,13,2037,1051,259.1987,2008.4433,1749.2446,17199.5315,246.621,1910.9832,1664.3621,liability
nissan,EU27,2024,LT,S2,14,2038,1051,224.1803,2007.8925,1783.7122,18983.2437,213.3019,1910.4591,1697.1572,liability
nissan,EU27,2024,LT,S2,15,2039,1051,193.8934,2007.389,1813.4956,20796.7393,184.4847,1909.98,1725.4953,liability
nissan,EU27,2024,LT,S2,16,2040,1051,167.6979,2006.9285,1839.2306,22635.9699,159.5603,1909.5419,1749.9815,liability
nissan,EU27,2024,LT,S2,17,2041,1051,145.0416,2006.5074,1861.4658,24497.4357,138.0034,1909.1412,1771.1378,liability
nissan,EU27,2024,LT,S2,18,2042,1051,125.4463,2006.1223,1880.676,26378.1117,119.359,1908.7748,1789.4158,liability
nissan,EU27,2024,LT,S2,19,2043,1051,108.4983,2005.7702,1897.2719,28275.3836,103.2334,1908.4398,1805.2064,liability
nissan,EU27,2024,LT,S2,20,2044,1051,93.84,2005.4483,1911.6083,30186.9919,89.2864,1908.1335,1818.8471,liability
nissan,EU27,2024,LT,S2,21,2045,1051,81.1621,2005.154,1923.9919,32110.9838,77.2237,1907.8535,1830.6298,liability
nissan,EU27,2024,LT,S2,22,2046,1051,70.197,2004.8848,1934.6878,34045.6716,66.7907,1907.5973,1840.8067,liability
nissan,EU27,2024,LV,S1,0,2024,687,1329.1139,1325.7756,-3.3383,-3.3383,1934.6636,1929.8044,-4.8592,contribution
nissan,EU27,2024,LV,S1,1,2025,687,1286.3322,1324.7901,38.4579,35.1196,1872.3904,1928.3699,55.9795,liability
nissan,EU27,2024,LV,S1,2,2026,687,1244.9278,1323.8617,78.9339,114.0535,1812.122,1927.0185,114.8965,liability
nissan,EU27,2024,LV,S1,3,2027,687,1204.856,1322.9865,118.1305,232.184,1753.7933,1925.7445,171.9512,liability
nissan,EU27,2024,LV,S1,4,2028,687,1166.074,1322.1619,156.0879,388.2719,1697.3421,1924.5443,227.2022,liability
nissan,EU27,2024,LV,S1,5,2029,687,1128.5404,1321.3848,192.8444,581.1163,1642.708,1923.4131,280.7051,liability
nissan,EU27,2024,LV,S1,6,2030,687,1092.2151,1320.6524,228.4373,809.5536,1589.8328,1922.347,332.5143,liability
nissan,EU27,2024,LV,S1,7,2031,687,1057.0587,1319.9623,262.9036,1072.4572,1538.659,1921.3425,382.6836,liability
nissan,EU27,2024,LV,S1,8,2032,687,1023.0342,1319.312,296.2778,1368.735,1489.1328,1920.3959,431.2632,liability
nissan,EU27,2024,LV,S1,9,2033,687,990.1046,1318.6991,328.5945,1697.3295,1441.2003,1919.5038,478.3035,liability
nissan,EU27,2024,LV,S1,10,2034,687,958.2351,1318.1216,359.8865,2057.216,1394.8109,1918.6632,523.8523,liability
nissan,EU27,2024,LV,S1,11,2035,687,927.3915,1317.5773,390.1858,2447.4018,1349.9148,1917.8709,567.956,liability
nissan,EU27,2024,LV,S1,12,2036,687,897.5405,1317.0644,419.5239,2866.9257,1306.4636,1917.1243,610.6607,liability
nissan,EU27,2024,LV,S1,13,2037,687,868.6504,1316.5812,447.9308,3314.8565,1264.4111,1916.421,652.0099,liability
nissan,EU27,2024,LV,S1,14,2038,687,840.6903,1316.1258,475.4355,3790.292,1223.7122,1915.7581,692.0459,liability
nissan,EU27,2024,LV,S1,15,2039,687,813.6302,1315.6965,502.0663,4292.3583,1184.3234,1915.1332,730.8098,liability
nissan,EU27,2024,LV,S1,16,2040,687,787.4411,1315.292,527.8509,4820.2092,1146.2025,1914.5444,768.3419,liability
nissan,EU27,2024,LV,S1,17,2041,687,762.0947,1314.9109,552.8162,5373.0254,1109.3082,1913.9897,804.6815,liability
nissan,EU27,2024,LV,S1,18,2042,687,737.5646,1314.5517,576.9871,5950.0125,1073.602,1913.4668,839.8648,liability
nissan,EU27,2024,LV,S1,19,2043,687,713.8238,1314.2132,600.3894,6550.4019,1039.0448,1912.9741,873.9293,liability
nissan,EU27,2024,LV,S1,20,2044,687,690.8472,1313.8942,623.047,7173.4489,1005.6,1912.5098,906.9098,liability
nissan,EU27,2024,LV,S1,21,2045,687,668.6102,1313.5937,644.9835,7818.4324,973.2317,1912.0723,938.8406,liability
nissan,EU27,2024,LV,S1,22,2046,687,647.0889,1313.3105,666.2216,8484.654,941.9052,1911.6601,969.7549,liability
nissan,EU27,2024,LV,S2,0,2024,687,1329.1139,1325.7756,-3.3383,-3.3383,1934.6636,1929.8044,-4.8592,contribution
nissan,EU27,2024,LV,S2,1,2025,687,1149.5485,1324.3123,174.7638,171.4255,1673.2875,1927.6744,254.3869,liability
nissan,EU27,2024,LV,S2,2,2026,687,994.2424,1322.974,328.7316,500.1571,1447.2233,1925.7263,478.5031,liability
nissan,EU27,2024,LV,S2,3,2027,687,859.9185,1321.7503,461.8318,961.9889,1251.7009,1923.9451,672.2443,liability
nissan,EU27,2024,LV,S2,4,2028,687,743.7422,1320.6315,576.8893,1538.8782,1082.5942,1922.3166,839.7224,liability
nissan,EU27,2024,LV,S2,5,2029,687,643.2614,1319.6085,676.3471,2215.2253,936.3339,1920.8275,984.4936,liability
nissan,EU27,2024,LV,S2,6,2030,687,556.3557,1318.6729,762.3172,2977.5425,809.8336,1919.4656,1109.632,liability
nissan,EU27,2024,LV,S2,7,2031,687,481.1911,1317.8174,836.6263,3814.1688,700.4237,1918.2204,1217.7967,liability
nissan,EU27,2024,LV,S2,8,2032,687,416.1813,1317.0352,900.8539,4715.0227,605.7952,1917.0818,1311.2866,liability
nissan,EU27,2024,LV,S2,9,2033,687,359.9545,1316.3198,956.3653,5671.388,523.9512,1916.0405,1392.0892,liability
nissan,EU27,2024,LV,S2,10,2034,687,311.3241,1315.6658,1004.3417,6675.7297,453.1646,1915.0885,1461.9239,liability
nissan,EU27,2024,LV,S2,11,2035,687,269.2637,1315.0678,1045.8041,7721.5338,391.9413,1914.218,1522.2767,liability
nissan,EU27,2024,LV,S2,12,2036,687,232.8857,1314.5209,1081.6352,8803.169,338.9894,1913.422,1574.4326,liability
nissan,EU27,2024,LV,S2,13,2037,687,201.4226,1314.0209,1112.5983,9915.7673,293.1916,1912.6942,1619.5026,liability
nissan,EU27,2024,LV,S2,14,2038,687,174.21,1313.5636,1139.3536,11055.1209,253.5808,1912.0285,1658.4477,liability
nissan,EU27,2024,LV,S2,15,2039,687,150.6739,1313.1455,1162.4716,12217.5925,219.3215,1911.4199,1692.0984,liability
nissan,EU27,2024,LV,S2,16,2040,687,130.3176,1312.7632,1182.4456,13400.0381,189.6908,1910.8635,1721.1726,liability
nissan,EU27,2024,LV,S2,17,2041,687,112.7115,1312.4137,1199.7022,14599.7403,164.0633,1910.3547,1746.2914,liability
nissan,EU27,2024,LV,S2,18,2042,687,97.4839,1312.094,1214.6101,15814.3504,141.898,1909.8894,1767.9914,liability
nissan,EU27,2024,LV,S2,19,2043,687,84.3137,1311.8016,1227.4879,17041.8383,122.7274,1909.4638,1786.7364,liability
nissan,EU27,2024,LV,S2,20,2044,687,72.9229,1311.5344,1238.6115,18280.4498,106.1469,1909.0748,1802.9279,liability
nissan,EU27,2024,LV,S2,21,2045,687,63.0708,1311.29,1248.2192,19528.669,91.8061,1908.7191,1816.913,liability
nissan,EU27,2024,LV,S2,22,2046,687,54.5498,1311.0664,1256.5166,20785.1856,79.4029,1908.3936,1828.9907,liability
nissan,EU27,2024,MT,S1,0,2024,230,302.376,211.8034,-90.5726,-90.5726,1314.6783,920.8843,-393.7939,contribution
nissan,EU27,2024,MT,S1,1,2025,230,301.8915,210.6203,-91.2712,-181.8438,1312.5717,915.7404,-396.8313,contribution
nissan,EU27,2024,MT,S1,2,2026,230,301.4077,209.4591,-91.9486,-273.7924,1310.4683,910.6917,-399.7765,contribution
nissan,EU27,2024,MT,S1,3,2027,230,300.9249,208.3198,-92.6051,-366.3975,1308.3691,905.7383,-402.6309,contribution
nissan,EU27,2024,MT,S1,4,2028,230,300.4428,207.202,-93.2408,-459.6383,1306.273,900.8783,-405.3948,contribution
nissan,EU27,2024,MT,S1,5,2029,230,299.9615,206.1049,-93.8566,-553.4949,1304.1804,896.1083,-408.0722,contribution
nissan,EU27,2024,MT,S1,6,2030,230,299.4808,205.0284,-94.4524,-647.9473,1302.0904,891.4278,-410.6626,contribution
nissan,EU27,2024,MT,S1,7,2031,230,299.001,203.9721,-95.0289,-742.9762,1300.0043,886.8352,-413.1691,contribution
nissan,EU27,2024,MT,S1,8,2032,230,298.5219,202.9357,-95.5862,-838.5624,1297.9213,882.3291,-415.5922,contribution
nissan,EU27,2024,MT,S1,9,2033,230,298.0438,201.9185,-96.1253,-934.6877,1295.8426,877.9065,-417.9361,contribution
nissan,EU27,2024,MT,S1,10,2034,230,297.5663,200.9205,-96.6458,-1031.3335,1293.7665,873.5674,-420.1991,contribution
nissan,EU27,2024,MT,S1,11,2035,230,297.0894,199.9411,-97.1483,-1128.4818,1291.693,869.3091,-422.3839,contribution
nissan,EU27,2024,MT,S1,12,2036,230,296.6134,198.9802,-97.6332,-1226.115,1289.6235,865.1313,-424.4922,contribution
nissan,EU27,2024,MT,S1,13,2037,230,296.1382,198.0372,-98.101,-1324.216,1287.5574,861.0313,-426.5261,contribution
nissan,EU27,2024,MT,S1,14,2038,230,295.6639,197.1119,-98.552,-1422.768,1285.4952,857.0083,-428.487,contribution
nissan,EU27,2024,MT,S1,15,2039,230,295.1901,196.2038,-98.9863,-1521.7543,1283.4352,853.06,-430.3752,contribution
nissan,EU27,2024,MT,S1,16,2040,230,294.7172,195.3129,-99.4043,-1621.1586,1281.3791,849.1865,-432.1926,contribution
nissan,EU27,2024,MT,S1,17,2041,230,294.245,194.4386,-99.8064,-1720.965,1279.3261,845.3852,-433.9409,contribution
nissan,EU27,2024,MT,S1,18,2042,230,293.7737,193.5806,-100.1931,-1821.1581,1277.277,841.6548,-435.6222,contribution
nissan,EU27,2024,MT,S1,19,2043,230,293.3029,192.7388,-100.5641,-1921.7222,1275.23,837.9948,-437.2352,contribution
nissan,EU27,2024,MT,S1,20,2044,230,292.8331,191.9128,-100.9203,-2022.6425,1273.1874,834.4035,-438.7839,contribution
nissan,EU27,2024,MT,S1,21,2045,230,292.3637,191.1023,-101.2614,-2123.9039,1271.1465,830.8796,-440.267,contribution
nissan,EU27,2024,MT,S2,0,2024,230,302.376,211.8034,-90.5726,-90.5726,1314.6783,920.8843,-393.7939,contribution
nissan,EU27,2024,MT,S2,1,2025,230,261.5246,206.3972,-55.1274,-145.7,1137.0635,897.3791,-239.6843,contribution
nissan,EU27,2024,MT,S2,2,2026,230,226.1919,201.4536,-24.7383,-170.4383,983.443,875.8852,-107.5578,contribution
nissan,EU27,2024,MT,S2,3,2027,230,195.6331,196.9334,1.3003,-169.138,850.5787,856.2322,5.6535,liability
nissan,EU27,2024,MT,S2,4,2028,230,169.2029,192.8,23.5971,-145.5409,735.6648,838.2609,102.5961,liability
nissan,EU27,2024,MT,S2,5,2029,230,146.3433,189.0204,42.6771,-102.8638,636.2752,821.8278,185.5526,liability
nissan,EU27,2024,MT,S2,6,2030,230,126.5719,185.5644,58.9925,-43.8713,550.3126,806.8017,256.4891,liability
nissan,EU27,2024,MT,S2,7,2031,230,109.472,182.4043,72.9323,29.061,475.9652,793.0622,317.097,liability
nissan,EU27,2024,MT,S2,8,2032,230,94.682,179.5146,84.8326,113.8936,411.6609,780.4983,368.8374,liability
nissan,EU27,2024,MT,S2,9,2033,230,81.8902,176.8723,94.9821,208.8757,356.0443,769.01,412.9657,liability
nissan,EU27,2024,MT,S2,10,2034,230,70.8268,174.4561,103.6293,312.505,307.9426,758.5048,450.5622,liability
nissan,EU27,2024,MT,S2,11,2035,230,61.258,172.2467,110.9887,423.4937,266.3391,748.8987,482.5596,liability
nissan,EU27,2024,MT,S2,12,2036,230,52.9819,170.2265,117.2446,540.7383,230.3561,740.1152,509.7591,liability
nissan,EU27,2024,MT,S2,13,2037,230,45.8239,168.3793,122.5554,663.2937,199.2343,732.0839,532.8496,liability
nissan,EU27,2024,MT,S2,14,2038,230,39.633,166.6901,127.0571,790.3508,172.3174,724.7396,552.4222,liability
nissan,EU27,2024,MT,S2,15,2039,230,34.2784,165.1456,130.8672,921.218,149.0365,718.0243,568.9878,liability
nissan,EU27,2024,MT,S2,16,2040,230,29.6475,163.7332,134.0857,1055.3037,128.9022,711.8835,582.9813,liability
nissan,EU27,2024,MT,S2,17,2041,230,25.6421,162.4418,136.7997,1192.1034,111.4874,706.2687,594.7813,liability
nissan,EU27,2024,MT,S2,18,2042,230,22.1777,161.2609,139.0832,1331.1866,96.4248,701.1343,604.7096,liability
nissan,EU27,2024,MT,S2,19,2043,230,19.1815,160.1811,140.9996,1472.1862,83.3978,696.4396,613.0417,liability
nissan,EU27,2024,MT,S2,20,2044,230,16.5901,159.1937,142.6036,1614.7898,72.1309,692.1465,620.0157,liability
nissan,EU27,2024,MT,S2,21,2045,230,14.3487,158.2908,143.9421,1758.7319,62.3857,688.2209,625.8352,liability
nissan,EU27,2024,NL,S1,0,2024,5470,8338.9401,9782.0734,1443.1333,1443.1333,1524.4863,1788.3132,263.8269,liability
nissan,EU27,2024,NL,S1,1,2025,5470,8034.5181,9734.1587,1699.6406,3142.7739,1468.8333,1779.5537,310.7204,liability
nissan,EU27,2024,NL,S1,2,2026,5470,7741.2094,9690.3843,1949.1749,5091.9488,1415.212,1771.5511,356.3391,liability
nissan,EU27,2024,NL,S1,3,2027,5470,7458.6079,9650.3925,2191.7846,7283.7334,1363.5481,1764.2399,400.6919,liability
nissan,EU27,2024,NL,S1,4,2028,5470,7186.3235,9613.8566,2427.5331,9711.2665,1313.7703,1757.5606,443.7903,liability
nissan,EU27,2024,NL,S1,5,2029,5470,6923.9787,9580.4778,2656.4991,12367.7656,1265.8096,1751.4585,485.6488,liability
nissan,EU27,2024,NL,S1,6,2030,5470,6671.2115,9549.9832,2878.7717,15246.5373,1219.5999,1745.8836,526.2837,liability
nissan,EU27,2024,NL,S1,7,2031,5470,6427.6714,9522.1236,3094.4522,18340.9895,1175.077,1740.7904,565.7134,liability
nissan,EU27,2024,NL,S1,8,2032,5470,6193.0224,9496.6716,3303.6492,21644.6387,1132.1796,1736.1374,603.9578,liability
nissan,EU27,2024,NL,S1,9,2033,5470,5966.939,9473.4189,3506.4799,25151.1186,1090.8481,1731.8865,641.0384,liability
nissan,EU27,2024,NL,S1,10,2034,5470,5749.1096,9452.1754,3703.0658,28854.1844,1051.0255,1728.0028,676.9773,liability
nissan,EU27,2024,NL,S1,11,2035,5470,5539.2321,9432.7677,3893.5356,32747.72,1012.6567,1724.4548,711.7981,liability
nissan,EU27,2024,NL,S1,12,2036,5470,5337.0164,9415.0369,4078.0205,36825.7405,975.6886,1721.2133,745.5248,liability
nissan,EU27,2024,NL,S1,13,2037,5470,5142.1827,9398.8384,4256.6557,41082.3962,940.07,1718.252,778.182,liability
nissan,EU27,2024,NL,S1,14,2038,5470,4954.462,9384.0396,4429.5776,45511.9738,905.7517,1715.5465,809.7948,liability
nissan,EU27,2024,NL,S1,15,2039,5470,4773.5937,9370.5195,4596.9258,50108.8996,872.6862,1713.0749,840.3886,liability
nissan,EU27,2024,NL,S2,0,2024,5470,8338.9401,9782.0734,1443.1333,1443.1333,1524.4863,1788.3132,263.8269,liability
nissan,EU27,2024,NL,S2,1,2025,5470,7212.3353,9734.6086,2522.2733,3965.4066,1318.5256,1779.6359,461.1103,liability
nissan,EU27,2024,NL,S2,2,2026,5470,6237.9368,9691.2069,3453.2701,7418.6767,1140.3906,1771.7014,631.3108,liability
nissan,EU27,2024,NL,S2,3,2027,5470,5395.1808,9651.5205,4256.3397,11675.0164,986.3219,1764.4462,778.1243,liability
nissan,EU27,2024,NL,S2,4,2028,5470,4666.2828,9615.231,4948.9482,16623.9646,853.0682,1757.8119,904.7437,liability
nissan,EU27,2024,NL,S2,5,2029,5470,4035.8602,9582.0481,5546.1879,22170.1525,737.8172,1751.7455,1013.9283,liability
nissan,EU27,2024,NL,S2,6,2030,5470,3490.6087,9551.7054,6061.0967,28231.2492,638.1369,1746.1984,1108.0616,liability
nissan,EU27,2024,NL,S2,7,2031,5470,3019.0215,9523.9601,6504.9386,34736.1878,551.9235,1741.1262,1189.2027,liability
nissan,EU27,2024,NL,S2,8,2032,5470,2611.1467,9498.5901,6887.4434,41623.6312,477.3577,1736.4881,1259.1304,liability
nissan,EU27,2024,NL,S2,9,2033,5470,2258.3762,9475.3915,7217.0153,48840.6465,412.8659,1732.2471,1319.3812,liability
nissan,EU27,2024,NL,S2,10,2034,5470,1953.266,9454.1787,7500.9127,56341.5592,357.087,1728.369,1371.282,liability
nissan,EU27,2024,NL,S2,11,2035,5470,1689.3763,9434.7818,7745.4055,64086.9647,308.8439,1724.823,1415.9791,liability
nissan,EU27,2024,NL,S2,12,2036,5470,1461.1388,9417.0451,7955.9063,72042.871,267.1186,1721.5805,1454.4618,liability
nissan,EU27,2024,NL,S2,13,2037,5470,1263.7364,9400.8268,8137.0904,80179.9614,231.0304,1718.6155,1487.5851,liability
nissan,EU27,2024,NL,S2,14,2038,5470,1093.0037,9385.9967,8292.993,88472.9544,199.8179,1715.9043,1516.0865,liability
nissan,EU27,2024,NL,S2,15,2039,5470,945.337,9372.4362,8427.0992,96900.0536,172.8221,1713.4253,1540.6031,liability
nissan,EU27,2024,PL,S1,0,2024,8763,13475.4416,17942.6659,4467.2243,4467.2243,1537.7658,2047.5483,509.7825,liability
nissan,EU27,2024,PL,S1,1,2025,8763,13596.4945,17942.6659,4346.1714,8813.3957,1551.5799,2047.5483,495.9684,liability
nissan,EU27,2024,PL,S1,2,2026,8763,13718.6345,17942.6659,4224.0314,13037.4271,1565.518,2047.5483,482.0303,liability
nissan,EU27,2024,PL,S1,3,2027,8763,13841.8721,17942.6659,4100.7938,17138.2209,1579.5814,2047.5483,467.9669,liability
nissan,EU27,2024,PL,S1,4,2028,8763,13966.2166,17942.6659,3976.4493,21114.6702,1593.7712,2047.5483,453.7772,liability
nissan,EU27,2024,PL,S1,5,2029,8763,14091.6783,17942.6659,3850.9876,24965.6578,1608.0884,2047.5483,439.46,liability
nissan,EU27,2024,PL,S1,6,2030,8763,14218.2667,17942.6659,3724.3992,28690.057,1622.5341,2047.5483,425.0142,liability
nissan,EU27,2024,PL,S1,7,2031,8763,14345.9924,17942.6659,3596.6735,32286.7305,1637.1097,2047.5483,410.4386,liability
nissan,EU27,2024,PL,S1,8,2032,8763,14474.8656,17942.6659,3467.8003,35754.5308,1651.8162,2047.5483,395.7321,liability
nissan,EU27,2024,PL,S1,9,2033,8763,14604.8967,17942.6659,3337.7692,39092.3,1666.6549,2047.5483,380.8934,liability
nissan,EU27,2024,PL,S1,10,2034,8763,14736.0956,17942.6659,3206.5703,42298.8703,1681.6268,2047.5483,365.9215,liability
nissan,EU27,2024,PL,S1,11,2035,8763,14868.4731,17942.6659,3074.1928,45373.0631,1696.7332,2047.5483,350.8151,liability
nissan,EU27,2024,PL,S1,12,2036,8763,15002.04,17942.6659,2940.6259,48313.689,1711.9754,2047.5483,335.573,liability
nissan,EU27,2024,PL,S1,13,2037,8763,15136.8064,17942.6659,2805.8595,51119.5485,1727.3544,2047.5483,320.1939,liability
nissan,EU27,2024,PL,S1,14,2038,8763,15272.7835,17942.6659,2669.8824,53789.4309,1742.8716,2047.5483,304.6768,liability
nissan,EU27,2024,PL,S1,15,2039,8763,15409.9824,17942.6659,2532.6835,56322.1144,1758.5282,2047.5483,289.0201,liability
nissan,EU27,2024,PL,S1,16,2040,8763,15548.4137,17942.6659,2394.2522,58716.3666,1774.3254,2047.5483,273.2229,liability
nissan,EU27,2024,PL,S1,17,2041,8763,15688.0884,17942.6659,2254.5775,60970.9441,1790.2646,2047.5483,257.2837,liability
nissan,EU27,2024,PL,S1,18,2042,8763,15829.0178,17942.6659,2113.6481,63084.5922,1806.3469,2047.5483,241.2014,liability
nissan,EU27,2024,PL,S1,19,2043,8763,15971.2133,17942.6659,1971.4526,65056.0448,1822.5737,2047.5483,224.9746,liability
nissan,EU27,2024,PL,S1,20,2044,8763,16114.6861,17942.6659,1827.9798,66884.0246,1838.9463,2047.5483,208.6021,liability
nissan,EU27,2024,PL,S1,21,2045,8763,16259.4478,17942.6659,1683.2181,68567.2427,1855.4659,2047.5483,192.0824,liability
nissan,EU27,2024,PL,S1,22,2046,8763,16405.51,17942.6659,1537.1559,70104.3986,1872.134,2047.5483,175.4143,liability
nissan,EU27,2024,PL,S1,23,2047,8763,16552.8844,17942.6659,1389.7815,71494.1801,1888.9518,2047.5483,158.5965,liability
nissan,EU27,2024,PL,S2,0,2024,8763,13475.4416,17942.6659,4467.2243,4467.2243,1537.7658,2047.5483,509.7825,liability
nissan,EU27,2024,PL,S2,1,2025,8763,11654.8866,17942.6659,6287.7793,10755.0036,1330.011,2047.5483,717.5373,liability
nissan,EU27,2024,PL,S2,2,2026,8763,10080.2917,17942.6659,7862.3742,18617.3778,1150.3243,2047.5483,897.224,liability
nissan,EU27,2024,PL,S2,3,2027,8763,8718.4273,17942.6659,9224.2386,27841.6164,994.9135,2047.5483,1052.6348,liability
nissan,EU27,2024,PL,S2,4,2028,8763,7540.5531,17942.6659,10402.1128,38243.7292,860.499,2047.5483,1187.0493,liability
nissan,EU27,2024,PL,S2,5,2029,8763,6521.8115,17942.6659,11420.8544,49664.5836,744.2442,2047.5483,1303.3042,liability
nissan,EU27,2024,PL,S2,6,2030,8763,5640.704,17942.6659,12301.9619,61966.5455,643.6955,2047.5483,1403.8528,liability
nissan,EU27,2024,PL,S2,7,2031,8763,4878.6354,17942.6659,13064.0305,75030.576,556.7312,2047.5483,1490.8171,liability
nissan,EU27,2024,PL,S2,8,2032,8763,4219.5234,17942.6659,13723.1425,88753.7185,481.5159,2047.5483,1566.0325,liability
nissan,EU27,2024,PL,S2,9,2033,8763,3649.4588,17942.6659,14293.2071,103046.9256,416.4623,2047.5483,1631.0861,liability
nissan,EU27,2024,PL,S2,10,2034,8763,3156.4108,17942.6659,14786.2551,117833.1807,360.1975,2047.5483,1687.3508,liability
nissan,EU27,2024,PL,S2,11,2035,8763,2729.9743,17942.6659,15212.6916,133045.8723,311.5342,2047.5483,1736.0141,liability
nissan,EU27,2024,PL,S2,12,2036,8763,2361.1502,17942.6659,15581.5157,148627.388,269.4454,2047.5483,1778.1029,liability
nissan,EU27,2024,PL,S2,13,2037,8763,2042.1547,17942.6659,15900.5112,164527.8992,233.0429,2047.5483,1814.5054,liability
nissan,EU27,2024,PL,S2,14,2038,8763,1766.2563,17942.6659,16176.4096,180704.3088,201.5584,2047.5483,1845.9899,liability
nissan,EU27,2024,PL,S2,15,2039,8763,1527.632,17942.6659,16415.0339,197119.3427,174.3275,2047.5483,1873.2208,liability
nissan,EU27,2024,PL,S2,16,2040,8763,1321.2466,17942.6659,16621.4193,213740.762,150.7756,2047.5483,1896.7727,liability
nissan,EU27,2024,PL,S2,17,2041,8763,1142.7438,17942.6659,16799.9221,230540.6841,130.4055,2047.5483,1917.1428,liability
nissan,EU27,2024,PL,S2,18,2042,8763,988.3573,17942.6659,16954.3086,247494.9927,112.7875,2047.5483,1934.7608,liability
nissan,EU27,2024,PL,S2,19,2043,8763,854.8283,17942.6659,17087.8376,264582.8303,97.5497,2047.5483,1949.9986,liability
nissan,EU27,2024,PL,S2,20,2044,8763,739.3397,17942.6659,17203.3262,281786.1565,84.3706,2047.5483,1963.1777,liability
nissan,EU27,2024,PL,S2,21,2045,8763,639.4537,17942.6659,17303.2122,299089.3687,72.972,2047.5483,1974.5763,liability
nissan,EU27,2024,PL,S2,22,2046,8763,553.0622,17942.6659,17389.6037,316478.9724,63.1133,2047.5483,1984.435,liability
nissan,EU27,2024,PL,S2,23,2047,8763,478.3428,17942.6659,17464.3231,333943.2955,54.5866,2047.5483,1992.9617,liability
nissan,EU27,2024,PT,S1,0,2024,7532,12442.368,13848.2949,1405.9269,1405.9269,1651.9341,1838.5946,186.6605,liability
nissan,EU27,2024,PT,S1,1,2025,7532,12188.1707,13833.0474,1644.8767,3050.8036,1618.1852,1836.5703,218.3851,liability
nissan,EU27,2024,PT,S1,2,2026,7532,11939.1667,13819.7338,1880.5671,4931.3707,1585.1257,1834.8027,249.677,liability
nissan,EU27,2024,PT,S1,3,2027,7532,11695.2499,13808.1086,2112.8587,7044.2294,1552.7416,1833.2592,280.5176,liability
nissan,EU27,2024,PT,S1,4,2028,7532,11456.3164,13797.9581,2341.6417,9385.8711,1521.0192,1831.9116,310.8924,liability
nissan,EU27,2024,PT,S1,5,2029,7532,11222.2641,13789.095,2566.8309,11952.702,1489.9448,1830.7349,340.7901,liability
nissan,EU27,2024,PT,S1,6,2030,7532,10992.9936,13781.3561,2788.3625,14741.0645,1459.5053,1829.7074,370.2021,liability
nissan,EU27,2024,PT,S1,7,2031,7532,10768.407,13774.5987,3006.1917,17747.2562,1429.6876,1828.8102,399.1226,liability
nissan,EU27,2024,PT,S1,8,2032,7532,10548.4088,13768.6983,3220.2895,20967.5457,1400.4791,1828.0269,427.5477,liability
nissan,EU27,2024,PT,S1,9,2033,7532,10332.9052,13763.5464,3430.6412,24398.1869,1371.8674,1827.3429,455.4755,liability
nissan,EU27,2024,PT,S1,10,2034,7532,10121.8042,13759.0479,3637.2437,28035.4306,1343.8402,1826.7456,482.9054,liability
nissan,EU27,2024,PT,S1,11,2035,7532,9915.0159,13755.12,3840.1041,31875.5347,1316.3855,1826.2241,509.8386,liability
nissan,EU27,2024,PT,S1,12,2036,7532,9712.4526,13751.6903,4039.2377,35914.7724,1289.4918,1825.7688,536.2769,liability
nissan,EU27,2024,PT,S1,13,2037,7532,9514.0274,13748.6955,4234.6681,40149.4405,1263.1476,1825.3711,562.2236,liability
nissan,EU27,2024,PT,S1,14,2038,7532,9319.6562,13746.0807,4426.4245,44575.865,1237.3415,1825.024,587.6825,liability
nissan,EU27,2024,PT,S1,15,2039,7532,9129.2557,13743.7975,4614.5418,49190.4068,1212.0626,1824.7209,612.6582,liability
nissan,EU27,2024,PT,S1,16,2040,7532,8942.7453,13741.8038,4799.0585,53989.4653,1187.3002,1824.4562,637.1559,liability
nissan,EU27,2024,PT,S1,17,2041,7532,8760.0453,13740.0631,4980.0178,58969.4831,1163.0437,1824.2251,661.1813,liability
nissan,EU27,2024,PT,S1,18,2042,7532,8581.0778,13738.5431,5157.4653,64126.9484,1139.2828,1824.0232,684.7405,liability
nissan,EU27,2024,PT,S1,19,2043,7532,8405.7668,13737.2159,5331.4491,69458.3975,1116.0073,1823.847,707.8398,liability
nissan,EU27,2024,PT,S1,20,2044,7532,8234.0372,13736.0571,5502.0199,74960.4174,1093.2073,1823.6932,730.4859,liability
nissan,EU27,2024,PT,S2,0,2024,7532,12442.368,13848.2949,1405.9269,1405.9269,1651.9341,1838.5946,186.6605,liability
nissan,EU27,2024,PT,S2,1,2025,7532,10761.383,13838.0046,3076.6216,4482.5485,1428.755,1837.2284,408.4734,liability
nissan,EU27,2024,PT,S2,2,2026,7532,9307.502,13828.595,4521.093,9003.6415,1235.7278,1835.9792,600.2513,liability
nissan,EU27,2024,PT,S2,3,2027,7532,8050.043,13819.9909,5769.9479,14773.5894,1068.7789,1834.8368,766.0579,liability
nissan,EU27,2024,PT,S2,4,2028,7532,6962.4685,13812.1233,6849.6548,21623.2442,924.3851,1833.7923,909.4072,liability
nissan,EU27,2024,PT,S2,5,2029,7532,6021.8272,13804.9292,7783.102,29406.3462,799.4991,1832.8371,1033.338,liability
nissan,EU27,2024,PT,S2,6,2030,7532,5208.2682,13798.3508,8590.0826,37996.4288,691.4854,1831.9637,1140.4783,liability
nissan,EU27,2024,PT,S2,7,2031,7532,4504.6225,13792.3356,9287.7131,47284.1419,598.0646,1831.1651,1233.1005,liability
nissan,EU27,2024,PT,S2,8,2032,7532,3896.0404,13786.8352,9890.7948,57174.9367,517.2651,1830.4348,1313.1698,liability
nissan,EU27,2024,PT,S2,9,2033,7532,3369.6788,13781.8057,10412.1269,67587.0636,447.3817,1829.7671,1382.3854,liability
nissan,EU27,2024,PT,S2,10,2034,7532,2914.4294,13777.2067,10862.7773,78449.8409,386.9396,1829.1565,1442.2168,liability
nissan,EU27,2024,PT,S2,11,2035,7532,2520.6851,13773.0015,11252.3164,89702.1573,334.6634,1828.5982,1493.9347,liability
nissan,EU27,2024,PT,S2,12,2036,7532,2180.1363,13769.1561,11589.0198,101291.1771,289.4499,1828.0876,1538.6378,liability
nissan,EU27,2024,PT,S2,13,2037,7532,1885.5963,13765.6399,11880.0436,113171.2207,250.3447,1827.6208,1577.2761,liability
nissan,EU27,2024,PT,S2,14,2038,7532,1630.8491,13762.4248,12131.5757,125302.7964,216.5227,1827.1939,1610.6712,liability
nissan,EU27,2024,PT,S2,15,2039,7532,1410.5184,13759.4847,12348.9663,137651.7627,187.2701,1826.8036,1639.5335,liability
nissan,EU27,2024,PT,S2,16,2040,7532,1219.9551,13756.7965,12536.8414,150188.6041,161.9696,1826.4467,1664.4771,liability
nissan,EU27,2024,PT,S2,17,2041,7532,1055.137,13754.3383,12699.2013,162887.8054,140.0872,1826.1203,1686.0331,liability
nissan,EU27,2024,PT,S2,18,2042,7532,912.5861,13752.0905,12839.5044,175727.3098,121.1612,1825.8219,1704.6607,liability
nissan,EU27,2024,PT,S2,19,2043,7532,789.2944,13750.0352,12960.7408,188688.0506,104.7921,1825.549,1720.7569,liability
nissan,EU27,2024,PT,S2,20,2044,7532,682.6594,13748.1558,13065.4964,201753.547,90.6345,1825.2995,1734.6649,liability
nissan,EU27,2024,RO,S1,0,2024,1202,1643.5066,2311.7204,668.2138,668.2138,1367.31,1923.2283,555.9183,liability
nissan,EU27,2024,RO,S1,1,2025,1202,1634.2863,2309.2712,674.9849,1343.1987,1359.6392,1921.1907,561.5515,liability
nissan,EU27,2024,RO,S1,2,2026,1202,1625.1176,2306.9323,681.8147,2025.0134,1352.0113,1919.2448,567.2335,liability
nissan,EU27,2024,RO,S1,3,2027,1202,1616.0004,2304.6987,688.6983,2713.7117,1344.4263,1917.3866,572.9603,liability
nissan,EU27,2024,RO,S1,4,2028,1202,1606.9344,2302.5657,695.6313,3409.343,1336.8839,1915.6121,578.7282,liability
nissan,EU27,2024,RO,S1,5,2029,1202,1597.9193,2300.5288,702.6095,4111.9525,1329.3838,1913.9175,584.5337,liability
nissan,EU27,2024,RO,S1,6,2030,1202,1588.9546,2298.5834,709.6288,4821.5813,1321.9256,1912.299,590.3734,liability
nissan,EU27,2024,RO,S1,7,2031,1202,1580.0403,2296.7257,716.6854,5538.2667,1314.5094,1910.7535,596.2441,liability
nissan,EU27,2024,RO,S1,8,2032,1202,1571.1759,2294.9517,723.7758,6262.0425,1307.1347,1909.2776,602.1429,liability
nissan,EU27,2024,RO,S1,9,2033,1202,1562.3614,2293.2575,730.8961,6992.9386,1299.8015,1907.8681,608.0666,liability
nissan,EU27,2024,RO,S1,10,2034,1202,1553.5962,2291.6395,738.0433,7730.9819,1292.5093,1906.522,614.0127,liability
nissan,EU27,2024,RO,S1,11,2035,1202,1544.8803,2290.0945,745.2142,8476.1961,1285.2582,1905.2367,619.9785,liability
nissan,EU27,2024,RO,S1,12,2036,1202,1536.2132,2288.6189,752.4057,9228.6018,1278.0476,1904.0091,625.9615,liability
nissan,EU27,2024,RO,S1,13,2037,1202,1527.5949,2287.2098,759.6149,9988.2167,1270.8776,1902.8368,631.9592,liability
nissan,EU27,2024,RO,S1,14,2038,1202,1519.0247,2285.8641,766.8394,10755.0561,1263.7477,1901.7172,637.9696,liability
nissan,EU27,2024,RO,S1,15,2039,1202,1510.5026,2284.5791,774.0765,11529.1326,1256.6577,1900.6482,643.9904,liability
nissan,EU27,2024,RO,S1,16,2040,1202,1502.0284,2283.3519,781.3235,12310.4561,1249.6077,1899.6272,650.0196,liability
nissan,EU27,2024,RO,S1,17,2041,1202,1493.6018,2282.1798,788.578,13099.0341,1242.5972,1898.6521,656.0549,liability
nissan,EU27,2024,RO,S1,18,2042,1202,1485.2225,2281.0606,795.8381,13894.8722,1235.626,1897.721,662.0949,liability
nissan,EU27,2024,RO,S1,19,2043,1202,1476.8902,2279.9917,803.1015,14697.9737,1228.694,1896.8317,668.1377,liability
nissan,EU27,2024,RO,S1,20,2044,1202,1468.6044,2278.9711,810.3667,15508.3404,1221.8007,1895.9826,674.1819,liability
nissan,EU27,2024,RO,S1,21,2045,1202,1460.3653,2277.9963,817.631,16325.9714,1214.9462,1895.1716,680.2255,liability
nissan,EU27,2024,RO,S1,22,2046,1202,1452.1725,2277.0654,824.8929,17150.8643,1208.1302,1894.3972,686.267,liability
nissan,EU27,2024,RO,S1,23,2047,1202,1444.0255,2276.1765,832.151,17983.0153,1201.3523,1893.6577,692.3053,liability
nissan,EU27,2024,RO,S1,24,2048,1202,1435.9243,2275.3275,839.4032,18822.4185,1194.6126,1892.9513,698.3388,liability
nissan,EU27,2024,RO,S2,0,2024,1202,1643.5066,2311.7204,668.2138,668.2138,1367.31,1923.2283,555.9183,liability
nissan,EU27,2024,RO,S2,1,2025,1202,1421.4661,2307.0638,885.5977,1553.8115,1182.5841,1919.3542,736.7701,liability
nissan,EU27,2024,RO,S2,2,2026,1202,1229.4236,2302.8057,1073.3821,2627.1936,1022.815,1915.8117,892.9968,liability
nissan,EU27,2024,RO,S2,3,2027,1202,1063.3266,2298.9121,1235.5855,3862.7791,884.6311,1912.5725,1027.9413,liability
nissan,EU27,2024,RO,S2,4,2028,1202,919.6693,2295.3518,1375.6825,5238.4616,765.1159,1909.6105,1144.4946,liability
nissan,EU27,2024,RO,S2,5,2029,1202,795.4203,2292.0963,1496.676,6735.1376,661.7473,1906.9021,1245.1547,liability
nissan,EU27,2024,RO,S2,6,2030,1202,687.9578,2289.1193,1601.1615,8336.2991,572.3443,1904.4254,1332.0811,liability
nissan,EU27,2024,RO,S2,7,2031,1202,595.0135,2286.3974,1691.3839,10027.683,495.0196,1902.1609,1407.1413,liability
nissan,EU27,2024,RO,S2,8,2032,1202,514.6261,2283.9083,1769.2822,11796.9652,428.1415,1900.0901,1471.9486,liability
nissan,EU27,2024,RO,S2,9,2033,1202,445.0993,2281.6323,1836.533,13633.4982,370.2989,1898.1966,1527.8977,liability
nissan,EU27,2024,RO,S2,10,2034,1202,384.9656,2279.5512,1894.5856,15528.0838,320.2709,1896.4652,1576.1943,liability
nissan,EU27,2024,RO,S2,11,2035,1202,332.9562,2277.6482,1944.692,17472.7758,277.0018,1894.882,1617.8802,liability
nissan,EU27,2024,RO,S2,12,2036,1202,287.9732,2275.908,1987.9348,19460.7106,239.5784,1893.4343,1653.8559,liability
nissan,EU27,2024,RO,S2,13,2037,1202,249.0675,2274.317,2025.2495,21485.9601,207.2109,1892.1106,1684.8998,liability
nissan,EU27,2024,RO,S2,14,2038,1202,215.418,2272.862,2057.444,23543.4041,179.2163,1890.9002,1711.6839,liability
nissan,EU27,2024,RO,S2,15,2039,1202,186.3146,2271.5315,2085.2169,25628.621,155.0038,1889.7933,1734.7894,liability
nissan,EU27,2024,RO,S2,16,2040,1202,161.1432,2270.315,2109.1718,27737.7928,134.0626,1888.7812,1754.7186,liability
nissan,EU27,2024,RO,S2,17,2041,1202,139.3726,2269.2027,2129.8301,29867.6229,115.9506,1887.8558,1771.9052,liability
nissan,EU27,2024,RO,S2,18,2042,1202,120.5431,2268.1854,2147.6423,32015.2652,100.2854,1887.0095,1786.724,liability
nissan,EU27,2024,RO,S2,19,2043,1202,104.2575,2267.2554,2162.9979,34178.2631,86.7367,1886.2358,1799.4991,liability
nissan,EU27,2024,RO,S2,20,2044,1202,90.1722,2266.4049,2176.2327,36354.4958,75.0185,1885.5282,1810.5097,liability
nissan,EU27,2024,RO,S2,21,2045,1202,77.9898,2265.6272,2187.6374,38542.1332,64.8834,1884.8812,1819.9978,liability
nissan,EU27,2024,RO,S2,22,2046,1202,67.4533,2264.9161,2197.4628,40739.596,56.1176,1884.2896,1828.172,liability
nissan,EU27,2024,RO,S2,23,2047,1202,58.3401,2264.2659,2205.9258,42945.5218,48.5359,1883.7487,1835.2128,liability
nissan,EU27,2024,RO,S2,24,2048,1202,50.4583,2263.6712,2213.2129,45158.7347,41.9786,1883.2539,1841.2753,liability
nissan,EU27,2024,SE,S1,0,2024,3506,6848.5453,6100.3145,-748.2308,-748.2308,1953.3786,1739.9642,-213.4144,contribution
nissan,EU27,2024,SE,S1,1,2025,3506,6590.8297,6099.2127,-491.617,-1239.8478,1879.8716,1739.6499,-140.2216,contribution
nissan,EU27,2024,SE,S1,2,2026,3506,6342.8117,6098.1285,-244.6832,-1484.531,1809.1305,1739.3407,-69.7898,contribution
nissan,EU27,2024,SE,S1,3,2027,3506,6104.1272,6097.0618,-7.0654,-1491.5964,1741.0517,1739.0365,-2.0152,contribution
nissan,EU27,2024,SE,S1,4,2028,3506,5874.4243,6096.0121,221.5878,-1270.0086,1675.5346,1738.7371,63.2025,liability
nissan,EU27,2024,SE,S1,5,2029,3506,5653.3652,6094.9793,441.6141,-828.3945,1612.4829,1738.4425,125.9595,liability
nissan,EU27,2024,SE,S1,6,2030,3506,5440.6248,6093.963,653.3382,-175.0563,1551.804,1738.1526,186.3486,liability
nissan,EU27,2024,SE,S1,7,2031,3506,5235.8902,6092.963,857.0728,682.0165,1493.4085,1737.8674,244.4589,liability
nissan,EU27,2024,SE,S1,8,2032,3506,5038.8599,6091.9791,1053.1192,1735.1357,1437.2105,1737.5867,300.3763,liability
nissan,EU27,2024,SE,S1,9,2033,3506,4849.2437,6091.0109,1241.7672,2976.9029,1383.1271,1737.3106,354.1835,liability
nissan,EU27,2024,SE,S1,10,2034,3506,4666.763,6090.0582,1423.2952,4400.1981,1331.079,1737.0388,405.9598,liability
nissan,EU27,2024,SE,S1,11,2035,3506,4491.1493,6089.1208,1597.9715,5998.1696,1280.9895,1736.7715,455.7819,liability
nissan,EU27,2024,SE,S1,12,2036,3506,4322.1441,6088.1985,1766.0544,7764.224,1232.785,1736.5084,503.7234,liability
nissan,EU27,2024,SE,S1,13,2037,3506,4159.4986,6087.291,1927.7924,9692.0164,1186.3944,1736.2496,549.8552,liability
nissan,EU27,2024,SE,S1,14,2038,3506,4002.9735,6086.3979,2083.4244,11775.4408,1141.7494,1735.9948,594.2454,liability
nissan,EU27,2024,SE,S1,15,2039,3506,3852.3387,6085.5193,2233.1806,14008.6214,1098.7846,1735.7442,636.9597,liability
nissan,EU27,2024,SE,S2,0,2024,3506,6848.5453,6100.3145,-748.2308,-748.2308,1953.3786,1739.9642,-213.4144,contribution
nissan,EU27,2024,SE,S2,1,2025,3506,5923.2955,6094.4312,171.1357,-577.0951,1689.4739,1738.2861,48.8122,liability
nissan,EU27,2024,SE,S2,2,2026,3506,5123.0483,6089.0516,966.0033,388.9082,1461.2231,1736.7517,275.5286,liability
nissan,EU27,2024,SE,S2,3,2027,3506,4430.9157,6084.1325,1653.2168,2042.125,1263.8094,1735.3487,471.5393,liability
nissan,EU27,2024,SE,S2,4,2028,3506,3832.2916,6079.6345,2247.3429,4289.4679,1093.0666,1734.0657,640.9991,liability
nissan,EU27,2024,SE,S2,5,2029,3506,3314.5424,6075.5216,2760.9792,7050.4471,945.3914,1732.8926,787.5012,liability
nissan,EU27,2024,SE,S2,6,2030,3506,2866.7421,6071.7606,3205.0185,10255.4656,817.6675,1731.8199,914.1525,liability
nissan,EU27,2024,SE,S2,7,2031,3506,2479.4406,6068.3216,3588.881,13844.3466,707.1993,1730.839,1023.6398,liability
nissan,EU27,2024,SE,S2,8,2032,3506,2144.4639,6065.1769,3920.713,17765.0596,611.6554,1729.9421,1118.2867,liability
nissan,EU27,2024,SE,S2,9,2033,3506,1854.7433,6062.3015,4207.5582,21972.6178,529.0198,1729.1219,1200.1022,liability
nissan,EU27,2024,SE,S2,10,2034,3506,1604.1642,6059.6722,4455.508,26428.1258,457.5483,1728.372,1270.8237,liability
nissan,EU27,2024,SE,S2,11,2035,3506,1387.4391,6057.268,4669.8289,31097.9547,395.7328,1727.6863,1331.9535,liability
nissan,EU27,2024,SE,S2,12,2036,3506,1199.9937,6055.0697,4855.076,35953.0307,342.2686,1727.0592,1384.7906,liability
nissan,EU27,2024,SE,S2,13,2037,3506,1037.8725,6053.0593,5015.1868,40968.2175,296.0275,1726.4858,1430.4583,liability
nissan,EU27,2024,SE,S2,14,2038,3506,897.6541,6051.2212,5153.5671,46121.7846,256.0337,1725.9616,1469.9279,liability
nissan,EU27,2024,SE,S2,15,2039,3506,776.3795,6049.5403,5273.1608,51394.9454,221.4431,1725.4821,1504.039,liability
nissan,EU27,2024,SI,S1,0,2024,969,2827.8346,2414.6405,-413.1941,-413.1941,2918.302,2491.8891,-426.4129,contribution
nissan,EU27,2024,SI,S1,1,2025,969,2794.2175,2414.3441,-379.8734,-793.0675,2883.6094,2491.5832,-392.0262,contribution
nissan,EU27,2024,SI,S1,2,2026,969,2761.0,2414.0604,-346.9396,-1140.0071,2849.3292,2491.2904,-358.0388,contribution
nissan,EU27,2024,SI,S1,3,2027,969,2728.1773,2413.7884,-314.3889,-1454.396,2815.4564,2491.0097,-324.4467,contribution
nissan,EU27,2024,SI,S1,4,2028,969,2695.745,2413.5278,-282.2172,-1736.6132,2781.9866,2490.7408,-291.2458,contribution
nissan,EU27,2024,SI,S1,5,2029,969,2663.6981,2413.2783,-250.4198,-1987.033,2748.9144,2490.4833,-258.4312,contribution
nissan,EU27,2024,SI,S1,6,2030,969,2632.0321,2413.0391,-218.993,-2206.026,2716.2354,2490.2364,-225.999,contribution
nissan,EU27,2024,SI,S1,7,2031,969,2600.7428,2412.8099,-187.9329,-2393.9589,2683.9451,2489.9999,-193.9452,contribution
nissan,EU27,2024,SI,S1,8,2032,969,2569.8253,2412.5904,-157.2349,-2551.1938,2652.0385,2489.7734,-162.2651,contribution
nissan,EU27,2024,SI,S1,9,2033,969,2539.2753,2412.3801,-126.8952,-2678.089,2620.5111,2489.5563,-130.9548,contribution
nissan,EU27,2024,SI,S1,10,2034,969,2509.0886,2412.1786,-96.91,-2774.999,2589.3587,2489.3484,-100.0103,contribution
nissan,EU27,2024,SI,S1,11,2035,969,2479.2607,2411.9856,-67.2751,-2842.2741,2558.5766,2489.1492,-69.4273,contribution
nissan,EU27,2024,SI,S1,12,2036,969,2449.7872,2411.8006,-37.9866,-2880.2607,2528.1602,2488.9583,-39.2019,contribution
nissan,EU27,2024,SI,S1,13,2037,969,2420.6644,2411.6234,-9.041,-2889.3017,2498.1057,2488.7754,-9.3302,contribution
nissan,EU27,2024,SI,S1,14,2038,969,2391.8877,2411.4536,19.5659,-2869.7358,2468.4084,2488.6002,20.1918,liability
nissan,EU27,2024,SI,S1,15,2039,969,2363.4532,2411.291,47.8378,-2821.898,2439.0642,2488.4324,49.3682,liability
nissan,EU27,2024,SI,S1,16,2040,969,2335.3566,2411.1351,75.7785,-2746.1195,2410.0687,2488.2715,78.2028,liability
nissan,EU27,2024,SI,S1,17,2041,969,2307.5939,2410.9859,103.392,-2642.7275,2381.4179,2488.1175,106.6997,liability
nissan,EU27,2024,SI,S2,0,2024,969,2827.8346,2414.6405,-413.1941,-413.1941,2918.302,2491.8891,-426.4129,contribution
nissan,EU27,2024,SI,S2,1,2025,969,2445.7894,2414.0357,-31.7537,-444.9478,2524.0345,2491.2649,-32.7696,contribution
nissan,EU27,2024,SI,S2,2,2026,969,2115.3592,2413.4827,298.1235,-146.8243,2183.0332,2490.6942,307.661,liability
nissan,EU27,2024,SI,S2,3,2027,969,1829.5706,2412.9769,583.4063,436.582,1888.1018,2490.1722,602.0705,liability
nissan,EU27,2024,SI,S2,4,2028,969,1582.3924,2412.5145,830.1221,1266.7041,1633.0159,2489.695,856.6792,liability
nissan,EU27,2024,SI,S2,5,2029,969,1368.6085,2412.0917,1043.4832,2310.1873,1412.3927,2489.2587,1076.866,liability
nissan,EU27,2024,SI,S2,6,2030,969,1183.7074,2411.7051,1227.9977,3538.185,1221.5763,2488.8598,1267.2835,liability
nissan,EU27,2024,SI,S2,7,2031,969,1023.7865,2411.3516,1387.5651,4925.7501,1056.5392,2488.4949,1431.9557,liability
nissan,EU27,2024,SI,S2,8,2032,969,885.4711,2411.0284,1525.5573,6451.3074,913.7989,2488.1614,1574.3625,liability
nissan,EU27,2024,SI,S2,9,2033,969,765.8425,2410.7327,1644.8902,8096.1976,790.3431,2487.8562,1697.5131,liability
nissan,EU27,2024,SI,S2,10,2034,969,662.3759,2410.4624,1748.0865,9844.2841,683.5665,2487.5773,1804.0108,liability
nissan,EU27,2024,SI,S2,11,2035,969,572.8878,2410.2153,1837.3275,11681.6116,591.2155,2487.3223,1896.1068,liability
nissan,EU27,2024,SI,S2,12,2036,969,495.4897,2409.9893,1914.4996,13596.1112,511.3413,2487.0891,1975.7478,liability
nissan,EU27,2024,SI,S2,13,2037,969,428.5481,2409.7826,1981.2345,15577.3457,442.2581,2486.8757,2044.6176,liability
nissan,EU27,2024,SI,S2,14,2038,969,370.6506,2409.5937,2038.9431,17616.2888,382.5084,2486.6808,2104.1724,liability
nissan,EU27,2024,SI,S2,15,2039,969,320.5752,2409.4208,2088.8456,19705.1344,330.831,2486.5024,2155.6714,liability
nissan,EU27,2024,SI,S2,16,2040,969,277.2649,2409.2628,2131.9979,21837.1323,286.1351,2486.3393,2200.2042,liability
nissan,EU27,2024,SI,S2,17,2041,969,239.8059,2409.1184,2169.3125,24006.4448,247.4777,2486.1903,2238.7126,liability
nissan,EU27,2024,SK,S1,0,2024,1736,3005.3401,3701.2186,695.8785,695.8785,1731.1867,2132.0384,400.8517,liability
nissan,EU27,2024,SK,S1,1,2025,1736,2951.9572,3701.0489,749.0917,1444.9702,1700.4362,2131.9406,431.5044,liability
nissan,EU27,2024,SK,S1,2,2026,1736,2899.5225,3700.8901,801.3676,2246.3378,1670.2319,2131.8491,461.6173,liability
nissan,EU27,2024,SK,S1,3,2027,1736,2848.0194,3700.7415,852.7221,3099.0599,1640.5642,2131.7635,491.1994,liability
nissan,EU27,2024,SK,S1,4,2028,1736,2797.4308,3700.6024,903.1716,4002.2315,1611.4233,2131.6834,520.2601,liability
nissan,EU27,2024,SK,S1,5,2029,1736,2747.7411,3700.4723,952.7312,4954.9627,1582.8002,2131.6085,548.8083,liability
nissan,EU27,2024,SK,S1,6,2030,1736,2698.9341,3700.3506,1001.4165,5956.3792,1554.6855,2131.5384,576.8528,liability
nissan,EU27,2024,SK,S1,7,2031,1736,2650.9938,3700.2365,1049.2427,7005.6219,1527.0702,2131.4726,604.4025,liability
nissan,EU27,2024,SK,S1,8,2032,1736,2603.905,3700.13,1096.225,8101.8469,1499.9453,2131.4113,631.466,liability
nissan,EU27,2024,SK,S1,9,2033,1736,2557.6528,3700.0302,1142.3774,9244.2243,1473.3023,2131.3538,658.0515,liability
nissan,EU27,2024,SK,S1,10,2034,1736,2512.2222,3699.9367,1187.7145,10431.9388,1447.1326,2131.2999,684.1673,liability
nissan,EU27,2024,SK,S1,11,2035,1736,2467.5982,3699.8494,1232.2512,11664.19,1421.4275,2131.2497,709.8221,liability
nissan,EU27,2024,SK,S1,12,2036,1736,2423.7673,3699.7676,1276.0003,12940.1903,1396.1793,2131.2025,735.0232,liability
nissan,EU27,2024,SK,S1,13,2037,1736,2380.7148,3699.6911,1318.9763,14259.1666,1371.3795,2131.1585,759.779,liability
nissan,EU27,2024,SK,S1,14,2038,1736,2338.4267,3699.6195,1361.1928,15620.3594,1347.02,2131.1172,784.0972,liability
nissan,EU27,2024,SK,S1,15,2039,1736,2296.8902,3699.5524,1402.6622,17023.0216,1323.0934,2131.0786,807.9851,liability
nissan,EU27,2024,SK,S1,16,2040,1736,2256.0914,3699.4897,1443.3983,18466.4199,1299.5918,2131.0425,831.4506,liability
nissan,EU27,2024,SK,S1,17,2041,1736,2216.0171,3699.431,1483.4139,19949.8338,1276.5075,2131.0086,854.5011,liability
nissan,EU27,2024,SK,S1,18,2042,1736,2176.6548,3699.3761,1522.7213,21472.5551,1253.8334,2130.977,877.1436,liability
nissan,EU27,2024,SK,S2,0,2024,1736,3005.3401,3701.2186,695.8785,695.8785,1731.1867,2132.0384,400.8517,liability
nissan,EU27,2024,SK,S2,1,2025,1736,2599.3134,3700.9924,1101.679,1797.5575,1497.3003,2131.9081,634.6077,liability
nissan,EU27,2024,SK,S2,2,2026,1736,2248.1418,3700.7855,1452.6437,3250.2012,1295.0126,2131.7889,836.7763,liability
nissan,EU27,2024,SK,S2,3,2027,1736,1944.4142,3700.5964,1756.1822,5006.3834,1120.0543,2131.68,1011.6257,liability
nissan,EU27,2024,SK,S2,4,2028,1736,1681.7205,3700.4234,2018.7029,7025.0863,968.733,2131.5803,1162.8473,liability
nissan,EU27,2024,SK,S2,5,2029,1736,1454.5173,3700.2652,2245.7479,9270.8342,837.8556,2131.4892,1293.6336,liability
nissan,EU27,2024,SK,S2,6,2030,1736,1258.0096,3700.1205,2442.1109,11712.9451,724.6599,2131.4058,1406.7459,liability
nissan,EU27,2024,SK,S2,7,2031,1736,1088.0504,3699.9883,2611.9379,14324.883,626.7571,2131.3297,1504.5725,liability
nissan,EU27,2024,SK,S2,8,2032,1736,941.0529,3699.8674,2758.8145,17083.6975,542.0812,2131.26,1589.1789,liability
nissan,EU27,2024,SK,S2,9,2033,1736,813.9149,3699.7568,2885.8419,19969.5394,468.845,2131.1963,1662.3513,liability
nissan,EU27,2024,SK,S2,10,2034,1736,703.9537,3699.6557,2995.702,22965.2414,405.5033,2131.1381,1725.6348,liability
nissan,EU27,2024,SK,S2,11,2035,1736,608.8483,3699.5632,3090.7149,26055.9563,350.7191,2131.0848,1780.3657,liability
nissan,EU27,2024,SK,S2,12,2036,1736,526.592,3699.4787,3172.8867,29228.843,303.3364,2131.0361,1827.6997,liability
nissan,EU27,2024,SK,S2,13,2037,1736,455.4486,3699.4014,3243.9528,32472.7958,262.3552,2130.9916,1868.6364,liability
nissan,EU27,2024,SK,S2,14,2038,1736,393.9166,3699.3307,3305.4141,35778.2099,226.9105,2130.9509,1904.0404,liability
nissan,EU27,2024,SK,S2,15,2039,1736,340.6979,3699.266,3358.5681,39136.778,196.2546,2130.9136,1934.659,liability
nissan,EU27,2024,SK,S2,16,2040,1736,294.6689,3699.207,3404.5381,42541.3161,169.7401,2130.8796,1961.1395,liability
nissan,EU27,2024,SK,S2,17,2041,1736,254.8587,3699.1529,3444.2942,45985.6103,146.808,2130.8484,1984.0404,liability
nissan,EU27,2024,SK,S2,18,2042,1736,220.4269,3699.1035,3478.6766,49464.2869,126.974,2130.82,2003.846,liability
nissan,JP,2024,JP,S1,0,2024,214441,295533.7817,237364.5013,-58169.2804,-58169.2804,1378.1589,1106.8989,-271.2601,contribution
nissan,JP,2024,JP,S1,1,2025,214441,289956.1058,237364.5013,-52591.6045,-110760.8849,1352.1486,1106.8989,-245.2498,contribution
nissan,JP,2024,JP,S1,2,2026,214441,284483.6987,237364.5013,-47119.1974,-157880.0823,1326.6292,1106.8989,-219.7304,contribution
nissan,JP,2024,JP,S1,3,2027,214441,279114.5736,237364.5013,-41750.0723,-199630.1546,1301.5915,1106.8989,-194.6926,contribution
nissan,JP,2024,JP,S1,4,2028,214441,273846.7811,237364.5013,-36482.2798,-236112.4344,1277.0262,1106.8989,-170.1274,contribution
nissan,JP,2024,JP,S1,5,2029,214441,268678.4091,237364.5013,-31313.9078,-267426.3422,1252.9246,1106.8989,-146.0257,contribution
nissan,JP,2024,JP,S1,6,2030,214441,263607.5806,237364.5013,-26243.0793,-293669.4215,1229.2779,1106.8989,-122.379,contribution
nissan,JP,2024,JP,S1,7,2031,214441,258632.4553,237364.5013,-21267.954,-314937.3755,1206.0775,1106.8989,-99.1786,contribution
nissan,JP,2024,JP,S1,8,2032,214441,253751.2265,237364.5013,-16386.7252,-331324.1007,1183.3149,1106.8989,-76.416,contribution
nissan,JP,2024,JP,S1,9,2033,214441,248962.1222,237364.5013,-11597.6209,-342921.7216,1160.9819,1106.8989,-54.083,contribution
nissan,JP,2024,JP,S1,10,2034,214441,244263.4038,237364.5013,-6898.9025,-349820.6241,1139.0704,1106.8989,-32.1716,contribution
nissan,JP,2024,JP,S1,11,2035,214441,239653.3653,237364.5013,-2288.864,-352109.4881,1117.5725,1106.8989,-10.6736,contribution
nissan,JP,2024,JP,S1,12,2036,214441,235130.3333,237364.5013,2234.168,-349875.3201,1096.4803,1106.8989,10.4186,liability
nissan,JP,2024,JP,S2,0,2024,214441,295533.7817,237364.5013,-58169.2804,-58169.2804,1378.1589,1106.8989,-271.2601,contribution
nissan,JP,2024,JP,S2,1,2025,214441,275544.0218,237364.5013,-38179.5205,-96348.8009,1284.9409,1106.8989,-178.0421,contribution
nissan,JP,2024,JP,S2,2,2026,214441,256906.3594,237364.5013,-19541.8581,-115890.659,1198.0282,1106.8989,-91.1293,contribution
nissan,JP,2024,JP,S2,3,2027,214441,239529.3395,237364.5013,-2164.8382,-118055.4972,1116.9941,1106.8989,-10.0953,contribution
nissan,JP,2024,JP,S2,4,2028,214441,223327.6926,237364.5013,14036.8087,-104018.6885,1041.4412,1106.8989,65.4577,liability
nissan,JP,2024,JP,S2,5,2029,214441,208221.917,237364.5013,29142.5843,-74876.1042,970.9986,1106.8989,135.9002,liability
nissan,JP,2024,JP,S2,6,2030,214441,194137.8889,237364.5013,43226.6124,-31649.4918,905.3208,1106.8989,201.5781,liability
nissan,JP,2024,JP,S2,7,2031,214441,181006.4974,237364.5013,56358.0039,24708.5121,844.0853,1106.8989,262.8136,liability
nissan,JP,2024,JP,S2,8,2032,214441,168763.3069,237364.5013,68601.1944,93309.7065,786.9918,1106.8989,319.9071,liability
nissan,JP,2024,JP,S2,9,2033,214441,157348.2395,237364.5013,80016.2618,173325.9683,733.7601,1106.8989,373.1388,liability
nissan,JP,2024,JP,S2,10,2034,214441,146705.2818,237364.5013,90659.2195,263985.1878,684.1289,1106.8989,422.77,liability
nissan,JP,2024,JP,S2,11,2035,214441,136782.2087,237364.5013,100582.2926,364567.4804,637.8547,1106.8989,469.0441,liability
nissan,JP,2024,JP,S2,12,2036,214441,127530.3271,237364.5013,109834.1742,474401.6546,594.7106,1106.8989,512.1883,liability
nissan,JP,2025,JP,S1,0,2025,169528,233636.5291,190168.086,-43468.4431,-43468.4431,1378.1589,1121.7503,-256.4086,contribution
nissan,JP,2025,JP,S1,1,2026,169528,229227.0541,190168.086,-39058.9681,-82527.4112,1352.1486,1121.7503,-230.3983,contribution
nissan,JP,2025,JP,S1,2,2027,169528,224900.8,190168.086,-34732.714,-117260.1252,1326.6292,1121.7503,-204.8789,contribution
nissan,JP,2025,JP,S1,3,2028,169528,220656.1966,190168.086,-30488.1106,-147748.2358,1301.5915,1121.7503,-179.8412,contribution
nissan,JP,2025,JP,S1,4,2029,169528,216491.7022,190168.086,-26323.6162,-174071.852,1277.0262,1121.7503,-155.2759,contribution
nissan,JP,2025,JP,S1,5,2030,169528,212405.8055,190168.086,-22237.7195,-196309.5715,1252.9246,1121.7503,-131.1743,contribution
nissan,JP,2025,JP,S1,6,2031,169528,208397.0227,190168.086,-18228.9367,-214538.5082,1229.2779,1121.7503,-107.5276,contribution
nissan,JP,2025,JP,S1,7,2032,169528,204463.8986,190168.086,-14295.8126,-228834.3208,1206.0775,1121.7503,-84.3271,contribution
nissan,JP,2025,JP,S1,8,2033,169528,200605.005,190168.086,-10436.919,-239271.2398,1183.3149,1121.7503,-61.5646,contribution
nissan,JP,2025,JP,S1,9,2034,169528,196818.9415,190168.086,-6650.8555,-245922.0953,1160.9819,1121.7503,-39.2316,contribution
nissan,JP,2025,JP,S1,10,2035,169528,193104.3332,190168.086,-2936.2472,-248858.3425,1139.0704,1121.7503,-17.3201,contribution
nissan,JP,2025,JP,S1,11,2036,169528,189459.8314,190168.086,708.2546,-248150.0879,1117.5725,1121.7503,4.1778,liability
nissan,JP,2025,JP,S1,12,2037,169528,185884.1133,190168.086,4283.9727,-243866.1152,1096.4803,1121.7503,25.27,liability
nissan,JP,2025,JP,S2,0,2025,169528,233636.5291,190168.086,-43468.4431,-43468.4431,1378.1589,1121.7503,-256.4086,contribution
nissan,JP,2025,JP,S2,1,2026,169528,217833.4691,190168.086,-27665.3831,-71133.8262,1284.9409,1121.7503,-163.1906,contribution
nissan,JP,2025,JP,S2,2,2027,169528,203099.3202,190168.086,-12931.2342,-84065.0604,1198.0282,1121.7503,-76.2779,contribution
nissan,JP,2025,JP,S2,3,2028,169528,189361.782,190168.086,806.304,-83258.7564,1116.9941,1121.7503,4.7562,liability
nissan,JP,2025,JP,S2,4,2029,169528,176553.4439,190168.086,13614.6421,-69644.1143,1041.4412,1121.7503,80.3091,liability
nissan,JP,2025,JP,S2,5,2030,169528,164611.4556,190168.086,25556.6304,-44087.4839,970.9986,1121.7503,150.7517,liability
nissan,JP,2025,JP,S2,6,2031,169528,153477.2176,190168.086,36690.8684,-7396.6155,905.3208,1121.7503,216.4295,liability
nissan,JP,2025,JP,S2,7,2032,169528,143096.0939,190168.086,47071.9921,39675.3766,844.0853,1121.7503,277.665,liability
nissan,JP,2025,JP,S2,8,2033,169528,133417.1445,190168.086,56750.9415,96426.3181,786.9918,1121.7503,334.7585,liability
nissan,JP,2025,JP,S2,9,2034,169528,124392.8743,190168.086,65775.2117,162201.5298,733.7601,1121.7503,387.9903,liability
nissan,JP,2025,JP,S2,10,2035,169528,115979.0012,190168.086,74189.0848,236390.6146,684.1289,1121.7503,437.6214,liability
nissan,JP,2025,JP,S2,11,2036,169528,108134.2387,190168.086,82033.8473,318424.4619,637.8547,1121.7503,483.8956,liability
nissan,JP,2025,JP,S2,12,2037,169528,100820.0919,190168.086,89347.9941,407772.456,594.7106,1121.7503,527.0397,liability
nissan,US,2024,US,S1,0,2024,864996,3354367.3865,2973641.1828,-380726.2037,-380726.2037,3877.8993,3437.7514,-440.1479,contribution
nissan,US,2024,US,S1,1,2025,864996,3317231.1722,2972335.6551,-344895.5171,-725621.7208,3834.9671,3436.2421,-398.725,contribution
nissan,US,2024,US,S1,2,2026,864996,3280506.0925,2971068.3413,-309437.7512,-1035059.472,3792.5101,3434.777,-357.7332,contribution
nissan,US,2024,US,S1,3,2027,864996,3244187.5962,2969838.1228,-274349.4734,-1309408.9454,3750.5232,3433.3547,-317.1685,contribution
nissan,US,2024,US,S1,4,2028,864996,3208271.182,2968643.9137,-239627.2683,-1549036.2137,3709.0012,3431.9742,-277.027,contribution
nissan,US,2024,US,S1,5,2029,864996,3172752.3998,2967484.6601,-205267.7397,-1754303.9534,3667.9388,3430.634,-237.3048,contribution
nissan,US,2024,US,S1,6,2030,864996,3137626.8447,2966359.3388,-171267.5059,-1925571.4593,3627.331,3429.333,-197.998,contribution
nissan,US,2024,US,S1,7,2031,864996,3102890.1659,2965266.9566,-137623.2093,-2063194.6686,3587.1728,3428.0701,-159.1027,contribution
nissan,US,2024,US,S1,8,2032,864996,3068538.0562,2964206.5493,-104331.5069,-2167526.1755,3547.4592,3426.8442,-120.615,contribution
nissan,US,2024,US,S1,9,2033,864996,3034566.2587,2963177.1809,-71389.0778,-2238915.2533,3508.1853,3425.6542,-82.5311,contribution
nissan,US,2024,US,S1,10,2034,864996,3000970.564,2962177.943,-38792.621,-2277707.8743,3469.3462,3424.499,-44.8472,contribution
nissan,US,2024,US,S1,11,2035,864996,2967746.8063,2961207.9536,-6538.8527,-2284246.727,3430.937,3423.3776,-7.5594,contribution
nissan,US,2024,US,S1,12,2036,864996,2934890.87,2960266.3565,25375.4865,-2258871.2405,3392.9531,3422.2891,29.336,liability
nissan,US,2024,US,S2,0,2024,864996,3354367.3865,2973641.1828,-380726.2037,-380726.2037,3877.8993,3437.7514,-440.1479,contribution
nissan,US,2024,US,S2,1,2025,864996,3132809.0428,2971707.8393,-161101.2035,-541827.4072,3621.7613,3435.5163,-186.245,contribution
nissan,US,2024,US,S2,2,2026,864996,2925884.7844,2969858.3003,43973.5159,-497853.8913,3382.5414,3433.3781,50.8367,liability
nissan,US,2024,US,S2,3,2027,864996,2732628.0198,2968088.933,235460.9132,-262392.9781,3159.1221,3431.3326,272.2104,liability
nissan,US,2024,US,S2,4,2028,864996,2552136.0013,2966396.2621,414260.2608,151867.2827,2950.4599,3429.3757,478.9158,liability
nissan,US,2024,US,S2,5,2029,864996,2383565.6095,2964776.9631,581211.3536,733078.6363,2755.5799,3427.5037,671.9237,liability
nissan,US,2024,US,S2,6,2030,864996,2226129.4104,2963227.8557,737098.4453,1470177.0816,2573.5719,3425.7128,852.1409,liability
nissan,US,2024,US,S2,7,2031,864996,2079091.985,2961745.8972,882653.9122,2352830.9938,2403.5857,3423.9995,1020.4139,liability
nissan,US,2024,US,S2,8,2032,864996,1941766.4854,2960328.177,1018561.6916,3371392.6854,2244.8271,3422.3605,1177.5334,liability
nissan,US,2024,US,S2,9,2033,864996,1813511.4319,2958971.9105,1145460.4786,4516853.164,2096.5547,3420.7926,1324.2379,liability
nissan,US,2024,US,S2,10,2034,864996,1693727.7166,2957674.4339,1263946.7173,5780799.8813,1958.0758,3419.2926,1461.2168,liability
nissan,US,2024,US,S2,11,2035,864996,1581855.7997,2956433.1988,1374577.3991,7155377.2804,1828.7435,3417.8577,1589.1142,liability
nissan,US,2024,US,S2,12,2036,864996,1477373.1021,2955245.7674,1477872.6653,8633249.9457,1707.9537,3416.4849,1708.5312,liability
nissan,US,2025,US,S1,0,2025,873293,3386542.3168,3070345.3544,-316196.9624,-316196.9624,3877.8993,3515.825,-362.0743,contribution
nissan,US,2025,US,S1,1,2026,873293,3349049.894,3069478.4896,-279571.4044,-595768.3668,3834.9671,3514.8324,-320.1347,contribution
nissan,US,2025,US,S1,2,2027,873293,3311972.549,3068636.9987,-243335.5503,-839103.9171,3792.5101,3513.8688,-278.6414,contribution
nissan,US,2025,US,S1,3,2028,873293,3275305.6874,3067820.1388,-207485.5486,-1046589.4657,3750.5232,3512.9334,-237.5898,contribution
nissan,US,2025,US,S1,4,2029,873293,3239044.765,3067027.1891,-172017.5759,-1218607.0416,3709.0012,3512.0254,-196.9758,contribution
nissan,US,2025,US,S1,5,2030,873293,3203185.288,3066257.4498,-136927.8382,-1355534.8798,3667.9388,3511.144,-156.7948,contribution
nissan,US,2025,US,S1,6,2031,873293,3167722.8103,3065510.2411,-102212.5692,-1457747.449,3627.331,3510.2883,-117.0427,contribution
nissan,US,2025,US,S1,7,2032,873293,3132652.9388,3064784.9039,-67868.0349,-1525615.4839,3587.1728,3509.4578,-77.7151,contribution
nissan,US,2025,US,S1,8,2033,873293,3097971.3255,3064080.7981,-33890.5274,-1559506.0113,3547.4592,3508.6515,-38.8077,contribution
nissan,US,2025,US,S1,9,2034,873293,3063673.6723,3063397.3018,-276.3705,-1559782.3818,3508.1853,3507.8688,-0.3165,contribution
nissan,US,2025,US,S1,10,2035,873293,3029755.7291,3062733.8122,32978.0831,-1526804.2987,3469.3462,3507.1091,37.7629,liability
nissan,US,2025,US,S1,11,2036,873293,2996213.2911,3062089.7433,65876.4522,-1460927.8465,3430.937,3506.3716,75.4345,liability
nissan,US,2025,US,S1,12,2037,873293,2963042.2022,3061464.5269,98422.3247,-1362505.5218,3392.9531,3505.6556,112.7025,liability
nissan,US,2025,US,S2,0,2025,873293,3386542.3168,3070345.3544,-316196.9624,-316196.9624,3877.8993,3515.825,-362.0743,contribution
nissan,US,2025,US,S2,1,2026,873293,3162858.7961,3069061.6227,-93797.1734,-409994.1358,3621.7613,3514.355,-107.4063,contribution
nissan,US,2025,US,S2,2,2027,873293,2953949.7304,3067833.5366,113883.8062,-296110.3296,3382.5414,3512.9487,130.4073,liability
nissan,US,2025,US,S2,3,2028,873293,2758839.2562,3066658.6842,307819.428,11709.0984,3159.1221,3511.6034,352.4813,liability
nissan,US,2025,US,S2,4,2029,873293,2576615.967,3065534.758,488918.791,500627.8894,2950.4599,3510.3164,559.8565,liability
nissan,US,2025,US,S2,5,2030,873293,2406428.6559,3064459.5505,658030.8946,1158658.784,2755.5799,3509.0852,753.5053,liability
nissan,US,2025,US,S2,6,2031,873293,2247482.3367,3063430.9497,815948.613,1974607.397,2573.5719,3507.9074,934.3355,liability
nissan,US,2025,US,S2,7,2032,873293,2099034.535,3062446.9356,963412.4006,2938019.7976,2403.5857,3506.7806,1103.1949,liability
nissan,US,2025,US,S2,8,2033,873293,1960391.8163,3061505.5754,1101113.7591,4039133.5567,2244.8271,3505.7026,1260.8755,liability
nissan,US,2025,US,S2,9,2034,873293,1830906.5464,3060605.0203,1229698.4739,5268832.0306,2096.5547,3504.6714,1408.1167,liability
nissan,US,2025,US,S2,10,2035,873293,1709973.8713,3059743.5013,1349769.63,6618601.6606,1958.0758,3503.6849,1545.6091,liability
nissan,US,2025,US,S2,11,2036,873293,1597028.8844,3058919.3266,1461890.4422,8080492.1028,1828.7435,3502.7411,1673.9977,liability
nissan,US,2025,US,S2,12,2037,873293,1491543.9939,3058130.8771,1566586.8832,9647078.986,1707.9537,3501.8383,1793.8846,liability
toyota,EU27,2024,AT,S1,0,2024,11119,26063.6223,18708.5994,-7355.0229,-7355.0229,2344.0617,1682.5793,-661.4824,contribution
toyota,EU27,2024,AT,S1,1,2025,11119,25368.8119,18703.9885,-6664.8234,-14019.8463,2281.5732,1682.1646,-599.4085,contribution
toyota,EU27,2024,AT,S1,2,2026,11119,24692.5248,18699.6024,-5992.9224,-20012.7687,2220.7505,1681.7702,-538.9803,contribution
toyota,EU27,2024,AT,S1,3,2027,11119,24034.2654,18695.4306,-5338.8348,-25351.6035,2161.5492,1681.395,-480.1542,contribution
toyota,EU27,2024,AT,S1,4,2028,11119,23393.5542,18691.4624,-4702.0918,-30053.6953,2103.9261,1681.0381,-422.888,contribution
toyota,EU27,2024,AT,S1,5,2029,11119,22769.9238,18687.6876,-4082.2362,-34135.9315,2047.8392,1680.6986,-367.1406,contribution
toyota,EU27,2024,AT,S1,6,2030,11119,22162.9179,18684.0973,-3478.8206,-37614.7521,1993.2474,1680.3757,-312.8717,contribution
toyota,EU27,2024,AT,S1,7,2031,11119,21572.0936,18680.6822,-2891.4114,-40506.1635,1940.1109,1680.0685,-260.0424,contribution
toyota,EU27,2024,AT,S1,8,2032,11119,20997.0199,18677.4337,-2319.5862,-42825.7497,1888.391,1679.7764,-208.6146,contribution
toyota,EU27,2024,AT,S1,9,2033,11119,20437.2764,18674.3437,-1762.9327,-44588.6824,1838.0499,1679.4985,-158.5514,contribution
toyota,EU27,2024,AT,S1,10,2034,11119,19892.4552,18671.4046,-1221.0506,-45809.733,1789.0507,1679.2342,-109.8166,contribution
toyota,EU27,2024,AT,S1,11,2035,11119,19362.1577,18668.6091,-693.5486,-46503.2816,1741.3578,1678.9827,-62.3751,contribution
toyota,EU27,2024,AT,S1,12,2036,11119,18845.9962,18665.9497,-180.0465,-46683.3281,1694.9363,1678.7436,-16.1927,contribution
toyota,EU27,2024,AT,S1,13,2037,11119,18343.5956,18663.4202,319.8246,-46363.5035,1649.7523,1678.5161,28.7638,liability
toyota,EU27,2024,AT,S1,14,2038,11119,17854.588,18661.0143,806.4263,-45557.0772,1605.7728,1678.2997,72.5269,liability
toyota,EU27,2024,AT,S2,0,2024,11119,26063.6223,18708.5994,-7355.0229,-7355.0229,2344.0617,1682.5793,-661.4824,contribution
toyota,EU27,2024,AT,S2,1,2025,11119,22542.383,18700.5121,-3841.8709,-11196.8938,2027.375,1681.852,-345.5231,contribution
toyota,EU27,2024,AT,S2,2,2026,11119,19496.8689,18693.1171,-803.7518,-12000.6456,1753.4732,1681.1869,-72.2863,contribution
toyota,EU27,2024,AT,S2,3,2027,11119,16862.8093,18686.3551,1823.5458,-10177.0998,1516.5761,1680.5787,164.0027,liability
toyota,EU27,2024,AT,S2,4,2028,11119,14584.6154,18680.1719,4095.5565,-6081.5433,1311.6841,1680.0227,368.3386,liability
toyota,EU27,2024,AT,S2,5,2029,11119,12614.2091,18674.518,6060.3089,-21.2344,1134.4733,1679.5142,545.0408,liability
toyota,EU27,2024,AT,S2,6,2030,11119,10910.0081,18669.3482,7759.3401,7738.1057,981.2041,1679.0492,697.8451,liability
toyota,EU27,2024,AT,S2,7,2031,11119,9436.0473,18664.6208,9228.5735,16966.6792,848.6417,1678.624,829.9823,liability
toyota,EU27,2024,AT,S2,8,2032,11119,8161.2218,18660.298,10499.0762,27465.7554,733.9888,1678.2353,944.2464,liability
toyota,EU27,2024,AT,S2,9,2033,11119,7058.6267,18656.3453,11597.7186,39063.474,634.8257,1677.8798,1043.0541,liability
toyota,EU27,2024,AT,S2,10,2034,11119,6104.9947,18652.731,12547.7363,51611.2103,549.0597,1677.5547,1128.495,liability
toyota,EU27,2024,AT,S2,11,2035,11119,5280.1996,18649.4261,13369.2265,64980.4368,474.8808,1677.2575,1202.3767,liability
toyota,EU27,2024,AT,S2,12,2036,11119,4566.8354,18646.404,14079.5686,79060.0054,410.7236,1676.9857,1266.2621,liability
toyota,EU27,2024,AT,S2,13,2037,11119,3949.8484,18643.6407,14693.7923,93753.7977,355.2341,1676.7372,1321.503,liability
toyota,EU27,2024,AT,S2,14,2038,11119,3416.2171,18641.1138,15224.8967,108978.6944,307.2414,1676.5099,1369.2685,liability
toyota,EU27,2024,BE,S1,0,2024,23645,47129.9345,43927.9115,-3202.023,-3202.023,1993.2305,1857.8097,-135.4207,contribution
toyota,EU27,2024,BE,S1,1,2025,23645,45786.9166,43905.7047,-1881.2119,-5083.2349,1936.4312,1856.8706,-79.5607,contribution
toyota,EU27,2024,BE,S1,2,2026,23645,44482.1698,43884.4664,-597.7034,-5680.9383,1881.2506,1855.9724,-25.2782,contribution
toyota,EU27,2024,BE,S1,3,2027,23645,43214.6031,43864.1548,649.5517,-5031.3866,1827.6423,1855.1133,27.471,liability
toyota,EU27,2024,BE,S1,4,2028,23645,41983.1567,43844.7292,1861.5725,-3169.8141,1775.5617,1854.2918,78.7301,liability
toyota,EU27,2024,BE,S1,5,2029,23645,40786.8019,43826.1509,3039.349,-130.4651,1724.9652,1853.5061,128.5409,liability
toyota,EU27,2024,BE,S1,6,2030,23645,39624.5387,43808.3832,4183.8445,4053.3794,1675.8105,1852.7546,176.9442,liability
toyota,EU27,2024,BE,S1,7,2031,23645,38495.3949,43791.3904,5295.9955,9349.3749,1628.0565,1852.036,223.9795,liability
toyota,EU27,2024,BE,S1,8,2032,23645,37398.4279,43775.139,6376.7111,15726.086,1581.6633,1851.3487,269.6854,liability
toyota,EU27,2024,BE,S1,9,2033,23645,36332.7199,43759.5965,7426.8766,23152.9626,1536.5921,1850.6913,314.0992,liability
toyota,EU27,2024,BE,S1,10,2034,23645,35297.3803,43744.7317,8447.3514,31600.314,1492.8053,1850.0627,357.2574,liability
toyota,EU27,2024,BE,S1,11,2035,23645,34291.5438,43730.5157,9438.9719,41039.2859,1450.2662,1849.4614,399.1953,liability
toyota,EU27,2024,BE,S1,12,2036,23645,33314.3698,43716.9197,10402.5499,51441.8358,1408.9393,1848.8864,439.9471,liability
toyota,EU27,2024,BE,S1,13,2037,23645,32365.0413,43703.9168,11338.8755,62780.7113,1368.7901,1848.3365,479.5464,liability
toyota,EU27,2024,BE,S2,0,2024,23645,47129.9345,43927.9115,-3202.023,-3202.023,1993.2305,1857.8097,-135.4207,contribution
toyota,EU27,2024,BE,S2,1,2025,23645,40762.6009,43884.3349,3121.734,-80.289,1723.9417,1855.9668,132.0251,liability
toyota,EU27,2024,BE,S2,2,2026,23645,35255.5046,43844.4884,8588.9838,8508.6948,1491.0342,1854.2816,363.2474,liability
toyota,EU27,2024,BE,S2,3,2027,23645,30492.4266,43808.0528,13315.6262,21824.321,1289.593,1852.7407,563.1477,liability
toyota,EU27,2024,BE,S2,4,2028,23645,26372.8485,43774.7361,17401.8876,39226.2086,1115.3668,1851.3316,735.9648,liability
toyota,EU27,2024,BE,S2,5,2029,23645,22809.8322,43744.2713,20934.4391,60160.6477,964.6789,1850.0432,885.3643,liability
toyota,EU27,2024,BE,S2,6,2030,23645,19728.1854,43716.4143,23988.2289,84148.8766,834.3491,1848.8651,1014.5159,liability
toyota,EU27,2024,BE,S2,7,2031,23645,17062.8742,43690.9418,26628.0676,110776.9442,721.6272,1847.7878,1126.1606,liability
toyota,EU27,2024,BE,S2,8,2032,23645,14757.6509,43667.6498,28909.9989,139686.9431,624.1341,1846.8027,1222.6686,liability
toyota,EU27,2024,BE,S2,9,2033,23645,12763.8677,43646.3516,30882.4839,170569.427,539.8125,1845.9019,1306.0894,liability
toyota,EU27,2024,BE,S2,10,2034,23645,11039.4475,43626.8765,32587.429,203156.856,466.883,1845.0783,1378.1953,liability
toyota,EU27,2024,BE,S2,11,2035,23645,9547.9996,43609.0685,34061.0689,237217.9249,403.8063,1844.3252,1440.5189,liability
toyota,EU27,2024,BE,S2,12,2036,23645,8258.049,43592.7848,35334.7358,272552.6607,349.2514,1843.6365,1494.3851,liability
toyota,EU27,2024,BE,S2,13,2037,23645,7142.3724,43577.895,36435.5226,308988.1833,302.0669,1843.0068,1540.9398,liability
toyota,EU27,2024,BG,S1,0,2024,5253,10520.589,8738.138,-1782.451,-1782.451,2002.7773,1663.4567,-339.3206,contribution
toyota,EU27,2024,BG,S1,1,2025,5253,10718.7509,8729.5392,-1989.2117,-3771.6627,2040.5008,1661.8198,-378.6811,contribution
toyota,EU27,2024,BG,S1,2,2026,5253,10920.6453,8721.3587,-2199.2866,-5970.9493,2078.935,1660.2625,-418.6725,contribution
toyota,EU27,2024,BG,S1,3,2027,5253,11126.3426,8713.5764,-2412.7662,-8383.7155,2118.093,1658.781,-459.3121,contribution
toyota,EU27,2024,BG,S1,4,2028,5253,11335.9143,8706.173,-2629.7413,-11013.4568,2157.9886,1657.3716,-500.617,contribution
toyota,EU27,2024,BG,S1,5,2029,5253,11549.4331,8699.1298,-2850.3033,-13863.7601,2198.6357,1656.0308,-542.6049,contribution
toyota,EU27,2024,BG,S1,6,2030,5253,11766.974,8692.4294,-3074.5446,-16938.3047,2240.0484,1654.7553,-585.2931,contribution
toyota,EU27,2024,BG,S1,7,2031,5253,11988.6125,8686.0551,-3302.5574,-20240.8621,2282.2411,1653.5418,-628.6993,contribution
toyota,EU27,2024,BG,S1,8,2032,5253,12214.4257,8679.991,-3534.4347,-23775.2968,2325.2286,1652.3874,-672.8412,contribution
toyota,EU27,2024,BG,S1,9,2033,5253,12444.4921,8674.2222,-3770.2699,-27545.5667,2369.0257,1651.2892,-717.7365,contribution
toyota,EU27,2024,BG,S1,10,2034,5253,12678.8917,8668.734,-4010.1577,-31555.7244,2413.6478,1650.2444,-763.4033,contribution
toyota,EU27,2024,BG,S1,11,2035,5253,12917.7067,8663.513,-4254.1937,-35809.9181,2459.1104,1649.2505,-809.8598,contribution
toyota,EU27,2024,BG,S1,12,2036,5253,13161.0199,8658.546,-4502.4739,-40312.392,2505.4293,1648.305,-857.1243,contribution
toyota,EU27,2024,BG,S1,13,2037,5253,13408.9158,8653.8209,-4755.0949,-45067.4869,2552.6206,1647.4055,-905.2151,contribution
toyota,EU27,2024,BG,S1,14,2038,5253,13661.4815,8649.3255,-5012.156,-50079.6429,2600.7008,1646.5497,-954.1512,contribution
toyota,EU27,2024,BG,S1,15,2039,5253,13918.8039,8645.0491,-5273.7548,-55353.3977,2649.6866,1645.7356,-1003.951,contribution
toyota,EU27,2024,BG,S1,16,2040,5253,14180.9734,8640.9807,-5539.9927,-60893.3904,2699.5952,1644.9611,-1054.6341,contribution
toyota,EU27,2024,BG,S1,17,2041,5253,14448.081,8637.1105,-5810.9705,-66704.3609,2750.4437,1644.2243,-1106.2194,contribution
toyota,EU27,2024,BG,S1,18,2042,5253,14720.2199,8633.4285,-6086.7914,-72791.1523,2802.2501,1643.5234,-1158.7267,contribution
toyota,EU27,2024,BG,S2,0,2024,5253,10520.589,8738.138,-1782.451,-1782.451,2002.7773,1663.4567,-339.3206,contribution
toyota,EU27,2024,BG,S2,1,2025,5253,9099.2396,8723.0142,-376.2254,-2158.6764,1732.1987,1660.5776,-71.6211,contribution
toyota,EU27,2024,BG,S2,2,2026,5253,7869.9172,8709.1849,839.2677,-1319.4087,1498.1757,1657.945,159.7692,liability
toyota,EU27,2024,BG,S2,3,2027,5253,6806.6783,8696.5394,1889.8611,570.4524,1295.7697,1655.5377,359.768,liability
toyota,EU27,2024,BG,S2,4,2028,5253,5887.0845,8684.9766,2797.8921,3368.3445,1120.709,1653.3365,532.6275,liability
toyota,EU27,2024,BG,S2,5,2029,5253,5091.7295,8674.4032,3582.6737,6951.0182,969.2994,1651.3237,682.0243,liability
toyota,EU27,2024,BG,S2,6,2030,5253,4403.8279,8664.7352,4260.9073,11211.9255,838.3453,1649.4832,811.1379,liability
toyota,EU27,2024,BG,S2,7,2031,5253,3808.8631,8655.8947,4847.0316,16058.9571,725.0834,1647.8002,922.7168,liability
toyota,EU27,2024,BG,S2,8,2032,5253,3294.2797,8647.8108,5353.5311,21412.4882,627.1235,1646.2613,1019.1378,liability
toyota,EU27,2024,BG,S2,9,2033,5253,2849.217,8640.419,5791.202,27203.6902,542.3981,1644.8542,1102.4561,liability
toyota,EU27,2024,BG,S2,10,2034,5253,2464.2829,8633.6599,6169.377,33373.0672,469.1192,1643.5675,1174.4483,liability
toyota,EU27,2024,BG,S2,11,2035,5253,2131.354,8627.4794,6496.1254,39869.1926,405.7403,1642.3909,1236.6506,liability
toyota,EU27,2024,BG,S2,12,2036,5253,1843.4047,8621.8279,6778.4232,46647.6158,350.9242,1641.315,1290.3909,liability
toyota,EU27,2024,BG,S2,13,2037,5253,1594.3575,8616.6602,7022.3027,53669.9185,303.5137,1640.3313,1336.8176,liability
toyota,EU27,2024,BG,S2,14,2038,5253,1378.9569,8611.9349,7232.978,60902.8965,262.5085,1639.4317,1376.9233,liability
toyota,EU27,2024,BG,S2,15,2039,5253,1192.6575,8607.6141,7414.9566,68317.8531,227.0431,1638.6092,1411.5661,liability
toyota,EU27,2024,BG,S2,16,2040,5253,1031.5277,8603.663,7572.1353,75889.9884,196.3693,1637.857,1441.4878,liability
toyota,EU27,2024,BG,S2,17,2041,5253,892.1664,8600.0503,7707.8839,83597.8723,169.8394,1637.1693,1467.3299,liability
toyota,EU27,2024,BG,S2,18,2042,5253,771.6332,8596.7467,7825.1135,91422.9858,146.8938,1636.5404,1489.6466,liability
toyota,EU27,2024,CY,S1,0,2024,13,26.5993,21.9921,-4.6072,-4.6072,2046.1,1691.7,-354.4,contribution
toyota,EU27,2024,CY,S1,1,2025,13,26.0828,21.8754,-4.2074,-8.8146,2006.3692,1682.7231,-323.6462,contribution
toyota,EU27,2024,CY,S1,2,2026,13,25.5762,21.7609,-3.8153,-12.6299,1967.4,1673.9154,-293.4846,contribution
toyota,EU27,2024,CY,S1,3,2027,13,25.0794,21.6485,-3.4309,-16.0608,1929.1846,1665.2692,-263.9154,contribution
toyota,EU27,2024,CY,S1,4,2028,13,24.5923,21.5381,-3.0542,-19.115,1891.7154,1656.7769,-234.9385,contribution
toyota,EU27,2024,CY,S1,5,2029,13,24.1146,21.4298,-2.6848,-21.7998,1854.9692,1648.4462,-206.5231,contribution
toyota,EU27,2024,CY,S1,6,2030,13,23.6463,21.3235,-2.3228,-24.1226,1818.9462,1640.2692,-178.6769,contribution
toyota,EU27,2024,CY,S1,7,2031,13,23.187,21.2191,-1.9679,-26.0905,1783.6154,1632.2385,-151.3769,contribution
toyota,EU27,2024,CY,S1,8,2032,13,22.7366,21.1167,-1.6199,-27.7104,1748.9692,1624.3615,-124.6077,contribution
toyota,EU27,2024,CY,S1,9,2033,13,22.295,21.0162,-1.2788,-28.9892,1715.0,1616.6308,-98.3692,contribution
toyota,EU27,2024,CY,S1,10,2034,13,21.8619,20.9175,-0.9444,-29.9336,1681.6846,1609.0385,-72.6462,contribution
toyota,EU27,2024,CY,S1,11,2035,13,21.4374,20.8206,-0.6168,-30.5504,1649.0308,1601.5846,-47.4462,contribution
toyota,EU27,2024,CY,S1,12,2036,13,21.021,20.7256,-0.2954,-30.8458,1617.0,1594.2769,-22.7231,contribution
toyota,EU27,2024,CY,S1,13,2037,13,20.6128,20.6322,0.0194,-30.8264,1585.6,1587.0923,1.4923,liability
toyota,EU27,2024,CY,S1,14,2038,13,20.2124,20.5406,0.3282,-30.4982,1554.8,1580.0462,25.2462,liability
toyota,EU27,2024,CY,S1,15,2039,13,19.8198,20.4507,0.6309,-29.8673,1524.6,1573.1308,48.5308,liability
toyota,EU27,2024,CY,S1,16,2040,13,19.4348,20.3625,0.9277,-28.9396,1494.9846,1566.3462,71.3615,liability
toyota,EU27,2024,CY,S1,17,2041,13,19.0573,20.2758,1.2185,-27.7211,1465.9462,1559.6769,93.7308,liability
toyota,EU27,2024,CY,S1,18,2042,13,18.6873,20.1908,1.5035,-26.2176,1437.4846,1553.1385,115.6538,liability
toyota,EU27,2024,CY,S1,19,2043,13,18.3242,20.1073,1.7831,-24.4345,1409.5538,1546.7154,137.1615,liability
toyota,EU27,2024,CY,S1,20,2044,13,17.9684,20.0254,2.057,-22.3775,1382.1846,1540.4154,158.2308,liability
toyota,EU27,2024,CY,S2,0,2024,13,26.5993,21.9921,-4.6072,-4.6072,2046.1,1691.7,-354.4,contribution
toyota,EU27,2024,CY,S2,1,2025,13,23.0057,21.4507,-1.555,-6.1622,1769.6692,1650.0538,-119.6154,contribution
toyota,EU27,2024,CY,S2,2,2026,13,19.8976,20.9556,1.058,-5.1042,1530.5846,1611.9692,81.3846,liability
toyota,EU27,2024,CY,S2,3,2027,13,17.2094,20.5029,3.2935,-1.8107,1323.8,1577.1462,253.3462,liability
toyota,EU27,2024,CY,S2,4,2028,13,14.8844,20.0889,5.2045,3.3938,1144.9538,1545.3,400.3462,liability
toyota,EU27,2024,CY,S2,5,2029,13,12.8735,19.7104,6.8369,10.2307,990.2692,1516.1846,525.9154,liability
toyota,EU27,2024,CY,S2,6,2030,13,11.1343,19.3642,8.2299,18.4606,856.4846,1489.5538,633.0692,liability
toyota,EU27,2024,CY,S2,7,2031,13,9.63,19.0477,9.4177,27.8783,740.7692,1465.2077,724.4385,liability
toyota,EU27,2024,CY,S2,8,2032,13,8.3289,18.7583,10.4294,38.3077,640.6846,1442.9462,802.2615,liability
toyota,EU27,2024,CY,S2,9,2033,13,7.2037,18.4937,11.29,49.5977,554.1308,1422.5923,868.4615,liability
toyota,EU27,2024,CY,S2,10,2034,13,6.2305,18.2517,12.0212,61.6189,479.2692,1403.9769,924.7077,liability
toyota,EU27,2024,CY,S2,11,2035,13,5.3887,18.0304,12.6417,74.2606,414.5154,1386.9538,972.4385,liability
toyota,EU27,2024,CY,S2,12,2036,13,4.6607,17.8281,13.1674,87.428,358.5154,1371.3923,1012.8769,liability
toyota,EU27,2024,CY,S2,13,2037,13,4.0311,17.6431,13.612,101.04,310.0846,1357.1615,1047.0769,liability
toyota,EU27,2024,CY,S2,14,2038,13,3.4864,17.4739,13.9875,115.0275,268.1846,1344.1462,1075.9615,liability
toyota,EU27,2024,CY,S2,15,2039,13,3.0154,17.3192,14.3038,129.3313,231.9538,1332.2462,1100.2923,liability
toyota,EU27,2024,CY,S2,16,2040,13,2.608,17.1778,14.5698,143.9011,200.6154,1321.3692,1120.7538,liability
toyota,EU27,2024,CY,S2,17,2041,13,2.2557,17.0485,14.7928,158.6939,173.5154,1311.4231,1137.9077,liability
toyota,EU27,2024,CY,S2,18,2042,13,1.9509,16.9302,14.9793,173.6732,150.0692,1302.3231,1152.2538,liability
toyota,EU27,2024,CY,S2,19,2043,13,1.6874,16.822,15.1346,188.8078,129.8,1294.0,1164.2,liability
toyota,EU27,2024,CY,S2,20,2044,13,1.4595,16.7232,15.2637,204.0715,112.2692,1286.4,1174.1308,liability
toyota,EU27,2024,CZ,S1,0,2024,18911,34278.4759,30795.0823,-3483.3936,-3483.3936,1812.621,1628.4217,-184.1993,contribution
toyota,EU27,2024,CZ,S1,1,2025,18911,34133.4075,30779.7337,-3353.6738,-6837.0674,1804.9499,1627.6101,-177.3398,contribution
toyota,EU27,2024,CZ,S1,2,2026,18911,33988.9533,30764.8707,-3224.0826,-10061.15,1797.3113,1626.8241,-170.4872,contribution
toyota,EU27,2024,CZ,S1,3,2027,18911,33845.1104,30750.4779,-3094.6325,-13155.7825,1789.705,1626.063,-163.6419,contribution
toyota,EU27,2024,CZ,S1,4,2028,18911,33701.8763,30736.541,-2965.3353,-16121.1178,1782.1308,1625.3261,-156.8048,contribution
toyota,EU27,2024,CZ,S1,5,2029,18911,33559.2481,30723.0449,-2836.2032,-18957.321,1774.5888,1624.6124,-149.9764,contribution
toyota,EU27,2024,CZ,S1,6,2030,18911,33417.224,30709.9761,-2707.2479,-21664.5689,1767.0786,1623.9213,-143.1573,contribution
toyota,EU27,2024,CZ,S1,7,2031,18911,33275.8004,30697.3208,-2578.4796,-24243.0485,1759.6003,1623.2521,-136.3481,contribution
toyota,EU27,2024,CZ,S1,8,2032,18911,33134.9759,30685.0663,-2449.9096,-26692.9581,1752.1536,1622.6041,-129.5494,contribution
toyota,EU27,2024,CZ,S1,9,2033,18911,32994.7471,30673.1994,-2321.5477,-29014.5058,1744.7384,1621.9766,-122.7618,contribution
toyota,EU27,2024,CZ,S1,10,2034,18911,32855.1115,30661.7081,-2193.4034,-31207.9092,1737.3545,1621.3689,-115.9856,contribution
toyota,EU27,2024,CZ,S1,11,2035,18911,32716.0669,30650.5806,-2065.4863,-33273.3955,1730.002,1620.7805,-109.2214,contribution
toyota,EU27,2024,CZ,S1,12,2036,18911,32577.6112,30639.8052,-1937.806,-35211.2015,1722.6805,1620.2107,-102.4698,contribution
toyota,EU27,2024,CZ,S1,13,2037,18911,32439.7413,30629.3709,-1810.3704,-37021.5719,1715.3901,1619.659,-95.7311,contribution
toyota,EU27,2024,CZ,S1,14,2038,18911,32302.4544,30619.2669,-1683.1875,-38704.7594,1708.1304,1619.1247,-89.0057,contribution
toyota,EU27,2024,CZ,S1,15,2039,18911,32165.7487,30609.4824,-1556.2663,-40261.0257,1700.9015,1618.6073,-82.2942,contribution
toyota,EU27,2024,CZ,S2,0,2024,18911,34278.4759,30795.0823,-3483.3936,-3483.3936,1812.621,1628.4217,-184.1993,contribution
toyota,EU27,2024,CZ,S2,1,2025,18911,29647.396,30753.5698,1106.1738,-2377.2198,1567.7329,1626.2265,58.4937,liability
toyota,EU27,2024,CZ,S2,2,2026,18911,25641.9828,30715.6103,5073.6275,2696.4077,1355.9295,1624.2193,268.2898,liability
toyota,EU27,2024,CZ,S2,3,2027,18911,22177.7074,30680.9004,8503.193,11199.6007,1172.7411,1622.3838,449.6427,liability
toyota,EU27,2024,CZ,S2,4,2028,18911,19181.462,30649.1616,11467.6996,22667.3003,1014.3018,1620.7055,606.4037,liability
toyota,EU27,2024,CZ,S2,5,2029,18911,16590.0143,30620.1396,14030.1253,36697.4256,877.268,1619.1708,741.9029,liability
toyota,EU27,2024,CZ,S2,6,2030,18911,14348.6756,30593.6019,16244.9263,52942.3519,758.7476,1617.7675,859.02,liability
toyota,EU27,2024,CZ,S2,7,2031,18911,12410.1452,30569.3359,18159.1907,71101.5426,656.2395,1616.4844,960.2449,liability
toyota,EU27,2024,CZ,S2,8,2032,18911,10733.5135,30547.1471,19813.6336,90915.1762,567.5804,1615.311,1047.7306,liability
toyota,EU27,2024,CZ,S2,9,2033,18911,9283.3976,30526.8576,21243.46,112158.6362,490.8993,1614.2381,1123.3388,liability
toyota,EU27,2024,CZ,S2,10,2034,18911,8029.1953,30508.3049,22479.1096,134637.7458,424.578,1613.2571,1188.6791,liability
toyota,EU27,2024,CZ,S2,11,2035,18911,6944.4371,30491.3401,23546.903,158184.6488,367.2168,1612.36,1245.1432,liability
toyota,EU27,2024,CZ,S2,12,2036,18911,6006.2324,30475.8278,24469.5954,182654.2442,317.6052,1611.5397,1293.9345,liability
toyota,EU27,2024,CZ,S2,13,2037,18911,5194.7799,30461.6431,25266.8632,207921.1074,274.6962,1610.7897,1336.0934,liability
toyota,EU27,2024,CZ,S2,14,2038,18911,4492.9567,30448.6727,25955.716,233876.8234,237.5843,1610.1038,1372.5195,liability
toyota,EU27,2024,CZ,S2,15,2039,18911,3885.9501,30436.8126,26550.8625,260427.6859,205.4862,1609.4766,1403.9904,liability
toyota,EU27,2024,DE,S1,0,2024,95088,172147.1685,156433.6284,-15713.5401,-15713.5401,1810.3985,1645.1458,-165.2526,contribution
toyota,EU27,2024,DE,S1,1,2025,95088,167615.4313,156345.0244,-11270.4069,-26983.947,1762.7401,1644.214,-118.5261,contribution
toyota,EU27,2024,DE,S1,2,2026,95088,163202.9909,156259.9851,-6943.0058,-33926.9528,1716.3364,1643.3197,-73.0166,contribution
toyota,EU27,2024,DE,S1,3,2027,95088,158906.7077,156178.3672,-2728.3405,-36655.2933,1671.1542,1642.4614,-28.6928,contribution
toyota,EU27,2024,DE,S1,4,2028,95088,154723.5227,156100.033,1376.5103,-35278.783,1627.1614,1641.6376,14.4762,liability
toyota,EU27,2024,DE,S1,5,2029,95088,150650.4594,156024.8503,5374.3909,-29904.3921,1584.3267,1640.8469,56.5202,liability
toyota,EU27,2024,DE,S1,6,2030,95088,146684.6181,155952.6924,9268.0743,-20636.3178,1542.6197,1640.088,97.4684,liability
toyota,EU27,2024,DE,S1,7,2031,95088,142823.1768,155883.4376,13060.2608,-7576.057,1502.0105,1639.3597,137.3492,liability
toyota,EU27,2024,DE,S1,8,2032,95088,139063.3875,155816.969,16753.5815,9177.5245,1462.4704,1638.6607,176.1903,liability
toyota,EU27,2024,DE,S1,9,2033,95088,135402.5738,155753.1748,20350.601,29528.1255,1423.9712,1637.9898,214.0186,liability
toyota,EU27,2024,DE,S1,10,2034,95088,131838.1305,155691.9471,23853.8166,53381.9421,1386.4855,1637.3459,250.8604,liability
toyota,EU27,2024,DE,S1,11,2035,95088,128367.52,155633.1826,27265.6626,80647.6047,1349.9865,1636.7279,286.7414,liability
toyota,EU27,2024,DE,S1,12,2036,95088,124988.2724,155576.7826,30588.5102,111236.1149,1314.4484,1636.1348,321.6863,liability
toyota,EU27,2024,DE,S1,13,2037,95088,121697.9829,155522.6518,33824.6689,145060.7838,1279.8459,1635.5655,355.7196,liability
toyota,EU27,2024,DE,S1,14,2038,95088,118494.31,155470.6984,36976.3884,182037.1722,1246.1542,1635.0191,388.8649,liability
toyota,EU27,2024,DE,S2,0,2024,95088,172147.1685,156433.6284,-15713.5401,-15713.5401,1810.3985,1645.1458,-165.2526,contribution
toyota,EU27,2024,DE,S2,1,2025,95088,148889.7955,156245.1117,7355.3162,-8358.2239,1565.8106,1643.1633,77.3527,liability
toyota,EU27,2024,DE,S2,2,2026,95088,128774.5334,156072.7321,27298.1987,18939.9748,1354.2669,1641.3505,287.0835,liability
toyota,EU27,2024,DE,S2,3,2027,95088,111376.8766,155915.1083,44538.2317,63478.2065,1171.3032,1639.6928,468.3896,liability
toyota,EU27,2024,DE,S2,4,2028,95088,96329.6729,155770.9769,59441.304,122919.5105,1013.0581,1638.177,625.1189,liability
toyota,EU27,2024,DE,S2,5,2029,95088,83315.3719,155639.1831,72323.8112,195243.3217,876.1923,1636.791,760.5987,liability
toyota,EU27,2024,DE,S2,6,2030,95088,72059.3245,155518.6708,83459.3463,278702.668,757.8172,1635.5236,877.7064,liability
toyota,EU27,2024,DE,S2,7,2031,95088,62323.9882,155408.4744,93084.4862,371787.1542,655.4348,1634.3647,978.9299,liability
toyota,EU27,2024,DE,S2,8,2032,95088,53903.9126,155307.7108,101403.7982,473190.9524,566.8845,1633.3051,1066.4206,liability
toyota,EU27,2024,DE,S2,9,2033,95088,46621.4031,155215.5725,108594.1694,581785.1218,490.2974,1632.3361,1142.0386,liability
toyota,EU27,2024,DE,S2,10,2034,95088,40322.773,155131.3213,114808.5483,696593.6701,424.0574,1631.45,1207.3926,liability
toyota,EU27,2024,DE,S2,11,2035,95088,34875.0984,155054.282,120179.1836,816772.8537,366.7666,1630.6398,1263.8733,liability
toyota,EU27,2024,DE,S2,12,2036,95088,30163.4133,154983.8373,124820.424,941593.2777,317.2158,1629.899,1312.6832,liability
toyota,EU27,2024,DE,S2,13,2037,95088,26088.2856,154919.4225,128831.1369,1070424.4146,274.3594,1629.2216,1354.8622,liability
toyota,EU27,2024,DE,S2,14,2038,95088,22563.7145,154860.5217,132296.8072,1202721.2218,237.293,1628.6022,1391.3092,liability
toyota,EU27,2024,DK,S1,0,2024,13187,24725.1418,17642.0179,-7083.1239,-7083.1239,1874.9634,1337.8341,-537.1293,contribution
toyota,EU27,2024,DK,S1,1,2025,13187,23760.8307,17585.8509,-6174.9798,-13258.1037,1801.8375,1333.5748,-468.2627,contribution
toyota,EU27,2024,DK,S1,2,2026,13187,22834.1294,17535.1078,-5299.0216,-18557.1253,1731.5636,1329.7268,-401.8368,contribution
toyota,EU27,2024,DK,S1,3,2027,13187,21943.5701,17489.2649,-4454.3052,-23011.4305,1664.0305,1326.2505,-337.78,contribution
toyota,EU27,2024,DK,S1,4,2028,13187,21087.744,17447.8488,-3639.8952,-26651.3257,1599.1313,1323.1098,-276.0215,contribution
toyota,EU27,2024,DK,S1,5,2029,13187,20265.2962,17410.4321,-2854.8641,-29506.1898,1536.7632,1320.2724,-216.4908,contribution
toyota,EU27,2024,DK,S1,6,2030,13187,19474.9245,17376.6287,-2098.2958,-31604.4856,1476.8275,1317.709,-159.1185,contribution
toyota,EU27,2024,DK,S1,7,2031,13187,18715.3785,17346.0896,-1369.2889,-32973.7745,1419.2294,1315.3932,-103.8363,contribution
toyota,EU27,2024,DK,S1,8,2032,13187,17985.4559,17318.4994,-666.9565,-33640.731,1363.8778,1313.3009,-50.5768,contribution
toyota,EU27,2024,DK,S1,9,2033,13187,17284.0012,17293.5736,9.5724,-33631.1586,1310.6849,1311.4108,0.7259,liability
toyota,EU27,2024,DK,S1,10,2034,13187,16609.9041,17271.055,661.1509,-32970.0077,1259.5666,1309.7031,50.1366,liability
toyota,EU27,2024,DK,S1,11,2035,13187,15962.0972,17250.7108,1288.6136,-31681.3941,1210.4419,1308.1604,97.7185,liability
toyota,EU27,2024,DK,S1,12,2036,13187,15339.556,17232.331,1892.775,-29788.6191,1163.2332,1306.7666,143.5334,liability
toyota,EU27,2024,DK,S1,13,2037,13187,14741.2946,17215.7261,2474.4315,-27314.1876,1117.8657,1305.5074,187.6417,liability
toyota,EU27,2024,DK,S1,14,2038,13187,14166.3657,17200.725,3034.3593,-24279.8283,1074.2675,1304.3698,230.1023,liability
toyota,EU27,2024,DK,S2,0,2024,13187,24725.1418,17642.0179,-7083.1239,-7083.1239,1874.9634,1337.8341,-537.1293,contribution
toyota,EU27,2024,DK,S2,1,2025,13187,21384.7335,17592.2297,-3792.5038,-10875.6277,1621.6527,1334.0585,-287.5941,contribution
toyota,EU27,2024,DK,S2,2,2026,13187,18495.6198,17546.7034,-948.9164,-11824.5441,1402.5646,1330.6062,-71.9585,contribution
toyota,EU27,2024,DK,S2,3,2027,13187,15996.8306,17505.0741,1508.2435,-10316.3006,1213.0758,1327.4493,114.3735,liability
toyota,EU27,2024,DK,S2,4,2028,13187,13835.6317,17467.0085,3631.3768,-6684.9238,1049.1872,1324.5627,275.3755,liability
toyota,EU27,2024,DK,S2,5,2029,13187,11966.414,17432.2011,5465.7871,-1219.1367,907.4402,1321.9232,414.483,liability
toyota,EU27,2024,DK,S2,6,2030,13187,10349.7316,17400.3733,7050.6417,5831.505,784.8435,1319.5096,534.6661,liability
toyota,EU27,2024,DK,S2,7,2031,13187,8951.4655,17371.2699,8419.8044,14251.3094,678.8099,1317.3026,638.4928,liability
toyota,EU27,2024,DK,S2,8,2032,13187,7742.1074,17344.6577,9602.5503,23853.8597,587.1015,1315.2846,728.1831,liability
toyota,EU27,2024,DK,S2,9,2033,13187,6696.1358,17320.3236,10624.1878,34478.0475,507.7831,1313.4393,805.6562,liability
toyota,EU27,2024,DK,S2,10,2034,13187,5791.4764,17298.0725,11506.5961,45984.6436,439.1807,1311.7519,872.5712,liability
toyota,EU27,2024,DK,S2,11,2035,13187,5009.0382,17277.726,12268.6878,58253.3314,379.8467,1310.209,930.3623,liability
toyota,EU27,2024,DK,S2,12,2036,13187,4332.3085,17259.1212,12926.8127,71180.1441,328.5287,1308.7981,980.2694,liability
toyota,EU27,2024,DK,S2,13,2037,13187,3747.0066,17242.1088,13495.1022,84675.2463,284.144,1307.5081,1023.3641,liability
toyota,EU27,2024,DK,S2,14,2038,13187,3240.7796,17226.553,13985.7734,98661.0197,245.7556,1306.3284,1060.5728,liability
toyota,EU27,2024,EE,S1,0,2024,4443,7081.0812,4983.4099,-2097.6713,-2097.6713,1593.7612,1121.6318,-472.1295,contribution
toyota,EU27,2024,EE,S1,1,2025,4443,6844.7806,4978.0235,-1866.7571,-3964.4284,1540.5763,1120.4194,-420.1569,contribution
toyota,EU27,2024,EE,S1,2,2026,4443,6616.365,4972.9248,-1643.4402,-5607.8686,1489.1661,1119.2718,-369.8943,contribution
toyota,EU27,2024,EE,S1,3,2027,4443,6395.572,4968.0985,-1427.4735,-7035.3421,1439.4715,1118.1856,-321.286,contribution
toyota,EU27,2024,EE,S1,4,2028,4443,6182.1473,4963.5301,-1218.6172,-8253.9593,1391.4354,1117.1573,-274.278,contribution
toyota,EU27,2024,EE,S1,5,2029,4443,5975.8445,4959.2057,-1016.6388,-9270.5981,1345.0021,1116.184,-228.8181,contribution
toyota,EU27,2024,EE,S1,6,2030,4443,5776.4259,4955.1123,-821.3136,-10091.9117,1300.1184,1115.2627,-184.8556,contribution
toyota,EU27,2024,EE,S1,7,2031,4443,5583.6627,4951.2376,-632.4251,-10724.3368,1256.7325,1114.3906,-142.3419,contribution
toyota,EU27,2024,EE,S1,8,2032,4443,5397.3317,4947.5702,-449.7615,-11174.0983,1214.7944,1113.5652,-101.2292,contribution
toyota,EU27,2024,EE,S1,9,2033,4443,5217.2185,4944.0983,-273.1202,-11447.2185,1174.2558,1112.7838,-61.472,contribution
toyota,EU27,2024,EE,S1,10,2034,4443,5043.1163,4940.8122,-102.3041,-11549.5226,1135.0701,1112.0442,-23.0259,contribution
toyota,EU27,2024,EE,S1,11,2035,4443,4874.8237,4937.7015,62.8778,-11486.6448,1097.1919,1111.344,14.1521,liability
toyota,EU27,2024,EE,S1,12,2036,4443,4712.1474,4934.757,222.6096,-11264.0352,1060.5779,1110.6813,50.1034,liability
toyota,EU27,2024,EE,S1,13,2037,4443,4554.8997,4931.9699,377.0702,-10886.965,1025.1856,1110.054,84.8684,liability
toyota,EU27,2024,EE,S1,14,2038,4443,4402.8992,4929.3316,526.4324,-10360.5326,990.9744,1109.4602,118.4858,liability
toyota,EU27,2024,EE,S1,15,2039,4443,4255.9713,4926.8345,670.8632,-9689.6694,957.9049,1108.8982,150.9933,liability
toyota,EU27,2024,EE,S1,16,2040,4443,4113.9464,4924.4706,810.5242,-8879.1452,925.9389,1108.3661,182.4272,liability
toyota,EU27,2024,EE,S1,17,2041,4443,3976.6608,4922.2331,945.5723,-7933.5729,895.0396,1107.8625,212.8229,liability
toyota,EU27,2024,EE,S1,18,2042,4443,3843.9568,4920.1149,1076.1581,-6857.4148,865.1715,1107.3858,242.2143,liability
toyota,EU27,2024,EE,S1,19,2043,4443,3715.6811,4918.11,1202.4289,-5654.9859,836.3,1106.9345,270.6345,liability
toyota,EU27,2024,EE,S1,20,2044,4443,3591.6861,4916.2122,1324.5261,-4330.4598,808.3921,1106.5074,298.1153,liability
toyota,EU27,2024,EE,S1,21,2045,4443,3471.8291,4914.4159,1442.5868,-2887.873,781.4155,1106.1031,324.6876,liability
toyota,EU27,2024,EE,S1,22,2046,4443,3355.9715,4912.7155,1556.744,-1331.129,755.3391,1105.7203,350.3813,liability
toyota,EU27,2024,EE,S1,23,2047,4443,3243.9805,4911.106,1667.1255,335.9965,730.1329,1105.3581,375.2252,liability
toyota,EU27,2024,EE,S2,0,2024,4443,7081.0812,4983.4099,-2097.6713,-2097.6713,1593.7612,1121.6318,-472.1295,contribution
toyota,EU27,2024,EE,S2,1,2025,4443,6124.4152,4974.7797,-1149.6355,-3247.3068,1378.4414,1119.6893,-258.7521,contribution
toyota,EU27,2024,EE,S2,2,2026,4443,5296.9965,4966.888,-330.1085,-3577.4153,1192.2117,1117.9131,-74.2986,contribution
toyota,EU27,2024,EE,S2,3,2027,4443,4581.3631,4959.6721,378.309,-3199.1063,1031.1418,1116.289,85.1472,liability
toyota,EU27,2024,EE,S2,4,2028,4443,3962.4137,4953.0738,990.6601,-2208.4462,891.8329,1114.8039,222.971,liability
toyota,EU27,2024,EE,S2,5,2029,4443,3427.0846,4947.0402,1519.9556,-688.4906,771.3447,1113.4459,342.1012,liability
toyota,EU27,2024,EE,S2,6,2030,4443,2964.0799,4941.5231,1977.4432,1288.9526,667.1348,1112.2042,445.0694,liability
toyota,EU27,2024,EE,S2,7,2031,4443,2563.6275,4936.4783,2372.8508,3661.8034,577.0037,1111.0687,534.065,liability
toyota,EU27,2024,EE,S2,8,2032,4443,2217.277,4931.8655,2714.5885,6376.3919,499.0495,1110.0305,610.981,liability
toyota,EU27,2024,EE,S2,9,2033,4443,1917.7194,4927.6474,3009.928,9386.3199,431.6271,1109.0811,677.454,liability
toyota,EU27,2024,EE,S2,10,2034,4443,1658.632,4923.7904,3265.1584,12651.4783,373.3135,1108.213,734.8995,liability
toyota,EU27,2024,EE,S2,11,2035,4443,1434.5484,4920.2635,3485.7151,16137.1934,322.8783,1107.4192,784.5409,liability
toyota,EU27,2024,EE,S2,12,2036,4443,1240.7383,4917.0385,3676.3002,19813.4936,279.2569,1106.6933,827.4365,liability
toyota,EU27,2024,EE,S2,13,2037,4443,1073.1123,4914.0896,3840.9773,23654.4709,241.5288,1106.0296,864.5009,liability
toyota,EU27,2024,EE,S2,14,2038,4443,928.1332,4911.3931,3983.2599,27637.7308,208.8979,1105.4227,896.5248,liability
toyota,EU27,2024,EE,S2,15,2039,4443,802.741,4908.9275,4106.1865,31743.9173,180.6754,1104.8678,924.1923,liability
toyota,EU27,2024,EE,S2,16,2040,4443,694.2892,4906.6729,4212.3837,35956.301,156.2659,1104.3603,948.0945,liability
toyota,EU27,2024,EE,S2,17,2041,4443,600.4897,4904.6113,4304.1216,40260.4226,135.1541,1103.8963,968.7422,liability
toyota,EU27,2024,EE,S2,18,2042,4443,519.3625,4902.7262,4383.3637,44643.7863,116.8946,1103.472,986.5775,liability
toyota,EU27,2024,EE,S2,19,2043,4443,449.1957,4901.0024,4451.8067,49095.593,101.1019,1103.084,1001.9822,liability
toyota,EU27,2024,EE,S2,20,2044,4443,388.5086,4899.4262,4510.9176,53606.5106,87.4429,1102.7293,1015.2864,liability
toyota,EU27,2024,EE,S2,21,2045,4443,336.0203,4897.9849,4561.9646,58168.4752,75.6291,1102.4049,1026.7757,liability
toyota,EU27,2024,EE,S2,22,2046,4443,290.6236,4896.667,4606.0434,62774.5186,65.4116,1102.1083,1036.6967,liability
toyota,EU27,2024,EE,S2,23,2047,4443,251.3598,4895.4619,4644.1021,67418.6207,56.5743,1101.837,1045.2627,liability
toyota,EU27,2024,ES,S1,0,2024,100873,197526.7003,162171.8142,-35354.8861,-35354.8861,1958.1722,1607.6831,-350.4891,contribution
toyota,EU27,2024,ES,S1,1,2025,100873,192998.4491,162075.6886,-30922.7605,-66277.6466,1913.2815,1606.7301,-306.5514,contribution
toyota,EU27,2024,ES,S1,2,2026,100873,188574.0073,161987.3947,-26586.6126,-92864.2592,1869.42,1605.8548,-263.5652,contribution
toyota,EU27,2024,ES,S1,3,2027,100873,184250.9946,161906.2943,-22344.7003,-115208.9595,1826.564,1605.0508,-221.5132,contribution
toyota,EU27,2024,ES,S1,4,2028,100873,180027.086,161831.8014,-18195.2846,-133404.2441,1784.6905,1604.3124,-180.3781,contribution
toyota,EU27,2024,ES,S1,5,2029,100873,175900.0093,161763.3776,-14136.6317,-147540.8758,1743.7769,1603.6341,-140.1429,contribution
toyota,EU27,2024,ES,S1,6,2030,100873,171867.5447,161700.5285,-10167.0162,-157707.892,1703.8013,1603.011,-100.7903,contribution
toyota,EU27,2024,ES,S1,7,2031,100873,167927.5235,161642.8,-6284.7235,-163992.6155,1664.742,1602.4387,-62.3033,contribution
toyota,EU27,2024,ES,S1,8,2032,100873,164077.8264,161589.7746,-2488.0518,-166480.6673,1626.5782,1601.913,-24.6652,contribution
toyota,EU27,2024,ES,S1,9,2033,100873,160316.3827,161541.0694,1224.6867,-165255.9806,1589.2893,1601.4302,12.1409,liability
toyota,EU27,2024,ES,S1,10,2034,100873,156641.1689,161496.3325,4855.1636,-160400.817,1552.8553,1600.9867,48.1314,liability
toyota,EU27,2024,ES,S1,11,2035,100873,153050.2091,161455.2404,8405.0313,-151995.7857,1517.2564,1600.5793,83.3229,liability
toyota,EU27,2024,ES,S1,12,2036,100873,149541.5702,161417.4959,11875.9257,-140119.86,1482.4737,1600.2052,117.7315,liability
toyota,EU27,2024,ES,S1,13,2037,100873,146113.3665,161382.8268,15269.4603,-124850.3997,1448.4884,1599.8615,151.3731,liability
toyota,EU27,2024,ES,S1,14,2038,100873,142763.7536,161350.9823,18587.2287,-106263.171,1415.2821,1599.5458,184.2637,liability
toyota,EU27,2024,ES,S1,15,2039,100873,139490.9294,161321.7322,21830.8028,-84432.3682,1382.8371,1599.2558,216.4187,liability
toyota,EU27,2024,ES,S1,16,2040,100873,136293.1344,161294.865,25001.7306,-59430.6376,1351.1359,1598.9895,247.8535,liability
toyota,EU27,2024,ES,S1,17,2041,100873,133168.6478,161270.1871,28101.5393,-31329.0983,1320.1615,1598.7448,278.5834,liability
toyota,EU27,2024,ES,S1,18,2042,100873,130115.7893,161247.5196,31131.7303,-197.368,1289.8971,1598.5201,308.623,liability
toyota,EU27,2024,ES,S1,19,2043,100873,127132.9168,161226.6989,34093.7821,33896.4141,1260.3265,1598.3137,337.9872,liability
toyota,EU27,2024,ES,S1,20,2044,100873,124218.4261,161207.5746,36989.1485,70885.5626,1231.4338,1598.1241,366.6903,liability
toyota,EU27,2024,ES,S2,0,2024,100873,197526.7003,162171.8142,-35354.8861,-35354.8861,1958.1722,1607.6831,-350.4891,contribution
toyota,EU27,2024,ES,S2,1,2025,100873,170840.5099,162070.8194,-8769.6905,-44124.5766,1693.6198,1606.6819,-86.9379,contribution
toyota,EU27,2024,ES,S2,2,2026,100873,147759.6691,161978.4697,14218.8006,-29905.776,1464.8089,1605.7664,140.9574,liability
toyota,EU27,2024,ES,S2,3,2027,100873,127797.0886,161894.025,34096.9364,4191.1604,1266.9108,1604.9292,338.0185,liability
toyota,EU27,2024,ES,S2,4,2028,100873,110531.4867,161816.809,51285.3223,55476.4827,1095.749,1604.1637,508.4148,liability
toyota,EU27,2024,ES,S2,5,2029,100873,95598.4962,161746.2025,66147.7063,121624.189,947.7114,1603.4638,655.7523,liability
toyota,EU27,2024,ES,S2,6,2030,100873,82682.978,161681.6399,78998.6619,200622.8509,819.674,1602.8237,783.1497,liability
toyota,EU27,2024,ES,S2,7,2031,100873,71512.3683,161622.6039,90110.2356,290733.0865,708.9347,1602.2385,893.3038,liability
toyota,EU27,2024,ES,S2,8,2032,100873,61850.9271,161568.6213,99717.6942,390450.7807,613.1564,1601.7033,988.5469,liability
toyota,EU27,2024,ES,S2,9,2033,100873,53494.7626,161519.2596,108024.497,498475.2777,530.318,1601.214,1070.896,liability
toyota,EU27,2024,ES,S2,10,2034,100873,46267.53,161474.1234,115206.5934,613681.8711,458.6711,1600.7665,1142.0954,liability
toyota,EU27,2024,ES,S2,11,2035,100873,40016.7084,161432.8507,121416.1423,735098.0134,396.7039,1600.3574,1203.6535,liability
toyota,EU27,2024,ES,S2,12,2036,100873,34610.3838,161395.1111,126784.7273,861882.7407,343.1085,1599.9833,1256.8748,liability
toyota,EU27,2024,ES,S2,13,2037,100873,29934.4624,161360.6018,131426.1394,993308.8801,296.754,1599.6412,1302.8872,liability
toyota,EU27,2024,ES,S2,14,2038,100873,25890.2662,161329.0467,135438.7805,1128747.6606,256.662,1599.3283,1342.6663,liability
toyota,EU27,2024,ES,S2,15,2039,100873,22392.4475,161300.1926,138907.7451,1267655.4057,221.9865,1599.0423,1377.0558,liability
toyota,EU27,2024,ES,S2,16,2040,100873,19367.19,161273.8085,141906.6185,1409562.0242,191.9958,1598.7807,1406.785,liability
toyota,EU27,2024,ES,S2,17,2041,100873,16750.6504,161249.6827,144499.0323,1554061.0565,166.0568,1598.5416,1432.4847,liability
toyota,EU27,2024,ES,S2,18,2042,100873,14487.6093,161227.6221,146740.0128,1700801.0693,143.6223,1598.3229,1454.7006,liability
toyota,EU27,2024,ES,S2,19,2043,100873,12530.309,161207.4499,148677.1409,1849478.2102,124.2187,1598.1229,1473.9042,liability
toyota,EU27,2024,ES,S2,20,2044,100873,10837.4425,161189.0046,150351.5621,1999829.7723,107.4365,1597.94,1490.5035,liability
toyota,EU27,2024,FI,S1,0,2024,12449,16470.3616,14748.973,-1721.3886,-1721.3886,1323.0269,1184.7516,-138.2753,contribution
toyota,EU27,2024,FI,S1,1,2025,12449,14942.7986,14732.2401,-210.5585,-1931.9471,1200.3212,1183.4075,-16.9137,contribution
toyota,EU27,2024,FI,S1,2,2026,12449,13556.9112,14717.3239,1160.4127,-771.5344,1088.996,1182.2093,93.2133,liability
toyota,EU27,2024,FI,S1,3,2027,12449,12299.5592,14704.0272,2404.468,1632.9336,987.9958,1181.1412,193.1455,liability
toyota,EU27,2024,FI,S1,4,2028,12449,11158.8223,14692.1743,3533.352,5166.2856,896.3629,1180.1891,283.8262,liability
toyota,EU27,2024,FI,S1,5,2029,12449,10123.8838,14681.6082,4557.7244,9724.01,813.2287,1179.3404,366.1117,liability
toyota,EU27,2024,FI,S1,6,2030,12449,9184.932,14672.1895,5487.2575,15211.2675,737.8048,1178.5838,440.779,liability
toyota,EU27,2024,FI,S1,7,2031,12449,8333.0649,14663.7934,6330.7285,21541.996,669.3762,1177.9093,508.5331,liability
toyota,EU27,2024,FI,S1,8,2032,12449,7560.2046,14656.3087,7096.1041,28638.1001,607.2941,1177.3081,570.014,liability
toyota,EU27,2024,FI,S1,9,2033,12449,6859.0245,14649.6369,7790.6124,36428.7125,550.9699,1176.7722,625.8023,liability
toyota,EU27,2024,FI,S1,10,2034,12449,6222.8763,14643.6893,8420.813,44849.5255,499.8696,1176.2944,676.4249,liability
toyota,EU27,2024,FI,S1,11,2035,12449,5645.728,14638.3878,8992.6598,53842.1853,453.5086,1175.8686,722.36,liability
toyota,EU27,2024,FI,S1,12,2036,12449,5122.1082,14633.6615,9511.5533,63353.7386,411.4474,1175.4889,764.0416,liability
toyota,EU27,2024,FI,S1,13,2037,12449,4647.0526,14629.4486,9982.396,73336.1346,373.2872,1175.1505,801.8633,liability
toyota,EU27,2024,FI,S1,14,2038,12449,4216.0563,14625.6931,10409.6368,83745.7714,338.6663,1174.8488,836.1826,liability
toyota,EU27,2024,FI,S1,15,2039,12449,3825.0331,14622.3453,10797.3122,94543.0836,307.2563,1174.5799,867.3237,liability
toyota,EU27,2024,FI,S1,16,2040,12449,3470.2758,14619.3611,11149.0853,105692.1689,278.7594,1174.3402,895.5808,liability
toyota,EU27,2024,FI,S1,17,2041,12449,3148.4208,14616.7009,11468.2801,117160.449,252.9055,1174.1265,921.221,liability
toyota,EU27,2024,FI,S1,18,2042,12449,2856.4164,14614.3294,11757.913,128918.362,229.4495,1173.936,944.4865,liability
toyota,EU27,2024,FI,S1,19,2043,12449,2591.4949,14612.2155,12020.7206,140939.0826,208.1689,1173.7662,965.5973,liability
toyota,EU27,2024,FI,S1,20,2044,12449,2351.1439,14610.3311,12259.1872,153198.2698,188.8621,1173.6148,984.7528,liability
toyota,EU27,2024,FI,S1,21,2045,12449,2133.0839,14608.6512,12475.5673,165673.8371,171.3458,1173.4799,1002.1341,liability
toyota,EU27,2024,FI,S1,22,2046,12449,1935.2488,14607.1539,12671.9051,178345.7422,155.4542,1173.3596,1017.9055,liability
toyota,EU27,2024,FI,S2,0,2024,12449,16470.3616,14748.973,-1721.3886,-1721.3886,1323.0269,1184.7516,-138.2753,contribution
toyota,EU27,2024,FI,S2,1,2025,12449,14245.1884,14735.781,490.5926,-1230.796,1144.2837,1183.6919,39.4082,liability
toyota,EU27,2024,FI,S2,2,2026,12449,12320.6393,14723.7182,2403.0789,1172.2829,989.6891,1182.723,193.0339,liability
toyota,EU27,2024,FI,S2,3,2027,12449,10656.0999,14712.688,4056.5881,5228.871,855.9804,1181.8369,325.8565,liability
toyota,EU27,2024,FI,S2,4,2028,12449,9216.443,14702.6017,5486.1587,10715.0297,740.336,1181.0267,440.6907,liability
toyota,EU27,2024,FI,S2,5,2029,12449,7971.2858,14693.3792,6722.0934,17437.1231,640.3154,1180.2859,539.9706,liability
toyota,EU27,2024,FI,S2,6,2030,12449,6894.3518,14684.9457,7790.5939,25227.717,553.8077,1179.6085,625.8008,liability
toyota,EU27,2024,FI,S2,7,2031,12449,5962.9132,14677.2344,8714.3212,33942.0382,478.9873,1178.989,700.0017,liability
toyota,EU27,2024,FI,S2,8,2032,12449,5157.3137,14670.1832,9512.8695,43454.9077,414.2753,1178.4226,764.1473,liability
toyota,EU27,2024,FI,S2,9,2033,12449,4460.5519,14663.7355,10203.1836,53658.0913,358.306,1177.9047,819.5987,liability
toyota,EU27,2024,FI,S2,10,2034,12449,3857.9237,14657.8397,10799.916,64458.0073,309.8983,1177.4311,867.5328,liability
toyota,EU27,2024,FI,S2,11,2035,12449,3336.7118,14652.4486,11315.7368,75773.7441,268.0305,1176.998,908.9675,liability
toyota,EU27,2024,FI,S2,12,2036,12449,2885.9164,14647.5191,11761.6027,87535.3468,231.8191,1176.6021,944.7829,liability
toyota,EU27,2024,FI,S2,13,2037,12449,2496.0243,14643.0116,12146.9873,99682.3341,200.5,1176.24,975.74,liability
toyota,EU27,2024,FI,S2,14,2038,12449,2158.807,14638.8897,12480.0827,112162.4168,173.4121,1175.9089,1002.4968,liability
toyota,EU27,2024,FI,S2,15,2039,12449,1867.1488,14635.1208,12767.972,124930.3888,149.9838,1175.6061,1025.6223,liability
toyota,EU27,2024,FI,S2,16,2040,12449,1614.8935,14631.6745,13016.781,137947.1698,129.7207,1175.3293,1045.6086,liability
toyota,EU27,2024,FI,S2,17,2041,12449,1396.719,14628.5231,13231.8041,151178.9739,112.1953,1175.0762,1062.8809,liability
toyota,EU27,2024,FI,S2,18,2042,12449,1208.0198,14625.6415,13417.6217,164596.5956,97.0375,1174.8447,1077.8072,liability
toyota,EU27,2024,FI,S2,19,2043,12449,1044.8142,14623.0066,13578.1924,178174.788,83.9276,1174.633,1090.7055,liability
toyota,EU27,2024,FI,S2,20,2044,12449,903.6581,14620.5971,13716.939,191891.727,72.5888,1174.4395,1101.8507,liability
toyota,EU27,2024,FI,S2,21,2045,12449,781.5721,14618.394,13836.8219,205728.5489,62.7819,1174.2625,1111.4806,liability
toyota,EU27,2024,FI,S2,22,2046,12449,675.9807,14616.3795,13940.3988,219668.9477,54.3,1174.1007,1119.8007,liability
toyota,EU27,2024,FR,S1,0,2024,134464,223790.5122,188803.0602,-34987.452,-34987.452,1664.3154,1404.116,-260.1994,contribution
toyota,EU27,2024,FR,S1,1,2025,134464,219252.2158,188787.9287,-30464.2871,-65451.7391,1630.5644,1404.0035,-226.5609,contribution
toyota,EU27,2024,FR,S1,2,2026,134464,214805.9525,188773.2744,-26032.6781,-91484.4172,1597.4979,1403.8945,-193.6033,contribution
toyota,EU27,2024,FR,S1,3,2027,134464,210449.8559,188759.0829,-21690.773,-113175.1902,1565.1019,1403.789,-161.3129,contribution
toyota,EU27,2024,FR,S1,4,2028,134464,206182.0978,188745.3392,-17436.7586,-130611.9488,1533.3628,1403.6868,-129.676,contribution
toyota,EU27,2024,FR,S1,5,2029,134464,202000.8864,188732.029,-13268.8574,-143880.8062,1502.2674,1403.5878,-98.6796,contribution
toyota,EU27,2024,FR,S1,6,2030,134464,197904.4662,188719.1392,-9185.327,-153066.1332,1471.8026,1403.4919,-68.3107,contribution
toyota,EU27,2024,FR,S1,7,2031,134464,193891.1187,188706.656,-5184.4627,-158250.5959,1441.9556,1403.3991,-38.5565,contribution
toyota,EU27,2024,FR,S1,8,2032,134464,189959.1588,188694.5668,-1264.592,-159515.1879,1412.7139,1403.3092,-9.4047,contribution
toyota,EU27,2024,FR,S1,9,2033,134464,186106.9356,188682.8592,2575.9236,-156939.2643,1384.0651,1403.2221,19.157,liability
toyota,EU27,2024,FR,S1,10,2034,134464,182332.833,188671.5212,6338.6882,-150600.5761,1355.9974,1403.1378,47.1404,liability
toyota,EU27,2024,FR,S1,11,2035,134464,178635.2661,188660.5408,10025.2747,-140575.3014,1328.4988,1403.0561,74.5573,liability
toyota,EU27,2024,FR,S1,12,2036,134464,175012.6825,188649.9069,13637.2244,-126938.077,1301.5579,1402.9771,101.4191,liability
toyota,EU27,2024,FR,S1,13,2037,134464,171463.5621,188639.6089,17176.0468,-109762.0302,1275.1633,1402.9005,127.7371,liability
toyota,EU27,2024,FR,S1,14,2038,134464,167986.4157,188629.6358,20643.2201,-89118.8101,1249.304,1402.8263,153.5223,liability
toyota,EU27,2024,FR,S1,15,2039,134464,164579.7824,188619.9773,24040.1949,-65078.6152,1223.9691,1402.7545,178.7854,liability
toyota,EU27,2024,FR,S1,16,2040,134464,161242.2332,188610.6238,27368.3906,-37710.2246,1199.148,1402.6849,203.5369,liability
toyota,EU27,2024,FR,S2,0,2024,134464,223790.5122,188803.0602,-34987.452,-34987.452,1664.3154,1404.116,-260.1994,contribution
toyota,EU27,2024,FR,S2,1,2025,134464,193556.0367,188762.0185,-4794.0182,-39781.4702,1439.4636,1403.8108,-35.6528,contribution
toyota,EU27,2024,FR,S2,2,2026,134464,167406.2896,188724.4899,21318.2003,-18463.2699,1244.9897,1403.5317,158.5421,liability
toyota,EU27,2024,FR,S2,3,2027,134464,144789.4177,188690.174,43900.7563,25437.4864,1076.7895,1403.2765,326.4871,liability
toyota,EU27,2024,FR,S2,4,2028,134464,125228.1233,188658.795,63430.6717,88868.1581,931.3134,1403.0432,471.7298,liability
toyota,EU27,2024,FR,S2,5,2029,134464,108309.5927,188630.1025,80320.5098,169188.6679,805.4914,1402.8298,597.3384,liability
toyota,EU27,2024,FR,S2,6,2030,134464,93676.7841,188603.866,94927.0819,264115.7498,696.6681,1402.6347,705.9665,liability
toyota,EU27,2024,FR,S2,7,2031,134464,81020.8925,188579.8752,107558.9827,371674.7325,602.5471,1402.4562,799.9091,liability
toyota,EU27,2024,FR,S2,8,2032,134464,70074.8333,188557.938,118483.1047,490157.8372,521.142,1402.2931,881.1511,liability
toyota,EU27,2024,FR,S2,9,2033,134464,60607.6051,188537.8788,127930.2737,618088.1109,450.7348,1402.1439,951.4091,liability
toyota,EU27,2024,FR,S2,10,2034,134464,52419.4154,188519.5365,136100.1211,754188.232,389.8398,1402.0075,1012.1677,liability
toyota,EU27,2024,FR,S2,11,2035,134464,45337.4644,188502.7644,143165.3,897353.532,337.1718,1401.8828,1064.711,liability
toyota,EU27,2024,FR,S2,12,2036,134464,39212.2962,188487.4279,149275.1317,1046628.6637,291.6193,1401.7687,1110.1494,liability
toyota,EU27,2024,FR,S2,13,2037,134464,33914.6489,188473.4042,154558.7553,1201187.419,252.221,1401.6644,1149.4434,liability
toyota,EU27,2024,FR,S2,14,2038,134464,29332.7228,188460.581,159127.8582,1360315.2772,218.1455,1401.5691,1183.4235,liability
toyota,EU27,2024,FR,S2,15,2039,134464,25369.8222,188448.8555,163079.0333,1523394.3105,188.6737,1401.4819,1212.8081,liability
toyota,EU27,2024,FR,S2,16,2040,134464,21942.3167,188438.1337,166495.817,1689890.1275,163.1836,1401.4021,1238.2185,liability
toyota,EU27,2024,GR,S1,0,2024,23480,27731.0713,35985.1398,8254.0685,8254.0685,1181.0507,1532.5869,351.5361,liability
toyota,EU27,2024,GR,S1,1,2025,23480,27183.2372,35966.4562,8783.219,17037.2875,1157.7188,1531.7911,374.0724,liability
toyota,EU27,2024,GR,S1,2,2026,23480,26646.2259,35949.1379,9302.912,26340.1995,1134.8478,1531.0536,396.2058,liability
toyota,EU27,2024,GR,S1,3,2027,23480,26119.824,35933.0855,9813.2615,36153.461,1112.4286,1530.3699,417.9413,liability
toyota,EU27,2024,GR,S1,4,2028,23480,25603.8209,35918.2061,10314.3852,46467.8462,1090.4523,1529.7362,439.2839,liability
toyota,EU27,2024,GR,S1,5,2029,23480,25098.0112,35904.4141,10806.4029,57274.2491,1068.9102,1529.1488,460.2386,liability
toyota,EU27,2024,GR,S1,6,2030,23480,24602.1945,35891.63,11289.4355,68563.6846,1047.7936,1528.6043,480.8107,liability
toyota,EU27,2024,GR,S1,7,2031,23480,24116.1724,35879.7802,11763.6078,80327.2924,1027.0942,1528.0997,501.0054,liability
toyota,EU27,2024,GR,S1,8,2032,23480,23639.7516,35868.7964,12229.0448,92556.3372,1006.8037,1527.6319,520.8281,liability
toyota,EU27,2024,GR,S1,9,2033,23480,23172.7429,35858.6152,12685.8723,105242.2095,986.9141,1527.1983,540.2842,liability
toyota,EU27,2024,GR,S1,10,2034,23480,22714.9599,35849.1783,13134.2184,118376.4279,967.4174,1526.7964,559.379,liability
toyota,EU27,2024,GR,S1,11,2035,23480,22266.2207,35840.4311,13574.2104,131950.6383,948.3058,1526.4238,578.118,liability
toyota,EU27,2024,GR,S1,12,2036,23480,21826.3465,35832.323,14005.9765,145956.6148,929.5718,1526.0785,596.5067,liability
toyota,EU27,2024,GR,S1,13,2037,23480,21395.1621,35824.8073,14429.6452,160386.26,911.2079,1525.7584,614.5505,liability
toyota,EU27,2024,GR,S1,14,2038,23480,20972.4954,35817.841,14845.3456,175231.6056,893.2068,1525.4617,632.2549,liability
toyota,EU27,2024,GR,S1,15,2039,23480,20558.1792,35811.384,15253.2048,190484.8104,875.5613,1525.1867,649.6254,liability
toyota,EU27,2024,GR,S1,16,2040,23480,20152.0477,35805.3986,15653.3509,206138.1613,858.2644,1524.9318,666.6674,liability
toyota,EU27,2024,GR,S1,17,2041,23480,19753.9391,35799.8507,16045.9116,222184.0729,841.3092,1524.6955,683.3864,liability
toyota,EU27,2024,GR,S1,18,2042,23480,19363.6955,35794.7082,16431.0127,238615.0856,824.6889,1524.4765,699.7876,liability
toyota,EU27,2024,GR,S2,0,2024,23480,27731.0713,35985.1398,8254.0685,8254.0685,1181.0507,1532.5869,351.5361,liability
toyota,EU27,2024,GR,S2,1,2025,23480,23984.557,35963.2558,11978.6988,20232.7673,1021.4888,1531.6548,510.166,liability
toyota,EU27,2024,GR,S2,2,2026,23480,20744.2026,35943.245,15199.0424,35431.8097,883.4839,1530.8026,647.3187,liability
toyota,EU27,2024,GR,S2,3,2027,23480,17941.626,35924.9471,17983.3211,53415.1308,764.1238,1530.0233,765.8995,liability
toyota,EU27,2024,GR,S2,4,2028,23480,15517.682,35908.2156,20390.5336,73805.6644,660.8894,1529.3107,868.4214,liability
toyota,EU27,2024,GR,S2,5,2029,23480,13421.2169,35892.9163,22471.6994,96277.3638,571.6021,1528.6591,957.057,liability
toyota,EU27,2024,GR,S2,6,2030,23480,11607.9878,35878.9265,24270.9387,120548.3025,494.3777,1528.0633,1033.6856,liability
toyota,EU27,2024,GR,S2,7,2031,23480,10039.7292,35866.1343,25826.4051,146374.7076,427.5864,1527.5185,1099.9321,liability
toyota,EU27,2024,GR,S2,8,2032,23480,8683.3448,35854.4372,27171.0924,173545.8,369.8188,1527.0203,1157.2016,liability
toyota,EU27,2024,GR,S2,9,2033,23480,7510.2105,35843.7413,28333.5308,201879.3308,319.8556,1526.5648,1206.7091,liability
toyota,EU27,2024,GR,S2,10,2034,23480,6495.5682,35833.961,29338.3928,231217.7236,276.6426,1526.1483,1249.5057,liability
toyota,EU27,2024,GR,S2,11,2035,23480,5618.0057,35825.0178,30207.0121,261424.7357,239.2677,1525.7674,1286.4997,liability
toyota,EU27,2024,GR,S2,12,2036,23480,4859.0039,35816.8402,30957.8363,292382.572,206.9422,1525.4191,1318.4768,liability
toyota,EU27,2024,GR,S2,13,2037,23480,4202.5444,35809.3626,31606.8182,323989.3902,178.984,1525.1006,1346.1166,liability
toyota,EU27,2024,GR,S2,14,2038,23480,3634.7735,35802.525,32167.7515,356157.1417,154.803,1524.8094,1370.0065,liability
toyota,EU27,2024,GR,S2,15,2039,23480,3143.7097,35796.2729,32652.5632,388809.7049,133.8888,1524.5431,1390.6543,liability
toyota,EU27,2024,GR,S2,16,2040,23480,2718.989,35790.5557,33071.5667,421881.2716,115.8002,1524.2996,1408.4994,liability
toyota,EU27,2024,GR,S2,17,2041,23480,2351.6491,35785.3282,33433.6791,455314.9507,100.1554,1524.077,1423.9216,liability
toyota,EU27,2024,GR,S2,18,2042,23480,2033.9372,35780.548,33746.6108,489061.5615,86.6242,1523.8734,1437.2492,liability
toyota,EU27,2024,HR,S1,0,2024,4224,11523.7914,7496.7493,-4027.0421,-4027.0421,2728.1703,1774.7986,-953.3717,contribution
toyota,EU27,2024,HR,S1,1,2025,4224,11454.2357,7495.2601,-3958.9756,-7986.0177,2711.7035,1774.446,-937.2575,contribution
toyota,EU27,2024,HR,S1,2,2026,4224,11385.0996,7493.8312,-3891.2684,-11877.2861,2695.3361,1774.1078,-921.2283,contribution
toyota,EU27,2024,HR,S1,3,2027,4224,11316.3814,7492.4605,-3823.9209,-15701.207,2679.0676,1773.7833,-905.2843,contribution
toyota,EU27,2024,HR,S1,4,2028,4224,11248.078,7491.1453,-3756.9327,-19458.1397,2662.8973,1773.4719,-889.4254,contribution
toyota,EU27,2024,HR,S1,5,2029,4224,11180.1862,7489.8835,-3690.3027,-23148.4424,2646.8244,1773.1732,-873.6512,contribution
toyota,EU27,2024,HR,S1,6,2030,4224,11112.7042,7488.673,-3624.0312,-26772.4736,2630.8485,1772.8866,-857.9619,contribution
toyota,EU27,2024,HR,S1,7,2031,4224,11045.6299,7487.5115,-3558.1184,-30330.592,2614.9692,1772.6116,-842.3576,contribution
toyota,EU27,2024,HR,S1,8,2032,4224,10978.9608,7486.3973,-3492.5635,-33823.1555,2599.1858,1772.3478,-826.8379,contribution
toyota,EU27,2024,HR,S1,9,2033,4224,10912.6937,7485.3284,-3427.3653,-37250.5208,2583.4976,1772.0948,-811.4028,contribution
toyota,EU27,2024,HR,S1,10,2034,4224,10846.8262,7484.3026,-3362.5236,-40613.0444,2567.9039,1771.8519,-796.052,contribution
toyota,EU27,2024,HR,S1,11,2035,4224,10781.3565,7483.3186,-3298.0379,-43911.0823,2552.4045,1771.619,-780.7855,contribution
toyota,EU27,2024,HR,S1,12,2036,4224,10716.2823,7482.3746,-3233.9077,-47144.99,2536.9987,1771.3955,-765.6031,contribution
toyota,EU27,2024,HR,S1,13,2037,4224,10651.6008,7481.4689,-3170.1319,-50315.1219,2521.6858,1771.1811,-750.5047,contribution
toyota,EU27,2024,HR,S1,14,2038,4224,10587.3094,7480.5998,-3106.7096,-53421.8315,2506.4653,1770.9753,-735.49,contribution
toyota,EU27,2024,HR,S1,15,2039,4224,10523.4061,7479.7663,-3043.6398,-56465.4713,2491.3367,1770.778,-720.5587,contribution
toyota,EU27,2024,HR,S1,16,2040,4224,10459.8889,7478.9663,-2980.9226,-59446.3939,2476.2995,1770.5886,-705.7108,contribution
toyota,EU27,2024,HR,S1,17,2041,4224,10396.7547,7478.199,-2918.5557,-62364.9496,2461.3529,1770.407,-690.946,contribution
toyota,EU27,2024,HR,S1,18,2042,4224,10334.0014,7477.4627,-2856.5387,-65221.4883,2446.4965,1770.2326,-676.2639,contribution
toyota,EU27,2024,HR,S1,19,2043,4224,10271.6273,7476.7563,-2794.871,-68016.3593,2431.7299,1770.0654,-661.6645,contribution
toyota,EU27,2024,HR,S2,0,2024,4224,11523.7914,7496.7493,-4027.0421,-4027.0421,2728.1703,1774.7986,-953.3717,contribution
toyota,EU27,2024,HR,S2,1,2025,4224,9966.9078,7493.6087,-2473.2991,-6500.3412,2359.5899,1774.0551,-585.5348,contribution
toyota,EU27,2024,HR,S2,2,2026,4224,8620.3615,7490.7373,-1129.6242,-7629.9654,2040.8053,1773.3753,-267.43,contribution
toyota,EU27,2024,HR,S2,3,2027,4224,7455.7365,7488.1114,32.3749,-7597.5905,1765.0891,1772.7536,7.6645,liability
toyota,EU27,2024,HR,S2,4,2028,4224,6448.4535,7485.7103,1037.2568,-6560.3337,1526.6225,1772.1852,245.5627,liability
toyota,EU27,2024,HR,S2,5,2029,4224,5577.2566,7483.5148,1906.2582,-4654.0755,1320.3732,1771.6654,451.2922,liability
toyota,EU27,2024,HR,S2,6,2030,4224,4823.7601,7481.5073,2657.7472,-1996.3283,1141.9887,1771.1902,629.2015,liability
toyota,EU27,2024,HR,S2,7,2031,4224,4172.0618,7479.6716,3307.6098,1311.2815,987.704,1770.7556,783.0516,liability
toyota,EU27,2024,HR,S2,8,2032,4224,3608.4095,7477.9931,3869.5836,5180.8651,854.2636,1770.3582,916.0946,liability
toyota,EU27,2024,HR,S2,9,2033,4224,3120.9073,7476.4581,4355.5508,9536.4159,738.8512,1769.9948,1031.1437,liability
toyota,EU27,2024,HR,S2,10,2034,4224,2699.2673,7475.0546,4775.7873,14312.2032,639.0311,1769.6625,1130.6315,liability
toyota,EU27,2024,HR,S2,11,2035,4224,2334.5922,7473.7711,5139.1789,19451.3821,552.697,1769.3587,1216.6617,liability
toyota,EU27,2024,HR,S2,12,2036,4224,2019.1844,7472.5976,5453.4132,24904.7953,478.0266,1769.0809,1291.0543,liability
toyota,EU27,2024,HR,S2,13,2037,4224,1746.389,7471.5247,5725.1357,30629.931,413.4444,1768.8269,1355.3825,liability
toyota,EU27,2024,HR,S2,14,2038,4224,1510.4492,7470.5433,5960.0941,36590.0251,357.5874,1768.5945,1411.0071,liability
toyota,EU27,2024,HR,S2,15,2039,4224,1306.3851,7469.6462,6163.2611,42753.2862,309.2768,1768.3821,1459.1054,liability
toyota,EU27,2024,HR,S2,16,2040,4224,1129.8905,7468.8258,6338.9353,49092.2215,267.493,1768.1879,1500.6949,liability
toyota,EU27,2024,HR,S2,17,2041,4224,977.2402,7468.0755,6490.8353,55583.0568,231.3542,1768.0103,1536.6561,liability
toyota,EU27,2024,HR,S2,18,2042,4224,845.2134,7467.3897,6622.1763,62205.2331,200.0979,1767.8479,1567.7501,liability
toyota,EU27,2024,HR,S2,19,2043,4224,731.0236,7466.7624,6735.7388,68940.9719,173.0643,1767.6994,1594.6351,liability
toyota,EU27,2024,HU,S1,0,2024,14274,25664.1681,23792.4241,-1871.744,-1871.744,1797.9661,1666.8365,-131.1296,contribution
toyota,EU27,2024,HU,S1,1,2025,14274,25546.7597,23786.8687,-1759.891,-3631.635,1789.7408,1666.4473,-123.2935,contribution
toyota,EU27,2024,HU,S1,2,2026,14274,25429.8882,23781.617,-1648.2712,-5279.9062,1781.553,1666.0794,-115.4737,contribution
toyota,EU27,2024,HU,S1,3,2027,14274,25313.5509,23776.6524,-1536.8985,-6816.8047,1773.4028,1665.7316,-107.6712,contribution
toyota,EU27,2024,HU,S1,4,2028,14274,25197.7464,23771.9593,-1425.7871,-8242.5918,1765.2898,1665.4028,-99.887,contribution
toyota,EU27,2024,HU,S1,5,2029,14274,25082.4714,23767.5227,-1314.9487,-9557.5405,1757.2139,1665.092,-92.1219,contribution
toyota,EU27,2024,HU,S1,6,2030,14274,24967.7237,23763.3285,-1204.3952,-10761.9357,1749.175,1664.7981,-84.3769,contribution
toyota,EU27,2024,HU,S1,7,2031,14274,24853.5012,23759.3637,-1094.1375,-11856.0732,1741.1728,1664.5204,-76.6525,contribution
toyota,EU27,2024,HU,S1,8,2032,14274,24739.8008,23755.6156,-984.1852,-12840.2584,1733.2073,1664.2578,-68.9495,contribution
toyota,EU27,2024,HU,S1,9,2033,14274,24626.6212,23752.0724,-874.5488,-13714.8072,1725.2782,1664.0096,-61.2687,contribution
toyota,EU27,2024,HU,S1,10,2034,14274,24513.9588,23748.723,-765.2358,-14480.043,1717.3854,1663.7749,-53.6105,contribution
toyota,EU27,2024,HU,S1,11,2035,14274,24401.812,23745.5566,-656.2554,-15136.2984,1709.5287,1663.5531,-45.9756,contribution
toyota,EU27,2024,HU,S1,12,2036,14274,24290.1784,23742.5632,-547.6152,-15683.9136,1701.7079,1663.3434,-38.3645,contribution
toyota,EU27,2024,HU,S1,13,2037,14274,24179.0556,23739.7337,-439.3219,-16123.2355,1693.9229,1663.1451,-30.7778,contribution
toyota,EU27,2024,HU,S1,14,2038,14274,24068.4409,23737.0587,-331.3822,-16454.6177,1686.1735,1662.9577,-23.2158,contribution
toyota,EU27,2024,HU,S1,15,2039,14274,23958.3322,23734.53,-223.8022,-16678.4199,1678.4596,1662.7806,-15.679,contribution
toyota,EU27,2024,HU,S1,16,2040,14274,23848.7272,23732.1395,-116.5877,-16795.0076,1670.7809,1662.6131,-8.1678,contribution
toyota,EU27,2024,HU,S1,17,2041,14274,23739.6237,23729.8796,-9.7441,-16804.7517,1663.1374,1662.4548,-0.6826,contribution
toyota,EU27,2024,HU,S1,18,2042,14274,23631.0192,23727.7434,96.7242,-16708.0275,1655.5289,1662.3051,6.7763,liability
toyota,EU27,2024,HU,S1,19,2043,14274,23522.9121,23725.7239,202.8118,-16505.2157,1647.9552,1662.1636,14.2085,liability
toyota,EU27,2024,HU,S1,20,2044,14274,23415.2992,23723.8148,308.5156,-16196.7001,1640.4161,1662.0299,21.6138,liability
toyota,EU27,2024,HU,S1,21,2045,14274,23308.1784,23722.01,413.8316,-15782.8685,1632.9115,1661.9035,28.992,liability
toyota,EU27,2024,HU,S2,0,2024,14274,25664.1681,23792.4241,-1871.744,-1871.744,1797.9661,1666.8365,-131.1296,contribution
toyota,EU27,2024,HU,S2,1,2025,14274,22196.8959,23783.7253,1586.8294,-284.9146,1555.0579,1666.2271,111.1692,liability
toyota,EU27,2024,HU,S2,2,2026,14274,19198.0579,23775.7709,4577.713,4292.7984,1344.9669,1665.6698,320.7029,liability
toyota,EU27,2024,HU,S2,3,2027,14274,16604.3678,23768.4975,7164.1297,11456.9281,1163.2596,1665.1603,501.9006,liability
toyota,EU27,2024,HU,S2,4,2028,14274,14361.0898,23761.8468,9400.757,20857.6851,1006.1013,1664.6943,658.593,liability
toyota,EU27,2024,HU,S2,5,2029,14274,12420.8823,23755.7653,11334.883,32192.5681,870.1753,1664.2683,794.093,liability
toyota,EU27,2024,HU,S2,6,2030,14274,10742.8003,23750.2043,13007.404,45199.9721,752.6132,1663.8787,911.2655,liability
toyota,EU27,2024,HU,S2,7,2031,14274,9291.4297,23745.1195,14453.6898,59653.6619,650.9338,1663.5225,1012.5886,liability
toyota,EU27,2024,HU,S2,8,2032,14274,8036.1422,23740.4698,15704.3276,75357.9895,562.9916,1663.1967,1100.2051,liability
toyota,EU27,2024,HU,S2,9,2033,14274,6950.4454,23736.2181,16785.7727,92143.7622,486.9305,1662.8988,1175.9684,liability
toyota,EU27,2024,HU,S2,10,2034,14274,6011.4287,23732.3306,17720.9019,109864.6641,421.1453,1662.6265,1241.4811,liability
toyota,EU27,2024,HU,S2,11,2035,14274,5199.2745,23728.7756,18529.5011,128394.1652,364.2479,1662.3774,1298.1295,liability
toyota,EU27,2024,HU,S2,12,2036,14274,4496.8437,23725.5251,19228.6814,147622.8466,315.0374,1662.1497,1347.1123,liability
toyota,EU27,2024,HU,S2,13,2037,14274,3889.3125,23722.5526,19833.2401,167456.0867,272.4753,1661.9415,1389.4662,liability
toyota,EU27,2024,HU,S2,14,2038,14274,3363.8601,23719.8348,20355.9747,187812.0614,235.6635,1661.7511,1426.0876,liability
toyota,EU27,2024,HU,S2,15,2039,14274,2909.3968,23717.3496,20807.9528,208620.0142,203.8249,1661.577,1457.7521,liability
toyota,EU27,2024,HU,S2,16,2040,14274,2516.3326,23715.077,21198.7444,229818.7586,176.2878,1661.4178,1485.1299,liability
toyota,EU27,2024,HU,S2,17,2041,14274,2176.372,23712.9991,21536.6271,251355.3857,152.4711,1661.2722,1508.8011,liability
toyota,EU27,2024,HU,S2,18,2042,14274,1882.3402,23711.099,21828.7588,273184.1445,131.8719,1661.1391,1529.2671,liability
toyota,EU27,2024,HU,S2,19,2043,14274,1628.033,23709.3614,22081.3284,295265.4729,114.0558,1661.0173,1546.9615,liability
toyota,EU27,2024,HU,S2,20,2044,14274,1408.0828,23707.7729,22299.6901,317565.163,98.6467,1660.906,1562.2594,liability
toyota,EU27,2024,HU,S2,21,2045,14274,1217.8486,23706.3202,22488.4716,340053.6346,85.3194,1660.8043,1575.4849,liability
toyota,EU27,2024,IE,S1,0,2024,17079,37839.1574,32211.6108,-5627.5466,-5627.5466,2215.5371,1886.0361,-329.5009,contribution
toyota,EU27,2024,IE,S1,1,2025,17079,36603.3224,32168.5389,-4434.7835,-10062.3301,2143.1771,1883.5142,-259.6629,contribution
toyota,EU27,2024,IE,S1,2,2026,17079,35407.8498,32127.705,-3280.1448,-13342.4749,2073.1805,1881.1233,-192.0572,contribution
toyota,EU27,2024,IE,S1,3,2027,17079,34251.4218,32088.993,-2162.4288,-15504.9037,2005.47,1878.8567,-126.6133,contribution
toyota,EU27,2024,IE,S1,4,2028,17079,33132.7629,32052.2925,-1080.4704,-16585.3741,1939.9709,1876.7078,-63.2631,contribution
toyota,EU27,2024,IE,S1,5,2029,17079,32050.6395,32017.4989,-33.1406,-16618.5147,1876.611,1874.6706,-1.9404,contribution
toyota,EU27,2024,IE,S1,6,2030,17079,31003.8584,31984.5133,980.6549,-15637.8598,1815.3205,1872.7392,57.4188,liability
toyota,EU27,2024,IE,S1,7,2031,17079,29991.2658,31953.2415,1961.9757,-13675.8841,1756.0317,1870.9082,114.8765,liability
toyota,EU27,2024,IE,S1,8,2032,17079,29011.7446,31923.5948,2911.8502,-10764.0339,1698.6793,1869.1724,170.493,liability
toyota,EU27,2024,IE,S1,9,2033,17079,28064.2145,31895.4885,3831.274,-6932.7599,1643.2001,1867.5267,224.3266,liability
toyota,EU27,2024,IE,S1,10,2034,17079,27147.631,31868.8426,4721.2116,-2211.5483,1589.5328,1865.9665,276.4337,liability
toyota,EU27,2024,IE,S1,11,2035,17079,26260.9833,31843.5812,5582.5979,3371.0496,1537.6183,1864.4875,326.8691,liability
toyota,EU27,2024,IE,S1,12,2036,17079,25403.294,31819.6325,6416.3385,9787.3881,1487.3994,1863.0852,375.6858,liability
toyota,EU27,2024,IE,S1,13,2037,17079,24573.6169,31796.9282,7223.3113,17010.6994,1438.8206,1861.7559,422.9353,liability
toyota,EU27,2024,IE,S1,14,2038,17079,23771.0372,31775.4035,8004.3663,25015.0657,1391.8284,1860.4956,468.6672,liability
toyota,EU27,2024,IE,S1,15,2039,17079,22994.6701,31754.9975,8760.3274,33775.3931,1346.371,1859.3007,512.9298,liability
toyota,EU27,2024,IE,S1,16,2040,17079,22243.6591,31735.6516,9491.9925,43267.3856,1302.3982,1858.168,555.7698,liability
toyota,EU27,2024,IE,S1,17,2041,17079,21517.1762,31717.3111,10200.1349,53467.5205,1259.8616,1857.0942,597.2326,liability
toyota,EU27,2024,IE,S1,18,2042,17079,20814.4205,31699.9233,10885.5028,64353.0233,1218.7142,1856.0761,637.3618,liability
toyota,EU27,2024,IE,S2,0,2024,17079,37839.1574,32211.6108,-5627.5466,-5627.5466,2215.5371,1886.0361,-329.5009,contribution
toyota,EU27,2024,IE,S2,1,2025,17079,32727.0235,32140.6545,-586.369,-6213.9156,1916.2143,1881.8815,-34.3327,contribution
toyota,EU27,2024,IE,S2,2,2026,17079,28305.5473,32075.7722,3770.2249,-2443.6907,1657.3305,1878.0826,220.7521,liability
toyota,EU27,2024,IE,S2,3,2027,17079,24481.4202,32016.4438,7535.0236,5091.3329,1433.4223,1874.6088,441.1865,liability
toyota,EU27,2024,IE,S2,4,2028,17079,21173.9393,31962.1939,10788.2546,15879.5875,1239.7646,1871.4324,631.6678,liability
toyota,EU27,2024,IE,S2,5,2029,17079,18313.3044,31912.5876,13599.2832,29478.8707,1072.2703,1868.5279,796.2576,liability
toyota,EU27,2024,IE,S2,6,2030,17079,15839.1461,31867.2278,16028.0817,45506.9524,927.4048,1865.872,938.4672,liability
toyota,EU27,2024,IE,S2,7,2031,17079,13699.2507,31825.7507,18126.5,63633.4524,802.1108,1863.4435,1061.3326,liability
toyota,EU27,2024,IE,S2,8,2032,17079,11848.4588,31787.8241,19939.3653,83572.8177,693.7443,1861.2228,1167.4785,liability
toyota,EU27,2024,IE,S2,9,2033,17079,10247.712,31753.144,21505.432,105078.2497,600.0183,1859.1922,1259.174,liability
toyota,EU27,2024,IE,S2,10,2034,17079,8863.2289,31721.4324,22858.2035,127936.4532,518.9548,1857.3355,1338.3807,liability
toyota,EU27,2024,IE,S2,11,2035,17079,7665.7916,31692.4355,24026.6439,151963.0971,448.8431,1855.6377,1406.7945,liability
toyota,EU27,2024,IE,S2,12,2036,17079,6630.1304,31665.9205,25035.7901,176998.8872,388.2037,1854.0852,1465.8815,liability
toyota,EU27,2024,IE,S2,13,2037,17079,5734.3886,31641.6754,25907.2868,202906.174,335.7567,1852.6656,1516.9089,liability
toyota,EU27,2024,IE,S2,14,2038,17079,4959.663,31619.5056,26659.8426,229566.0166,290.3954,1851.3675,1560.9721,liability
toyota,EU27,2024,IE,S2,15,2039,17079,4289.6041,31599.2335,27309.6294,256875.646,251.1625,1850.1805,1599.0181,liability
toyota,EU27,2024,IE,S2,16,2040,17079,3710.0712,31580.6968,27870.6256,284746.2716,217.23,1849.0952,1631.8652,liability
toyota,EU27,2024,IE,S2,17,2041,17079,3208.8346,31563.7466,28354.912,313101.1836,187.8819,1848.1027,1660.2209,liability
toyota,EU27,2024,IE,S2,18,2042,17079,2775.3156,31548.2475,28772.9319,341874.1155,162.4987,1847.1952,1684.6965,liability
toyota,EU27,2024,IT,S1,0,2024,122924,194108.816,186854.803,-7254.013,-7254.013,1579.0962,1520.084,-59.0122,contribution
toyota,EU27,2024,IT,S1,1,2025,122924,190632.1529,186807.8412,-3824.3117,-11078.3247,1550.8131,1519.7019,-31.1112,contribution
toyota,EU27,2024,IT,S1,2,2026,122924,187217.7594,186762.2448,-455.5146,-11533.8393,1523.0367,1519.331,-3.7057,contribution
toyota,EU27,2024,IT,S1,3,2027,122924,183864.5221,186717.9737,2853.4516,-8680.3877,1495.7577,1518.9709,23.2131,liability
toyota,EU27,2024,IT,S1,4,2028,122924,180571.3434,186674.9896,6103.6462,-2576.7415,1468.9674,1518.6212,49.6538,liability
toyota,EU27,2024,IT,S1,5,2029,122924,177337.1485,186633.2549,9296.1064,6719.3649,1442.6568,1518.2817,75.6248,liability
toyota,EU27,2024,IT,S1,6,2030,122924,174160.8805,186592.7336,12431.8531,19151.218,1416.8175,1517.952,101.1345,liability
toyota,EU27,2024,IT,S1,7,2031,122924,171041.5025,186553.3901,15511.8876,34663.1056,1391.4411,1517.632,126.1909,liability
toyota,EU27,2024,IT,S1,8,2032,122924,167977.9958,186515.1905,18537.1947,53200.3003,1366.5191,1517.3212,150.8021,liability
toyota,EU27,2024,IT,S1,9,2033,122924,164969.3587,186478.1013,21508.7426,74709.0429,1342.0435,1517.0195,174.9759,liability
toyota,EU27,2024,IT,S1,10,2034,122924,162014.6097,186442.0901,24427.4804,99136.5233,1318.0063,1516.7265,198.7202,liability
toyota,EU27,2024,IT,S1,11,2035,122924,159112.7828,186407.126,27294.3432,126430.8665,1294.3997,1516.4421,222.0424,liability
toyota,EU27,2024,IT,S1,12,2036,122924,156262.9296,186373.1781,30110.2485,156541.115,1271.2158,1516.1659,244.9501,liability
toyota,EU27,2024,IT,S1,13,2037,122924,153464.12,186340.2171,32876.0971,189417.2121,1248.4472,1515.8978,267.4506,liability
toyota,EU27,2024,IT,S1,14,2038,122924,150715.4406,186308.2143,35592.7737,225009.9858,1226.0864,1515.6374,289.5511,liability
toyota,EU27,2024,IT,S1,15,2039,122924,148015.9911,186277.1418,38261.1507,263271.1365,1204.1261,1515.3846,311.2586,liability
toyota,EU27,2024,IT,S1,16,2040,122924,145364.8924,186246.9727,40882.0803,304153.2168,1182.5591,1515.1392,332.5801,liability
toyota,EU27,2024,IT,S1,17,2041,122924,142761.2765,186217.6804,43456.4039,347609.6207,1161.3784,1514.9009,353.5225,liability
toyota,EU27,2024,IT,S1,18,2042,122924,140204.2937,186189.2398,45984.9461,393594.5668,1140.5771,1514.6696,374.0925,liability
toyota,EU27,2024,IT,S2,0,2024,122924,194108.816,186854.803,-7254.013,-7254.013,1579.0962,1520.084,-59.0122,contribution
toyota,EU27,2024,IT,S2,1,2025,122924,167884.3881,186716.5182,18832.1301,11578.1171,1365.7576,1518.959,153.2014,liability
toyota,EU27,2024,IT,S2,2,2026,122924,145202.9237,186590.0705,41387.1468,52965.2639,1181.2414,1517.9304,336.6889,liability
toyota,EU27,2024,IT,S2,3,2027,122924,125585.7645,186474.4468,60888.6823,113853.9462,1021.6537,1516.9897,495.336,liability
toyota,EU27,2024,IT,S2,4,2028,122924,108618.9154,186368.7202,77749.8048,191603.751,883.6266,1516.1296,632.503,liability
toyota,EU27,2024,IT,S2,5,2029,122924,93944.3167,186272.044,92327.7273,283931.4783,764.2472,1515.3432,751.096,liability
toyota,EU27,2024,IT,S2,6,2030,122924,81252.2816,186183.6433,104931.3617,388862.84,660.9961,1514.624,853.6279,liability
toyota,EU27,2024,IT,S2,7,2031,122924,70274.9611,186102.8095,115827.8484,504690.6884,571.6944,1513.9664,942.272,liability
toyota,EU27,2024,IT,S2,8,2032,122924,60780.6958,186028.8952,125248.1994,629938.8878,494.4575,1513.3651,1018.9076,liability
toyota,EU27,2024,IT,S2,9,2033,122924,52569.1211,185961.308,133392.1869,763331.0747,427.6555,1512.8153,1085.1598,liability
toyota,EU27,2024,IT,S2,10,2034,122924,45466.9442,185899.506,140432.5618,903763.6365,369.8785,1512.3125,1142.434,liability
toyota,EU27,2024,IT,S2,11,2035,122924,39324.2833,185842.9944,146518.7111,1050282.3476,319.9073,1511.8528,1191.9455,liability
toyota,EU27,2024,IT,S2,12,2036,122924,34011.5064,185791.3203,151779.8139,1202062.1615,276.6873,1511.4324,1234.7452,liability
toyota,EU27,2024,IT,S2,13,2037,122924,29416.4943,185744.0694,156327.5751,1358389.7366,239.3064,1511.048,1271.7417,liability
toyota,EU27,2024,IT,S2,14,2038,122924,25442.2766,185700.8631,160258.5865,1518648.3231,206.9757,1510.6966,1303.7209,liability
toyota,EU27,2024,IT,S2,15,2039,122924,22004.982,185661.3554,163656.3734,1682304.6965,179.0129,1510.3752,1331.3623,liability
toyota,EU27,2024,IT,S2,16,2040,122924,19032.0719,185625.2296,166593.1577,1848897.8542,154.828,1510.0813,1355.2533,liability
toyota,EU27,2024,IT,S2,17,2041,122924,16460.8066,185592.1959,169131.3893,2018029.2435,133.9104,1509.8125,1375.9021,liability
toyota,EU27,2024,IT,S2,18,2042,122924,14236.9242,185561.9901,171325.0659,2189354.3094,115.8189,1509.5668,1393.7479,liability
toyota,EU27,2024,LT,S1,0,2024,6119,9957.8308,10528.2819,570.4511,570.4511,1627.3624,1720.5886,93.2262,liability
toyota,EU27,2024,LT,S1,1,2025,6119,9637.7729,10520.612,882.8391,1453.2902,1575.0569,1719.3352,144.2783,liability
toyota,EU27,2024,LT,S1,2,2026,6119,9328.002,10513.5517,1185.5497,2638.8399,1524.4324,1718.1814,193.7489,liability
toyota,EU27,2024,LT,S1,3,2027,6119,9028.1876,10507.0526,1478.865,4117.7049,1475.4351,1717.1192,241.6841,liability
toyota,EU27,2024,LT,S1,4,2028,6119,8738.0097,10501.0699,1763.0602,5880.7651,1428.0127,1716.1415,288.1288,liability
toyota,EU27,2024,LT,S1,5,2029,6119,8457.1587,10495.563,2038.4043,7919.1694,1382.1145,1715.2415,333.127,liability
toyota,EU27,2024,LT,S1,6,2030,6119,8185.3344,10490.4937,2305.1593,10224.3287,1337.6915,1714.4131,376.7216,liability
toyota,EU27,2024,LT,S1,7,2031,6119,7922.2468,10485.8274,2563.5806,12787.9093,1294.6963,1713.6505,418.9542,liability
toyota,EU27,2024,LT,S1,8,2032,6119,7667.6152,10481.5318,2813.9166,15601.8259,1253.0831,1712.9485,459.8654,liability
toyota,EU27,2024,LT,S1,9,2033,6119,7421.1677,10477.5779,3056.4102,18658.2361,1212.8073,1712.3023,499.495,liability
toyota,EU27,2024,LT,S1,10,2034,6119,7182.6415,10473.9382,3291.2967,21949.5328,1173.826,1711.7075,537.8815,liability
toyota,EU27,2024,LT,S1,11,2035,6119,6951.7819,10470.5877,3518.8058,25468.3386,1136.0977,1711.1599,575.0622,liability
toyota,EU27,2024,LT,S1,12,2036,6119,6728.3426,10467.5037,3739.1611,29207.4997,1099.5821,1710.6559,611.0739,liability
toyota,EU27,2024,LT,S1,13,2037,6119,6512.0846,10464.6647,3952.5801,33160.0798,1064.24,1710.192,645.952,liability
toyota,EU27,2024,LT,S1,14,2038,6119,6302.7775,10462.0514,4159.2739,37319.3537,1030.0339,1709.7649,679.731,liability
toyota,EU27,2024,LT,S1,15,2039,6119,6100.1978,10459.6459,4359.4481,41678.8018,996.9272,1709.3718,712.4445,liability
toyota,EU27,2024,LT,S1,16,2040,6119,5904.1295,10457.4315,4553.302,46232.1038,964.8847,1709.0099,744.1252,liability
toyota,EU27,2024,LT,S1,17,2041,6119,5714.3627,10455.3931,4741.0304,50973.1342,933.872,1708.6768,774.8048,liability
toyota,EU27,2024,LT,S1,18,2042,6119,5530.6955,10453.5167,4922.8212,55895.9554,903.8561,1708.3701,804.514,liability
toyota,EU27,2024,LT,S1,19,2043,6119,5352.9315,10451.7896,5098.8581,60994.8135,874.805,1708.0879,833.2829,liability
toyota,EU27,2024,LT,S1,20,2044,6119,5180.8813,10450.1996,5269.3183,66264.1318,846.6876,1707.828,861.1404,liability
toyota,EU27,2024,LT,S1,21,2045,6119,5014.3608,10448.7362,5434.3754,71698.5072,819.4739,1707.5889,888.115,liability
toyota,EU27,2024,LT,S1,22,2046,6119,4853.1926,10447.3889,5594.1963,77292.7035,793.1349,1707.3687,914.2337,liability
toyota,EU27,2024,LT,S2,0,2024,6119,9957.8308,10528.2819,570.4511,570.4511,1627.3624,1720.5886,93.2262,liability
toyota,EU27,2024,LT,S2,1,2025,6119,8612.5111,10520.0219,1907.5108,2477.9619,1407.503,1719.2387,311.7357,liability
toyota,EU27,2024,LT,S2,2,2026,6119,7448.9464,10512.469,3063.5226,5541.4845,1217.347,1718.0044,500.6574,liability
toyota,EU27,2024,LT,S2,3,2027,6119,6442.5815,10505.5628,4062.9813,9604.4658,1052.8814,1716.8758,663.9943,liability
toyota,EU27,2024,LT,S2,4,2028,6119,5572.1775,10499.2476,4927.0701,14531.5359,910.6353,1715.8437,805.2084,liability
toyota,EU27,2024,LT,S2,5,2029,6119,4819.367,10493.4729,5674.1059,20205.6418,787.607,1714.9,927.293,liability
toyota,EU27,2024,LT,S2,6,2030,6119,4168.2625,10488.1928,6319.9303,26525.5721,681.2,1714.0371,1032.8371,liability
toyota,EU27,2024,LT,S2,7,2031,6119,3605.1228,10483.3644,6878.2416,33403.8137,589.1686,1713.248,1124.0794,liability
toyota,EU27,2024,LT,S2,8,2032,6119,3118.0651,10478.9495,7360.8844,40764.6981,509.571,1712.5265,1202.9555,liability
toyota,EU27,2024,LT,S2,9,2033,6119,2696.809,10474.9123,7778.1033,48542.8014,440.7271,1711.8667,1271.1396,liability
toyota,EU27,2024,LT,S2,10,2034,6119,2332.4656,10471.2208,8138.7552,56681.5566,381.1841,1711.2634,1330.0793,liability
toyota,EU27,2024,LT,S2,11,2035,6119,2017.3455,10467.8453,8450.4998,65132.0564,329.6855,1710.7118,1381.0263,liability
toyota,EU27,2024,LT,S2,12,2036,6119,1744.7989,10464.7587,8719.9598,73852.0162,285.1445,1710.2073,1425.0629,liability
toyota,EU27,2024,LT,S2,13,2037,6119,1509.0735,10461.9364,8952.8629,82804.8791,246.6209,1709.7461,1463.1252,liability
toyota,EU27,2024,LT,S2,14,2038,6119,1305.1953,10459.3557,9154.1604,91959.0395,213.3021,1709.3244,1496.0223,liability
toyota,EU27,2024,LT,S2,15,2039,6119,1128.8613,10456.9958,9328.1345,101287.174,184.4846,1708.9387,1524.4541,liability
toyota,EU27,2024,LT,S2,16,2040,6119,976.3504,10454.838,9478.4876,110765.6616,159.5605,1708.586,1549.0256,liability
toyota,EU27,2024,LT,S2,17,2041,6119,844.4434,10452.8648,9608.4214,120374.083,138.0035,1708.2636,1570.2601,liability
toyota,EU27,2024,LT,S2,18,2042,6119,730.3579,10451.0605,9720.7026,130094.7856,119.359,1707.9687,1588.6097,liability
toyota,EU27,2024,LT,S2,19,2043,6119,631.6853,10449.4108,9817.7255,139912.5111,103.2334,1707.6991,1604.4657,liability
toyota,EU27,2024,LT,S2,20,2044,6119,546.3436,10447.9021,9901.5585,149814.0696,89.2864,1707.4525,1618.1661,liability
toyota,EU27,2024,LT,S2,21,2045,6119,472.5315,10446.5227,9973.9912,159788.0608,77.2236,1707.2271,1630.0035,liability
toyota,EU27,2024,LT,S2,22,2046,6119,408.6916,10445.2614,10036.5698,169824.6306,66.7906,1707.021,1640.2304,liability
toyota,EU27,2024,LV,S1,0,2024,2838,5490.5752,5160.3097,-330.2655,-330.2655,1934.6636,1818.2909,-116.3726,contribution
toyota,EU27,2024,LV,S1,1,2025,2838,5313.8447,5158.4223,-155.4224,-485.6879,1872.3907,1817.6259,-54.7648,contribution
toyota,EU27,2024,LV,S1,2,2026,2838,5142.8023,5156.6438,13.8415,-471.8464,1812.122,1816.9992,4.8772,liability
toyota,EU27,2024,LV,S1,3,2027,2838,4977.2657,5154.9675,177.7018,-294.1446,1753.7934,1816.4086,62.6152,liability
toyota,EU27,2024,LV,S1,4,2028,2838,4817.0573,5153.3881,336.3308,42.1862,1697.3422,1815.852,118.5098,liability
toyota,EU27,2024,LV,S1,5,2029,2838,4662.0054,5151.8998,489.8944,532.0806,1642.708,1815.3276,172.6196,liability
toyota,EU27,2024,LV,S1,6,2030,2838,4511.9452,5150.497,638.5518,1170.6324,1589.8327,1814.8333,225.0006,liability
toyota,EU27,2024,LV,S1,7,2031,2838,4366.7144,5149.1752,782.4608,1953.0932,1538.6591,1814.3676,275.7085,liability
toyota,EU27,2024,LV,S1,8,2032,2838,4226.1586,5147.9297,921.7711,2874.8643,1489.1327,1813.9287,324.796,liability
toyota,EU27,2024,LV,S1,9,2033,2838,4090.1264,5146.7559,1056.6295,3931.4938,1441.2003,1813.5151,372.3148,liability
toyota,EU27,2024,LV,S1,10,2034,2838,3958.4739,5145.6497,1187.1758,5118.6696,1394.8111,1813.1253,418.3142,liability
toyota,EU27,2024,LV,S1,11,2035,2838,3831.0581,5144.6073,1313.5492,6432.2188,1349.9148,1812.758,462.8433,liability
toyota,EU27,2024,LV,S1,12,2036,2838,3707.7438,5143.625,1435.8812,7868.1,1306.4636,1812.4119,505.9483,liability
toyota,EU27,2024,LV,S1,13,2037,2838,3588.3991,5142.6992,1554.3001,9422.4001,1264.4112,1812.0857,547.6745,liability
toyota,EU27,2024,LV,S1,14,2038,2838,3472.8955,5141.8268,1668.9313,11091.3314,1223.7123,1811.7783,588.066,liability
toyota,EU27,2024,LV,S1,15,2039,2838,3361.1096,5141.0048,1779.8952,12871.2266,1184.3233,1811.4887,627.1653,liability
toyota,EU27,2024,LV,S1,16,2040,2838,3252.9223,5140.2302,1887.3079,14758.5345,1146.2024,1811.2157,665.0134,liability
toyota,EU27,2024,LV,S1,17,2041,2838,3148.2173,5139.5001,1991.2828,16749.8173,1109.3084,1810.9585,701.65,liability
toyota,EU27,2024,LV,S1,18,2042,2838,3046.8822,5138.8122,2091.93,18841.7473,1073.6019,1810.7161,737.1142,liability
toyota,EU27,2024,LV,S1,19,2043,2838,2948.8091,5138.1638,2189.3547,21031.102,1039.0448,1810.4876,771.4428,liability
toyota,EU27,2024,LV,S1,20,2044,2838,2853.8928,5137.5529,2283.6601,23314.7621,1005.6,1810.2723,804.6723,liability
toyota,EU27,2024,LV,S1,21,2045,2838,2762.0315,5136.9772,2374.9457,25689.7078,973.2317,1810.0695,836.8378,liability
toyota,EU27,2024,LV,S1,22,2046,2838,2673.1275,5136.4347,2463.3072,28153.015,941.9054,1809.8783,867.9729,liability
toyota,EU27,2024,LV,S2,0,2024,2838,5490.5752,5160.3097,-330.2655,-330.2655,1934.6636,1818.2909,-116.3726,contribution
toyota,EU27,2024,LV,S2,1,2025,2838,4748.7893,5157.5066,408.7173,78.4518,1673.2873,1817.3032,144.016,liability
toyota,EU27,2024,LV,S2,2,2026,2838,4107.2196,5154.9436,1047.724,1126.1758,1447.2233,1816.4001,369.1769,liability
toyota,EU27,2024,LV,S2,3,2027,2838,3552.3274,5152.5999,1600.2725,2726.4483,1251.701,1815.5743,563.8733,liability
toyota,EU27,2024,LV,S2,4,2028,2838,3072.4022,5150.4569,2078.0547,4804.503,1082.5942,1814.8192,732.2251,liability
toyota,EU27,2024,LV,S2,5,2029,2838,2657.3155,5148.4974,2491.1819,7295.6849,936.3339,1814.1288,877.7949,liability
toyota,EU27,2024,LV,S2,6,2030,2838,2298.3076,5146.7056,2848.398,10144.0829,809.8335,1813.4974,1003.6638,liability
toyota,EU27,2024,LV,S2,7,2031,2838,1987.8022,5145.0671,3157.2649,13301.3478,700.4236,1812.92,1112.4964,liability
toyota,EU27,2024,LV,S2,8,2032,2838,1719.2468,5143.5688,3424.322,16725.6698,605.7952,1812.3921,1206.5969,liability
toyota,EU27,2024,LV,S2,9,2033,2838,1486.9739,5142.1989,3655.225,20380.8948,523.9513,1811.9094,1287.9581,liability
toyota,EU27,2024,LV,S2,10,2034,2838,1286.0811,5140.9462,3854.8651,24235.7599,453.1646,1811.468,1358.3034,liability
toyota,EU27,2024,LV,S2,11,2035,2838,1112.3293,5139.8006,4027.4713,28263.2312,391.9413,1811.0643,1419.1231,liability
toyota,EU27,2024,LV,S2,12,2036,2838,962.0519,5138.7532,4176.7013,32439.9325,338.9894,1810.6953,1471.7059,liability
toyota,EU27,2024,LV,S2,13,2037,2838,832.0769,5137.7954,4305.7185,36745.651,293.1913,1810.3578,1517.1665,liability
toyota,EU27,2024,LV,S2,14,2038,2838,719.662,5136.9197,4417.2577,41162.9087,253.5807,1810.0492,1556.4685,liability
toyota,EU27,2024,LV,S2,15,2039,2838,622.4344,5136.1188,4513.6844,45676.5931,219.3215,1809.767,1590.4455,liability
toyota,EU27,2024,LV,S2,16,2040,2838,538.3426,5135.3866,4597.044,50273.6371,189.6908,1809.509,1619.8182,liability
toyota,EU27,2024,LV,S2,17,2041,2838,465.6117,5134.717,4669.1053,54942.7424,164.0633,1809.2731,1645.2098,liability
toyota,EU27,2024,LV,S2,18,2042,2838,402.7067,5134.1048,4731.3981,59674.1405,141.8981,1809.0574,1667.1593,liability
toyota,EU27,2024,LV,S2,19,2043,2838,348.3004,5133.5449,4785.2445,64459.385,122.7274,1808.8601,1686.1327,liability
toyota,EU27,2024,LV,S2,20,2044,2838,301.2444,5133.033,4831.7886,69291.1736,106.1467,1808.6797,1702.533,liability
toyota,EU27,2024,LV,S2,21,2045,2838,260.5455,5132.5648,4872.0193,74163.1929,91.806,1808.5147,1716.7087,liability
toyota,EU27,2024,LV,S2,22,2046,2838,225.3454,5132.1369,4906.7915,79069.9844,79.4029,1808.364,1728.9611,liability
toyota,EU27,2024,MT,S1,0,2024,1054,1385.6706,942.1975,-443.4731,-443.4731,1314.678,893.9255,-420.7525,contribution
toyota,EU27,2024,MT,S1,1,2025,1054,1383.4504,942.1037,-441.3467,-884.8198,1312.5715,893.8365,-418.735,contribution
toyota,EU27,2024,MT,S1,2,2026,1054,1381.234,942.0116,-439.2224,-1324.0422,1310.4687,893.7491,-416.7195,contribution
toyota,EU27,2024,MT,S1,3,2027,1054,1379.0211,941.9212,-437.0999,-1761.1421,1308.3692,893.6634,-414.7058,contribution
toyota,EU27,2024,MT,S1,4,2028,1054,1376.8117,941.8326,-434.9791,-2196.1212,1306.273,893.5793,-412.6936,contribution
toyota,EU27,2024,MT,S1,5,2029,1054,1374.6058,941.7456,-432.8602,-2628.9814,1304.1801,893.4968,-410.6833,contribution
toyota,EU27,2024,MT,S1,6,2030,1054,1372.4037,941.6602,-430.7435,-3059.7249,1302.0908,893.4157,-408.675,contribution
toyota,EU27,2024,MT,S1,7,2031,1054,1370.2046,941.5765,-428.6281,-3488.353,1300.0044,893.3363,-406.668,contribution
toyota,EU27,2024,MT,S1,8,2032,1054,1368.0095,941.4943,-426.5152,-3914.8682,1297.9217,893.2583,-404.6634,contribution
toyota,EU27,2024,MT,S1,9,2033,1054,1365.8177,941.4136,-424.4041,-4339.2723,1295.8422,893.1818,-402.6604,contribution
toyota,EU27,2024,MT,S1,10,2034,1054,1363.6295,941.3345,-422.295,-4761.5673,1293.7661,893.1067,-400.6594,contribution
toyota,EU27,2024,MT,S1,11,2035,1054,1361.4449,941.2569,-420.188,-5181.7553,1291.6935,893.0331,-398.6603,contribution
toyota,EU27,2024,MT,S1,12,2036,1054,1359.2635,941.1806,-418.0829,-5599.8382,1289.6238,892.9607,-396.6631,contribution
toyota,EU27,2024,MT,S1,13,2037,1054,1357.0859,941.1058,-415.9801,-6015.8183,1287.5578,892.8898,-394.668,contribution
toyota,EU27,2024,MT,S1,14,2038,1054,1354.9117,941.0324,-413.8793,-6429.6976,1285.495,892.8201,-392.6749,contribution
toyota,EU27,2024,MT,S1,15,2039,1054,1352.741,940.9605,-411.7805,-6841.4781,1283.4355,892.7519,-390.6836,contribution
toyota,EU27,2024,MT,S1,16,2040,1054,1350.5736,940.8898,-409.6838,-7251.1619,1281.3791,892.6848,-388.6943,contribution
toyota,EU27,2024,MT,S1,17,2041,1054,1348.4099,940.8205,-407.5894,-7658.7513,1279.3263,892.6191,-386.7072,contribution
toyota,EU27,2024,MT,S1,18,2042,1054,1346.2496,940.7524,-405.4972,-8064.2485,1277.2767,892.5545,-384.7222,contribution
toyota,EU27,2024,MT,S1,19,2043,1054,1344.0926,940.6856,-403.407,-8467.6555,1275.2302,892.4911,-382.7391,contribution
toyota,EU27,2024,MT,S1,20,2044,1054,1341.9391,940.6202,-401.3189,-8868.9744,1273.187,892.429,-380.758,contribution
toyota,EU27,2024,MT,S1,21,2045,1054,1339.7893,940.5559,-399.2334,-9268.2078,1271.1473,892.368,-378.7793,contribution
toyota,EU27,2024,MT,S2,0,2024,1054,1385.6706,942.1975,-443.4731,-443.4731,1314.678,893.9255,-420.7525,contribution
toyota,EU27,2024,MT,S2,1,2025,1054,1198.4643,941.7688,-256.6955,-700.1686,1137.0629,893.5188,-243.5441,contribution
toyota,EU27,2024,MT,S2,2,2026,1054,1036.5496,941.3768,-95.1728,-795.3414,983.4436,893.1469,-90.2968,contribution
toyota,EU27,2024,MT,S2,3,2027,1054,896.51,941.0183,44.5083,-750.8331,850.5787,892.8067,42.228,liability
toyota,EU27,2024,MT,S2,4,2028,1054,775.3899,940.6905,165.3006,-585.5325,735.664,892.4957,156.8317,liability
toyota,EU27,2024,MT,S2,5,2029,1054,670.6335,940.3908,269.7573,-315.7752,636.2747,892.2114,255.9367,liability
toyota,EU27,2024,MT,S2,6,2030,1054,580.0298,940.1168,360.087,44.3118,550.3129,891.9514,341.6385,liability
toyota,EU27,2024,MT,S2,7,2031,1054,501.6667,939.8661,438.1994,482.5112,475.9646,891.7136,415.749,liability
toyota,EU27,2024,MT,S2,8,2032,1054,433.8904,939.637,505.7466,988.2578,411.6607,891.4962,479.8355,liability
toyota,EU27,2024,MT,S2,9,2033,1054,375.2714,939.4274,564.156,1552.4138,356.045,891.2973,535.2524,liability
toyota,EU27,2024,MT,S2,10,2034,1054,324.5717,939.2358,614.6641,2167.0779,307.9428,891.1156,583.1728,liability
toyota,EU27,2024,MT,S2,11,2035,1054,280.7216,939.0606,658.339,2825.4169,266.3393,890.9493,624.6101,liability
toyota,EU27,2024,MT,S2,12,2036,1054,242.7954,938.9004,696.105,3521.5219,230.3562,890.7973,660.4412,liability
toyota,EU27,2024,MT,S2,13,2037,1054,209.9934,938.7539,728.7605,4250.2824,199.2347,890.6583,691.4236,liability
toyota,EU27,2024,MT,S2,14,2038,1054,181.6231,938.62,756.9969,5007.2793,172.3179,890.5313,718.2134,liability
toyota,EU27,2024,MT,S2,15,2039,1054,157.0851,938.4975,781.4124,5788.6917,149.0371,890.4151,741.378,liability
toyota,EU27,2024,MT,S2,16,2040,1054,135.8628,938.3855,802.5227,6591.2144,128.9021,890.3088,761.4067,liability
toyota,EU27,2024,MT,S2,17,2041,1054,117.5076,938.2831,820.7755,7411.9899,111.4873,890.2117,778.7244,liability
toyota,EU27,2024,MT,S2,18,2042,1054,101.6323,938.1895,836.5572,8248.5471,96.4253,890.1229,793.6975,liability
toyota,EU27,2024,MT,S2,19,2043,1054,87.9014,938.1039,850.2025,9098.7496,83.3979,890.0417,806.6437,liability
toyota,EU27,2024,MT,S2,20,2044,1054,76.0259,938.0255,861.9996,9960.7492,72.1308,889.9673,817.8364,liability
toyota,EU27,2024,MT,S2,21,2045,1054,65.7545,937.954,872.1995,10832.9487,62.3857,889.8994,827.5138,liability
toyota,EU27,2024,NL,S1,0,2024,29853,45510.4909,47699.3574,2188.8665,2188.8665,1524.4863,1597.8078,73.3215,liability
toyota,EU27,2024,NL,S1,1,2025,29853,43849.0806,47592.3376,3743.257,5932.1235,1468.8333,1594.2229,125.3896,liability
toyota,EU27,2024,NL,S1,2,2026,29853,42248.3217,47494.5654,5246.2437,11178.3672,1415.2119,1590.9478,175.7359,liability
toyota,EU27,2024,NL,S1,3,2027,29853,40706.0006,47405.242,6699.2414,17877.6086,1363.5481,1587.9557,224.4076,liability
toyota,EU27,2024,NL,S1,4,2028,29853,39219.9836,47323.6369,8103.6533,25981.2619,1313.7703,1585.2222,271.4519,liability
toyota,EU27,2024,NL,S1,5,2029,29853,37788.2154,47249.0835,9460.8681,35442.13,1265.8096,1582.7248,316.9152,liability
toyota,EU27,2024,NL,S1,6,2030,29853,36408.7151,47180.9724,10772.2573,46214.3873,1219.5999,1580.4433,360.8434,liability
toyota,EU27,2024,NL,S1,7,2031,29853,35079.5752,47118.7471,12039.1719,58253.5592,1175.0771,1578.3589,403.2818,liability
toyota,EU27,2024,NL,S1,8,2032,29853,33798.9572,47061.8984,13262.9412,71516.5004,1132.1796,1576.4546,444.275,liability
toyota,EU27,2024,NL,S1,9,2033,29853,32565.0889,47009.9624,14444.8735,85961.3739,1090.8481,1574.7148,483.8667,liability
toyota,EU27,2024,NL,S1,10,2034,29853,31376.265,46962.514,15586.249,101547.6229,1051.0255,1573.1254,522.0999,liability
toyota,EU27,2024,NL,S1,11,2035,29853,30230.84,46919.1658,16688.3258,118235.9487,1012.6567,1571.6734,559.0167,liability
toyota,EU27,2024,NL,S1,12,2036,29853,29127.2304,46879.5635,17752.3331,135988.2818,975.6886,1570.3468,594.6583,liability
toyota,EU27,2024,NL,S1,13,2037,29853,28063.9089,46843.3832,18779.4743,154767.7561,940.07,1569.1349,629.0649,liability
toyota,EU27,2024,NL,S1,14,2038,29853,27039.4056,46810.3292,19770.9236,174538.6797,905.7517,1568.0276,662.2759,liability
toyota,EU27,2024,NL,S1,15,2039,29853,26052.302,46780.1316,20727.8296,195266.5093,872.6862,1567.0161,694.3299,liability
toyota,EU27,2024,NL,S2,0,2024,29853,45510.4909,47699.3574,2188.8665,2188.8665,1524.4863,1597.8078,73.3215,liability
toyota,EU27,2024,NL,S2,1,2025,29853,39361.9468,47593.3426,8231.3958,10420.2623,1318.5257,1594.2566,275.7309,liability
toyota,EU27,2024,NL,S2,2,2026,29853,34044.0811,47496.4028,13452.3217,23872.584,1140.3906,1591.0094,450.6188,liability
toyota,EU27,2024,NL,S2,3,2027,29853,29444.6686,47407.7608,17963.0922,41835.6762,986.3219,1588.0401,601.7182,liability
toyota,EU27,2024,NL,S2,4,2028,29853,25466.6443,47326.7066,21860.0623,63695.7385,853.0682,1585.325,732.2568,liability
toyota,EU27,2024,NL,S2,5,2029,29853,22026.0579,47252.5908,25226.5329,88922.2714,737.8172,1582.8423,845.0251,liability
toyota,EU27,2024,NL,S2,6,2030,29853,19050.3001,47184.8192,28134.5191,117056.7905,638.1369,1580.5721,942.4352,liability
toyota,EU27,2024,NL,S2,7,2031,29853,16476.5725,47122.8489,30646.2764,147703.0669,551.9235,1578.4963,1026.5728,liability
toyota,EU27,2024,NL,S2,8,2032,29853,14250.5598,47066.1833,32815.6235,180518.6904,477.3577,1576.5981,1099.2404,liability
toyota,EU27,2024,NL,S2,9,2033,29853,12325.2851,47014.3681,34689.083,215207.7734,412.8659,1574.8624,1161.9965,liability
toyota,EU27,2024,NL,S2,10,2034,29853,10660.1183,46966.9884,36306.8701,251514.6435,357.087,1573.2753,1216.1883,liability
toyota,EU27,2024,NL,S2,11,2035,29853,9219.9181,46923.6642,37703.7461,289218.3896,308.8439,1571.8241,1262.9801,liability
toyota,EU27,2024,NL,S2,12,2036,29853,7974.2918,46884.0487,38909.7569,328128.1465,267.1186,1570.4971,1303.3785,liability
toyota,EU27,2024,NL,S2,13,2037,29853,6896.9516,46847.8243,39950.8727,368079.0192,231.0304,1569.2836,1338.2532,liability
toyota,EU27,2024,NL,S2,14,2038,29853,5965.1617,46814.7006,40849.5389,408928.5581,199.8178,1568.1741,1368.3562,liability
toyota,EU27,2024,NL,S2,15,2039,29853,5159.2583,46784.4123,41625.154,450553.7121,172.8221,1567.1595,1394.3374,liability
toyota,EU27,2024,PL,S1,0,2024,103174,158657.447,172882.7957,14225.3487,14225.3487,1537.7658,1675.643,137.8773,liability
toyota,EU27,2024,PL,S1,1,2025,103174,160082.7012,172833.655,12750.9538,26976.3025,1551.5799,1675.1668,123.5869,liability
toyota,EU27,2024,PL,S1,2,2026,103174,161520.7586,172786.0662,11265.3076,38241.6101,1565.518,1674.7055,109.1875,liability
toyota,EU27,2024,PL,S1,3,2027,103174,162971.7347,172739.98,9768.2453,48009.8554,1579.5814,1674.2588,94.6774,liability
toyota,EU27,2024,PL,S1,4,2028,103174,164435.7453,172695.3491,8259.6038,56269.4592,1593.7712,1673.8262,80.0551,liability
toyota,EU27,2024,PL,S1,5,2029,103174,165912.9073,172652.1275,6739.2202,63008.6794,1608.0883,1673.4073,65.319,liability
toyota,EU27,2024,PL,S1,6,2030,103174,167403.3387,172610.2708,5206.9321,68215.6115,1622.5342,1673.0016,50.4675,liability
toyota,EU27,2024,PL,S1,7,2031,103174,168907.1589,172569.7358,3662.5769,71878.1884,1637.1097,1672.6088,35.499,liability
toyota,EU27,2024,PL,S1,8,2032,103174,170424.4887,172530.4808,2105.9921,73984.1805,1651.8162,1672.2283,20.412,liability
toyota,EU27,2024,PL,S1,9,2033,103174,171955.4492,172492.4653,537.0161,74521.1966,1666.6549,1671.8598,5.205,liability
toyota,EU27,2024,PL,S1,10,2034,103174,173500.1625,172455.6502,-1044.5123,73476.6843,1681.6268,1671.503,-10.1238,contribution
toyota,EU27,2024,PL,S1,11,2035,103174,175058.7517,172419.9977,-2638.754,70837.9303,1696.7332,1671.1574,-25.5758,contribution
toyota,EU27,2024,PL,S1,12,2036,103174,176631.3429,172385.471,-4245.8719,66592.0584,1711.9753,1670.8228,-41.1525,contribution
toyota,EU27,2024,PL,S1,13,2037,103174,178218.0604,172352.0345,-5866.0259,60726.0325,1727.3544,1670.4987,-56.8557,contribution
toyota,EU27,2024,PL,S1,14,2038,103174,179819.0319,172319.6539,-7499.378,53226.6545,1742.8716,1670.1849,-72.6867,contribution
toyota,EU27,2024,PL,S1,15,2039,103174,181434.385,172288.2957,-9146.0893,44080.5652,1758.5282,1669.8809,-88.6472,contribution
toyota,EU27,2024,PL,S1,16,2040,103174,183064.2497,172257.9278,-10806.3219,33274.2433,1774.3254,1669.5866,-104.7388,contribution
toyota,EU27,2024,PL,S1,17,2041,103174,184708.7559,172228.5188,-12480.2371,20794.0062,1790.2646,1669.3016,-120.963,contribution
toyota,EU27,2024,PL,S1,18,2042,103174,186368.034,172200.0384,-14167.9956,6626.0106,1806.3469,1669.0255,-137.3214,contribution
toyota,EU27,2024,PL,S1,19,2043,103174,188042.2186,172172.4574,-15869.7612,-9243.7506,1822.5737,1668.7582,-153.8155,contribution
toyota,EU27,2024,PL,S1,20,2044,103174,189731.4428,172145.7473,-17585.6955,-26829.4461,1838.9463,1668.4993,-170.447,contribution
toyota,EU27,2024,PL,S1,21,2045,103174,191435.8418,172119.8806,-19315.9612,-46145.4073,1855.4659,1668.2486,-187.2173,contribution
toyota,EU27,2024,PL,S1,22,2046,103174,193155.5511,172094.8309,-21060.7202,-67206.1275,1872.134,1668.0058,-204.1282,contribution
toyota,EU27,2024,PL,S1,23,2047,103174,194890.7099,172070.572,-22820.1379,-90026.2654,1888.9518,1667.7707,-221.1811,contribution
toyota,EU27,2024,PL,S2,0,2024,103174,158657.447,172882.7957,14225.3487,14225.3487,1537.7658,1675.643,137.8773,liability
toyota,EU27,2024,PL,S2,1,2025,103174,137222.5576,172749.5849,35527.0273,49752.376,1330.011,1674.3519,344.3409,liability
toyota,EU27,2024,PL,S2,2,2026,103174,118683.559,172627.7769,53944.2179,103696.5939,1150.3243,1673.1713,522.847,liability
toyota,EU27,2024,PL,S2,3,2027,103174,102649.2101,172516.3956,69867.1855,173563.7794,994.9135,1672.0918,677.1782,liability
toyota,EU27,2024,PL,S2,4,2028,103174,88781.1291,172414.5488,83633.4197,257197.1991,860.4991,1671.1046,810.6056,liability
toyota,EU27,2024,PL,S2,5,2029,103174,76786.6485,172321.4198,95534.7713,352731.9704,744.2442,1670.202,925.9578,liability
toyota,EU27,2024,PL,S2,6,2030,103174,66412.6433,172236.2627,105823.6194,458555.5898,643.6955,1669.3766,1025.6811,liability
toyota,EU27,2024,PL,S2,7,2031,103174,57440.1829,172158.3952,114718.2123,573273.8021,556.7312,1668.6219,1111.8907,liability
toyota,EU27,2024,PL,S2,8,2032,103174,49679.9173,172087.193,122407.2757,695681.0778,481.5159,1667.9318,1186.4159,liability
toyota,EU27,2024,PL,S2,9,2033,103174,42968.0769,172022.0855,129054.0086,824735.0864,416.4623,1667.3007,1250.8385,liability
toyota,EU27,2024,PL,S2,10,2034,103174,37163.0176,171962.5515,134799.5339,959534.6203,360.1975,1666.7237,1306.5262,liability
toyota,EU27,2024,PL,S2,11,2035,103174,32142.2308,171908.1135,139765.8827,1099300.503,311.5342,1666.1961,1354.6619,liability
toyota,EU27,2024,PL,S2,12,2036,103174,27799.7612,171858.3353,144058.5741,1243359.0771,269.4454,1665.7136,1396.2682,liability
toyota,EU27,2024,PL,S2,13,2037,103174,24043.9665,171812.8183,147768.8518,1391127.9289,233.0429,1665.2724,1432.2296,liability
toyota,EU27,2024,PL,S2,14,2038,103174,20795.5864,171771.1974,150975.611,1542103.5399,201.5584,1664.869,1463.3106,liability
toyota,EU27,2024,PL,S2,15,2039,103174,17986.0675,171733.1393,153747.0718,1695850.6117,174.3275,1664.5002,1490.1726,liability
toyota,EU27,2024,PL,S2,16,2040,103174,15556.1196,171698.339,156142.2194,1851992.8311,150.7756,1664.1629,1513.3873,liability
toyota,EU27,2024,PL,S2,17,2041,103174,13454.4613,171666.5176,158212.0563,2010204.8874,130.4055,1663.8544,1533.4489,liability
toyota,EU27,2024,PL,S2,18,2042,103174,11636.7416,171637.4201,160000.6785,2170205.5659,112.7875,1663.5724,1550.7849,liability
toyota,EU27,2024,PL,S2,19,2043,103174,10064.5972,171610.8132,161546.216,2331751.7819,97.5497,1663.3145,1565.7648,liability
toyota,EU27,2024,PL,S2,20,2044,103174,8704.8538,171586.484,162881.6302,2494633.4121,84.3706,1663.0787,1578.7081,liability
toyota,EU27,2024,PL,S2,21,2045,103174,7528.813,171564.2373,164035.4243,2658668.8364,72.972,1662.8631,1589.8911,liability
toyota,EU27,2024,PL,S2,22,2046,103174,6511.6576,171543.895,165032.2374,2823701.0738,63.1134,1662.6659,1599.5526,liability
toyota,EU27,2024,PL,S2,23,2047,103174,5631.9222,171525.2939,165893.3717,2989594.4455,54.5866,1662.4856,1607.899,liability
toyota,EU27,2024,PT,S1,0,2024,11149,18417.4137,15751.4307,-2665.983,-2665.983,1651.9341,1412.8111,-239.1231,contribution
toyota,EU27,2024,PT,S1,1,2025,11149,18041.1466,15715.5634,-2325.5832,-4991.5662,1618.1852,1409.594,-208.5912,contribution
toyota,EU27,2024,PT,S1,2,2026,11149,17672.5666,15684.2453,-1988.3213,-6979.8875,1585.1257,1406.7849,-178.3408,contribution
toyota,EU27,2024,PT,S1,3,2027,11149,17311.5164,15656.8994,-1654.617,-8634.5045,1552.7416,1404.3322,-148.4095,contribution
toyota,EU27,2024,PT,S1,4,2028,11149,16957.8428,15633.022,-1324.8208,-9959.3253,1521.0192,1402.1905,-118.8287,contribution
toyota,EU27,2024,PT,S1,5,2029,11149,16611.3944,15612.173,-999.2214,-10958.5467,1489.9448,1400.3205,-89.6243,contribution
toyota,EU27,2024,PT,S1,6,2030,11149,16272.0241,15593.9685,-678.0556,-11636.6023,1459.5053,1398.6876,-60.8176,contribution
toyota,EU27,2024,PT,S1,7,2031,11149,15939.5872,15578.0728,-361.5144,-11998.1167,1429.6876,1397.2619,-32.4257,contribution
toyota,EU27,2024,PT,S1,8,2032,11149,15613.9419,15564.1934,-49.7485,-12047.8652,1400.4791,1396.017,-4.4621,contribution
toyota,EU27,2024,PT,S1,9,2033,11149,15294.9496,15552.0743,257.1247,-11790.7405,1371.8674,1394.93,23.0626,liability
toyota,EU27,2024,PT,S1,10,2034,11149,14982.474,15541.4924,559.0184,-11231.7221,1343.8402,1393.9808,50.1407,liability
toyota,EU27,2024,PT,S1,11,2035,11149,14676.3827,15532.2527,855.87,-10375.8521,1316.3856,1393.1521,76.7665,liability
toyota,EU27,2024,PT,S1,12,2036,11149,14376.5444,15524.1849,1147.6405,-9228.2116,1289.4918,1392.4285,102.9366,liability
toyota,EU27,2024,PT,S1,13,2037,11149,14082.8318,15517.1403,1434.3085,-7793.9031,1263.1475,1391.7966,128.6491,liability
toyota,EU27,2024,PT,S1,14,2038,11149,13795.1202,15510.9893,1715.8691,-6078.034,1237.3415,1391.2449,153.9034,liability
toyota,EU27,2024,PT,S1,15,2039,11149,13513.2862,15505.6184,1992.3322,-4085.7018,1212.0626,1390.7632,178.7005,liability
toyota,EU27,2024,PT,S1,16,2040,11149,13237.2102,15500.9288,2263.7186,-1821.9832,1187.3002,1390.3425,203.0423,liability
toyota,EU27,2024,PT,S1,17,2041,11149,12966.7746,15496.8339,2530.0593,708.0761,1163.0437,1389.9752,226.9315,liability
toyota,EU27,2024,PT,S1,18,2042,11149,12701.8636,15493.2585,2791.3949,3499.471,1139.2828,1389.6545,250.3718,liability
toyota,EU27,2024,PT,S1,19,2043,11149,12442.3648,15490.1365,3047.7717,6547.2427,1116.0072,1389.3745,273.3673,liability
toyota,EU27,2024,PT,S1,20,2044,11149,12188.1677,15487.4105,3299.2428,9846.4855,1093.2073,1389.13,295.9228,liability
toyota,EU27,2024,PT,S2,0,2024,11149,18417.4137,15751.4307,-2665.983,-2665.983,1651.9341,1412.8111,-239.1231,contribution
toyota,EU27,2024,PT,S2,1,2025,11149,15929.1903,15727.2243,-201.966,-2867.949,1428.7551,1410.6399,-18.1152,contribution
toyota,EU27,2024,PT,S2,2,2026,11149,13777.1296,15705.0898,1927.9602,-939.9888,1235.7278,1408.6546,172.9267,liability
toyota,EU27,2024,PT,S2,3,2027,11149,11915.8161,15684.8501,3769.034,2829.0452,1068.7789,1406.8392,338.0603,liability
toyota,EU27,2024,PT,S2,4,2028,11149,10305.9693,15666.3429,5360.3736,8189.4188,924.3851,1405.1792,480.7941,liability
toyota,EU27,2024,PT,S2,5,2029,11149,8913.6156,15649.4199,6735.8043,14925.2231,799.4991,1403.6613,604.1622,liability
toyota,EU27,2024,PT,S2,6,2030,11149,7709.371,15633.9457,7924.5747,22849.7978,691.4854,1402.2734,710.7879,liability
toyota,EU27,2024,PT,S2,7,2031,11149,6667.8221,15619.7959,8951.9738,31801.7716,598.0646,1401.0042,802.9396,liability
toyota,EU27,2024,PT,S2,8,2032,11149,5766.9881,15606.8573,9839.8692,41641.6408,517.2651,1399.8437,882.5786,liability
toyota,EU27,2024,PT,S2,9,2033,11149,4987.858,15595.0262,10607.1682,52248.809,447.3816,1398.7825,951.4009,liability
toyota,EU27,2024,PT,S2,10,2034,11149,4313.9901,15584.208,11270.2179,63519.0269,386.9396,1397.8122,1010.8725,liability
toyota,EU27,2024,PT,S2,11,2035,11149,3731.1629,15574.3158,11843.1529,75362.1798,334.6635,1396.9249,1062.2614,liability
toyota,EU27,2024,PT,S2,12,2036,11149,3227.0762,15565.2701,12338.1939,87700.3737,289.4498,1396.1136,1106.6637,liability
toyota,EU27,2024,PT,S2,13,2037,11149,2791.0931,15556.999,12765.9059,100466.2796,250.3447,1395.3717,1145.027,liability
toyota,EU27,2024,PT,S2,14,2038,11149,2414.0117,15549.4359,13135.4242,113601.7038,216.5227,1394.6933,1178.1706,liability
toyota,EU27,2024,PT,S2,15,2039,11149,2087.8748,15542.5202,13454.6454,127056.3492,187.2701,1394.073,1206.8029,liability
toyota,EU27,2024,PT,S2,16,2040,11149,1805.799,15536.1964,13730.3974,140786.7466,161.9696,1393.5058,1231.5362,liability
toyota,EU27,2024,PT,S2,17,2041,11149,1561.8325,15530.4138,13968.5813,154755.3279,140.0872,1392.9872,1252.8999,liability
toyota,EU27,2024,PT,S2,18,2042,11149,1350.8265,15525.1265,14174.3,168929.6279,121.1612,1392.5129,1271.3517,liability
toyota,EU27,2024,PT,S2,19,2043,11149,1168.3277,15520.2916,14351.9639,183281.5918,104.7922,1392.0793,1287.2871,liability
toyota,EU27,2024,PT,S2,20,2044,11149,1010.4844,15515.8706,14505.3862,197786.978,90.6345,1391.6827,1301.0482,liability
toyota,EU27,2024,RO,S1,0,2024,12799,17500.2004,20961.6983,3461.4979,3461.4979,1367.31,1637.7606,270.4507,liability
toyota,EU27,2024,RO,S1,1,2025,12799,17402.0215,20946.4539,3544.4324,7005.9303,1359.6392,1636.5696,276.9304,liability
toyota,EU27,2024,RO,S1,2,2026,12799,17304.3929,20931.896,3627.5031,10633.4334,1352.0113,1635.4321,283.4208,liability
toyota,EU27,2024,RO,S1,3,2027,12799,17207.3121,20917.9934,3710.6813,14344.1147,1344.4263,1634.3459,289.9196,liability
toyota,EU27,2024,RO,S1,4,2028,12799,17110.7759,20904.7169,3793.941,18138.0557,1336.8838,1633.3086,296.4248,liability
toyota,EU27,2024,RO,S1,5,2029,12799,17014.7814,20892.0378,3877.2564,22015.3121,1329.3837,1632.318,302.9343,liability
toyota,EU27,2024,RO,S1,6,2030,12799,16919.3256,20879.9297,3960.6041,25975.9162,1321.9256,1631.372,309.4464,liability
toyota,EU27,2024,RO,S1,7,2031,12799,16824.4051,20868.3667,4043.9616,30019.8778,1314.5093,1630.4685,315.9592,liability
toyota,EU27,2024,RO,S1,8,2032,12799,16730.0172,20857.3243,4127.3071,34147.1849,1307.1347,1629.6058,322.4711,liability
toyota,EU27,2024,RO,S1,9,2033,12799,16636.1587,20846.779,4210.6203,38357.8052,1299.8014,1628.7819,328.9804,liability
toyota,EU27,2024,RO,S1,10,2034,12799,16542.8268,20836.7085,4293.8817,42651.6869,1292.5093,1627.995,335.4857,liability
toyota,EU27,2024,RO,S1,11,2035,12799,16450.0188,20827.0914,4377.0726,47028.7595,1285.2581,1627.2436,341.9855,liability
toyota,EU27,2024,RO,S1,12,2036,12799,16357.7312,20817.9071,4460.1759,51488.9354,1278.0476,1626.5261,348.4785,liability
toyota,EU27,2024,RO,S1,13,2037,12799,16265.9614,20809.1365,4543.1751,56032.1105,1270.8775,1625.8408,354.9633,liability
toyota,EU27,2024,RO,S1,14,2038,12799,16174.7065,20800.7606,4626.0541,60658.1646,1263.7477,1625.1864,361.4387,liability
toyota,EU27,2024,RO,S1,15,2039,12799,16083.9633,20792.7618,4708.7985,65366.9631,1256.6578,1624.5614,367.9036,liability
toyota,EU27,2024,RO,S1,16,2040,12799,15993.7299,20785.1232,4791.3933,70158.3564,1249.6078,1623.9646,374.3568,liability
toyota,EU27,2024,RO,S1,17,2041,12799,15904.0018,20777.8285,4873.8267,75032.1831,1242.5972,1623.3947,380.7975,liability
toyota,EU27,2024,RO,S1,18,2042,12799,15814.7778,20770.8621,4956.0843,79988.2674,1235.626,1622.8504,387.2243,liability
toyota,EU27,2024,RO,S1,19,2043,12799,15726.0538,20764.2094,5038.1556,85026.423,1228.6939,1622.3306,393.6367,liability
toyota,EU27,2024,RO,S1,20,2044,12799,15637.8278,20757.8563,5120.0285,90146.4515,1221.8008,1621.8342,400.0335,liability
toyota,EU27,2024,RO,S1,21,2045,12799,15550.0968,20751.7891,5201.6923,95348.1438,1214.9462,1621.3602,406.414,liability
toyota,EU27,2024,RO,S1,22,2046,12799,15462.8579,20745.9951,5283.1372,100631.281,1208.1302,1620.9075,412.7773,liability
toyota,EU27,2024,RO,S1,23,2047,12799,15376.1087,20740.4618,5364.3531,105995.6341,1201.3523,1620.4752,419.1228,liability
toyota,EU27,2024,RO,S1,24,2048,12799,15289.8459,20735.1778,5445.3319,111440.966,1194.6125,1620.0623,425.4498,liability
toyota,EU27,2024,RO,S2,0,2024,12799,17500.2004,20961.6983,3461.4979,3461.4979,1367.31,1637.7606,270.4507,liability
toyota,EU27,2024,RO,S2,1,2025,12799,15135.8938,20932.7135,5796.8197,9258.3176,1182.5841,1635.496,452.9119,liability
toyota,EU27,2024,RO,S2,2,2026,12799,13091.0094,20906.2099,7815.2005,17073.5181,1022.815,1633.4253,610.6102,liability
toyota,EU27,2024,RO,S2,3,2027,12799,11322.3918,20881.9752,9559.5834,26633.1015,884.631,1631.5318,746.9008,liability
toyota,EU27,2024,RO,S2,4,2028,12799,9792.7178,20859.8148,11067.097,37700.1985,765.1159,1629.8004,864.6845,liability
toyota,EU27,2024,RO,S2,5,2029,12799,8469.7051,20839.5514,12369.8463,50070.0448,661.7474,1628.2172,966.4697,liability
toyota,EU27,2024,RO,S2,6,2030,12799,7325.4333,20821.0225,13495.5892,63565.634,572.3442,1626.7695,1054.4253,liability
toyota,EU27,2024,RO,S2,7,2031,12799,6335.7551,20804.0797,14468.3246,78033.9586,495.0195,1625.4457,1130.4262,liability
toyota,EU27,2024,RO,S2,8,2032,12799,5479.7839,20788.5871,15308.8032,93342.7618,428.1416,1624.2353,1196.0937,liability
toyota,EU27,2024,RO,S2,9,2033,12799,4739.4561,20774.4208,16034.9647,109377.7265,370.2989,1623.1284,1252.8295,liability
toyota,EU27,2024,RO,S2,10,2034,12799,4099.1475,20761.4671,16662.3196,126040.0461,320.2709,1622.1163,1301.8454,liability
toyota,EU27,2024,RO,S2,11,2035,12799,3545.3456,20749.6224,17204.2768,143244.3229,277.0018,1621.1909,1344.1891,liability
toyota,EU27,2024,RO,S2,12,2036,12799,3066.3635,20738.7912,17672.4277,160916.7506,239.5784,1620.3447,1380.7663,liability
toyota,EU27,2024,RO,S2,13,2037,12799,2652.0926,20728.8873,18076.7947,178993.5453,207.2109,1619.5708,1412.3599,liability
toyota,EU27,2024,RO,S2,14,2038,12799,2293.7906,20719.8315,18426.0409,197419.5862,179.2164,1618.8633,1439.6469,liability
toyota,EU27,2024,RO,S2,15,2039,12799,1983.8952,20711.5506,18727.6554,216147.2416,155.0039,1618.2163,1463.2124,liability
toyota,EU27,2024,RO,S2,16,2040,12799,1715.8678,20703.9786,18988.1108,235135.3524,134.0626,1617.6247,1483.5621,liability
toyota,EU27,2024,RO,S2,17,2041,12799,1484.0514,20697.0547,19213.0033,254348.3557,115.9506,1617.0837,1501.1332,liability
toyota,EU27,2024,RO,S2,18,2042,12799,1283.5533,20690.7235,19407.1702,273755.5259,100.2854,1616.5891,1516.3036,liability
toyota,EU27,2024,RO,S2,19,2043,12799,1110.1432,20684.9343,19574.7911,293330.317,86.7367,1616.1368,1529.4,liability
toyota,EU27,2024,RO,S2,20,2044,12799,960.1608,20679.6406,19719.4798,313049.7968,75.0184,1615.7232,1540.7047,liability
toyota,EU27,2024,RO,S2,21,2045,12799,830.4415,20674.8001,19844.3586,332894.1554,64.8833,1615.345,1550.4616,liability
toyota,EU27,2024,RO,S2,22,2046,12799,718.2473,20670.3739,19952.1266,352846.282,56.1175,1614.9991,1558.8817,liability
toyota,EU27,2024,RO,S2,23,2047,12799,621.2112,20666.3266,20045.1154,372891.3974,48.5359,1614.6829,1566.147,liability
toyota,EU27,2024,RO,S2,24,2048,12799,537.2843,20662.6259,20125.3416,393016.739,41.9786,1614.3938,1572.4152,liability
toyota,EU27,2024,SE,S1,0,2024,20143,39346.9055,33720.4632,-5626.4423,-5626.4423,1953.3786,1674.0537,-279.3249,contribution
toyota,EU27,2024,SE,S1,1,2025,20143,37866.2524,33717.9729,-4148.2795,-9774.7218,1879.8715,1673.93,-205.9415,contribution
toyota,EU27,2024,SE,S1,2,2026,20143,36441.317,33715.5224,-2725.7946,-12500.5164,1809.1306,1673.8084,-135.3222,contribution
toyota,EU27,2024,SE,S1,3,2027,20143,35070.0033,33713.1113,-1356.892,-13857.4084,1741.0516,1673.6887,-67.363,contribution
toyota,EU27,2024,SE,S1,4,2028,20143,33750.2932,33710.7388,-39.5544,-13896.9628,1675.5346,1673.5709,-1.9637,contribution
toyota,EU27,2024,SE,S1,5,2029,20143,32480.2446,33708.4043,1228.1597,-12668.8031,1612.483,1673.455,60.972,liability
toyota,EU27,2024,SE,S1,6,2030,20143,31257.9887,33706.1073,2448.1186,-10220.6845,1551.804,1673.341,121.5369,liability
toyota,EU27,2024,SE,S1,7,2031,20143,30081.7275,33703.847,3622.1195,-6598.565,1493.4085,1673.2288,179.8203,liability
toyota,EU27,2024,SE,S1,8,2032,20143,28949.7298,33701.6229,4751.8931,-1846.6719,1437.2104,1673.1183,235.9079,liability
toyota,EU27,2024,SE,S1,9,2033,20143,27860.3297,33699.4347,5839.105,3992.4331,1383.1271,1673.0097,289.8826,liability
toyota,EU27,2024,SE,S1,10,2034,20143,26811.9251,33697.2814,6885.3563,10877.7894,1331.079,1672.9028,341.8238,liability
toyota,EU27,2024,SE,S1,11,2035,20143,25802.9723,33695.1626,7892.1903,18769.9797,1280.9895,1672.7976,391.8081,liability
toyota,EU27,2024,SE,S1,12,2036,20143,24831.9874,33693.0779,8861.0905,27631.0702,1232.785,1672.6941,439.9092,liability
toyota,EU27,2024,SE,S1,13,2037,20143,23897.5413,33691.0265,9793.4852,37424.5554,1186.3943,1672.5923,486.1979,liability
toyota,EU27,2024,SE,S1,14,2038,20143,22998.2591,33689.008,10690.7489,48115.3043,1141.7494,1672.4921,530.7426,liability
toyota,EU27,2024,SE,S1,15,2039,20143,22132.8176,33687.022,11554.2044,59669.5087,1098.7846,1672.3935,573.6089,liability
toyota,EU27,2024,SE,S2,0,2024,20143,39346.9055,33720.4632,-5626.4423,-5626.4423,1953.3786,1674.0537,-279.3249,contribution
toyota,EU27,2024,SE,S2,1,2025,20143,34031.0722,33707.1657,-323.9065,-5950.3488,1689.4739,1673.3935,-16.0804,contribution
toyota,EU27,2024,SE,S2,2,2026,20143,29433.417,33695.0064,4261.5894,-1688.7594,1461.2231,1672.7899,211.5668,liability
toyota,EU27,2024,SE,S2,3,2027,20143,25456.9129,33683.8877,8226.9748,6538.2154,1263.8094,1672.2379,408.4285,liability
toyota,EU27,2024,SE,S2,4,2028,20143,22017.641,33673.721,11656.08,18194.2954,1093.0666,1671.7332,578.6665,liability
toyota,EU27,2024,SE,S2,5,2029,20143,19043.0205,33664.4246,14621.4041,32815.6995,945.3915,1671.2716,725.8802,liability
toyota,EU27,2024,SE,S2,6,2030,20143,16470.2762,33655.9239,17185.6477,50001.3472,817.6675,1670.8496,853.1821,liability
toyota,EU27,2024,SE,S2,7,2031,20143,14245.1143,33648.1509,19403.0366,69404.3838,707.1992,1670.4637,963.2645,liability
toyota,EU27,2024,SE,S2,8,2032,20143,12320.5752,33641.043,21320.4678,90724.8516,611.6554,1670.1109,1058.4554,liability
toyota,EU27,2024,SE,S2,9,2033,20143,10656.0446,33634.5439,22978.4993,113703.3509,529.0197,1669.7882,1140.7685,liability
toyota,EU27,2024,SE,S2,10,2034,20143,9216.3952,33628.6009,24412.2057,138115.5566,457.5483,1669.4932,1211.9449,liability
toyota,EU27,2024,SE,S2,11,2035,20143,7971.2446,33623.1668,25651.9222,163767.4788,395.7327,1669.2234,1273.4907,liability
toyota,EU27,2024,SE,S2,12,2036,20143,6894.3162,33618.1978,26723.8816,190491.3604,342.2686,1668.9767,1326.7081,liability
toyota,EU27,2024,SE,S2,13,2037,20143,5962.8821,33613.654,27650.7719,218142.1323,296.0275,1668.7511,1372.7236,liability
toyota,EU27,2024,SE,S2,14,2038,20143,5157.2868,33609.4994,28452.2126,246594.3449,256.0337,1668.5449,1412.5112,liability
toyota,EU27,2024,SE,S2,15,2039,20143,4460.5289,33605.7002,29145.1713,275739.5162,221.4431,1668.3563,1446.9131,liability
toyota,EU27,2024,SI,S1,0,2024,3394,9904.7171,6905.9753,-2998.7418,-2998.7418,2918.302,2034.76,-883.5421,contribution
toyota,EU27,2024,SI,S1,1,2025,3394,9786.9701,6903.0568,-2883.9133,-5882.6551,2883.6093,2033.9001,-849.7093,contribution
toyota,EU27,2024,SI,S1,2,2026,3394,9670.6231,6900.2608,-2770.3623,-8653.0174,2849.3291,2033.0763,-816.2529,contribution
toyota,EU27,2024,SI,S1,3,2027,3394,9555.6595,6897.5822,-2658.0773,-11311.0947,2815.4565,2032.287,-783.1695,contribution
toyota,EU27,2024,SI,S1,4,2028,3394,9442.0623,6895.0157,-2547.0466,-13858.1413,2781.9865,2031.5308,-750.4557,contribution
toyota,EU27,2024,SI,S1,5,2029,3394,9329.8158,6892.5568,-2437.259,-16295.4003,2748.9145,2030.8064,-718.1081,contribution
toyota,EU27,2024,SI,S1,6,2030,3394,9218.9035,6890.2011,-2328.7024,-18624.1027,2716.2356,2030.1123,-686.1233,contribution
toyota,EU27,2024,SI,S1,7,2031,3394,9109.3096,6887.9442,-2221.3654,-20845.4681,2683.9451,2029.4473,-654.4978,contribution
toyota,EU27,2024,SI,S1,8,2032,3394,9001.0187,6885.782,-2115.2367,-22960.7048,2652.0385,2028.8103,-623.2283,contribution
toyota,EU27,2024,SI,S1,9,2033,3394,8894.0149,6883.7104,-2010.3045,-24971.0093,2620.5112,2028.1999,-592.3113,contribution
toyota,EU27,2024,SI,S1,10,2034,3394,8788.2835,6881.7256,-1906.5579,-26877.5672,2589.3587,2027.6151,-561.7436,contribution
toyota,EU27,2024,SI,S1,11,2035,3394,8683.8089,6879.8242,-1803.9847,-28681.5519,2558.5766,2027.0549,-531.5217,contribution
toyota,EU27,2024,SI,S1,12,2036,3394,8580.5762,6878.0023,-1702.5739,-30384.1258,2528.1603,2026.5181,-501.6423,contribution
toyota,EU27,2024,SI,S1,13,2037,3394,8478.5708,6876.2571,-1602.3137,-31986.4395,2498.1057,2026.0039,-472.1019,contribution
toyota,EU27,2024,SI,S1,14,2038,3394,8377.7777,6874.5849,-1503.1928,-33489.6323,2468.4083,2025.5112,-442.8971,contribution
toyota,EU27,2024,SI,S1,15,2039,3394,8278.1837,6872.9829,-1405.2008,-34894.8331,2439.0641,2025.0392,-414.025,contribution
toyota,EU27,2024,SI,S1,16,2040,3394,8179.7728,6871.4478,-1308.325,-36203.1581,2410.0686,2024.5869,-385.4817,contribution
toyota,EU27,2024,SI,S1,17,2041,3394,8082.5322,6869.9774,-1212.5548,-37415.7129,2381.4179,2024.1536,-357.2642,contribution
toyota,EU27,2024,SI,S2,0,2024,3394,9904.7171,6905.9753,-2998.7418,-2998.7418,2918.302,2034.76,-883.5421,contribution
toyota,EU27,2024,SI,S2,1,2025,3394,8566.573,6900.018,-1666.555,-4665.2968,2524.0345,2033.0047,-491.0298,contribution
toyota,EU27,2024,SI,S2,2,2026,3394,7409.2146,6894.5706,-514.644,-5179.9408,2183.0332,2031.3997,-151.6335,contribution
toyota,EU27,2024,SI,S2,3,2027,3394,6408.217,6889.5897,481.3727,-4698.5681,1888.1016,2029.9321,141.8305,liability
toyota,EU27,2024,SI,S2,4,2028,3394,5542.4563,6885.035,1342.5787,-3355.9894,1633.016,2028.5902,395.5742,liability
toyota,EU27,2024,SI,S2,5,2029,3394,4793.6613,6880.8702,2087.2089,-1268.7805,1412.3928,2027.3631,614.9702,liability
toyota,EU27,2024,SI,S2,6,2030,3394,4146.0294,6877.0619,2731.0325,1462.252,1221.5761,2026.241,804.6648,liability
toyota,EU27,2024,SI,S2,7,2031,3394,3585.894,6873.5797,3287.6857,4749.9377,1056.5392,2025.215,968.6758,liability
toyota,EU27,2024,SI,S2,8,2032,3394,3101.4338,6870.3955,3768.9617,8518.8994,913.799,2024.2768,1110.4778,liability
toyota,EU27,2024,SI,S2,9,2033,3394,2682.4245,6867.4838,4185.0593,12703.9587,790.3431,2023.4189,1233.0758,liability
toyota,EU27,2024,SI,S2,10,2034,3394,2320.0247,6864.8215,4544.7968,17248.7555,683.5665,2022.6345,1339.068,liability
toyota,EU27,2024,SI,S2,11,2035,3394,2006.5853,6862.387,4855.8017,22104.5572,591.2155,2021.9172,1430.7017,liability
toyota,EU27,2024,SI,S2,12,2036,3394,1735.4922,6860.1609,5124.6687,27229.2259,511.3412,2021.2613,1509.9201,liability
toyota,EU27,2024,SI,S2,13,2037,3394,1501.0242,6858.1253,5357.1011,32586.327,442.2582,2020.6615,1578.4034,liability
toyota,EU27,2024,SI,S2,14,2038,3394,1298.2331,6856.264,5558.0309,38144.3579,382.5083,2020.1131,1637.6049,liability
toyota,EU27,2024,SI,S2,15,2039,3394,1122.8399,6854.562,5731.7221,43876.08,330.8308,2019.6117,1688.7808,liability
toyota,EU27,2024,SI,S2,16,2040,3394,971.1423,6853.0059,5881.8636,49757.9436,286.135,2019.1532,1733.0181,liability
toyota,EU27,2024,SI,S2,17,2041,3394,839.9392,6851.5827,6011.6435,55769.5871,247.4777,2018.7339,1771.2562,liability
toyota,EU27,2024,SK,S1,0,2024,9212,15947.691,16445.9373,498.2463,498.2463,1731.1866,1785.2733,54.0867,liability
toyota,EU27,2024,SK,S1,1,2025,9212,15664.4178,16443.1531,778.7353,1276.9816,1700.4361,1784.971,84.5349,liability
toyota,EU27,2024,SK,S1,2,2026,9212,15386.1763,16440.5475,1054.3712,2331.3528,1670.2319,1784.6882,114.4563,liability
toyota,EU27,2024,SK,S1,3,2027,9212,15112.8768,16438.1093,1325.2325,3656.5853,1640.5641,1784.4235,143.8594,liability
toyota,EU27,2024,SK,S1,4,2028,9212,14844.4319,16435.8274,1591.3955,5247.9808,1611.4233,1784.1758,172.7524,liability
toyota,EU27,2024,SK,S1,5,2029,9212,14580.7552,16433.6923,1852.9371,7100.9179,1582.8002,1783.944,201.1438,liability
toyota,EU27,2024,SK,S1,6,2030,9212,14321.7625,16431.694,2109.9315,9210.8494,1554.6855,1783.7271,229.0416,liability
toyota,EU27,2024,SK,S1,7,2031,9212,14067.37,16429.8242,2362.4542,11573.3036,1527.0701,1783.5241,256.454,liability
toyota,EU27,2024,SK,S1,8,2032,9212,13817.4959,16428.0744,2610.5785,14183.8821,1499.9453,1783.3342,283.3889,liability
toyota,EU27,2024,SK,S1,9,2033,9212,13572.0605,16426.4368,2854.3763,17038.2584,1473.3023,1783.1564,309.8541,liability
toyota,EU27,2024,SK,S1,10,2034,9212,13330.9848,16424.9045,3093.9197,20132.1781,1447.1325,1782.9901,335.8575,liability
toyota,EU27,2024,SK,S1,11,2035,9212,13094.1911,16423.4705,3329.2794,23461.4575,1421.4276,1782.8344,361.4068,liability
toyota,EU27,2024,SK,S1,12,2036,9212,12861.6037,16422.1287,3560.525,27021.9825,1396.1793,1782.6887,386.5094,liability
toyota,EU27,2024,SK,S1,13,2037,9212,12633.1473,16420.873,3787.7257,30809.7082,1371.3794,1782.5524,411.173,liability
toyota,EU27,2024,SK,S1,14,2038,9212,12408.749,16419.6979,4010.9489,34820.6571,1347.0201,1782.4249,435.4048,liability
toyota,EU27,2024,SK,S1,15,2039,9212,12188.3368,16418.5981,4230.2613,39050.9184,1323.0934,1782.3055,459.212,liability
toyota,EU27,2024,SK,S1,16,2040,9212,11971.8394,16417.5692,4445.7298,43496.6482,1299.5918,1782.1938,482.602,liability
toyota,EU27,2024,SK,S1,17,2041,9212,11759.1879,16416.6061,4657.4182,48154.0664,1276.5076,1782.0892,505.5817,liability
toyota,EU27,2024,SK,S1,18,2042,9212,11550.3134,16415.705,4865.3916,53019.458,1253.8334,1781.9914,528.158,liability
toyota,EU27,2024,SK,S2,0,2024,9212,15947.691,16445.9373,498.2463,498.2463,1731.1866,1785.2733,54.0867,liability
toyota,EU27,2024,SK,S2,1,2025,9212,13793.1309,16442.2252,2649.0943,3147.3406,1497.3004,1784.8703,287.5699,liability
toyota,EU27,2024,SK,S2,2,2026,9212,11929.656,16438.8307,4509.1747,7656.5153,1295.0126,1784.5018,489.4892,liability
toyota,EU27,2024,SK,S2,3,2027,9212,10317.9393,16435.7267,6117.7874,13774.3027,1120.0542,1784.1649,664.1107,liability
toyota,EU27,2024,SK,S2,4,2028,9212,8923.9682,16432.8886,7508.9204,21283.2231,968.733,1783.8568,815.1238,liability
toyota,EU27,2024,SK,S2,5,2029,9212,7718.3253,16430.2933,8711.968,29995.1911,837.8555,1783.575,945.7195,liability
toyota,EU27,2024,SK,S2,6,2030,9212,6675.5665,16427.9203,9752.3538,39747.5449,724.6598,1783.3174,1058.6576,liability
toyota,EU27,2024,SK,S2,7,2031,9212,5773.686,16425.7502,10652.0642,50399.6091,626.7571,1783.0819,1156.3248,liability
toyota,EU27,2024,SK,S2,8,2032,9212,4993.6515,16423.7659,11430.1144,61829.7235,542.0811,1782.8665,1240.7853,liability
toyota,EU27,2024,SK,S2,9,2033,9212,4319.0006,16421.9516,12102.951,73932.6745,468.845,1782.6695,1313.8245,liability
toyota,EU27,2024,SK,S2,10,2034,9212,3735.4963,16420.2925,12684.7962,86617.4707,405.5033,1782.4894,1376.9861,liability
toyota,EU27,2024,SK,S2,11,2035,9212,3230.8244,16418.7756,13187.9512,99805.4219,350.7191,1782.3248,1431.6056,liability
toyota,EU27,2024,SK,S2,12,2036,9212,2794.3347,16417.3883,13623.0536,113428.4755,303.3364,1782.1742,1478.8378,liability
toyota,EU27,2024,SK,S2,13,2037,9212,2416.8153,16416.1198,13999.3045,127427.78,262.3551,1782.0365,1519.6813,liability
toyota,EU27,2024,SK,S2,14,2038,9212,2090.2993,16414.9601,14324.6608,141752.4408,226.9105,1781.9106,1555.0001,liability
toyota,EU27,2024,SK,S2,15,2039,9212,1807.8966,16413.8994,14606.0028,156358.4436,196.2545,1781.7954,1585.5409,liability
toyota,EU27,2024,SK,S2,16,2040,9212,1563.6465,16412.9296,14849.2831,171207.7267,169.7402,1781.6901,1611.95,liability
toyota,EU27,2024,SK,S2,17,2041,9212,1352.3953,16412.0429,15059.6476,186267.3743,146.808,1781.5939,1634.7859,liability
toyota,EU27,2024,SK,S2,18,2042,9212,1169.6844,16411.232,15241.5476,201508.9219,126.974,1781.5059,1654.5319,liability
toyota,JP,2024,JP,S1,0,2024,1189107,1638778.4449,1383112.2649,-255666.18,-255666.18,1378.1589,1163.1521,-215.0069,contribution
toyota,JP,2024,JP,S1,1,2025,1189107,1607849.4093,1383112.2649,-224737.1444,-480403.3244,1352.1486,1163.1521,-188.9966,contribution
toyota,JP,2024,JP,S1,2,2026,1189107,1577504.1038,1383112.2649,-194391.8389,-674795.1633,1326.6292,1163.1521,-163.4772,contribution
toyota,JP,2024,JP,S1,3,2027,1189107,1547731.5128,1383112.2649,-164619.2479,-839414.4112,1301.5915,1163.1521,-138.4394,contribution
toyota,JP,2024,JP,S1,4,2028,1189107,1518520.8258,1383112.2649,-135408.5609,-974822.9721,1277.0262,1163.1521,-113.8742,contribution
toyota,JP,2024,JP,S1,5,2029,1189107,1489861.4396,1383112.2649,-106749.1747,-1081572.1468,1252.9246,1163.1521,-89.7726,contribution
toyota,JP,2024,JP,S1,6,2030,1189107,1461742.9475,1383112.2649,-78630.6826,-1160202.8294,1229.2779,1163.1521,-66.1258,contribution
toyota,JP,2024,JP,S1,7,2031,1189107,1434155.143,1383112.2649,-51042.8781,-1211245.7075,1206.0775,1163.1521,-42.9254,contribution
toyota,JP,2024,JP,S1,8,2032,1189107,1407088.0084,1383112.2649,-23975.7435,-1235221.451,1183.3149,1163.1521,-20.1628,contribution
toyota,JP,2024,JP,S1,9,2033,1189107,1380531.7185,1383112.2649,2580.5464,-1232640.9046,1160.9819,1163.1521,2.1702,liability
toyota,JP,2024,JP,S1,10,2034,1189107,1354476.631,1383112.2649,28635.6339,-1204005.2707,1139.0704,1163.1521,24.0816,liability
toyota,JP,2024,JP,S1,11,2035,1189107,1328913.2877,1383112.2649,54198.9772,-1149806.2935,1117.5725,1163.1521,45.5796,liability
toyota,JP,2024,JP,S1,12,2036,1189107,1303832.4071,1383112.2649,79279.8578,-1070526.4357,1096.4803,1163.1521,66.6718,liability
toyota,JP,2024,JP,S2,0,2024,1189107,1638778.4449,1383112.2649,-255666.18,-255666.18,1378.1589,1163.1521,-215.0069,contribution
toyota,JP,2024,JP,S2,1,2025,1189107,1527932.2757,1383112.2649,-144820.0108,-400486.1908,1284.9409,1163.1521,-121.7889,contribution
toyota,JP,2024,JP,S2,2,2026,1189107,1424583.6869,1383112.2649,-41471.422,-441957.6128,1198.0282,1163.1521,-34.8761,contribution
toyota,JP,2024,JP,S2,3,2027,1189107,1328225.5461,1383112.2649,54886.7188,-387070.894,1116.9941,1163.1521,46.1579,liability
toyota,JP,2024,JP,S2,4,2028,1189107,1238385.0223,1383112.2649,144727.2426,-242343.6514,1041.4412,1163.1521,121.7109,liability
toyota,JP,2024,JP,S2,5,2029,1189107,1154621.2667,1383112.2649,228490.9982,-13852.6532,970.9986,1163.1521,192.1534,liability
toyota,JP,2024,JP,S2,6,2030,1189107,1076523.2518,1383112.2649,306589.0131,292736.3599,905.3208,1163.1521,257.8313,liability
toyota,JP,2024,JP,S2,7,2031,1189107,1003707.7472,1383112.2649,379404.5177,672140.8776,844.0853,1163.1521,319.0668,liability
toyota,JP,2024,JP,S2,8,2032,1189107,935817.4488,1383112.2649,447294.8161,1119435.6937,786.9918,1163.1521,376.1603,liability
toyota,JP,2024,JP,S2,9,2033,1189107,872519.2152,1383112.2649,510593.0497,1630028.7434,733.7601,1163.1521,429.392,liability
toyota,JP,2024,JP,S2,10,2034,1189107,813502.4436,1383112.2649,569609.8213,2199638.5647,684.1289,1163.1521,479.0232,liability
toyota,JP,2024,JP,S2,11,2035,1189107,758477.5382,1383112.2649,624634.7267,2824273.2914,637.8547,1163.1521,525.2973,liability
toyota,JP,2024,JP,S2,12,2036,1189107,707174.4897,1383112.2649,675937.7752,3500211.0666,594.7106,1163.1521,568.4415,liability
toyota,JP,2025,JP,S1,0,2025,1212140,1670521.5798,1406978.946,-263542.6338,-263542.6338,1378.1589,1160.7396,-217.4193,contribution
toyota,JP,2025,JP,S1,1,2026,1212140,1638993.4489,1406978.946,-232014.5029,-495557.1367,1352.1486,1160.7396,-191.409,contribution
toyota,JP,2025,JP,S1,2,2027,1212140,1608060.3547,1406978.946,-201081.4087,-696638.5454,1326.6292,1160.7396,-165.8896,contribution
toyota,JP,2025,JP,S1,3,2028,1212140,1577711.0687,1406978.946,-170732.1227,-867370.6681,1301.5915,1160.7396,-140.8518,contribution
toyota,JP,2025,JP,S1,4,2029,1212140,1547934.571,1406978.946,-140955.625,-1008326.2931,1277.0262,1160.7396,-116.2866,contribution
toyota,JP,2025,JP,S1,5,2030,1212140,1518720.0524,1406978.946,-111741.1064,-1120067.3995,1252.9246,1160.7396,-92.185,contribution
toyota,JP,2025,JP,S1,6,2031,1212140,1490056.905,1406978.946,-83077.959,-1203145.3585,1229.2779,1160.7396,-68.5383,contribution
toyota,JP,2025,JP,S1,7,2032,1212140,1461934.725,1406978.946,-54955.779,-1258101.1375,1206.0775,1160.7396,-45.3378,contribution
toyota,JP,2025,JP,S1,8,2033,1212140,1434343.2998,1406978.946,-27364.3538,-1285465.4913,1183.3149,1160.7396,-22.5752,contribution
toyota,JP,2025,JP,S1,9,2034,1212140,1407272.615,1406978.946,-293.669,-1285759.1603,1160.9819,1160.7396,-0.2423,contribution
toyota,JP,2025,JP,S1,10,2035,1212140,1380712.8408,1406978.946,26266.1052,-1259493.0551,1139.0704,1160.7396,21.6692,liability
toyota,JP,2025,JP,S1,11,2036,1212140,1354654.3349,1406978.946,52324.6111,-1207168.444,1117.5725,1160.7396,43.1671,liability
toyota,JP,2025,JP,S1,12,2037,1212140,1329087.6382,1406978.946,77891.3078,-1129277.1362,1096.4803,1160.7396,64.2593,liability
toyota,JP,2025,JP,S2,0,2025,1212140,1670521.5798,1406978.946,-263542.6338,-263542.6338,1378.1589,1160.7396,-217.4193,contribution
toyota,JP,2025,JP,S2,1,2026,1212140,1557528.3206,1406978.946,-150549.3746,-414092.0084,1284.9409,1160.7396,-124.2013,contribution
toyota,JP,2025,JP,S2,2,2027,1212140,1452177.8696,1406978.946,-45198.9236,-459290.932,1198.0282,1160.7396,-37.2885,contribution
toyota,JP,2025,JP,S2,3,2028,1212140,1353953.2722,1406978.946,53025.6738,-406265.2582,1116.9941,1160.7396,43.7455,liability
toyota,JP,2025,JP,S2,4,2029,1212140,1262372.5372,1406978.946,144606.4088,-261658.8494,1041.4412,1160.7396,119.2984,liability
toyota,JP,2025,JP,S2,5,2030,1212140,1176986.2783,1406978.946,229992.6677,-31666.1817,970.9986,1160.7396,189.741,liability
toyota,JP,2025,JP,S2,6,2031,1212140,1097375.5049,1406978.946,309603.4411,277937.2594,905.3208,1160.7396,255.4189,liability
toyota,JP,2025,JP,S2,7,2032,1212140,1023149.564,1406978.946,383829.382,661766.6414,844.0853,1160.7396,316.6543,liability
toyota,JP,2025,JP,S2,8,2033,1212140,953944.2309,1406978.946,453034.7151,1114801.3565,786.9918,1160.7396,373.7478,liability
toyota,JP,2025,JP,S2,9,2034,1212140,889419.9108,1406978.946,517559.0352,1632360.3917,733.7601,1160.7396,426.9796,liability
toyota,JP,2025,JP,S2,10,2035,1212140,829259.9843,1406978.946,577718.9617,2210079.3534,684.1289,1160.7396,476.6108,liability
toyota,JP,2025,JP,S2,11,2036,1212140,773169.2468,1406978.946,633809.6992,2843889.0526,637.8547,1160.7396,522.8849,liability
toyota,JP,2025,JP,S2,12,2037,1212140,720872.4579,1406978.946,686106.4881,3529995.5407,594.7106,1160.7396,566.0291,liability
toyota,US,2024,US,S1,0,2024,1986904,7705013.6387,6728831.9185,-976181.7202,-976181.7202,3877.8993,3386.5914,-491.3079,contribution
toyota,US,2024,US,S1,1,2025,1986904,7619711.4034,6726221.3257,-893490.0777,-1869671.7979,3834.9671,3385.2775,-449.6896,contribution
toyota,US,2024,US,S1,2,2026,1986904,7535353.5471,6723687.1475,-811666.3996,-2681338.1975,3792.5101,3384.002,-408.5081,contribution
toyota,US,2024,US,S1,3,2027,1986904,7451929.6177,6721227.1466,-730702.4711,-3412040.6686,3750.5232,3382.7639,-367.7593,contribution
toyota,US,2024,US,S1,4,2028,1986904,7369429.2749,6718839.1517,-650590.1232,-4062630.7918,3709.0012,3381.562,-327.4391,contribution
toyota,US,2024,US,S1,5,2029,1986904,7287842.2954,6716521.0554,-571321.24,-4633952.0318,3667.9388,3380.3954,-287.5435,contribution
toyota,US,2024,US,S1,6,2030,1986904,7207158.5627,6714270.8117,-492887.751,-5126839.7828,3627.331,3379.2628,-248.0682,contribution
toyota,US,2024,US,S1,7,2031,1986904,7127368.0822,6712086.4346,-415281.6476,-5542121.4304,3587.1728,3378.1634,-209.0094,contribution
toyota,US,2024,US,S1,8,2032,1986904,7048460.9617,6709965.9958,-338494.9659,-5880616.3963,3547.4592,3377.0962,-170.363,contribution
toyota,US,2024,US,S1,9,2033,1986904,6970427.4211,6707907.6238,-262519.7973,-6143136.1936,3508.1853,3376.0603,-132.1251,contribution
toyota,US,2024,US,S1,10,2034,1986904,6893257.7925,6705909.5024,-187348.2901,-6330484.4837,3469.3462,3375.0546,-94.2916,contribution
toyota,US,2024,US,S1,11,2035,1986904,6816942.5066,6703969.8676,-112972.639,-6443457.1227,3430.937,3374.0784,-56.8586,contribution
toyota,US,2024,US,S1,12,2036,1986904,6741472.1101,6702087.007,-39385.1031,-6482842.2258,3392.9531,3373.1308,-19.8223,contribution
toyota,US,2024,US,S2,0,2024,1986904,7705013.6387,6728831.9185,-976181.7202,-976181.7202,3877.8993,3386.5914,-491.3079,contribution
toyota,US,2024,US,S2,1,2025,1986904,7196092.026,6724965.917,-471126.109,-1447307.8292,3621.7613,3384.6456,-237.1157,contribution
toyota,US,2024,US,S2,2,2026,1986904,6720785.0458,6721267.4943,482.4485,-1446825.3807,3382.5414,3382.7842,0.2428,liability
toyota,US,2024,US,S2,3,2027,1986904,6276872.4283,6717729.387,440856.9587,-1005968.422,3159.1221,3381.0035,221.8814,liability
toyota,US,2024,US,S2,4,2028,1986904,5862280.5534,6714344.6452,852064.0918,-153904.3302,2950.4599,3379.3,428.8401,liability
toyota,US,2024,US,S2,5,2029,1986904,5475072.7674,6711106.6213,1236033.8539,1082129.5237,2755.5799,3377.6703,622.0904,liability
toyota,US,2024,US,S2,6,2030,1986904,5113440.3282,6708008.9557,1594568.6275,2676698.1512,2573.5719,3376.1113,802.5393,liability
toyota,US,2024,US,S2,7,2031,1986904,4775693.9703,6705045.564,1929351.5937,4606049.7449,2403.5857,3374.6198,971.0341,liability
toyota,US,2024,US,S2,8,2032,1986904,4460255.9978,6702210.6261,2241954.6283,6848004.3732,2244.8271,3373.193,1128.3659,liability
toyota,US,2024,US,S2,9,2033,1986904,4165652.9255,6699498.5739,2533845.6484,9381850.0216,2096.5547,3371.828,1275.2733,liability
toyota,US,2024,US,S2,10,2034,1986904,3890508.5977,6696904.0806,2806395.4829,12188245.5045,1958.0758,3370.5222,1412.4464,liability
toyota,US,2024,US,S2,11,2035,1986904,3633537.7454,6694422.0503,3060884.3049,15249129.8094,1828.7435,3369.273,1540.5295,liability
toyota,US,2024,US,S2,12,2036,1986904,3393540.0007,6692047.6085,3298507.6078,18547637.4172,1707.9537,3368.078,1660.1243,liability
toyota,US,2025,US,S1,0,2025,2147795,8328932.7357,7125341.8691,-1203590.8666,-1203590.8666,3877.8993,3317.5149,-560.3844,contribution
toyota,US,2025,US,S1,1,2026,2147795,8236723.0894,7123269.8273,-1113453.2621,-2317044.1287,3834.9671,3316.5501,-518.4169,contribution
toyota,US,2025,US,S1,2,2027,2147795,8145534.2946,7121258.4357,-1024275.8589,-3341319.9876,3792.5101,3315.6137,-476.8965,contribution
toyota,US,2025,US,S1,3,2028,2147795,8055355.0514,7119305.9192,-936049.1322,-4277369.1198,3750.5232,3314.7046,-435.8187,contribution
toyota,US,2025,US,S1,4,2029,2147795,7966174.183,7117410.5544,-848763.6286,-5126132.7484,3709.0012,3313.8221,-395.1791,contribution
toyota,US,2025,US,S1,5,2030,2147795,7877980.6388,7115570.6686,-762409.9702,-5888542.7186,3667.9388,3312.9655,-354.9733,contribution
toyota,US,2025,US,S1,6,2031,2147795,7790763.4818,7113784.6377,-676978.8441,-6565521.5627,3627.331,3312.1339,-315.1971,contribution
toyota,US,2025,US,S1,7,2032,2147795,7704511.9091,7112050.885,-592461.0241,-7157982.5868,3587.1728,3311.3267,-275.8462,contribution
toyota,US,2025,US,S1,8,2033,2147795,7619215.2268,7110367.881,-508847.3458,-7666829.9326,3547.4592,3310.5431,-236.9162,contribution
toyota,US,2025,US,S1,9,2034,2147795,7534862.8637,7108734.1399,-426128.7238,-8092958.6564,3508.1853,3309.7824,-198.4029,contribution
toyota,US,2025,US,S1,10,2035,2147795,7451444.3681,7107148.2197,-344296.1484,-8437254.8048,3469.3462,3309.044,-160.3021,contribution
toyota,US,2025,US,S1,11,2036,2147795,7368949.3964,7105608.7206,-263340.6758,-8700595.4806,3430.937,3308.3272,-122.6098,contribution
toyota,US,2025,US,S1,12,2037,2147795,7287367.7293,7104114.2838,-183253.4455,-8883848.9261,3392.9531,3307.6314,-85.3217,contribution
toyota,US,2025,US,S2,0,2025,2147795,8328932.7357,7125341.8691,-1203590.8666,-1203590.8666,3877.8993,3317.5149,-560.3844,contribution
toyota,US,2025,US,S2,1,2026,2147795,7778800.8241,7122273.4022,-656527.4219,-1860118.2885,3621.7613,3316.0862,-305.6751,contribution
toyota,US,2025,US,S2,2,2027,2147795,7265005.5148,7119337.9435,-145667.5713,-2005785.8598,3382.5414,3314.7195,-67.8219,contribution
toyota,US,2025,US,S2,3,2028,2147795,6785146.7495,7116529.7279,331382.9784,-1674402.8814,3159.1221,3313.412,154.2899,liability
toyota,US,2025,US,S2,4,2029,2147795,6336982.9951,7113843.2396,776860.2445,-897542.6369,2950.4599,3312.1612,361.7013,liability
toyota,US,2025,US,S2,5,2030,2147795,5918420.7762,7111273.2019,1192852.4257,295309.7888,2755.5799,3310.9646,555.3847,liability
toyota,US,2025,US,S2,6,2031,2147795,5527504.8869,7108814.5673,1581309.6804,1876619.4692,2573.5719,3309.8199,736.248,liability
toyota,US,2025,US,S2,7,2032,2147795,5162409.2711,7106462.5069,1944053.2358,3820672.705,2403.5857,3308.7248,905.1391,liability
toyota,US,2025,US,S2,8,2033,2147795,4821428.479,7104212.4011,2282783.9221,6103456.6271,2244.8271,3307.6771,1062.85,liability
toyota,US,2025,US,S2,9,2034,2147795,4502969.7083,7102059.8299,2599090.1216,8702546.7487,2096.5547,3306.6749,1210.1202,liability
toyota,US,2025,US,S2,10,2035,2147795,4205545.3678,7100000.5662,2894455.1984,11597001.9471,1958.0758,3305.7161,1347.6403,liability
toyota,US,2025,US,S2,11,2036,2147795,3927766.1131,7098030.5649,3170264.4518,14767266.3989,1828.7435,3304.7989,1476.0554,liability
toyota,US,2025,US,S2,12,2037,2147795,3668334.3765,7096145.9571,3427811.5806,18195077.9795,1707.9537,3303.9214,1595.9678,liability
