company,destination,model,powertrain,scenario,units,ti_per_vehicle_kgco2e,crossover_year,crossover_calendar_year,reason
honda,AT,CIVIC E:HEV 2.0 ADVA,HEV,S1,34,4282.9007,12.597,2036.6,within lifetime
honda,AT,CIVIC E:HEV 2.0 ELEG,HEV,S1,57,5626.9616,14.64,2038.6,within lifetime
honda,AT,CIVIC E:HEV 2.0 SPOR,HEV,S1,28,4539.2399,12.978,2037.0,within lifetime
honda,AT,CIVIC TYPE R 2.0 TYP,ICE,S1,12,-10824.9702,,,crossover before sale year (product already above benchmark at t=0)
honda,AT,CR-V E:HEV 2WD 2.0 E,HEV,S1,21,-105.2695,6.615,2030.6,within lifetime
honda,AT,CR-V E:HEV 4WD 2.0 A,HEV,S1,82,-3785.0789,2.252,2026.3,within lifetime
honda,AT,CR-V E:HEV 4WD 2.0 E,HEV,S1,45,-3777.0614,2.261,2026.3,within lifetime
honda,AT,E:NY1 EV ADVANCE,BEV,S1,109,26843.8138,,,never crosses: below benchmark at sale and the grid decarbonises at least as fast as the fleet benchmark
honda,AT,E:NY1 EV ELEGANCE,BEV,S1,18,26843.8138,,,never crosses: below benchmark at sale and the grid decarbonises at least as fast as the fleet benchmark
honda,AT,HONDA E EV ADVANCE,BEV,S1,1,26897.804,,,never crosses: below benchmark at sale and the grid decarbonises at least as fast as the fleet benchmark
honda,AT,HR-V E:HEV 1.5 ADVAN,HEV,S1,227,2575.5577,10.153,2034.2,within lifetime
honda,AT,HR-V E:HEV 1.5 ELEGA,HEV,S1,109,2575.5577,10.153,2034.2,within lifetime
honda,AT,JAZZ 1.5 ADVANCE,HEV,S1,46,6518.5626,16.061,2040.1,after lifetime
honda,AT,JAZZ 1.5 ADVANCE SPO,HEV,S1,22,6080.451,15.356,2039.4,after lifetime
honda,AT,JAZZ 1.5 ELEGANCE,HEV,S1,41,6951.3293,16.771,2040.8,after lifetime
honda,AT,JAZZ CROSSTAR 1.5 AD,HEV,S1,63,5628.4293,14.643,2038.6,within lifetime
honda,AT,UNASSIGNED,BEV,S1,4,26843.8138,,,never crosses: below benchmark at sale and the grid decarbonises at least as fast as the fleet benchmark
honda,AT,ZR-V 2.0 ADVANCE,HEV,S1,49,349.2276,7.192,2031.2,within lifetime
honda,AT,ZR-V 2.0 ELEGANCE,HEV,S1,17,797.3501,7.769,2031.8,within lifetime
honda,AT,ZR-V 2.0 SPORT,HEV,S1,84,588.4146,7.499,2031.5,within lifetime
honda,BE,CIVIC,HEV,S1,283,-4510.9797,0.139,2024.1,within lifetime
honda,BE,CIVIC TYPE R,ICE,S1,38,-21731.5078,,,crossover before sale year (product already above benchmark at t=0)
honda,BE,CR-V,HEV,S1,249,-11802.4019,,,crossover before sale year (product already above benchmark at t=0)
honda,BE,E:NY1,BEV,S1,139,19714.3976,,,never crosses: below benchmark at sale and the grid decarbonises at least as fast as the fleet benchmark
honda,BE,HR-V,HEV,S1,513,-6713.3253,,,crossover before sale year (product already above benchmark at t=0)
honda,BE,JAZZ,HEV,S1,220,-2680.0599,2.497,2026.5,within lifetime
honda,BE,ZR-V,HEV,S1,233,-9092.8155,,,crossover before sale year (product already above benchmark at t=0)
honda,BG,CIVIC,HEV,S1,28,12815.8389,,,"r_fleet <= 0: benchmark non-declining, no crossover"
honda,BG,CIVIC TYPE R,ICE,S1,4,-5641.0672,,,"r_fleet <= 0: benchmark non-declining, no crossover"
honda,BG,HONDA CR V,HEV,S1,8,7220.5309,,,"r_fleet <= 0: benchmark non-declining, no crossover"
honda,BG,HONDA CRV,HEV,S1,60,2896.3688,,,"r_fleet <= 0: benchmark non-declining, no crossover"
honda,BG,HONDA HRV,HEV,S1,20,10374.9348,,,"r_fleet <= 0: benchmark non-declining, no crossover"
honda,BG,HONDA ZRV,HEV,S1,38,7919.205,,,"r_fleet <= 0: benchmark non-declining, no crossover"
honda,BG,JAZZ,HEV,S1,12,14055.0728,,,"r_fleet <= 0: benchmark non-declining, no crossover"
honda,CY,CIVIC,HEV,S1,15,-684.2496,8.669,2032.7,within lifetime
honda,CY,CIVIC TYPE R,ICE,S1,1,-20534.9623,,,crossover before sale year (product already above benchmark at t=0)
honda,CY,CR-V,HEV,S1,26,-9728.894,,,crossover before sale year (product already above benchmark at t=0)
honda,CY,E:NY1,BEV,S1,5,15880.955,604.628,2628.6,after lifetime
honda,CY,HR-V,HEV,S1,81,-1849.6266,7.056,2031.1,within lifetime
honda,CY,JAZZ,HEV,S1,5,3179.8953,14.416,2038.4,within lifetime
honda,CY,ZR-V,HEV,S1,8,-4648.0648,3.379,2027.4,within lifetime
honda,CZ,CIVIC,HEV,S1,123,5166.9509,55.367,2079.4,after lifetime
honda,CZ,CIVIC TYPE R,ICE,S1,30,-9536.1481,,,crossover before sale year (product already above benchmark at t=0)
honda,CZ,CR-V,HEV,S1,604,-2734.9756,,,crossover before sale year (product already above benchmark at t=0)
honda,CZ,HR-V,HEV,S1,300,2999.1597,34.069,2058.1,after lifetime
honda,CZ,JAZZ,HEV,S1,44,6141.3521,65.605,2089.6,after lifetime
honda,CZ,ZR-V,HEV,S1,226,1099.2615,16.865,2040.9,after lifetime
honda,DE,,HEV,S1,3,-3568.7666,1.274,2025.3,within lifetime
honda,DE,CIVIC,HEV,S1,823,-1656.1859,4.109,2028.1,within lifetime
honda,DE,CIVIC,ICE,S1,1,-18409.3522,,,crossover before sale year (product already above benchmark at t=0)
honda,DE,CIVIC TYPE R,ICE,S1,123,-17380.9324,,,crossover before sale year (product already above benchmark at t=0)
honda,DE,E:NY1,BEV,S1,796,14253.3085,,,never crosses: below benchmark at sale and the grid decarbonises at least as fast as the fleet benchmark
honda,DE,HONDA CR-V,HEV,S1,1349,-9376.5929,,,crossover before sale year (product already above benchmark at t=0)
honda,DE,HONDA E,BEV,S1,4,14438.5129,,,never crosses: below benchmark at sale and the grid decarbonises at least as fast as the fleet benchmark
honda,DE,HR-V,HEV,S1,1661,-4006.2478,0.654,2024.7,within lifetime
honda,DE,JAZZ,HEV,S1,1173,-354.6136,6.17,2030.2,within lifetime
honda,DE,ZR-V,HEV,S1,855,-6089.0086,,,crossover before sale year (product already above benchmark at t=0)
honda,DK,CIVIC E:HEV,HEV,S1,35,-2404.2352,3.977,2028.0,within lifetime
honda,DK,CIVIC E:HEV,ICE,S1,1,-1663.027,4.766,2028.8,within lifetime
honda,DK,E:NY1,BEV,S1,510,19262.2641,,,never crosses: below benchmark at sale and the grid decarbonises at least as fast as the fleet benchmark
honda,DK,HR-V E:HEV,HEV,S1,161,-5120.5275,1.283,2025.3,within lifetime
honda,DK,HR-V E:HEV,ICE,S1,1,-4679.1599,1.702,2025.7,within lifetime
honda,DK,JAZZ E:HEV,HEV,S1,51,-1701.548,4.724,2028.7,within lifetime
honda,EE,CIVIC,HEV,S1,39,2728.3582,13.539,2037.5,within lifetime
honda,EE,CIVIC TYPE R,ICE,S1,8,-11760.8212,,,crossover before sale year (product already above benchmark at t=0)
honda,EE,CR-V,HEV,S1,217,-4214.3751,5.812,2029.8,within lifetime
honda,EE,E:NY1,BEV,S1,3,19681.1623,,,never crosses: below benchmark at sale and the grid decarbonises at least as fast as the fleet benchmark
honda,EE,HR-V,HEV,S1,87,776.2025,11.154,2035.2,within lifetime
honda,EE,JAZZ,HEV,S1,37,4062.9239,15.289,2039.3,within lifetime
honda,EE,ZR-V,HEV,S1,119,-1134.491,8.993,2033.0,within lifetime
honda,ES,CIVIC,HEV,S1,922,-979.4246,8.312,2032.3,within lifetime
honda,ES,CIVIC TYPE R,ICE,S1,46,-23541.3367,,,crossover before sale year (product already above benchmark at t=0)
honda,ES,CR-V,HEV,S1,429,-9181.8081,,,crossover before sale year (product already above benchmark at t=0)
honda,ES,E:NY1,BEV,S1,35,29654.6503,,,never crosses: below benchmark at sale and the grid decarbonises at least as fast as the fleet benchmark
honda,ES,HONDA E,BEV,S1,15,29755.5061,,,never crosses: below benchmark at sale and the grid decarbonises at least as fast as the fleet benchmark
honda,ES,HR-V,HEV,S1,1188,-4482.2719,4.073,2028.1,within lifetime
honda,ES,JAZZ,HEV,S1,474,671.7306,10.464,2034.5,within lifetime
honda,ES,ZR-V,HEV,S1,644,-7386.1768,0.85,2024.9,within lifetime
honda,FI,CIVIC,HEV,S1,22,-20843.5698,,,crossover before sale year (product already above benchmark at t=0)
honda,FI,CIVIC TYPE R,ICE,S1,1,-41782.1623,,,crossover before sale year (product already above benchmark at t=0)
honda,FI,CR-V,HEV,S1,57,-31087.0933,,,crossover before sale year (product already above benchmark at t=0)
honda,FI,E:NY1,BEV,S1,2,11809.7708,,,never crosses: below benchmark at sale and the grid decarbonises at least as fast as the fleet benchmark
honda,FI,HR-V,HEV,S1,21,-23573.9568,,,crossover before sale year (product already above benchmark at t=0)
honda,FI,JAZZ,HEV,S1,33,-18674.6868,0.062,2024.1,within lifetime
honda,FI,ZR-V,HEV,S1,30,-26363.1867,,,crossover before sale year (product already above benchmark at t=0)
honda,FR,CIVIC,HEV,S1,1190,-2434.7465,3.064,2027.1,within lifetime
honda,FR,CIVIC TYPE R,ICE,S1,5,-19431.8808,,,crossover before sale year (product already above benchmark at t=0)
honda,FR,CR-V,HEV,S1,149,-9269.0836,,,crossover before sale year (product already above benchmark at t=0)
honda,FR,E:NY1,BEV,S1,437,23005.9367,,,never crosses: below benchmark at sale and the grid decarbonises at least as fast as the fleet benchmark
honda,FR,HR-V,HEV,S1,1265,-4826.8001,,,crossover before sale year (product already above benchmark at t=0)
honda,FR,JAZZ,HEV,S1,814,-919.7348,5.929,2029.9,within lifetime
honda,FR,ZR-V,HEV,S1,760,-7114.0607,,,crossover before sale year (product already above benchmark at t=0)
honda,GR,CIVIC,HEV,S1,42,-11120.6093,,,crossover before sale year (product already above benchmark at t=0)
honda,GR,CIVIC TYPE R,HEV,S1,1,-11665.1119,,,crossover before sale year (product already above benchmark at t=0)
honda,GR,CIVIC TYPE R,ICE,S1,9,-30046.917,,,crossover before sale year (product already above benchmark at t=0)
honda,GR,CR-V,HEV,S1,44,-21373.2633,,,crossover before sale year (product already above benchmark at t=0)
honda,GR,E:NY1,BEV,S1,29,10843.4981,,,never crosses: below benchmark at sale and the grid decarbonises at least as fast as the fleet benchmark
honda,GR,HR-V,HEV,S1,136,-14030.9149,,,crossover before sale year (product already above benchmark at t=0)
honda,GR,JAZZ,HEV,S1,114,-9469.9359,,,crossover before sale year (product already above benchmark at t=0)
honda,GR,ZR-V,HEV,S1,57,-16378.2646,,,crossover before sale year (product already above benchmark at t=0)
honda,HR,CIVIC,HEV,S1,30,16367.5892,72.505,2096.5,after lifetime
honda,HR,CIVIC TYPE R,ICE,S1,5,-5569.9346,,,crossover before sale year (product already above benchmark at t=0)
honda,HR,CR-V,HEV,S1,49,5590.4502,28.362,2052.4,after lifetime
honda,HR,HONDA E,BEV,S1,1,45986.2906,,,never crosses: below benchmark at sale and the grid decarbonises at least as fast as the fleet benchmark
honda,HR,HR-V,HEV,S1,27,13453.4811,59.359,2083.4,after lifetime
honda,HR,JAZZ,HEV,S1,10,18511.5583,82.892,2106.9,after lifetime
honda,HR,ZR-V,HEV,S1,34,10514.8631,47.084,2071.1,after lifetime
honda,HU,CIVIC,HEV,S1,140,2099.6261,22.862,2046.9,within lifetime
honda,HU,CIVIC TYPE R,ICE,S1,5,-22105.5868,,,crossover before sale year (product already above benchmark at t=0)
honda,HU,CR-V,HEV,S1,119,-9941.8729,,,crossover before sale year (product already above benchmark at t=0)
honda,HU,E:NY1,BEV,S1,96,33963.7586,,,never crosses: below benchmark at sale and the grid decarbonises at least as fast as the fleet benchmark
honda,HU,HONDA E,BEV,S1,3,34081.8595,,,never crosses: below benchmark at sale and the grid decarbonises at least as fast as the fleet benchmark
honda,HU,HR-V,HEV,S1,179,-1640.6952,1.988,2026.0,within lifetime
honda,HU,JAZZ,HEV,S1,60,3834.2402,33.265,2057.3,after lifetime
honda,HU,ZR-V,HEV,S1,104,-4708.8759,,,crossover before sale year (product already above benchmark at t=0)
honda,IE,CIVIC,HEV,S1,61,-6503.3316,2.237,2026.2,within lifetime
honda,IE,CIVIC TYPE R,ICE,S1,3,-28889.4683,,,crossover before sale year (product already above benchmark at t=0)
honda,IE,CR-V,HEV,S1,10,-18357.6159,,,crossover before sale year (product already above benchmark at t=0)
honda,IE,E:NY1,BEV,S1,5,21793.8427,,,never crosses: below benchmark at sale and the grid decarbonises at least as fast as the fleet benchmark
honda,IE,HONDA E,BEV,S1,1,22273.3573,,,never crosses: below benchmark at sale and the grid decarbonises at least as fast as the fleet benchmark
honda,IE,HR-V,HEV,S1,18,-9101.5309,0.195,2024.2,within lifetime
honda,IE,JAZZ,HEV,S1,83,-3365.129,4.905,2028.9,within lifetime
honda,IE,ZR-V,HEV,S1,23,-12109.2389,,,crossover before sale year (product already above benchmark at t=0)
honda,IT,CIVIC,HEV,S1,440,-4672.7616,,,crossover before sale year (product already above benchmark at t=0)
honda,IT,CIVIC TYPE R,ICE,S1,52,-23597.444,,,crossover before sale year (product already above benchmark at t=0)
honda,IT,CR-V,HEV,S1,841,-13923.9712,,,crossover before sale year (product already above benchmark at t=0)
honda,IT,HR-V,HEV,S1,3188,-7586.4057,,,crossover before sale year (product already above benchmark at t=0)
honda,IT,JAZZ,HEV,S1,1262,-3240.557,1.379,2025.4,within lifetime
honda,IT,ZR-V,HEV,S1,1588,-10050.3632,,,crossover before sale year (product already above benchmark at t=0)
honda,LT,CIVIC,HEV,S1,10,-11828.426,,,crossover before sale year (product already above benchmark at t=0)
honda,LT,CIVIC TYPE-R,ICE,S1,5,-35535.5169,,,crossover before sale year (product already above benchmark at t=0)
honda,LT,CR-V,HEV,S1,55,-23525.4933,,,crossover before sale year (product already above benchmark at t=0)
honda,LT,HR-V,HEV,S1,38,-14790.614,,,crossover before sale year (product already above benchmark at t=0)
honda,LT,JAZZ,HEV,S1,19,-9522.1074,0.963,2025.0,within lifetime
honda,LT,ZR-V,HEV,S1,24,-17954.2647,,,crossover before sale year (product already above benchmark at t=0)
honda,LU,CIVIC,HEV,S1,38,24780.6778,23.553,2047.6,after lifetime
honda,LU,CIVIC TYPE R,ICE,S1,17,12553.8122,12.702,2036.7,after lifetime
honda,LU,CR-V,HEV,S1,39,18562.4538,17.392,2041.4,after lifetime
honda,LU,E:NY1,BEV,S1,19,42237.8405,,,never crosses: below benchmark at sale and the grid decarbonises at least as fast as the fleet benchmark
honda,LU,HR-V,HEV,S1,28,23231.1469,21.854,2045.9,after lifetime
honda,LU,JAZZ,HEV,S1,21,25968.2934,24.949,2048.9,after lifetime
honda,LU,ZR-V,HEV,S1,31,21569.1441,20.162,2044.2,after lifetime
honda,LV,CIVIC,HEV,S1,5,-6814.4648,4.346,2028.3,within lifetime
honda,LV,CIVIC TYPE R,ICE,S1,2,-30922.6829,,,crossover before sale year (product already above benchmark at t=0)
honda,LV,CR-V,HEV,S1,63,-18682.8197,,,crossover before sale year (product already above benchmark at t=0)
honda,LV,E:NY1,BEV,S1,1,27898.1082,,,never crosses: below benchmark at sale and the grid decarbonises at least as fast as the fleet benchmark
honda,LV,HRV,HEV,S1,25,-10036.7481,1.896,2025.9,within lifetime
honda,LV,JAZZ,HEV,S1,5,-4689.129,6.078,2030.1,within lifetime
honda,LV,ZR-V,HEV,S1,25,-13409.8616,,,crossover before sale year (product already above benchmark at t=0)
honda,MT,CIVIC,HEV,S1,3,7040.0445,187.833,2211.8,after lifetime
honda,MT,CR-V,HEV,S1,1,-156.9109,7.036,2031.0,within lifetime
honda,MT,E NY1,BEV,S1,11,16957.1336,,,never crosses: below benchmark at sale and the grid decarbonises at least as fast as the fleet benchmark
honda,MT,HR-V,HEV,S1,1,5335.5025,140.039,2164.0,after lifetime
honda,MT,JAZZ,HEV,S1,9,8407.8827,229.024,2253.0,after lifetime
honda,MT,ZR-V,HEV,S1,4,3488.9152,92.088,2116.1,after lifetime
honda,NL,CIVIC,HEV,S1,202,-10109.0413,,,crossover before sale year (product already above benchmark at t=0)
honda,NL,CIVIC TYPE R,ICE,S1,1,-28015.3202,,,crossover before sale year (product already above benchmark at t=0)
honda,NL,CR-V,HEV,S1,60,-17293.154,,,crossover before sale year (product already above benchmark at t=0)
honda,NL,E:NY1,BEV,S1,118,13403.3611,,,never crosses: below benchmark at sale and the grid decarbonises at least as fast as the fleet benchmark
honda,NL,HR-V,HEV,S1,311,-12446.704,,,crossover before sale year (product already above benchmark at t=0)
honda,NL,JAZZ,HEV,S1,218,-8222.3531,,,crossover before sale year (product already above benchmark at t=0)
honda,NL,ZR-V,HEV,S1,56,-14910.6979,,,crossover before sale year (product already above benchmark at t=0)
honda,PL,CIVIC,HEV,S1,423,1541.2874,,,"r_fleet <= 0: benchmark non-declining, no crossover"
honda,PL,CIVIC TYPE R,ICE,S1,51,-23192.6897,,,"r_fleet <= 0: benchmark non-declining, no crossover"
honda,PL,CR-V,HEV,S1,997,-11038.6158,,,"r_fleet <= 0: benchmark non-declining, no crossover"
honda,PL,HR-V,HEV,S1,1604,-1777.1806,,,"r_fleet <= 0: benchmark non-declining, no crossover"
honda,PL,JAZZ,HEV,S1,199,3129.67,,,"r_fleet <= 0: benchmark non-declining, no crossover"
honda,PL,ZR-V,HEV,S1,608,-5091.8283,,,"r_fleet <= 0: benchmark non-declining, no crossover"
honda,PT,CIVIC,HEV,S1,11,-6324.5402,,,crossover before sale year (product already above benchmark at t=0)
honda,PT,CIVIC TYPE R,ICE,S1,18,-27658.4712,,,crossover before sale year (product already above benchmark at t=0)
honda,PT,CR-V,HEV,S1,19,-12653.2734,,,crossover before sale year (product already above benchmark at t=0)
honda,PT,E:NY1,BEV,S1,34,26638.0091,,,never crosses: below benchmark at sale and the grid decarbonises at least as fast as the fleet benchmark
honda,PT,HR-V,HEV,S1,410,-8973.1355,,,crossover before sale year (product already above benchmark at t=0)
honda,PT,JAZZ,HEV,S1,133,-3692.7509,3.708,2027.7,within lifetime
honda,PT,ZR-V,HEV,S1,41,-11808.0377,,,crossover before sale year (product already above benchmark at t=0)
honda,RO,CIVIC,HEV,S1,283,-9329.6121,,,crossover before sale year (product already above benchmark at t=0)
honda,RO,CIVIC TYPE R,ICE,S1,19,-34808.3092,,,crossover before sale year (product already above benchmark at t=0)
honda,RO,CR-V,HEV,S1,360,-20453.9243,,,crossover before sale year (product already above benchmark at t=0)
honda,RO,E:NY1,BEV,S1,3,23598.2577,,,never crosses: below benchmark at sale and the grid decarbonises at least as fast as the fleet benchmark
honda,RO,HR-V,HEV,S1,234,-12563.8619,,,crossover before sale year (product already above benchmark at t=0)
honda,RO,JAZZ,HEV,S1,28,-6383.3476,,,crossover before sale year (product already above benchmark at t=0)
honda,RO,ZR-V,HEV,S1,142,-15967.953,,,crossover before sale year (product already above benchmark at t=0)
honda,SE,CIVIC,HEV,S1,116,-4846.6494,2.263,2026.3,within lifetime
honda,SE,CIVIC TYPE R,ICE,S1,12,-23361.6371,,,crossover before sale year (product already above benchmark at t=0)
honda,SE,CR-V,HEV,S1,113,-12526.1656,,,crossover before sale year (product already above benchmark at t=0)
honda,SE,E:NY1,BEV,S1,326,22608.5985,141.523,2165.5,after lifetime
honda,SE,HR-V,HEV,S1,207,-7608.287,,,crossover before sale year (product already above benchmark at t=0)
honda,SE,JAZZ,HEV,S1,120,-3279.8647,3.729,2027.7,within lifetime
honda,SE,ZR-V,HEV,S1,58,-9970.3356,,,crossover before sale year (product already above benchmark at t=0)
honda,SI,CIVIC / 5 VRAT / 2.0 / HEV,HEV,S1,54,12234.7477,33.217,2057.2,after lifetime
honda,SI,CIVIC / 5 VRAT / 2.0 / TYPE R,ICE,S1,1,-9945.1962,,,crossover before sale year (product already above benchmark at t=0)
honda,SI,CR-V / 2.0 / 4WD / E-CVT / HIBRID,HEV,S1,1,-3682.3899,2.101,2026.1,within lifetime
honda,SI,CR-V / 2.0 / FHEV / AVT / 2WD,HEV,S1,17,5431.4167,18.483,2042.5,after lifetime
honda,SI,CR-V / 2.0 / FHEV / AVT / 4WD,HEV,S1,42,88.8404,8.496,2032.5,within lifetime
honda,SI,HR-V / 1.5 / E-CVT / FHEV,HEV,S1,39,9202.6471,26.328,2050.3,after lifetime
honda,SI,HR-V / 1.5 / E-CVT FHEV,HEV,S1,2,9202.6471,26.328,2050.3,after lifetime
honda,SI,JAZZ / 1.5 / HIBRID,HEV,S1,5,14985.2002,39.998,2064.0,after lifetime
honda,SI,JAZZ / 1.5 / HIBRID / CROSS,HEV,S1,8,13602.4158,36.52,2060.5,after lifetime
honda,SI,JAZZ / 1.5 / HIBRID CROSS,HEV,S1,4,13602.4158,36.52,2060.5,after lifetime
honda,SI,ZR-V / 2.0 / EHEV / AVT /,HEV,S1,71,6343.2374,20.313,2044.3,after lifetime
honda,SK,CIVIC,HEV,S1,44,-2310.2265,3.658,2027.7,within lifetime
honda,SK,CIVIC TYPE R,ICE,S1,6,-21211.7985,,,crossover before sale year (product already above benchmark at t=0)
honda,SK,CR-V,HEV,S1,232,-12556.0723,,,crossover before sale year (product already above benchmark at t=0)
honda,SK,HR-V,HEV,S1,188,-5195.7964,,,crossover before sale year (product already above benchmark at t=0)
honda,SK,HR-V.,HEV,S1,1,-5195.7964,,,crossover before sale year (product already above benchmark at t=0)
honda,SK,JAZZ,HEV,S1,31,-913.6142,6.394,2030.4,within lifetime
honda,SK,ZR-V,HEV,S1,137,-7624.924,,,crossover before sale year (product already above benchmark at t=0)
honda,AT,CIVIC E:HEV 2.0 ADVA,HEV,S2,34,1224.774,7.663,2031.7,within lifetime
honda,AT,CIVIC E:HEV 2.0 ELEG,HEV,S2,57,2568.8349,8.906,2032.9,within lifetime
honda,AT,CIVIC E:HEV 2.0 SPOR,HEV,S2,28,1481.1132,7.895,2031.9,within lifetime
honda,AT,CIVIC TYPE R 2.0 TYP,ICE,S2,12,-13883.0969,,,crossover before sale year (product already above benchmark at t=0)
honda,AT,CR-V E:HEV 2WD 2.0 E,HEV,S2,21,-3163.3962,4.024,2028.0,within lifetime
honda,AT,CR-V E:HEV 4WD 2.0 A,HEV,S2,82,-6843.2056,1.37,2025.4,within lifetime
honda,AT,CR-V E:HEV 4WD 2.0 E,HEV,S2,45,-6835.1881,1.375,2025.4,within lifetime
honda,AT,E:NY1 EV ADVANCE,BEV,S2,109,22835.5063,52.553,2076.6,after lifetime
honda,AT,E:NY1 EV ELEGANCE,BEV,S2,18,22835.5063,52.553,2076.6,after lifetime
honda,AT,HONDA E EV ADVANCE,BEV,S2,1,22910.3796,53.053,2077.1,after lifetime
honda,AT,HR-V E:HEV 1.5 ADVAN,HEV,S2,227,-482.569,6.177,2030.2,within lifetime
honda,AT,HR-V E:HEV 1.5 ELEGA,HEV,S2,109,-482.569,6.177,2030.2,within lifetime
honda,AT,JAZZ 1.5 ADVANCE,HEV,S2,46,3460.4359,9.771,2033.8,within lifetime
honda,AT,JAZZ 1.5 ADVANCE SPO,HEV,S2,22,3022.3243,9.342,2033.3,within lifetime
honda,AT,JAZZ 1.5 ELEGANCE,HEV,S2,41,3893.2026,10.203,2034.2,within lifetime
honda,AT,JAZZ CROSSTAR 1.5 AD,HEV,S2,63,2570.3026,8.908,2032.9,within lifetime
honda,AT,UNASSIGNED,BEV,S2,4,22835.5063,52.553,2076.6,after lifetime
honda,AT,ZR-V 2.0 ADVANCE,HEV,S2,49,-2708.8992,4.375,2028.4,within lifetime
honda,AT,ZR-V 2.0 ELEGANCE,HEV,S2,17,-2260.7766,4.726,2028.7,within lifetime
honda,AT,ZR-V 2.0 SPORT,HEV,S2,84,-2469.7121,4.562,2028.6,within lifetime
honda,BE,CIVIC,HEV,S2,283,-6548.6672,0.091,2024.1,within lifetime
honda,BE,CIVIC TYPE R,ICE,S2,38,-23769.1953,,,crossover before sale year (product already above benchmark at t=0)
honda,BE,CR-V,HEV,S2,249,-13840.0894,,,crossover before sale year (product already above benchmark at t=0)
honda,BE,E:NY1,BEV,S2,139,16553.0737,40.146,2064.1,after lifetime
honda,BE,HR-V,HEV,S2,513,-8751.0128,,,crossover before sale year (product already above benchmark at t=0)
honda,BE,JAZZ,HEV,S2,220,-4717.7473,1.625,2025.6,within lifetime
honda,BE,ZR-V,HEV,S2,233,-11130.503,,,crossover before sale year (product already above benchmark at t=0)
honda,BG,CIVIC,HEV,S2,28,-4253.3916,4.416,2028.4,within lifetime
honda,BG,CIVIC TYPE R,ICE,S2,4,-22710.2977,,,crossover before sale year (product already above benchmark at t=0)
honda,BG,HONDA CR V,HEV,S2,8,-9848.6996,0.522,2024.5,within lifetime
honda,BG,HONDA CRV,HEV,S2,60,-14172.8617,,,crossover before sale year (product already above benchmark at t=0)
honda,BG,HONDA HRV,HEV,S2,20,-6694.2957,2.634,2026.6,within lifetime
honda,BG,HONDA ZRV,HEV,S2,38,-9150.0254,0.973,2025.0,within lifetime
honda,BG,JAZZ,HEV,S2,12,-3014.1577,5.378,2029.4,within lifetime
honda,CY,CIVIC,HEV,S2,15,-7683.486,3.828,2027.8,within lifetime
honda,CY,CIVIC TYPE R,ICE,S2,1,-27534.1987,,,crossover before sale year (product already above benchmark at t=0)
honda,CY,CR-V,HEV,S2,26,-16728.1304,,,crossover before sale year (product already above benchmark at t=0)
honda,CY,E:NY1,BEV,S2,5,5003.0983,13.527,2037.5,within lifetime
honda,CY,HR-V,HEV,S2,81,-8848.863,3.116,2027.1,within lifetime
honda,CY,JAZZ,HEV,S2,5,-3819.3411,6.366,2030.4,within lifetime
honda,CY,ZR-V,HEV,S2,8,-11647.3012,1.492,2025.5,within lifetime
honda,CZ,CIVIC,HEV,S2,123,-1708.6957,5.287,2029.3,within lifetime
honda,CZ,CIVIC TYPE R,ICE,S2,30,-16411.7947,,,crossover before sale year (product already above benchmark at t=0)
honda,CZ,CR-V,HEV,S2,604,-9610.6223,,,crossover before sale year (product already above benchmark at t=0)
honda,CZ,HR-V,HEV,S2,300,-3876.4869,3.253,2027.3,within lifetime
honda,CZ,JAZZ,HEV,S2,44,-734.2945,6.264,2030.3,within lifetime
honda,CZ,ZR-V,HEV,S2,226,-5776.3851,1.61,2025.6,within lifetime
honda,DE,,HEV,S2,3,-5981.1011,0.765,2024.8,within lifetime
honda,DE,CIVIC,HEV,S2,823,-4068.5205,2.468,2026.5,within lifetime
honda,DE,CIVIC,ICE,S2,1,-20821.6867,,,crossover before sale year (product already above benchmark at t=0)
honda,DE,CIVIC TYPE R,ICE,S2,123,-19793.267,,,crossover before sale year (product already above benchmark at t=0)
honda,DE,E:NY1,BEV,S2,796,9209.5129,20.228,2044.2,after lifetime
honda,DE,HONDA CR-V,HEV,S2,1349,-11788.9274,,,crossover before sale year (product already above benchmark at t=0)
honda,DE,HONDA E,BEV,S2,4,9452.5516,20.728,2044.7,after lifetime
honda,DE,HR-V,HEV,S2,1661,-6418.5824,0.393,2024.4,within lifetime
honda,DE,JAZZ,HEV,S2,1173,-2766.9481,3.706,2027.7,within lifetime
honda,DE,ZR-V,HEV,S2,855,-8501.3432,,,crossover before sale year (product already above benchmark at t=0)
honda,DK,CIVIC E:HEV,HEV,S2,35,-3017.9271,3.562,2027.6,within lifetime
honda,DK,CIVIC E:HEV,ICE,S2,1,-2276.7189,4.269,2028.3,within lifetime
honda,DK,E:NY1,BEV,S2,510,16652.5014,42.084,2066.1,after lifetime
honda,DK,HR-V E:HEV,HEV,S2,161,-5734.2194,1.149,2025.1,within lifetime
honda,DK,HR-V E:HEV,ICE,S2,1,-5292.8518,1.524,2025.5,within lifetime
honda,DK,JAZZ E:HEV,HEV,S2,51,-2315.2398,4.231,2028.2,within lifetime
honda,EE,CIVIC,HEV,S2,39,326.1627,10.346,2034.3,within lifetime
honda,EE,CIVIC TYPE R,ICE,S2,8,-14163.0168,,,crossover before sale year (product already above benchmark at t=0)
honda,EE,CR-V,HEV,S2,217,-6616.5707,4.441,2028.4,within lifetime
honda,EE,E:NY1,BEV,S2,3,12856.5769,27.89,2051.9,after lifetime
honda,EE,HR-V,HEV,S2,87,-1625.993,8.524,2032.5,within lifetime
honda,EE,JAZZ,HEV,S2,37,1660.7283,11.683,2035.7,within lifetime
honda,EE,ZR-V,HEV,S2,119,-3536.6866,6.872,2030.9,within lifetime
honda,ES,CIVIC,HEV,S2,922,-6573.6751,4.34,2028.3,within lifetime
honda,ES,CIVIC TYPE R,ICE,S2,46,-29135.5872,,,crossover before sale year (product already above benchmark at t=0)
honda,ES,CR-V,HEV,S2,429,-14776.0586,,,crossover before sale year (product already above benchmark at t=0)
honda,ES,E:NY1,BEV,S2,35,20598.881,40.719,2064.7,after lifetime
honda,ES,HONDA E,BEV,S2,15,20806.2451,41.423,2065.4,after lifetime
honda,ES,HR-V,HEV,S2,1188,-10076.5224,2.127,2026.1,within lifetime
honda,ES,JAZZ,HEV,S2,474,-4922.5199,5.464,2029.5,within lifetime
honda,ES,ZR-V,HEV,S2,644,-12980.4273,0.444,2024.4,within lifetime
honda,FI,CIVIC,HEV,S2,22,-13763.1851,,,crossover before sale year (product already above benchmark at t=0)
honda,FI,CIVIC TYPE R,ICE,S2,1,-34701.7776,,,crossover before sale year (product already above benchmark at t=0)
honda,FI,CR-V,HEV,S2,57,-24006.7086,,,crossover before sale year (product already above benchmark at t=0)
honda,FI,E:NY1,BEV,S2,2,16973.1956,53.176,2077.2,after lifetime
honda,FI,HR-V,HEV,S2,21,-16493.5721,,,crossover before sale year (product already above benchmark at t=0)
honda,FI,JAZZ,HEV,S2,33,-11594.3021,0.137,2024.1,within lifetime
honda,FI,ZR-V,HEV,S2,30,-19282.802,,,crossover before sale year (product already above benchmark at t=0)
honda,FR,CIVIC,HEV,S2,1190,-6267.1089,1.413,2025.4,within lifetime
honda,FR,CIVIC TYPE R,ICE,S2,5,-23264.2433,,,crossover before sale year (product already above benchmark at t=0)
honda,FR,CR-V,HEV,S2,149,-13101.4461,,,crossover before sale year (product already above benchmark at t=0)
honda,FR,E:NY1,BEV,S2,437,18860.5888,66.98,2091.0,after lifetime
honda,FR,HR-V,HEV,S2,1265,-8659.1626,,,crossover before sale year (product already above benchmark at t=0)
honda,FR,JAZZ,HEV,S2,814,-4752.0973,2.735,2026.7,within lifetime
honda,FR,ZR-V,HEV,S2,760,-10946.4232,,,crossover before sale year (product already above benchmark at t=0)
honda,GR,CIVIC,HEV,S2,42,-14195.3842,,,crossover before sale year (product already above benchmark at t=0)
honda,GR,CIVIC TYPE R,HEV,S2,1,-14739.8869,,,crossover before sale year (product already above benchmark at t=0)
honda,GR,CIVIC TYPE R,ICE,S2,9,-33121.6919,,,crossover before sale year (product already above benchmark at t=0)
honda,GR,CR-V,HEV,S2,44,-24448.0382,,,crossover before sale year (product already above benchmark at t=0)
honda,GR,E:NY1,BEV,S2,29,2256.9716,11.586,2035.6,within lifetime
honda,GR,HR-V,HEV,S2,136,-17105.6898,,,crossover before sale year (product already above benchmark at t=0)
honda,GR,JAZZ,HEV,S2,114,-12544.7109,,,crossover before sale year (product already above benchmark at t=0)
honda,GR,ZR-V,HEV,S2,57,-19453.0396,,,crossover before sale year (product already above benchmark at t=0)
honda,HR,CIVIC,HEV,S2,30,1788.4094,9.883,2033.9,within lifetime
honda,HR,CIVIC TYPE R,ICE,S2,5,-20149.1145,,,crossover before sale year (product already above benchmark at t=0)
honda,HR,CR-V,HEV,S2,49,-8988.7297,3.866,2027.9,within lifetime
honda,HR,HONDA E,BEV,S2,1,28956.0183,43.198,2067.2,after lifetime
honda,HR,HR-V,HEV,S2,27,-1125.6988,8.091,2032.1,within lifetime
honda,HR,JAZZ,HEV,S2,10,3932.3785,11.299,2035.3,within lifetime
honda,HR,ZR-V,HEV,S2,34,-4064.3168,6.418,2030.4,within lifetime
honda,HU,CIVIC,HEV,S2,140,-10751.9716,2.36,2026.4,within lifetime
honda,HU,CIVIC TYPE R,ICE,S2,5,-34957.1845,,,crossover before sale year (product already above benchmark at t=0)
honda,HU,CR-V,HEV,S2,119,-22793.4706,,,crossover before sale year (product already above benchmark at t=0)
honda,HU,E:NY1,BEV,S2,96,17173.7207,33.566,2057.6,after lifetime
honda,HU,HONDA E,BEV,S2,3,17378.3807,34.066,2058.1,after lifetime
honda,HU,HR-V,HEV,S2,179,-14492.2929,0.205,2024.2,within lifetime
honda,HU,JAZZ,HEV,S2,60,-9017.3576,3.434,2027.4,within lifetime
honda,HU,ZR-V,HEV,S2,104,-17560.4736,,,crossover before sale year (product already above benchmark at t=0)
honda,IE,CIVIC,HEV,S2,61,-8953.1646,1.673,2025.7,within lifetime
honda,IE,CIVIC TYPE R,ICE,S2,3,-31339.3013,,,crossover before sale year (product already above benchmark at t=0)
honda,IE,CR-V,HEV,S2,10,-20807.4489,,,crossover before sale year (product already above benchmark at t=0)
honda,IE,E:NY1,BEV,S2,5,14848.0306,24.854,2048.9,after lifetime
honda,IE,HONDA E,BEV,S2,1,15574.577,26.126,2050.1,after lifetime
honda,IE,HR-V,HEV,S2,18,-11551.3639,0.146,2024.1,within lifetime
honda,IE,JAZZ,HEV,S2,83,-5814.9621,3.667,2027.7,within lifetime
honda,IE,ZR-V,HEV,S2,23,-14559.0719,,,crossover before sale year (product already above benchmark at t=0)
honda,IT,CIVIC,HEV,S2,440,-9148.7525,,,crossover before sale year (product already above benchmark at t=0)
honda,IT,CIVIC TYPE R,ICE,S2,52,-28073.4349,,,crossover before sale year (product already above benchmark at t=0)
honda,IT,CR-V,HEV,S2,841,-18399.9621,,,crossover before sale year (product already above benchmark at t=0)
honda,IT,HR-V,HEV,S2,3188,-12062.3966,,,crossover before sale year (product already above benchmark at t=0)
honda,IT,JAZZ,HEV,S2,1262,-7716.5479,0.561,2024.6,within lifetime
honda,IT,ZR-V,HEV,S2,1588,-14526.3541,,,crossover before sale year (product already above benchmark at t=0)
honda,LT,CIVIC,HEV,S2,10,-14603.9423,,,crossover before sale year (product already above benchmark at t=0)
honda,LT,CIVIC TYPE-R,ICE,S2,5,-38311.0332,,,crossover before sale year (product already above benchmark at t=0)
honda,LT,CR-V,HEV,S2,55,-26301.0096,,,crossover before sale year (product already above benchmark at t=0)
honda,LT,HR-V,HEV,S2,38,-17566.1303,,,crossover before sale year (product already above benchmark at t=0)
honda,LT,JAZZ,HEV,S2,19,-12297.6237,0.708,2024.7,within lifetime
honda,LT,ZR-V,HEV,S2,24,-20729.781,,,crossover before sale year (product already above benchmark at t=0)
honda,LU,CIVIC,HEV,S2,38,24747.1128,23.473,2047.5,after lifetime
honda,LU,CIVIC TYPE R,ICE,S2,17,12520.2472,12.659,2036.7,after lifetime
honda,LU,CR-V,HEV,S2,39,18528.8888,17.332,2041.3,after lifetime
honda,LU,E:NY1,BEV,S2,19,41089.0492,62.598,2086.6,after lifetime
honda,LU,HR-V,HEV,S2,28,23197.5819,21.779,2045.8,after lifetime
honda,LU,JAZZ,HEV,S2,21,25934.7283,24.864,2048.9,after lifetime
honda,LU,ZR-V,HEV,S2,31,21535.579,20.094,2044.1,after lifetime
honda,LV,CIVIC,HEV,S2,5,-10099.4054,3.202,2027.2,within lifetime
honda,LV,CIVIC TYPE R,ICE,S2,2,-34207.6235,,,crossover before sale year (product already above benchmark at t=0)
honda,LV,CR-V,HEV,S2,63,-21967.7604,,,crossover before sale year (product already above benchmark at t=0)
honda,LV,E:NY1,BEV,S2,1,21581.5322,41.907,2065.9,after lifetime
honda,LV,HRV,HEV,S2,25,-13321.6887,1.396,2025.4,within lifetime
honda,LV,JAZZ,HEV,S2,5,-7974.0696,4.477,2028.5,within lifetime
honda,LV,ZR-V,HEV,S2,25,-16694.8023,,,crossover before sale year (product already above benchmark at t=0)
honda,MT,CIVIC,HEV,S2,3,-2529.8417,6.781,2030.8,within lifetime
honda,MT,CR-V,HEV,S2,1,-9726.7971,0.254,2024.3,within lifetime
honda,MT,E NY1,BEV,S2,11,4964.801,16.486,2040.5,within lifetime
honda,MT,HR-V,HEV,S2,1,-4234.3838,5.055,2029.1,within lifetime
honda,MT,JAZZ,HEV,S2,9,-1162.0035,8.268,2032.3,within lifetime
honda,MT,ZR-V,HEV,S2,4,-6080.971,3.324,2027.3,within lifetime
honda,NL,CIVIC,HEV,S2,202,-10986.317,,,crossover before sale year (product already above benchmark at t=0)
honda,NL,CIVIC TYPE R,ICE,S2,1,-28892.596,,,crossover before sale year (product already above benchmark at t=0)
honda,NL,CR-V,HEV,S2,60,-18170.4298,,,crossover before sale year (product already above benchmark at t=0)
honda,NL,E:NY1,BEV,S2,118,8221.6988,20.928,2044.9,after lifetime
honda,NL,HR-V,HEV,S2,311,-13323.9798,,,crossover before sale year (product already above benchmark at t=0)
honda,NL,JAZZ,HEV,S2,218,-9099.6289,,,crossover before sale year (product already above benchmark at t=0)
honda,NL,ZR-V,HEV,S2,56,-15787.9736,,,crossover before sale year (product already above benchmark at t=0)
honda,PL,CIVIC,HEV,S2,423,-16234.8308,,,crossover before sale year (product already above benchmark at t=0)
honda,PL,CIVIC TYPE R,ICE,S2,51,-40968.808,,,crossover before sale year (product already above benchmark at t=0)
honda,PL,CR-V,HEV,S2,997,-28814.734,,,crossover before sale year (product already above benchmark at t=0)
honda,PL,HR-V,HEV,S2,1604,-19553.2988,,,crossover before sale year (product already above benchmark at t=0)
honda,PL,JAZZ,HEV,S2,199,-14646.4482,,,crossover before sale year (product already above benchmark at t=0)
honda,PL,ZR-V,HEV,S2,608,-22867.9465,,,crossover before sale year (product already above benchmark at t=0)
honda,PT,CIVIC,HEV,S2,11,-11703.343,,,crossover before sale year (product already above benchmark at t=0)
honda,PT,CIVIC TYPE R,ICE,S2,18,-33037.274,,,crossover before sale year (product already above benchmark at t=0)
honda,PT,CR-V,HEV,S2,19,-18032.0763,,,crossover before sale year (product already above benchmark at t=0)
honda,PT,E:NY1,BEV,S2,34,17963.3602,43.168,2067.2,after lifetime
honda,PT,HR-V,HEV,S2,410,-14351.9383,,,crossover before sale year (product already above benchmark at t=0)
honda,PT,JAZZ,HEV,S2,133,-9071.5537,1.723,2025.7,within lifetime
honda,PT,ZR-V,HEV,S2,41,-17186.8406,,,crossover before sale year (product already above benchmark at t=0)
honda,RO,CIVIC,HEV,S2,283,-20202.1582,,,crossover before sale year (product already above benchmark at t=0)
honda,RO,CIVIC TYPE R,ICE,S2,19,-45680.8554,,,crossover before sale year (product already above benchmark at t=0)
honda,RO,CR-V,HEV,S2,360,-31326.4705,,,crossover before sale year (product already above benchmark at t=0)
honda,RO,E:NY1,BEV,S2,3,7314.5988,20.438,2044.4,within lifetime
honda,RO,HR-V,HEV,S2,234,-23436.408,,,crossover before sale year (product already above benchmark at t=0)
honda,RO,JAZZ,HEV,S2,28,-17255.8938,,,crossover before sale year (product already above benchmark at t=0)
honda,RO,ZR-V,HEV,S2,142,-26840.4991,,,crossover before sale year (product already above benchmark at t=0)
honda,SE,CIVIC,HEV,S2,116,-5783.633,1.954,2026.0,within lifetime
honda,SE,CIVIC TYPE R,ICE,S2,12,-24298.6207,,,crossover before sale year (product already above benchmark at t=0)
honda,SE,CR-V,HEV,S2,113,-13463.1493,,,crossover before sale year (product already above benchmark at t=0)
honda,SE,E:NY1,BEV,S2,326,21520.7125,70.724,2094.7,after lifetime
honda,SE,HR-V,HEV,S2,207,-8545.2706,,,crossover before sale year (product already above benchmark at t=0)
honda,SE,JAZZ,HEV,S2,120,-4216.8483,3.22,2027.2,within lifetime
honda,SE,ZR-V,HEV,S2,58,-10907.3192,,,crossover before sale year (product already above benchmark at t=0)
honda,SI,CIVIC / 5 VRAT / 2.0 / HEV,HEV,S2,54,1666.5679,8.944,2032.9,within lifetime
honda,SI,CIVIC / 5 VRAT / 2.0 / TYPE R,ICE,S2,1,-20513.376,,,crossover before sale year (product already above benchmark at t=0)
honda,SI,CR-V / 2.0 / 4WD / E-CVT / HIBRID,HEV,S2,1,-14250.5697,0.566,2024.6,within lifetime
honda,SI,CR-V / 2.0 / FHEV / AVT / 2WD,HEV,S2,17,-5136.763,4.977,2029.0,within lifetime
honda,SI,CR-V / 2.0 / FHEV / AVT / 4WD,HEV,S2,42,-10479.3393,2.287,2026.3,within lifetime
honda,SI,HR-V / 1.5 / E-CVT / FHEV,HEV,S2,39,-1365.5327,7.089,2031.1,within lifetime
honda,SI,HR-V / 1.5 / E-CVT FHEV,HEV,S2,2,-1365.5327,7.089,2031.1,within lifetime
honda,SI,JAZZ / 1.5 / HIBRID,HEV,S2,5,4417.0205,10.77,2034.8,within lifetime
honda,SI,JAZZ / 1.5 / HIBRID / CROSS,HEV,S2,8,3034.236,9.833,2033.8,within lifetime
honda,SI,JAZZ / 1.5 / HIBRID CROSS,HEV,S2,4,3034.236,9.833,2033.8,within lifetime
honda,SI,ZR-V / 2.0 / EHEV / AVT /,HEV,S2,71,-4224.9424,5.469,2029.5,within lifetime
honda,SK,CIVIC,HEV,S2,44,-7249.8185,1.476,2025.5,within lifetime
honda,SK,CIVIC TYPE R,ICE,S2,6,-26151.3904,,,crossover before sale year (product already above benchmark at t=0)
honda,SK,CR-V,HEV,S2,232,-17495.6643,,,crossover before sale year (product already above benchmark at t=0)
honda,SK,HR-V,HEV,S2,188,-10135.3883,,,crossover before sale year (product already above benchmark at t=0)
honda,SK,HR-V.,HEV,S2,1,-10135.3883,,,crossover before sale year (product already above benchmark at t=0)
honda,SK,JAZZ,HEV,S2,31,-5853.2061,2.58,2026.6,within lifetime
honda,SK,ZR-V,HEV,S2,137,-12564.516,,,crossover before sale year (product already above benchmark at t=0)
honda,AT,CIVIC E:HEV 2.0 ADVA,HEV,S3,34,-9634.025,2.345,2026.3,within lifetime
honda,AT,CIVIC E:HEV 2.0 ELEG,HEV,S3,57,-8289.9641,2.725,2026.7,within lifetime
honda,AT,CIVIC E:HEV 2.0 SPOR,HEV,S3,28,-9377.6859,2.416,2026.4,within lifetime
honda,AT,CIVIC TYPE R 2.0 TYP,ICE,S3,12,-24741.896,,,crossover before sale year (product already above benchmark at t=0)
honda,AT,CR-V E:HEV 2WD 2.0 E,HEV,S3,21,-14022.1952,1.232,2025.2,within lifetime
honda,AT,CR-V E:HEV 4WD 2.0 A,HEV,S3,82,-17702.0046,0.419,2024.4,within lifetime
honda,AT,CR-V E:HEV 4WD 2.0 E,HEV,S3,45,-17693.9871,0.421,2024.4,within lifetime
honda,AT,E:NY1 EV ADVANCE,BEV,S3,109,13423.3539,41.939,2065.9,after lifetime
honda,AT,E:NY1 EV ELEGANCE,BEV,S3,18,13423.3539,41.939,2065.9,after lifetime
honda,AT,HONDA E EV ADVANCE,BEV,S3,1,13466.4328,42.338,2066.3,after lifetime
honda,AT,HR-V E:HEV 1.5 ADVAN,HEV,S3,227,-11341.3681,1.89,2025.9,within lifetime
honda,AT,HR-V E:HEV 1.5 ELEGA,HEV,S3,109,-11341.3681,1.89,2025.9,within lifetime
honda,AT,JAZZ 1.5 ADVANCE,HEV,S3,46,-7398.3631,2.99,2027.0,within lifetime
honda,AT,JAZZ 1.5 ADVANCE SPO,HEV,S3,22,-7836.4748,2.859,2026.9,within lifetime
honda,AT,JAZZ 1.5 ELEGANCE,HEV,S3,41,-6965.5964,3.122,2027.1,within lifetime
honda,AT,JAZZ CROSSTAR 1.5 AD,HEV,S3,63,-8288.4965,2.726,2026.7,within lifetime
honda,AT,UNASSIGNED,BEV,S3,4,13423.3539,41.939,2065.9,after lifetime
honda,AT,ZR-V 2.0 ADVANCE,HEV,S3,49,-13567.6982,1.339,2025.3,within lifetime
honda,AT,ZR-V 2.0 ELEGANCE,HEV,S3,17,-13119.5757,1.446,2025.4,within lifetime
honda,AT,ZR-V 2.0 SPORT,HEV,S3,84,-13328.5111,1.396,2025.4,within lifetime
honda,BE,CIVIC,HEV,S3,283,-14973.2088,0.028,2024.0,within lifetime
honda,BE,CIVIC TYPE R,ICE,S3,38,-32193.7369,,,crossover before sale year (product already above benchmark at t=0)
honda,BE,CR-V,HEV,S3,249,-22264.631,,,crossover before sale year (product already above benchmark at t=0)
honda,BE,E:NY1,BEV,S3,139,10023.5745,32.038,2056.0,after lifetime
honda,BE,HR-V,HEV,S3,513,-17175.5544,,,crossover before sale year (product already above benchmark at t=0)
honda,BE,JAZZ,HEV,S3,220,-13142.2889,0.497,2024.5,within lifetime
honda,BE,ZR-V,HEV,S3,233,-19555.0446,,,crossover before sale year (product already above benchmark at t=0)
honda,BG,CIVIC,HEV,S3,28,-15891.932,1.351,2025.4,within lifetime
honda,BG,CIVIC TYPE R,ICE,S3,4,-34348.8381,,,crossover before sale year (product already above benchmark at t=0)
honda,BG,HONDA CR V,HEV,S3,8,-21487.24,0.16,2024.2,within lifetime
honda,BG,HONDA CRV,HEV,S3,60,-25811.4021,,,crossover before sale year (product already above benchmark at t=0)
honda,BG,HONDA HRV,HEV,S3,20,-18332.836,0.806,2024.8,within lifetime
honda,BG,HONDA ZRV,HEV,S3,38,-20788.5658,0.298,2024.3,within lifetime
honda,BG,JAZZ,HEV,S3,12,-14652.6981,1.646,2025.6,within lifetime
honda,CY,CIVIC,HEV,S3,15,-21823.0985,1.172,2025.2,within lifetime
honda,CY,CIVIC TYPE R,ICE,S3,1,-41673.8112,,,crossover before sale year (product already above benchmark at t=0)
honda,CY,CR-V,HEV,S3,26,-30867.7429,,,crossover before sale year (product already above benchmark at t=0)
honda,CY,E:NY1,BEV,S3,5,3320.0191,10.795,2034.8,within lifetime
honda,CY,HR-V,HEV,S3,81,-22988.4755,0.954,2025.0,within lifetime
honda,CY,JAZZ,HEV,S3,5,-17958.9536,1.948,2025.9,within lifetime
honda,CY,ZR-V,HEV,S3,8,-25786.9137,0.457,2024.5,within lifetime
honda,CZ,CIVIC,HEV,S3,123,-10831.1577,1.618,2025.6,within lifetime
honda,CZ,CIVIC TYPE R,ICE,S3,30,-25534.2567,,,crossover before sale year (product already above benchmark at t=0)
honda,CZ,CR-V,HEV,S3,604,-18733.0843,,,crossover before sale year (product already above benchmark at t=0)
honda,CZ,HR-V,HEV,S3,300,-12998.9489,0.995,2025.0,within lifetime
honda,CZ,JAZZ,HEV,S3,44,-9856.7565,1.917,2025.9,within lifetime
honda,CZ,ZR-V,HEV,S3,226,-14898.8471,0.493,2024.5,within lifetime
honda,DE,,HEV,S3,3,-14367.7204,0.234,2024.2,within lifetime
honda,DE,CIVIC,HEV,S3,823,-12455.1398,0.755,2024.8,within lifetime
honda,DE,CIVIC,ICE,S3,1,-29208.306,,,crossover before sale year (product already above benchmark at t=0)
honda,DE,CIVIC TYPE R,ICE,S3,123,-28179.8863,,,crossover before sale year (product already above benchmark at t=0)
honda,DE,E:NY1,BEV,S3,796,5518.7072,16.142,2040.1,after lifetime
honda,DE,HONDA CR-V,HEV,S3,1349,-20175.5467,,,crossover before sale year (product already above benchmark at t=0)
honda,DE,HONDA E,BEV,S3,4,5658.5413,16.542,2040.5,after lifetime
honda,DE,HR-V,HEV,S3,1661,-14805.2016,0.12,2024.1,within lifetime
honda,DE,JAZZ,HEV,S3,1173,-11153.5674,1.134,2025.1,within lifetime
honda,DE,ZR-V,HEV,S3,855,-16887.9625,,,crossover before sale year (product already above benchmark at t=0)
honda,DK,CIVIC E:HEV,HEV,S3,35,-11703.6414,1.09,2025.1,within lifetime
honda,DK,CIVIC E:HEV,ICE,S3,1,-10962.4332,1.306,2025.3,within lifetime
honda,DK,E:NY1,BEV,S3,510,9808.9269,33.585,2057.6,after lifetime
honda,DK,HR-V E:HEV,HEV,S3,161,-14419.9337,0.352,2024.4,within lifetime
honda,DK,HR-V E:HEV,ICE,S3,1,-13978.5661,0.466,2024.5,within lifetime
honda,DK,JAZZ E:HEV,HEV,S3,51,-11000.9541,1.295,2025.3,within lifetime
honda,EE,CIVIC,HEV,S3,39,-11773.4573,3.166,2027.2,within lifetime
honda,EE,CIVIC TYPE R,ICE,S3,8,-26262.6368,,,crossover before sale year (product already above benchmark at t=0)
honda,EE,CR-V,HEV,S3,217,-18716.1906,1.359,2025.4,within lifetime
honda,EE,E:NY1,BEV,S3,3,6672.1252,22.257,2046.3,within lifetime
honda,EE,HR-V,HEV,S3,87,-13725.613,2.608,2026.6,within lifetime
honda,EE,JAZZ,HEV,S3,37,-10438.8916,3.575,2027.6,within lifetime
honda,EE,ZR-V,HEV,S3,119,-15636.3066,2.103,2026.1,within lifetime
honda,ES,CIVIC,HEV,S3,922,-20105.6175,1.328,2025.3,within lifetime
honda,ES,CIVIC TYPE R,ICE,S3,46,-42667.5295,,,crossover before sale year (product already above benchmark at t=0)
honda,ES,CR-V,HEV,S3,429,-28308.0009,,,crossover before sale year (product already above benchmark at t=0)
honda,ES,E:NY1,BEV,S3,35,10629.7075,32.495,2056.5,after lifetime
honda,ES,HONDA E,BEV,S3,15,10727.4479,33.057,2057.1,after lifetime
honda,ES,HR-V,HEV,S3,1188,-23608.4648,0.651,2024.7,within lifetime
honda,ES,JAZZ,HEV,S3,474,-18454.4622,1.672,2025.7,within lifetime
honda,ES,ZR-V,HEV,S3,644,-26512.3696,0.136,2024.1,within lifetime
honda,FI,CIVIC,HEV,S3,22,-24236.7958,,,crossover before sale year (product already above benchmark at t=0)
honda,FI,CIVIC TYPE R,ICE,S3,1,-45175.3883,,,crossover before sale year (product already above benchmark at t=0)
honda,FI,CR-V,HEV,S3,57,-34480.3192,,,crossover before sale year (product already above benchmark at t=0)
honda,FI,E:NY1,BEV,S3,2,8205.5674,42.436,2066.4,after lifetime
honda,FI,HR-V,HEV,S3,21,-26967.1828,,,crossover before sale year (product already above benchmark at t=0)
honda,FI,JAZZ,HEV,S3,33,-22067.9127,0.042,2024.0,within lifetime
honda,FI,ZR-V,HEV,S3,30,-29756.4127,,,crossover before sale year (product already above benchmark at t=0)
honda,FR,CIVIC,HEV,S3,1190,-15297.7224,0.432,2024.4,within lifetime
honda,FR,CIVIC TYPE R,ICE,S3,5,-32294.8568,,,crossover before sale year (product already above benchmark at t=0)
honda,FR,CR-V,HEV,S3,149,-22132.0596,,,crossover before sale year (product already above benchmark at t=0)
honda,FR,E:NY1,BEV,S3,437,10498.5765,53.453,2077.5,after lifetime
honda,FR,HR-V,HEV,S3,1265,-17689.776,,,crossover before sale year (product already above benchmark at t=0)
honda,FR,JAZZ,HEV,S3,814,-13782.7108,0.837,2024.8,within lifetime
honda,FR,ZR-V,HEV,S3,760,-19977.0366,,,crossover before sale year (product already above benchmark at t=0)
honda,GR,CIVIC,HEV,S3,42,-21058.7069,,,crossover before sale year (product already above benchmark at t=0)
honda,GR,CIVIC TYPE R,HEV,S3,1,-21603.2095,,,crossover before sale year (product already above benchmark at t=0)
honda,GR,CIVIC TYPE R,ICE,S3,9,-39985.0146,,,crossover before sale year (product already above benchmark at t=0)
honda,GR,CR-V,HEV,S3,44,-31311.3609,,,crossover before sale year (product already above benchmark at t=0)
honda,GR,E:NY1,BEV,S3,29,1500.8916,9.246,2033.2,within lifetime
honda,GR,HR-V,HEV,S3,136,-23969.0125,,,crossover before sale year (product already above benchmark at t=0)
honda,GR,JAZZ,HEV,S3,114,-19408.0335,,,crossover before sale year (product already above benchmark at t=0)
honda,GR,ZR-V,HEV,S3,57,-26316.3622,,,crossover before sale year (product already above benchmark at t=0)
honda,HR,CIVIC,HEV,S3,30,-16092.0546,3.024,2027.0,within lifetime
honda,HR,CIVIC TYPE R,ICE,S3,5,-38029.5785,,,crossover before sale year (product already above benchmark at t=0)
honda,HR,CR-V,HEV,S3,49,-26869.1937,1.183,2025.2,within lifetime
honda,HR,HONDA E,BEV,S3,1,15188.1635,34.474,2058.5,after lifetime
honda,HR,HR-V,HEV,S3,27,-19006.1628,2.476,2026.5,within lifetime
honda,HR,JAZZ,HEV,S3,10,-13948.0855,3.458,2027.5,within lifetime
honda,HR,ZR-V,HEV,S3,34,-21944.7808,1.964,2026.0,within lifetime
honda,HU,CIVIC,HEV,S3,140,-24401.887,0.722,2024.7,within lifetime
honda,HU,CIVIC TYPE R,ICE,S3,5,-48607.0999,,,crossover before sale year (product already above benchmark at t=0)
honda,HU,CR-V,HEV,S3,119,-36443.386,,,crossover before sale year (product already above benchmark at t=0)
honda,HU,E:NY1,BEV,S3,96,8709.9464,26.787,2050.8,after lifetime
honda,HU,HONDA E,BEV,S3,3,8800.6253,27.186,2051.2,after lifetime
honda,HU,HR-V,HEV,S3,179,-28142.2083,0.063,2024.1,within lifetime
honda,HU,JAZZ,HEV,S3,60,-22667.273,1.051,2025.1,within lifetime
honda,HU,ZR-V,HEV,S3,104,-31210.389,,,crossover before sale year (product already above benchmark at t=0)
honda,IE,CIVIC,HEV,S3,61,-21828.0949,0.512,2024.5,within lifetime
honda,IE,CIVIC TYPE R,ICE,S3,3,-44214.2316,,,crossover before sale year (product already above benchmark at t=0)
honda,IE,CR-V,HEV,S3,10,-33682.3792,,,crossover before sale year (product already above benchmark at t=0)
honda,IE,E:NY1,BEV,S3,5,8328.3566,19.834,2043.8,after lifetime
honda,IE,HONDA E,BEV,S3,1,8705.7131,20.85,2044.8,after lifetime
honda,IE,HR-V,HEV,S3,18,-24426.2942,0.045,2024.0,within lifetime
honda,IE,JAZZ,HEV,S3,83,-18689.8923,1.122,2025.1,within lifetime
honda,IE,ZR-V,HEV,S3,23,-27434.0022,,,crossover before sale year (product already above benchmark at t=0)
honda,IT,CIVIC,HEV,S3,440,-18325.197,,,crossover before sale year (product already above benchmark at t=0)
honda,IT,CIVIC TYPE R,ICE,S3,52,-37249.8795,,,crossover before sale year (product already above benchmark at t=0)
honda,IT,CR-V,HEV,S3,841,-27576.4067,,,crossover before sale year (product already above benchmark at t=0)
honda,IT,HR-V,HEV,S3,3188,-21238.8411,,,crossover before sale year (product already above benchmark at t=0)
honda,IT,JAZZ,HEV,S3,1262,-16892.9925,0.172,2024.2,within lifetime
honda,IT,ZR-V,HEV,S3,1588,-23702.7986,,,crossover before sale year (product already above benchmark at t=0)
honda,LT,CIVIC,HEV,S3,10,-26958.6579,,,crossover before sale year (product already above benchmark at t=0)
honda,LT,CIVIC TYPE-R,ICE,S3,5,-50665.7488,,,crossover before sale year (product already above benchmark at t=0)
honda,LT,CR-V,HEV,S3,55,-38655.7251,,,crossover before sale year (product already above benchmark at t=0)
honda,LT,HR-V,HEV,S3,38,-29920.8458,,,crossover before sale year (product already above benchmark at t=0)
honda,LT,JAZZ,HEV,S3,19,-24652.3392,0.217,2024.2,within lifetime
honda,LT,ZR-V,HEV,S3,24,-33084.4966,,,crossover before sale year (product already above benchmark at t=0)
honda,LU,CIVIC,HEV,S3,38,8785.826,7.183,2031.2,within lifetime
honda,LU,CIVIC TYPE R,ICE,S3,17,-3441.0395,3.874,2027.9,within lifetime
honda,LU,CR-V,HEV,S3,39,2567.6021,5.304,2029.3,within lifetime
honda,LU,E:NY1,BEV,S3,19,26380.5216,49.956,2074.0,after lifetime
honda,LU,HR-V,HEV,S3,28,7236.2952,6.665,2030.7,within lifetime
honda,LU,JAZZ,HEV,S3,21,9973.4416,7.609,2031.6,within lifetime
honda,LU,ZR-V,HEV,S3,31,5574.2923,6.149,2030.1,within lifetime
honda,LV,CIVIC,HEV,S3,5,-24787.1095,0.98,2025.0,within lifetime
honda,LV,CIVIC TYPE R,ICE,S3,2,-48895.3276,,,crossover before sale year (product already above benchmark at t=0)
honda,LV,CR-V,HEV,S3,63,-36655.4644,,,crossover before sale year (product already above benchmark at t=0)
honda,LV,E:NY1,BEV,S3,1,10746.6098,33.443,2057.4,after lifetime
honda,LV,HRV,HEV,S3,25,-28009.3928,0.427,2024.4,within lifetime
honda,LV,JAZZ,HEV,S3,5,-22661.7737,1.37,2025.4,within lifetime
honda,LV,ZR-V,HEV,S3,25,-31382.5064,,,crossover before sale year (product already above benchmark at t=0)
honda,MT,CIVIC,HEV,S3,3,-12069.831,2.075,2026.1,within lifetime
honda,MT,CR-V,HEV,S3,1,-19266.7864,0.078,2024.1,within lifetime
honda,MT,E NY1,BEV,S3,11,2978.121,13.157,2037.2,within lifetime
honda,MT,HR-V,HEV,S3,1,-13774.373,1.547,2025.5,within lifetime
honda,MT,JAZZ,HEV,S3,9,-10701.9928,2.53,2026.5,within lifetime
honda,MT,ZR-V,HEV,S3,4,-15620.9603,1.017,2025.0,within lifetime
honda,NL,CIVIC,HEV,S3,202,-18658.6703,,,crossover before sale year (product already above benchmark at t=0)
honda,NL,CIVIC TYPE R,ICE,S3,1,-36564.9492,,,crossover before sale year (product already above benchmark at t=0)
honda,NL,CR-V,HEV,S3,60,-25842.783,,,crossover before sale year (product already above benchmark at t=0)
honda,NL,E:NY1,BEV,S3,118,4826.9458,16.701,2040.7,after lifetime
honda,NL,HR-V,HEV,S3,311,-20996.333,,,crossover before sale year (product already above benchmark at t=0)
honda,NL,JAZZ,HEV,S3,218,-16771.9821,,,crossover before sale year (product already above benchmark at t=0)
honda,NL,ZR-V,HEV,S3,56,-23460.3269,,,crossover before sale year (product already above benchmark at t=0)
honda,PL,CIVIC,HEV,S3,423,-28408.4005,,,crossover before sale year (product already above benchmark at t=0)
honda,PL,CIVIC TYPE R,ICE,S3,51,-53142.3776,,,crossover before sale year (product already above benchmark at t=0)
honda,PL,CR-V,HEV,S3,997,-40988.3037,,,crossover before sale year (product already above benchmark at t=0)
honda,PL,HR-V,HEV,S3,1604,-31726.8685,,,crossover before sale year (product already above benchmark at t=0)
honda,PL,JAZZ,HEV,S3,199,-26820.0179,,,crossover before sale year (product already above benchmark at t=0)
honda,PL,ZR-V,HEV,S3,608,-35041.5162,,,crossover before sale year (product already above benchmark at t=0)
honda,PT,CIVIC,HEV,S3,11,-23119.0285,,,crossover before sale year (product already above benchmark at t=0)
honda,PT,CIVIC TYPE R,ICE,S3,18,-44452.9595,,,crossover before sale year (product already above benchmark at t=0)
honda,PT,CR-V,HEV,S3,19,-29447.7618,,,crossover before sale year (product already above benchmark at t=0)
honda,PT,E:NY1,BEV,S3,34,9243.5079,34.45,2058.4,after lifetime
honda,PT,HR-V,HEV,S3,410,-25767.6238,,,crossover before sale year (product already above benchmark at t=0)
honda,PT,JAZZ,HEV,S3,133,-20487.2392,0.527,2024.5,within lifetime
honda,PT,ZR-V,HEV,S3,41,-28602.5261,,,crossover before sale year (product already above benchmark at t=0)
honda,RO,CIVIC,HEV,S3,283,-31455.2435,,,crossover before sale year (product already above benchmark at t=0)
honda,RO,CIVIC TYPE R,ICE,S3,19,-56933.9406,,,crossover before sale year (product already above benchmark at t=0)
honda,RO,CR-V,HEV,S3,360,-42579.5557,,,crossover before sale year (product already above benchmark at t=0)
honda,RO,E:NY1,BEV,S3,3,4095.732,16.31,2040.3,within lifetime
honda,RO,HR-V,HEV,S3,234,-34689.4933,,,crossover before sale year (product already above benchmark at t=0)
honda,RO,JAZZ,HEV,S3,28,-28508.9791,,,crossover before sale year (product already above benchmark at t=0)
honda,RO,ZR-V,HEV,S3,142,-38093.5844,,,crossover before sale year (product already above benchmark at t=0)
honda,SE,CIVIC,HEV,S3,116,-15614.4924,0.598,2024.6,within lifetime
honda,SE,CIVIC TYPE R,ICE,S3,12,-34129.4801,,,crossover before sale year (product already above benchmark at t=0)
honda,SE,CR-V,HEV,S3,113,-23294.0086,,,crossover before sale year (product already above benchmark at t=0)
honda,SE,E:NY1,BEV,S3,326,12290.107,56.44,2080.4,after lifetime
honda,SE,HR-V,HEV,S3,207,-18376.13,,,crossover before sale year (product already above benchmark at t=0)
honda,SE,JAZZ,HEV,S3,120,-14047.7077,0.985,2025.0,within lifetime
honda,SE,ZR-V,HEV,S3,58,-20738.1786,,,crossover before sale year (product already above benchmark at t=0)
honda,SI,CIVIC / 5 VRAT / 2.0 / HEV,HEV,S3,54,-15292.2704,2.737,2026.7,within lifetime
honda,SI,CIVIC / 5 VRAT / 2.0 / TYPE R,ICE,S3,1,-37472.2143,,,crossover before sale year (product already above benchmark at t=0)
honda,SI,CR-V / 2.0 / 4WD / E-CVT / HIBRID,HEV,S3,1,-31209.408,0.173,2024.2,within lifetime
honda,SI,CR-V / 2.0 / FHEV / AVT / 2WD,HEV,S3,17,-22095.6013,1.523,2025.5,within lifetime
honda,SI,CR-V / 2.0 / FHEV / AVT / 4WD,HEV,S3,42,-27438.1776,0.7,2024.7,within lifetime
honda,SI,HR-V / 1.5 / E-CVT / FHEV,HEV,S3,39,-18324.371,2.169,2026.2,within lifetime
honda,SI,HR-V / 1.5 / E-CVT FHEV,HEV,S3,2,-18324.371,2.169,2026.2,within lifetime
honda,SI,JAZZ / 1.5 / HIBRID,HEV,S3,5,-12541.8178,3.296,2027.3,within lifetime
honda,SI,JAZZ / 1.5 / HIBRID / CROSS,HEV,S3,8,-13924.6023,3.009,2027.0,within lifetime
honda,SI,JAZZ / 1.5 / HIBRID CROSS,HEV,S3,4,-13924.6023,3.009,2027.0,within lifetime
honda,SI,ZR-V / 2.0 / EHEV / AVT /,HEV,S3,71,-21183.7807,1.674,2025.7,within lifetime
honda,SK,CIVIC,HEV,S3,44,-17310.0912,0.452,2024.5,within lifetime
honda,SK,CIVIC TYPE R,ICE,S3,6,-36211.6631,,,crossover before sale year (product already above benchmark at t=0)
honda,SK,CR-V,HEV,S3,232,-27555.937,,,crossover before sale year (product already above benchmark at t=0)
honda,SK,HR-V,HEV,S3,188,-20195.6611,,,crossover before sale year (product already above benchmark at t=0)
honda,SK,HR-V.,HEV,S3,1,-20195.6611,,,crossover before sale year (product already above benchmark at t=0)
honda,SK,JAZZ,HEV,S3,31,-15913.4788,0.789,2024.8,within lifetime
honda,SK,ZR-V,HEV,S3,137,-22624.7887,,,crossover before sale year (product already above benchmark at t=0)
hyundai,AT,BAYON,HEV,S1,60,2794.6135,10.458,2034.5,within lifetime
hyundai,AT,BAYON,ICE,S1,705,2247.1651,9.701,2033.7,within lifetime
hyundai,AT,G70 GENESIS G70,ICE,S1,1,-17234.2526,,,crossover before sale year (product already above benchmark at t=0)
hyundai,AT,G90 GENESIS G90,HEV,S1,2,-26996.9795,,,crossover before sale year (product already above benchmark at t=0)
hyundai,AT,GV70 GENESIS GV70,BEV,S1,1,26735.8333,,,never crosses: below benchmark at sale and the grid decarbonises at least as fast as the fleet benchmark
hyundai,AT,GV70 GENESIS GV70,ICE,S1,1,-12925.4913,,,crossover before sale year (product already above benchmark at t=0)
hyundai,AT,I 30,HEV,S1,324,-1507.402,4.892,2028.9,within lifetime
hyundai,AT,I 30,ICE,S1,1631,199.8572,7.001,2031.0,within lifetime
hyundai,AT,I 30 N,ICE,S1,17,-11620.1952,,,crossover before sale year (product already above benchmark at t=0)
hyundai,AT,I10,ICE,S1,1575,3923.2733,12.068,2036.1,within lifetime
hyundai,AT,I20,ICE,S1,2058,3079.6394,10.858,2034.9,within lifetime
hyundai,AT,I20 N,ICE,S1,42,-4738.8449,1.2,2025.2,within lifetime
hyundai,AT,IONIQ5,BEV,S1,144,26933.142,,,never crosses: below benchmark at sale and the grid decarbonises at least as fast as the fleet benchmark
hyundai,AT,IONIQ5 N,BEV,S1,77,26438.8871,,,never crosses: below benchmark at sale and the grid decarbonises at least as fast as the fleet benchmark
hyundai,AT,IONIQ6,BEV,S1,51,27180.7236,,,never crosses: below benchmark at sale and the grid decarbonises at least as fast as the fleet benchmark
hyundai,AT,KONA KAUAI,BEV,S1,527,27290.7449,,,never crosses: below benchmark at sale and the grid decarbonises at least as fast as the fleet benchmark
hyundai,AT,KONA KAUAI,HEV,S1,630,6122.8821,15.424,2039.4,after lifetime
hyundai,AT,KONA KAUAI,ICE,S1,451,-121.9642,6.594,2030.6,within lifetime
hyundai,AT,SANTA FE,HEV,S1,11,-5828.2126,0.034,2024.0,within lifetime
hyundai,AT,SANTA FE,ICE,S1,8,-8778.3086,,,crossover before sale year (product already above benchmark at t=0)
hyundai,AT,STARIA,HEV,S1,1,-8377.2339,,,crossover before sale year (product already above benchmark at t=0)
hyundai,AT,STARIA,ICE,S1,17,-19566.0465,,,crossover before sale year (product already above benchmark at t=0)
hyundai,AT,STARIA PREMIUM,ICE,S1,2,-20681.2616,,,crossover before sale year (product already above benchmark at t=0)
hyundai,AT,TUCSON IX35,HEV,S1,1849,-2434.7749,3.794,2027.8,within lifetime
hyundai,AT,TUCSON IX35,ICE,S1,727,-4500.8936,1.46,2025.5,within lifetime
hyundai,BE,BAYON,HEV,S1,309,-6129.3015,,,crossover before sale year (product already above benchmark at t=0)
hyundai,BE,BAYON,ICE,S1,493,-6553.4215,,,crossover before sale year (product already above benchmark at t=0)
hyundai,BE,G80 GENESIS G80,ICE,S1,1,-23144.1443,,,crossover before sale year (product already above benchmark at t=0)
hyundai,BE,G90 GENESIS G90,HEV,S1,1,-37200.3821,,,crossover before sale year (product already above benchmark at t=0)
hyundai,BE,I 30,HEV,S1,542,-7567.9464,,,crossover before sale year (product already above benchmark at t=0)
hyundai,BE,I 30,ICE,S1,157,-7896.7089,,,crossover before sale year (product already above benchmark at t=0)
hyundai,BE,I 30 N,ICE,S1,42,-22902.3415,,,crossover before sale year (product already above benchmark at t=0)
hyundai,BE,I10,ICE,S1,1255,-5117.2092,,,crossover before sale year (product already above benchmark at t=0)
hyundai,BE,I20,HEV,S1,5,-6221.5986,,,crossover before sale year (product already above benchmark at t=0)
hyundai,BE,I20,ICE,S1,1171,-6001.5306,,,crossover before sale year (product already above benchmark at t=0)
hyundai,BE,I20 N,ICE,S1,48,-14922.8471,,,crossover before sale year (product already above benchmark at t=0)
hyundai,BE,IONIQ5,BEV,S1,468,19862.2102,,,never crosses: below benchmark at sale and the grid decarbonises at least as fast as the fleet benchmark
hyundai,BE,IONIQ5 N,BEV,S1,71,19126.3305,,,never crosses: below benchmark at sale and the grid decarbonises at least as fast as the fleet benchmark
hyundai,BE,IONIQ6,BEV,S1,347,20357.3177,,,never crosses: below benchmark at sale and the grid decarbonises at least as fast as the fleet benchmark
hyundai,BE,KONA KAUAI,BEV,S1,588,20315.067,,,never crosses: below benchmark at sale and the grid decarbonises at least as fast as the fleet benchmark
hyundai,BE,KONA KAUAI,HEV,S1,1274,-2697.6145,2.473,2026.5,within lifetime
hyundai,BE,KONA KAUAI,ICE,S1,576,-8932.3505,,,crossover before sale year (product already above benchmark at t=0)
hyundai,BE,KONA N KAUAI N,ICE,S1,5,-23627.75,,,crossover before sale year (product already above benchmark at t=0)
hyundai,BE,SANTA FE,HEV,S1,38,-15040.324,,,crossover before sale year (product already above benchmark at t=0)
hyundai,BE,STARIA,HEV,S1,1,-19006.4934,,,crossover before sale year (product already above benchmark at t=0)
hyundai,BE,STARIA,ICE,S1,12,-30599.7244,,,crossover before sale year (product already above benchmark at t=0)
hyundai,BE,STARIA PREMIUM,HEV,S1,1,-19006.4934,,,crossover before sale year (product already above benchmark at t=0)
hyundai,BE,STARIA PREMIUM,ICE,S1,3,-30398.2301,,,crossover before sale year (product already above benchmark at t=0)
hyundai,BE,TUCSON IX35,HEV,S1,3307,-10324.6893,,,crossover before sale year (product already above benchmark at t=0)
hyundai,BE,TUCSON IX35,ICE,S1,196,-13003.2226,,,crossover before sale year (product already above benchmark at t=0)
hyundai,BG,BAYON,HEV,S1,2,10900.6688,,,"r_fleet <= 0: benchmark non-declining, no crossover"
hyundai,BG,BAYON,ICE,S1,121,10381.1132,,,"r_fleet <= 0: benchmark non-declining, no crossover"
hyundai,BG,ELANTRA,ICE,S1,37,6824.0584,,,"r_fleet <= 0: benchmark non-declining, no crossover"
hyundai,BG,GV80 GENESIS GV80,ICE,S1,1,-20635.5564,,,"r_fleet <= 0: benchmark non-declining, no crossover"
hyundai,BG,I 30,HEV,S1,29,6150.925,,,"r_fleet <= 0: benchmark non-declining, no crossover"
hyundai,BG,I 30,ICE,S1,236,7023.4076,,,"r_fleet <= 0: benchmark non-declining, no crossover"
hyundai,BG,I 30 N,ICE,S1,5,-6468.3494,,,"r_fleet <= 0: benchmark non-declining, no crossover"
hyundai,BG,I10,ICE,S1,284,11519.9447,,,"r_fleet <= 0: benchmark non-declining, no crossover"
hyundai,BG,I20,ICE,S1,253,11124.2711,,,"r_fleet <= 0: benchmark non-declining, no crossover"
hyundai,BG,I20 N,ICE,S1,5,1597.6517,,,"r_fleet <= 0: benchmark non-declining, no crossover"
hyundai,BG,IONIQ5,BEV,S1,24,34985.3205,,,never crosses: below benchmark at sale and the grid decarbonises at least as fast as the fleet benchmark
hyundai,BG,IONIQ5 N,BEV,S1,23,33763.7023,,,never crosses: below benchmark at sale and the grid decarbonises at least as fast as the fleet benchmark
hyundai,BG,IONIQ6,BEV,S1,30,36145.5206,,,never crosses: below benchmark at sale and the grid decarbonises at least as fast as the fleet benchmark
hyundai,BG,KONA KAUAI,BEV,S1,121,36384.0435,,,never crosses: below benchmark at sale and the grid decarbonises at least as fast as the fleet benchmark
hyundai,BG,KONA KAUAI,HEV,S1,142,14932.5228,,,"r_fleet <= 0: benchmark non-declining, no crossover"
hyundai,BG,KONA KAUAI,ICE,S1,85,4158.5812,,,"r_fleet <= 0: benchmark non-declining, no crossover"
hyundai,BG,SANTA FE,HEV,S1,52,-1403.5307,,,"r_fleet <= 0: benchmark non-declining, no crossover"
hyundai,BG,SANTA FE,ICE,S1,2,-3572.8618,,,"r_fleet <= 0: benchmark non-declining, no crossover"
hyundai,BG,STARIA,HEV,S1,3,-2768.415,,,"r_fleet <= 0: benchmark non-declining, no crossover"
hyundai,BG,STARIA,ICE,S1,13,-15504.8042,,,"r_fleet <= 0: benchmark non-declining, no crossover"
hyundai,BG,STARIA PREMIUM,ICE,S1,28,-17348.5834,,,"r_fleet <= 0: benchmark non-declining, no crossover"
hyundai,BG,TUCSON IX35,HEV,S1,632,3146.9336,,,"r_fleet <= 0: benchmark non-declining, no crossover"
hyundai,BG,TUCSON IX35,ICE,S1,48,2077.01,,,"r_fleet <= 0: benchmark non-declining, no crossover"
hyundai,CY,BAYON,ICE,S1,91,-1954.2567,6.914,2030.9,within lifetime
hyundai,CY,I 30,HEV,S1,9,-3246.7296,5.187,2029.2,within lifetime
hyundai,CY,I 30,ICE,S1,5,-2438.165,6.26,2030.3,within lifetime
hyundai,CY,I 30 N,ICE,S1,6,-22043.0288,,,crossover before sale year (product already above benchmark at t=0)
hyundai,CY,I10,ICE,S1,60,-2131.5148,6.673,2030.7,within lifetime
hyundai,CY,I20,ICE,S1,108,-1804.2041,7.118,2031.1,within lifetime
hyundai,CY,I20 N,ICE,S1,11,-12089.7903,,,crossover before sale year (product already above benchmark at t=0)
hyundai,CY,IONIQ5,BEV,S1,63,16306.706,626.634,2650.6,after lifetime
hyundai,CY,IONIQ5 N,BEV,S1,2,12636.3142,451.074,2475.1,after lifetime
hyundai,CY,IONIQ6,BEV,S1,19,18618.9776,755.358,2779.4,after lifetime
hyundai,CY,KONA KAUAI,BEV,S1,34,19151.0446,787.463,2811.5,after lifetime
hyundai,CY,KONA KAUAI,HEV,S1,54,3250.3086,14.527,2038.5,within lifetime
hyundai,CY,KONA KAUAI,ICE,S1,46,-5755.9112,1.993,2026.0,within lifetime
hyundai,CY,KONA N KAUAI N,ICE,S1,1,-22947.8686,,,crossover before sale year (product already above benchmark at t=0)
hyundai,CY,TUCSON IX35,HEV,S1,760,-7219.7146,0.218,2024.2,within lifetime
hyundai,CY,TUCSON IX35,ICE,S1,8,-10393.2155,,,crossover before sale year (product already above benchmark at t=0)
hyundai,CZ,BAYON,HEV,S1,13,3584.7345,39.635,2063.6,after lifetime
hyundai,CZ,BAYON,ICE,S1,1575,2629.3807,30.621,2054.6,after lifetime
hyundai,CZ,G80 GENESIS G80,ICE,S1,1,-10750.1959,,,crossover before sale year (product already above benchmark at t=0)
hyundai,CZ,GV80 GENESIS GV80,ICE,S1,1,-21878.9683,,,crossover before sale year (product already above benchmark at t=0)
hyundai,CZ,I 10,ICE,S1,1,4020.72,43.866,2067.9,after lifetime
hyundai,CZ,I 20,ICE,S1,2,4020.72,43.866,2067.9,after lifetime
hyundai,CZ,I 30,HEV,S1,3154,167.2837,8.863,2032.9,within lifetime
hyundai,CZ,I 30,ICE,S1,5588,658.7786,13.049,2037.0,within lifetime
hyundai,CZ,I10,ICE,S1,773,4369.9005,47.311,2071.3,after lifetime
hyundai,CZ,I20,HEV,S1,3,3547.8043,39.28,2063.3,after lifetime
hyundai,CZ,I20,ICE,S1,1736,3365.0937,37.532,2061.5,after lifetime
hyundai,CZ,IONIQ5,BEV,S1,146,17710.8974,,,never crosses: below benchmark at sale and the grid decarbonises at least as fast as the fleet benchmark
hyundai,CZ,IONIQ6,BEV,S1,31,19346.288,,,never crosses: below benchmark at sale and the grid decarbonises at least as fast as the fleet benchmark
hyundai,CZ,KONA KAUAI,BEV,S1,310,19676.6419,,,never crosses: below benchmark at sale and the grid decarbonises at least as fast as the fleet benchmark
hyundai,CZ,KONA KAUAI,HEV,S1,37,6268.7458,66.977,2091.0,after lifetime
hyundai,CZ,KONA KAUAI,ICE,S1,747,-486.8577,3.405,2027.4,within lifetime
hyundai,CZ,SANTA FE,HEV,S1,145,-5910.0451,,,crossover before sale year (product already above benchmark at t=0)
hyundai,CZ,SANTA FE,ICE,S1,33,-7647.6359,,,crossover before sale year (product already above benchmark at t=0)
hyundai,CZ,STARIA,HEV,S1,9,-7287.798,,,crossover before sale year (product already above benchmark at t=0)
hyundai,CZ,STARIA,ICE,S1,154,-17931.9974,,,crossover before sale year (product already above benchmark at t=0)
hyundai,CZ,TUCSON,ICE,S1,2,-3061.226,,,crossover before sale year (product already above benchmark at t=0)
hyundai,CZ,TUCSON IX35,HEV,S1,3205,-2242.4773,,,crossover before sale year (product already above benchmark at t=0)
hyundai,CZ,TUCSON IX35,ICE,S1,2312,-3474.1439,,,crossover before sale year (product already above benchmark at t=0)
hyundai,DE,BAYON,HEV,S1,2799,-3462.4149,1.426,2025.4,within lifetime
hyundai,DE,BAYON,ICE,S1,1626,-4095.2681,0.529,2024.5,within lifetime
hyundai,DE,BC3,ICE,S1,2,-8728.589,,,crossover before sale year (product already above benchmark at t=0)
hyundai,DE,G70 GENESIS G70,ICE,S1,119,-19098.1277,,,crossover before sale year (product already above benchmark at t=0)
hyundai,DE,G80 GENESIS G80,BEV,S1,16,13836.5986,,,never crosses: below benchmark at sale and the grid decarbonises at least as fast as the fleet benchmark
hyundai,DE,G80 GENESIS G80,ICE,S1,28,-21282.8394,,,crossover before sale year (product already above benchmark at t=0)
hyundai,DE,G90 GENESIS G90,HEV,S1,35,-31755.0503,,,crossover before sale year (product already above benchmark at t=0)
hyundai,DE,GENESIS RS4,ICE,S1,1,-45300.3612,,,crossover before sale year (product already above benchmark at t=0)
hyundai,DE,GV60 GENESIS GV60,BEV,S1,110,14079.0497,,,never crosses: below benchmark at sale and the grid decarbonises at least as fast as the fleet benchmark
hyundai,DE,GV70 GENESIS GV70,BEV,S1,124,13757.8126,,,never crosses: below benchmark at sale and the grid decarbonises at least as fast as the fleet benchmark
hyundai,DE,GV70 GENESIS GV70,ICE,S1,460,-21057.7724,,,crossover before sale year (product already above benchmark at t=0)
hyundai,DE,GV80 GENESIS GV80,ICE,S1,126,-29601.132,,,crossover before sale year (product already above benchmark at t=0)
hyundai,DE,I 30,HEV,S1,7647,-6890.8899,,,crossover before sale year (product already above benchmark at t=0)
hyundai,DE,I 30,ICE,S1,3771,-5802.8257,,,crossover before sale year (product already above benchmark at t=0)
hyundai,DE,I 30 N,ICE,S1,2735,-17899.6493,,,crossover before sale year (product already above benchmark at t=0)
hyundai,DE,I10,ICE,S1,15021,-3090.8567,1.962,2026.0,within lifetime
hyundai,DE,I20,HEV,S1,4421,-3110.0456,1.934,2025.9,within lifetime
hyundai,DE,I20,ICE,S1,5642,-3331.1978,1.614,2025.6,within lifetime
hyundai,DE,I20 N,ICE,S1,1792,-11310.1258,,,crossover before sale year (product already above benchmark at t=0)
hyundai,DE,INSTER,BEV,S1,28,15743.5188,,,never crosses: below benchmark at sale and the grid decarbonises at least as fast as the fleet benchmark
hyundai,DE,IONIQ,HEV,S1,1,-287.657,6.279,2030.3,within lifetime
hyundai,DE,IONIQ5,BEV,S1,6449,14667.7497,,,never crosses: below benchmark at sale and the grid decarbonises at least as fast as the fleet benchmark
hyundai,DE,IONIQ5 N,BEV,S1,1171,12864.2754,,,never crosses: below benchmark at sale and the grid decarbonises at least as fast as the fleet benchmark
hyundai,DE,IONIQ6,BEV,S1,2450,15655.1717,,,never crosses: below benchmark at sale and the grid decarbonises at least as fast as the fleet benchmark
hyundai,DE,KONA,HEV,S1,3,-27411.4956,,,crossover before sale year (product already above benchmark at t=0)
hyundai,DE,KONA KAUAI,BEV,S1,6505,15662.853,,,never crosses: below benchmark at sale and the grid decarbonises at least as fast as the fleet benchmark
hyundai,DE,KONA KAUAI,HEV,S1,2601,-597.1313,5.777,2029.8,within lifetime
hyundai,DE,KONA KAUAI,ICE,S1,4389,-7910.4354,,,crossover before sale year (product already above benchmark at t=0)
hyundai,DE,KONA N KAUAI N,ICE,S1,84,-19054.7364,,,crossover before sale year (product already above benchmark at t=0)
hyundai,DE,MX5 PHEV,HEV,S1,1,-16255.7233,,,crossover before sale year (product already above benchmark at t=0)
hyundai,DE,NX4,HEV,S1,4,-12263.7067,,,crossover before sale year (product already above benchmark at t=0)
hyundai,DE,NX4,ICE,S1,2,-24970.7584,,,crossover before sale year (product already above benchmark at t=0)
hyundai,DE,NX4E,ICE,S1,1,-22711.9136,,,crossover before sale year (product already above benchmark at t=0)
hyundai,DE,SANTA FE,HEV,S1,731,-12617.9353,,,crossover before sale year (product already above benchmark at t=0)
hyundai,DE,SANTA FE,ICE,S1,119,-14725.0473,,,crossover before sale year (product already above benchmark at t=0)
hyundai,DE,STARIA,HEV,S1,266,-14943.2795,,,crossover before sale year (product already above benchmark at t=0)
hyundai,DE,STARIA,ICE,S1,1598,-25676.3139,,,crossover before sale year (product already above benchmark at t=0)
hyundai,DE,STARIA PREMIUM,ICE,S1,661,-26319.6114,,,crossover before sale year (product already above benchmark at t=0)
hyundai,DE,SX2,HEV,S1,3,-4516.6353,,,crossover before sale year (product already above benchmark at t=0)
hyundai,DE,SX2,ICE,S1,6,-20560.6329,,,crossover before sale year (product already above benchmark at t=0)
hyundai,DE,TUCSON,HEV,S1,2,-13193.3544,,,crossover before sale year (product already above benchmark at t=0)
hyundai,DE,TUCSON IX35,HEV,S1,16018,-8735.7266,,,crossover before sale year (product already above benchmark at t=0)
hyundai,DE,TUCSON IX35,ICE,S1,2198,-10594.0505,,,crossover before sale year (product already above benchmark at t=0)
hyundai,DE,US4,HEV,S1,5,-50291.7659,,,crossover before sale year (product already above benchmark at t=0)
hyundai,DK,BAYON,ICE,S1,49,-4947.3587,1.447,2025.4,within lifetime
hyundai,DK,I 30,HEV,S1,24,-8360.7357,,,crossover before sale year (product already above benchmark at t=0)
hyundai,DK,I 30,ICE,S1,173,-6552.0922,,,crossover before sale year (product already above benchmark at t=0)
hyundai,DK,I10,ICE,S1,776,-2278.7921,4.109,2028.1,within lifetime
hyundai,DK,I20,ICE,S1,763,-4335.5362,2.033,2026.0,within lifetime
hyundai,DK,I20 N,ICE,S1,2,-12434.9302,,,crossover before sale year (product already above benchmark at t=0)
hyundai,DK,IONIQ,BEV,S1,1,19416.683,,,never crosses: below benchmark at sale and the grid decarbonises at least as fast as the fleet benchmark
hyundai,DK,IONIQ 5,BEV,S1,1,19416.683,,,never crosses: below benchmark at sale and the grid decarbonises at least as fast as the fleet benchmark
hyundai,DK,IONIQ5,BEV,S1,790,19392.6734,,,never crosses: below benchmark at sale and the grid decarbonises at least as fast as the fleet benchmark
hyundai,DK,IONIQ6,BEV,S1,377,19651.9633,,,never crosses: below benchmark at sale and the grid decarbonises at least as fast as the fleet benchmark
hyundai,DK,KONA KAUAI,BEV,S1,1141,19669.7511,,,never crosses: below benchmark at sale and the grid decarbonises at least as fast as the fleet benchmark
hyundai,DK,KONA KAUAI,ICE,S1,252,-7384.114,,,crossover before sale year (product already above benchmark at t=0)
hyundai,DK,STARIA PREMIUM,ICE,S1,1,-26222.9662,,,crossover before sale year (product already above benchmark at t=0)
hyundai,DK,TUCSON IX35,HEV,S1,198,-10179.841,,,crossover before sale year (product already above benchmark at t=0)
hyundai,DK,TUCSON IX35,ICE,S1,15,-11013.039,,,crossover before sale year (product already above benchmark at t=0)
hyundai,EE,BAYON,HEV,S1,33,1175.2677,11.626,2035.6,within lifetime
hyundai,EE,BAYON,ICE,S1,16,710.1692,11.077,2035.1,within lifetime
hyundai,EE,G90 GENESIS G90,HEV,S1,1,-24738.9449,,,crossover before sale year (product already above benchmark at t=0)
hyundai,EE,I 30,HEV,S1,20,498.4167,10.83,2034.8,within lifetime
hyundai,EE,I 30,ICE,S1,26,-770.6255,9.393,2033.4,within lifetime
hyundai,EE,I 30 N,ICE,S1,1,-12772.6663,,,crossover before sale year (product already above benchmark at t=0)
hyundai,EE,I10,ICE,S1,3,3821.5928,14.965,2039.0,within lifetime
hyundai,EE,I20,HEV,S1,12,1582.1314,12.116,2036.1,within lifetime
hyundai,EE,I20,ICE,S1,65,1293.5384,11.768,2035.8,within lifetime
hyundai,EE,I20 N,ICE,S1,4,-6094.4888,4.026,2028.0,within lifetime
hyundai,EE,IONIQ5,BEV,S1,61,19836.3806,,,never crosses: below benchmark at sale and the grid decarbonises at least as fast as the fleet benchmark
hyundai,EE,IONIQ5 N,BEV,S1,9,18659.4063,,,never crosses: below benchmark at sale and the grid decarbonises at least as fast as the fleet benchmark
hyundai,EE,IONIQ6,BEV,S1,19,20423.2807,,,never crosses: below benchmark at sale and the grid decarbonises at least as fast as the fleet benchmark
hyundai,EE,KONA KAUAI,BEV,S1,27,20822.7532,,,never crosses: below benchmark at sale and the grid decarbonises at least as fast as the fleet benchmark
hyundai,EE,KONA KAUAI,HEV,S1,40,4150.7865,15.408,2039.4,within lifetime
hyundai,EE,KONA N KAUAI N,ICE,S1,1,-13379.7733,,,crossover before sale year (product already above benchmark at t=0)
hyundai,EE,SANTA FE,HEV,S1,29,-8327.2317,2.038,2026.0,within lifetime
hyundai,EE,TUCSON IX35,HEV,S1,314,-3659.5853,6.36,2030.4,within lifetime
hyundai,EE,TUCSON IX35,ICE,S1,7,-4909.1933,5.139,2029.1,within lifetime
hyundai,ES,BAYON,HEV,S1,3167,-3802.7651,4.864,2028.9,within lifetime
hyundai,ES,BAYON,ICE,S1,1912,-5179.8134,3.277,2027.3,within lifetime
hyundai,ES,G90 GENESIS G90,HEV,S1,1,-42510.3641,,,crossover before sale year (product already above benchmark at t=0)
hyundai,ES,GV70 GENESIS GV70,ICE,S1,1,-34930.5259,,,crossover before sale year (product already above benchmark at t=0)
hyundai,ES,GV80 GENESIS GV80,ICE,S1,1,-40359.5651,,,crossover before sale year (product already above benchmark at t=0)
hyundai,ES,I 30,HEV,S1,2095,-4746.0458,3.771,2027.8,within lifetime
hyundai,ES,I 30,ICE,S1,3669,-7646.4069,0.573,2024.6,within lifetime
hyundai,ES,I 30 N,ICE,S1,596,-22233.4208,,,crossover before sale year (product already above benchmark at t=0)
hyundai,ES,I10,ICE,S1,5388,-2566.5454,6.34,2030.3,within lifetime
hyundai,ES,I20,HEV,S1,2700,-2923.3348,5.909,2029.9,within lifetime
hyundai,ES,I20,ICE,S1,8440,-3257.27,5.509,2029.5,within lifetime
hyundai,ES,I20 N,ICE,S1,888,-14722.4356,,,crossover before sale year (product already above benchmark at t=0)
hyundai,ES,INSTER,BEV,S1,74,30282.566,,,never crosses: below benchmark at sale and the grid decarbonises at least as fast as the fleet benchmark
hyundai,ES,IONIQ5,BEV,S1,377,29810.9588,,,never crosses: below benchmark at sale and the grid decarbonises at least as fast as the fleet benchmark
hyundai,ES,IONIQ5 N,BEV,S1,23,29114.3514,,,never crosses: below benchmark at sale and the grid decarbonises at least as fast as the fleet benchmark
hyundai,ES,IONIQ6,BEV,S1,156,30288.8082,,,never crosses: below benchmark at sale and the grid decarbonises at least as fast as the fleet benchmark
hyundai,ES,KONA KAUAI,BEV,S1,868,30234.3299,,,never crosses: below benchmark at sale and the grid decarbonises at least as fast as the fleet benchmark
hyundai,ES,KONA KAUAI,HEV,S1,8739,151.5431,9.775,2033.8,within lifetime
hyundai,ES,KONA KAUAI,ICE,S1,3204,-7252.0475,0.994,2025.0,within lifetime
hyundai,ES,SANTA FE,HEV,S1,310,-17202.4848,,,crossover before sale year (product already above benchmark at t=0)
hyundai,ES,SANTA FE,ICE,S1,84,-17831.9178,,,crossover before sale year (product already above benchmark at t=0)
hyundai,ES,STARIA,HEV,S1,82,-19816.1801,,,crossover before sale year (product already above benchmark at t=0)
hyundai,ES,STARIA,ICE,S1,102,-34451.5037,,,crossover before sale year (product already above benchmark at t=0)
hyundai,ES,STARIA PREMIUM,ICE,S1,1,-34025.686,,,crossover before sale year (product already above benchmark at t=0)
hyundai,ES,TUCSON IX35,HEV,S1,11395,-8729.9178,,,crossover before sale year (product already above benchmark at t=0)
hyundai,ES,TUCSON IX35,ICE,S1,7952,-12761.9492,,,crossover before sale year (product already above benchmark at t=0)
hyundai,FI,BAYON,HEV,S1,212,-23000.2301,,,crossover before sale year (product already above benchmark at t=0)
hyundai,FI,BAYON,ICE,S1,30,-23677.2084,,,crossover before sale year (product already above benchmark at t=0)
hyundai,FI,I 30,HEV,S1,95,-23825.616,,,crossover before sale year (product already above benchmark at t=0)
hyundai,FI,I 30,ICE,S1,388,-27010.0776,,,crossover before sale year (product already above benchmark at t=0)
hyundai,FI,I10,ICE,S1,223,-19150.9699,,,crossover before sale year (product already above benchmark at t=0)
hyundai,FI,I20,HEV,S1,26,-22298.1186,,,crossover before sale year (product already above benchmark at t=0)
hyundai,FI,I20,ICE,S1,370,-22859.0173,,,crossover before sale year (product already above benchmark at t=0)
hyundai,FI,I20 N,ICE,S1,3,-33552.6378,,,crossover before sale year (product already above benchmark at t=0)
hyundai,FI,IONIQ5,BEV,S1,534,11860.7477,,,never crosses: below benchmark at sale and the grid decarbonises at least as fast as the fleet benchmark
hyundai,FI,IONIQ5 N,BEV,S1,24,11632.4704,,,never crosses: below benchmark at sale and the grid decarbonises at least as fast as the fleet benchmark
hyundai,FI,IONIQ6,BEV,S1,139,11983.4573,,,never crosses: below benchmark at sale and the grid decarbonises at least as fast as the fleet benchmark
hyundai,FI,KONA KAUAI,BEV,S1,372,11937.4082,,,never crosses: below benchmark at sale and the grid decarbonises at least as fast as the fleet benchmark
hyundai,FI,KONA KAUAI,HEV,S1,209,-18667.9926,0.065,2024.1,within lifetime
hyundai,FI,TUCSON IX35,HEV,S1,107,-29676.5946,,,crossover before sale year (product already above benchmark at t=0)
hyundai,FI,TUCSON IX35,ICE,S1,3,-32083.0798,,,crossover before sale year (product already above benchmark at t=0)
hyundai,FR,BAYON,HEV,S1,3492,-4245.5004,,,crossover before sale year (product already above benchmark at t=0)
hyundai,FR,BAYON,ICE,S1,1975,-4953.3985,,,crossover before sale year (product already above benchmark at t=0)
hyundai,FR,G90 GENESIS G90,HEV,S1,1,-34265.7069,,,crossover before sale year (product already above benchmark at t=0)
hyundai,FR,GV70 GENESIS GV70,ICE,S1,1,-28397.8829,,,crossover before sale year (product already above benchmark at t=0)
hyundai,FR,GV80 GENESIS GV80,ICE,S1,1,-32834.186,,,crossover before sale year (product already above benchmark at t=0)
hyundai,FR,I 30,HEV,S1,618,-5648.5254,,,crossover before sale year (product already above benchmark at t=0)
hyundai,FR,I 30,ICE,S1,322,-7410.6434,,,crossover before sale year (product already above benchmark at t=0)
hyundai,FR,I10,ICE,S1,3811,-3022.4392,1.996,2026.0,within lifetime
hyundai,FR,I20,HEV,S1,2266,-3687.2058,0.816,2024.8,within lifetime
hyundai,FR,I20,ICE,S1,4634,-4256.8522,,,crossover before sale year (product already above benchmark at t=0)
hyundai,FR,I20 N,ICE,S1,91,-12754.0772,,,crossover before sale year (product already above benchmark at t=0)
hyundai,FR,IONIQ5,BEV,S1,735,23067.4305,,,never crosses: below benchmark at sale and the grid decarbonises at least as fast as the fleet benchmark
hyundai,FR,IONIQ5 N,BEV,S1,123,22819.4506,,,never crosses: below benchmark at sale and the grid decarbonises at least as fast as the fleet benchmark
hyundai,FR,IONIQ6,BEV,S1,291,23212.6093,,,never crosses: below benchmark at sale and the grid decarbonises at least as fast as the fleet benchmark
hyundai,FR,KONA KAUAI,BEV,S1,4918,23221.6874,,,never crosses: below benchmark at sale and the grid decarbonises at least as fast as the fleet benchmark
hyundai,FR,KONA KAUAI,HEV,S1,7905,-903.7334,5.96,2030.0,within lifetime
hyundai,FR,KONA KAUAI,ICE,S1,509,-6663.6167,,,crossover before sale year (product already above benchmark at t=0)
hyundai,FR,SANTA FE,HEV,S1,257,-12323.2515,,,crossover before sale year (product already above benchmark at t=0)
hyundai,FR,SANTA FE,ICE,S1,7,-14655.3599,,,crossover before sale year (product already above benchmark at t=0)
hyundai,FR,TUCSON IX35,HEV,S1,15231,-7077.998,,,crossover before sale year (product already above benchmark at t=0)
hyundai,FR,TUCSON IX35,ICE,S1,8,-11820.1186,,,crossover before sale year (product already above benchmark at t=0)
hyundai,GR,BAYON,HEV,S1,102,-13680.4344,,,crossover before sale year (product already above benchmark at t=0)
hyundai,GR,BAYON,ICE,S1,1138,-14070.8058,,,crossover before sale year (product already above benchmark at t=0)
hyundai,GR,I 30,HEV,S1,525,-16859.8633,,,crossover before sale year (product already above benchmark at t=0)
hyundai,GR,I 30,ICE,S1,960,-17223.5006,,,crossover before sale year (product already above benchmark at t=0)
hyundai,GR,I 30 N,ICE,S1,12,-29012.8143,,,crossover before sale year (product already above benchmark at t=0)
hyundai,GR,I10,ICE,S1,1610,-12330.5144,,,crossover before sale year (product already above benchmark at t=0)
hyundai,GR,I20,HEV,S1,44,-12853.9805,,,crossover before sale year (product already above benchmark at t=0)
hyundai,GR,I20,ICE,S1,2155,-13462.1588,,,crossover before sale year (product already above benchmark at t=0)
hyundai,GR,I20 N,ICE,S1,88,-22808.1981,,,crossover before sale year (product already above benchmark at t=0)
hyundai,GR,IONIQ5,BEV,S1,84,11033.6415,,,never crosses: below benchmark at sale and the grid decarbonises at least as fast as the fleet benchmark
hyundai,GR,IONIQ5 N,BEV,S1,8,9657.4497,,,never crosses: below benchmark at sale and the grid decarbonises at least as fast as the fleet benchmark
hyundai,GR,IONIQ6,BEV,S1,13,12123.8216,,,never crosses: below benchmark at sale and the grid decarbonises at least as fast as the fleet benchmark
hyundai,GR,KONA KAUAI,BEV,S1,108,12167.5512,,,never crosses: below benchmark at sale and the grid decarbonises at least as fast as the fleet benchmark
hyundai,GR,KONA KAUAI,HEV,S1,721,-13044.3488,,,crossover before sale year (product already above benchmark at t=0)
hyundai,GR,KONA KAUAI,ICE,S1,173,-18973.6418,,,crossover before sale year (product already above benchmark at t=0)
hyundai,GR,TUCSON IX35,HEV,S1,1046,-20459.0907,,,crossover before sale year (product already above benchmark at t=0)
hyundai,HR,BAYON,HEV,S1,4,14077.935,62.089,2086.1,after lifetime
hyundai,HR,BAYON,ICE,S1,372,13135.7855,57.987,2082.0,after lifetime
hyundai,HR,I 30,HEV,S1,40,7919.2576,36.952,2061.0,after lifetime
hyundai,HR,I 30,ICE,S1,548,10764.1881,48.091,2072.1,after lifetime
hyundai,HR,I 30 N,ICE,S1,10,-5723.4698,,,crossover before sale year (product already above benchmark at t=0)
hyundai,HR,I10,ICE,S1,164,15855.7237,70.119,2094.1,after lifetime
hyundai,HR,I20,ICE,S1,563,14481.8289,63.88,2087.9,after lifetime
hyundai,HR,I20 N,ICE,S1,5,3028.0387,19.399,2043.4,within lifetime
hyundai,HR,I30,ICE,S1,2,-4341.6527,,,crossover before sale year (product already above benchmark at t=0)
hyundai,HR,IONIQ5,BEV,S1,48,46337.5387,,,never crosses: below benchmark at sale and the grid decarbonises at least as fast as the fleet benchmark
hyundai,HR,IONIQ6,BEV,S1,30,46744.7819,,,never crosses: below benchmark at sale and the grid decarbonises at least as fast as the fleet benchmark
hyundai,HR,KONA,HEV,S1,1,18136.8859,81.029,2105.0,after lifetime
hyundai,HR,KONA,ICE,S1,1,7634.0959,35.876,2059.9,after lifetime
hyundai,HR,KONA KAUAI,BEV,S1,80,47030.4902,,,never crosses: below benchmark at sale and the grid decarbonises at least as fast as the fleet benchmark
hyundai,HR,KONA KAUAI,HEV,S1,50,18929.9425,84.997,2109.0,after lifetime
hyundai,HR,KONA KAUAI,ICE,S1,225,9753.5577,44.047,2068.0,after lifetime
hyundai,HR,SANTA FE,HEV,S1,6,-492.6683,7.828,2031.8,within lifetime
hyundai,HR,TUCSON,HEV,S1,4,6974.771,33.414,2057.4,after lifetime
hyundai,HR,TUCSON IX35,HEV,S1,715,7138.1906,34.021,2058.0,after lifetime
hyundai,HR,TUCSON IX35,ICE,S1,469,4506.4296,24.511,2048.5,after lifetime
hyundai,HU,BAYON,ICE,S1,181,-1954.9466,0.322,2024.3,within lifetime
hyundai,HU,I 30,HEV,S1,266,-3557.5272,,,crossover before sale year (product already above benchmark at t=0)
hyundai,HU,I 30,ICE,S1,899,-5469.6146,,,crossover before sale year (product already above benchmark at t=0)
hyundai,HU,I 30 N,ICE,S1,33,-22586.0639,,,crossover before sale year (product already above benchmark at t=0)
hyundai,HU,I10,ICE,S1,153,-635.7403,7.403,2031.4,within lifetime
hyundai,HU,I20,HEV,S1,90,-1252.5458,4.063,2028.1,within lifetime
hyundai,HU,I20,ICE,S1,588,-841.4751,6.283,2030.3,within lifetime
hyundai,HU,I20 N,ICE,S1,36,-12856.1126,,,crossover before sale year (product already above benchmark at t=0)
hyundai,HU,IONIQ5,BEV,S1,115,33957.8536,,,never crosses: below benchmark at sale and the grid decarbonises at least as fast as the fleet benchmark
hyundai,HU,IONIQ5 N,BEV,S1,32,33078.002,,,never crosses: below benchmark at sale and the grid decarbonises at least as fast as the fleet benchmark
hyundai,HU,IONIQ6,BEV,S1,136,34794.1554,,,never crosses: below benchmark at sale and the grid decarbonises at least as fast as the fleet benchmark
hyundai,HU,KONA KAUAI,BEV,S1,280,34868.497,,,never crosses: below benchmark at sale and the grid decarbonises at least as fast as the fleet benchmark
hyundai,HU,KONA KAUAI,HEV,S1,139,3752.8215,32.765,2056.8,after lifetime
hyundai,HU,KONA KAUAI,ICE,S1,201,-8067.0322,,,crossover before sale year (product already above benchmark at t=0)
hyundai,HU,KONA N KAUAI N,ICE,S1,4,-24748.2937,,,crossover before sale year (product already above benchmark at t=0)
hyundai,HU,SANTA FE,HEV,S1,20,-16805.9304,,,crossover before sale year (product already above benchmark at t=0)
hyundai,HU,STARIA,HEV,S1,5,-18434.9756,,,crossover before sale year (product already above benchmark at t=0)
hyundai,HU,STARIA PREMIUM,HEV,S1,6,-18434.9756,,,crossover before sale year (product already above benchmark at t=0)
hyundai,HU,STARIA PREMIUM,ICE,S1,1,-37301.1515,,,crossover before sale year (product already above benchmark at t=0)
hyundai,HU,TUCSON IX35,HEV,S1,989,-7971.5679,,,crossover before sale year (product already above benchmark at t=0)
hyundai,HU,TUCSON IX35,ICE,S1,251,-12005.9207,,,crossover before sale year (product already above benchmark at t=0)
hyundai,IE,BAYON,ICE,S1,416,-9874.5383,,,crossover before sale year (product already above benchmark at t=0)
hyundai,IE,I 30,ICE,S1,214,-11178.5663,,,crossover before sale year (product already above benchmark at t=0)
hyundai,IE,I 30 N,ICE,S1,3,-27611.8236,,,crossover before sale year (product already above benchmark at t=0)
hyundai,IE,I10,ICE,S1,502,-7143.4131,1.721,2025.7,within lifetime
hyundai,IE,I20,ICE,S1,1457,-8129.7229,0.943,2024.9,within lifetime
hyundai,IE,I20 N,ICE,S1,1,-19945.9557,,,crossover before sale year (product already above benchmark at t=0)
hyundai,IE,IONIQ5,BEV,S1,462,22071.2754,,,never crosses: below benchmark at sale and the grid decarbonises at least as fast as the fleet benchmark
hyundai,IE,IONIQ5 N,BEV,S1,7,20355.2989,,,never crosses: below benchmark at sale and the grid decarbonises at least as fast as the fleet benchmark
hyundai,IE,IONIQ6,BEV,S1,226,23685.5901,,,never crosses: below benchmark at sale and the grid decarbonises at least as fast as the fleet benchmark
hyundai,IE,KONA KAUAI,BEV,S1,739,23446.0582,,,never crosses: below benchmark at sale and the grid decarbonises at least as fast as the fleet benchmark
hyundai,IE,KONA KAUAI,HEV,S1,870,-3769.6362,4.547,2028.5,within lifetime
hyundai,IE,KONA KAUAI,ICE,S1,889,-11608.9409,,,crossover before sale year (product already above benchmark at t=0)
hyundai,IE,TUCSON IX35,HEV,S1,1420,-11312.7609,,,crossover before sale year (product already above benchmark at t=0)
hyundai,IE,TUCSON IX35,ICE,S1,2710,-13883.6276,,,crossover before sale year (product already above benchmark at t=0)
hyundai,IT,BAYON,HEV,S1,718,-7191.0011,,,crossover before sale year (product already above benchmark at t=0)
hyundai,IT,BAYON,ICE,S1,1508,-8399.8054,,,crossover before sale year (product already above benchmark at t=0)
hyundai,IT,BAYON BI-FUEL,ICE,S1,1475,-5313.681,,,crossover before sale year (product already above benchmark at t=0)
hyundai,IT,GV70 GENESIS GV70,ICE,S1,1,-33943.4347,,,crossover before sale year (product already above benchmark at t=0)
hyundai,IT,GV80 GENESIS GV80,ICE,S1,2,-38855.4226,,,crossover before sale year (product already above benchmark at t=0)
hyundai,IT,I 30,HEV,S1,122,-9575.1522,,,crossover before sale year (product already above benchmark at t=0)
hyundai,IT,I 30,ICE,S1,12,-8349.3929,,,crossover before sale year (product already above benchmark at t=0)
hyundai,IT,I 30 N,ICE,S1,26,-23642.169,,,crossover before sale year (product already above benchmark at t=0)
hyundai,IT,I10,ICE,S1,13611,-5931.8417,,,crossover before sale year (product already above benchmark at t=0)
hyundai,IT,I10 BI-FUEL,ICE,S1,2139,-3255.5064,1.349,2025.3,within lifetime
hyundai,IT,I20,HEV,S1,2268,-6149.3381,,,crossover before sale year (product already above benchmark at t=0)
hyundai,IT,I20,ICE,S1,5314,-6783.8389,,,crossover before sale year (product already above benchmark at t=0)
hyundai,IT,I20 BI-FUEL,ICE,S1,2087,-4584.2249,,,crossover before sale year (product already above benchmark at t=0)
hyundai,IT,I20 I20 ACTIVE,ICE,S1,1,-593.6226,6.931,2030.9,within lifetime
hyundai,IT,I20 N,ICE,S1,886,-16363.6888,,,crossover before sale year (product already above benchmark at t=0)
hyundai,IT,IONIQ5,BEV,S1,46,16050.2318,,,never crosses: below benchmark at sale and the grid decarbonises at least as fast as the fleet benchmark
hyundai,IT,IONIQ5 N,BEV,S1,27,14287.4894,,,never crosses: below benchmark at sale and the grid decarbonises at least as fast as the fleet benchmark
hyundai,IT,IONIQ6,BEV,S1,90,16607.7443,,,never crosses: below benchmark at sale and the grid decarbonises at least as fast as the fleet benchmark
hyundai,IT,KONA KAUAI,BEV,S1,341,17114.3015,,,never crosses: below benchmark at sale and the grid decarbonises at least as fast as the fleet benchmark
hyundai,IT,KONA KAUAI,HEV,S1,5143,-4583.5445,,,crossover before sale year (product already above benchmark at t=0)
hyundai,IT,KONA KAUAI,ICE,S1,1076,-10405.3441,,,crossover before sale year (product already above benchmark at t=0)
hyundai,IT,SANTA FE,HEV,S1,276,-19023.9853,,,crossover before sale year (product already above benchmark at t=0)
hyundai,IT,STARIA,HEV,S1,4,-20729.7555,,,crossover before sale year (product already above benchmark at t=0)
hyundai,IT,STARIA,ICE,S1,296,-32952.997,,,crossover before sale year (product already above benchmark at t=0)
hyundai,IT,STARIA PREMIUM,HEV,S1,4,-20729.7555,,,crossover before sale year (product already above benchmark at t=0)
hyundai,IT,STARIA PREMIUM,ICE,S1,43,-34893.3615,,,crossover before sale year (product already above benchmark at t=0)
hyundai,IT,TUCSON IX35,HEV,S1,10997,-10837.4395,,,crossover before sale year (product already above benchmark at t=0)
hyundai,IT,TUCSON IX35,ICE,S1,272,-11191.2622,,,crossover before sale year (product already above benchmark at t=0)
hyundai,IT,VERACRUZIX55,ICE,S1,1,-26963.2415,,,crossover before sale year (product already above benchmark at t=0)
hyundai,LT,BAYON,HEV,S1,11,-14171.5507,,,crossover before sale year (product already above benchmark at t=0)
hyundai,LT,BAYON,ICE,S1,8,-14606.8777,,,crossover before sale year (product already above benchmark at t=0)
hyundai,LT,G90 GENESIS G90,HEV,S1,1,-57010.304,,,crossover before sale year (product already above benchmark at t=0)
hyundai,LT,I 30,HEV,S1,11,-15997.7907,,,crossover before sale year (product already above benchmark at t=0)
hyundai,LT,I 30,ICE,S1,28,-15970.2195,,,crossover before sale year (product already above benchmark at t=0)
hyundai,LT,I 30 N,ICE,S1,3,-37209.808,,,crossover before sale year (product already above benchmark at t=0)
hyundai,LT,I10,ICE,S1,1,-9751.4334,0.77,2024.8,within lifetime
hyundai,LT,I20,HEV,S1,3,-13542.1709,,,crossover before sale year (product already above benchmark at t=0)
hyundai,LT,I20,ICE,S1,163,-13712.2035,,,crossover before sale year (product already above benchmark at t=0)
hyundai,LT,I20 N,ICE,S1,2,-26159.4866,,,crossover before sale year (product already above benchmark at t=0)
hyundai,LT,IONIQ5,BEV,S1,46,24083.6577,,,never crosses: below benchmark at sale and the grid decarbonises at least as fast as the fleet benchmark
hyundai,LT,IONIQ5 N,BEV,S1,1,23518.7101,,,never crosses: below benchmark at sale and the grid decarbonises at least as fast as the fleet benchmark
hyundai,LT,IONIQ6,BEV,S1,13,24348.324,,,never crosses: below benchmark at sale and the grid decarbonises at least as fast as the fleet benchmark
hyundai,LT,KONA KAUAI,BEV,S1,19,24443.1146,,,never crosses: below benchmark at sale and the grid decarbonises at least as fast as the fleet benchmark
hyundai,LT,KONA KAUAI,HEV,S1,30,-9195.3814,1.24,2025.2,within lifetime
hyundai,LT,SANTA FE,HEV,S1,11,-29555.1119,,,crossover before sale year (product already above benchmark at t=0)
hyundai,LT,TUCSON IX35,HEV,S1,338,-21958.8704,,,crossover before sale year (product already above benchmark at t=0)
hyundai,LT,TUCSON IX35,ICE,S1,6,-24261.9454,,,crossover before sale year (product already above benchmark at t=0)
hyundai,LU,BAYON,HEV,S1,11,23581.6363,22.227,2046.2,after lifetime
hyundai,LU,BAYON,ICE,S1,23,23209.5684,21.831,2045.8,after lifetime
hyundai,LU,G80 GENESIS G80,ICE,S1,1,8417.4014,9.961,2034.0,within lifetime
hyundai,LU,G90 GENESIS G90,HEV,S1,1,1500.8085,6.01,2030.0,within lifetime
hyundai,LU,GV60 GENESIS GV60,BEV,S1,1,42120.4867,,,never crosses: below benchmark at sale and the grid decarbonises at least as fast as the fleet benchmark
hyundai,LU,I 30,HEV,S1,42,21303.4556,19.903,2043.9,after lifetime
hyundai,LU,I 30,ICE,S1,8,22377.7879,20.969,2045.0,after lifetime
hyundai,LU,I 30 N,ICE,S1,51,11692.06,12.103,2036.1,after lifetime
hyundai,LU,I10,ICE,S1,71,24035.7475,22.72,2046.7,after lifetime
hyundai,LU,I20,ICE,S1,103,23505.5976,22.146,2046.1,after lifetime
hyundai,LU,I20 N,ICE,S1,8,17379.6249,16.388,2040.4,after lifetime
hyundai,LU,IONIQ5,BEV,S1,168,42368.0785,,,never crosses: below benchmark at sale and the grid decarbonises at least as fast as the fleet benchmark
hyundai,LU,IONIQ5 N,BEV,S1,18,41846.6611,,,never crosses: below benchmark at sale and the grid decarbonises at least as fast as the fleet benchmark
hyundai,LU,IONIQ6,BEV,S1,76,42638.9716,,,never crosses: below benchmark at sale and the grid decarbonises at least as fast as the fleet benchmark
hyundai,LU,KONA KAUAI,BEV,S1,231,42587.6436,,,never crosses: below benchmark at sale and the grid decarbonises at least as fast as the fleet benchmark
hyundai,LU,KONA KAUAI,HEV,S1,92,26014.1023,25.004,2049.0,after lifetime
hyundai,LU,KONA KAUAI,ICE,S1,97,21016.7536,19.627,2043.6,after lifetime
hyundai,LU,KONA N KAUAI N,ICE,S1,6,11175.0086,11.751,2035.8,within lifetime
hyundai,LU,SANTA FE,HEV,S1,3,17097.5837,16.156,2040.2,after lifetime
hyundai,LU,STARIA,ICE,S1,4,5918.3199,8.452,2032.5,within lifetime
hyundai,LU,STARIA PREMIUM,ICE,S1,7,6349.196,8.705,2032.7,within lifetime
hyundai,LU,TUCSON IX35,HEV,S1,246,20364.5473,19.011,2043.0,after lifetime
hyundai,LV,BAYON,HEV,S1,55,-9357.3948,2.396,2026.4,within lifetime
hyundai,LV,BAYON,ICE,S1,11,-10050.9756,1.885,2025.9,within lifetime
hyundai,LV,I 30,HEV,S1,27,-10823.9107,1.326,2025.3,within lifetime
hyundai,LV,I 30,ICE,S1,118,-12923.1275,,,crossover before sale year (product already above benchmark at t=0)
hyundai,LV,I10,ICE,S1,4,-4963.3092,5.849,2029.8,within lifetime
hyundai,LV,I20,HEV,S1,7,-8714.5492,2.878,2026.9,within lifetime
hyundai,LV,I20,ICE,S1,75,-8914.5282,2.727,2026.7,within lifetime
hyundai,LV,I20 N,ICE,S1,2,-21482.9106,,,crossover before sale year (product already above benchmark at t=0)
hyundai,LV,IONIQ5,BEV,S1,53,27964.5847,,,never crosses: below benchmark at sale and the grid decarbonises at least as fast as the fleet benchmark
hyundai,LV,IONIQ5 N,BEV,S1,2,27257.5147,,,never crosses: below benchmark at sale and the grid decarbonises at least as fast as the fleet benchmark
hyundai,LV,IONIQ6,BEV,S1,7,28309.918,,,never crosses: below benchmark at sale and the grid decarbonises at least as fast as the fleet benchmark
hyundai,LV,KONA KAUAI,BEV,S1,12,28579.6292,,,never crosses: below benchmark at sale and the grid decarbonises at least as fast as the fleet benchmark
hyundai,LV,KONA KAUAI,HEV,S1,25,-4236.6381,6.459,2030.5,within lifetime
hyundai,LV,KONA N KAUAI N,ICE,S1,1,-33619.7606,,,crossover before sale year (product already above benchmark at t=0)
hyundai,LV,SANTA FE,HEV,S1,12,-25176.9203,,,crossover before sale year (product already above benchmark at t=0)
hyundai,LV,TUCSON IX35,HEV,S1,225,-16769.2634,,,crossover before sale year (product already above benchmark at t=0)
hyundai,LV,TUCSON IX35,ICE,S1,11,-19429.4568,,,crossover before sale year (product already above benchmark at t=0)
hyundai,MT,BAYON,HEV,S1,15,5840.5583,153.822,2177.8,after lifetime
hyundai,MT,BAYON,ICE,S1,18,5075.5312,133.061,2157.1,after lifetime
hyundai,MT,I10,ICE,S1,377,6479.4528,171.706,2195.7,after lifetime
hyundai,MT,I20,HEV,S1,9,6471.8638,171.491,2195.5,after lifetime
hyundai,MT,I20,ICE,S1,198,6103.755,161.128,2185.1,after lifetime
hyundai,MT,IONIQ5,BEV,S1,4,17083.3356,,,never crosses: below benchmark at sale and the grid decarbonises at least as fast as the fleet benchmark
hyundai,MT,IONIQ5 N,BEV,S1,1,15064.1033,,,never crosses: below benchmark at sale and the grid decarbonises at least as fast as the fleet benchmark
hyundai,MT,IONIQ6,BEV,S1,5,18231.774,,,never crosses: below benchmark at sale and the grid decarbonises at least as fast as the fleet benchmark
hyundai,MT,KONA KAUAI,BEV,S1,68,18803.7657,,,never crosses: below benchmark at sale and the grid decarbonises at least as fast as the fleet benchmark
hyundai,MT,KONA KAUAI,HEV,S1,14,8365.7995,227.715,2251.7,after lifetime
hyundai,MT,KONA KAUAI,ICE,S1,21,3517.4002,92.801,2116.8,after lifetime
hyundai,MT,TUCSON IX35,HEV,S1,8,3725.6572,98.034,2122.0,after lifetime
hyundai,NL,BAYON,HEV,S1,968,-11748.2287,,,crossover before sale year (product already above benchmark at t=0)
hyundai,NL,GV60 GENESIS GV60,BEV,S1,1,13227.8485,,,never crosses: below benchmark at sale and the grid decarbonises at least as fast as the fleet benchmark
hyundai,NL,I 30,HEV,S1,354,-12591.7906,,,crossover before sale year (product already above benchmark at t=0)
hyundai,NL,I10,ICE,S1,5977,-9059.1502,,,crossover before sale year (product already above benchmark at t=0)
hyundai,NL,I20,HEV,S1,1407,-10811.8605,,,crossover before sale year (product already above benchmark at t=0)
hyundai,NL,I20,ICE,S1,159,-11222.2,,,crossover before sale year (product already above benchmark at t=0)
hyundai,NL,INSTER,BEV,S1,33,14402.3641,,,never crosses: below benchmark at sale and the grid decarbonises at least as fast as the fleet benchmark
hyundai,NL,IONIQ5,BEV,S1,667,13720.9687,,,never crosses: below benchmark at sale and the grid decarbonises at least as fast as the fleet benchmark
hyundai,NL,IONIQ5 N,BEV,S1,59,12525.7982,,,never crosses: below benchmark at sale and the grid decarbonises at least as fast as the fleet benchmark
hyundai,NL,IONIQ6,BEV,S1,587,14388.9637,,,never crosses: below benchmark at sale and the grid decarbonises at least as fast as the fleet benchmark
hyundai,NL,KONA KAUAI,BEV,S1,3060,14316.9158,,,never crosses: below benchmark at sale and the grid decarbonises at least as fast as the fleet benchmark
hyundai,NL,KONA KAUAI,HEV,S1,3898,-8405.845,,,crossover before sale year (product already above benchmark at t=0)
hyundai,NL,SANTA FE,HEV,S1,67,-20642.5391,,,crossover before sale year (product already above benchmark at t=0)
hyundai,NL,TUCSON IX35,HEV,S1,1231,-14705.9464,,,crossover before sale year (product already above benchmark at t=0)
hyundai,PL,BAYON,ICE,S1,1421,-2141.7367,,,"r_fleet <= 0: benchmark non-declining, no crossover"
hyundai,PL,ELANTRA,ICE,S1,1077,-8052.7023,,,"r_fleet <= 0: benchmark non-declining, no crossover"
hyundai,PL,G80 GENESIS G80,ICE,S1,2,-31404.6716,,,"r_fleet <= 0: benchmark non-declining, no crossover"
hyundai,PL,GV80 GENESIS GV80,ICE,S1,1,-43813.904,,,"r_fleet <= 0: benchmark non-declining, no crossover"
hyundai,PL,I 30,HEV,S1,3221,-4386.7489,,,"r_fleet <= 0: benchmark non-declining, no crossover"
hyundai,PL,I 30,ICE,S1,2019,-3126.0646,,,"r_fleet <= 0: benchmark non-declining, no crossover"
hyundai,PL,I 30 N,ICE,S1,4,-19684.841,,,"r_fleet <= 0: benchmark non-declining, no crossover"
hyundai,PL,I10,ICE,S1,868,-158.8103,,,"r_fleet <= 0: benchmark non-declining, no crossover"
hyundai,PL,I20,ICE,S1,4275,-808.606,,,"r_fleet <= 0: benchmark non-declining, no crossover"
hyundai,PL,I20 N,ICE,S1,51,-13480.2248,,,"r_fleet <= 0: benchmark non-declining, no crossover"
hyundai,PL,IONIQ5,BEV,S1,165,18284.7254,,,never crosses: below benchmark at sale and the grid decarbonises at least as fast as the fleet benchmark
hyundai,PL,IONIQ5 N,BEV,S1,7,14539.815,0.269,2024.3,within lifetime
hyundai,PL,KONA KAUAI,BEV,S1,290,22359.0843,,,never crosses: below benchmark at sale and the grid decarbonises at least as fast as the fleet benchmark
hyundai,PL,KONA KAUAI,HEV,S1,1562,3955.6332,,,"r_fleet <= 0: benchmark non-declining, no crossover"
hyundai,PL,KONA KAUAI,ICE,S1,2057,-7266.0603,,,"r_fleet <= 0: benchmark non-declining, no crossover"
hyundai,PL,SANTA FE,HEV,S1,594,-17205.7909,,,"r_fleet <= 0: benchmark non-declining, no crossover"
hyundai,PL,STARIA,HEV,S1,41,-19301.647,,,"r_fleet <= 0: benchmark non-declining, no crossover"
hyundai,PL,STARIA PREMIUM,HEV,S1,17,-19301.647,,,"r_fleet <= 0: benchmark non-declining, no crossover"
hyundai,PL,TUCSON IX35,HEV,S1,9747,-8447.5533,,,"r_fleet <= 0: benchmark non-declining, no crossover"
hyundai,PL,TUCSON IX35,ICE,S1,3360,-12478.7308,,,"r_fleet <= 0: benchmark non-declining, no crossover"
hyundai,PT,BAYON,ICE,S1,1090,-9361.0709,,,crossover before sale year (product already above benchmark at t=0)
hyundai,PT,I 30,ICE,S1,432,-9792.0763,,,crossover before sale year (product already above benchmark at t=0)
hyundai,PT,I 30 N,ICE,S1,31,-27940.6304,,,crossover before sale year (product already above benchmark at t=0)
hyundai,PT,I10,ICE,S1,447,-7321.5015,,,crossover before sale year (product already above benchmark at t=0)
hyundai,PT,I20,ICE,S1,1982,-8469.9545,,,crossover before sale year (product already above benchmark at t=0)
hyundai,PT,I20 N,ICE,S1,73,-19213.2991,,,crossover before sale year (product already above benchmark at t=0)
hyundai,PT,IONIQ5,BEV,S1,369,26727.601,,,never crosses: below benchmark at sale and the grid decarbonises at least as fast as the fleet benchmark
hyundai,PT,IONIQ6,BEV,S1,128,26923.149,,,never crosses: below benchmark at sale and the grid decarbonises at least as fast as the fleet benchmark
hyundai,PT,KONA KAUAI,BEV,S1,377,26988.218,,,never crosses: below benchmark at sale and the grid decarbonises at least as fast as the fleet benchmark
hyundai,PT,KONA KAUAI,HEV,S1,181,-4110.3239,3.083,2027.1,within lifetime
hyundai,PT,KONA KAUAI,ICE,S1,715,-11860.2688,,,crossover before sale year (product already above benchmark at t=0)
hyundai,PT,SANTA FE,HEV,S1,45,-19556.9362,,,crossover before sale year (product already above benchmark at t=0)
hyundai,PT,SANTA FE,ICE,S1,38,-21927.8187,,,crossover before sale year (product already above benchmark at t=0)
hyundai,PT,TUCSON IX35,HEV,S1,449,-11773.5365,,,crossover before sale year (product already above benchmark at t=0)
hyundai,PT,TUCSON IX35,ICE,S1,574,-16540.8244,,,crossover before sale year (product already above benchmark at t=0)
hyundai,RO,BAYON,HEV,S1,209,-11833.6758,,,crossover before sale year (product already above benchmark at t=0)
hyundai,RO,BAYON,ICE,S1,421,-13453.837,,,crossover before sale year (product already above benchmark at t=0)
hyundai,RO,ELANTRA,ICE,S1,850,-18206.0775,,,crossover before sale year (product already above benchmark at t=0)
hyundai,RO,G80 GENESIS G80,BEV,S1,1,23183.9001,,,never crosses: below benchmark at sale and the grid decarbonises at least as fast as the fleet benchmark
hyundai,RO,GV60 GENESIS GV60,BEV,S1,8,23632.7875,,,never crosses: below benchmark at sale and the grid decarbonises at least as fast as the fleet benchmark
hyundai,RO,GV70 GENESIS GV70,BEV,S1,1,23229.9398,,,never crosses: below benchmark at sale and the grid decarbonises at least as fast as the fleet benchmark
hyundai,RO,GV70 GENESIS GV70,ICE,S1,2,-48273.1881,,,crossover before sale year (product already above benchmark at t=0)
hyundai,RO,GV80 GENESIS GV80,ICE,S1,1,-56711.1789,,,crossover before sale year (product already above benchmark at t=0)
hyundai,RO,I 30,HEV,S1,531,-14651.2814,,,crossover before sale year (product already above benchmark at t=0)
hyundai,RO,I 30,ICE,S1,1134,-17640.0858,,,crossover before sale year (product already above benchmark at t=0)
hyundai,RO,I 30 N,ICE,S1,9,-36603.6264,,,crossover before sale year (product already above benchmark at t=0)
hyundai,RO,I10,ICE,S1,542,-11200.8935,,,crossover before sale year (product already above benchmark at t=0)
hyundai,RO,I20,HEV,S1,238,-10887.2085,,,crossover before sale year (product already above benchmark at t=0)
hyundai,RO,I20,ICE,S1,1072,-11152.9944,,,crossover before sale year (product already above benchmark at t=0)
hyundai,RO,IONIQ5,BEV,S1,161,24066.9469,,,never crosses: below benchmark at sale and the grid decarbonises at least as fast as the fleet benchmark
hyundai,RO,IONIQ6,BEV,S1,71,24833.55,,,never crosses: below benchmark at sale and the grid decarbonises at least as fast as the fleet benchmark
hyundai,RO,KONA KAUAI,BEV,S1,366,25175.3076,,,never crosses: below benchmark at sale and the grid decarbonises at least as fast as the fleet benchmark
hyundai,RO,KONA KAUAI,HEV,S1,451,-6835.6979,,,crossover before sale year (product already above benchmark at t=0)
hyundai,RO,KONA KAUAI,ICE,S1,314,-16995.7824,,,crossover before sale year (product already above benchmark at t=0)
hyundai,RO,SANTA FE,HEV,S1,41,-27995.7245,,,crossover before sale year (product already above benchmark at t=0)
hyundai,RO,SANTA FE,ICE,S1,2,-31576.7382,,,crossover before sale year (product already above benchmark at t=0)
hyundai,RO,TUCSON IX35,HEV,S1,2708,-21184.2564,,,crossover before sale year (product already above benchmark at t=0)
hyundai,RO,TUCSON IX35,ICE,S1,553,-22913.6146,,,crossover before sale year (product already above benchmark at t=0)
hyundai,SE,BAYON,HEV,S1,104,-7070.9779,0.314,2024.3,within lifetime
hyundai,SE,BAYON,ICE,S1,95,-8555.6973,,,crossover before sale year (product already above benchmark at t=0)
hyundai,SE,I 30,HEV,S1,52,-10094.3042,,,crossover before sale year (product already above benchmark at t=0)
hyundai,SE,I10,ICE,S1,359,-6058.7423,1.183,2025.2,within lifetime
hyundai,SE,I20,HEV,S1,144,-6978.8126,0.392,2024.4,within lifetime
hyundai,SE,I20,ICE,S1,129,-7069.7975,0.315,2024.3,within lifetime
hyundai,SE,I20 N,ICE,S1,15,-16206.9293,,,crossover before sale year (product already above benchmark at t=0)
hyundai,SE,IONIQ5 N,BEV,S1,50,22410.766,134.648,2158.6,after lifetime
hyundai,SE,IONIQ6,BEV,S1,8,22802.3094,149.453,2173.5,after lifetime
hyundai,SE,KONA KAUAI,BEV,S1,208,22813.0253,149.935,2173.9,after lifetime
hyundai,SE,KONA KAUAI,HEV,S1,201,-3494.4279,3.523,2027.5,within lifetime
hyundai,SE,KONA KAUAI,ICE,S1,22,-10520.0129,,,crossover before sale year (product already above benchmark at t=0)
hyundai,SE,TUCSON IX35,HEV,S1,187,-12027.381,,,crossover before sale year (product already above benchmark at t=0)
hyundai,SI,BAYON,HEV,S1,18,9516.9163,27.016,2051.0,after lifetime
hyundai,SI,BAYON,ICE,S1,383,8936.066,25.748,2049.7,after lifetime
hyundai,SI,I 30,HEV,S1,130,5465.2635,18.55,2042.6,after lifetime
hyundai,SI,I 30,ICE,S1,131,5048.6873,17.726,2041.7,within lifetime
hyundai,SI,I 30 N,ICE,S1,11,-11490.591,,,crossover before sale year (product already above benchmark at t=0)
hyundai,SI,I10,ICE,S1,208,11176.1776,30.747,2054.7,after lifetime
hyundai,SI,I20,HEV,S1,20,9516.9163,27.016,2051.0,after lifetime
hyundai,SI,I20,ICE,S1,344,10191.6684,28.513,2052.5,after lifetime
hyundai,SI,I20 N,ICE,S1,31,-1290.9856,6.099,2030.1,within lifetime
hyundai,SI,IONIQ5,BEV,S1,58,40109.4285,,,never crosses: below benchmark at sale and the grid decarbonises at least as fast as the fleet benchmark
hyundai,SI,IONIQ5 N,BEV,S1,3,38517.1995,,,never crosses: below benchmark at sale and the grid decarbonises at least as fast as the fleet benchmark
hyundai,SI,IONIQ6,BEV,S1,30,40833.3794,,,never crosses: below benchmark at sale and the grid decarbonises at least as fast as the fleet benchmark
hyundai,SI,KONA KAUAI,BEV,S1,123,41007.7699,,,never crosses: below benchmark at sale and the grid decarbonises at least as fast as the fleet benchmark
hyundai,SI,KONA KAUAI,HEV,S1,64,14363.5444,38.416,2062.4,after lifetime
hyundai,SI,KONA KAUAI,ICE,S1,176,5508.7513,18.637,2042.6,after lifetime
hyundai,SI,SANTA FE,HEV,S1,16,-4585.9138,0.639,2024.6,within lifetime
hyundai,SI,SANTA FE / 1.6 / T-GDI HEV AUT. 4WD,HEV,S1,2,-8082.1586,,,crossover before sale year (product already above benchmark at t=0)
hyundai,SI,STARIA / 2.2. / CRDI AUT. 4WD,ICE,S1,2,-24162.828,,,crossover before sale year (product already above benchmark at t=0)
hyundai,SI,TUCSON / 1.6 / CRDI HP DCT 4WD 48V N LINE,HEV,S1,1,-6196.5435,,,crossover before sale year (product already above benchmark at t=0)
hyundai,SI,TUCSON / 1.6 / T-GDI DCT 48V,HEV,S1,1,-6510.8127,,,crossover before sale year (product already above benchmark at t=0)
hyundai,SI,TUCSON IX35,HEV,S1,609,2638.6007,13.114,2037.1,within lifetime
hyundai,SI,TUCSON IX35,ICE,S1,296,59.1331,8.443,2032.4,within lifetime
hyundai,SK,BAYON,ICE,S1,478,-5587.2305,,,crossover before sale year (product already above benchmark at t=0)
hyundai,SK,I 30,HEV,S1,1859,-6818.2378,,,crossover before sale year (product already above benchmark at t=0)
hyundai,SK,I 30,ICE,S1,1537,-8332.799,,,crossover before sale year (product already above benchmark at t=0)
hyundai,SK,I 30 N,ICE,S1,63,-21913.5147,,,crossover before sale year (product already above benchmark at t=0)
hyundai,SK,I10,ICE,S1,269,-4077.9834,0.376,2024.4,within lifetime
hyundai,SK,I20,ICE,S1,1394,-4615.8978,,,crossover before sale year (product already above benchmark at t=0)
hyundai,SK,IONIQ5,BEV,S1,47,24561.8005,,,never crosses: below benchmark at sale and the grid decarbonises at least as fast as the fleet benchmark
hyundai,SK,IONIQ5 N,BEV,S1,6,24193.8317,,,never crosses: below benchmark at sale and the grid decarbonises at least as fast as the fleet benchmark
hyundai,SK,IONIQ6,BEV,S1,32,24877.3004,,,never crosses: below benchmark at sale and the grid decarbonises at least as fast as the fleet benchmark
hyundai,SK,KONA KAUAI,BEV,S1,35,24926.7175,,,never crosses: below benchmark at sale and the grid decarbonises at least as fast as the fleet benchmark
hyundai,SK,KONA KAUAI,HEV,S1,104,-1037.9502,6.145,2030.1,within lifetime
hyundai,SK,KONA KAUAI,ICE,S1,576,-8925.9862,,,crossover before sale year (product already above benchmark at t=0)
hyundai,SK,SANTA FE,HEV,S1,105,-16699.3556,,,crossover before sale year (product already above benchmark at t=0)
hyundai,SK,SANTA FE,ICE,S1,43,-18818.9365,,,crossover before sale year (product already above benchmark at t=0)
hyundai,SK,STARIA,HEV,S1,3,-18339.1462,,,crossover before sale year (product already above benchmark at t=0)
hyundai,SK,STARIA,ICE,S1,38,-33103.9795,,,crossover before sale year (product already above benchmark at t=0)
hyundai,SK,TUCSON IX35,HEV,S1,1062,-12069.1901,,,crossover before sale year (product already above benchmark at t=0)
hyundai,SK,TUCSON IX35,ICE,S1,448,-13291.5541,,,crossover before sale year (product already above benchmark at t=0)
hyundai,AT,BAYON,HEV,S2,60,-263.5132,6.362,2030.4,within lifetime
hyundai,AT,BAYON,ICE,S2,705,-810.9616,5.902,2029.9,within lifetime
hyundai,AT,G70 GENESIS G70,ICE,S2,1,-20292.3793,,,crossover before sale year (product already above benchmark at t=0)
hyundai,AT,G90 GENESIS G90,HEV,S2,2,-30055.1062,,,crossover before sale year (product already above benchmark at t=0)
hyundai,AT,GV70 GENESIS GV70,BEV,S2,1,22685.7597,51.585,2075.6,after lifetime
hyundai,AT,GV70 GENESIS GV70,ICE,S2,1,-15983.618,,,crossover before sale year (product already above benchmark at t=0)
hyundai,AT,I 30,HEV,S2,324,-4565.5288,2.976,2027.0,within lifetime
hyundai,AT,I 30,ICE,S2,1631,-2858.2695,4.259,2028.3,within lifetime
hyundai,AT,I 30 N,ICE,S2,17,-14678.3219,,,crossover before sale year (product already above benchmark at t=0)
hyundai,AT,I10,ICE,S2,1575,865.1466,7.342,2031.3,within lifetime
hyundai,AT,I20,ICE,S2,2058,21.5126,6.605,2030.6,within lifetime
hyundai,AT,I20 N,ICE,S2,42,-7796.9716,0.73,2024.7,within lifetime
hyundai,AT,IONIQ5,BEV,S2,144,22959.3861,53.387,2077.4,after lifetime
hyundai,AT,IONIQ5 N,BEV,S2,77,22273.9564,49.118,2073.1,after lifetime
hyundai,AT,IONIQ6,BEV,S2,51,23302.7308,55.874,2079.9,after lifetime
hyundai,AT,KONA KAUAI,BEV,S2,527,23455.3076,57.074,2081.1,after lifetime
hyundai,AT,KONA KAUAI,HEV,S2,630,3064.7554,9.383,2033.4,within lifetime
hyundai,AT,KONA KAUAI,ICE,S2,451,-3180.0909,4.012,2028.0,within lifetime
hyundai,AT,SANTA FE,HEV,S2,11,-8886.3393,0.021,2024.0,within lifetime
hyundai,AT,SANTA FE,ICE,S2,8,-11836.4353,,,crossover before sale year (product already above benchmark at t=0)
hyundai,AT,STARIA,HEV,S2,1,-11435.3606,,,crossover before sale year (product already above benchmark at t=0)
hyundai,AT,STARIA,ICE,S2,17,-22624.1732,,,crossover before sale year (product already above benchmark at t=0)
hyundai,AT,STARIA PREMIUM,ICE,S2,2,-23739.3883,,,crossover before sale year (product already above benchmark at t=0)
hyundai,AT,TUCSON IX35,HEV,S2,1849,-5492.9016,2.308,2026.3,within lifetime
hyundai,AT,TUCSON IX35,ICE,S2,727,-7559.0203,0.888,2024.9,within lifetime
hyundai,BE,BAYON,HEV,S2,309,-8166.989,,,crossover before sale year (product already above benchmark at t=0)
hyundai,BE,BAYON,ICE,S2,493,-8591.1089,,,crossover before sale year (product already above benchmark at t=0)
hyundai,BE,G80 GENESIS G80,ICE,S2,1,-25181.8318,,,crossover before sale year (product already above benchmark at t=0)
hyundai,BE,G90 GENESIS G90,HEV,S2,1,-39238.0695,,,crossover before sale year (product already above benchmark at t=0)
hyundai,BE,I 30,HEV,S2,542,-9605.6339,,,crossover before sale year (product already above benchmark at t=0)
hyundai,BE,I 30,ICE,S2,157,-9934.3964,,,crossover before sale year (product already above benchmark at t=0)
hyundai,BE,I 30 N,ICE,S2,42,-24940.0289,,,crossover before sale year (product already above benchmark at t=0)
hyundai,BE,I10,ICE,S2,1255,-7154.8967,,,crossover before sale year (product already above benchmark at t=0)
hyundai,BE,I20,HEV,S2,5,-8259.2861,,,crossover before sale year (product already above benchmark at t=0)
hyundai,BE,I20,ICE,S2,1171,-8039.2181,,,crossover before sale year (product already above benchmark at t=0)
hyundai,BE,I20 N,ICE,S2,48,-16960.5346,,,crossover before sale year (product already above benchmark at t=0)
hyundai,BE,IONIQ5,BEV,S2,468,16747.4407,41.099,2065.1,after lifetime
hyundai,BE,IONIQ5 N,BEV,S2,71,15779.7918,36.711,2060.7,after lifetime
hyundai,BE,IONIQ6,BEV,S2,347,17398.4847,44.62,2068.6,after lifetime
hyundai,BE,KONA KAUAI,BEV,S2,588,17342.927,44.297,2068.3,after lifetime
hyundai,BE,KONA KAUAI,HEV,S2,1274,-4735.302,1.61,2025.6,within lifetime
hyundai,BE,KONA KAUAI,ICE,S2,576,-10970.038,,,crossover before sale year (product already above benchmark at t=0)
hyundai,BE,KONA N KAUAI N,ICE,S2,5,-25665.4375,,,crossover before sale year (product already above benchmark at t=0)
hyundai,BE,SANTA FE,HEV,S2,38,-17078.0115,,,crossover before sale year (product already above benchmark at t=0)
hyundai,BE,STARIA,HEV,S2,1,-21044.1809,,,crossover before sale year (product already above benchmark at t=0)
hyundai,BE,STARIA,ICE,S2,12,-32637.4119,,,crossover before sale year (product already above benchmark at t=0)
hyundai,BE,STARIA PREMIUM,HEV,S2,1,-21044.1809,,,crossover before sale year (product already above benchmark at t=0)
hyundai,BE,STARIA PREMIUM,ICE,S2,3,-32435.9176,,,crossover before sale year (product already above benchmark at t=0)
hyundai,BE,TUCSON IX35,HEV,S2,3307,-12362.3768,,,crossover before sale year (product already above benchmark at t=0)
hyundai,BE,TUCSON IX35,ICE,S2,196,-15040.91,,,crossover before sale year (product already above benchmark at t=0)
hyundai,BG,BAYON,HEV,S2,2,-6168.5617,3.006,2027.0,within lifetime
hyundai,BG,BAYON,ICE,S2,121,-6688.1173,2.638,2026.6,within lifetime
hyundai,BG,ELANTRA,ICE,S2,37,-10245.172,0.27,2024.3,within lifetime
hyundai,BG,GV80 GENESIS GV80,ICE,S2,1,-37704.7869,,,crossover before sale year (product already above benchmark at t=0)
hyundai,BG,I 30,HEV,S2,29,-10918.3054,,,crossover before sale year (product already above benchmark at t=0)
hyundai,BG,I 30,ICE,S2,236,-10045.8229,0.396,2024.4,within lifetime
hyundai,BG,I 30 N,ICE,S2,5,-23537.5799,,,crossover before sale year (product already above benchmark at t=0)
hyundai,BG,I10,ICE,S2,284,-5549.2858,3.453,2027.5,within lifetime
hyundai,BG,I20,ICE,S2,253,-5944.9593,3.166,2027.2,within lifetime
hyundai,BG,I20 N,ICE,S2,5,-15471.5788,,,crossover before sale year (product already above benchmark at t=0)
hyundai,BG,IONIQ5,BEV,S2,24,14349.1334,26.671,2050.7,after lifetime
hyundai,BG,IONIQ5 N,BEV,S2,23,12543.3574,23.257,2047.3,after lifetime
hyundai,BG,IONIQ6,BEV,S2,30,16064.1221,30.477,2054.5,after lifetime
hyundai,BG,KONA KAUAI,BEV,S2,121,16416.7028,31.346,2055.3,after lifetime
hyundai,BG,KONA KAUAI,HEV,S2,142,-2136.7077,6.085,2030.1,within lifetime
hyundai,BG,KONA KAUAI,ICE,S2,85,-12910.6493,,,crossover before sale year (product already above benchmark at t=0)
hyundai,BG,SANTA FE,HEV,S2,52,-18472.7612,,,crossover before sale year (product already above benchmark at t=0)
hyundai,BG,SANTA FE,ICE,S2,2,-20642.0923,,,crossover before sale year (product already above benchmark at t=0)
hyundai,BG,STARIA,HEV,S2,3,-19837.6455,,,crossover before sale year (product already above benchmark at t=0)
hyundai,BG,STARIA,ICE,S2,13,-32574.0346,,,crossover before sale year (product already above benchmark at t=0)
hyundai,BG,STARIA PREMIUM,ICE,S2,28,-34417.8139,,,crossover before sale year (product already above benchmark at t=0)
hyundai,BG,TUCSON IX35,HEV,S2,632,-13922.2969,,,crossover before sale year (product already above benchmark at t=0)
hyundai,BG,TUCSON IX35,ICE,S2,48,-14992.2205,,,crossover before sale year (product already above benchmark at t=0)
hyundai,CY,BAYON,ICE,S2,91,-8953.4931,3.053,2027.1,within lifetime
hyundai,CY,I 30,HEV,S2,9,-10245.966,2.291,2026.3,within lifetime
hyundai,CY,I 30,ICE,S2,5,-9437.4014,2.765,2026.8,within lifetime
hyundai,CY,I 30 N,ICE,S2,6,-29042.2652,,,crossover before sale year (product already above benchmark at t=0)
hyundai,CY,I10,ICE,S2,60,-9130.7512,2.947,2026.9,within lifetime
hyundai,CY,I20,ICE,S2,108,-8803.4405,3.143,2027.1,within lifetime
hyundai,CY,I20 N,ICE,S2,11,-19089.0267,,,crossover before sale year (product already above benchmark at t=0)
hyundai,CY,IONIQ5,BEV,S2,63,5512.7404,14.019,2038.0,within lifetime
hyundai,CY,IONIQ5 N,BEV,S2,2,1119.1244,10.091,2034.1,within lifetime
hyundai,CY,IONIQ6,BEV,S2,19,8280.6284,16.899,2040.9,within lifetime
hyundai,CY,KONA KAUAI,BEV,S2,34,8917.5354,17.617,2041.6,within lifetime
hyundai,CY,KONA KAUAI,HEV,S2,54,-3748.9278,6.415,2030.4,within lifetime
hyundai,CY,KONA KAUAI,ICE,S2,46,-12755.1476,0.88,2024.9,within lifetime
hyundai,CY,KONA N KAUAI N,ICE,S2,1,-29947.105,,,crossover before sale year (product already above benchmark at t=0)
hyundai,CY,TUCSON IX35,HEV,S2,760,-14218.951,0.096,2024.1,within lifetime
hyundai,CY,TUCSON IX35,ICE,S2,8,-17392.4519,,,crossover before sale year (product already above benchmark at t=0)
hyundai,CZ,BAYON,HEV,S2,13,-3290.9121,3.785,2027.8,within lifetime
hyundai,CZ,BAYON,ICE,S2,1575,-4246.266,2.924,2026.9,within lifetime
hyundai,CZ,G80 GENESIS G80,ICE,S2,1,-17625.8426,,,crossover before sale year (product already above benchmark at t=0)
hyundai,CZ,GV80 GENESIS GV80,ICE,S2,1,-28754.6149,,,crossover before sale year (product already above benchmark at t=0)
hyundai,CZ,I 10,ICE,S2,1,-2854.9266,4.189,2028.2,within lifetime
hyundai,CZ,I 20,ICE,S2,2,-2854.9266,4.189,2028.2,within lifetime
hyundai,CZ,I 30,HEV,S2,3154,-6708.3629,0.846,2024.8,within lifetime
hyundai,CZ,I 30,ICE,S2,5588,-6216.868,1.246,2025.2,within lifetime
hyundai,CZ,I10,ICE,S2,773,-2505.7462,4.517,2028.5,within lifetime
hyundai,CZ,I20,HEV,S2,3,-3327.8423,3.751,2027.8,within lifetime
hyundai,CZ,I20,ICE,S2,1736,-3510.5529,3.584,2027.6,within lifetime
hyundai,CZ,IONIQ5,BEV,S2,146,8145.6316,17.931,2041.9,after lifetime
hyundai,CZ,IONIQ6,BEV,S2,31,10204.433,21.788,2045.8,after lifetime
hyundai,CZ,KONA KAUAI,BEV,S2,310,10620.3172,22.654,2046.7,after lifetime
hyundai,CZ,KONA KAUAI,HEV,S2,37,-606.9009,6.395,2030.4,within lifetime
hyundai,CZ,KONA KAUAI,ICE,S2,747,-7362.5043,0.325,2024.3,within lifetime
hyundai,CZ,SANTA FE,HEV,S2,145,-12785.6918,,,crossover before sale year (product already above benchmark at t=0)
hyundai,CZ,SANTA FE,ICE,S2,33,-14523.2825,,,crossover before sale year (product already above benchmark at t=0)
hyundai,CZ,STARIA,HEV,S2,9,-14163.4446,,,crossover before sale year (product already above benchmark at t=0)
hyundai,CZ,STARIA,ICE,S2,154,-24807.6441,,,crossover before sale year (product already above benchmark at t=0)
hyundai,CZ,TUCSON,ICE,S2,2,-9936.8726,,,crossover before sale year (product already above benchmark at t=0)
hyundai,CZ,TUCSON IX35,HEV,S2,3205,-9118.1239,,,crossover before sale year (product already above benchmark at t=0)
hyundai,CZ,TUCSON IX35,ICE,S2,2312,-10349.7906,,,crossover before sale year (product already above benchmark at t=0)
hyundai,DE,BAYON,HEV,S2,2799,-5874.7494,0.856,2024.9,within lifetime
hyundai,DE,BAYON,ICE,S2,1626,-6507.6027,0.318,2024.3,within lifetime
hyundai,DE,BC3,ICE,S2,2,-11140.9235,,,crossover before sale year (product already above benchmark at t=0)
hyundai,DE,G70 GENESIS G70,ICE,S2,119,-21510.4623,,,crossover before sale year (product already above benchmark at t=0)
hyundai,DE,G80 GENESIS G80,BEV,S2,16,8662.6758,19.141,2043.1,after lifetime
hyundai,DE,G80 GENESIS G80,ICE,S2,28,-23695.1739,,,crossover before sale year (product already above benchmark at t=0)
hyundai,DE,G90 GENESIS G90,HEV,S2,35,-34167.3848,,,crossover before sale year (product already above benchmark at t=0)
hyundai,DE,GENESIS RS4,ICE,S2,1,-47712.6957,,,crossover before sale year (product already above benchmark at t=0)
hyundai,DE,GV60 GENESIS GV60,BEV,S2,110,8980.8378,19.767,2043.8,after lifetime
hyundai,DE,GV70 GENESIS GV70,BEV,S2,124,8559.2871,18.941,2042.9,after lifetime
hyundai,DE,GV70 GENESIS GV70,ICE,S2,460,-23470.1069,,,crossover before sale year (product already above benchmark at t=0)
hyundai,DE,GV80 GENESIS GV80,ICE,S2,126,-32013.4665,,,crossover before sale year (product already above benchmark at t=0)
hyundai,DE,I 30,HEV,S2,7647,-9303.2245,,,crossover before sale year (product already above benchmark at t=0)
hyundai,DE,I 30,ICE,S2,3771,-8215.1602,,,crossover before sale year (product already above benchmark at t=0)
hyundai,DE,I 30 N,ICE,S2,2735,-20311.9838,,,crossover before sale year (product already above benchmark at t=0)
hyundai,DE,I10,ICE,S2,15021,-5503.1912,1.179,2025.2,within lifetime
hyundai,DE,I20,HEV,S2,4421,-5522.3801,1.162,2025.2,within lifetime
hyundai,DE,I20,ICE,S2,5642,-5743.5323,0.97,2025.0,within lifetime
hyundai,DE,I20 N,ICE,S2,1792,-13722.4604,,,crossover before sale year (product already above benchmark at t=0)
hyundai,DE,INSTER,BEV,S2,28,11165.0754,24.609,2048.6,after lifetime
hyundai,DE,IONIQ,HEV,S2,1,-2699.9916,3.771,2027.8,within lifetime
hyundai,DE,IONIQ5,BEV,S2,6449,9753.3728,21.363,2045.4,after lifetime
hyundai,DE,IONIQ5 N,BEV,S2,1171,7386.7225,16.792,2040.8,after lifetime
hyundai,DE,IONIQ6,BEV,S2,2450,11049.1399,24.324,2048.3,after lifetime
hyundai,DE,KONA,HEV,S2,3,-29823.8302,,,crossover before sale year (product already above benchmark at t=0)
hyundai,DE,KONA KAUAI,BEV,S2,6505,11059.2199,24.349,2048.3,after lifetime
hyundai,DE,KONA KAUAI,HEV,S2,2601,-3009.4658,3.47,2027.5,within lifetime
hyundai,DE,KONA KAUAI,ICE,S2,4389,-10322.77,,,crossover before sale year (product already above benchmark at t=0)
hyundai,DE,KONA N KAUAI N,ICE,S2,84,-21467.071,,,crossover before sale year (product already above benchmark at t=0)
hyundai,DE,MX5 PHEV,HEV,S2,1,-18668.0579,,,crossover before sale year (product already above benchmark at t=0)
hyundai,DE,NX4,HEV,S2,4,-14676.0413,,,crossover before sale year (product already above benchmark at t=0)
hyundai,DE,NX4,ICE,S2,2,-27383.0929,,,crossover before sale year (product already above benchmark at t=0)
hyundai,DE,NX4E,ICE,S2,1,-25124.2482,,,crossover before sale year (product already above benchmark at t=0)
hyundai,DE,SANTA FE,HEV,S2,731,-15030.2699,,,crossover before sale year (product already above benchmark at t=0)
hyundai,DE,SANTA FE,ICE,S2,119,-17137.3819,,,crossover before sale year (product already above benchmark at t=0)
hyundai,DE,STARIA,HEV,S2,266,-17355.6141,,,crossover before sale year (product already above benchmark at t=0)
hyundai,DE,STARIA,ICE,S2,1598,-28088.6485,,,crossover before sale year (product already above benchmark at t=0)
hyundai,DE,STARIA PREMIUM,ICE,S2,661,-28731.9459,,,crossover before sale year (product already above benchmark at t=0)
hyundai,DE,SX2,HEV,S2,3,-6928.9699,,,crossover before sale year (product already above benchmark at t=0)
hyundai,DE,SX2,ICE,S2,6,-22972.9675,,,crossover before sale year (product already above benchmark at t=0)
hyundai,DE,TUCSON,HEV,S2,2,-15605.689,,,crossover before sale year (product already above benchmark at t=0)
hyundai,DE,TUCSON IX35,HEV,S2,16018,-11148.0611,,,crossover before sale year (product already above benchmark at t=0)
hyundai,DE,TUCSON IX35,ICE,S2,2198,-13006.3851,,,crossover before sale year (product already above benchmark at t=0)
hyundai,DE,US4,HEV,S2,5,-52704.1005,,,crossover before sale year (product already above benchmark at t=0)
hyundai,DK,BAYON,ICE,S2,49,-5561.0506,1.296,2025.3,within lifetime
hyundai,DK,I 30,HEV,S2,24,-8974.4276,,,crossover before sale year (product already above benchmark at t=0)
hyundai,DK,I 30,ICE,S2,173,-7165.7841,,,crossover before sale year (product already above benchmark at t=0)
hyundai,DK,I10,ICE,S2,776,-2892.484,3.68,2027.7,within lifetime
hyundai,DK,I20,ICE,S2,763,-4949.2281,1.821,2025.8,within lifetime
hyundai,DK,I20 N,ICE,S2,2,-13048.6221,,,crossover before sale year (product already above benchmark at t=0)
hyundai,DK,IONIQ,BEV,S2,1,16938.5293,43.62,2067.6,after lifetime
hyundai,DK,IONIQ 5,BEV,S2,1,16938.5293,43.62,2067.6,after lifetime
hyundai,DK,IONIQ5,BEV,S2,790,16894.0568,43.374,2067.4,after lifetime
hyundai,DK,IONIQ6,BEV,S2,377,17374.3358,46.182,2070.2,after lifetime
hyundai,DK,KONA KAUAI,BEV,S2,1141,17407.2839,46.388,2070.4,after lifetime
hyundai,DK,KONA KAUAI,ICE,S2,252,-7997.8059,,,crossover before sale year (product already above benchmark at t=0)
hyundai,DK,STARIA PREMIUM,ICE,S2,1,-26836.6581,,,crossover before sale year (product already above benchmark at t=0)
hyundai,DK,TUCSON IX35,HEV,S2,198,-10793.5329,,,crossover before sale year (product already above benchmark at t=0)
hyundai,DK,TUCSON IX35,ICE,S2,15,-11626.7308,,,crossover before sale year (product already above benchmark at t=0)
hyundai,EE,BAYON,HEV,S2,33,-1226.9279,8.884,2032.9,within lifetime
hyundai,EE,BAYON,ICE,S2,16,-1692.0263,8.464,2032.5,within lifetime
hyundai,EE,G90 GENESIS G90,HEV,S2,1,-27141.1404,,,crossover before sale year (product already above benchmark at t=0)
hyundai,EE,I 30,HEV,S2,20,-1903.7789,8.276,2032.3,within lifetime
hyundai,EE,I 30,ICE,S2,26,-3172.8211,7.177,2031.2,within lifetime
hyundai,EE,I 30 N,ICE,S2,1,-15174.8619,,,crossover before sale year (product already above benchmark at t=0)
hyundai,EE,I10,ICE,S2,3,1419.3973,11.435,2035.4,within lifetime
hyundai,EE,I20,HEV,S2,12,-820.0642,9.258,2033.3,within lifetime
hyundai,EE,I20,ICE,S2,65,-1108.6572,8.992,2033.0,within lifetime
hyundai,EE,I20 N,ICE,S2,4,-8496.6844,3.077,2027.1,within lifetime
hyundai,EE,IONIQ5,BEV,S2,61,13122.5348,28.461,2052.5,after lifetime
hyundai,EE,IONIQ5 N,BEV,S2,9,11105.8555,24.455,2048.5,after lifetime
hyundai,EE,IONIQ6,BEV,S2,19,14128.155,30.761,2054.8,after lifetime
hyundai,EE,KONA KAUAI,BEV,S2,27,14812.6286,32.473,2056.5,after lifetime
hyundai,EE,KONA KAUAI,HEV,S2,40,1748.591,11.774,2035.8,within lifetime
hyundai,EE,KONA N KAUAI N,ICE,S2,1,-15781.9689,,,crossover before sale year (product already above benchmark at t=0)
hyundai,EE,SANTA FE,HEV,S2,29,-10729.4272,1.557,2025.6,within lifetime
hyundai,EE,TUCSON IX35,HEV,S2,314,-6061.7808,4.86,2028.9,within lifetime
hyundai,EE,TUCSON IX35,ICE,S2,7,-7311.3889,3.927,2027.9,within lifetime
hyundai,ES,BAYON,HEV,S2,3167,-9397.0156,2.54,2026.5,within lifetime
hyundai,ES,BAYON,ICE,S2,1912,-10774.0639,1.711,2025.7,within lifetime
hyundai,ES,G90 GENESIS G90,HEV,S2,1,-48104.6146,,,crossover before sale year (product already above benchmark at t=0)
hyundai,ES,GV70 GENESIS GV70,ICE,S2,1,-40524.7764,,,crossover before sale year (product already above benchmark at t=0)
hyundai,ES,GV80 GENESIS GV80,ICE,S2,1,-45953.8156,,,crossover before sale year (product already above benchmark at t=0)
hyundai,ES,I 30,HEV,S2,2095,-10340.2963,1.969,2026.0,within lifetime
hyundai,ES,I 30,ICE,S2,3669,-13240.6574,0.299,2024.3,within lifetime
hyundai,ES,I 30 N,ICE,S2,596,-27827.6713,,,crossover before sale year (product already above benchmark at t=0)
hyundai,ES,I10,ICE,S2,5388,-8160.7959,3.31,2027.3,within lifetime
hyundai,ES,I20,HEV,S2,2700,-8517.5853,3.085,2027.1,within lifetime
hyundai,ES,I20,ICE,S2,8440,-8851.5205,2.876,2026.9,within lifetime
hyundai,ES,I20 N,ICE,S2,888,-20316.6861,,,crossover before sale year (product already above benchmark at t=0)
hyundai,ES,INSTER,BEV,S2,74,21889.9038,45.507,2069.5,after lifetime
hyundai,ES,IONIQ5,BEV,S2,377,20920.2583,41.819,2065.8,after lifetime
hyundai,ES,IONIQ5 N,BEV,S2,23,19488.0021,37.284,2061.3,after lifetime
hyundai,ES,IONIQ6,BEV,S2,156,21902.7382,45.56,2069.6,after lifetime
hyundai,ES,KONA KAUAI,BEV,S2,868,21790.7283,45.101,2069.1,after lifetime
hyundai,ES,KONA KAUAI,HEV,S2,8739,-5442.7074,5.104,2029.1,within lifetime
hyundai,ES,KONA KAUAI,ICE,S2,3204,-12846.298,0.519,2024.5,within lifetime
hyundai,ES,SANTA FE,HEV,S2,310,-22796.7353,,,crossover before sale year (product already above benchmark at t=0)
hyundai,ES,SANTA FE,ICE,S2,84,-23426.1683,,,crossover before sale year (product already above benchmark at t=0)
hyundai,ES,STARIA,HEV,S2,82,-25410.4306,,,crossover before sale year (product already above benchmark at t=0)
hyundai,ES,STARIA,ICE,S2,102,-40045.7542,,,crossover before sale year (product already above benchmark at t=0)
hyundai,ES,STARIA PREMIUM,ICE,S2,1,-39619.9365,,,crossover before sale year (product already above benchmark at t=0)
hyundai,ES,TUCSON IX35,HEV,S2,11395,-14324.1683,,,crossover before sale year (product already above benchmark at t=0)
hyundai,ES,TUCSON IX35,ICE,S2,7952,-18356.1997,,,crossover before sale year (product already above benchmark at t=0)
hyundai,FI,BAYON,HEV,S2,212,-15919.8454,,,crossover before sale year (product already above benchmark at t=0)
hyundai,FI,BAYON,ICE,S2,30,-16596.8236,,,crossover before sale year (product already above benchmark at t=0)
hyundai,FI,I 30,HEV,S2,95,-16745.2313,,,crossover before sale year (product already above benchmark at t=0)
hyundai,FI,I 30,ICE,S2,388,-19929.6929,,,crossover before sale year (product already above benchmark at t=0)
hyundai,FI,I10,ICE,S2,223,-12070.5852,,,crossover before sale year (product already above benchmark at t=0)
hyundai,FI,I20,HEV,S2,26,-15217.7339,,,crossover before sale year (product already above benchmark at t=0)
hyundai,FI,I20,ICE,S2,370,-15778.6326,,,crossover before sale year (product already above benchmark at t=0)
hyundai,FI,I20 N,ICE,S2,3,-26472.2531,,,crossover before sale year (product already above benchmark at t=0)
hyundai,FI,IONIQ5,BEV,S2,534,17115.0226,54.269,2078.3,after lifetime
hyundai,FI,IONIQ5 N,BEV,S2,24,16479.9127,49.741,2073.7,after lifetime
hyundai,FI,IONIQ6,BEV,S2,139,17456.4237,57.141,2081.1,after lifetime
hyundai,FI,KONA KAUAI,BEV,S2,372,17328.3066,56.02,2080.0,after lifetime
hyundai,FI,KONA KAUAI,HEV,S2,209,-11587.6079,0.142,2024.1,within lifetime
hyundai,FI,TUCSON IX35,HEV,S2,107,-22596.2099,,,crossover before sale year (product already above benchmark at t=0)
hyundai,FI,TUCSON IX35,ICE,S2,3,-25002.6951,,,crossover before sale year (product already above benchmark at t=0)
hyundai,FR,BAYON,HEV,S2,3492,-8077.8629,,,crossover before sale year (product already above benchmark at t=0)
hyundai,FR,BAYON,ICE,S2,1975,-8785.761,,,crossover before sale year (product already above benchmark at t=0)
hyundai,FR,G90 GENESIS G90,HEV,S2,1,-38098.0693,,,crossover before sale year (product already above benchmark at t=0)
hyundai,FR,GV70 GENESIS GV70,ICE,S2,1,-32230.2454,,,crossover before sale year (product already above benchmark at t=0)
hyundai,FR,GV80 GENESIS GV80,ICE,S2,1,-36666.5485,,,crossover before sale year (product already above benchmark at t=0)
hyundai,FR,I 30,HEV,S2,618,-9480.8879,,,crossover before sale year (product already above benchmark at t=0)
hyundai,FR,I 30,ICE,S2,322,-11243.0059,,,crossover before sale year (product already above benchmark at t=0)
hyundai,FR,I10,ICE,S2,3811,-6854.8017,0.921,2024.9,within lifetime
hyundai,FR,I20,HEV,S2,2266,-7519.5682,0.376,2024.4,within lifetime
hyundai,FR,I20,ICE,S2,4634,-8089.2147,,,crossover before sale year (product already above benchmark at t=0)
hyundai,FR,I20 N,ICE,S2,91,-16586.4396,,,crossover before sale year (product already above benchmark at t=0)
hyundai,FR,IONIQ5,BEV,S2,735,18939.0947,68.239,2092.2,after lifetime
hyundai,FR,IONIQ5 N,BEV,S2,123,18622.5117,63.545,2087.5,after lifetime
hyundai,FR,IONIQ6,BEV,S2,291,19124.4369,71.522,2095.5,after lifetime
hyundai,FR,KONA KAUAI,BEV,S2,4918,19136.0265,71.744,2095.7,after lifetime
hyundai,FR,KONA KAUAI,HEV,S2,7905,-4736.0959,2.749,2026.7,within lifetime
hyundai,FR,KONA KAUAI,ICE,S2,509,-10495.9792,,,crossover before sale year (product already above benchmark at t=0)
hyundai,FR,SANTA FE,HEV,S2,257,-16155.614,,,crossover before sale year (product already above benchmark at t=0)
hyundai,FR,SANTA FE,ICE,S2,7,-18487.7224,,,crossover before sale year (product already above benchmark at t=0)
hyundai,FR,TUCSON IX35,HEV,S2,15231,-10910.3605,,,crossover before sale year (product already above benchmark at t=0)
hyundai,FR,TUCSON IX35,ICE,S2,8,-15652.4811,,,crossover before sale year (product already above benchmark at t=0)
hyundai,GR,BAYON,HEV,S2,102,-16755.2093,,,crossover before sale year (product already above benchmark at t=0)
hyundai,GR,BAYON,ICE,S2,1138,-17145.5807,,,crossover before sale year (product already above benchmark at t=0)
hyundai,GR,I 30,HEV,S2,525,-19934.6382,,,crossover before sale year (product already above benchmark at t=0)
hyundai,GR,I 30,ICE,S2,960,-20298.2755,,,crossover before sale year (product already above benchmark at t=0)
hyundai,GR,I 30 N,ICE,S2,12,-32087.5892,,,crossover before sale year (product already above benchmark at t=0)
hyundai,GR,I10,ICE,S2,1610,-15405.2893,,,crossover before sale year (product already above benchmark at t=0)
hyundai,GR,I20,HEV,S2,44,-15928.7554,,,crossover before sale year (product already above benchmark at t=0)
hyundai,GR,I20,ICE,S2,2155,-16536.9337,,,crossover before sale year (product already above benchmark at t=0)
hyundai,GR,I20 N,ICE,S2,88,-25882.973,,,crossover before sale year (product already above benchmark at t=0)
hyundai,GR,IONIQ5,BEV,S2,84,2592.7675,12.189,2036.2,within lifetime
hyundai,GR,IONIQ5 N,BEV,S2,8,162.3927,8.151,2032.2,within lifetime
hyundai,GR,IONIQ6,BEV,S2,13,4518.0416,15.998,2040.0,within lifetime
hyundai,GR,KONA KAUAI,BEV,S2,108,4595.2687,16.165,2040.2,within lifetime
hyundai,GR,KONA KAUAI,HEV,S2,721,-16119.1237,,,crossover before sale year (product already above benchmark at t=0)
hyundai,GR,KONA KAUAI,ICE,S2,173,-22048.4168,,,crossover before sale year (product already above benchmark at t=0)
hyundai,GR,TUCSON IX35,HEV,S2,1046,-23533.8657,,,crossover before sale year (product already above benchmark at t=0)
hyundai,HR,BAYON,HEV,S2,4,-501.2448,8.463,2032.5,within lifetime
hyundai,HR,BAYON,ICE,S2,372,-1443.3944,7.904,2031.9,within lifetime
hyundai,HR,I 30,HEV,S2,40,-6659.9222,5.037,2029.0,within lifetime
hyundai,HR,I 30,ICE,S2,548,-3814.9918,6.555,2030.6,within lifetime
hyundai,HR,I 30 N,ICE,S2,10,-20302.6497,,,crossover before sale year (product already above benchmark at t=0)
hyundai,HR,I10,ICE,S2,164,1276.5438,9.558,2033.6,within lifetime
hyundai,HR,I20,ICE,S2,563,-97.3509,8.707,2032.7,within lifetime
hyundai,HR,I20 N,ICE,S2,5,-11551.1411,2.644,2026.6,within lifetime
hyundai,HR,I30,ICE,S2,2,-18920.8326,,,crossover before sale year (product already above benchmark at t=0)
hyundai,HR,IONIQ5,BEV,S2,48,29462.1431,44.668,2068.7,after lifetime
hyundai,HR,IONIQ6,BEV,S2,30,30048.9531,46.501,2070.5,after lifetime
hyundai,HR,KONA,HEV,S2,1,3557.7061,11.045,2035.0,within lifetime
hyundai,HR,KONA,ICE,S2,1,-6945.084,4.89,2028.9,within lifetime
hyundai,HR,KONA KAUAI,BEV,S2,80,30460.6394,47.883,2071.9,after lifetime
hyundai,HR,KONA KAUAI,HEV,S2,50,4350.7626,11.586,2035.6,within lifetime
hyundai,HR,KONA KAUAI,ICE,S2,225,-4825.6221,6.004,2030.0,within lifetime
hyundai,HR,SANTA FE,HEV,S2,6,-15071.8482,1.067,2025.1,within lifetime
hyundai,HR,TUCSON,HEV,S2,4,-7604.4089,4.555,2028.6,within lifetime
hyundai,HR,TUCSON IX35,HEV,S2,715,-7440.9893,4.637,2028.6,within lifetime
hyundai,HR,TUCSON IX35,ICE,S2,469,-10072.7503,3.341,2027.3,within lifetime
hyundai,HU,BAYON,ICE,S2,181,-14806.5443,0.033,2024.0,within lifetime
hyundai,HU,I 30,HEV,S2,266,-16409.1249,,,crossover before sale year (product already above benchmark at t=0)
hyundai,HU,I 30,ICE,S2,899,-18321.2124,,,crossover before sale year (product already above benchmark at t=0)
hyundai,HU,I 30 N,ICE,S2,33,-35437.6616,,,crossover before sale year (product already above benchmark at t=0)
hyundai,HU,I10,ICE,S2,153,-13487.338,0.764,2024.8,within lifetime
hyundai,HU,I20,HEV,S2,90,-14104.1435,0.419,2024.4,within lifetime
hyundai,HU,I20,ICE,S2,588,-13693.0728,0.649,2024.6,within lifetime
hyundai,HU,I20 N,ICE,S2,36,-25707.7103,,,crossover before sale year (product already above benchmark at t=0)
hyundai,HU,IONIQ5,BEV,S2,115,17163.4877,33.541,2057.5,after lifetime
hyundai,HU,IONIQ5 N,BEV,S2,32,15638.7706,30.13,2054.1,after lifetime
hyundai,HU,IONIQ6,BEV,S2,136,18612.7364,37.345,2061.3,after lifetime
hyundai,HU,KONA KAUAI,BEV,S2,280,18741.5647,37.717,2061.7,after lifetime
hyundai,HU,KONA KAUAI,HEV,S2,139,-9098.7762,3.383,2027.4,within lifetime
hyundai,HU,KONA KAUAI,ICE,S2,201,-20918.6299,,,crossover before sale year (product already above benchmark at t=0)
hyundai,HU,KONA N KAUAI N,ICE,S2,4,-37599.8914,,,crossover before sale year (product already above benchmark at t=0)
hyundai,HU,SANTA FE,HEV,S2,20,-29657.5281,,,crossover before sale year (product already above benchmark at t=0)
hyundai,HU,STARIA,HEV,S2,5,-31286.5733,,,crossover before sale year (product already above benchmark at t=0)
hyundai,HU,STARIA PREMIUM,HEV,S2,6,-31286.5733,,,crossover before sale year (product already above benchmark at t=0)
hyundai,HU,STARIA PREMIUM,ICE,S2,1,-50152.7492,,,crossover before sale year (product already above benchmark at t=0)
hyundai,HU,TUCSON IX35,HEV,S2,989,-20823.1656,,,crossover before sale year (product already above benchmark at t=0)
hyundai,HU,TUCSON IX35,ICE,S2,251,-24857.5184,,,crossover before sale year (product already above benchmark at t=0)
hyundai,IE,BAYON,ICE,S2,416,-12324.3713,,,crossover before sale year (product already above benchmark at t=0)
hyundai,IE,I 30,ICE,S2,214,-13628.3994,,,crossover before sale year (product already above benchmark at t=0)
hyundai,IE,I 30 N,ICE,S2,3,-30061.6567,,,crossover before sale year (product already above benchmark at t=0)
hyundai,IE,I10,ICE,S2,502,-9593.2462,1.287,2025.3,within lifetime
hyundai,IE,I20,ICE,S2,1457,-10579.5559,0.705,2024.7,within lifetime
hyundai,IE,I20 N,ICE,S2,1,-22395.7887,,,crossover before sale year (product already above benchmark at t=0)
hyundai,IE,IONIQ5,BEV,S2,462,15268.3886,25.581,2049.6,after lifetime
hyundai,IE,IONIQ5 N,BEV,S2,7,12668.3913,21.419,2045.4,after lifetime
hyundai,IE,IONIQ6,BEV,S2,226,17714.3507,30.355,2054.4,after lifetime
hyundai,IE,KONA KAUAI,BEV,S2,739,17351.419,29.579,2053.6,after lifetime
hyundai,IE,KONA KAUAI,HEV,S2,870,-6219.4692,3.4,2027.4,within lifetime
hyundai,IE,KONA KAUAI,ICE,S2,889,-14058.774,,,crossover before sale year (product already above benchmark at t=0)
hyundai,IE,TUCSON IX35,HEV,S2,1420,-13762.5939,,,crossover before sale year (product already above benchmark at t=0)
hyundai,IE,TUCSON IX35,ICE,S2,2710,-16333.4606,,,crossover before sale year (product already above benchmark at t=0)
hyundai,IT,BAYON,HEV,S2,718,-11666.992,,,crossover before sale year (product already above benchmark at t=0)
hyundai,IT,BAYON,ICE,S2,1508,-12875.7963,,,crossover before sale year (product already above benchmark at t=0)
hyundai,IT,BAYON BI-FUEL,ICE,S2,1475,-9789.6719,,,crossover before sale year (product already above benchmark at t=0)
hyundai,IT,GV70 GENESIS GV70,ICE,S2,1,-38419.4256,,,crossover before sale year (product already above benchmark at t=0)
hyundai,IT,GV80 GENESIS GV80,ICE,S2,2,-43331.4135,,,crossover before sale year (product already above benchmark at t=0)
hyundai,IT,I 30,HEV,S2,122,-14051.1431,,,crossover before sale year (product already above benchmark at t=0)
hyundai,IT,I 30,ICE,S2,12,-12825.3838,,,crossover before sale year (product already above benchmark at t=0)
hyundai,IT,I 30 N,ICE,S2,26,-28118.1599,,,crossover before sale year (product already above benchmark at t=0)
hyundai,IT,I10,ICE,S2,13611,-10407.8326,,,crossover before sale year (product already above benchmark at t=0)
hyundai,IT,I10 BI-FUEL,ICE,S2,2139,-7731.4973,0.549,2024.5,within lifetime
hyundai,IT,I20,HEV,S2,2268,-10625.329,,,crossover before sale year (product already above benchmark at t=0)
hyundai,IT,I20,ICE,S2,5314,-11259.8298,,,crossover before sale year (product already above benchmark at t=0)
hyundai,IT,I20 BI-FUEL,ICE,S2,2087,-9060.2158,,,crossover before sale year (product already above benchmark at t=0)
hyundai,IT,I20 I20 ACTIVE,ICE,S2,1,-5069.6135,2.82,2026.8,within lifetime
hyundai,IT,I20 N,ICE,S2,886,-20839.6797,,,crossover before sale year (product already above benchmark at t=0)
hyundai,IT,IONIQ5,BEV,S2,46,9296.7145,21.974,2046.0,after lifetime
hyundai,IT,IONIQ5 N,BEV,S2,27,7057.9106,17.7,2041.7,within lifetime
hyundai,IT,IONIQ6,BEV,S2,90,10004.7938,23.514,2047.5,after lifetime
hyundai,IT,KONA KAUAI,BEV,S2,341,10648.1563,25.011,2049.0,after lifetime
hyundai,IT,KONA KAUAI,HEV,S2,5143,-9059.5354,,,crossover before sale year (product already above benchmark at t=0)
hyundai,IT,KONA KAUAI,ICE,S2,1076,-14881.335,,,crossover before sale year (product already above benchmark at t=0)
hyundai,IT,SANTA FE,HEV,S2,276,-23499.9762,,,crossover before sale year (product already above benchmark at t=0)
hyundai,IT,STARIA,HEV,S2,4,-25205.7464,,,crossover before sale year (product already above benchmark at t=0)
hyundai,IT,STARIA,ICE,S2,296,-37428.9879,,,crossover before sale year (product already above benchmark at t=0)
hyundai,IT,STARIA PREMIUM,HEV,S2,4,-25205.7464,,,crossover before sale year (product already above benchmark at t=0)
hyundai,IT,STARIA PREMIUM,ICE,S2,43,-39369.3524,,,crossover before sale year (product already above benchmark at t=0)
hyundai,IT,TUCSON IX35,HEV,S2,10997,-15313.4304,,,crossover before sale year (product already above benchmark at t=0)
hyundai,IT,TUCSON IX35,ICE,S2,272,-15667.2531,,,crossover before sale year (product already above benchmark at t=0)
hyundai,IT,VERACRUZIX55,ICE,S2,1,-31439.2324,,,crossover before sale year (product already above benchmark at t=0)
hyundai,LT,BAYON,HEV,S2,11,-16947.067,,,crossover before sale year (product already above benchmark at t=0)
hyundai,LT,BAYON,ICE,S2,8,-17382.394,,,crossover before sale year (product already above benchmark at t=0)
hyundai,LT,G90 GENESIS G90,HEV,S2,1,-59785.8203,,,crossover before sale year (product already above benchmark at t=0)
hyundai,LT,I 30,HEV,S2,11,-18773.307,,,crossover before sale year (product already above benchmark at t=0)
hyundai,LT,I 30,ICE,S2,28,-18745.7358,,,crossover before sale year (product already above benchmark at t=0)
hyundai,LT,I 30 N,ICE,S2,3,-39985.3244,,,crossover before sale year (product already above benchmark at t=0)
hyundai,LT,I10,ICE,S2,1,-12526.9497,0.566,2024.6,within lifetime
hyundai,LT,I20,HEV,S2,3,-16317.6872,,,crossover before sale year (product already above benchmark at t=0)
hyundai,LT,I20,ICE,S2,163,-16487.7198,,,crossover before sale year (product already above benchmark at t=0)
hyundai,LT,I20 N,ICE,S2,2,-28935.0029,,,crossover before sale year (product already above benchmark at t=0)
hyundai,LT,IONIQ5,BEV,S2,46,18249.7474,42.282,2066.3,after lifetime
hyundai,LT,IONIQ5 N,BEV,S2,1,17036.3251,37.953,2062.0,after lifetime
hyundai,LT,IONIQ6,BEV,S2,13,18818.2108,44.638,2068.6,after lifetime
hyundai,LT,KONA KAUAI,BEV,S2,19,19021.8068,45.545,2069.5,after lifetime
hyundai,LT,KONA KAUAI,HEV,S2,30,-11970.8977,0.912,2024.9,within lifetime
hyundai,LT,SANTA FE,HEV,S2,11,-32330.6282,,,crossover before sale year (product already above benchmark at t=0)
hyundai,LT,TUCSON IX35,HEV,S2,338,-24734.3867,,,crossover before sale year (product already above benchmark at t=0)
hyundai,LT,TUCSON IX35,ICE,S2,6,-27037.4618,,,crossover before sale year (product already above benchmark at t=0)
hyundai,LU,BAYON,HEV,S2,11,23548.0713,22.151,2046.2,after lifetime
hyundai,LU,BAYON,ICE,S2,23,23176.0034,21.757,2045.8,after lifetime
hyundai,LU,G80 GENESIS G80,ICE,S2,1,8383.8364,9.927,2033.9,within lifetime
hyundai,LU,G90 GENESIS G90,HEV,S2,1,1467.2435,5.99,2030.0,within lifetime
hyundai,LU,GV60 GENESIS GV60,BEV,S2,1,40916.5468,61.512,2085.5,after lifetime
hyundai,LU,I 30,HEV,S2,42,21269.8906,19.836,2043.8,after lifetime
hyundai,LU,I 30,ICE,S2,8,22344.2229,20.898,2044.9,after lifetime
hyundai,LU,I 30 N,ICE,S2,51,11658.495,12.062,2036.1,after lifetime
hyundai,LU,I10,ICE,S2,71,24002.1825,22.643,2046.6,after lifetime
hyundai,LU,I20,ICE,S2,103,23472.0325,22.07,2046.1,after lifetime
hyundai,LU,I20 N,ICE,S2,8,17346.0598,16.332,2040.3,after lifetime
hyundai,LU,IONIQ5,BEV,S2,168,41280.4904,63.869,2087.9,after lifetime
hyundai,LU,IONIQ5 N,BEV,S2,18,40514.0412,59.163,2083.2,after lifetime
hyundai,LU,IONIQ6,BEV,S2,76,41678.6854,66.767,2090.8,after lifetime
hyundai,LU,KONA KAUAI,BEV,S2,231,41603.2367,66.189,2090.2,after lifetime
hyundai,LU,KONA KAUAI,HEV,S2,92,25980.5373,24.919,2048.9,after lifetime
hyundai,LU,KONA KAUAI,ICE,S2,97,20983.1886,19.56,2043.6,after lifetime
hyundai,LU,KONA N KAUAI N,ICE,S2,6,11141.4436,11.711,2035.7,within lifetime
hyundai,LU,SANTA FE,HEV,S2,3,17064.0187,16.1,2040.1,after lifetime
hyundai,LU,STARIA,ICE,S2,4,5884.7549,8.424,2032.4,within lifetime
hyundai,LU,STARIA PREMIUM,ICE,S2,7,6315.631,8.676,2032.7,within lifetime
hyundai,LU,TUCSON IX35,HEV,S2,246,20330.9823,18.946,2042.9,after lifetime
hyundai,LV,BAYON,HEV,S2,55,-12642.3354,1.765,2025.8,within lifetime
hyundai,LV,BAYON,ICE,S2,11,-13335.9163,1.389,2025.4,within lifetime
hyundai,LV,I 30,HEV,S2,27,-14108.8514,0.977,2025.0,within lifetime
hyundai,LV,I 30,ICE,S2,118,-16208.0681,,,crossover before sale year (product already above benchmark at t=0)
hyundai,LV,I10,ICE,S2,4,-8248.2499,4.308,2028.3,within lifetime
hyundai,LV,I20,HEV,S2,7,-11999.4899,2.12,2026.1,within lifetime
hyundai,LV,I20,ICE,S2,75,-12199.4688,2.009,2026.0,within lifetime
hyundai,LV,I20 N,ICE,S2,2,-24767.8513,,,crossover before sale year (product already above benchmark at t=0)
hyundai,LV,IONIQ5,BEV,S2,53,21699.8664,42.295,2066.3,after lifetime
hyundai,LV,IONIQ5 N,BEV,S2,2,20441.2186,38.471,2062.5,after lifetime
hyundai,LV,IONIQ6,BEV,S2,7,22314.5904,44.429,2068.4,after lifetime
hyundai,LV,KONA KAUAI,BEV,S2,12,22794.7005,46.248,2070.2,after lifetime
hyundai,LV,KONA KAUAI,HEV,S2,25,-7521.5788,4.758,2028.8,within lifetime
hyundai,LV,KONA N KAUAI N,ICE,S2,1,-36904.7013,,,crossover before sale year (product already above benchmark at t=0)
hyundai,LV,SANTA FE,HEV,S2,12,-28461.861,,,crossover before sale year (product already above benchmark at t=0)
hyundai,LV,TUCSON IX35,HEV,S2,225,-20054.204,,,crossover before sale year (product already above benchmark at t=0)
hyundai,LV,TUCSON IX35,ICE,S2,11,-22714.3974,,,crossover before sale year (product already above benchmark at t=0)
hyundai,MT,BAYON,HEV,S2,15,-3729.328,5.553,2029.6,within lifetime
hyundai,MT,BAYON,ICE,S2,18,-4494.3551,4.804,2028.8,within lifetime
hyundai,MT,I10,ICE,S2,377,-3090.4334,6.199,2030.2,within lifetime
hyundai,MT,I20,HEV,S2,9,-3098.0224,6.191,2030.2,within lifetime
hyundai,MT,I20,ICE,S2,198,-3466.1313,5.817,2029.8,within lifetime
hyundai,MT,IONIQ5,BEV,S2,4,5117.6233,16.735,2040.7,within lifetime
hyundai,MT,IONIQ5 N,BEV,S2,1,2672.4664,13.051,2037.1,within lifetime
hyundai,MT,IONIQ6,BEV,S2,5,6508.3063,19.135,2043.1,within lifetime
hyundai,MT,KONA KAUAI,BEV,S2,68,7200.9505,20.433,2044.4,within lifetime
hyundai,MT,KONA KAUAI,HEV,S2,14,-1204.0868,8.221,2032.2,within lifetime
hyundai,MT,KONA KAUAI,ICE,S2,21,-6052.4861,3.35,2027.4,within lifetime
hyundai,MT,TUCSON IX35,HEV,S2,8,-5844.2291,3.539,2027.5,within lifetime
hyundai,NL,BAYON,HEV,S2,968,-12625.5045,,,crossover before sale year (product already above benchmark at t=0)
hyundai,NL,GV60 GENESIS GV60,BEV,S2,1,7904.2833,20.198,2044.2,after lifetime
hyundai,NL,I 30,HEV,S2,354,-13469.0664,,,crossover before sale year (product already above benchmark at t=0)
hyundai,NL,I10,ICE,S2,5977,-9936.426,,,crossover before sale year (product already above benchmark at t=0)
hyundai,NL,I20,HEV,S2,1407,-11689.1362,,,crossover before sale year (product already above benchmark at t=0)
hyundai,NL,I20,ICE,S2,159,-12099.4758,,,crossover before sale year (product already above benchmark at t=0)
hyundai,NL,INSTER,BEV,S2,33,10028.401,25.607,2049.6,after lifetime
hyundai,NL,IONIQ5,BEV,S2,667,8796.0938,22.313,2046.3,after lifetime
hyundai,NL,IONIQ5 N,BEV,S2,59,6634.6216,17.493,2041.5,after lifetime
hyundai,NL,IONIQ6,BEV,S2,587,10004.1663,25.538,2049.5,after lifetime
hyundai,NL,KONA KAUAI,BEV,S2,3060,9873.8673,25.167,2049.2,after lifetime
hyundai,NL,KONA KAUAI,HEV,S2,3898,-9283.1208,,,crossover before sale year (product already above benchmark at t=0)
hyundai,NL,SANTA FE,HEV,S2,67,-21519.8148,,,crossover before sale year (product already above benchmark at t=0)
hyundai,NL,TUCSON IX35,HEV,S2,1231,-15583.2221,,,crossover before sale year (product already above benchmark at t=0)
hyundai,PL,BAYON,ICE,S2,1421,-19917.855,,,crossover before sale year (product already above benchmark at t=0)
hyundai,PL,ELANTRA,ICE,S2,1077,-25828.8205,,,crossover before sale year (product already above benchmark at t=0)
hyundai,PL,G80 GENESIS G80,ICE,S2,2,-49180.7899,,,crossover before sale year (product already above benchmark at t=0)
hyundai,PL,GV80 GENESIS GV80,ICE,S2,1,-61590.0223,,,crossover before sale year (product already above benchmark at t=0)
hyundai,PL,I 30,HEV,S2,3221,-22162.8671,,,crossover before sale year (product already above benchmark at t=0)
hyundai,PL,I 30,ICE,S2,2019,-20902.1829,,,crossover before sale year (product already above benchmark at t=0)
hyundai,PL,I 30 N,ICE,S2,4,-37460.9592,,,crossover before sale year (product already above benchmark at t=0)
hyundai,PL,I10,ICE,S2,868,-17934.9286,,,crossover before sale year (product already above benchmark at t=0)
hyundai,PL,I20,ICE,S2,4275,-18584.7243,,,crossover before sale year (product already above benchmark at t=0)
hyundai,PL,I20 N,ICE,S2,51,-31256.343,,,crossover before sale year (product already above benchmark at t=0)
hyundai,PL,IONIQ5,BEV,S2,165,-8825.0381,3.19,2027.2,within lifetime
hyundai,PL,IONIQ5 N,BEV,S2,7,-14109.9072,,,crossover before sale year (product already above benchmark at t=0)
hyundai,PL,KONA KAUAI,BEV,S2,290,-3075.2466,7.644,2031.6,within lifetime
hyundai,PL,KONA KAUAI,HEV,S2,1562,-13820.4851,,,crossover before sale year (product already above benchmark at t=0)
hyundai,PL,KONA KAUAI,ICE,S2,2057,-25042.1786,,,crossover before sale year (product already above benchmark at t=0)
hyundai,PL,SANTA FE,HEV,S2,594,-34981.9092,,,crossover before sale year (product already above benchmark at t=0)
hyundai,PL,STARIA,HEV,S2,41,-37077.7653,,,crossover before sale year (product already above benchmark at t=0)
hyundai,PL,STARIA PREMIUM,HEV,S2,17,-37077.7653,,,crossover before sale year (product already above benchmark at t=0)
hyundai,PL,TUCSON IX35,HEV,S2,9747,-26223.6716,,,crossover before sale year (product already above benchmark at t=0)
hyundai,PL,TUCSON IX35,ICE,S2,3360,-30254.849,,,crossover before sale year (product already above benchmark at t=0)
hyundai,PT,BAYON,ICE,S2,1090,-14739.8738,,,crossover before sale year (product already above benchmark at t=0)
hyundai,PT,I 30,ICE,S2,432,-15170.8791,,,crossover before sale year (product already above benchmark at t=0)
hyundai,PT,I 30 N,ICE,S2,31,-33319.4333,,,crossover before sale year (product already above benchmark at t=0)
hyundai,PT,I10,ICE,S2,447,-12700.3044,,,crossover before sale year (product already above benchmark at t=0)
hyundai,PT,I20,ICE,S2,1982,-13848.7573,,,crossover before sale year (product already above benchmark at t=0)
hyundai,PT,I20 N,ICE,S2,73,-24592.102,,,crossover before sale year (product already above benchmark at t=0)
hyundai,PT,IONIQ5,BEV,S2,369,18216.6705,44.315,2068.3,after lifetime
hyundai,PT,IONIQ6,BEV,S2,128,18769.5588,47.043,2071.0,after lifetime
hyundai,PT,KONA KAUAI,BEV,S2,377,18953.5336,48.029,2072.0,after lifetime
hyundai,PT,KONA KAUAI,HEV,S2,181,-9489.1267,1.433,2025.4,within lifetime
hyundai,PT,KONA KAUAI,ICE,S2,715,-17239.0716,,,crossover before sale year (product already above benchmark at t=0)
hyundai,PT,SANTA FE,HEV,S2,45,-24935.7391,,,crossover before sale year (product already above benchmark at t=0)
hyundai,PT,SANTA FE,ICE,S2,38,-27306.6216,,,crossover before sale year (product already above benchmark at t=0)
hyundai,PT,TUCSON IX35,HEV,S2,449,-17152.3393,,,crossover before sale year (product already above benchmark at t=0)
hyundai,PT,TUCSON IX35,ICE,S2,574,-21919.6273,,,crossover before sale year (product already above benchmark at t=0)
hyundai,RO,BAYON,HEV,S2,209,-22706.2219,,,crossover before sale year (product already above benchmark at t=0)
hyundai,RO,BAYON,ICE,S2,421,-24326.3832,,,crossover before sale year (product already above benchmark at t=0)
hyundai,RO,ELANTRA,ICE,S2,850,-29078.6237,,,crossover before sale year (product already above benchmark at t=0)
hyundai,RO,G80 GENESIS G80,BEV,S2,1,6632.6587,19.351,2043.4,within lifetime
hyundai,RO,GV60 GENESIS GV60,BEV,S2,8,7371.4272,20.531,2044.5,within lifetime
hyundai,RO,GV70 GENESIS GV70,BEV,S2,1,6708.4298,19.469,2043.5,within lifetime
hyundai,RO,GV70 GENESIS GV70,ICE,S2,2,-59145.7343,,,crossover before sale year (product already above benchmark at t=0)
hyundai,RO,GV80 GENESIS GV80,ICE,S2,1,-67583.7251,,,crossover before sale year (product already above benchmark at t=0)
hyundai,RO,I 30,HEV,S2,531,-25523.8276,,,crossover before sale year (product already above benchmark at t=0)
hyundai,RO,I 30,ICE,S2,1134,-28512.632,,,crossover before sale year (product already above benchmark at t=0)
hyundai,RO,I 30 N,ICE,S2,9,-47476.1725,,,crossover before sale year (product already above benchmark at t=0)
hyundai,RO,I10,ICE,S2,542,-22073.4397,,,crossover before sale year (product already above benchmark at t=0)
hyundai,RO,I20,HEV,S2,238,-21759.7547,,,crossover before sale year (product already above benchmark at t=0)
hyundai,RO,I20,ICE,S2,1072,-22025.5406,,,crossover before sale year (product already above benchmark at t=0)
hyundai,RO,IONIQ5,BEV,S2,161,8085.9565,21.734,2045.7,within lifetime
hyundai,RO,IONIQ6,BEV,S2,71,9347.614,24.029,2048.0,within lifetime
hyundai,RO,KONA KAUAI,BEV,S2,366,9910.0706,25.132,2049.1,after lifetime
hyundai,RO,KONA KAUAI,HEV,S2,451,-17708.2441,,,crossover before sale year (product already above benchmark at t=0)
hyundai,RO,KONA KAUAI,ICE,S2,314,-27868.3286,,,crossover before sale year (product already above benchmark at t=0)
hyundai,RO,SANTA FE,HEV,S2,41,-38868.2707,,,crossover before sale year (product already above benchmark at t=0)
hyundai,RO,SANTA FE,ICE,S2,2,-42449.2844,,,crossover before sale year (product already above benchmark at t=0)
hyundai,RO,TUCSON IX35,HEV,S2,2708,-32056.8026,,,crossover before sale year (product already above benchmark at t=0)
hyundai,RO,TUCSON IX35,ICE,S2,553,-33786.1608,,,crossover before sale year (product already above benchmark at t=0)
hyundai,SE,BAYON,HEV,S2,104,-8007.9615,0.271,2024.3,within lifetime
hyundai,SE,BAYON,ICE,S2,95,-9492.681,,,crossover before sale year (product already above benchmark at t=0)
hyundai,SE,I 30,HEV,S2,52,-11031.2879,,,crossover before sale year (product already above benchmark at t=0)
hyundai,SE,I10,ICE,S2,359,-6995.7259,1.022,2025.0,within lifetime
hyundai,SE,I20,HEV,S2,144,-7915.7962,0.339,2024.3,within lifetime
hyundai,SE,I20,ICE,S2,129,-8006.7811,0.272,2024.3,within lifetime
hyundai,SE,I20 N,ICE,S2,15,-17143.9129,,,crossover before sale year (product already above benchmark at t=0)
hyundai,SE,IONIQ5 N,BEV,S2,50,21298.0061,67.289,2091.3,after lifetime
hyundai,SE,IONIQ6,BEV,S2,8,21738.7793,74.687,2098.7,after lifetime
hyundai,SE,KONA KAUAI,BEV,S2,208,21750.8425,74.928,2098.9,after lifetime
hyundai,SE,KONA KAUAI,HEV,S2,201,-4431.4115,3.043,2027.0,within lifetime
hyundai,SE,KONA KAUAI,ICE,S2,22,-11456.9965,,,crossover before sale year (product already above benchmark at t=0)
hyundai,SE,TUCSON IX35,HEV,S2,187,-12964.3647,,,crossover before sale year (product already above benchmark at t=0)
hyundai,SI,BAYON,HEV,S2,18,-1051.2635,7.274,2031.3,within lifetime
hyundai,SI,BAYON,ICE,S2,383,-1632.1137,6.933,2030.9,within lifetime
hyundai,SI,I 30,HEV,S2,130,-5102.9162,4.995,2029.0,within lifetime
hyundai,SI,I 30,ICE,S2,131,-5519.4924,4.773,2028.8,within lifetime
hyundai,SI,I 30 N,ICE,S2,11,-22058.7708,,,crossover before sale year (product already above benchmark at t=0)
hyundai,SI,I10,ICE,S2,208,607.9978,8.279,2032.3,within lifetime
hyundai,SI,I20,HEV,S2,20,-1051.2635,7.274,2031.3,within lifetime
hyundai,SI,I20,ICE,S2,344,-376.5114,7.677,2031.7,within lifetime
hyundai,SI,I20 N,ICE,S2,31,-11859.1653,1.642,2025.6,within lifetime
hyundai,SI,IONIQ5,BEV,S2,58,26535.4932,36.378,2060.4,after lifetime
hyundai,SI,IONIQ5 N,BEV,S2,3,24299.4908,32.009,2056.0,after lifetime
hyundai,SI,IONIQ6,BEV,S2,30,27552.1536,38.685,2062.7,after lifetime
hyundai,SI,KONA KAUAI,BEV,S2,123,27797.054,39.278,2063.3,after lifetime
hyundai,SI,KONA KAUAI,HEV,S2,64,3795.3646,10.344,2034.3,within lifetime
hyundai,SI,KONA KAUAI,ICE,S2,176,-5059.4284,5.018,2029.0,within lifetime
hyundai,SI,SANTA FE,HEV,S2,16,-15154.0936,0.172,2024.2,within lifetime
hyundai,SI,SANTA FE / 1.6 / T-GDI HEV AUT. 4WD,HEV,S2,2,-18650.3384,,,crossover before sale year (product already above benchmark at t=0)
hyundai,SI,STARIA / 2.2. / CRDI AUT. 4WD,ICE,S2,2,-34731.0078,,,crossover before sale year (product already above benchmark at t=0)
hyundai,SI,TUCSON / 1.6 / CRDI HP DCT 4WD 48V N LINE,HEV,S2,1,-16764.7232,,,crossover before sale year (product already above benchmark at t=0)
hyundai,SI,TUCSON / 1.6 / T-GDI DCT 48V,HEV,S2,1,-17078.9924,,,crossover before sale year (product already above benchmark at t=0)
hyundai,SI,TUCSON IX35,HEV,S2,609,-7929.5791,3.531,2027.5,within lifetime
hyundai,SI,TUCSON IX35,ICE,S2,296,-10509.0467,2.273,2026.3,within lifetime
hyundai,SK,BAYON,ICE,S2,478,-10526.8224,,,crossover before sale year (product already above benchmark at t=0)
hyundai,SK,I 30,HEV,S2,1859,-11757.8297,,,crossover before sale year (product already above benchmark at t=0)
hyundai,SK,I 30,ICE,S2,1537,-13272.391,,,crossover before sale year (product already above benchmark at t=0)
hyundai,SK,I 30 N,ICE,S2,63,-26853.1066,,,crossover before sale year (product already above benchmark at t=0)
hyundai,SK,I10,ICE,S2,269,-9017.5754,0.152,2024.2,within lifetime
hyundai,SK,I20,ICE,S2,1394,-9555.4898,,,crossover before sale year (product already above benchmark at t=0)
hyundai,SK,IONIQ5,BEV,S2,47,18101.351,47.18,2071.2,after lifetime
hyundai,SK,IONIQ5 N,BEV,S2,6,17491.3469,43.855,2067.9,after lifetime
hyundai,SK,IONIQ6,BEV,S2,32,18624.3741,50.483,2074.5,after lifetime
hyundai,SK,KONA KAUAI,BEV,S2,35,18706.2958,51.047,2075.0,after lifetime
hyundai,SK,KONA KAUAI,HEV,S2,104,-5977.5422,2.479,2026.5,within lifetime
hyundai,SK,KONA KAUAI,ICE,S2,576,-13865.5781,,,crossover before sale year (product already above benchmark at t=0)
hyundai,SK,SANTA FE,HEV,S2,105,-21638.9476,,,crossover before sale year (product already above benchmark at t=0)
hyundai,SK,SANTA FE,ICE,S2,43,-23758.5285,,,crossover before sale year (product already above benchmark at t=0)
hyundai,SK,STARIA,HEV,S2,3,-23278.7382,,,crossover before sale year (product already above benchmark at t=0)
hyundai,SK,STARIA,ICE,S2,38,-38043.5715,,,crossover before sale year (product already above benchmark at t=0)
hyundai,SK,TUCSON IX35,HEV,S2,1062,-17008.782,,,crossover before sale year (product already above benchmark at t=0)
hyundai,SK,TUCSON IX35,ICE,S2,448,-18231.1461,,,crossover before sale year (product already above benchmark at t=0)
hyundai,AT,BAYON,HEV,S3,60,-11122.3122,1.947,2025.9,within lifetime
hyundai,AT,BAYON,ICE,S3,705,-11669.7606,1.806,2025.8,within lifetime
hyundai,AT,G70 GENESIS G70,ICE,S3,1,-31151.1783,,,crossover before sale year (product already above benchmark at t=0)
hyundai,AT,G90 GENESIS G90,HEV,S3,2,-40913.9052,,,crossover before sale year (product already above benchmark at t=0)
hyundai,AT,GV70 GENESIS GV70,BEV,S3,1,13337.1961,41.166,2065.2,after lifetime
hyundai,AT,GV70 GENESIS GV70,ICE,S3,1,-26842.4171,,,crossover before sale year (product already above benchmark at t=0)
hyundai,AT,I 30,HEV,S3,324,-15424.3278,0.911,2024.9,within lifetime
hyundai,AT,I 30,ICE,S3,1631,-13717.0685,1.303,2025.3,within lifetime
hyundai,AT,I 30 N,ICE,S3,17,-25537.1209,,,crossover before sale year (product already above benchmark at t=0)
hyundai,AT,I10,ICE,S3,1575,-9993.6525,2.247,2026.2,within lifetime
hyundai,AT,I20,ICE,S3,2058,-10837.2864,2.021,2026.0,within lifetime
hyundai,AT,I20 N,ICE,S3,42,-18655.7707,0.223,2024.2,within lifetime
hyundai,AT,IONIQ5,BEV,S3,144,13494.629,42.605,2066.6,after lifetime
hyundai,AT,IONIQ5 N,BEV,S3,77,13100.2622,39.198,2063.2,after lifetime
hyundai,AT,IONIQ6,BEV,S3,51,13692.1748,44.59,2068.6,after lifetime
hyundai,AT,KONA KAUAI,BEV,S3,527,13779.9609,45.547,2069.5,after lifetime
hyundai,AT,KONA KAUAI,HEV,S3,630,-7794.0437,2.871,2026.9,within lifetime
hyundai,AT,KONA KAUAI,ICE,S3,451,-14038.8899,1.228,2025.2,within lifetime
hyundai,AT,SANTA FE,HEV,S3,11,-19745.1383,0.006,2024.0,within lifetime
hyundai,AT,SANTA FE,ICE,S3,8,-22695.2344,,,crossover before sale year (product already above benchmark at t=0)
hyundai,AT,STARIA,HEV,S3,1,-22294.1596,,,crossover before sale year (product already above benchmark at t=0)
hyundai,AT,STARIA,ICE,S3,17,-33482.9722,,,crossover before sale year (product already above benchmark at t=0)
hyundai,AT,STARIA PREMIUM,ICE,S3,2,-34598.1873,,,crossover before sale year (product already above benchmark at t=0)
hyundai,AT,TUCSON IX35,HEV,S3,1849,-16351.7006,0.706,2024.7,within lifetime
hyundai,AT,TUCSON IX35,ICE,S3,727,-18417.8193,0.272,2024.3,within lifetime
hyundai,BE,BAYON,HEV,S3,309,-16591.5306,,,crossover before sale year (product already above benchmark at t=0)
hyundai,BE,BAYON,ICE,S3,493,-17015.6505,,,crossover before sale year (product already above benchmark at t=0)
hyundai,BE,G80 GENESIS G80,ICE,S3,1,-33606.3734,,,crossover before sale year (product already above benchmark at t=0)
hyundai,BE,G90 GENESIS G90,HEV,S3,1,-47662.6111,,,crossover before sale year (product already above benchmark at t=0)
hyundai,BE,I 30,HEV,S3,542,-18030.1755,,,crossover before sale year (product already above benchmark at t=0)
hyundai,BE,I 30,ICE,S3,157,-18358.938,,,crossover before sale year (product already above benchmark at t=0)
hyundai,BE,I 30 N,ICE,S3,42,-33364.5705,,,crossover before sale year (product already above benchmark at t=0)
hyundai,BE,I10,ICE,S3,1255,-15579.4383,,,crossover before sale year (product already above benchmark at t=0)
hyundai,BE,I20,HEV,S3,5,-16683.8277,,,crossover before sale year (product already above benchmark at t=0)
hyundai,BE,I20,ICE,S3,1171,-16463.7597,,,crossover before sale year (product already above benchmark at t=0)
hyundai,BE,I20 N,ICE,S3,48,-25385.0762,,,crossover before sale year (product already above benchmark at t=0)
hyundai,BE,IONIQ5,BEV,S3,468,10139.4263,32.798,2056.8,after lifetime
hyundai,BE,IONIQ5 N,BEV,S3,71,9562.6622,29.297,2053.3,after lifetime
hyundai,BE,IONIQ6,BEV,S3,347,10527.4791,35.608,2059.6,after lifetime
hyundai,BE,KONA KAUAI,BEV,S3,588,10494.3641,35.351,2059.4,after lifetime
hyundai,BE,KONA KAUAI,HEV,S3,1274,-13159.8436,0.493,2024.5,within lifetime
hyundai,BE,KONA KAUAI,ICE,S3,576,-19394.5796,,,crossover before sale year (product already above benchmark at t=0)
hyundai,BE,KONA N KAUAI N,ICE,S3,5,-34089.9791,,,crossover before sale year (product already above benchmark at t=0)
hyundai,BE,SANTA FE,HEV,S3,38,-25502.5531,,,crossover before sale year (product already above benchmark at t=0)
hyundai,BE,STARIA,HEV,S3,1,-29468.7225,,,crossover before sale year (product already above benchmark at t=0)
hyundai,BE,STARIA,ICE,S3,12,-41061.9535,,,crossover before sale year (product already above benchmark at t=0)
hyundai,BE,STARIA PREMIUM,HEV,S3,1,-29468.7225,,,crossover before sale year (product already above benchmark at t=0)
hyundai,BE,STARIA PREMIUM,ICE,S3,3,-40860.4592,,,crossover before sale year (product already above benchmark at t=0)
hyundai,BE,TUCSON IX35,HEV,S3,3307,-20786.9184,,,crossover before sale year (product already above benchmark at t=0)
hyundai,BE,TUCSON IX35,ICE,S3,196,-23465.4516,,,crossover before sale year (product already above benchmark at t=0)
hyundai,BG,BAYON,HEV,S3,2,-17807.102,0.92,2024.9,within lifetime
hyundai,BG,BAYON,ICE,S3,121,-18326.6576,0.807,2024.8,within lifetime
hyundai,BG,ELANTRA,ICE,S3,37,-21883.7124,0.083,2024.1,within lifetime
hyundai,BG,GV80 GENESIS GV80,ICE,S3,1,-49343.3273,,,crossover before sale year (product already above benchmark at t=0)
hyundai,BG,I 30,HEV,S3,29,-22556.8458,,,crossover before sale year (product already above benchmark at t=0)
hyundai,BG,I 30,ICE,S3,236,-21684.3633,0.121,2024.1,within lifetime
hyundai,BG,I 30 N,ICE,S3,5,-35176.1203,,,crossover before sale year (product already above benchmark at t=0)
hyundai,BG,I10,ICE,S3,284,-17187.8262,1.057,2025.1,within lifetime
hyundai,BG,I20,ICE,S3,253,-17583.4997,0.969,2025.0,within lifetime
hyundai,BG,I20 N,ICE,S3,5,-27110.1192,,,crossover before sale year (product already above benchmark at t=0)
hyundai,BG,IONIQ5,BEV,S3,24,8010.0317,21.285,2045.3,after lifetime
hyundai,BG,IONIQ5 N,BEV,S3,23,7072.1407,18.56,2042.6,after lifetime
hyundai,BG,IONIQ6,BEV,S3,30,8900.7692,24.322,2048.3,after lifetime
hyundai,BG,KONA KAUAI,BEV,S3,121,9083.8939,25.016,2049.0,after lifetime
hyundai,BG,KONA KAUAI,HEV,S3,142,-13775.248,1.862,2025.9,within lifetime
hyundai,BG,KONA KAUAI,ICE,S3,85,-24549.1897,,,crossover before sale year (product already above benchmark at t=0)
hyundai,BG,SANTA FE,HEV,S3,52,-30111.3016,,,crossover before sale year (product already above benchmark at t=0)
hyundai,BG,SANTA FE,ICE,S3,2,-32280.6327,,,crossover before sale year (product already above benchmark at t=0)
hyundai,BG,STARIA,HEV,S3,3,-31476.1859,,,crossover before sale year (product already above benchmark at t=0)
hyundai,BG,STARIA,ICE,S3,13,-44212.575,,,crossover before sale year (product already above benchmark at t=0)
hyundai,BG,STARIA PREMIUM,ICE,S3,28,-46056.3543,,,crossover before sale year (product already above benchmark at t=0)
hyundai,BG,TUCSON IX35,HEV,S3,632,-25560.8373,,,crossover before sale year (product already above benchmark at t=0)
hyundai,BG,TUCSON IX35,ICE,S3,48,-26630.7609,,,crossover before sale year (product already above benchmark at t=0)
hyundai,CY,BAYON,ICE,S3,91,-23093.1056,0.934,2024.9,within lifetime
hyundai,CY,I 30,HEV,S3,9,-24385.5785,0.701,2024.7,within lifetime
hyundai,CY,I 30,ICE,S3,5,-23577.0139,0.846,2024.8,within lifetime
hyundai,CY,I 30 N,ICE,S3,6,-43181.8777,,,crossover before sale year (product already above benchmark at t=0)
hyundai,CY,I10,ICE,S3,60,-23270.3637,0.902,2024.9,within lifetime
hyundai,CY,I20,ICE,S3,108,-22943.053,0.962,2025.0,within lifetime
hyundai,CY,I20 N,ICE,S3,11,-33228.6392,,,crossover before sale year (product already above benchmark at t=0)
hyundai,CY,IONIQ5,BEV,S3,63,3560.2373,11.188,2035.2,within lifetime
hyundai,CY,IONIQ5 N,BEV,S3,2,1489.3199,8.053,2032.1,within lifetime
hyundai,CY,IONIQ6,BEV,S3,19,4864.8728,13.486,2037.5,within lifetime
hyundai,CY,KONA KAUAI,BEV,S3,34,5165.077,14.059,2038.1,within lifetime
hyundai,CY,KONA KAUAI,HEV,S3,54,-17888.5403,1.963,2026.0,within lifetime
hyundai,CY,KONA KAUAI,ICE,S3,46,-26894.7601,0.269,2024.3,within lifetime
hyundai,CY,KONA N KAUAI N,ICE,S3,1,-44086.7175,,,crossover before sale year (product already above benchmark at t=0)
hyundai,CY,TUCSON IX35,HEV,S3,760,-28358.5635,0.029,2024.0,within lifetime
hyundai,CY,TUCSON IX35,ICE,S3,8,-31532.0644,,,crossover before sale year (product already above benchmark at t=0)
hyundai,CZ,BAYON,HEV,S3,13,-12413.3741,1.158,2025.2,within lifetime
hyundai,CZ,BAYON,ICE,S3,1575,-13368.7279,0.895,2024.9,within lifetime
hyundai,CZ,G80 GENESIS G80,ICE,S3,1,-26748.3046,,,crossover before sale year (product already above benchmark at t=0)
hyundai,CZ,GV80 GENESIS GV80,ICE,S3,1,-37877.0769,,,crossover before sale year (product already above benchmark at t=0)
hyundai,CZ,I 10,ICE,S3,1,-11977.3886,1.282,2025.3,within lifetime
hyundai,CZ,I 20,ICE,S3,2,-11977.3886,1.282,2025.3,within lifetime
hyundai,CZ,I 30,HEV,S3,3154,-15830.8249,0.259,2024.3,within lifetime
hyundai,CZ,I 30,ICE,S3,5588,-15339.33,0.381,2024.4,within lifetime
hyundai,CZ,I10,ICE,S3,773,-11628.2082,1.382,2025.4,within lifetime
hyundai,CZ,I20,HEV,S3,3,-12450.3043,1.148,2025.1,within lifetime
hyundai,CZ,I20,ICE,S3,1736,-12633.0149,1.097,2025.1,within lifetime
hyundai,CZ,IONIQ5,BEV,S3,146,4833.4259,14.31,2038.3,within lifetime
hyundai,CZ,IONIQ6,BEV,S3,31,5977.553,17.387,2041.4,after lifetime
hyundai,CZ,KONA KAUAI,BEV,S3,310,6208.6702,18.079,2042.1,after lifetime
hyundai,CZ,KONA KAUAI,HEV,S3,37,-9729.3628,1.957,2026.0,within lifetime
hyundai,CZ,KONA KAUAI,ICE,S3,747,-16484.9663,0.099,2024.1,within lifetime
hyundai,CZ,SANTA FE,HEV,S3,145,-21908.1538,,,crossover before sale year (product already above benchmark at t=0)
hyundai,CZ,SANTA FE,ICE,S3,33,-23645.7445,,,crossover before sale year (product already above benchmark at t=0)
hyundai,CZ,STARIA,HEV,S3,9,-23285.9066,,,crossover before sale year (product already above benchmark at t=0)
hyundai,CZ,STARIA,ICE,S3,154,-33930.106,,,crossover before sale year (product already above benchmark at t=0)
hyundai,CZ,TUCSON,ICE,S3,2,-19059.3346,,,crossover before sale year (product already above benchmark at t=0)
hyundai,CZ,TUCSON IX35,HEV,S3,3205,-18240.5859,,,crossover before sale year (product already above benchmark at t=0)
hyundai,CZ,TUCSON IX35,ICE,S3,2312,-19472.2525,,,crossover before sale year (product already above benchmark at t=0)
hyundai,DE,BAYON,HEV,S3,2799,-14261.3687,0.262,2024.3,within lifetime
hyundai,DE,BAYON,ICE,S3,1626,-14894.2219,0.097,2024.1,within lifetime
hyundai,DE,BC3,ICE,S3,2,-19527.5428,,,crossover before sale year (product already above benchmark at t=0)
hyundai,DE,G70 GENESIS G70,ICE,S3,119,-29897.0816,,,crossover before sale year (product already above benchmark at t=0)
hyundai,DE,G80 GENESIS G80,BEV,S3,16,5204.0807,15.275,2039.3,after lifetime
hyundai,DE,G80 GENESIS G80,ICE,S3,28,-32081.7932,,,crossover before sale year (product already above benchmark at t=0)
hyundai,DE,G90 GENESIS G90,HEV,S3,35,-42554.0041,,,crossover before sale year (product already above benchmark at t=0)
hyundai,DE,GENESIS RS4,ICE,S3,1,-56099.315,,,crossover before sale year (product already above benchmark at t=0)
hyundai,DE,GV60 GENESIS GV60,BEV,S3,110,5387.1374,15.775,2039.8,after lifetime
hyundai,DE,GV70 GENESIS GV70,BEV,S3,124,5144.5953,15.116,2039.1,after lifetime
hyundai,DE,GV70 GENESIS GV70,ICE,S3,460,-31856.7262,,,crossover before sale year (product already above benchmark at t=0)
hyundai,DE,GV80 GENESIS GV80,ICE,S3,126,-40400.0858,,,crossover before sale year (product already above benchmark at t=0)
hyundai,DE,I 30,HEV,S3,7647,-17689.8437,,,crossover before sale year (product already above benchmark at t=0)
hyundai,DE,I 30,ICE,S3,3771,-16601.7795,,,crossover before sale year (product already above benchmark at t=0)
hyundai,DE,I 30 N,ICE,S3,2735,-28698.6031,,,crossover before sale year (product already above benchmark at t=0)
hyundai,DE,I10,ICE,S3,15021,-13889.8105,0.361,2024.4,within lifetime
hyundai,DE,I20,HEV,S3,4421,-13908.9994,0.356,2024.4,within lifetime
hyundai,DE,I20,ICE,S3,5642,-14130.1516,0.297,2024.3,within lifetime
hyundai,DE,I20 N,ICE,S3,1792,-22109.0796,,,crossover before sale year (product already above benchmark at t=0)
hyundai,DE,INSTER,BEV,S3,28,6643.8538,19.639,2043.6,after lifetime
hyundai,DE,IONIQ,HEV,S3,1,-11086.6109,1.154,2025.2,within lifetime
hyundai,DE,IONIQ5,BEV,S3,6449,5831.6208,17.048,2041.0,after lifetime
hyundai,DE,IONIQ5 N,BEV,S3,1171,4469.952,13.401,2037.4,within lifetime
hyundai,DE,IONIQ6,BEV,S3,2450,6577.1495,19.411,2043.4,after lifetime
hyundai,DE,KONA,HEV,S3,3,-38210.4494,,,crossover before sale year (product already above benchmark at t=0)
hyundai,DE,KONA KAUAI,BEV,S3,6505,6582.9491,19.431,2043.4,after lifetime
hyundai,DE,KONA KAUAI,HEV,S3,2601,-11396.0851,1.062,2025.1,within lifetime
hyundai,DE,KONA KAUAI,ICE,S3,4389,-18709.3892,,,crossover before sale year (product already above benchmark at t=0)
hyundai,DE,KONA N KAUAI N,ICE,S3,84,-29853.6902,,,crossover before sale year (product already above benchmark at t=0)
hyundai,DE,MX5 PHEV,HEV,S3,1,-27054.6771,,,crossover before sale year (product already above benchmark at t=0)
hyundai,DE,NX4,HEV,S3,4,-23062.6606,,,crossover before sale year (product already above benchmark at t=0)
hyundai,DE,NX4,ICE,S3,2,-35769.7122,,,crossover before sale year (product already above benchmark at t=0)
hyundai,DE,NX4E,ICE,S3,1,-33510.8674,,,crossover before sale year (product already above benchmark at t=0)
hyundai,DE,SANTA FE,HEV,S3,731,-23416.8891,,,crossover before sale year (product already above benchmark at t=0)
hyundai,DE,SANTA FE,ICE,S3,119,-25524.0011,,,crossover before sale year (product already above benchmark at t=0)
hyundai,DE,STARIA,HEV,S3,266,-25742.2333,,,crossover before sale year (product already above benchmark at t=0)
hyundai,DE,STARIA,ICE,S3,1598,-36475.2677,,,crossover before sale year (product already above benchmark at t=0)
hyundai,DE,STARIA PREMIUM,ICE,S3,661,-37118.5652,,,crossover before sale year (product already above benchmark at t=0)
hyundai,DE,SX2,HEV,S3,3,-15315.5892,,,crossover before sale year (product already above benchmark at t=0)
hyundai,DE,SX2,ICE,S3,6,-31359.5867,,,crossover before sale year (product already above benchmark at t=0)
hyundai,DE,TUCSON,HEV,S3,2,-23992.3083,,,crossover before sale year (product already above benchmark at t=0)
hyundai,DE,TUCSON IX35,HEV,S3,16018,-19534.6804,,,crossover before sale year (product already above benchmark at t=0)
hyundai,DE,TUCSON IX35,ICE,S3,2198,-21393.0043,,,crossover before sale year (product already above benchmark at t=0)
hyundai,DE,US4,HEV,S3,5,-61090.7197,,,crossover before sale year (product already above benchmark at t=0)
hyundai,DK,BAYON,ICE,S3,49,-14246.7649,0.396,2024.4,within lifetime
hyundai,DK,I 30,HEV,S3,24,-17660.1419,,,crossover before sale year (product already above benchmark at t=0)
hyundai,DK,I 30,ICE,S3,173,-15851.4984,,,crossover before sale year (product already above benchmark at t=0)
hyundai,DK,I10,ICE,S3,776,-11578.1983,1.126,2025.1,within lifetime
hyundai,DK,I20,ICE,S3,763,-13634.9424,0.557,2024.6,within lifetime
hyundai,DK,I20 N,ICE,S3,2,-21734.3363,,,crossover before sale year (product already above benchmark at t=0)
hyundai,DK,IONIQ,BEV,S3,1,9973.4951,34.81,2058.8,after lifetime
hyundai,DK,IONIQ 5,BEV,S3,1,9973.4951,34.81,2058.8,after lifetime
hyundai,DK,IONIQ5,BEV,S3,790,9947.9075,34.614,2058.6,after lifetime
hyundai,DK,IONIQ6,BEV,S3,377,10224.2394,36.855,2060.9,after lifetime
hyundai,DK,KONA KAUAI,BEV,S3,1141,10243.1963,37.019,2061.0,after lifetime
hyundai,DK,KONA KAUAI,ICE,S3,252,-16683.5202,,,crossover before sale year (product already above benchmark at t=0)
hyundai,DK,STARIA PREMIUM,ICE,S3,1,-35522.3724,,,crossover before sale year (product already above benchmark at t=0)
hyundai,DK,TUCSON IX35,HEV,S3,198,-19479.2472,,,crossover before sale year (product already above benchmark at t=0)
hyundai,DK,TUCSON IX35,ICE,S3,15,-20312.4451,,,crossover before sale year (product already above benchmark at t=0)
hyundai,EE,BAYON,HEV,S3,33,-13326.5479,2.719,2026.7,within lifetime
hyundai,EE,BAYON,ICE,S3,16,-13791.6463,2.59,2026.6,within lifetime
hyundai,EE,G90 GENESIS G90,HEV,S3,1,-39240.7604,,,crossover before sale year (product already above benchmark at t=0)
hyundai,EE,I 30,HEV,S3,20,-14003.3989,2.532,2026.5,within lifetime
hyundai,EE,I 30,ICE,S3,26,-15272.4411,2.196,2026.2,within lifetime
hyundai,EE,I 30 N,ICE,S3,1,-27274.4818,,,crossover before sale year (product already above benchmark at t=0)
hyundai,EE,I10,ICE,S3,3,-10680.2227,3.499,2027.5,within lifetime
hyundai,EE,I20,HEV,S3,12,-12919.6842,2.833,2026.8,within lifetime
hyundai,EE,I20,ICE,S3,65,-13208.2771,2.752,2026.8,within lifetime
hyundai,EE,I20 N,ICE,S3,4,-20596.3044,0.942,2024.9,within lifetime
hyundai,EE,IONIQ5,BEV,S3,61,6789.9634,22.713,2046.7,within lifetime
hyundai,EE,IONIQ5 N,BEV,S3,9,5896.4316,19.516,2043.5,within lifetime
hyundai,EE,IONIQ6,BEV,S3,19,7235.5244,24.548,2048.5,after lifetime
hyundai,EE,KONA KAUAI,BEV,S3,27,7538.7948,25.914,2049.9,after lifetime
hyundai,EE,KONA KAUAI,HEV,S3,40,-10351.029,3.603,2027.6,within lifetime
hyundai,EE,KONA N KAUAI N,ICE,S3,1,-27881.5889,,,crossover before sale year (product already above benchmark at t=0)
hyundai,EE,SANTA FE,HEV,S3,29,-22829.0472,0.476,2024.5,within lifetime
hyundai,EE,TUCSON IX35,HEV,S3,314,-18161.4008,1.487,2025.5,within lifetime
hyundai,EE,TUCSON IX35,ICE,S3,7,-19411.0088,1.202,2025.2,within lifetime
hyundai,ES,BAYON,HEV,S3,3167,-22928.958,0.777,2024.8,within lifetime
hyundai,ES,BAYON,ICE,S3,1912,-24306.0062,0.524,2024.5,within lifetime
hyundai,ES,G90 GENESIS G90,HEV,S3,1,-61636.557,,,crossover before sale year (product already above benchmark at t=0)
hyundai,ES,GV70 GENESIS GV70,ICE,S3,1,-54056.7187,,,crossover before sale year (product already above benchmark at t=0)
hyundai,ES,GV80 GENESIS GV80,ICE,S3,1,-59485.7579,,,crossover before sale year (product already above benchmark at t=0)
hyundai,ES,I 30,HEV,S3,2095,-23872.2387,0.602,2024.6,within lifetime
hyundai,ES,I 30,ICE,S3,3669,-26772.5997,0.092,2024.1,within lifetime
hyundai,ES,I 30 N,ICE,S3,596,-41359.6137,,,crossover before sale year (product already above benchmark at t=0)
hyundai,ES,I10,ICE,S3,5388,-21692.7382,1.013,2025.0,within lifetime
hyundai,ES,I20,HEV,S3,2700,-22049.5277,0.944,2024.9,within lifetime
hyundai,ES,I20,ICE,S3,8440,-22383.4628,0.88,2024.9,within lifetime
hyundai,ES,I20 N,ICE,S3,888,-33848.6284,,,crossover before sale year (product already above benchmark at t=0)
hyundai,ES,INSTER,BEV,S3,74,11238.2272,36.316,2060.3,after lifetime
hyundai,ES,IONIQ5,BEV,S3,377,10781.1877,33.373,2057.4,after lifetime
hyundai,ES,IONIQ5 N,BEV,S3,23,10106.0981,29.754,2053.8,after lifetime
hyundai,ES,IONIQ6,BEV,S3,156,11244.2766,36.359,2060.4,after lifetime
hyundai,ES,KONA KAUAI,BEV,S3,868,11191.481,35.992,2060.0,after lifetime
hyundai,ES,KONA KAUAI,HEV,S3,8739,-18974.6497,1.562,2025.6,within lifetime
hyundai,ES,KONA KAUAI,ICE,S3,3204,-26378.2403,0.159,2024.2,within lifetime
hyundai,ES,SANTA FE,HEV,S3,310,-36328.6776,,,crossover before sale year (product already above benchmark at t=0)
hyundai,ES,SANTA FE,ICE,S3,84,-36958.1106,,,crossover before sale year (product already above benchmark at t=0)
hyundai,ES,STARIA,HEV,S3,82,-38942.3729,,,crossover before sale year (product already above benchmark at t=0)
hyundai,ES,STARIA,ICE,S3,102,-53577.6965,,,crossover before sale year (product already above benchmark at t=0)
hyundai,ES,STARIA PREMIUM,ICE,S3,1,-53151.8789,,,crossover before sale year (product already above benchmark at t=0)
hyundai,ES,TUCSON IX35,HEV,S3,11395,-27856.1107,,,crossover before sale year (product already above benchmark at t=0)
hyundai,ES,TUCSON IX35,ICE,S3,7952,-31888.1421,,,crossover before sale year (product already above benchmark at t=0)
hyundai,FI,BAYON,HEV,S3,212,-26393.456,,,crossover before sale year (product already above benchmark at t=0)
hyundai,FI,BAYON,ICE,S3,30,-27070.4343,,,crossover before sale year (product already above benchmark at t=0)
hyundai,FI,I 30,HEV,S3,95,-27218.8419,,,crossover before sale year (product already above benchmark at t=0)
hyundai,FI,I 30,ICE,S3,388,-30403.3036,,,crossover before sale year (product already above benchmark at t=0)
hyundai,FI,I10,ICE,S3,223,-22544.1958,,,crossover before sale year (product already above benchmark at t=0)
hyundai,FI,I20,HEV,S3,26,-25691.3446,,,crossover before sale year (product already above benchmark at t=0)
hyundai,FI,I20,ICE,S3,370,-26252.2432,,,crossover before sale year (product already above benchmark at t=0)
hyundai,FI,I20 N,ICE,S3,3,-36945.8638,,,crossover before sale year (product already above benchmark at t=0)
hyundai,FI,IONIQ5,BEV,S3,534,8266.543,43.309,2067.3,after lifetime
hyundai,FI,IONIQ5 N,BEV,S3,24,7993.4904,39.695,2063.7,after lifetime
hyundai,FI,IONIQ6,BEV,S3,139,8413.3215,45.6,2069.6,after lifetime
hyundai,FI,KONA KAUAI,BEV,S3,372,8358.2401,44.706,2068.7,after lifetime
hyundai,FI,KONA KAUAI,HEV,S3,209,-22061.2186,0.043,2024.0,within lifetime
hyundai,FI,TUCSON IX35,HEV,S3,107,-33069.8205,,,crossover before sale year (product already above benchmark at t=0)
hyundai,FI,TUCSON IX35,ICE,S3,3,-35476.3058,,,crossover before sale year (product already above benchmark at t=0)
hyundai,FR,BAYON,HEV,S3,3492,-17108.4763,,,crossover before sale year (product already above benchmark at t=0)
hyundai,FR,BAYON,ICE,S3,1975,-17816.3745,,,crossover before sale year (product already above benchmark at t=0)
hyundai,FR,G90 GENESIS G90,HEV,S3,1,-47128.6828,,,crossover before sale year (product already above benchmark at t=0)
hyundai,FR,GV70 GENESIS GV70,ICE,S3,1,-41260.8588,,,crossover before sale year (product already above benchmark at t=0)
hyundai,FR,GV80 GENESIS GV80,ICE,S3,1,-45697.162,,,crossover before sale year (product already above benchmark at t=0)
hyundai,FR,I 30,HEV,S3,618,-18511.5014,,,crossover before sale year (product already above benchmark at t=0)
hyundai,FR,I 30,ICE,S3,322,-20273.6194,,,crossover before sale year (product already above benchmark at t=0)
hyundai,FR,I10,ICE,S3,3811,-15885.4151,0.282,2024.3,within lifetime
hyundai,FR,I20,HEV,S3,2266,-16550.1817,0.115,2024.1,within lifetime
hyundai,FR,I20,ICE,S3,4634,-17119.8282,,,crossover before sale year (product already above benchmark at t=0)
hyundai,FR,I20 N,ICE,S3,91,-25617.0531,,,crossover before sale year (product already above benchmark at t=0)
hyundai,FR,IONIQ5,BEV,S3,735,10540.741,54.457,2078.5,after lifetime
hyundai,FR,IONIQ5 N,BEV,S3,123,10370.7084,50.711,2074.7,after lifetime
hyundai,FR,IONIQ6,BEV,S3,291,10640.2859,57.077,2081.1,after lifetime
hyundai,FR,KONA KAUAI,BEV,S3,4918,10646.5106,57.254,2081.3,after lifetime
hyundai,FR,KONA KAUAI,HEV,S3,7905,-13766.7093,0.841,2024.8,within lifetime
hyundai,FR,KONA KAUAI,ICE,S3,509,-19526.5927,,,crossover before sale year (product already above benchmark at t=0)
hyundai,FR,SANTA FE,HEV,S3,257,-25186.2275,,,crossover before sale year (product already above benchmark at t=0)
hyundai,FR,SANTA FE,ICE,S3,7,-27518.3359,,,crossover before sale year (product already above benchmark at t=0)
hyundai,FR,TUCSON IX35,HEV,S3,15231,-19940.974,,,crossover before sale year (product already above benchmark at t=0)
hyundai,FR,TUCSON IX35,ICE,S3,8,-24683.0946,,,crossover before sale year (product already above benchmark at t=0)
hyundai,GR,BAYON,HEV,S3,102,-23618.532,,,crossover before sale year (product already above benchmark at t=0)
hyundai,GR,BAYON,ICE,S3,1138,-24008.9034,,,crossover before sale year (product already above benchmark at t=0)
hyundai,GR,I 30,HEV,S3,525,-26797.9609,,,crossover before sale year (product already above benchmark at t=0)
hyundai,GR,I 30,ICE,S3,960,-27161.5982,,,crossover before sale year (product already above benchmark at t=0)
hyundai,GR,I 30 N,ICE,S3,12,-38950.9119,,,crossover before sale year (product already above benchmark at t=0)
hyundai,GR,I10,ICE,S3,1610,-22268.612,,,crossover before sale year (product already above benchmark at t=0)
hyundai,GR,I20,HEV,S3,44,-22792.0781,,,crossover before sale year (product already above benchmark at t=0)
hyundai,GR,I20,ICE,S3,2155,-23400.2564,,,crossover before sale year (product already above benchmark at t=0)
hyundai,GR,I20 N,ICE,S3,88,-32746.2957,,,crossover before sale year (product already above benchmark at t=0)
hyundai,GR,IONIQ5,BEV,S3,84,1675.2986,9.727,2033.7,within lifetime
hyundai,GR,IONIQ5 N,BEV,S3,8,413.001,6.505,2030.5,within lifetime
hyundai,GR,IONIQ6,BEV,S3,13,2675.255,12.767,2036.8,within lifetime
hyundai,GR,KONA KAUAI,BEV,S3,108,2715.3655,12.9,2036.9,within lifetime
hyundai,GR,KONA KAUAI,HEV,S3,721,-22982.4464,,,crossover before sale year (product already above benchmark at t=0)
hyundai,GR,KONA KAUAI,ICE,S3,173,-28911.7394,,,crossover before sale year (product already above benchmark at t=0)
hyundai,GR,TUCSON IX35,HEV,S3,1046,-30397.1883,,,crossover before sale year (product already above benchmark at t=0)
hyundai,HR,BAYON,HEV,S3,4,-18381.7088,2.59,2026.6,within lifetime
hyundai,HR,BAYON,ICE,S3,372,-19323.8584,2.419,2026.4,within lifetime
hyundai,HR,I 30,HEV,S3,40,-24540.3862,1.541,2025.5,within lifetime
hyundai,HR,I 30,ICE,S3,548,-21695.4558,2.006,2026.0,within lifetime
hyundai,HR,I 30 N,ICE,S3,10,-38183.1137,,,crossover before sale year (product already above benchmark at t=0)
hyundai,HR,I10,ICE,S3,164,-16603.9202,2.925,2026.9,within lifetime
hyundai,HR,I20,ICE,S3,563,-17977.8149,2.665,2026.7,within lifetime
hyundai,HR,I20 N,ICE,S3,5,-29431.6051,0.809,2024.8,within lifetime
hyundai,HR,I30,ICE,S3,2,-36801.2966,,,crossover before sale year (product already above benchmark at t=0)
hyundai,HR,IONIQ5,BEV,S3,48,15434.4257,35.646,2059.6,after lifetime
hyundai,HR,IONIQ6,BEV,S3,30,15719.9463,37.109,2061.1,after lifetime
hyundai,HR,KONA,HEV,S3,1,-14322.7579,3.38,2027.4,within lifetime
hyundai,HR,KONA,ICE,S3,1,-24825.548,1.496,2025.5,within lifetime
hyundai,HR,KONA KAUAI,BEV,S3,80,15920.2581,38.212,2062.2,after lifetime
hyundai,HR,KONA KAUAI,HEV,S3,50,-13529.7014,3.545,2027.5,within lifetime
hyundai,HR,KONA KAUAI,ICE,S3,225,-22706.0861,1.837,2025.8,within lifetime
hyundai,HR,SANTA FE,HEV,S3,6,-32952.3122,0.327,2024.3,within lifetime
hyundai,HR,TUCSON,HEV,S3,4,-25484.8729,1.394,2025.4,within lifetime
hyundai,HR,TUCSON IX35,HEV,S3,715,-25321.4533,1.419,2025.4,within lifetime
hyundai,HR,TUCSON IX35,ICE,S3,469,-27953.2143,1.022,2025.0,within lifetime
hyundai,HU,BAYON,ICE,S3,181,-28456.4597,0.01,2024.0,within lifetime
hyundai,HU,I 30,HEV,S3,266,-30059.0403,,,crossover before sale year (product already above benchmark at t=0)
hyundai,HU,I 30,ICE,S3,899,-31971.1278,,,crossover before sale year (product already above benchmark at t=0)
hyundai,HU,I 30 N,ICE,S3,33,-49087.577,,,crossover before sale year (product already above benchmark at t=0)
hyundai,HU,I10,ICE,S3,153,-27137.2534,0.234,2024.2,within lifetime
hyundai,HU,I20,HEV,S3,90,-27754.0589,0.128,2024.1,within lifetime
hyundai,HU,I20,ICE,S3,588,-27342.9882,0.198,2024.2,within lifetime
hyundai,HU,I20 N,ICE,S3,36,-39357.6257,,,crossover before sale year (product already above benchmark at t=0)
hyundai,HU,IONIQ5,BEV,S3,115,8705.4125,26.767,2050.8,after lifetime
hyundai,HU,IONIQ5 N,BEV,S3,32,8029.8548,24.045,2048.0,after lifetime
hyundai,HU,IONIQ6,BEV,S3,136,9347.5324,29.803,2053.8,after lifetime
hyundai,HU,KONA KAUAI,BEV,S3,280,9404.6124,30.099,2054.1,after lifetime
hyundai,HU,KONA KAUAI,HEV,S3,139,-22748.6916,1.035,2025.0,within lifetime
hyundai,HU,KONA KAUAI,ICE,S3,201,-34568.5453,,,crossover before sale year (product already above benchmark at t=0)
hyundai,HU,KONA N KAUAI N,ICE,S3,4,-51249.8068,,,crossover before sale year (product already above benchmark at t=0)
hyundai,HU,SANTA FE,HEV,S3,20,-43307.4435,,,crossover before sale year (product already above benchmark at t=0)
hyundai,HU,STARIA,HEV,S3,5,-44936.4887,,,crossover before sale year (product already above benchmark at t=0)
hyundai,HU,STARIA PREMIUM,HEV,S3,6,-44936.4887,,,crossover before sale year (product already above benchmark at t=0)
hyundai,HU,STARIA PREMIUM,ICE,S3,1,-63802.6646,,,crossover before sale year (product already above benchmark at t=0)
hyundai,HU,TUCSON IX35,HEV,S3,989,-34473.081,,,crossover before sale year (product already above benchmark at t=0)
hyundai,HU,TUCSON IX35,ICE,S3,251,-38507.4338,,,crossover before sale year (product already above benchmark at t=0)
hyundai,IE,BAYON,ICE,S3,416,-25199.3016,,,crossover before sale year (product already above benchmark at t=0)
hyundai,IE,I 30,ICE,S3,214,-26503.3297,,,crossover before sale year (product already above benchmark at t=0)
hyundai,IE,I 30 N,ICE,S3,3,-42936.587,,,crossover before sale year (product already above benchmark at t=0)
hyundai,IE,I10,ICE,S3,502,-22468.1765,0.394,2024.4,within lifetime
hyundai,IE,I20,ICE,S3,1457,-23454.4862,0.216,2024.2,within lifetime
hyundai,IE,I20 N,ICE,S3,1,-35270.719,,,crossover before sale year (product already above benchmark at t=0)
hyundai,IE,IONIQ5,BEV,S3,462,8546.6838,20.415,2044.4,after lifetime
hyundai,IE,IONIQ5 N,BEV,S3,7,7196.2871,17.093,2041.1,within lifetime
hyundai,IE,IONIQ6,BEV,S3,226,9817.0771,24.224,2048.2,after lifetime
hyundai,IE,KONA KAUAI,BEV,S3,739,9628.5762,23.605,2047.6,after lifetime
hyundai,IE,KONA KAUAI,HEV,S3,870,-19094.3995,1.04,2025.0,within lifetime
hyundai,IE,KONA KAUAI,ICE,S3,889,-26933.7043,,,crossover before sale year (product already above benchmark at t=0)
hyundai,IE,TUCSON IX35,HEV,S3,1420,-26637.5242,,,crossover before sale year (product already above benchmark at t=0)
hyundai,IE,TUCSON IX35,ICE,S3,2710,-29208.3909,,,crossover before sale year (product already above benchmark at t=0)
hyundai,IT,BAYON,HEV,S3,718,-20843.4366,,,crossover before sale year (product already above benchmark at t=0)
hyundai,IT,BAYON,ICE,S3,1508,-22052.2408,,,crossover before sale year (product already above benchmark at t=0)
hyundai,IT,BAYON BI-FUEL,ICE,S3,1475,-18966.1164,,,crossover before sale year (product already above benchmark at t=0)
hyundai,IT,GV70 GENESIS GV70,ICE,S3,1,-47595.8702,,,crossover before sale year (product already above benchmark at t=0)
hyundai,IT,GV80 GENESIS GV80,ICE,S3,2,-52507.858,,,crossover before sale year (product already above benchmark at t=0)
hyundai,IT,I 30,HEV,S3,122,-23227.5876,,,crossover before sale year (product already above benchmark at t=0)
hyundai,IT,I 30,ICE,S3,12,-22001.8283,,,crossover before sale year (product already above benchmark at t=0)
hyundai,IT,I 30 N,ICE,S3,26,-37294.6044,,,crossover before sale year (product already above benchmark at t=0)
hyundai,IT,I10,ICE,S3,13611,-19584.2771,,,crossover before sale year (product already above benchmark at t=0)
hyundai,IT,I10 BI-FUEL,ICE,S3,2139,-16907.9418,0.168,2024.2,within lifetime
hyundai,IT,I20,HEV,S3,2268,-19801.7735,,,crossover before sale year (product already above benchmark at t=0)
hyundai,IT,I20,ICE,S3,5314,-20436.2743,,,crossover before sale year (product already above benchmark at t=0)
hyundai,IT,I20 BI-FUEL,ICE,S3,2087,-18236.6603,,,crossover before sale year (product already above benchmark at t=0)
hyundai,IT,I20 I20 ACTIVE,ICE,S3,1,-14246.058,0.863,2024.9,within lifetime
hyundai,IT,I20 N,ICE,S3,886,-30016.1242,,,crossover before sale year (product already above benchmark at t=0)
hyundai,IT,IONIQ5,BEV,S3,46,5267.9868,17.536,2041.5,within lifetime
hyundai,IT,IONIQ5 N,BEV,S3,27,4105.1881,14.125,2038.1,within lifetime
hyundai,IT,IONIQ6,BEV,S3,90,5635.7518,18.765,2042.8,after lifetime
hyundai,IT,KONA KAUAI,BEV,S3,341,5969.9039,19.959,2044.0,after lifetime
hyundai,IT,KONA KAUAI,HEV,S3,5143,-18235.9799,,,crossover before sale year (product already above benchmark at t=0)
hyundai,IT,KONA KAUAI,ICE,S3,1076,-24057.7796,,,crossover before sale year (product already above benchmark at t=0)
hyundai,IT,SANTA FE,HEV,S3,276,-32676.4207,,,crossover before sale year (product already above benchmark at t=0)
hyundai,IT,STARIA,HEV,S3,4,-34382.1909,,,crossover before sale year (product already above benchmark at t=0)
hyundai,IT,STARIA,ICE,S3,296,-46605.4325,,,crossover before sale year (product already above benchmark at t=0)
hyundai,IT,STARIA PREMIUM,HEV,S3,4,-34382.1909,,,crossover before sale year (product already above benchmark at t=0)
hyundai,IT,STARIA PREMIUM,ICE,S3,43,-48545.7969,,,crossover before sale year (product already above benchmark at t=0)
hyundai,IT,TUCSON IX35,HEV,S3,10997,-24489.875,,,crossover before sale year (product already above benchmark at t=0)
hyundai,IT,TUCSON IX35,ICE,S3,272,-24843.6976,,,crossover before sale year (product already above benchmark at t=0)
hyundai,IT,VERACRUZIX55,ICE,S3,1,-40615.6769,,,crossover before sale year (product already above benchmark at t=0)
hyundai,LT,BAYON,HEV,S3,11,-29301.7826,,,crossover before sale year (product already above benchmark at t=0)
hyundai,LT,BAYON,ICE,S3,8,-29737.1096,,,crossover before sale year (product already above benchmark at t=0)
hyundai,LT,G90 GENESIS G90,HEV,S3,1,-72140.5358,,,crossover before sale year (product already above benchmark at t=0)
hyundai,LT,I 30,HEV,S3,11,-31128.0225,,,crossover before sale year (product already above benchmark at t=0)
hyundai,LT,I 30,ICE,S3,28,-31100.4514,,,crossover before sale year (product already above benchmark at t=0)
hyundai,LT,I 30 N,ICE,S3,3,-52340.0399,,,crossover before sale year (product already above benchmark at t=0)
hyundai,LT,I10,ICE,S3,1,-24881.6653,0.173,2024.2,within lifetime
hyundai,LT,I20,HEV,S3,3,-28672.4028,,,crossover before sale year (product already above benchmark at t=0)
hyundai,LT,I20,ICE,S3,163,-28842.4354,,,crossover before sale year (product already above benchmark at t=0)
hyundai,LT,I20 N,ICE,S3,2,-41289.7184,,,crossover before sale year (product already above benchmark at t=0)
hyundai,LT,IONIQ5,BEV,S3,46,9082.2536,33.743,2057.7,after lifetime
hyundai,LT,IONIQ5 N,BEV,S3,1,8544.6216,30.288,2054.3,after lifetime
hyundai,LT,IONIQ6,BEV,S3,13,9334.1232,35.622,2059.6,after lifetime
hyundai,LT,KONA KAUAI,BEV,S3,19,9424.3306,36.346,2060.3,after lifetime
hyundai,LT,KONA KAUAI,HEV,S3,30,-24325.6133,0.279,2024.3,within lifetime
hyundai,LT,SANTA FE,HEV,S3,11,-44685.3438,,,crossover before sale year (product already above benchmark at t=0)
hyundai,LT,TUCSON IX35,HEV,S3,338,-37089.1023,,,crossover before sale year (product already above benchmark at t=0)
hyundai,LT,TUCSON IX35,ICE,S3,6,-39392.1773,,,crossover before sale year (product already above benchmark at t=0)
hyundai,LU,BAYON,HEV,S3,11,7586.7845,6.779,2030.8,within lifetime
hyundai,LU,BAYON,ICE,S3,23,7214.7167,6.658,2030.7,within lifetime
hyundai,LU,G80 GENESIS G80,ICE,S3,1,-7577.4503,3.038,2027.0,within lifetime
hyundai,LU,G90 GENESIS G90,HEV,S3,1,-14494.0432,1.833,2025.8,within lifetime
hyundai,LU,GV60 GENESIS GV60,BEV,S3,1,26269.9688,49.088,2073.1,after lifetime
hyundai,LU,I 30,HEV,S3,42,5308.6039,6.07,2030.1,within lifetime
hyundai,LU,I 30,ICE,S3,8,6382.9362,6.395,2030.4,within lifetime
hyundai,LU,I 30 N,ICE,S3,51,-4302.7918,3.691,2027.7,within lifetime
hyundai,LU,I10,ICE,S3,71,8040.8958,6.929,2030.9,within lifetime
hyundai,LU,I20,ICE,S3,103,7510.7458,6.754,2030.8,within lifetime
hyundai,LU,I20 N,ICE,S3,8,1384.7731,4.998,2029.0,within lifetime
hyundai,LU,IONIQ5,BEV,S3,168,26503.2118,50.97,2075.0,after lifetime
hyundai,LU,IONIQ5 N,BEV,S3,18,26012.0124,47.214,2071.2,after lifetime
hyundai,LU,IONIQ6,BEV,S3,76,26758.4057,53.283,2077.3,after lifetime
hyundai,LU,KONA KAUAI,BEV,S3,231,26710.0524,52.821,2076.8,after lifetime
hyundai,LU,KONA KAUAI,HEV,S3,92,10019.2506,7.626,2031.6,within lifetime
hyundai,LU,KONA KAUAI,ICE,S3,97,5021.9019,5.986,2030.0,within lifetime
hyundai,LU,KONA N KAUAI N,ICE,S3,6,-4819.8431,3.584,2027.6,within lifetime
hyundai,LU,SANTA FE,HEV,S3,3,1102.7319,4.927,2028.9,within lifetime
hyundai,LU,STARIA,ICE,S3,4,-10076.5319,2.578,2026.6,within lifetime
hyundai,LU,STARIA PREMIUM,ICE,S3,7,-9645.6557,2.655,2026.7,within lifetime
hyundai,LU,TUCSON IX35,HEV,S3,246,4369.6955,5.798,2029.8,within lifetime
hyundai,LV,BAYON,HEV,S3,55,-27330.0395,0.54,2024.5,within lifetime
hyundai,LV,BAYON,ICE,S3,11,-28023.6204,0.425,2024.4,within lifetime
hyundai,LV,I 30,HEV,S3,27,-28796.5555,0.299,2024.3,within lifetime
hyundai,LV,I 30,ICE,S3,118,-30895.7722,,,crossover before sale year (product already above benchmark at t=0)
hyundai,LV,I10,ICE,S3,4,-22935.954,1.318,2025.3,within lifetime
hyundai,LV,I20,HEV,S3,7,-26687.194,0.649,2024.6,within lifetime
hyundai,LV,I20,ICE,S3,75,-26887.1729,0.615,2024.6,within lifetime
hyundai,LV,I20 N,ICE,S3,2,-39455.5554,,,crossover before sale year (product already above benchmark at t=0)
hyundai,LV,IONIQ5,BEV,S3,53,10799.0402,33.753,2057.8,after lifetime
hyundai,LV,IONIQ5 N,BEV,S3,2,10241.37,30.702,2054.7,after lifetime
hyundai,LV,IONIQ6,BEV,S3,7,11071.4065,35.456,2059.5,after lifetime
hyundai,LV,KONA KAUAI,BEV,S3,12,11284.1292,36.907,2060.9,after lifetime
hyundai,LV,KONA KAUAI,HEV,S3,25,-22209.2829,1.456,2025.5,within lifetime
hyundai,LV,KONA N KAUAI N,ICE,S3,1,-51592.4054,,,crossover before sale year (product already above benchmark at t=0)
hyundai,LV,SANTA FE,HEV,S3,12,-43149.5651,,,crossover before sale year (product already above benchmark at t=0)
hyundai,LV,TUCSON IX35,HEV,S3,225,-34741.9081,,,crossover before sale year (product already above benchmark at t=0)
hyundai,LV,TUCSON IX35,ICE,S3,11,-37402.1015,,,crossover before sale year (product already above benchmark at t=0)
hyundai,MT,BAYON,HEV,S3,15,-13269.3172,1.699,2025.7,within lifetime
hyundai,MT,BAYON,ICE,S3,18,-14034.3443,1.47,2025.5,within lifetime
hyundai,MT,I10,ICE,S3,377,-12630.4226,1.897,2025.9,within lifetime
hyundai,MT,I20,HEV,S3,9,-12638.0116,1.894,2025.9,within lifetime
hyundai,MT,I20,ICE,S3,198,-13006.1205,1.78,2025.8,within lifetime
hyundai,MT,IONIQ5,BEV,S3,4,3047.9399,13.355,2037.4,within lifetime
hyundai,MT,IONIQ5 N,BEV,S3,1,1930.8374,10.415,2034.4,within lifetime
hyundai,MT,IONIQ6,BEV,S3,5,3683.292,15.271,2039.3,within lifetime
hyundai,MT,KONA KAUAI,BEV,S3,68,3999.7357,16.306,2040.3,within lifetime
hyundai,MT,KONA KAUAI,HEV,S3,14,-10744.076,2.516,2026.5,within lifetime
hyundai,MT,KONA KAUAI,ICE,S3,21,-15592.4753,1.025,2025.0,within lifetime
hyundai,MT,TUCSON IX35,HEV,S3,8,-15384.2183,1.083,2025.1,within lifetime
hyundai,NL,BAYON,HEV,S3,968,-20297.8577,,,crossover before sale year (product already above benchmark at t=0)
hyundai,NL,GV60 GENESIS GV60,BEV,S3,1,4650.5502,16.119,2040.1,after lifetime
hyundai,NL,I 30,HEV,S3,354,-21141.4196,,,crossover before sale year (product already above benchmark at t=0)
hyundai,NL,I10,ICE,S3,5977,-17608.7792,,,crossover before sale year (product already above benchmark at t=0)
hyundai,NL,I20,HEV,S3,1407,-19361.4895,,,crossover before sale year (product already above benchmark at t=0)
hyundai,NL,I20,ICE,S3,159,-19771.829,,,crossover before sale year (product already above benchmark at t=0)
hyundai,NL,INSTER,BEV,S3,33,5830.9752,20.435,2044.4,after lifetime
hyundai,NL,IONIQ5,BEV,S3,667,5146.1514,17.807,2041.8,after lifetime
hyundai,NL,IONIQ5 N,BEV,S3,59,3944.9676,13.96,2038.0,within lifetime
hyundai,NL,IONIQ6,BEV,S3,587,5817.5074,20.38,2044.4,after lifetime
hyundai,NL,KONA KAUAI,BEV,S3,3060,5745.0969,20.084,2044.1,after lifetime
hyundai,NL,KONA KAUAI,HEV,S3,3898,-16955.474,,,crossover before sale year (product already above benchmark at t=0)
hyundai,NL,SANTA FE,HEV,S3,67,-29192.1681,,,crossover before sale year (product already above benchmark at t=0)
hyundai,NL,TUCSON IX35,HEV,S3,1231,-23255.5754,,,crossover before sale year (product already above benchmark at t=0)
hyundai,PL,BAYON,ICE,S3,1421,-32091.4246,,,crossover before sale year (product already above benchmark at t=0)
hyundai,PL,ELANTRA,ICE,S3,1077,-38002.3902,,,crossover before sale year (product already above benchmark at t=0)
hyundai,PL,G80 GENESIS G80,ICE,S3,2,-61354.3595,,,crossover before sale year (product already above benchmark at t=0)
hyundai,PL,GV80 GENESIS GV80,ICE,S3,1,-73763.5919,,,crossover before sale year (product already above benchmark at t=0)
hyundai,PL,I 30,HEV,S3,3221,-34336.4368,,,crossover before sale year (product already above benchmark at t=0)
hyundai,PL,I 30,ICE,S3,2019,-33075.7525,,,crossover before sale year (product already above benchmark at t=0)
hyundai,PL,I 30 N,ICE,S3,4,-49634.5289,,,crossover before sale year (product already above benchmark at t=0)
hyundai,PL,I10,ICE,S3,868,-30108.4982,,,crossover before sale year (product already above benchmark at t=0)
hyundai,PL,I20,ICE,S3,4275,-30758.2939,,,crossover before sale year (product already above benchmark at t=0)
hyundai,PL,I20 N,ICE,S3,51,-43429.9127,,,crossover before sale year (product already above benchmark at t=0)
hyundai,PL,IONIQ5,BEV,S3,165,-2738.4369,2.545,2026.5,within lifetime
hyundai,PL,IONIQ5 N,BEV,S3,7,-5010.5591,,,crossover before sale year (product already above benchmark at t=0)
hyundai,PL,KONA KAUAI,BEV,S3,290,-266.4307,6.1,2030.1,within lifetime
hyundai,PL,KONA KAUAI,HEV,S3,1562,-25994.0547,,,crossover before sale year (product already above benchmark at t=0)
hyundai,PL,KONA KAUAI,ICE,S3,2057,-37215.7482,,,crossover before sale year (product already above benchmark at t=0)
hyundai,PL,SANTA FE,HEV,S3,594,-47155.4788,,,crossover before sale year (product already above benchmark at t=0)
hyundai,PL,STARIA,HEV,S3,41,-49251.3349,,,crossover before sale year (product already above benchmark at t=0)
hyundai,PL,STARIA PREMIUM,HEV,S3,17,-49251.3349,,,crossover before sale year (product already above benchmark at t=0)
hyundai,PL,TUCSON IX35,HEV,S3,9747,-38397.2412,,,crossover before sale year (product already above benchmark at t=0)
hyundai,PL,TUCSON IX35,ICE,S3,3360,-42428.4187,,,crossover before sale year (product already above benchmark at t=0)
hyundai,PT,BAYON,ICE,S3,1090,-26155.5592,,,crossover before sale year (product already above benchmark at t=0)
hyundai,PT,I 30,ICE,S3,432,-26586.5646,,,crossover before sale year (product already above benchmark at t=0)
hyundai,PT,I 30 N,ICE,S3,31,-44735.1188,,,crossover before sale year (product already above benchmark at t=0)
hyundai,PT,I10,ICE,S3,447,-24115.9899,,,crossover before sale year (product already above benchmark at t=0)
hyundai,PT,I20,ICE,S3,1982,-25264.4428,,,crossover before sale year (product already above benchmark at t=0)
hyundai,PT,I20 N,ICE,S3,73,-36007.7875,,,crossover before sale year (product already above benchmark at t=0)
hyundai,PT,IONIQ5,BEV,S3,369,9362.905,35.365,2059.4,after lifetime
hyundai,PT,IONIQ6,BEV,S3,128,9623.5072,37.542,2061.5,after lifetime
hyundai,PT,KONA KAUAI,BEV,S3,377,9710.2232,38.329,2062.3,after lifetime
hyundai,PT,KONA KAUAI,HEV,S3,181,-20904.8122,0.438,2024.4,within lifetime
hyundai,PT,KONA KAUAI,ICE,S3,715,-28654.7571,,,crossover before sale year (product already above benchmark at t=0)
hyundai,PT,SANTA FE,HEV,S3,45,-36351.4246,,,crossover before sale year (product already above benchmark at t=0)
hyundai,PT,SANTA FE,ICE,S3,38,-38722.3071,,,crossover before sale year (product already above benchmark at t=0)
hyundai,PT,TUCSON IX35,HEV,S3,449,-28568.0248,,,crossover before sale year (product already above benchmark at t=0)
hyundai,PT,TUCSON IX35,ICE,S3,574,-33335.3128,,,crossover before sale year (product already above benchmark at t=0)
hyundai,RO,BAYON,HEV,S3,209,-33959.3072,,,crossover before sale year (product already above benchmark at t=0)
hyundai,RO,BAYON,ICE,S3,421,-35579.4685,,,crossover before sale year (product already above benchmark at t=0)
hyundai,RO,ELANTRA,ICE,S3,850,-40331.709,,,crossover before sale year (product already above benchmark at t=0)
hyundai,RO,G80 GENESIS G80,BEV,S3,1,3811.0883,15.443,2039.4,within lifetime
hyundai,RO,GV60 GENESIS GV60,BEV,S3,8,4119.4523,16.384,2040.4,within lifetime
hyundai,RO,GV70 GENESIS GV70,BEV,S3,1,3842.7154,15.537,2039.5,within lifetime
hyundai,RO,GV70 GENESIS GV70,ICE,S3,2,-70398.8196,,,crossover before sale year (product already above benchmark at t=0)
hyundai,RO,GV80 GENESIS GV80,ICE,S3,1,-78836.8104,,,crossover before sale year (product already above benchmark at t=0)
hyundai,RO,I 30,HEV,S3,531,-36776.9128,,,crossover before sale year (product already above benchmark at t=0)
hyundai,RO,I 30,ICE,S3,1134,-39765.7173,,,crossover before sale year (product already above benchmark at t=0)
hyundai,RO,I 30 N,ICE,S3,9,-58729.2578,,,crossover before sale year (product already above benchmark at t=0)
hyundai,RO,I10,ICE,S3,542,-33326.5249,,,crossover before sale year (product already above benchmark at t=0)
hyundai,RO,I20,HEV,S3,238,-33012.84,,,crossover before sale year (product already above benchmark at t=0)
hyundai,RO,I20,ICE,S3,1072,-33278.6259,,,crossover before sale year (product already above benchmark at t=0)
hyundai,RO,IONIQ5,BEV,S3,161,4417.6987,17.344,2041.3,within lifetime
hyundai,RO,IONIQ6,BEV,S3,71,4944.3179,19.176,2043.2,within lifetime
hyundai,RO,KONA KAUAI,BEV,S3,366,5179.0888,20.056,2044.1,within lifetime
hyundai,RO,KONA KAUAI,HEV,S3,451,-28961.3294,,,crossover before sale year (product already above benchmark at t=0)
hyundai,RO,KONA KAUAI,ICE,S3,314,-39121.4138,,,crossover before sale year (product already above benchmark at t=0)
hyundai,RO,SANTA FE,HEV,S3,41,-50121.3559,,,crossover before sale year (product already above benchmark at t=0)
hyundai,RO,SANTA FE,ICE,S3,2,-53702.3697,,,crossover before sale year (product already above benchmark at t=0)
hyundai,RO,TUCSON IX35,HEV,S3,2708,-43309.8879,,,crossover before sale year (product already above benchmark at t=0)
hyundai,RO,TUCSON IX35,ICE,S3,553,-45039.2461,,,crossover before sale year (product already above benchmark at t=0)
hyundai,SE,BAYON,HEV,S3,104,-17838.8209,0.083,2024.1,within lifetime
hyundai,SE,BAYON,ICE,S3,95,-19323.5403,,,crossover before sale year (product already above benchmark at t=0)
hyundai,SE,I 30,HEV,S3,52,-20862.1472,,,crossover before sale year (product already above benchmark at t=0)
hyundai,SE,I10,ICE,S3,359,-16826.5853,0.313,2024.3,within lifetime
hyundai,SE,I20,HEV,S3,144,-17746.6556,0.104,2024.1,within lifetime
hyundai,SE,I20,ICE,S3,129,-17837.6405,0.083,2024.1,within lifetime
hyundai,SE,I20 N,ICE,S3,15,-26974.7722,,,crossover before sale year (product already above benchmark at t=0)
hyundai,SE,IONIQ5 N,BEV,S3,50,12166.3435,53.699,2077.7,after lifetime
hyundai,SE,IONIQ6,BEV,S3,8,12411.2921,59.603,2083.6,after lifetime
hyundai,SE,KONA KAUAI,BEV,S3,208,12417.996,59.795,2083.8,after lifetime
hyundai,SE,KONA KAUAI,HEV,S3,201,-14262.2708,0.931,2024.9,within lifetime
hyundai,SE,KONA KAUAI,ICE,S3,22,-21287.8559,,,crossover before sale year (product already above benchmark at t=0)
hyundai,SE,TUCSON IX35,HEV,S3,187,-22795.224,,,crossover before sale year (product already above benchmark at t=0)
hyundai,SI,BAYON,HEV,S3,18,-18010.1018,2.226,2026.2,within lifetime
hyundai,SI,BAYON,ICE,S3,383,-18590.952,2.122,2026.1,within lifetime
hyundai,SI,I 30,HEV,S3,130,-22061.7545,1.528,2025.5,within lifetime
hyundai,SI,I 30,ICE,S3,131,-22478.3307,1.461,2025.5,within lifetime
hyundai,SI,I 30 N,ICE,S3,11,-39017.6091,,,crossover before sale year (product already above benchmark at t=0)
hyundai,SI,I10,ICE,S3,208,-16350.8405,2.533,2026.5,within lifetime
hyundai,SI,I20,HEV,S3,20,-18010.1018,2.226,2026.2,within lifetime
hyundai,SI,I20,ICE,S3,344,-17335.3497,2.349,2026.3,within lifetime
hyundai,SI,I20 N,ICE,S3,31,-28818.0037,0.503,2024.5,within lifetime
hyundai,SI,IONIQ5,BEV,S3,58,14594.1984,29.031,2053.0,after lifetime
hyundai,SI,IONIQ5 N,BEV,S3,3,13432.8548,25.544,2049.5,after lifetime
hyundai,SI,IONIQ6,BEV,S3,30,15122.2355,30.872,2054.9,after lifetime
hyundai,SI,KONA KAUAI,BEV,S3,123,15249.4328,31.345,2055.3,after lifetime
hyundai,SI,KONA KAUAI,HEV,S3,64,-13163.4737,3.165,2027.2,within lifetime
hyundai,SI,KONA KAUAI,ICE,S3,176,-22018.2667,1.536,2025.5,within lifetime
hyundai,SI,SANTA FE,HEV,S3,16,-32112.9319,0.053,2024.1,within lifetime
hyundai,SI,SANTA FE / 1.6 / T-GDI HEV AUT. 4WD,HEV,S3,2,-35609.1767,,,crossover before sale year (product already above benchmark at t=0)
hyundai,SI,STARIA / 2.2. / CRDI AUT. 4WD,ICE,S3,2,-51689.8461,,,crossover before sale year (product already above benchmark at t=0)
hyundai,SI,TUCSON / 1.6 / CRDI HP DCT 4WD 48V N LINE,HEV,S3,1,-33723.5615,,,crossover before sale year (product already above benchmark at t=0)
hyundai,SI,TUCSON / 1.6 / T-GDI DCT 48V,HEV,S3,1,-34037.8307,,,crossover before sale year (product already above benchmark at t=0)
hyundai,SI,TUCSON IX35,HEV,S3,609,-24888.4174,1.08,2025.1,within lifetime
hyundai,SI,TUCSON IX35,ICE,S3,296,-27467.885,0.696,2024.7,within lifetime
hyundai,SK,BAYON,ICE,S3,478,-20587.0952,,,crossover before sale year (product already above benchmark at t=0)
hyundai,SK,I 30,HEV,S3,1859,-21818.1025,,,crossover before sale year (product already above benchmark at t=0)
hyundai,SK,I 30,ICE,S3,1537,-23332.6637,,,crossover before sale year (product already above benchmark at t=0)
hyundai,SK,I 30 N,ICE,S3,63,-36913.3794,,,crossover before sale year (product already above benchmark at t=0)
hyundai,SK,I10,ICE,S3,269,-19077.8481,0.046,2024.0,within lifetime
hyundai,SK,I20,ICE,S3,1394,-19615.7625,,,crossover before sale year (product already above benchmark at t=0)
hyundai,SK,IONIQ5,BEV,S3,47,9883.2962,37.651,2061.7,after lifetime
hyundai,SK,IONIQ5 N,BEV,S3,6,9566.47,34.998,2059.0,after lifetime
hyundai,SK,IONIQ6,BEV,S3,32,10154.946,40.287,2064.3,after lifetime
hyundai,SK,KONA KAUAI,BEV,S3,35,10197.4948,40.737,2064.7,after lifetime
hyundai,SK,KONA KAUAI,HEV,S3,104,-16037.8149,0.759,2024.8,within lifetime
hyundai,SK,KONA KAUAI,ICE,S3,576,-23925.8509,,,crossover before sale year (product already above benchmark at t=0)
hyundai,SK,SANTA FE,HEV,S3,105,-31699.2203,,,crossover before sale year (product already above benchmark at t=0)
hyundai,SK,SANTA FE,ICE,S3,43,-33818.8012,,,crossover before sale year (product already above benchmark at t=0)
hyundai,SK,STARIA,HEV,S3,3,-33339.0109,,,crossover before sale year (product already above benchmark at t=0)
hyundai,SK,STARIA,ICE,S3,38,-48103.8442,,,crossover before sale year (product already above benchmark at t=0)
hyundai,SK,TUCSON IX35,HEV,S3,1062,-27069.0547,,,crossover before sale year (product already above benchmark at t=0)
hyundai,SK,TUCSON IX35,ICE,S3,448,-28291.4188,,,crossover before sale year (product already above benchmark at t=0)
kia,AT,CEED,HEV,S1,431,2101.8713,9.503,2033.5,within lifetime
kia,AT,CEED,ICE,S1,1946,2665.7613,10.278,2034.3,within lifetime
kia,AT,EV3,BEV,S1,85,27246.2002,,,never crosses: below benchmark at sale and the grid decarbonises at least as fast as the fleet benchmark
kia,AT,EV3 LONG RANGE,BEV,S1,1,27289.2332,,,never crosses: below benchmark at sale and the grid decarbonises at least as fast as the fleet benchmark
kia,AT,EV6,BEV,S1,587,26967.1086,,,never crosses: below benchmark at sale and the grid decarbonises at least as fast as the fleet benchmark
kia,AT,EV9,BEV,S1,157,26276.0566,,,never crosses: below benchmark at sale and the grid decarbonises at least as fast as the fleet benchmark
kia,AT,EV9 AWD,BEV,S1,1,26222.9262,,,never crosses: below benchmark at sale and the grid decarbonises at least as fast as the fleet benchmark
kia,AT,NIRO,BEV,S1,421,27113.7649,,,never crosses: below benchmark at sale and the grid decarbonises at least as fast as the fleet benchmark
kia,AT,NIRO,HEV,S1,74,7116.5193,17.046,2041.0,after lifetime
kia,AT,PICANTO,ICE,S1,506,4361.4958,12.713,2036.7,within lifetime
kia,AT,PROCEED,HEV,S1,57,1019.1003,8.058,2032.1,within lifetime
kia,AT,PROCEED,ICE,S1,46,-1469.8093,4.937,2028.9,within lifetime
kia,AT,RIO,HEV,S1,3,1699.3344,8.959,2033.0,within lifetime
kia,AT,RIO,ICE,S1,75,3180.6583,11.001,2035.0,within lifetime
kia,AT,SORENTO,HEV,S1,1,-5748.5639,0.118,2024.1,within lifetime
kia,AT,SORENTO,ICE,S1,73,-7917.2889,,,crossover before sale year (product already above benchmark at t=0)
kia,AT,SOUL,BEV,S1,24,27181.2527,,,never crosses: below benchmark at sale and the grid decarbonises at least as fast as the fleet benchmark
kia,AT,SPORTAGE,HEV,S1,729,-2567.3037,3.64,2027.6,within lifetime
kia,AT,SPORTAGE,ICE,S1,291,-4097.7228,1.904,2025.9,within lifetime
kia,AT,STONIC,HEV,S1,31,1452.0203,8.629,2032.6,within lifetime
kia,AT,STONIC,ICE,S1,929,2097.8881,9.498,2033.5,within lifetime
kia,AT,XCEED,HEV,S1,155,-591.5734,6.008,2030.0,within lifetime
kia,AT,XCEED,ICE,S1,280,-246.1857,6.438,2030.4,within lifetime
kia,BE,CEED,HEV,S1,672,-7293.5875,,,crossover before sale year (product already above benchmark at t=0)
kia,BE,CEED,ICE,S1,1390,-7705.8055,,,crossover before sale year (product already above benchmark at t=0)
kia,BE,EV3,BEV,S1,182,20291.264,,,never crosses: below benchmark at sale and the grid decarbonises at least as fast as the fleet benchmark
kia,BE,EV6,BEV,S1,1417,19978.5789,,,never crosses: below benchmark at sale and the grid decarbonises at least as fast as the fleet benchmark
kia,BE,EV9,BEV,S1,886,18969.4676,,,never crosses: below benchmark at sale and the grid decarbonises at least as fast as the fleet benchmark
kia,BE,NIRO,BEV,S1,619,20106.4423,,,never crosses: below benchmark at sale and the grid decarbonises at least as fast as the fleet benchmark
kia,BE,NIRO,HEV,S1,906,-1770.8326,3.73,2027.7,within lifetime
kia,BE,PICANTO,ICE,S1,1684,-5559.8777,,,crossover before sale year (product already above benchmark at t=0)
kia,BE,PROCEED,ICE,S1,406,-9747.9032,,,crossover before sale year (product already above benchmark at t=0)
kia,BE,RIO,ICE,S1,31,-6834.1546,,,crossover before sale year (product already above benchmark at t=0)
kia,BE,SORENTO,HEV,S1,88,-16329.9265,,,crossover before sale year (product already above benchmark at t=0)
kia,BE,SORENTO,ICE,S1,39,-18221.2799,,,crossover before sale year (product already above benchmark at t=0)
kia,BE,SOUL,BEV,S1,4,20204.4535,,,never crosses: below benchmark at sale and the grid decarbonises at least as fast as the fleet benchmark
kia,BE,SPORTAGE,HEV,S1,2323,-11414.2574,,,crossover before sale year (product already above benchmark at t=0)
kia,BE,SPORTAGE,ICE,S1,422,-13946.4713,,,crossover before sale year (product already above benchmark at t=0)
kia,BE,STINGER,ICE,S1,1,-36443.3016,,,crossover before sale year (product already above benchmark at t=0)
kia,BE,STONIC,HEV,S1,44,-8434.3689,,,crossover before sale year (product already above benchmark at t=0)
kia,BE,STONIC,ICE,S1,2453,-8474.2067,,,crossover before sale year (product already above benchmark at t=0)
kia,BE,XCEED,HEV,S1,47,-8685.4691,,,crossover before sale year (product already above benchmark at t=0)
kia,BE,XCEED,ICE,S1,676,-10633.6996,,,crossover before sale year (product already above benchmark at t=0)
kia,BG,CEED,HEV,S1,15,10217.2146,,,"r_fleet <= 0: benchmark non-declining, no crossover"
kia,BG,CEED,ICE,S1,646,7709.4313,,,"r_fleet <= 0: benchmark non-declining, no crossover"
kia,BG,EV3,BEV,S1,5,36163.2634,,,never crosses: below benchmark at sale and the grid decarbonises at least as fast as the fleet benchmark
kia,BG,EV6,BEV,S1,13,35108.6931,,,never crosses: below benchmark at sale and the grid decarbonises at least as fast as the fleet benchmark
kia,BG,EV9,BEV,S1,17,33147.0724,,,never crosses: below benchmark at sale and the grid decarbonises at least as fast as the fleet benchmark
kia,BG,NIRO,BEV,S1,46,35811.1094,,,never crosses: below benchmark at sale and the grid decarbonises at least as fast as the fleet benchmark
kia,BG,NIRO,HEV,S1,66,15429.1574,,,"r_fleet <= 0: benchmark non-declining, no crossover"
kia,BG,PICANTO,ICE,S1,70,11292.3645,,,"r_fleet <= 0: benchmark non-declining, no crossover"
kia,BG,PROCEED,ICE,S1,109,5477.9152,,,"r_fleet <= 0: benchmark non-declining, no crossover"
kia,BG,RIO,ICE,S1,26,9204.2785,,,"r_fleet <= 0: benchmark non-declining, no crossover"
kia,BG,SORENTO,HEV,S1,25,-875.7726,,,"r_fleet <= 0: benchmark non-declining, no crossover"
kia,BG,SORENTO,ICE,S1,66,-2362.4963,,,"r_fleet <= 0: benchmark non-declining, no crossover"
kia,BG,SPORTAGE,HEV,S1,969,3123.7224,,,"r_fleet <= 0: benchmark non-declining, no crossover"
kia,BG,SPORTAGE,ICE,S1,127,1962.0178,,,"r_fleet <= 0: benchmark non-declining, no crossover"
kia,BG,STONIC,HEV,S1,7,8534.8658,,,"r_fleet <= 0: benchmark non-declining, no crossover"
kia,BG,STONIC,ICE,S1,248,8598.6821,,,"r_fleet <= 0: benchmark non-declining, no crossover"
kia,BG,XCEED,ICE,S1,197,5623.8271,,,"r_fleet <= 0: benchmark non-declining, no crossover"
kia,CY,CEED,HEV,S1,26,-1849.6266,7.056,2031.1,within lifetime
kia,CY,CEED,ICE,S1,43,-4563.4831,3.486,2027.5,within lifetime
kia,CY,EV3,BEV,S1,3,19197.7026,790.328,2814.3,after lifetime
kia,CY,EV6,BEV,S1,25,16387.119,630.845,2654.8,after lifetime
kia,CY,EV9,BEV,S1,14,11307.5581,394.38,2418.4,after lifetime
kia,CY,NIRO,BEV,S1,16,18044.0489,721.781,2745.8,after lifetime
kia,CY,NIRO,HEV,S1,29,3321.6113,14.64,2038.6,within lifetime
kia,CY,PICANTO,ICE,S1,381,-821.6385,8.476,2032.5,within lifetime
kia,CY,RIO,ICE,S1,10,-2438.165,6.26,2030.3,within lifetime
kia,CY,SORENTO,ICE,S1,7,-16915.6029,,,crossover before sale year (product already above benchmark at t=0)
kia,CY,SPORTAGE,HEV,S1,612,-7878.9499,,,crossover before sale year (product already above benchmark at t=0)
kia,CY,SPORTAGE,ICE,S1,230,-13405.0956,,,crossover before sale year (product already above benchmark at t=0)
kia,CY,STONIC,ICE,S1,1079,-3909.0426,4.324,2028.3,within lifetime
kia,CY,XCEED,ICE,S1,286,-7229.1715,0.207,2024.2,within lifetime
kia,CZ,CEED,HEV,S1,36,3239.1956,36.335,2060.3,after lifetime
kia,CZ,CEED,ICE,S1,4928,1470.916,20.133,2044.1,after lifetime
kia,CZ,EV3,BEV,S1,6,19462.5961,,,never crosses: below benchmark at sale and the grid decarbonises at least as fast as the fleet benchmark
kia,CZ,EV6,BEV,S1,114,17710.0422,,,never crosses: below benchmark at sale and the grid decarbonises at least as fast as the fleet benchmark
kia,CZ,EV9,BEV,S1,68,15452.5044,,,never crosses: below benchmark at sale and the grid decarbonises at least as fast as the fleet benchmark
kia,CZ,NIRO,BEV,S1,86,19043.3369,,,never crosses: below benchmark at sale and the grid decarbonises at least as fast as the fleet benchmark
kia,CZ,NIRO,HEV,S1,81,7207.9245,77.345,2101.3,after lifetime
kia,CZ,PICANTO,ICE,S1,246,3539.5524,39.201,2063.2,after lifetime
kia,CZ,PROCEED,ICE,S1,743,-1779.9198,,,crossover before sale year (product already above benchmark at t=0)
kia,CZ,RIO,HEV,S1,2,2176.2031,26.462,2050.5,after lifetime
kia,CZ,RIO,ICE,S1,78,3364.4058,37.525,2061.5,after lifetime
kia,CZ,SORENTO,HEV,S1,49,-5049.8497,,,crossover before sale year (product already above benchmark at t=0)
kia,CZ,SORENTO,ICE,S1,191,-6909.9399,,,crossover before sale year (product already above benchmark at t=0)
kia,CZ,SPORTAGE,HEV,S1,1507,-2075.5199,,,crossover before sale year (product already above benchmark at t=0)
kia,CZ,SPORTAGE,ICE,S1,762,-3476.0054,,,crossover before sale year (product already above benchmark at t=0)
kia,CZ,STINGER,ICE,S1,3,-21878.9683,,,crossover before sale year (product already above benchmark at t=0)
kia,CZ,STONIC,ICE,S1,1000,1740.1311,22.529,2046.5,after lifetime
kia,CZ,XCEED,ICE,S1,755,-497.7841,3.314,2027.3,within lifetime
kia,DE,CD,ICE,S1,5,-18667.5059,,,crossover before sale year (product already above benchmark at t=0)
kia,DE,CEED,HEV,S1,1800,-4387.469,0.122,2024.1,within lifetime
kia,DE,CEED,ICE,S1,9432,-6913.9407,,,crossover before sale year (product already above benchmark at t=0)
kia,DE,CL4,ICE,S1,9,-15301.9563,,,crossover before sale year (product already above benchmark at t=0)
kia,DE,EV3,BEV,S1,471,15523.0283,,,never crosses: below benchmark at sale and the grid decarbonises at least as fast as the fleet benchmark
kia,DE,EV6,BEV,S1,5180,14408.908,,,never crosses: below benchmark at sale and the grid decarbonises at least as fast as the fleet benchmark
kia,DE,EV9,BEV,S1,1411,12172.4165,,,never crosses: below benchmark at sale and the grid decarbonises at least as fast as the fleet benchmark
kia,DE,JA,ICE,S1,2,-6147.0521,,,crossover before sale year (product already above benchmark at t=0)
kia,DE,K4,ICE,S1,1,-17118.5838,,,crossover before sale year (product already above benchmark at t=0)
kia,DE,MQ4,HEV,S1,2,-17786.9077,,,crossover before sale year (product already above benchmark at t=0)
kia,DE,MQ4,ICE,S1,1,-32177.5488,,,crossover before sale year (product already above benchmark at t=0)
kia,DE,NIRO,BEV,S1,4045,15179.3306,,,never crosses: below benchmark at sale and the grid decarbonises at least as fast as the fleet benchmark
kia,DE,NIRO,HEV,S1,1134,247.6232,7.163,2031.2,within lifetime
kia,DE,NQ5,HEV,S1,8,-13712.8634,,,crossover before sale year (product already above benchmark at t=0)
kia,DE,NQ5,ICE,S1,7,-23541.6841,,,crossover before sale year (product already above benchmark at t=0)
kia,DE,NQ5 - PE,HEV,S1,1,-11005.9481,,,crossover before sale year (product already above benchmark at t=0)
kia,DE,NQ5-PE,ICE,S1,1,-31747.2926,,,crossover before sale year (product already above benchmark at t=0)
kia,DE,NQ5E,HEV,S1,1,-10568.4668,,,crossover before sale year (product already above benchmark at t=0)
kia,DE,NQ5E,ICE,S1,1,-29596.0119,,,crossover before sale year (product already above benchmark at t=0)
kia,DE,PICANTO,ICE,S1,9884,-2584.3591,2.706,2026.7,within lifetime
kia,DE,PROCEED,ICE,S1,4435,-9801.3681,,,crossover before sale year (product already above benchmark at t=0)
kia,DE,RIO,HEV,S1,12,-4844.7463,,,crossover before sale year (product already above benchmark at t=0)
kia,DE,RIO,ICE,S1,77,-3836.5121,0.893,2024.9,within lifetime
kia,DE,SG2,HEV,S1,3,-14214.1514,,,crossover before sale year (product already above benchmark at t=0)
kia,DE,SORENTO,HEV,S1,638,-13241.4336,,,crossover before sale year (product already above benchmark at t=0)
kia,DE,SORENTO,ICE,S1,2172,-14458.0088,,,crossover before sale year (product already above benchmark at t=0)
kia,DE,SOUL,BEV,S1,670,15411.2528,,,never crosses: below benchmark at sale and the grid decarbonises at least as fast as the fleet benchmark
kia,DE,SP3,ICE,S1,1,-14537.0469,,,crossover before sale year (product already above benchmark at t=0)
kia,DE,SPORTAGE,HEV,S1,13187,-9114.2354,,,crossover before sale year (product already above benchmark at t=0)
kia,DE,SPORTAGE,ICE,S1,508,-10851.064,,,crossover before sale year (product already above benchmark at t=0)
kia,DE,STINGER,ICE,S1,53,-30456.5242,,,crossover before sale year (product already above benchmark at t=0)
kia,DE,STONIC,HEV,S1,2200,-5369.7894,,,crossover before sale year (product already above benchmark at t=0)
kia,DE,STONIC,ICE,S1,3329,-4666.3686,,,crossover before sale year (product already above benchmark at t=0)
kia,DE,TK,ICE,S1,2,-39061.6471,,,crossover before sale year (product already above benchmark at t=0)
kia,DE,XCEED,HEV,S1,148,-5702.9752,,,crossover before sale year (product already above benchmark at t=0)
kia,DE,XCEED,ICE,S1,3370,-8437.6928,,,crossover before sale year (product already above benchmark at t=0)
kia,DE,YB,ICE,S1,2,-11202.5618,,,crossover before sale year (product already above benchmark at t=0)
kia,DK,CEED,HEV,S1,1,-5120.5275,1.283,2025.3,within lifetime
kia,DK,CEED,ICE,S1,316,-5027.5448,1.371,2025.4,within lifetime
kia,DK,EV3,BEV,S1,572,19650.764,,,never crosses: below benchmark at sale and the grid decarbonises at least as fast as the fleet benchmark
kia,DK,EV6,BEV,S1,792,19347.0285,,,never crosses: below benchmark at sale and the grid decarbonises at least as fast as the fleet benchmark
kia,DK,EV9,BEV,S1,158,18761.7874,,,never crosses: below benchmark at sale and the grid decarbonises at least as fast as the fleet benchmark
kia,DK,NIRO,BEV,S1,1405,19519.6289,,,never crosses: below benchmark at sale and the grid decarbonises at least as fast as the fleet benchmark
kia,DK,PICANTO,ICE,S1,685,-2542.0789,3.834,2027.8,within lifetime
kia,DK,PROCEED,ICE,S1,144,-9815.268,,,crossover before sale year (product already above benchmark at t=0)
kia,DK,RIO,ICE,S1,1,-4894.598,1.497,2025.5,within lifetime
kia,DK,SPORTAGE,HEV,S1,43,-11513.891,,,crossover before sale year (product already above benchmark at t=0)
kia,DK,SPORTAGE,ICE,S1,2,-11142.3018,,,crossover before sale year (product already above benchmark at t=0)
kia,DK,STONIC,HEV,S1,5,-6566.296,,,crossover before sale year (product already above benchmark at t=0)
kia,DK,STONIC,ICE,S1,85,-5520.6394,0.91,2024.9,within lifetime
kia,DK,XCEED,ICE,S1,40,-7630.6614,,,crossover before sale year (product already above benchmark at t=0)
kia,EE,CEED,HEV,S1,30,714.4723,11.082,2035.1,within lifetime
kia,EE,CEED,ICE,S1,317,-1536.3899,8.558,2032.6,within lifetime
kia,EE,EV3,BEV,S1,14,20654.2623,,,never crosses: below benchmark at sale and the grid decarbonises at least as fast as the fleet benchmark
kia,EE,EV6,BEV,S1,33,19776.1141,,,never crosses: below benchmark at sale and the grid decarbonises at least as fast as the fleet benchmark
kia,EE,EV9,BEV,S1,24,18125.8215,,,never crosses: below benchmark at sale and the grid decarbonises at least as fast as the fleet benchmark
kia,EE,NIRO,BEV,S1,8,20362.333,,,never crosses: below benchmark at sale and the grid decarbonises at least as fast as the fleet benchmark
kia,EE,NIRO,HEV,S1,73,4454.6431,15.823,2039.8,within lifetime
kia,EE,PICANTO,ICE,S1,23,249.3345,10.542,2034.5,within lifetime
kia,EE,PROCEED,ICE,S1,104,-2813.7836,7.216,2031.2,within lifetime
kia,EE,RIO,ICE,S1,6,651.1382,11.008,2035.0,within lifetime
kia,EE,SORENTO,HEV,S1,1,-8894.8614,1.553,2025.6,within lifetime
kia,EE,SORENTO,ICE,S1,106,-9261.746,1.244,2025.2,within lifetime
kia,EE,SPORTAGE,HEV,S1,686,-3822.0591,6.199,2030.2,within lifetime
kia,EE,SPORTAGE,ICE,S1,58,-5483.9011,4.595,2028.6,within lifetime
kia,EE,STONIC,HEV,S1,5,-664.1687,9.51,2033.5,within lifetime
kia,EE,STONIC,ICE,S1,62,-56.0606,10.193,2034.2,within lifetime
kia,EE,XCEED,ICE,S1,98,-2730.6302,7.302,2031.3,within lifetime
kia,ES,CEED,HEV,S1,2325,-4747.3952,3.769,2027.8,within lifetime
kia,ES,CEED,ICE,S1,3706,-3614.9834,5.085,2029.1,within lifetime
kia,ES,EV3,BEV,S1,776,30225.7481,,,never crosses: below benchmark at sale and the grid decarbonises at least as fast as the fleet benchmark
kia,ES,EV6,BEV,S1,771,29891.0455,,,never crosses: below benchmark at sale and the grid decarbonises at least as fast as the fleet benchmark
kia,ES,EV9,BEV,S1,178,28828.6197,,,never crosses: below benchmark at sale and the grid decarbonises at least as fast as the fleet benchmark
kia,ES,NIRO,BEV,S1,1092,30014.8496,,,never crosses: below benchmark at sale and the grid decarbonises at least as fast as the fleet benchmark
kia,ES,NIRO,HEV,S1,8616,1877.2825,12.106,2036.1,within lifetime
kia,ES,PICANTO,ICE,S1,3125,-2700.6728,6.177,2030.2,within lifetime
kia,ES,PROCEED,HEV,S1,85,-6874.3616,1.401,2025.4,within lifetime
kia,ES,PROCEED,ICE,S1,37,-12293.212,,,crossover before sale year (product already above benchmark at t=0)
kia,ES,RIO,HEV,S1,1,-2642.203,6.248,2030.2,within lifetime
kia,ES,RIO,ICE,S1,41,-6225.7781,2.11,2026.1,within lifetime
kia,ES,SORENTO,HEV,S1,730,-14231.2641,,,crossover before sale year (product already above benchmark at t=0)
kia,ES,SORENTO,ICE,S1,143,-17390.5671,,,crossover before sale year (product already above benchmark at t=0)
kia,ES,SPORTAGE,HEV,S1,13057,-8868.015,,,crossover before sale year (product already above benchmark at t=0)
kia,ES,SPORTAGE,ICE,S1,4161,-13467.0608,,,crossover before sale year (product already above benchmark at t=0)
kia,ES,STONIC,HEV,S1,7620,-4743.2551,3.774,2027.8,within lifetime
kia,ES,STONIC,ICE,S1,3162,-6495.6919,1.813,2025.8,within lifetime
kia,ES,XCEED,HEV,S1,3744,-8947.2913,,,crossover before sale year (product already above benchmark at t=0)
kia,ES,XCEED,ICE,S1,3951,-8091.5278,0.102,2024.1,within lifetime
kia,FI,CEED,HEV,S1,599,-24665.5856,,,crossover before sale year (product already above benchmark at t=0)
kia,FI,CEED,ICE,S1,579,-24955.6062,,,crossover before sale year (product already above benchmark at t=0)
kia,FI,EV3,BEV,S1,82,11980.8728,,,never crosses: below benchmark at sale and the grid decarbonises at least as fast as the fleet benchmark
kia,FI,EV6,BEV,S1,328,11846.1139,,,never crosses: below benchmark at sale and the grid decarbonises at least as fast as the fleet benchmark
kia,FI,EV9,BEV,S1,219,11541.1482,,,never crosses: below benchmark at sale and the grid decarbonises at least as fast as the fleet benchmark
kia,FI,NIRO,BEV,S1,186,11927.9711,,,never crosses: below benchmark at sale and the grid decarbonises at least as fast as the fleet benchmark
kia,FI,NIRO,HEV,S1,376,-17153.525,0.57,2024.6,within lifetime
kia,FI,PICANTO,ICE,S1,241,-21352.2501,,,crossover before sale year (product already above benchmark at t=0)
kia,FI,PROCEED,HEV,S1,3,-25665.8867,,,crossover before sale year (product already above benchmark at t=0)
kia,FI,PROCEED,ICE,S1,164,-26298.0474,,,crossover before sale year (product already above benchmark at t=0)
kia,FI,RIO,HEV,S1,16,-23013.6184,,,crossover before sale year (product already above benchmark at t=0)
kia,FI,RIO,ICE,S1,285,-24268.1176,,,crossover before sale year (product already above benchmark at t=0)
kia,FI,SORENTO,HEV,S1,35,-34665.459,,,crossover before sale year (product already above benchmark at t=0)
kia,FI,SORENTO,ICE,S1,9,-37765.3608,,,crossover before sale year (product already above benchmark at t=0)
kia,FI,SOUL,BEV,S1,15,11957.5212,,,never crosses: below benchmark at sale and the grid decarbonises at least as fast as the fleet benchmark
kia,FI,SPORTAGE,HEV,S1,121,-27120.6148,,,crossover before sale year (product already above benchmark at t=0)
kia,FI,SPORTAGE,ICE,S1,7,-32041.0799,,,crossover before sale year (product already above benchmark at t=0)
kia,FI,STONIC,HEV,S1,63,-23379.4671,,,crossover before sale year (product already above benchmark at t=0)
kia,FI,STONIC,ICE,S1,764,-24262.5039,,,crossover before sale year (product already above benchmark at t=0)
kia,FI,XCEED,HEV,S1,31,-28288.0313,,,crossover before sale year (product already above benchmark at t=0)
kia,FI,XCEED,ICE,S1,123,-28329.1234,,,crossover before sale year (product already above benchmark at t=0)
kia,FR,CEED,HEV,S1,433,-4087.6936,0.118,2024.1,within lifetime
kia,FR,CEED,ICE,S1,2074,-6985.1786,,,crossover before sale year (product already above benchmark at t=0)
kia,FR,EV3,BEV,S1,345,23186.891,,,never crosses: below benchmark at sale and the grid decarbonises at least as fast as the fleet benchmark
kia,FR,EV6,BEV,S1,1695,23092.2083,,,never crosses: below benchmark at sale and the grid decarbonises at least as fast as the fleet benchmark
kia,FR,EV9,BEV,S1,354,22743.6272,,,never crosses: below benchmark at sale and the grid decarbonises at least as fast as the fleet benchmark
kia,FR,NIRO,BEV,S1,2497,23130.2608,,,never crosses: below benchmark at sale and the grid decarbonises at least as fast as the fleet benchmark
kia,FR,NIRO,HEV,S1,4773,-3.1877,7.748,2031.7,within lifetime
kia,FR,PICANTO,ICE,S1,8789,-4108.6797,0.082,2024.1,within lifetime
kia,FR,PROCEED,ICE,S1,596,-7547.9587,,,crossover before sale year (product already above benchmark at t=0)
kia,FR,RIO,ICE,S1,97,-5224.6434,,,crossover before sale year (product already above benchmark at t=0)
kia,FR,SORENTO,HEV,S1,59,-11816.3325,,,crossover before sale year (product already above benchmark at t=0)
kia,FR,SOUL,BEV,S1,19,23161.6687,,,never crosses: below benchmark at sale and the grid decarbonises at least as fast as the fleet benchmark
kia,FR,SPORTAGE,HEV,S1,12899,-6826.9364,,,crossover before sale year (product already above benchmark at t=0)
kia,FR,SPORTAGE,ICE,S1,195,-11272.9123,,,crossover before sale year (product already above benchmark at t=0)
kia,FR,STONIC,HEV,S1,1315,-6184.6459,,,crossover before sale year (product already above benchmark at t=0)
kia,FR,STONIC,ICE,S1,5610,-6015.7063,,,crossover before sale year (product already above benchmark at t=0)
kia,FR,XCEED,HEV,S1,160,-6797.3075,,,crossover before sale year (product already above benchmark at t=0)
kia,FR,XCEED,ICE,S1,882,-8792.692,,,crossover before sale year (product already above benchmark at t=0)
kia,GR,EV3,BEV,S1,13,12132.9463,,,never crosses: below benchmark at sale and the grid decarbonises at least as fast as the fleet benchmark
kia,GR,EV6,BEV,S1,29,11054.8045,,,never crosses: below benchmark at sale and the grid decarbonises at least as fast as the fleet benchmark
kia,GR,EV9,BEV,S1,12,9041.3647,,,never crosses: below benchmark at sale and the grid decarbonises at least as fast as the fleet benchmark
kia,GR,NIRO,BEV,S1,48,11634.1971,,,never crosses: below benchmark at sale and the grid decarbonises at least as fast as the fleet benchmark
kia,GR,NIRO,HEV,S1,13,-9562.176,,,crossover before sale year (product already above benchmark at t=0)
kia,GR,PICANTO,ICE,S1,1883,-12567.2463,,,crossover before sale year (product already above benchmark at t=0)
kia,GR,SPORTAGE,HEV,S1,725,-19339.3825,,,crossover before sale year (product already above benchmark at t=0)
kia,GR,STONIC,HEV,S1,76,-14535.9087,,,crossover before sale year (product already above benchmark at t=0)
kia,GR,STONIC,ICE,S1,1288,-15888.0086,,,crossover before sale year (product already above benchmark at t=0)
kia,GR,XCEED,HEV,S1,366,-18460.145,,,crossover before sale year (product already above benchmark at t=0)
kia,GR,XCEED,ICE,S1,128,-18465.7681,,,crossover before sale year (product already above benchmark at t=0)
kia,HR,CEED,HEV,S1,5,11580.1191,51.429,2075.4,after lifetime
kia,HR,CEED,ICE,S1,554,11017.4291,49.12,2073.1,after lifetime
kia,HR,EV6,BEV,S1,4,43848.2585,,,never crosses: below benchmark at sale and the grid decarbonises at least as fast as the fleet benchmark
kia,HR,EV9,BEV,S1,1,44581.298,,,never crosses: below benchmark at sale and the grid decarbonises at least as fast as the fleet benchmark
kia,HR,NIRO,HEV,S1,4,20088.3046,90.97,2115.0,after lifetime
kia,HR,PICANTO,ICE,S1,245,15852.3152,70.103,2094.1,after lifetime
kia,HR,PROCEED,ICE,S1,34,9214.6183,41.931,2065.9,after lifetime
kia,HR,RIO,ICE,S1,73,11920.462,52.842,2076.8,after lifetime
kia,HR,SORENTO,HEV,S1,11,822.4942,12.056,2036.1,within lifetime
kia,HR,SORENTO,ICE,S1,17,-1433.511,4.868,2028.9,within lifetime
kia,HR,SPORTAGE,HEV,S1,313,7149.0873,34.061,2058.1,after lifetime
kia,HR,SPORTAGE,ICE,S1,436,3984.4712,22.688,2046.7,after lifetime
kia,HR,STONIC,HEV,S1,7,14300.9588,63.076,2087.1,after lifetime
kia,HR,STONIC,ICE,S1,1138,11899.3662,52.754,2076.8,after lifetime
kia,HR,XCEED,ICE,S1,432,8091.1396,37.604,2061.6,after lifetime
kia,HU,CEED,ICE,S1,2560,-4769.7928,,,crossover before sale year (product already above benchmark at t=0)
kia,HU,EV3,BEV,S1,26,34789.3281,,,never crosses: below benchmark at sale and the grid decarbonises at least as fast as the fleet benchmark
kia,HU,EV6,BEV,S1,32,34175.9711,,,never crosses: below benchmark at sale and the grid decarbonises at least as fast as the fleet benchmark
kia,HU,EV9,BEV,S1,45,32639.7178,,,never crosses: below benchmark at sale and the grid decarbonises at least as fast as the fleet benchmark
kia,HU,NIRO,BEV,S1,106,34554.263,,,never crosses: below benchmark at sale and the grid decarbonises at least as fast as the fleet benchmark
kia,HU,NIRO,HEV,S1,173,4822.6843,39.423,2063.4,after lifetime
kia,HU,PICANTO,ICE,S1,156,-191.0388,9.843,2033.8,within lifetime
kia,HU,PROCEED,ICE,S1,449,-7122.6608,,,crossover before sale year (product already above benchmark at t=0)
kia,HU,SORENTO,HEV,S1,50,-12845.8391,,,crossover before sale year (product already above benchmark at t=0)
kia,HU,SORENTO,ICE,S1,185,-17259.4239,,,crossover before sale year (product already above benchmark at t=0)
kia,HU,SOUL,BEV,S1,1,34701.8891,,,never crosses: below benchmark at sale and the grid decarbonises at least as fast as the fleet benchmark
kia,HU,SPORTAGE,HEV,S1,585,-7918.0278,,,crossover before sale year (product already above benchmark at t=0)
kia,HU,SPORTAGE,ICE,S1,1348,-13338.1423,,,crossover before sale year (product already above benchmark at t=0)
kia,HU,STINGER,ICE,S1,1,-42256.2269,,,crossover before sale year (product already above benchmark at t=0)
kia,HU,STONIC,HEV,S1,2,-3656.0089,,,crossover before sale year (product already above benchmark at t=0)
kia,HU,STONIC,ICE,S1,129,-3066.3039,,,crossover before sale year (product already above benchmark at t=0)
kia,HU,XCEED,ICE,S1,410,-7561.8457,,,crossover before sale year (product already above benchmark at t=0)
kia,IE,CEED,HEV,S1,277,-7605.4552,1.354,2025.4,within lifetime
kia,IE,CEED,ICE,S1,383,-9877.413,,,crossover before sale year (product already above benchmark at t=0)
kia,IE,EV3,BEV,S1,20,23222.7962,,,never crosses: below benchmark at sale and the grid decarbonises at least as fast as the fleet benchmark
kia,IE,EV6,BEV,S1,749,22362.3456,,,never crosses: below benchmark at sale and the grid decarbonises at least as fast as the fleet benchmark
kia,IE,EV9,BEV,S1,278,19915.4545,,,never crosses: below benchmark at sale and the grid decarbonises at least as fast as the fleet benchmark
kia,IE,NIRO,BEV,S1,440,22752.8719,,,never crosses: below benchmark at sale and the grid decarbonises at least as fast as the fleet benchmark
kia,IE,NIRO,HEV,S1,453,-3580.3574,4.714,2028.7,within lifetime
kia,IE,PICANTO,ICE,S1,471,-6740.2524,2.045,2026.0,within lifetime
kia,IE,SORENTO,ICE,S1,559,-21532.7264,,,crossover before sale year (product already above benchmark at t=0)
kia,IE,SPORTAGE,HEV,S1,1256,-11588.2674,,,crossover before sale year (product already above benchmark at t=0)
kia,IE,SPORTAGE,ICE,S1,1847,-14195.5326,,,crossover before sale year (product already above benchmark at t=0)
kia,IE,STONIC,HEV,S1,110,-11374.9553,,,crossover before sale year (product already above benchmark at t=0)
kia,IE,STONIC,ICE,S1,688,-9405.3872,,,crossover before sale year (product already above benchmark at t=0)
kia,IT,CEED,HEV,S1,134,-7743.3373,,,crossover before sale year (product already above benchmark at t=0)
kia,IT,CEED,ICE,S1,24,-13606.073,,,crossover before sale year (product already above benchmark at t=0)
kia,IT,EV3,BEV,S1,191,17123.5115,,,never crosses: below benchmark at sale and the grid decarbonises at least as fast as the fleet benchmark
kia,IT,EV6,BEV,S1,134,15727.4312,,,never crosses: below benchmark at sale and the grid decarbonises at least as fast as the fleet benchmark
kia,IT,EV9,BEV,S1,109,13517.9891,,,never crosses: below benchmark at sale and the grid decarbonises at least as fast as the fleet benchmark
kia,IT,NIRO,BEV,S1,110,16692.1777,,,never crosses: below benchmark at sale and the grid decarbonises at least as fast as the fleet benchmark
kia,IT,NIRO,HEV,S1,1863,-2867.4962,2.129,2026.1,within lifetime
kia,IT,NIRO,ICE,S1,112,-2077.8443,3.75,2027.7,within lifetime
kia,IT,PICANTO,ICE,S1,12428,-5587.6406,,,crossover before sale year (product already above benchmark at t=0)
kia,IT,PROCEED,HEV,S1,65,-9410.3083,,,crossover before sale year (product already above benchmark at t=0)
kia,IT,PROCEED,ICE,S1,142,-12043.3887,,,crossover before sale year (product already above benchmark at t=0)
kia,IT,SORENTO,HEV,S1,222,-17622.7202,,,crossover before sale year (product already above benchmark at t=0)
kia,IT,SORENTO,ICE,S1,491,-19769.2734,,,crossover before sale year (product already above benchmark at t=0)
kia,IT,SOUL,ICE,S1,1,-18948.9456,,,crossover before sale year (product already above benchmark at t=0)
kia,IT,SPORTAGE,HEV,S1,18540,-10897.4783,,,crossover before sale year (product already above benchmark at t=0)
kia,IT,SPORTAGE,ICE,S1,2937,-12440.5617,,,crossover before sale year (product already above benchmark at t=0)
kia,IT,STONIC,HEV,S1,1794,-8364.7548,,,crossover before sale year (product already above benchmark at t=0)
kia,IT,STONIC,ICE,S1,5062,-7502.8764,,,crossover before sale year (product already above benchmark at t=0)
kia,IT,XCEED,HEV,S1,1182,-10845.7724,,,crossover before sale year (product already above benchmark at t=0)
kia,IT,XCEED,ICE,S1,1047,-9775.3688,,,crossover before sale year (product already above benchmark at t=0)
kia,LT,CEED,HEV,S1,2,-14960.8546,,,crossover before sale year (product already above benchmark at t=0)
kia,LT,CEED,ICE,S1,445,-18431.394,,,crossover before sale year (product already above benchmark at t=0)
kia,LT,EV3,BEV,S1,6,24412.382,,,never crosses: below benchmark at sale and the grid decarbonises at least as fast as the fleet benchmark
kia,LT,EV6,BEV,S1,19,24009.3738,,,never crosses: below benchmark at sale and the grid decarbonises at least as fast as the fleet benchmark
kia,LT,EV9,BEV,S1,10,23274.9816,,,never crosses: below benchmark at sale and the grid decarbonises at least as fast as the fleet benchmark
kia,LT,NIRO,BEV,S1,24,24280.3618,,,never crosses: below benchmark at sale and the grid decarbonises at least as fast as the fleet benchmark
kia,LT,NIRO,HEV,S1,44,-8600.0498,1.751,2025.8,within lifetime
kia,LT,PICANTO,ICE,S1,27,-15766.4918,,,crossover before sale year (product already above benchmark at t=0)
kia,LT,PROCEED,ICE,S1,327,-21209.3109,,,crossover before sale year (product already above benchmark at t=0)
kia,LT,RIO,ICE,S1,2,-16448.598,,,crossover before sale year (product already above benchmark at t=0)
kia,LT,SORENTO,ICE,S1,23,-31342.5227,,,crossover before sale year (product already above benchmark at t=0)
kia,LT,SPORTAGE,HEV,S1,1044,-22091.3858,,,crossover before sale year (product already above benchmark at t=0)
kia,LT,SPORTAGE,ICE,S1,45,-25065.6052,,,crossover before sale year (product already above benchmark at t=0)
kia,LT,STONIC,ICE,S1,57,-16460.3515,,,crossover before sale year (product already above benchmark at t=0)
kia,LT,XCEED,ICE,S1,71,-20589.5218,,,crossover before sale year (product already above benchmark at t=0)
kia,LU,CEED,HEV,S1,36,23304.1714,21.931,2045.9,after lifetime
kia,LU,CEED,ICE,S1,102,21396.0625,19.993,2044.0,after lifetime
kia,LU,EV3,BEV,S1,34,42632.8549,,,never crosses: below benchmark at sale and the grid decarbonises at least as fast as the fleet benchmark
kia,LU,EV6,BEV,S1,204,42360.3084,,,never crosses: below benchmark at sale and the grid decarbonises at least as fast as the fleet benchmark
kia,LU,EV9,BEV,S1,57,41665.4837,,,never crosses: below benchmark at sale and the grid decarbonises at least as fast as the fleet benchmark
kia,LU,NIRO,BEV,S1,64,42498.6268,,,never crosses: below benchmark at sale and the grid decarbonises at least as fast as the fleet benchmark
kia,LU,NIRO,HEV,S1,38,26528.5155,25.638,2049.6,after lifetime
kia,LU,PICANTO,ICE,S1,266,24199.7735,22.901,2046.9,after lifetime
kia,LU,PROCEED,ICE,S1,34,19234.9257,17.982,2042.0,after lifetime
kia,LU,SORENTO,HEV,S1,19,16295.1559,15.506,2039.5,after lifetime
kia,LU,SORENTO,ICE,S1,11,14841.3681,14.375,2038.4,after lifetime
kia,LU,SOUL,BEV,S1,5,42563.8234,,,never crosses: below benchmark at sale and the grid decarbonises at least as fast as the fleet benchmark
kia,LU,SPORTAGE,HEV,S1,257,20069.2425,18.738,2042.7,after lifetime
kia,LU,SPORTAGE,ICE,S1,4,17810.501,16.749,2040.7,after lifetime
kia,LU,STONIC,HEV,S1,10,22004.4343,20.593,2044.6,after lifetime
kia,LU,STONIC,ICE,S1,234,22251.1103,20.841,2044.8,after lifetime
kia,LU,XCEED,HEV,S1,18,21965.4949,20.554,2044.6,after lifetime
kia,LU,XCEED,ICE,S1,50,19444.3832,18.17,2042.2,after lifetime
kia,LV,CEED,HEV,S1,7,-10526.4666,1.54,2025.5,within lifetime
kia,LV,CEED,ICE,S1,252,-13435.8419,,,crossover before sale year (product already above benchmark at t=0)
kia,LV,EV3,BEV,S1,4,28570.7314,,,never crosses: below benchmark at sale and the grid decarbonises at least as fast as the fleet benchmark
kia,LV,EV6,BEV,S1,11,28020.4039,,,never crosses: below benchmark at sale and the grid decarbonises at least as fast as the fleet benchmark
kia,LV,EV9,BEV,S1,12,26930.1009,,,never crosses: below benchmark at sale and the grid decarbonises at least as fast as the fleet benchmark
kia,LV,NIRO,BEV,S1,23,28325.1705,,,never crosses: below benchmark at sale and the grid decarbonises at least as fast as the fleet benchmark
kia,LV,NIRO,HEV,S1,11,-4209.2144,6.482,2030.5,within lifetime
kia,LV,PICANTO,ICE,S1,15,-10784.5133,1.354,2025.4,within lifetime
kia,LV,PROCEED,ICE,S1,27,-17687.0097,,,crossover before sale year (product already above benchmark at t=0)
kia,LV,RIO,ICE,S1,2,-10694.5995,1.419,2025.4,within lifetime
kia,LV,SORENTO,ICE,S1,17,-26758.0913,,,crossover before sale year (product already above benchmark at t=0)
kia,LV,SPORTAGE,HEV,S1,288,-16532.0142,,,crossover before sale year (product already above benchmark at t=0)
kia,LV,SPORTAGE,ICE,S1,35,-20587.11,,,crossover before sale year (product already above benchmark at t=0)
kia,LV,STONIC,HEV,S1,2,-12436.3207,0.191,2024.2,within lifetime
kia,LV,STONIC,ICE,S1,31,-11586.3883,0.784,2024.8,within lifetime
kia,LV,XCEED,ICE,S1,33,-15874.2025,,,crossover before sale year (product already above benchmark at t=0)
kia,MT,CEED,HEV,S1,5,4767.3218,124.888,2148.9,after lifetime
kia,MT,CEED,ICE,S1,3,3854.4479,101.292,2125.3,after lifetime
kia,MT,EV6,BEV,S1,4,16799.381,,,never crosses: below benchmark at sale and the grid decarbonises at least as fast as the fleet benchmark
kia,MT,EV9,BEV,S1,3,14054.4871,,,never crosses: below benchmark at sale and the grid decarbonises at least as fast as the fleet benchmark
kia,MT,NIRO,BEV,S1,21,18219.1538,,,never crosses: below benchmark at sale and the grid decarbonises at least as fast as the fleet benchmark
kia,MT,NIRO,HEV,S1,8,9076.0253,250.179,2274.2,after lifetime
kia,MT,PICANTO,ICE,S1,319,6324.368,167.318,2191.3,after lifetime
kia,MT,SPORTAGE,HEV,S1,10,3555.203,93.747,2117.7,after lifetime
kia,MT,STONIC,ICE,S1,113,4309.4018,112.94,2136.9,after lifetime
kia,MT,XCEED,HEV,S1,4,2778.6893,74.585,2098.6,after lifetime
kia,MT,XCEED,ICE,S1,4,2364.3225,64.595,2088.6,after lifetime
kia,NL,CEED,HEV,S1,228,-13376.9142,,,crossover before sale year (product already above benchmark at t=0)
kia,NL,CEED,ICE,S1,2900,-13265.2521,,,crossover before sale year (product already above benchmark at t=0)
kia,NL,EV3,BEV,S1,126,14244.9381,,,never crosses: below benchmark at sale and the grid decarbonises at least as fast as the fleet benchmark
kia,NL,EV6,BEV,S1,2717,13796.913,,,never crosses: below benchmark at sale and the grid decarbonises at least as fast as the fleet benchmark
kia,NL,EV9,BEV,S1,1044,12316.3532,,,never crosses: below benchmark at sale and the grid decarbonises at least as fast as the fleet benchmark
kia,NL,NIRO,BEV,S1,5373,13988.403,,,never crosses: below benchmark at sale and the grid decarbonises at least as fast as the fleet benchmark
kia,NL,NIRO,HEV,S1,4977,-7038.382,,,crossover before sale year (product already above benchmark at t=0)
kia,NL,PICANTO,ICE,S1,8373,-9568.3677,,,crossover before sale year (product already above benchmark at t=0)
kia,NL,PROCEED,ICE,S1,669,-15619.1422,,,crossover before sale year (product already above benchmark at t=0)
kia,NL,RIO,HEV,S1,10,-11245.7405,,,crossover before sale year (product already above benchmark at t=0)
kia,NL,SORENTO,HEV,S1,56,-20135.247,,,crossover before sale year (product already above benchmark at t=0)
kia,NL,SOUL,BEV,S1,90,14134.6635,,,never crosses: below benchmark at sale and the grid decarbonises at least as fast as the fleet benchmark
kia,NL,SPORTAGE,HEV,S1,2615,-14927.7925,,,crossover before sale year (product already above benchmark at t=0)
kia,NL,STONIC,HEV,S1,2628,-12424.6267,,,crossover before sale year (product already above benchmark at t=0)
kia,NL,XCEED,ICE,S1,206,-16816.4304,,,crossover before sale year (product already above benchmark at t=0)
kia,PL,CEED,HEV,S1,16,-265.6953,,,"r_fleet <= 0: benchmark non-declining, no crossover"
kia,PL,CEED,ICE,S1,5111,-4815.2369,,,"r_fleet <= 0: benchmark non-declining, no crossover"
kia,PL,EV3,BEV,S1,107,21758.9847,,,never crosses: below benchmark at sale and the grid decarbonises at least as fast as the fleet benchmark
kia,PL,EV6,BEV,S1,427,18613.8372,,,never crosses: below benchmark at sale and the grid decarbonises at least as fast as the fleet benchmark
kia,PL,NIRO,BEV,S1,374,20776.3015,,,never crosses: below benchmark at sale and the grid decarbonises at least as fast as the fleet benchmark
kia,PL,NIRO,HEV,S1,869,5347.952,,,"r_fleet <= 0: benchmark non-declining, no crossover"
kia,PL,PICANTO,ICE,S1,1446,357.3793,,,"r_fleet <= 0: benchmark non-declining, no crossover"
kia,PL,PROCEED,ICE,S1,1393,-6861.6228,,,"r_fleet <= 0: benchmark non-declining, no crossover"
kia,PL,RIO,ICE,S1,51,-604.6465,,,"r_fleet <= 0: benchmark non-declining, no crossover"
kia,PL,SORENTO,HEV,S1,1216,-17084.2763,,,"r_fleet <= 0: benchmark non-declining, no crossover"
kia,PL,SORENTO,ICE,S1,263,-18671.6961,,,"r_fleet <= 0: benchmark non-declining, no crossover"
kia,PL,SOUL,BEV,S1,12,21420.7426,,,never crosses: below benchmark at sale and the grid decarbonises at least as fast as the fleet benchmark
kia,PL,SPORTAGE,HEV,S1,5406,-7947.8957,,,"r_fleet <= 0: benchmark non-declining, no crossover"
kia,PL,SPORTAGE,ICE,S1,8384,-13489.1181,,,"r_fleet <= 0: benchmark non-declining, no crossover"
kia,PL,STONIC,HEV,S1,85,-3797.6464,,,"r_fleet <= 0: benchmark non-declining, no crossover"
kia,PL,STONIC,ICE,S1,2947,-4070.0281,,,"r_fleet <= 0: benchmark non-declining, no crossover"
kia,PL,XCEED,ICE,S1,4119,-7938.3994,,,"r_fleet <= 0: benchmark non-declining, no crossover"
kia,PT,CEED,HEV,S1,139,-8359.7791,,,crossover before sale year (product already above benchmark at t=0)
kia,PT,CEED,ICE,S1,314,-9984.3246,,,crossover before sale year (product already above benchmark at t=0)
kia,PT,EV3,BEV,S1,237,26942.0777,,,never crosses: below benchmark at sale and the grid decarbonises at least as fast as the fleet benchmark
kia,PT,EV6,BEV,S1,275,26799.0886,,,never crosses: below benchmark at sale and the grid decarbonises at least as fast as the fleet benchmark
kia,PT,EV9,BEV,S1,129,26353.773,,,never crosses: below benchmark at sale and the grid decarbonises at least as fast as the fleet benchmark
kia,PT,NIRO,BEV,S1,337,26836.2059,,,never crosses: below benchmark at sale and the grid decarbonises at least as fast as the fleet benchmark
kia,PT,NIRO,HEV,S1,166,-3759.6067,3.608,2027.6,within lifetime
kia,PT,PICANTO,ICE,S1,832,-6970.4237,,,crossover before sale year (product already above benchmark at t=0)
kia,PT,PROCEED,ICE,S1,14,-11845.3088,,,crossover before sale year (product already above benchmark at t=0)
kia,PT,SORENTO,HEV,S1,30,-18337.0318,,,crossover before sale year (product already above benchmark at t=0)
kia,PT,SORENTO,ICE,S1,6,-22531.0453,,,crossover before sale year (product already above benchmark at t=0)
kia,PT,SPORTAGE,HEV,S1,162,-12270.8764,,,crossover before sale year (product already above benchmark at t=0)
kia,PT,SPORTAGE,ICE,S1,410,-18578.4333,,,crossover before sale year (product already above benchmark at t=0)
kia,PT,STONIC,HEV,S1,46,-10926.5527,,,crossover before sale year (product already above benchmark at t=0)
kia,PT,STONIC,ICE,S1,2541,-11378.4717,,,crossover before sale year (product already above benchmark at t=0)
kia,PT,XCEED,HEV,S1,75,-13879.9861,,,crossover before sale year (product already above benchmark at t=0)
kia,PT,XCEED,ICE,S1,687,-12934.736,,,crossover before sale year (product already above benchmark at t=0)
kia,RO,CEED,HEV,S1,24,-15210.7865,,,crossover before sale year (product already above benchmark at t=0)
kia,RO,CEED,ICE,S1,632,-15424.5567,,,crossover before sale year (product already above benchmark at t=0)
kia,RO,EV3,BEV,S1,3,24841.3307,,,never crosses: below benchmark at sale and the grid decarbonises at least as fast as the fleet benchmark
kia,RO,EV6,BEV,S1,26,23931.1619,,,never crosses: below benchmark at sale and the grid decarbonises at least as fast as the fleet benchmark
kia,RO,EV9,BEV,S1,13,21480.4297,,,never crosses: below benchmark at sale and the grid decarbonises at least as fast as the fleet benchmark
kia,RO,NIRO,BEV,S1,31,24519.0525,,,never crosses: below benchmark at sale and the grid decarbonises at least as fast as the fleet benchmark
kia,RO,NIRO,HEV,S1,22,-5145.8282,,,crossover before sale year (product already above benchmark at t=0)
kia,RO,PICANTO,ICE,S1,38,-10590.4138,,,crossover before sale year (product already above benchmark at t=0)
kia,RO,PROCEED,HEV,S1,3,-15119.5132,,,crossover before sale year (product already above benchmark at t=0)
kia,RO,PROCEED,ICE,S1,30,-20302.1463,,,crossover before sale year (product already above benchmark at t=0)
kia,RO,RIO,HEV,S1,3,-11711.9902,,,crossover before sale year (product already above benchmark at t=0)
kia,RO,RIO,ICE,S1,97,-14474.9416,,,crossover before sale year (product already above benchmark at t=0)
kia,RO,SORENTO,HEV,S1,20,-28116.8258,,,crossover before sale year (product already above benchmark at t=0)
kia,RO,SORENTO,ICE,S1,9,-30339.9801,,,crossover before sale year (product already above benchmark at t=0)
kia,RO,SOUL,BEV,S1,1,24795.291,,,never crosses: below benchmark at sale and the grid decarbonises at least as fast as the fleet benchmark
kia,RO,SPORTAGE,HEV,S1,2112,-20478.7141,,,crossover before sale year (product already above benchmark at t=0)
kia,RO,SPORTAGE,ICE,S1,386,-23245.5329,,,crossover before sale year (product already above benchmark at t=0)
kia,RO,STONIC,HEV,S1,7,-13659.141,,,crossover before sale year (product already above benchmark at t=0)
kia,RO,STONIC,ICE,S1,209,-16413.5969,,,crossover before sale year (product already above benchmark at t=0)
kia,RO,XCEED,HEV,S1,66,-18195.1301,,,crossover before sale year (product already above benchmark at t=0)
kia,RO,XCEED,ICE,S1,352,-18205.7185,,,crossover before sale year (product already above benchmark at t=0)
kia,SE,CEED,ICE,S1,1063,-9708.555,,,crossover before sale year (product already above benchmark at t=0)
kia,SE,EV3,BEV,S1,1401,22802.4631,149.46,2173.5,after lifetime
kia,SE,EV6,BEV,S1,2515,22674.081,144.05,2168.1,after lifetime
kia,SE,EV6 GT,BEV,S1,2,22430.5493,135.29,2159.3,after lifetime
kia,SE,EV9,BEV,S1,1786,22324.2559,131.943,2155.9,after lifetime
kia,SE,NIRO,BEV,S1,1154,22740.4868,146.767,2170.8,after lifetime
kia,SE,NIRO,HEV,S1,351,-2075.7154,4.914,2028.9,within lifetime
kia,SE,PICANTO,ICE,S1,807,-5991.3234,1.242,2025.2,within lifetime
kia,SE,SPORTAGE,HEV,S1,135,-11457.6763,,,crossover before sale year (product already above benchmark at t=0)
kia,SE,SPORTAGE,ICE,S1,204,-18585.6353,,,crossover before sale year (product already above benchmark at t=0)
kia,SE,STONIC,HEV,S1,686,-7840.284,,,crossover before sale year (product already above benchmark at t=0)
kia,SI,CEED,HEV,S1,1,9516.9163,27.016,2051.0,after lifetime
kia,SI,CEED,ICE,S1,452,6801.8141,21.249,2045.2,after lifetime
kia,SI,CEED / 1.0 / T,ICE,S1,1,6126.9093,19.875,2043.9,after lifetime
kia,SI,EV3,BEV,S1,1,41156.9634,,,never crosses: below benchmark at sale and the grid decarbonises at least as fast as the fleet benchmark
kia,SI,EV6,BEV,S1,12,40149.3102,,,never crosses: below benchmark at sale and the grid decarbonises at least as fast as the fleet benchmark
kia,SI,EV9,BEV,S1,4,37835.9702,,,never crosses: below benchmark at sale and the grid decarbonises at least as fast as the fleet benchmark
kia,SI,NIRO,BEV,S1,6,40646.0414,,,never crosses: below benchmark at sale and the grid decarbonises at least as fast as the fleet benchmark
kia,SI,NIRO,HEV,S1,3,15907.0461,42.4,2066.4,after lifetime
kia,SI,PICANTO,ICE,S1,265,11163.1344,30.717,2054.7,after lifetime
kia,SI,PROCEED,ICE,S1,27,3436.7788,14.613,2038.6,within lifetime
kia,SI,RIO,ICE,S1,11,7588.0182,22.879,2046.9,after lifetime
kia,SI,SORENTO,HEV,S1,18,-3368.1207,2.616,2026.6,within lifetime
kia,SI,SORENTO,ICE,S1,21,-5838.866,,,crossover before sale year (product already above benchmark at t=0)
kia,SI,SPORTAGE,HEV,S1,264,1963.739,11.866,2035.9,within lifetime
kia,SI,SPORTAGE,ICE,S1,425,-246.6696,7.906,2031.9,within lifetime
kia,SI,STONIC,HEV,S1,7,10145.4547,28.41,2052.4,after lifetime
kia,SI,STONIC,ICE,S1,467,7931.0958,23.6,2047.6,after lifetime
kia,SI,XCEED,ICE,S1,301,3759.0245,15.226,2039.2,within lifetime
kia,SK,CEED,HEV,S1,145,-4447.0723,,,crossover before sale year (product already above benchmark at t=0)
kia,SK,CEED,ICE,S1,2871,-7254.2816,,,crossover before sale year (product already above benchmark at t=0)
kia,SK,EV3,BEV,S1,7,24925.2725,,,never crosses: below benchmark at sale and the grid decarbonises at least as fast as the fleet benchmark
kia,SK,EV6,BEV,S1,142,24622.3314,,,never crosses: below benchmark at sale and the grid decarbonises at least as fast as the fleet benchmark
kia,SK,EV9,BEV,S1,65,24001.6703,,,never crosses: below benchmark at sale and the grid decarbonises at least as fast as the fleet benchmark
kia,SK,NIRO,BEV,S1,44,24825.9415,,,never crosses: below benchmark at sale and the grid decarbonises at least as fast as the fleet benchmark
kia,SK,NIRO,HEV,S1,102,-541.4996,7.146,2031.1,within lifetime
kia,SK,PICANTO,ICE,S1,114,-4369.0834,,,crossover before sale year (product already above benchmark at t=0)
kia,SK,PROCEED,ICE,S1,402,-9708.6985,,,crossover before sale year (product already above benchmark at t=0)
kia,SK,RIO,ICE,S1,13,-4666.1552,,,crossover before sale year (product already above benchmark at t=0)
kia,SK,SORENTO,HEV,S1,76,-15672.4394,,,crossover before sale year (product already above benchmark at t=0)
kia,SK,SORENTO,ICE,S1,286,-17808.4889,,,crossover before sale year (product already above benchmark at t=0)
kia,SK,SPORTAGE,HEV,S1,1185,-11167.2145,,,crossover before sale year (product already above benchmark at t=0)
kia,SK,SPORTAGE,ICE,S1,1395,-15257.3575,,,crossover before sale year (product already above benchmark at t=0)
kia,SK,STINGER,ICE,S1,6,-36981.8647,,,crossover before sale year (product already above benchmark at t=0)
kia,SK,STONIC,HEV,S1,8,-6772.9984,,,crossover before sale year (product already above benchmark at t=0)
kia,SK,STONIC,ICE,S1,918,-6456.9626,,,crossover before sale year (product already above benchmark at t=0)
kia,SK,XCEED,HEV,S1,4,-7035.8654,,,crossover before sale year (product already above benchmark at t=0)
kia,SK,XCEED,ICE,S1,764,-9391.0222,,,crossover before sale year (product already above benchmark at t=0)
kia,AT,CEED,HEV,S2,431,-956.2554,5.781,2029.8,within lifetime
kia,AT,CEED,ICE,S2,1946,-392.3654,6.253,2030.3,within lifetime
kia,AT,EV3,BEV,S2,85,23393.5334,56.581,2080.6,after lifetime
kia,AT,EV3 LONG RANGE,BEV,S2,1,23453.2112,57.057,2081.1,after lifetime
kia,AT,EV6,BEV,S2,587,23006.4907,53.713,2077.7,after lifetime
kia,AT,EV9,BEV,S2,157,22048.1441,47.872,2071.9,after lifetime
kia,AT,EV9 AWD,BEV,S2,1,21974.4631,47.48,2071.5,after lifetime
kia,AT,NIRO,BEV,S2,421,23209.8729,55.174,2079.2,after lifetime
kia,AT,NIRO,HEV,S2,74,4058.3926,10.37,2034.4,within lifetime
kia,AT,PICANTO,ICE,S2,506,1303.3691,7.734,2031.7,within lifetime
kia,AT,PROCEED,HEV,S2,57,-2039.0264,4.902,2028.9,within lifetime
kia,AT,PROCEED,ICE,S2,46,-4527.936,3.003,2027.0,within lifetime
kia,AT,RIO,HEV,S2,3,-1358.7924,5.45,2029.5,within lifetime
kia,AT,RIO,ICE,S2,75,122.5315,6.692,2030.7,within lifetime
kia,AT,SORENTO,HEV,S2,1,-8806.6906,0.072,2024.1,within lifetime
kia,AT,SORENTO,ICE,S2,73,-10975.4156,,,crossover before sale year (product already above benchmark at t=0)
kia,AT,SOUL,BEV,S2,24,23303.4645,55.88,2079.9,after lifetime
kia,AT,SPORTAGE,HEV,S2,729,-5625.4304,2.214,2026.2,within lifetime
kia,AT,SPORTAGE,ICE,S2,291,-7155.8495,1.158,2025.2,within lifetime
kia,AT,STONIC,HEV,S2,31,-1606.1064,5.25,2029.2,within lifetime
kia,AT,STONIC,ICE,S2,929,-960.2386,5.778,2029.8,within lifetime
kia,AT,XCEED,HEV,S2,155,-3649.7001,3.655,2027.7,within lifetime
kia,AT,XCEED,ICE,S2,280,-3304.3125,3.917,2027.9,within lifetime
kia,BE,CEED,HEV,S2,672,-9331.2749,,,crossover before sale year (product already above benchmark at t=0)
kia,BE,CEED,ICE,S2,1390,-9743.493,,,crossover before sale year (product already above benchmark at t=0)
kia,BE,EV3,BEV,S2,182,17311.6271,44.117,2068.1,after lifetime
kia,BE,EV6,BEV,S2,1417,16900.4603,41.878,2065.9,after lifetime
kia,BE,EV9,BEV,S2,886,15573.524,35.877,2059.9,after lifetime
kia,BE,NIRO,BEV,S2,619,17068.595,42.767,2066.8,after lifetime
kia,BE,NIRO,HEV,S2,906,-3808.52,2.428,2026.4,within lifetime
kia,BE,PICANTO,ICE,S2,1684,-7597.5652,,,crossover before sale year (product already above benchmark at t=0)
kia,BE,PROCEED,ICE,S2,406,-11785.5907,,,crossover before sale year (product already above benchmark at t=0)
kia,BE,RIO,ICE,S2,31,-8871.8421,,,crossover before sale year (product already above benchmark at t=0)
kia,BE,SORENTO,HEV,S2,88,-18367.614,,,crossover before sale year (product already above benchmark at t=0)
kia,BE,SORENTO,ICE,S2,39,-20258.9674,,,crossover before sale year (product already above benchmark at t=0)
kia,BE,SOUL,BEV,S2,4,17197.4753,43.473,2067.5,after lifetime
kia,BE,SPORTAGE,HEV,S2,2323,-13451.9449,,,crossover before sale year (product already above benchmark at t=0)
kia,BE,SPORTAGE,ICE,S2,422,-15984.1588,,,crossover before sale year (product already above benchmark at t=0)
kia,BE,STINGER,ICE,S2,1,-38480.989,,,crossover before sale year (product already above benchmark at t=0)
kia,BE,STONIC,HEV,S2,44,-10472.0564,,,crossover before sale year (product already above benchmark at t=0)
kia,BE,STONIC,ICE,S2,2453,-10511.8941,,,crossover before sale year (product already above benchmark at t=0)
kia,BE,XCEED,HEV,S2,47,-10723.1566,,,crossover before sale year (product already above benchmark at t=0)
kia,BE,XCEED,ICE,S2,676,-12671.3871,,,crossover before sale year (product already above benchmark at t=0)
kia,BG,CEED,HEV,S2,15,-6852.0158,2.524,2026.5,within lifetime
kia,BG,CEED,ICE,S2,646,-9359.7991,0.836,2024.8,within lifetime
kia,BG,EV3,BEV,S2,5,16090.3492,30.541,2054.5,after lifetime
kia,BG,EV6,BEV,S2,13,14531.5008,27.047,2051.0,after lifetime
kia,BG,EV9,BEV,S2,17,11631.8653,21.712,2045.7,after lifetime
kia,BG,NIRO,BEV,S2,46,15569.801,29.313,2053.3,after lifetime
kia,BG,NIRO,HEV,S2,66,-1640.073,6.495,2030.5,within lifetime
kia,BG,PICANTO,ICE,S2,70,-5776.866,3.288,2027.3,within lifetime
kia,BG,PROCEED,ICE,S2,109,-11591.3152,,,crossover before sale year (product already above benchmark at t=0)
kia,BG,RIO,ICE,S2,26,-7864.952,1.827,2025.8,within lifetime
kia,BG,SORENTO,HEV,S2,25,-17945.0031,,,crossover before sale year (product already above benchmark at t=0)
kia,BG,SORENTO,ICE,S2,66,-19431.7268,,,crossover before sale year (product already above benchmark at t=0)
kia,BG,SPORTAGE,HEV,S2,969,-13945.508,,,crossover before sale year (product already above benchmark at t=0)
kia,BG,SPORTAGE,ICE,S2,127,-15107.2127,,,crossover before sale year (product already above benchmark at t=0)
kia,BG,STONIC,HEV,S2,7,-8534.3646,1.378,2025.4,within lifetime
kia,BG,STONIC,ICE,S2,248,-8470.5484,1.42,2025.4,within lifetime
kia,BG,XCEED,ICE,S2,197,-11445.4033,,,crossover before sale year (product already above benchmark at t=0)
kia,CY,CEED,HEV,S2,26,-8848.863,3.116,2027.1,within lifetime
kia,CY,CEED,ICE,S2,43,-11562.7195,1.539,2025.5,within lifetime
kia,CY,EV3,BEV,S2,3,8973.3869,17.681,2041.7,within lifetime
kia,CY,EV6,BEV,S2,25,5608.9982,14.113,2038.1,within lifetime
kia,CY,EV9,BEV,S2,14,-471.4535,8.823,2032.8,within lifetime
kia,CY,NIRO,BEV,S2,16,7592.4142,16.148,2040.1,within lifetime
kia,CY,NIRO,HEV,S2,29,-3677.6252,6.465,2030.5,within lifetime
kia,CY,PICANTO,ICE,S2,381,-7820.8749,3.743,2027.7,within lifetime
kia,CY,RIO,ICE,S2,10,-9437.4014,2.765,2026.8,within lifetime
kia,CY,SORENTO,ICE,S2,7,-23914.8393,,,crossover before sale year (product already above benchmark at t=0)
kia,CY,SPORTAGE,HEV,S2,612,-14878.1864,,,crossover before sale year (product already above benchmark at t=0)
kia,CY,SPORTAGE,ICE,S2,230,-20404.3321,,,crossover before sale year (product already above benchmark at t=0)
kia,CY,STONIC,ICE,S2,1079,-10908.279,1.91,2025.9,within lifetime
kia,CY,XCEED,ICE,S2,286,-14228.4079,0.091,2024.1,within lifetime
kia,CZ,CEED,HEV,S2,36,-3636.451,3.469,2027.5,within lifetime
kia,CZ,CEED,ICE,S2,4928,-5404.7307,1.922,2025.9,within lifetime
kia,CZ,EV3,BEV,S2,6,10350.8538,22.089,2046.1,after lifetime
kia,CZ,EV6,BEV,S2,114,8144.5548,17.929,2041.9,after lifetime
kia,CZ,EV9,BEV,S2,68,5302.5292,13.502,2037.5,within lifetime
kia,CZ,NIRO,BEV,S2,86,9823.0463,21.022,2045.0,after lifetime
kia,CZ,NIRO,HEV,S2,81,332.2778,7.385,2031.4,within lifetime
kia,CZ,PICANTO,ICE,S2,246,-3336.0943,3.743,2027.7,within lifetime
kia,CZ,PROCEED,ICE,S2,743,-8655.5665,,,crossover before sale year (product already above benchmark at t=0)
kia,CZ,RIO,HEV,S2,2,-4699.4435,2.527,2026.5,within lifetime
kia,CZ,RIO,ICE,S2,78,-3511.2409,3.583,2027.6,within lifetime
kia,CZ,SORENTO,HEV,S2,49,-11925.4964,,,crossover before sale year (product already above benchmark at t=0)
kia,CZ,SORENTO,ICE,S2,191,-13785.5866,,,crossover before sale year (product already above benchmark at t=0)
kia,CZ,SPORTAGE,HEV,S2,1507,-8951.1666,,,crossover before sale year (product already above benchmark at t=0)
kia,CZ,SPORTAGE,ICE,S2,762,-10351.6521,,,crossover before sale year (product already above benchmark at t=0)
kia,CZ,STINGER,ICE,S2,3,-28754.6149,,,crossover before sale year (product already above benchmark at t=0)
kia,CZ,STONIC,ICE,S2,1000,-5135.5156,2.151,2026.2,within lifetime
kia,CZ,XCEED,ICE,S2,755,-7373.4307,0.316,2024.3,within lifetime
kia,DE,CD,ICE,S2,5,-21079.8404,,,crossover before sale year (product already above benchmark at t=0)
kia,DE,CEED,HEV,S2,1800,-6799.8036,0.073,2024.1,within lifetime
kia,DE,CEED,ICE,S2,9432,-9326.2752,,,crossover before sale year (product already above benchmark at t=0)
kia,DE,CL4,ICE,S2,9,-17714.2908,,,crossover before sale year (product already above benchmark at t=0)
kia,DE,EV3,BEV,S2,471,10875.7317,23.905,2047.9,after lifetime
kia,DE,EV6,BEV,S2,5180,9413.7019,20.647,2044.6,after lifetime
kia,DE,EV9,BEV,S2,1411,6478.8148,15.259,2039.3,after lifetime
kia,DE,JA,ICE,S2,2,-8559.3867,,,crossover before sale year (product already above benchmark at t=0)
kia,DE,K4,ICE,S2,1,-19530.9183,,,crossover before sale year (product already above benchmark at t=0)
kia,DE,MQ4,HEV,S2,2,-20199.2423,,,crossover before sale year (product already above benchmark at t=0)
kia,DE,MQ4,ICE,S2,1,-34589.8833,,,crossover before sale year (product already above benchmark at t=0)
kia,DE,NIRO,BEV,S2,4045,10424.7065,22.848,2046.8,after lifetime
kia,DE,NIRO,HEV,S2,1134,-2164.7114,4.302,2028.3,within lifetime
kia,DE,NQ5,HEV,S2,8,-16125.198,,,crossover before sale year (product already above benchmark at t=0)
kia,DE,NQ5,ICE,S2,7,-25954.0187,,,crossover before sale year (product already above benchmark at t=0)
kia,DE,NQ5 - PE,HEV,S2,1,-13418.2827,,,crossover before sale year (product already above benchmark at t=0)
kia,DE,NQ5-PE,ICE,S2,1,-34159.6272,,,crossover before sale year (product already above benchmark at t=0)
kia,DE,NQ5E,HEV,S2,1,-12980.8014,,,crossover before sale year (product already above benchmark at t=0)
kia,DE,NQ5E,ICE,S2,1,-32008.3465,,,crossover before sale year (product already above benchmark at t=0)
kia,DE,PICANTO,ICE,S2,9884,-4996.6937,1.626,2025.6,within lifetime
kia,DE,PROCEED,ICE,S2,4435,-12213.7027,,,crossover before sale year (product already above benchmark at t=0)
kia,DE,RIO,HEV,S2,12,-7257.0808,,,crossover before sale year (product already above benchmark at t=0)
kia,DE,RIO,ICE,S2,77,-6248.8466,0.536,2024.5,within lifetime
kia,DE,SG2,HEV,S2,3,-16626.4859,,,crossover before sale year (product already above benchmark at t=0)
kia,DE,SORENTO,HEV,S2,638,-15653.7682,,,crossover before sale year (product already above benchmark at t=0)
kia,DE,SORENTO,ICE,S2,2172,-16870.3434,,,crossover before sale year (product already above benchmark at t=0)
kia,DE,SOUL,BEV,S2,670,10729.0518,23.556,2047.6,after lifetime
kia,DE,SP3,ICE,S2,1,-16949.3815,,,crossover before sale year (product already above benchmark at t=0)
kia,DE,SPORTAGE,HEV,S2,13187,-11526.5699,,,crossover before sale year (product already above benchmark at t=0)
kia,DE,SPORTAGE,ICE,S2,508,-13263.3986,,,crossover before sale year (product already above benchmark at t=0)
kia,DE,STINGER,ICE,S2,53,-32868.8588,,,crossover before sale year (product already above benchmark at t=0)
kia,DE,STONIC,HEV,S2,2200,-7782.124,,,crossover before sale year (product already above benchmark at t=0)
kia,DE,STONIC,ICE,S2,3329,-7078.7032,,,crossover before sale year (product already above benchmark at t=0)
kia,DE,TK,ICE,S2,2,-41473.9816,,,crossover before sale year (product already above benchmark at t=0)
kia,DE,XCEED,HEV,S2,148,-8115.3097,,,crossover before sale year (product already above benchmark at t=0)
kia,DE,XCEED,ICE,S2,3370,-10850.0273,,,crossover before sale year (product already above benchmark at t=0)
kia,DE,YB,ICE,S2,2,-13614.8963,,,crossover before sale year (product already above benchmark at t=0)
kia,DK,CEED,HEV,S2,1,-5734.2194,1.149,2025.1,within lifetime
kia,DK,CEED,ICE,S2,316,-5641.2367,1.228,2025.2,within lifetime
kia,DK,EV3,BEV,S2,572,17372.1143,46.168,2070.2,after lifetime
kia,DK,EV6,BEV,S2,792,16809.5093,42.914,2066.9,after lifetime
kia,DK,EV9,BEV,S2,158,15725.4753,37.724,2061.7,after lifetime
kia,DK,NIRO,BEV,S2,1405,17129.2146,44.705,2068.7,after lifetime
kia,DK,PICANTO,ICE,S2,685,-3155.7708,3.434,2027.4,within lifetime
kia,DK,PROCEED,ICE,S2,144,-10428.9598,,,crossover before sale year (product already above benchmark at t=0)
kia,DK,RIO,ICE,S2,1,-5508.2898,1.34,2025.3,within lifetime
kia,DK,SPORTAGE,HEV,S2,43,-12127.5829,,,crossover before sale year (product already above benchmark at t=0)
kia,DK,SPORTAGE,ICE,S2,2,-11755.9937,,,crossover before sale year (product already above benchmark at t=0)
kia,DK,STONIC,HEV,S2,5,-7179.9879,,,crossover before sale year (product already above benchmark at t=0)
kia,DK,STONIC,ICE,S2,85,-6134.3313,0.815,2024.8,within lifetime
kia,DK,XCEED,ICE,S2,40,-8244.3533,,,crossover before sale year (product already above benchmark at t=0)
kia,EE,CEED,HEV,S2,30,-1687.7232,8.468,2032.5,within lifetime
kia,EE,CEED,ICE,S2,317,-3938.5855,6.54,2030.5,within lifetime
kia,EE,EV3,BEV,S2,14,14523.9289,31.735,2055.7,after lifetime
kia,EE,EV6,BEV,S2,33,13019.2714,28.238,2052.2,after lifetime
kia,EE,EV9,BEV,S2,24,10191.588,22.85,2046.8,within lifetime
kia,EE,NIRO,BEV,S2,8,14023.7244,30.511,2054.5,after lifetime
kia,EE,NIRO,HEV,S2,73,2052.4476,12.091,2036.1,within lifetime
kia,EE,PICANTO,ICE,S2,23,-2152.861,8.056,2032.1,within lifetime
kia,EE,PROCEED,ICE,S2,104,-5215.9791,5.514,2029.5,within lifetime
kia,EE,RIO,ICE,S2,6,-1751.0574,8.412,2032.4,within lifetime
kia,EE,SORENTO,HEV,S2,1,-11297.057,1.187,2025.2,within lifetime
kia,EE,SORENTO,ICE,S2,106,-11663.9416,0.95,2025.0,within lifetime
kia,EE,SPORTAGE,HEV,S2,686,-6224.2547,4.737,2028.7,within lifetime
kia,EE,SPORTAGE,ICE,S2,58,-7886.0966,3.511,2027.5,within lifetime
kia,EE,STONIC,HEV,S2,5,-3066.3643,7.267,2031.3,within lifetime
kia,EE,STONIC,ICE,S2,62,-2458.2561,7.789,2031.8,within lifetime
kia,EE,XCEED,ICE,S2,98,-5132.8257,5.58,2029.6,within lifetime
kia,ES,CEED,HEV,S2,2325,-10341.6457,1.968,2026.0,within lifetime
kia,ES,CEED,ICE,S2,3706,-9209.2339,2.655,2026.7,within lifetime
kia,ES,EV3,BEV,S2,776,21773.0838,45.03,2069.0,after lifetime
kia,ES,EV6,BEV,S2,771,21084.9202,42.405,2066.4,after lifetime
kia,ES,EV9,BEV,S2,178,18900.5248,35.659,2059.7,after lifetime
kia,ES,NIRO,BEV,S2,1092,21339.467,43.34,2067.3,after lifetime
kia,ES,NIRO,HEV,S2,8616,-3716.968,6.321,2030.3,within lifetime
kia,ES,PICANTO,ICE,S2,3125,-8294.9233,3.225,2027.2,within lifetime
kia,ES,PROCEED,HEV,S2,85,-12468.6121,0.732,2024.7,within lifetime
kia,ES,PROCEED,ICE,S2,37,-17887.4625,,,crossover before sale year (product already above benchmark at t=0)
kia,ES,RIO,HEV,S2,1,-8236.4535,3.262,2027.3,within lifetime
kia,ES,RIO,ICE,S2,41,-11820.0286,1.101,2025.1,within lifetime
kia,ES,SORENTO,HEV,S2,730,-19825.5146,,,crossover before sale year (product already above benchmark at t=0)
kia,ES,SORENTO,ICE,S2,143,-22984.8176,,,crossover before sale year (product already above benchmark at t=0)
kia,ES,SPORTAGE,HEV,S2,13057,-14462.2655,,,crossover before sale year (product already above benchmark at t=0)
kia,ES,SPORTAGE,ICE,S2,4161,-19061.3113,,,crossover before sale year (product already above benchmark at t=0)
kia,ES,STONIC,HEV,S2,7620,-10337.5056,1.97,2026.0,within lifetime
kia,ES,STONIC,ICE,S2,3162,-12089.9424,0.947,2024.9,within lifetime
kia,ES,XCEED,HEV,S2,3744,-14541.5418,,,crossover before sale year (product already above benchmark at t=0)
kia,ES,XCEED,ICE,S2,3951,-13685.7783,0.054,2024.1,within lifetime
kia,FI,CEED,HEV,S2,599,-17585.2009,,,crossover before sale year (product already above benchmark at t=0)
kia,FI,CEED,ICE,S2,579,-17875.2215,,,crossover before sale year (product already above benchmark at t=0)
kia,FI,EV3,BEV,S2,82,17449.2333,57.077,2081.1,after lifetime
kia,FI,EV6,BEV,S2,328,17074.3087,53.95,2077.9,after lifetime
kia,FI,EV9,BEV,S2,219,16225.8375,48.157,2072.2,after lifetime
kia,FI,NIRO,BEV,S2,186,17302.0508,55.797,2079.8,after lifetime
kia,FI,NIRO,HEV,S2,376,-10073.1403,1.249,2025.2,within lifetime
kia,FI,PICANTO,ICE,S2,241,-14271.8654,,,crossover before sale year (product already above benchmark at t=0)
kia,FI,PROCEED,HEV,S2,3,-18585.502,,,crossover before sale year (product already above benchmark at t=0)
kia,FI,PROCEED,ICE,S2,164,-19217.6627,,,crossover before sale year (product already above benchmark at t=0)
kia,FI,RIO,HEV,S2,16,-15933.2337,,,crossover before sale year (product already above benchmark at t=0)
kia,FI,RIO,ICE,S2,285,-17187.7329,,,crossover before sale year (product already above benchmark at t=0)
kia,FI,SORENTO,HEV,S2,35,-27585.0743,,,crossover before sale year (product already above benchmark at t=0)
kia,FI,SORENTO,ICE,S2,9,-30684.9761,,,crossover before sale year (product already above benchmark at t=0)
kia,FI,SOUL,BEV,S2,15,17384.2646,56.503,2080.5,after lifetime
kia,FI,SPORTAGE,HEV,S2,121,-20040.2301,,,crossover before sale year (product already above benchmark at t=0)
kia,FI,SPORTAGE,ICE,S2,7,-24960.6952,,,crossover before sale year (product already above benchmark at t=0)
kia,FI,STONIC,HEV,S2,63,-16299.0824,,,crossover before sale year (product already above benchmark at t=0)
kia,FI,STONIC,ICE,S2,764,-17182.1192,,,crossover before sale year (product already above benchmark at t=0)
kia,FI,XCEED,HEV,S2,31,-21207.6465,,,crossover before sale year (product already above benchmark at t=0)
kia,FI,XCEED,ICE,S2,123,-21248.7387,,,crossover before sale year (product already above benchmark at t=0)
kia,FR,CEED,HEV,S2,433,-7920.0561,0.054,2024.1,within lifetime
kia,FR,CEED,ICE,S2,2074,-10817.5411,,,crossover before sale year (product already above benchmark at t=0)
kia,FR,EV3,BEV,S2,345,19091.6037,70.904,2094.9,after lifetime
kia,FR,EV6,BEV,S2,1695,18970.7272,68.766,2092.8,after lifetime
kia,FR,EV9,BEV,S2,354,18525.7119,62.286,2086.3,after lifetime
kia,FR,NIRO,BEV,S2,2497,19019.3069,69.601,2093.6,after lifetime
kia,FR,NIRO,HEV,S2,4773,-3835.5502,3.574,2027.6,within lifetime
kia,FR,PICANTO,ICE,S2,8789,-7941.0422,0.038,2024.0,within lifetime
kia,FR,PROCEED,ICE,S2,596,-11380.3212,,,crossover before sale year (product already above benchmark at t=0)
kia,FR,RIO,ICE,S2,97,-9057.0059,,,crossover before sale year (product already above benchmark at t=0)
kia,FR,SORENTO,HEV,S2,59,-15648.695,,,crossover before sale year (product already above benchmark at t=0)
kia,FR,SOUL,BEV,S2,19,19059.4038,70.315,2094.3,after lifetime
kia,FR,SPORTAGE,HEV,S2,12899,-10659.2989,,,crossover before sale year (product already above benchmark at t=0)
kia,FR,SPORTAGE,ICE,S2,195,-15105.2748,,,crossover before sale year (product already above benchmark at t=0)
kia,FR,STONIC,HEV,S2,1315,-10017.0084,,,crossover before sale year (product already above benchmark at t=0)
kia,FR,STONIC,ICE,S2,5610,-9848.0688,,,crossover before sale year (product already above benchmark at t=0)
kia,FR,XCEED,HEV,S2,160,-10629.67,,,crossover before sale year (product already above benchmark at t=0)
kia,FR,XCEED,ICE,S2,882,-12625.0544,,,crossover before sale year (product already above benchmark at t=0)
kia,GR,EV3,BEV,S2,13,4534.1559,16.033,2040.0,within lifetime
kia,GR,EV6,BEV,S2,29,2630.1418,12.257,2036.3,within lifetime
kia,GR,EV9,BEV,S2,12,-925.6224,6.554,2030.6,within lifetime
kia,GR,NIRO,BEV,S2,48,3653.3575,14.207,2038.2,within lifetime
kia,GR,NIRO,HEV,S2,13,-12636.9509,,,crossover before sale year (product already above benchmark at t=0)
kia,GR,PICANTO,ICE,S2,1883,-15642.0212,,,crossover before sale year (product already above benchmark at t=0)
kia,GR,SPORTAGE,HEV,S2,725,-22414.1574,,,crossover before sale year (product already above benchmark at t=0)
kia,GR,STONIC,HEV,S2,76,-17610.6836,,,crossover before sale year (product already above benchmark at t=0)
kia,GR,STONIC,ICE,S2,1288,-18962.7836,,,crossover before sale year (product already above benchmark at t=0)
kia,GR,XCEED,HEV,S2,366,-21534.9199,,,crossover before sale year (product already above benchmark at t=0)
kia,GR,XCEED,ICE,S2,128,-21540.5431,,,crossover before sale year (product already above benchmark at t=0)
kia,HR,CEED,HEV,S2,5,-2999.0608,7.01,2031.0,within lifetime
kia,HR,CEED,ICE,S2,554,-3561.7508,6.695,2030.7,within lifetime
kia,HR,EV6,BEV,S2,4,25875.2583,35.871,2059.9,after lifetime
kia,HR,EV9,BEV,S2,1,26931.5189,38.125,2062.1,after lifetime
kia,HR,NIRO,HEV,S2,4,5509.1248,12.4,2036.4,within lifetime
kia,HR,PICANTO,ICE,S2,245,1273.1353,9.555,2033.6,within lifetime
kia,HR,PROCEED,ICE,S2,34,-5364.5615,5.715,2029.7,within lifetime
kia,HR,RIO,ICE,S2,73,-2658.7179,7.203,2031.2,within lifetime
kia,HR,SORENTO,HEV,S2,11,-13756.6856,1.643,2025.6,within lifetime
kia,HR,SORENTO,ICE,S2,17,-16012.6909,0.664,2024.7,within lifetime
kia,HR,SPORTAGE,HEV,S2,313,-7430.0926,4.643,2028.6,within lifetime
kia,HR,SPORTAGE,ICE,S2,436,-10594.7087,3.093,2027.1,within lifetime
kia,HR,STONIC,HEV,S2,7,-278.2211,8.598,2032.6,within lifetime
kia,HR,STONIC,ICE,S2,1138,-2679.8136,7.191,2031.2,within lifetime
kia,HR,XCEED,ICE,S2,432,-6488.0403,5.126,2029.1,within lifetime
kia,HU,CEED,ICE,S2,2560,-17621.3905,,,crossover before sale year (product already above benchmark at t=0)
kia,HU,EV3,BEV,S2,26,18604.3709,37.321,2061.3,after lifetime
kia,HU,EV6,BEV,S2,32,17541.4691,34.473,2058.5,after lifetime
kia,HU,EV9,BEV,S2,45,14879.2568,28.607,2052.6,after lifetime
kia,HU,NIRO,BEV,S2,106,18197.0207,36.187,2060.2,after lifetime
kia,HU,NIRO,HEV,S2,173,-8028.9134,4.07,2028.1,within lifetime
kia,HU,PICANTO,ICE,S2,156,-13042.6365,1.016,2025.0,within lifetime
kia,HU,PROCEED,ICE,S2,449,-19974.2586,,,crossover before sale year (product already above benchmark at t=0)
kia,HU,SORENTO,HEV,S2,50,-25697.4368,,,crossover before sale year (product already above benchmark at t=0)
kia,HU,SORENTO,ICE,S2,185,-30111.0216,,,crossover before sale year (product already above benchmark at t=0)
kia,HU,SOUL,BEV,S2,1,18452.8457,36.893,2060.9,after lifetime
kia,HU,SPORTAGE,HEV,S2,585,-20769.6255,,,crossover before sale year (product already above benchmark at t=0)
kia,HU,SPORTAGE,ICE,S2,1348,-26189.74,,,crossover before sale year (product already above benchmark at t=0)
kia,HU,STINGER,ICE,S2,1,-55107.8246,,,crossover before sale year (product already above benchmark at t=0)
kia,HU,STONIC,HEV,S2,2,-16507.6066,,,crossover before sale year (product already above benchmark at t=0)
kia,HU,STONIC,ICE,S2,129,-15917.9017,,,crossover before sale year (product already above benchmark at t=0)
kia,HU,XCEED,ICE,S2,410,-20413.4434,,,crossover before sale year (product already above benchmark at t=0)
kia,IE,CEED,HEV,S2,277,-10055.2883,1.012,2025.0,within lifetime
kia,IE,CEED,ICE,S2,383,-12327.246,,,crossover before sale year (product already above benchmark at t=0)
kia,IE,EV3,BEV,S2,20,17013.1389,28.88,2052.9,after lifetime
kia,IE,EV6,BEV,S2,749,15709.4095,26.37,2050.4,after lifetime
kia,IE,EV9,BEV,S2,278,12001.9521,20.465,2044.5,after lifetime
kia,IE,NIRO,BEV,S2,440,16301.1235,27.475,2051.5,after lifetime
kia,IE,NIRO,HEV,S2,453,-6030.1904,3.524,2027.5,within lifetime
kia,IE,PICANTO,ICE,S2,471,-9190.0854,1.529,2025.5,within lifetime
kia,IE,SORENTO,ICE,S2,559,-23982.5595,,,crossover before sale year (product already above benchmark at t=0)
kia,IE,SPORTAGE,HEV,S2,1256,-14038.1005,,,crossover before sale year (product already above benchmark at t=0)
kia,IE,SPORTAGE,ICE,S2,1847,-16645.3656,,,crossover before sale year (product already above benchmark at t=0)
kia,IE,STONIC,HEV,S2,110,-13824.7883,,,crossover before sale year (product already above benchmark at t=0)
kia,IE,STONIC,ICE,S2,688,-11855.2202,,,crossover before sale year (product already above benchmark at t=0)
kia,IT,CEED,HEV,S2,134,-12219.3282,,,crossover before sale year (product already above benchmark at t=0)
kia,IT,CEED,ICE,S2,24,-18082.0639,,,crossover before sale year (product already above benchmark at t=0)
kia,IT,EV3,BEV,S2,191,10659.8536,25.039,2049.0,after lifetime
kia,IT,EV6,BEV,S2,134,8886.7357,21.128,2045.1,after lifetime
kia,IT,EV9,BEV,S2,109,6080.5924,16.062,2040.1,within lifetime
kia,IT,NIRO,BEV,S2,110,10112.0301,23.756,2047.8,after lifetime
kia,IT,NIRO,HEV,S2,1863,-7343.4871,0.866,2024.9,within lifetime
kia,IT,NIRO,ICE,S2,112,-6553.8352,1.526,2025.5,within lifetime
kia,IT,PICANTO,ICE,S2,12428,-10063.6315,,,crossover before sale year (product already above benchmark at t=0)
kia,IT,PROCEED,HEV,S2,65,-13886.2992,,,crossover before sale year (product already above benchmark at t=0)
kia,IT,PROCEED,ICE,S2,142,-16519.3796,,,crossover before sale year (product already above benchmark at t=0)
kia,IT,SORENTO,HEV,S2,222,-22098.7111,,,crossover before sale year (product already above benchmark at t=0)
kia,IT,SORENTO,ICE,S2,491,-24245.2643,,,crossover before sale year (product already above benchmark at t=0)
kia,IT,SOUL,ICE,S2,1,-23424.9365,,,crossover before sale year (product already above benchmark at t=0)
kia,IT,SPORTAGE,HEV,S2,18540,-15373.4693,,,crossover before sale year (product already above benchmark at t=0)
kia,IT,SPORTAGE,ICE,S2,2937,-16916.5526,,,crossover before sale year (product already above benchmark at t=0)
kia,IT,STONIC,HEV,S2,1794,-12840.7457,,,crossover before sale year (product already above benchmark at t=0)
kia,IT,STONIC,ICE,S2,5062,-11978.8673,,,crossover before sale year (product already above benchmark at t=0)
kia,IT,XCEED,HEV,S2,1182,-15321.7633,,,crossover before sale year (product already above benchmark at t=0)
kia,IT,XCEED,ICE,S2,1047,-14251.3597,,,crossover before sale year (product already above benchmark at t=0)
kia,LT,CEED,HEV,S2,2,-17736.371,,,crossover before sale year (product already above benchmark at t=0)
kia,LT,CEED,ICE,S2,445,-21206.9103,,,crossover before sale year (product already above benchmark at t=0)
kia,LT,EV3,BEV,S2,6,18955.7977,45.247,2069.2,after lifetime
kia,LT,EV6,BEV,S2,19,18090.1968,41.663,2065.7,after lifetime
kia,LT,EV9,BEV,S2,10,16512.8329,36.314,2060.3,after lifetime
kia,LT,NIRO,BEV,S2,24,18672.2383,44.009,2068.0,after lifetime
kia,LT,NIRO,HEV,S2,44,-11375.5661,1.288,2025.3,within lifetime
kia,LT,PICANTO,ICE,S2,27,-18542.0081,,,crossover before sale year (product already above benchmark at t=0)
kia,LT,PROCEED,ICE,S2,327,-23984.8272,,,crossover before sale year (product already above benchmark at t=0)
kia,LT,RIO,ICE,S2,2,-19224.1143,,,crossover before sale year (product already above benchmark at t=0)
kia,LT,SORENTO,ICE,S2,23,-34118.039,,,crossover before sale year (product already above benchmark at t=0)
kia,LT,SPORTAGE,HEV,S2,1044,-24866.9021,,,crossover before sale year (product already above benchmark at t=0)
kia,LT,SPORTAGE,ICE,S2,45,-27841.1215,,,crossover before sale year (product already above benchmark at t=0)
kia,LT,STONIC,ICE,S2,57,-19235.8678,,,crossover before sale year (product already above benchmark at t=0)
kia,LT,XCEED,ICE,S2,71,-23365.0381,,,crossover before sale year (product already above benchmark at t=0)
kia,LU,CEED,HEV,S2,36,23270.6064,21.856,2045.9,after lifetime
kia,LU,CEED,ICE,S2,102,21362.4975,19.925,2043.9,after lifetime
kia,LU,EV3,BEV,S2,34,41669.6942,66.698,2090.7,after lifetime
kia,LU,EV6,BEV,S2,204,41269.0689,63.791,2087.8,after lifetime
kia,LU,EV9,BEV,S2,57,40247.7224,57.734,2081.7,after lifetime
kia,LU,NIRO,BEV,S2,64,41472.3879,65.219,2089.2,after lifetime
kia,LU,NIRO,HEV,S2,38,26494.9505,25.551,2049.6,after lifetime
kia,LU,PICANTO,ICE,S2,266,24166.2084,22.823,2046.8,after lifetime
kia,LU,PROCEED,ICE,S2,34,19201.3607,17.921,2041.9,after lifetime
kia,LU,SORENTO,HEV,S2,19,16261.5909,15.453,2039.5,after lifetime
kia,LU,SORENTO,ICE,S2,11,14807.803,14.326,2038.3,after lifetime
kia,LU,SOUL,BEV,S2,5,41568.2225,65.925,2089.9,after lifetime
kia,LU,SPORTAGE,HEV,S2,257,20035.6775,18.674,2042.7,after lifetime
kia,LU,SPORTAGE,ICE,S2,4,17776.936,16.692,2040.7,after lifetime
kia,LU,STONIC,HEV,S2,10,21970.8693,20.523,2044.5,after lifetime
kia,LU,STONIC,ICE,S2,234,22217.5453,20.77,2044.8,after lifetime
kia,LU,XCEED,HEV,S2,18,21931.9299,20.484,2044.5,after lifetime
kia,LU,XCEED,ICE,S2,50,19410.8182,18.108,2042.1,after lifetime
kia,LV,CEED,HEV,S2,7,-13811.4072,1.134,2025.1,within lifetime
kia,LV,CEED,ICE,S2,252,-16720.7826,,,crossover before sale year (product already above benchmark at t=0)
kia,LV,EV3,BEV,S2,4,22778.8615,46.186,2070.2,after lifetime
kia,LV,EV6,BEV,S2,11,21799.2295,42.627,2066.6,after lifetime
kia,LV,EV9,BEV,S2,12,19858.3929,36.899,2060.9,after lifetime
kia,LV,NIRO,BEV,S2,23,22341.7413,44.528,2068.5,after lifetime
kia,LV,NIRO,HEV,S2,11,-7494.1551,4.775,2028.8,within lifetime
kia,LV,PICANTO,ICE,S2,15,-14069.454,0.997,2025.0,within lifetime
kia,LV,PROCEED,ICE,S2,27,-20971.9503,,,crossover before sale year (product already above benchmark at t=0)
kia,LV,RIO,ICE,S2,2,-13979.5402,1.045,2025.0,within lifetime
kia,LV,SORENTO,ICE,S2,17,-30043.032,,,crossover before sale year (product already above benchmark at t=0)
kia,LV,SPORTAGE,HEV,S2,288,-19816.9548,,,crossover before sale year (product already above benchmark at t=0)
kia,LV,SPORTAGE,ICE,S2,35,-23872.0506,,,crossover before sale year (product already above benchmark at t=0)
kia,LV,STONIC,HEV,S2,2,-15721.2614,0.14,2024.1,within lifetime
kia,LV,STONIC,ICE,S2,31,-14871.329,0.577,2024.6,within lifetime
kia,LV,XCEED,ICE,S2,33,-19159.1432,,,crossover before sale year (product already above benchmark at t=0)
kia,MT,CEED,HEV,S2,5,-4802.5645,4.509,2028.5,within lifetime
kia,MT,CEED,ICE,S2,3,-5715.4383,3.657,2027.7,within lifetime
kia,MT,EV6,BEV,S2,4,4773.7731,16.179,2040.2,within lifetime
kia,MT,EV9,BEV,S2,3,1449.8879,11.413,2035.4,within lifetime
kia,MT,NIRO,BEV,S2,21,6493.0241,19.107,2043.1,within lifetime
kia,MT,NIRO,HEV,S2,8,-493.8609,9.032,2033.0,within lifetime
kia,MT,PICANTO,ICE,S2,319,-3245.5182,6.04,2030.0,within lifetime
kia,MT,SPORTAGE,HEV,S2,10,-6014.6833,3.384,2027.4,within lifetime
kia,MT,STONIC,ICE,S2,113,-5260.4844,4.077,2028.1,within lifetime
kia,MT,XCEED,HEV,S2,4,-6791.1969,2.693,2026.7,within lifetime
kia,MT,XCEED,ICE,S2,4,-7205.5638,2.332,2026.3,within lifetime
kia,NL,CEED,HEV,S2,228,-14254.1899,,,crossover before sale year (product already above benchmark at t=0)
kia,NL,CEED,ICE,S2,2900,-14142.5279,,,crossover before sale year (product already above benchmark at t=0)
kia,NL,EV3,BEV,S2,126,9743.6952,24.802,2048.8,after lifetime
kia,NL,EV6,BEV,S2,2717,8933.4394,22.657,2046.7,after lifetime
kia,NL,EV9,BEV,S2,1044,6255.8392,16.745,2040.7,after lifetime
kia,NL,NIRO,BEV,S2,5373,9279.7502,23.549,2047.5,after lifetime
kia,NL,NIRO,HEV,S2,4977,-7915.6577,,,crossover before sale year (product already above benchmark at t=0)
kia,NL,PICANTO,ICE,S2,8373,-10445.6435,,,crossover before sale year (product already above benchmark at t=0)
kia,NL,PROCEED,ICE,S2,669,-16496.418,,,crossover before sale year (product already above benchmark at t=0)
kia,NL,RIO,HEV,S2,10,-12123.0163,,,crossover before sale year (product already above benchmark at t=0)
kia,NL,SORENTO,HEV,S2,56,-21012.5227,,,crossover before sale year (product already above benchmark at t=0)
kia,NL,SOUL,BEV,S2,90,9544.2631,24.255,2048.3,after lifetime
kia,NL,SPORTAGE,HEV,S2,2615,-15805.0682,,,crossover before sale year (product already above benchmark at t=0)
kia,NL,STONIC,HEV,S2,2628,-13301.9025,,,crossover before sale year (product already above benchmark at t=0)
kia,NL,XCEED,ICE,S2,206,-17693.7061,,,crossover before sale year (product already above benchmark at t=0)
kia,PL,CEED,HEV,S2,16,-18041.8136,,,crossover before sale year (product already above benchmark at t=0)
kia,PL,CEED,ICE,S2,5111,-22591.3552,,,crossover before sale year (product already above benchmark at t=0)
kia,PL,EV3,BEV,S2,107,-3922.1155,6.93,2030.9,within lifetime
kia,PL,EV6,BEV,S2,427,-8360.5909,3.518,2027.5,within lifetime
kia,PL,NIRO,BEV,S2,374,-5308.8916,5.808,2029.8,within lifetime
kia,PL,NIRO,HEV,S2,869,-12428.1662,0.79,2024.8,within lifetime
kia,PL,PICANTO,ICE,S2,1446,-17418.739,,,crossover before sale year (product already above benchmark at t=0)
kia,PL,PROCEED,ICE,S2,1393,-24637.741,,,crossover before sale year (product already above benchmark at t=0)
kia,PL,RIO,ICE,S2,51,-18380.7648,,,crossover before sale year (product already above benchmark at t=0)
kia,PL,SORENTO,HEV,S2,1216,-34860.3946,,,crossover before sale year (product already above benchmark at t=0)
kia,PL,SORENTO,ICE,S2,263,-36447.8144,,,crossover before sale year (product already above benchmark at t=0)
kia,PL,SOUL,BEV,S2,12,-4399.4474,6.537,2030.5,within lifetime
kia,PL,SPORTAGE,HEV,S2,5406,-25724.014,,,crossover before sale year (product already above benchmark at t=0)
kia,PL,SPORTAGE,ICE,S2,8384,-31265.2363,,,crossover before sale year (product already above benchmark at t=0)
kia,PL,STONIC,HEV,S2,85,-21573.7647,,,crossover before sale year (product already above benchmark at t=0)
kia,PL,STONIC,ICE,S2,2947,-21846.1463,,,crossover before sale year (product already above benchmark at t=0)
kia,PL,XCEED,ICE,S2,4119,-25714.5177,,,crossover before sale year (product already above benchmark at t=0)
kia,PT,CEED,HEV,S2,139,-13738.582,,,crossover before sale year (product already above benchmark at t=0)
kia,PT,CEED,ICE,S2,314,-15363.1275,,,crossover before sale year (product already above benchmark at t=0)
kia,PT,EV3,BEV,S2,237,18823.0777,47.325,2071.3,after lifetime
kia,PT,EV6,BEV,S2,275,18418.7932,45.274,2069.3,after lifetime
kia,PT,EV9,BEV,S2,129,17159.7169,39.873,2063.9,after lifetime
kia,PT,NIRO,BEV,S2,337,18523.7379,45.789,2069.8,after lifetime
kia,PT,NIRO,HEV,S2,166,-9138.4095,1.677,2025.7,within lifetime
kia,PT,PICANTO,ICE,S2,832,-12349.2265,,,crossover before sale year (product already above benchmark at t=0)
kia,PT,PROCEED,ICE,S2,14,-17224.1116,,,crossover before sale year (product already above benchmark at t=0)
kia,PT,SORENTO,HEV,S2,30,-23715.8347,,,crossover before sale year (product already above benchmark at t=0)
kia,PT,SORENTO,ICE,S2,6,-27909.8481,,,crossover before sale year (product already above benchmark at t=0)
kia,PT,SPORTAGE,HEV,S2,162,-17649.6793,,,crossover before sale year (product already above benchmark at t=0)
kia,PT,SPORTAGE,ICE,S2,410,-23957.2362,,,crossover before sale year (product already above benchmark at t=0)
kia,PT,STONIC,HEV,S2,46,-16305.3555,,,crossover before sale year (product already above benchmark at t=0)
kia,PT,STONIC,ICE,S2,2541,-16757.2746,,,crossover before sale year (product already above benchmark at t=0)
kia,PT,XCEED,HEV,S2,75,-19258.7889,,,crossover before sale year (product already above benchmark at t=0)
kia,PT,XCEED,ICE,S2,687,-18313.5388,,,crossover before sale year (product already above benchmark at t=0)
kia,RO,CEED,HEV,S2,24,-26083.3327,,,crossover before sale year (product already above benchmark at t=0)
kia,RO,CEED,ICE,S2,632,-26297.1029,,,crossover before sale year (product already above benchmark at t=0)
kia,RO,EV3,BEV,S2,3,9360.4193,24.053,2048.1,within lifetime
kia,RO,EV6,BEV,S2,26,7862.4847,21.35,2045.4,within lifetime
kia,RO,EV9,BEV,S2,13,3829.1269,15.364,2039.4,within lifetime
kia,RO,NIRO,BEV,S2,31,8830.0214,23.059,2047.1,within lifetime
kia,RO,NIRO,HEV,S2,22,-16018.3744,,,crossover before sale year (product already above benchmark at t=0)
kia,RO,PICANTO,ICE,S2,38,-21462.96,,,crossover before sale year (product already above benchmark at t=0)
kia,RO,PROCEED,HEV,S2,3,-25992.0594,,,crossover before sale year (product already above benchmark at t=0)
kia,RO,PROCEED,ICE,S2,30,-31174.6924,,,crossover before sale year (product already above benchmark at t=0)
kia,RO,RIO,HEV,S2,3,-22584.5364,,,crossover before sale year (product already above benchmark at t=0)
kia,RO,RIO,ICE,S2,97,-25347.4878,,,crossover before sale year (product already above benchmark at t=0)
kia,RO,SORENTO,HEV,S2,20,-38989.372,,,crossover before sale year (product already above benchmark at t=0)
kia,RO,SORENTO,ICE,S2,9,-41212.5263,,,crossover before sale year (product already above benchmark at t=0)
kia,RO,SOUL,BEV,S2,1,9284.6482,23.908,2047.9,within lifetime
kia,RO,SPORTAGE,HEV,S2,2112,-31351.2603,,,crossover before sale year (product already above benchmark at t=0)
kia,RO,SPORTAGE,ICE,S2,386,-34118.0791,,,crossover before sale year (product already above benchmark at t=0)
kia,RO,STONIC,HEV,S2,7,-24531.6872,,,crossover before sale year (product already above benchmark at t=0)
kia,RO,STONIC,ICE,S2,209,-27286.1431,,,crossover before sale year (product already above benchmark at t=0)
kia,RO,XCEED,HEV,S2,66,-29067.6763,,,crossover before sale year (product already above benchmark at t=0)
kia,RO,XCEED,ICE,S2,352,-29078.2646,,,crossover before sale year (product already above benchmark at t=0)
kia,SE,CEED,ICE,S2,1063,-10645.5387,,,crossover before sale year (product already above benchmark at t=0)
kia,SE,EV3,BEV,S2,1401,21738.9522,74.69,2098.7,after lifetime
kia,SE,EV6,BEV,S2,2515,21594.4284,71.987,2096.0,after lifetime
kia,SE,EV6 GT,BEV,S2,2,21320.2767,67.609,2091.6,after lifetime
kia,SE,EV9,BEV,S2,1786,21200.6188,65.937,2089.9,after lifetime
kia,SE,NIRO,BEV,S2,1154,21669.1835,73.345,2097.3,after lifetime
kia,SE,NIRO,HEV,S2,351,-3012.699,4.244,2028.2,within lifetime
kia,SE,PICANTO,ICE,S2,807,-6928.307,1.073,2025.1,within lifetime
kia,SE,SPORTAGE,HEV,S2,135,-12394.6599,,,crossover before sale year (product already above benchmark at t=0)
kia,SE,SPORTAGE,ICE,S2,204,-19522.619,,,crossover before sale year (product already above benchmark at t=0)
kia,SE,STONIC,HEV,S2,686,-8777.2677,,,crossover before sale year (product already above benchmark at t=0)
kia,SI,CEED,HEV,S2,1,-1051.2635,7.274,2031.3,within lifetime
kia,SI,CEED,ICE,S2,452,-3766.3657,5.721,2029.7,within lifetime
kia,SI,CEED / 1.0 / T,ICE,S2,1,-4441.2705,5.352,2029.4,within lifetime
kia,SI,EV3,BEV,S2,1,28006.5697,39.797,2063.8,after lifetime
kia,SI,EV6,BEV,S2,12,26591.4999,36.499,2060.5,after lifetime
kia,SI,EV9,BEV,S2,4,23342.8252,30.37,2054.4,after lifetime
kia,SI,NIRO,BEV,S2,6,27289.0706,38.065,2062.1,after lifetime
kia,SI,NIRO,HEV,S2,3,5338.8663,11.416,2035.4,within lifetime
kia,SI,PICANTO,ICE,S2,265,594.9547,8.271,2032.3,within lifetime
kia,SI,PROCEED,ICE,S2,27,-7131.401,3.935,2027.9,within lifetime
kia,SI,RIO,ICE,S2,11,-2980.1616,6.16,2030.2,within lifetime
kia,SI,SORENTO,HEV,S2,18,-13936.3005,0.704,2024.7,within lifetime
kia,SI,SORENTO,ICE,S2,21,-16407.0458,,,crossover before sale year (product already above benchmark at t=0)
kia,SI,SPORTAGE,HEV,S2,264,-8604.4407,3.195,2027.2,within lifetime
kia,SI,SPORTAGE,ICE,S2,425,-10814.8494,2.129,2026.1,within lifetime
kia,SI,STONIC,HEV,S2,7,-422.7251,7.649,2031.6,within lifetime
kia,SI,STONIC,ICE,S2,467,-2637.0839,6.354,2030.4,within lifetime
kia,SI,XCEED,ICE,S2,301,-6809.1553,4.1,2028.1,within lifetime
kia,SK,CEED,HEV,S2,145,-9386.6643,,,crossover before sale year (product already above benchmark at t=0)
kia,SK,CEED,ICE,S2,2871,-12193.8736,,,crossover before sale year (product already above benchmark at t=0)
kia,SK,EV3,BEV,S2,7,18703.9003,51.03,2075.0,after lifetime
kia,SK,EV6,BEV,S2,142,18201.6966,47.777,2071.8,after lifetime
kia,SK,EV9,BEV,S2,65,17172.7895,42.296,2066.3,after lifetime
kia,SK,NIRO,BEV,S2,44,18539.2333,49.911,2073.9,after lifetime
kia,SK,NIRO,HEV,S2,102,-5481.0916,2.883,2026.9,within lifetime
kia,SK,PICANTO,ICE,S2,114,-9308.6753,,,crossover before sale year (product already above benchmark at t=0)
kia,SK,PROCEED,ICE,S2,402,-14648.2905,,,crossover before sale year (product already above benchmark at t=0)
kia,SK,RIO,ICE,S2,13,-9605.7472,,,crossover before sale year (product already above benchmark at t=0)
kia,SK,SORENTO,HEV,S2,76,-20612.0314,,,crossover before sale year (product already above benchmark at t=0)
kia,SK,SORENTO,ICE,S2,286,-22748.0809,,,crossover before sale year (product already above benchmark at t=0)
kia,SK,SPORTAGE,HEV,S2,1185,-16106.8065,,,crossover before sale year (product already above benchmark at t=0)
kia,SK,SPORTAGE,ICE,S2,1395,-20196.9495,,,crossover before sale year (product already above benchmark at t=0)
kia,SK,STINGER,ICE,S2,6,-41921.4566,,,crossover before sale year (product already above benchmark at t=0)
kia,SK,STONIC,HEV,S2,8,-11712.5903,,,crossover before sale year (product already above benchmark at t=0)
kia,SK,STONIC,ICE,S2,918,-11396.5545,,,crossover before sale year (product already above benchmark at t=0)
kia,SK,XCEED,HEV,S2,4,-11975.4573,,,crossover before sale year (product already above benchmark at t=0)
kia,SK,XCEED,ICE,S2,764,-14330.6141,,,crossover before sale year (product already above benchmark at t=0)
kia,AT,CEED,HEV,S3,431,-11815.0544,1.769,2025.8,within lifetime
kia,AT,CEED,ICE,S3,1946,-11251.1644,1.913,2025.9,within lifetime
kia,AT,EV3,BEV,S3,85,13744.4187,45.153,2069.2,after lifetime
kia,AT,EV3 LONG RANGE,BEV,S3,1,13778.7547,45.534,2069.5,after lifetime
kia,AT,EV6,BEV,S3,587,13521.731,42.864,2066.9,after lifetime
kia,AT,EV9,BEV,S3,157,12970.3395,38.203,2062.2,after lifetime
kia,AT,EV9 AWD,BEV,S3,1,12927.9467,37.89,2061.9,after lifetime
kia,AT,NIRO,BEV,S3,421,13638.7483,44.031,2068.0,after lifetime
kia,AT,NIRO,HEV,S3,74,-6800.4064,3.173,2027.2,within lifetime
kia,AT,PICANTO,ICE,S3,506,-9555.4299,2.367,2026.4,within lifetime
kia,AT,PROCEED,HEV,S3,57,-12897.8254,1.5,2025.5,within lifetime
kia,AT,PROCEED,ICE,S3,46,-15386.735,0.919,2024.9,within lifetime
kia,AT,RIO,HEV,S3,3,-12217.5914,1.668,2025.7,within lifetime
kia,AT,RIO,ICE,S3,75,-10736.2675,2.048,2026.0,within lifetime
kia,AT,SORENTO,HEV,S3,1,-19665.4896,0.022,2024.0,within lifetime
kia,AT,SORENTO,ICE,S3,73,-21834.2146,,,crossover before sale year (product already above benchmark at t=0)
kia,AT,SOUL,BEV,S3,24,13692.5969,44.594,2068.6,after lifetime
kia,AT,SPORTAGE,HEV,S3,729,-16484.2294,0.678,2024.7,within lifetime
kia,AT,SPORTAGE,ICE,S3,291,-18014.6485,0.354,2024.4,within lifetime
kia,AT,STONIC,HEV,S3,31,-12464.9054,1.606,2025.6,within lifetime
kia,AT,STONIC,ICE,S3,929,-11819.0376,1.768,2025.8,within lifetime
kia,AT,XCEED,HEV,S3,155,-14508.4992,1.119,2025.1,within lifetime
kia,AT,XCEED,ICE,S3,280,-14163.1115,1.199,2025.2,within lifetime
kia,BE,CEED,HEV,S3,672,-17755.8165,,,crossover before sale year (product already above benchmark at t=0)
kia,BE,CEED,ICE,S3,1390,-18168.0346,,,crossover before sale year (product already above benchmark at t=0)
kia,BE,EV3,BEV,S3,182,10475.7079,35.207,2059.2,after lifetime
kia,BE,EV6,BEV,S3,1417,10230.6331,33.42,2057.4,after lifetime
kia,BE,EV9,BEV,S3,886,9439.7169,28.631,2052.6,after lifetime
kia,BE,NIRO,BEV,S3,619,10330.8493,34.13,2058.1,after lifetime
kia,BE,NIRO,HEV,S3,906,-12233.0616,0.743,2024.7,within lifetime
kia,BE,PICANTO,ICE,S3,1684,-16022.1068,,,crossover before sale year (product already above benchmark at t=0)
kia,BE,PROCEED,ICE,S3,406,-20210.1323,,,crossover before sale year (product already above benchmark at t=0)
kia,BE,RIO,ICE,S3,31,-17296.3837,,,crossover before sale year (product already above benchmark at t=0)
kia,BE,SORENTO,HEV,S3,88,-26792.1556,,,crossover before sale year (product already above benchmark at t=0)
kia,BE,SORENTO,ICE,S3,39,-28683.509,,,crossover before sale year (product already above benchmark at t=0)
kia,BE,SOUL,BEV,S3,4,10407.668,34.693,2058.7,after lifetime
kia,BE,SPORTAGE,HEV,S3,2323,-21876.4865,,,crossover before sale year (product already above benchmark at t=0)
kia,BE,SPORTAGE,ICE,S3,422,-24408.7004,,,crossover before sale year (product already above benchmark at t=0)
kia,BE,STINGER,ICE,S3,1,-46905.5306,,,crossover before sale year (product already above benchmark at t=0)
kia,BE,STONIC,HEV,S3,44,-18896.598,,,crossover before sale year (product already above benchmark at t=0)
kia,BE,STONIC,ICE,S3,2453,-18936.4357,,,crossover before sale year (product already above benchmark at t=0)
kia,BE,XCEED,HEV,S3,47,-19147.6982,,,crossover before sale year (product already above benchmark at t=0)
kia,BE,XCEED,ICE,S3,676,-21095.9287,,,crossover before sale year (product already above benchmark at t=0)
kia,BG,CEED,HEV,S3,15,-18490.5562,0.772,2024.8,within lifetime
kia,BG,CEED,ICE,S3,646,-20998.3395,0.256,2024.3,within lifetime
kia,BG,EV3,BEV,S3,5,8914.3912,24.373,2048.4,after lifetime
kia,BG,EV6,BEV,S3,13,8104.7504,21.584,2045.6,after lifetime
kia,BG,EV9,BEV,S3,17,6598.7264,17.327,2041.3,within lifetime
kia,BG,NIRO,BEV,S3,46,8644.0268,23.393,2047.4,after lifetime
kia,BG,NIRO,HEV,S3,66,-13278.6134,1.988,2026.0,within lifetime
kia,BG,PICANTO,ICE,S3,70,-17415.4063,1.006,2025.0,within lifetime
kia,BG,PROCEED,ICE,S3,109,-23229.8556,,,crossover before sale year (product already above benchmark at t=0)
kia,BG,RIO,ICE,S3,26,-19503.4924,0.559,2024.6,within lifetime
kia,BG,SORENTO,HEV,S3,25,-29583.5435,,,crossover before sale year (product already above benchmark at t=0)
kia,BG,SORENTO,ICE,S3,66,-31070.2672,,,crossover before sale year (product already above benchmark at t=0)
kia,BG,SPORTAGE,HEV,S3,969,-25584.0484,,,crossover before sale year (product already above benchmark at t=0)
kia,BG,SPORTAGE,ICE,S3,127,-26745.7531,,,crossover before sale year (product already above benchmark at t=0)
kia,BG,STONIC,HEV,S3,7,-20172.905,0.422,2024.4,within lifetime
kia,BG,STONIC,ICE,S3,248,-20109.0888,0.435,2024.4,within lifetime
kia,BG,XCEED,ICE,S3,197,-23083.9437,,,crossover before sale year (product already above benchmark at t=0)
kia,CY,CEED,HEV,S3,26,-22988.4755,0.954,2025.0,within lifetime
kia,CY,CEED,ICE,S3,43,-25702.332,0.471,2024.5,within lifetime
kia,CY,EV3,BEV,S3,3,5191.4024,14.11,2038.1,within lifetime
kia,CY,EV6,BEV,S3,25,3605.6081,11.263,2035.3,within lifetime
kia,CY,EV9,BEV,S3,14,739.6059,7.041,2031.0,within lifetime
kia,CY,NIRO,BEV,S3,16,4540.4851,12.886,2036.9,within lifetime
kia,CY,NIRO,HEV,S3,29,-17817.2376,1.978,2026.0,within lifetime
kia,CY,PICANTO,ICE,S3,381,-21960.4874,1.145,2025.1,within lifetime
kia,CY,RIO,ICE,S3,10,-23577.0139,0.846,2024.8,within lifetime
kia,CY,SORENTO,ICE,S3,7,-38054.4518,,,crossover before sale year (product already above benchmark at t=0)
kia,CY,SPORTAGE,HEV,S3,612,-29017.7988,,,crossover before sale year (product already above benchmark at t=0)
kia,CY,SPORTAGE,ICE,S3,230,-34543.9445,,,crossover before sale year (product already above benchmark at t=0)
kia,CY,STONIC,ICE,S3,1079,-25047.8915,0.584,2024.6,within lifetime
kia,CY,XCEED,ICE,S3,286,-28368.0204,0.028,2024.0,within lifetime
kia,CZ,CEED,HEV,S3,36,-12758.913,1.062,2025.1,within lifetime
kia,CZ,CEED,ICE,S3,4928,-14527.1927,0.588,2024.6,within lifetime
kia,CZ,EV3,BEV,S3,6,6058.9227,17.628,2041.6,after lifetime
kia,CZ,EV6,BEV,S3,114,4832.8275,14.308,2038.3,within lifetime
kia,CZ,EV9,BEV,S3,68,3253.4432,10.775,2034.8,within lifetime
kia,CZ,NIRO,BEV,S3,86,5765.6069,16.776,2040.8,after lifetime
kia,CZ,NIRO,HEV,S3,81,-8790.1842,2.26,2026.3,within lifetime
kia,CZ,PICANTO,ICE,S3,246,-12458.5562,1.145,2025.1,within lifetime
kia,CZ,PROCEED,ICE,S3,743,-17778.0285,,,crossover before sale year (product already above benchmark at t=0)
kia,CZ,RIO,HEV,S3,2,-13821.9055,0.773,2024.8,within lifetime
kia,CZ,RIO,ICE,S3,78,-12633.7029,1.096,2025.1,within lifetime
kia,CZ,SORENTO,HEV,S3,49,-21047.9584,,,crossover before sale year (product already above benchmark at t=0)
kia,CZ,SORENTO,ICE,S3,191,-22908.0485,,,crossover before sale year (product already above benchmark at t=0)
kia,CZ,SPORTAGE,HEV,S3,1507,-18073.6286,,,crossover before sale year (product already above benchmark at t=0)
kia,CZ,SPORTAGE,ICE,S3,762,-19474.1141,,,crossover before sale year (product already above benchmark at t=0)
kia,CZ,STINGER,ICE,S3,3,-37877.0769,,,crossover before sale year (product already above benchmark at t=0)
kia,CZ,STONIC,ICE,S3,1000,-14257.9775,0.658,2024.7,within lifetime
kia,CZ,XCEED,ICE,S3,755,-16495.8927,0.097,2024.1,within lifetime
kia,DE,CD,ICE,S3,5,-29466.4597,,,crossover before sale year (product already above benchmark at t=0)
kia,DE,CEED,HEV,S3,1800,-15186.4228,0.022,2024.0,within lifetime
kia,DE,CEED,ICE,S3,9432,-17712.8945,,,crossover before sale year (product already above benchmark at t=0)
kia,DE,CL4,ICE,S3,9,-26100.9101,,,crossover before sale year (product already above benchmark at t=0)
kia,DE,EV3,BEV,S3,471,6477.3779,19.077,2043.1,after lifetime
kia,DE,EV6,BEV,S3,5180,5636.1888,16.477,2040.5,after lifetime
kia,DE,EV9,BEV,S3,1411,3947.581,12.177,2036.2,within lifetime
kia,DE,JA,ICE,S3,2,-16946.0059,,,crossover before sale year (product already above benchmark at t=0)
kia,DE,K4,ICE,S3,1,-27917.5376,,,crossover before sale year (product already above benchmark at t=0)
kia,DE,MQ4,HEV,S3,2,-28585.8616,,,crossover before sale year (product already above benchmark at t=0)
kia,DE,MQ4,ICE,S3,1,-42976.5026,,,crossover before sale year (product already above benchmark at t=0)
kia,DE,NIRO,BEV,S3,4045,6217.8774,18.234,2042.2,after lifetime
kia,DE,NIRO,HEV,S3,1134,-10551.3307,1.317,2025.3,within lifetime
kia,DE,NQ5,HEV,S3,8,-24511.8173,,,crossover before sale year (product already above benchmark at t=0)
kia,DE,NQ5,ICE,S3,7,-34340.6379,,,crossover before sale year (product already above benchmark at t=0)
kia,DE,NQ5 - PE,HEV,S3,1,-21804.9019,,,crossover before sale year (product already above benchmark at t=0)
kia,DE,NQ5-PE,ICE,S3,1,-42546.2465,,,crossover before sale year (product already above benchmark at t=0)
kia,DE,NQ5E,HEV,S3,1,-21367.4206,,,crossover before sale year (product already above benchmark at t=0)
kia,DE,NQ5E,ICE,S3,1,-40394.9657,,,crossover before sale year (product already above benchmark at t=0)
kia,DE,PICANTO,ICE,S3,9884,-13383.313,0.497,2024.5,within lifetime
kia,DE,PROCEED,ICE,S3,4435,-20600.3219,,,crossover before sale year (product already above benchmark at t=0)
kia,DE,RIO,HEV,S3,12,-15643.7001,,,crossover before sale year (product already above benchmark at t=0)
kia,DE,RIO,ICE,S3,77,-14635.4659,0.164,2024.2,within lifetime
kia,DE,SG2,HEV,S3,3,-25013.1052,,,crossover before sale year (product already above benchmark at t=0)
kia,DE,SORENTO,HEV,S3,638,-24040.3874,,,crossover before sale year (product already above benchmark at t=0)
kia,DE,SORENTO,ICE,S3,2172,-25256.9627,,,crossover before sale year (product already above benchmark at t=0)
kia,DE,SOUL,BEV,S3,670,6392.9846,18.798,2042.8,after lifetime
kia,DE,SP3,ICE,S3,1,-25336.0007,,,crossover before sale year (product already above benchmark at t=0)
kia,DE,SPORTAGE,HEV,S3,13187,-19913.1892,,,crossover before sale year (product already above benchmark at t=0)
kia,DE,SPORTAGE,ICE,S3,508,-21650.0178,,,crossover before sale year (product already above benchmark at t=0)
kia,DE,STINGER,ICE,S3,53,-41255.478,,,crossover before sale year (product already above benchmark at t=0)
kia,DE,STONIC,HEV,S3,2200,-16168.7432,,,crossover before sale year (product already above benchmark at t=0)
kia,DE,STONIC,ICE,S3,3329,-15465.3224,,,crossover before sale year (product already above benchmark at t=0)
kia,DE,TK,ICE,S3,2,-49860.6009,,,crossover before sale year (product already above benchmark at t=0)
kia,DE,XCEED,HEV,S3,148,-16501.929,,,crossover before sale year (product already above benchmark at t=0)
kia,DE,XCEED,ICE,S3,3370,-19236.6466,,,crossover before sale year (product already above benchmark at t=0)
kia,DE,YB,ICE,S3,2,-22001.5156,,,crossover before sale year (product already above benchmark at t=0)
kia,DK,CEED,HEV,S3,1,-14419.9337,0.352,2024.4,within lifetime
kia,DK,CEED,ICE,S3,316,-14326.951,0.376,2024.4,within lifetime
kia,DK,EV3,BEV,S3,572,10222.9612,36.844,2060.8,after lifetime
kia,DK,EV6,BEV,S3,792,9899.2625,34.247,2058.2,after lifetime
kia,DK,EV9,BEV,S3,158,9275.5559,30.105,2054.1,after lifetime
kia,DK,NIRO,BEV,S3,1405,10083.2072,35.676,2059.7,after lifetime
kia,DK,PICANTO,ICE,S3,685,-11841.4851,1.051,2025.1,within lifetime
kia,DK,PROCEED,ICE,S3,144,-19114.6741,,,crossover before sale year (product already above benchmark at t=0)
kia,DK,RIO,ICE,S3,1,-14194.0041,0.41,2024.4,within lifetime
kia,DK,SPORTAGE,HEV,S3,43,-20813.2972,,,crossover before sale year (product already above benchmark at t=0)
kia,DK,SPORTAGE,ICE,S3,2,-20441.708,,,crossover before sale year (product already above benchmark at t=0)
kia,DK,STONIC,HEV,S3,5,-15865.7022,,,crossover before sale year (product already above benchmark at t=0)
kia,DK,STONIC,ICE,S3,85,-14820.0456,0.249,2024.2,within lifetime
kia,DK,XCEED,ICE,S3,40,-16930.0675,,,crossover before sale year (product already above benchmark at t=0)
kia,EE,CEED,HEV,S3,30,-13787.3432,2.591,2026.6,within lifetime
kia,EE,CEED,ICE,S3,317,-16038.2054,2.001,2026.0,within lifetime
kia,EE,EV3,BEV,S3,14,7410.8803,25.326,2049.3,after lifetime
kia,EE,EV6,BEV,S3,33,6744.2104,22.535,2046.5,within lifetime
kia,EE,EV9,BEV,S3,24,5491.3463,18.235,2042.2,within lifetime
kia,EE,NIRO,BEV,S3,8,7189.2543,24.349,2048.3,after lifetime
kia,EE,NIRO,HEV,S3,73,-10047.1724,3.7,2027.7,within lifetime
kia,EE,PICANTO,ICE,S3,23,-14252.481,2.465,2026.5,within lifetime
kia,EE,PROCEED,ICE,S3,104,-17315.5991,1.687,2025.7,within lifetime
kia,EE,RIO,ICE,S3,6,-13850.6773,2.574,2026.6,within lifetime
kia,EE,SORENTO,HEV,S3,1,-23396.6769,0.363,2024.4,within lifetime
kia,EE,SORENTO,ICE,S3,106,-23763.5616,0.291,2024.3,within lifetime
kia,EE,SPORTAGE,HEV,S3,686,-18323.8747,1.449,2025.4,within lifetime
kia,EE,SPORTAGE,ICE,S3,58,-19985.7166,1.074,2025.1,within lifetime
kia,EE,STONIC,HEV,S3,5,-15165.9842,2.224,2026.2,within lifetime
kia,EE,STONIC,ICE,S3,62,-14557.8761,2.384,2026.4,within lifetime
kia,EE,XCEED,ICE,S3,98,-17232.4457,1.707,2025.7,within lifetime
kia,ES,CEED,HEV,S3,2325,-23873.588,0.602,2024.6,within lifetime
kia,ES,CEED,ICE,S3,3706,-22741.1762,0.812,2024.8,within lifetime
kia,ES,EV3,BEV,S3,776,11183.1644,35.935,2059.9,after lifetime
kia,ES,EV6,BEV,S3,771,10858.8006,33.84,2057.8,after lifetime
kia,ES,EV9,BEV,S3,178,9829.1926,28.457,2052.5,after lifetime
kia,ES,NIRO,BEV,S3,1092,10978.7804,34.587,2058.6,after lifetime
kia,ES,NIRO,HEV,S3,8616,-17248.9104,1.934,2025.9,within lifetime
kia,ES,PICANTO,ICE,S3,3125,-21826.8657,0.987,2025.0,within lifetime
kia,ES,PROCEED,HEV,S3,85,-26000.5544,0.224,2024.2,within lifetime
kia,ES,PROCEED,ICE,S3,37,-31419.4048,,,crossover before sale year (product already above benchmark at t=0)
kia,ES,RIO,HEV,S3,1,-21768.3958,0.998,2025.0,within lifetime
kia,ES,RIO,ICE,S3,41,-25351.971,0.337,2024.3,within lifetime
kia,ES,SORENTO,HEV,S3,730,-33357.4569,,,crossover before sale year (product already above benchmark at t=0)
kia,ES,SORENTO,ICE,S3,143,-36516.7599,,,crossover before sale year (product already above benchmark at t=0)
kia,ES,SPORTAGE,HEV,S3,13057,-27994.2078,,,crossover before sale year (product already above benchmark at t=0)
kia,ES,SPORTAGE,ICE,S3,4161,-32593.2536,,,crossover before sale year (product already above benchmark at t=0)
kia,ES,STONIC,HEV,S3,7620,-23869.4479,0.603,2024.6,within lifetime
kia,ES,STONIC,ICE,S3,3162,-25621.8847,0.29,2024.3,within lifetime
kia,ES,XCEED,HEV,S3,3744,-28073.4841,,,crossover before sale year (product already above benchmark at t=0)
kia,ES,XCEED,ICE,S3,3951,-27217.7206,0.016,2024.0,within lifetime
kia,FI,CEED,HEV,S3,599,-28058.8116,,,crossover before sale year (product already above benchmark at t=0)
kia,FI,CEED,ICE,S3,579,-28348.8322,,,crossover before sale year (product already above benchmark at t=0)
kia,FI,EV3,BEV,S3,82,8410.2301,45.549,2069.5,after lifetime
kia,FI,EV6,BEV,S3,328,8249.0389,43.054,2067.1,after lifetime
kia,FI,EV9,BEV,S3,219,7884.2559,38.431,2062.4,after lifetime
kia,FI,NIRO,BEV,S3,186,8346.952,44.528,2068.5,after lifetime
kia,FI,NIRO,HEV,S3,376,-20546.7509,0.382,2024.4,within lifetime
kia,FI,PICANTO,ICE,S3,241,-24745.4761,,,crossover before sale year (product already above benchmark at t=0)
kia,FI,PROCEED,HEV,S3,3,-29059.1127,,,crossover before sale year (product already above benchmark at t=0)
kia,FI,PROCEED,ICE,S3,164,-29691.2734,,,crossover before sale year (product already above benchmark at t=0)
kia,FI,RIO,HEV,S3,16,-26406.8444,,,crossover before sale year (product already above benchmark at t=0)
kia,FI,RIO,ICE,S3,285,-27661.3436,,,crossover before sale year (product already above benchmark at t=0)
kia,FI,SORENTO,HEV,S3,35,-38058.6849,,,crossover before sale year (product already above benchmark at t=0)
kia,FI,SORENTO,ICE,S3,9,-41158.5868,,,crossover before sale year (product already above benchmark at t=0)
kia,FI,SOUL,BEV,S3,15,8382.2982,45.091,2069.1,after lifetime
kia,FI,SPORTAGE,HEV,S3,121,-30513.8408,,,crossover before sale year (product already above benchmark at t=0)
kia,FI,SPORTAGE,ICE,S3,7,-35434.3058,,,crossover before sale year (product already above benchmark at t=0)
kia,FI,STONIC,HEV,S3,63,-26772.693,,,crossover before sale year (product already above benchmark at t=0)
kia,FI,STONIC,ICE,S3,764,-27655.7299,,,crossover before sale year (product already above benchmark at t=0)
kia,FI,XCEED,HEV,S3,31,-31681.2572,,,crossover before sale year (product already above benchmark at t=0)
kia,FI,XCEED,ICE,S3,123,-31722.3494,,,crossover before sale year (product already above benchmark at t=0)
kia,FR,CEED,HEV,S3,433,-16950.6695,0.017,2024.0,within lifetime
kia,FR,CEED,ICE,S3,2074,-19848.1546,,,crossover before sale year (product already above benchmark at t=0)
kia,FR,EV3,BEV,S3,345,10622.6516,56.584,2080.6,after lifetime
kia,FR,EV6,BEV,S3,1695,10557.7305,54.878,2078.9,after lifetime
kia,FR,EV9,BEV,S3,354,10318.7186,49.706,2073.7,after lifetime
kia,FR,NIRO,BEV,S3,2497,10583.8219,55.544,2079.5,after lifetime
kia,FR,NIRO,HEV,S3,4773,-12866.1637,1.094,2025.1,within lifetime
kia,FR,PICANTO,ICE,S3,8789,-16971.6556,0.012,2024.0,within lifetime
kia,FR,PROCEED,ICE,S3,596,-20410.9347,,,crossover before sale year (product already above benchmark at t=0)
kia,FR,RIO,ICE,S3,97,-18087.6194,,,crossover before sale year (product already above benchmark at t=0)
kia,FR,SORENTO,HEV,S3,59,-24679.3085,,,crossover before sale year (product already above benchmark at t=0)
kia,FR,SOUL,BEV,S3,19,10605.3575,56.114,2080.1,after lifetime
kia,FR,SPORTAGE,HEV,S3,12899,-19689.9123,,,crossover before sale year (product already above benchmark at t=0)
kia,FR,SPORTAGE,ICE,S3,195,-24135.8882,,,crossover before sale year (product already above benchmark at t=0)
kia,FR,STONIC,HEV,S3,1315,-19047.6219,,,crossover before sale year (product already above benchmark at t=0)
kia,FR,STONIC,ICE,S3,5610,-18878.6823,,,crossover before sale year (product already above benchmark at t=0)
kia,FR,XCEED,HEV,S3,160,-19660.2835,,,crossover before sale year (product already above benchmark at t=0)
kia,FR,XCEED,ICE,S3,882,-21655.6679,,,crossover before sale year (product already above benchmark at t=0)
kia,GR,EV3,BEV,S3,13,2683.6245,12.795,2036.8,within lifetime
kia,GR,EV6,BEV,S3,29,1694.7102,9.782,2033.8,within lifetime
kia,GR,EV9,BEV,S3,12,-152.0965,5.23,2029.2,within lifetime
kia,GR,NIRO,BEV,S3,48,2226.152,11.338,2035.3,within lifetime
kia,GR,NIRO,HEV,S3,13,-19500.2736,,,crossover before sale year (product already above benchmark at t=0)
kia,GR,PICANTO,ICE,S3,1883,-22505.3439,,,crossover before sale year (product already above benchmark at t=0)
kia,GR,SPORTAGE,HEV,S3,725,-29277.4801,,,crossover before sale year (product already above benchmark at t=0)
kia,GR,STONIC,HEV,S3,76,-24474.0063,,,crossover before sale year (product already above benchmark at t=0)
kia,GR,STONIC,ICE,S3,1288,-25826.1062,,,crossover before sale year (product already above benchmark at t=0)
kia,GR,XCEED,HEV,S3,366,-28398.2426,,,crossover before sale year (product already above benchmark at t=0)
kia,GR,XCEED,ICE,S3,128,-28403.8657,,,crossover before sale year (product already above benchmark at t=0)
kia,HR,CEED,HEV,S3,5,-20879.5248,2.145,2026.1,within lifetime
kia,HR,CEED,ICE,S3,554,-21442.2147,2.049,2026.0,within lifetime
kia,HR,EV6,BEV,S3,4,13689.1763,28.627,2052.6,after lifetime
kia,HR,EV9,BEV,S3,1,14203.1148,30.425,2054.4,after lifetime
kia,HR,NIRO,HEV,S3,4,-12371.3392,3.794,2027.8,within lifetime
kia,HR,PICANTO,ICE,S3,245,-16607.3287,2.924,2026.9,within lifetime
kia,HR,PROCEED,ICE,S3,34,-23245.0255,1.749,2025.7,within lifetime
kia,HR,RIO,ICE,S3,73,-20539.1819,2.204,2026.2,within lifetime
kia,HR,SORENTO,HEV,S3,11,-31637.1496,0.503,2024.5,within lifetime
kia,HR,SORENTO,ICE,S3,17,-33893.1549,0.203,2024.2,within lifetime
kia,HR,SPORTAGE,HEV,S3,313,-25310.5566,1.421,2025.4,within lifetime
kia,HR,SPORTAGE,ICE,S3,436,-28475.1727,0.946,2024.9,within lifetime
kia,HR,STONIC,HEV,S3,7,-18158.6851,2.631,2026.6,within lifetime
kia,HR,STONIC,ICE,S3,1138,-20560.2776,2.2,2026.2,within lifetime
kia,HR,XCEED,ICE,S3,432,-24368.5043,1.569,2025.6,within lifetime
kia,HU,CEED,ICE,S3,2560,-31271.3059,,,crossover before sale year (product already above benchmark at t=0)
kia,HU,EV3,BEV,S3,26,9343.8259,29.784,2053.8,after lifetime
kia,HU,EV6,BEV,S3,32,8872.8851,27.511,2051.5,after lifetime
kia,HU,EV9,BEV,S3,45,7693.3364,22.829,2046.8,within lifetime
kia,HU,NIRO,BEV,S3,106,9163.3409,28.878,2052.9,after lifetime
kia,HU,NIRO,HEV,S3,173,-21678.8288,1.245,2025.2,within lifetime
kia,HU,PICANTO,ICE,S3,156,-26692.5519,0.311,2024.3,within lifetime
kia,HU,PROCEED,ICE,S3,449,-33624.174,,,crossover before sale year (product already above benchmark at t=0)
kia,HU,SORENTO,HEV,S3,50,-39347.3522,,,crossover before sale year (product already above benchmark at t=0)
kia,HU,SORENTO,ICE,S3,185,-43760.937,,,crossover before sale year (product already above benchmark at t=0)
kia,HU,SOUL,BEV,S3,1,9276.6895,29.441,2053.4,after lifetime
kia,HU,SPORTAGE,HEV,S3,585,-34419.5409,,,crossover before sale year (product already above benchmark at t=0)
kia,HU,SPORTAGE,ICE,S3,1348,-39839.6554,,,crossover before sale year (product already above benchmark at t=0)
kia,HU,STINGER,ICE,S3,1,-68757.74,,,crossover before sale year (product already above benchmark at t=0)
kia,HU,STONIC,HEV,S3,2,-30157.522,,,crossover before sale year (product already above benchmark at t=0)
kia,HU,STONIC,ICE,S3,129,-29567.8171,,,crossover before sale year (product already above benchmark at t=0)
kia,HU,XCEED,ICE,S3,410,-34063.3588,,,crossover before sale year (product already above benchmark at t=0)
kia,IE,CEED,HEV,S3,277,-22930.2186,0.31,2024.3,within lifetime
kia,IE,CEED,ICE,S3,383,-25202.1763,,,crossover before sale year (product already above benchmark at t=0)
kia,IE,EV3,BEV,S3,20,9452.879,23.047,2047.0,after lifetime
kia,IE,EV6,BEV,S3,749,8775.743,21.044,2045.0,after lifetime
kia,IE,EV9,BEV,S3,278,6850.1493,16.332,2040.3,within lifetime
kia,IE,NIRO,BEV,S3,440,9083.0697,21.926,2045.9,after lifetime
kia,IE,NIRO,HEV,S3,453,-18905.1207,1.078,2025.1,within lifetime
kia,IE,PICANTO,ICE,S3,471,-22065.0157,0.468,2024.5,within lifetime
kia,IE,SORENTO,ICE,S3,559,-36857.4898,,,crossover before sale year (product already above benchmark at t=0)
kia,IE,SPORTAGE,HEV,S3,1256,-26913.0308,,,crossover before sale year (product already above benchmark at t=0)
kia,IE,SPORTAGE,ICE,S3,1847,-29520.2959,,,crossover before sale year (product already above benchmark at t=0)
kia,IE,STONIC,HEV,S3,110,-26699.7186,,,crossover before sale year (product already above benchmark at t=0)
kia,IE,STONIC,ICE,S3,688,-24730.1505,,,crossover before sale year (product already above benchmark at t=0)
kia,IT,CEED,HEV,S3,134,-21395.7727,,,crossover before sale year (product already above benchmark at t=0)
kia,IT,CEED,ICE,S3,24,-27258.5084,,,crossover before sale year (product already above benchmark at t=0)
kia,IT,EV3,BEV,S3,191,5975.9793,19.982,2044.0,after lifetime
kia,IT,EV6,BEV,S3,134,5055.0504,16.861,2040.9,within lifetime
kia,IT,EV9,BEV,S3,109,3597.5848,12.818,2036.8,within lifetime
kia,IT,NIRO,BEV,S3,110,5691.4486,18.958,2043.0,after lifetime
kia,IT,NIRO,HEV,S3,1863,-16519.9316,0.265,2024.3,within lifetime
kia,IT,NIRO,ICE,S3,112,-15730.2798,0.467,2024.5,within lifetime
kia,IT,PICANTO,ICE,S3,12428,-19240.076,,,crossover before sale year (product already above benchmark at t=0)
kia,IT,PROCEED,HEV,S3,65,-23062.7437,,,crossover before sale year (product already above benchmark at t=0)
kia,IT,PROCEED,ICE,S3,142,-25695.8241,,,crossover before sale year (product already above benchmark at t=0)
kia,IT,SORENTO,HEV,S3,222,-31275.1556,,,crossover before sale year (product already above benchmark at t=0)
kia,IT,SORENTO,ICE,S3,491,-33421.7088,,,crossover before sale year (product already above benchmark at t=0)
kia,IT,SOUL,ICE,S3,1,-32601.381,,,crossover before sale year (product already above benchmark at t=0)
kia,IT,SPORTAGE,HEV,S3,18540,-24549.9138,,,crossover before sale year (product already above benchmark at t=0)
kia,IT,SPORTAGE,ICE,S3,2937,-26092.9971,,,crossover before sale year (product already above benchmark at t=0)
kia,IT,STONIC,HEV,S3,1794,-22017.1903,,,crossover before sale year (product already above benchmark at t=0)
kia,IT,STONIC,ICE,S3,5062,-21155.3118,,,crossover before sale year (product already above benchmark at t=0)
kia,IT,XCEED,HEV,S3,1182,-24498.2078,,,crossover before sale year (product already above benchmark at t=0)
kia,IT,XCEED,ICE,S3,1047,-23427.8042,,,crossover before sale year (product already above benchmark at t=0)
kia,LT,CEED,HEV,S3,2,-30091.0865,,,crossover before sale year (product already above benchmark at t=0)
kia,LT,CEED,ICE,S3,445,-33561.6259,,,crossover before sale year (product already above benchmark at t=0)
kia,LT,EV3,BEV,S3,6,9395.0839,36.108,2060.1,after lifetime
kia,LT,EV6,BEV,S3,19,9011.5614,33.249,2057.2,after lifetime
kia,LT,EV9,BEV,S3,10,8312.6774,28.98,2053.0,after lifetime
kia,LT,NIRO,BEV,S3,24,9269.447,35.121,2059.1,after lifetime
kia,LT,NIRO,HEV,S3,44,-23730.2816,0.394,2024.4,within lifetime
kia,LT,PICANTO,ICE,S3,27,-30896.7236,,,crossover before sale year (product already above benchmark at t=0)
kia,LT,PROCEED,ICE,S3,327,-36339.5427,,,crossover before sale year (product already above benchmark at t=0)
kia,LT,RIO,ICE,S3,2,-31578.8298,,,crossover before sale year (product already above benchmark at t=0)
kia,LT,SORENTO,ICE,S3,23,-46472.7545,,,crossover before sale year (product already above benchmark at t=0)
kia,LT,SPORTAGE,HEV,S3,1044,-37221.6176,,,crossover before sale year (product already above benchmark at t=0)
kia,LT,SPORTAGE,ICE,S3,45,-40195.837,,,crossover before sale year (product already above benchmark at t=0)
kia,LT,STONIC,ICE,S3,57,-31590.5834,,,crossover before sale year (product already above benchmark at t=0)
kia,LT,XCEED,ICE,S3,71,-35719.7536,,,crossover before sale year (product already above benchmark at t=0)
kia,LU,CEED,HEV,S3,36,7309.3196,6.688,2030.7,within lifetime
kia,LU,CEED,ICE,S3,102,5401.2108,6.097,2030.1,within lifetime
kia,LU,EV3,BEV,S3,34,26752.6435,53.227,2077.2,after lifetime
kia,LU,EV6,BEV,S3,204,26495.892,50.908,2074.9,after lifetime
kia,LU,EV9,BEV,S3,57,25841.3349,46.074,2070.1,after lifetime
kia,LU,NIRO,BEV,S3,64,26626.1944,52.047,2076.0,after lifetime
kia,LU,NIRO,HEV,S3,38,10533.6638,7.819,2031.8,within lifetime
kia,LU,PICANTO,ICE,S3,266,8204.9217,6.984,2031.0,within lifetime
kia,LU,PROCEED,ICE,S3,34,3240.074,5.484,2029.5,within lifetime
kia,LU,SORENTO,HEV,S3,19,300.3041,4.729,2028.7,within lifetime
kia,LU,SORENTO,ICE,S3,11,-1153.4837,4.384,2028.4,within lifetime
kia,LU,SOUL,BEV,S3,5,26687.6126,52.611,2076.6,after lifetime
kia,LU,SPORTAGE,HEV,S3,257,4074.3908,5.714,2029.7,within lifetime
kia,LU,SPORTAGE,ICE,S3,4,1815.6492,5.108,2029.1,within lifetime
kia,LU,STONIC,HEV,S3,10,6009.5825,6.28,2030.3,within lifetime
kia,LU,STONIC,ICE,S3,234,6256.2586,6.356,2030.4,within lifetime
kia,LU,XCEED,HEV,S3,18,5970.6432,6.268,2030.3,within lifetime
kia,LU,XCEED,ICE,S3,50,3449.5315,5.541,2029.5,within lifetime
kia,LV,CEED,HEV,S3,7,-28499.1113,0.347,2024.3,within lifetime
kia,LV,CEED,ICE,S3,252,-31408.4867,,,crossover before sale year (product already above benchmark at t=0)
kia,LV,EV3,BEV,S3,4,11277.1115,36.858,2060.9,after lifetime
kia,LV,EV6,BEV,S3,11,10843.0651,34.018,2058.0,after lifetime
kia,LV,EV9,BEV,S3,12,9983.137,29.447,2053.4,after lifetime
kia,LV,NIRO,BEV,S3,23,11083.4362,35.535,2059.5,after lifetime
kia,LV,NIRO,HEV,S3,11,-22181.8592,1.461,2025.5,within lifetime
kia,LV,PICANTO,ICE,S3,15,-28757.1581,0.305,2024.3,within lifetime
kia,LV,PROCEED,ICE,S3,27,-35659.6544,,,crossover before sale year (product already above benchmark at t=0)
kia,LV,RIO,ICE,S3,2,-28667.2443,0.32,2024.3,within lifetime
kia,LV,SORENTO,ICE,S3,17,-44730.7361,,,crossover before sale year (product already above benchmark at t=0)
kia,LV,SPORTAGE,HEV,S3,288,-34504.6589,,,crossover before sale year (product already above benchmark at t=0)
kia,LV,SPORTAGE,ICE,S3,35,-38559.7547,,,crossover before sale year (product already above benchmark at t=0)
kia,LV,STONIC,HEV,S3,2,-30408.9654,0.043,2024.0,within lifetime
kia,LV,STONIC,ICE,S3,31,-29559.033,0.177,2024.2,within lifetime
kia,LV,XCEED,ICE,S3,33,-33846.8473,,,crossover before sale year (product already above benchmark at t=0)
kia,MT,CEED,HEV,S3,5,-14342.5537,1.38,2025.4,within lifetime
kia,MT,CEED,ICE,S3,3,-15255.4276,1.119,2025.1,within lifetime
kia,MT,EV6,BEV,S3,4,2890.8474,12.912,2036.9,within lifetime
kia,MT,EV9,BEV,S3,3,1372.2861,9.108,2033.1,within lifetime
kia,MT,NIRO,BEV,S3,21,3676.3101,15.248,2039.2,within lifetime
kia,MT,NIRO,HEV,S3,8,-10033.8501,2.764,2026.8,within lifetime
kia,MT,PICANTO,ICE,S3,319,-12785.5074,1.848,2025.8,within lifetime
kia,MT,SPORTAGE,HEV,S3,10,-15554.6725,1.036,2025.0,within lifetime
kia,MT,STONIC,ICE,S3,113,-14800.4737,1.248,2025.2,within lifetime
kia,MT,XCEED,HEV,S3,4,-16331.1861,0.824,2024.8,within lifetime
kia,MT,XCEED,ICE,S3,4,-16745.553,0.714,2024.7,within lifetime
kia,NL,CEED,HEV,S3,228,-21926.5432,,,crossover before sale year (product already above benchmark at t=0)
kia,NL,CEED,ICE,S3,2900,-21814.8811,,,crossover before sale year (product already above benchmark at t=0)
kia,NL,EV3,BEV,S3,126,5672.7571,19.793,2043.8,after lifetime
kia,NL,EV6,BEV,S3,2717,5222.4778,18.081,2042.1,after lifetime
kia,NL,EV9,BEV,S3,1044,3734.4688,13.363,2037.4,within lifetime
kia,NL,NIRO,BEV,S3,5373,5414.9313,18.793,2042.8,after lifetime
kia,NL,NIRO,HEV,S3,4977,-15588.011,,,crossover before sale year (product already above benchmark at t=0)
kia,NL,PICANTO,ICE,S3,8373,-18117.9967,,,crossover before sale year (product already above benchmark at t=0)
kia,NL,PROCEED,ICE,S3,669,-24168.7712,,,crossover before sale year (product already above benchmark at t=0)
kia,NL,RIO,HEV,S3,10,-19795.3695,,,crossover before sale year (product already above benchmark at t=0)
kia,NL,SORENTO,HEV,S3,56,-28684.876,,,crossover before sale year (product already above benchmark at t=0)
kia,NL,SOUL,BEV,S3,90,5561.9277,19.356,2043.4,after lifetime
kia,NL,SPORTAGE,HEV,S3,2615,-23477.4215,,,crossover before sale year (product already above benchmark at t=0)
kia,NL,STONIC,HEV,S3,2628,-20974.2557,,,crossover before sale year (product already above benchmark at t=0)
kia,NL,XCEED,ICE,S3,206,-25366.0594,,,crossover before sale year (product already above benchmark at t=0)
kia,PL,CEED,HEV,S3,16,-30215.3832,,,crossover before sale year (product already above benchmark at t=0)
kia,PL,CEED,ICE,S3,5111,-34764.9248,,,crossover before sale year (product already above benchmark at t=0)
kia,PL,EV3,BEV,S3,107,-630.5248,5.53,2029.5,within lifetime
kia,PL,EV6,BEV,S3,427,-2538.7572,2.808,2026.8,within lifetime
kia,PL,NIRO,BEV,S3,374,-1226.741,4.635,2028.6,within lifetime
kia,PL,NIRO,HEV,S3,869,-24601.7359,0.242,2024.2,within lifetime
kia,PL,PICANTO,ICE,S3,1446,-29592.3086,,,crossover before sale year (product already above benchmark at t=0)
kia,PL,PROCEED,ICE,S3,1393,-36811.3107,,,crossover before sale year (product already above benchmark at t=0)
kia,PL,RIO,ICE,S3,51,-30554.3344,,,crossover before sale year (product already above benchmark at t=0)
kia,PL,SORENTO,HEV,S3,1216,-47033.9642,,,crossover before sale year (product already above benchmark at t=0)
kia,PL,SORENTO,ICE,S3,263,-48621.384,,,crossover before sale year (product already above benchmark at t=0)
kia,PL,SOUL,BEV,S3,12,-835.7439,5.217,2029.2,within lifetime
kia,PL,SPORTAGE,HEV,S3,5406,-37897.5836,,,crossover before sale year (product already above benchmark at t=0)
kia,PL,SPORTAGE,ICE,S3,8384,-43438.8059,,,crossover before sale year (product already above benchmark at t=0)
kia,PL,STONIC,HEV,S3,85,-33747.3343,,,crossover before sale year (product already above benchmark at t=0)
kia,PL,STONIC,ICE,S3,2947,-34019.716,,,crossover before sale year (product already above benchmark at t=0)
kia,PL,XCEED,ICE,S3,4119,-37888.0873,,,crossover before sale year (product already above benchmark at t=0)
kia,PT,CEED,HEV,S3,139,-25154.2675,,,crossover before sale year (product already above benchmark at t=0)
kia,PT,CEED,ICE,S3,314,-26778.8129,,,crossover before sale year (product already above benchmark at t=0)
kia,PT,EV3,BEV,S3,237,9648.7332,37.767,2061.8,after lifetime
kia,PT,EV6,BEV,S3,275,9458.1749,36.131,2060.1,after lifetime
kia,PT,EV9,BEV,S3,129,8864.7131,31.82,2055.8,after lifetime
kia,PT,NIRO,BEV,S3,337,9507.6403,36.541,2060.5,after lifetime
kia,PT,NIRO,HEV,S3,166,-20554.095,0.513,2024.5,within lifetime
kia,PT,PICANTO,ICE,S3,832,-23764.912,,,crossover before sale year (product already above benchmark at t=0)
kia,PT,PROCEED,ICE,S3,14,-28639.7971,,,crossover before sale year (product already above benchmark at t=0)
kia,PT,SORENTO,HEV,S3,30,-35131.5202,,,crossover before sale year (product already above benchmark at t=0)
kia,PT,SORENTO,ICE,S3,6,-39325.5336,,,crossover before sale year (product already above benchmark at t=0)
kia,PT,SPORTAGE,HEV,S3,162,-29065.3648,,,crossover before sale year (product already above benchmark at t=0)
kia,PT,SPORTAGE,ICE,S3,410,-35372.9217,,,crossover before sale year (product already above benchmark at t=0)
kia,PT,STONIC,HEV,S3,46,-27721.041,,,crossover before sale year (product already above benchmark at t=0)
kia,PT,STONIC,ICE,S3,2541,-28172.96,,,crossover before sale year (product already above benchmark at t=0)
kia,PT,XCEED,HEV,S3,75,-30674.4744,,,crossover before sale year (product already above benchmark at t=0)
kia,PT,XCEED,ICE,S3,687,-29729.2243,,,crossover before sale year (product already above benchmark at t=0)
kia,RO,CEED,HEV,S3,24,-37336.4179,,,crossover before sale year (product already above benchmark at t=0)
kia,RO,CEED,ICE,S3,632,-37550.1881,,,crossover before sale year (product already above benchmark at t=0)
kia,RO,EV3,BEV,S3,3,4949.6629,19.195,2043.2,within lifetime
kia,RO,EV6,BEV,S3,26,4324.421,17.038,2041.0,within lifetime
kia,RO,EV9,BEV,S3,13,2640.8867,12.261,2036.3,within lifetime
kia,RO,NIRO,BEV,S3,31,4728.2734,18.402,2042.4,within lifetime
kia,RO,NIRO,HEV,S3,22,-27271.4597,,,crossover before sale year (product already above benchmark at t=0)
kia,RO,PICANTO,ICE,S3,38,-32716.0453,,,crossover before sale year (product already above benchmark at t=0)
kia,RO,PROCEED,HEV,S3,3,-37245.1447,,,crossover before sale year (product already above benchmark at t=0)
kia,RO,PROCEED,ICE,S3,30,-42427.7777,,,crossover before sale year (product already above benchmark at t=0)
kia,RO,RIO,HEV,S3,3,-33837.6217,,,crossover before sale year (product already above benchmark at t=0)
kia,RO,RIO,ICE,S3,97,-36600.5731,,,crossover before sale year (product already above benchmark at t=0)
kia,RO,SORENTO,HEV,S3,20,-50242.4573,,,crossover before sale year (product already above benchmark at t=0)
kia,RO,SORENTO,ICE,S3,9,-52465.6116,,,crossover before sale year (product already above benchmark at t=0)
kia,RO,SOUL,BEV,S3,1,4918.0358,19.08,2043.1,within lifetime
kia,RO,SPORTAGE,HEV,S3,2112,-42604.3456,,,crossover before sale year (product already above benchmark at t=0)
kia,RO,SPORTAGE,ICE,S3,386,-45371.1643,,,crossover before sale year (product already above benchmark at t=0)
kia,RO,STONIC,HEV,S3,7,-35784.7725,,,crossover before sale year (product already above benchmark at t=0)
kia,RO,STONIC,ICE,S3,209,-38539.2284,,,crossover before sale year (product already above benchmark at t=0)
kia,RO,XCEED,HEV,S3,66,-40320.7615,,,crossover before sale year (product already above benchmark at t=0)
kia,RO,XCEED,ICE,S3,352,-40331.3499,,,crossover before sale year (product already above benchmark at t=0)
kia,SE,CEED,ICE,S3,1063,-20476.398,,,crossover before sale year (product already above benchmark at t=0)
kia,SE,EV3,BEV,S3,1401,12411.3882,59.605,2083.6,after lifetime
kia,SE,EV6,BEV,S3,2515,12331.0727,57.448,2081.4,after lifetime
kia,SE,EV6 GT,BEV,S3,2,12178.7198,53.955,2078.0,after lifetime
kia,SE,EV9,BEV,S3,1786,12112.223,52.62,2076.6,after lifetime
kia,SE,NIRO,BEV,S3,1154,12372.616,58.532,2082.5,after lifetime
kia,SE,NIRO,HEV,S3,351,-12843.5584,1.299,2025.3,within lifetime
kia,SE,PICANTO,ICE,S3,807,-16759.1664,0.328,2024.3,within lifetime
kia,SE,SPORTAGE,HEV,S3,135,-22225.5193,,,crossover before sale year (product already above benchmark at t=0)
kia,SE,SPORTAGE,ICE,S3,204,-29353.4783,,,crossover before sale year (product already above benchmark at t=0)
kia,SE,STONIC,HEV,S3,686,-18608.127,,,crossover before sale year (product already above benchmark at t=0)
kia,SI,CEED,HEV,S3,1,-18010.1018,2.226,2026.2,within lifetime
kia,SI,CEED,ICE,S3,452,-20725.204,1.751,2025.8,within lifetime
kia,SI,CEED / 1.0 / T,ICE,S3,1,-21400.1088,1.638,2025.6,within lifetime
kia,SI,EV3,BEV,S3,1,15358.2519,31.76,2055.8,after lifetime
kia,SI,EV6,BEV,S3,12,14623.2874,29.127,2053.1,after lifetime
kia,SI,EV9,BEV,S3,4,12935.9781,24.237,2048.2,after lifetime
kia,SI,NIRO,BEV,S3,6,14985.5944,30.377,2054.4,after lifetime
kia,SI,NIRO,HEV,S3,3,-11619.972,3.494,2027.5,within lifetime
kia,SI,PICANTO,ICE,S3,265,-16363.8836,2.531,2026.5,within lifetime
kia,SI,PROCEED,ICE,S3,27,-24090.2393,1.204,2025.2,within lifetime
kia,SI,RIO,ICE,S3,11,-19938.9999,1.885,2025.9,within lifetime
kia,SI,SORENTO,HEV,S3,18,-30895.1388,0.216,2024.2,within lifetime
kia,SI,SORENTO,ICE,S3,21,-33365.8841,,,crossover before sale year (product already above benchmark at t=0)
kia,SI,SPORTAGE,HEV,S3,264,-25563.279,0.978,2025.0,within lifetime
kia,SI,SPORTAGE,ICE,S3,425,-27773.6877,0.651,2024.7,within lifetime
kia,SI,STONIC,HEV,S3,7,-17381.5634,2.341,2026.3,within lifetime
kia,SI,STONIC,ICE,S3,467,-19595.9222,1.945,2025.9,within lifetime
kia,SI,XCEED,ICE,S3,301,-23767.9936,1.255,2025.3,within lifetime
kia,SK,CEED,HEV,S3,145,-19446.937,,,crossover before sale year (product already above benchmark at t=0)
kia,SK,CEED,ICE,S3,2871,-22254.1463,,,crossover before sale year (product already above benchmark at t=0)
kia,SK,EV3,BEV,S3,7,10196.2507,40.724,2064.7,after lifetime
kia,SK,EV6,BEV,S3,142,9935.4141,38.128,2062.1,after lifetime
kia,SK,EV9,BEV,S3,65,9401.0163,33.754,2057.8,after lifetime
kia,SK,NIRO,BEV,S3,44,10110.7253,39.831,2063.8,after lifetime
kia,SK,NIRO,HEV,S3,102,-15541.3643,0.882,2024.9,within lifetime
kia,SK,PICANTO,ICE,S3,114,-19368.948,,,crossover before sale year (product already above benchmark at t=0)
kia,SK,PROCEED,ICE,S3,402,-24708.5632,,,crossover before sale year (product already above benchmark at t=0)
kia,SK,RIO,ICE,S3,13,-19666.0199,,,crossover before sale year (product already above benchmark at t=0)
kia,SK,SORENTO,HEV,S3,76,-30672.3041,,,crossover before sale year (product already above benchmark at t=0)
kia,SK,SORENTO,ICE,S3,286,-32808.3536,,,crossover before sale year (product already above benchmark at t=0)
kia,SK,SPORTAGE,HEV,S3,1185,-26167.0792,,,crossover before sale year (product already above benchmark at t=0)
kia,SK,SPORTAGE,ICE,S3,1395,-30257.2222,,,crossover before sale year (product already above benchmark at t=0)
kia,SK,STINGER,ICE,S3,6,-51981.7293,,,crossover before sale year (product already above benchmark at t=0)
kia,SK,STONIC,HEV,S3,8,-21772.8631,,,crossover before sale year (product already above benchmark at t=0)
kia,SK,STONIC,ICE,S3,918,-21456.8272,,,crossover before sale year (product already above benchmark at t=0)
kia,SK,XCEED,HEV,S3,4,-22035.73,,,crossover before sale year (product already above benchmark at t=0)
kia,SK,XCEED,ICE,S3,764,-24390.8868,,,crossover before sale year (product already above benchmark at t=0)
toyota,AT,GR YARIS 16,ICE,S1,1,-10771.1107,,,crossover before sale year (product already above benchmark at t=0)
toyota,AT,PROACE,BEV,S1,13,25733.899,,,never crosses: below benchmark at sale and the grid decarbonises at least as fast as the fleet benchmark
toyota,AT,PROACE,ICE,S1,348,-12776.9037,,,crossover before sale year (product already above benchmark at t=0)
toyota,AT,PROACE CITY VERSO,ICE,S1,298,-2034.3001,4.264,2028.3,within lifetime
toyota,AT,PROACE CITY VERSO ELECTRIC,BEV,S1,20,26555.641,,,never crosses: below benchmark at sale and the grid decarbonises at least as fast as the fleet benchmark
toyota,AT,SIENNA XLE HYBRID,HEV,S1,1,-9910.6247,,,crossover before sale year (product already above benchmark at t=0)
toyota,AT,TOYOTA AYGO X,ICE,S1,536,5732.0051,14.805,2038.8,within lifetime
toyota,AT,TOYOTA BZ4X,BEV,S1,77,27034.8825,,,never crosses: below benchmark at sale and the grid decarbonises at least as fast as the fleet benchmark
toyota,AT,TOYOTA C-HR,HEV,S1,972,5023.0247,13.708,2037.7,within lifetime
toyota,AT,TOYOTA CAMRY,HEV,S1,103,1971.555,9.326,2033.3,within lifetime
toyota,AT,TOYOTA COROLLA,HEV,S1,2496,5253.8219,14.062,2038.1,within lifetime
toyota,AT,TOYOTA COROLLA,ICE,S1,1,431.6686,7.297,2031.3,within lifetime
toyota,AT,TOYOTA GR 86,ICE,S1,31,-13689.9518,,,crossover before sale year (product already above benchmark at t=0)
toyota,AT,TOYOTA GR YARIS,ICE,S1,122,-13946.1722,,,crossover before sale year (product already above benchmark at t=0)
toyota,AT,TOYOTA HIGHLANDER,HEV,S1,118,-5330.8682,0.562,2024.6,within lifetime
toyota,AT,TOYOTA LAND CRUISER,ICE,S1,197,-30694.2195,,,crossover before sale year (product already above benchmark at t=0)
toyota,AT,TOYOTA LAND CRUISER (150 SERIES),ICE,S1,63,-24610.4425,,,crossover before sale year (product already above benchmark at t=0)
toyota,AT,TOYOTA RAV4,HEV,S1,1345,932.0694,7.945,2031.9,within lifetime
toyota,AT,TOYOTA SUPRA,ICE,S1,12,-11489.2304,,,crossover before sale year (product already above benchmark at t=0)
toyota,AT,TOYOTA YARIS,HEV,S1,1309,9031.2644,20.386,2044.4,after lifetime
toyota,AT,TOYOTA YARIS,ICE,S1,226,2165.6649,9.59,2033.6,within lifetime
toyota,AT,TOYOTA YARIS CROSS,HEV,S1,2421,6321.8505,15.743,2039.7,after lifetime
toyota,AT,TOYOTA YARIS CROSS,ICE,S1,58,647.1066,7.575,2031.6,within lifetime
toyota,BE,PROACE,BEV,S1,6,18374.9121,,,never crosses: below benchmark at sale and the grid decarbonises at least as fast as the fleet benchmark
toyota,BE,PROACE,ICE,S1,548,-23362.5648,,,crossover before sale year (product already above benchmark at t=0)
toyota,BE,PROACE CITY VERSO,ICE,S1,923,-12489.3673,,,crossover before sale year (product already above benchmark at t=0)
toyota,BE,PROACE CITY VERSO ELECTRIC,BEV,S1,5,19670.2926,,,never crosses: below benchmark at sale and the grid decarbonises at least as fast as the fleet benchmark
toyota,BE,TOYOTA AYGO X,ICE,S1,2879,-3296.5788,1.685,2025.7,within lifetime
toyota,BE,TOYOTA BZ4X,BEV,S1,804,20285.252,,,never crosses: below benchmark at sale and the grid decarbonises at least as fast as the fleet benchmark
toyota,BE,TOYOTA C-HR,HEV,S1,2189,-3592.3604,1.302,2025.3,within lifetime
toyota,BE,TOYOTA CAMRY,HEV,S1,153,-7450.9154,,,crossover before sale year (product already above benchmark at t=0)
toyota,BE,TOYOTA COROLLA,HEV,S1,5169,-3581.0261,1.317,2025.3,within lifetime
toyota,BE,TOYOTA GR 86,ICE,S1,54,-25002.4476,,,crossover before sale year (product already above benchmark at t=0)
toyota,BE,TOYOTA GR YARIS,ICE,S1,185,-23391.1701,,,crossover before sale year (product already above benchmark at t=0)
toyota,BE,TOYOTA HIGHLANDER,HEV,S1,68,-15701.7948,,,crossover before sale year (product already above benchmark at t=0)
toyota,BE,TOYOTA LAND CRUISER,ICE,S1,37,-43893.4411,,,crossover before sale year (product already above benchmark at t=0)
toyota,BE,TOYOTA LAND CRUISER (150 SERIES),ICE,S1,59,-36730.1765,,,crossover before sale year (product already above benchmark at t=0)
toyota,BE,TOYOTA RAV4,HEV,S1,1426,-8760.5804,,,crossover before sale year (product already above benchmark at t=0)
toyota,BE,TOYOTA SUPRA,ICE,S1,19,-19122.5759,,,crossover before sale year (product already above benchmark at t=0)
toyota,BE,TOYOTA YARIS,HEV,S1,3355,1246.3534,8.169,2032.2,within lifetime
toyota,BE,TOYOTA YARIS,ICE,S1,360,-5734.3385,,,crossover before sale year (product already above benchmark at t=0)
toyota,BE,TOYOTA YARIS CROSS,HEV,S1,4445,-2273.8936,3.042,2027.0,within lifetime
toyota,BE,TOYOTA YARIS CROSS,ICE,S1,38,-8941.4181,,,crossover before sale year (product already above benchmark at t=0)
toyota,BG,PROACE,ICE,S1,40,-8097.0612,,,"r_fleet <= 0: benchmark non-declining, no crossover"
toyota,BG,PROACE CITY VERSO,ICE,S1,34,3597.4253,,,"r_fleet <= 0: benchmark non-declining, no crossover"
toyota,BG,TOYOTA AYGO X,ICE,S1,156,14008.5387,,,"r_fleet <= 0: benchmark non-declining, no crossover"
toyota,BG,TOYOTA BZ4X,BEV,S1,28,36031.9386,,,never crosses: below benchmark at sale and the grid decarbonises at least as fast as the fleet benchmark
toyota,BG,TOYOTA C-HR,HEV,S1,724,13055.889,,,"r_fleet <= 0: benchmark non-declining, no crossover"
toyota,BG,TOYOTA CAMRY,HEV,S1,109,10391.8109,,,"r_fleet <= 0: benchmark non-declining, no crossover"
toyota,BG,TOYOTA COROLLA,HEV,S1,1487,14678.9087,,,"r_fleet <= 0: benchmark non-declining, no crossover"
toyota,BG,TOYOTA COROLLA,ICE,S1,318,8506.3109,,,"r_fleet <= 0: benchmark non-declining, no crossover"
toyota,BG,TOYOTA GR YARIS,ICE,S1,4,-8937.2696,,,"r_fleet <= 0: benchmark non-declining, no crossover"
toyota,BG,TOYOTA HIGHLANDER,HEV,S1,120,727.716,,,"r_fleet <= 0: benchmark non-declining, no crossover"
toyota,BG,TOYOTA LAND CRUISER,ICE,S1,63,-29536.2335,,,"r_fleet <= 0: benchmark non-declining, no crossover"
toyota,BG,TOYOTA LAND CRUISER (150 SERIES),ICE,S1,84,-23223.8896,,,"r_fleet <= 0: benchmark non-declining, no crossover"
toyota,BG,TOYOTA LAND CRUISER 150 SERIES,ICE,S1,1,-23479.3389,,,"r_fleet <= 0: benchmark non-declining, no crossover"
toyota,BG,TOYOTA RAV4,HEV,S1,388,8186.6459,,,"r_fleet <= 0: benchmark non-declining, no crossover"
toyota,BG,TOYOTA RAV4,ICE,S1,18,103.942,,,"r_fleet <= 0: benchmark non-declining, no crossover"
toyota,BG,TOYOTA YARIS,HEV,S1,501,19172.8566,,,"r_fleet <= 0: benchmark non-declining, no crossover"
toyota,BG,TOYOTA YARIS,ICE,S1,227,10322.6089,,,"r_fleet <= 0: benchmark non-declining, no crossover"
toyota,BG,TOYOTA YARIS CROSS,HEV,S1,454,15085.6954,,,"r_fleet <= 0: benchmark non-declining, no crossover"
toyota,BG,TOYOTA YARIS CROSS,ICE,S1,205,7778.3026,,,"r_fleet <= 0: benchmark non-declining, no crossover"
toyota,CY,PROACE,ICE,S1,1,-22947.8686,,,crossover before sale year (product already above benchmark at t=0)
toyota,CY,TOYOTA RAV4,HEV,S1,6,-3996.3737,4.212,2028.2,within lifetime
toyota,CZ,C-HR,HEV,S1,1,5262.2904,56.349,2080.3,after lifetime
toyota,CZ,GR YARIS,ICE,S1,2,-8423.2708,,,crossover before sale year (product already above benchmark at t=0)
toyota,CZ,PROACE,BEV,S1,13,13195.207,,,never crosses: below benchmark at sale and the grid decarbonises at least as fast as the fleet benchmark
toyota,CZ,PROACE,ICE,S1,1202,-11068.3574,,,crossover before sale year (product already above benchmark at t=0)
toyota,CZ,PROACE CITY VERSO,ICE,S1,2046,-1922.9347,,,crossover before sale year (product already above benchmark at t=0)
toyota,CZ,PROACE CITY VERSO ELECTRIC,BEV,S1,70,16734.616,,,never crosses: below benchmark at sale and the grid decarbonises at least as fast as the fleet benchmark
toyota,CZ,TOYOTA AYGO X,ICE,S1,885,5713.7503,61.057,2085.1,after lifetime
toyota,CZ,TOYOTA BZ4X,BEV,S1,100,19383.7754,,,never crosses: below benchmark at sale and the grid decarbonises at least as fast as the fleet benchmark
toyota,CZ,TOYOTA C-HR,HEV,S1,1126,5350.5525,57.262,2081.3,after lifetime
toyota,CZ,TOYOTA CAMRY,HEV,S1,470,3093.2648,34.955,2059.0,after lifetime
toyota,CZ,TOYOTA COROLLA,HEV,S1,3997,6140.4263,65.595,2089.6,after lifetime
toyota,CZ,TOYOTA COROLLA,ICE,S1,837,1544.9931,20.79,2044.8,after lifetime
toyota,CZ,TOYOTA GR 86,ICE,S1,63,-12314.3348,,,crossover before sale year (product already above benchmark at t=0)
toyota,CZ,TOYOTA GR YARIS,ICE,S1,205,-12427.1603,,,crossover before sale year (product already above benchmark at t=0)
toyota,CZ,TOYOTA HIGHLANDER,HEV,S1,397,-4431.8093,,,crossover before sale year (product already above benchmark at t=0)
toyota,CZ,TOYOTA LAND CRUISER,ICE,S1,302,-27940.5071,,,crossover before sale year (product already above benchmark at t=0)
toyota,CZ,TOYOTA LAND CRUISER (150 SERIES),ICE,S1,79,-22895.7941,,,crossover before sale year (product already above benchmark at t=0)
toyota,CZ,TOYOTA RAV4,HEV,S1,2724,1130.2047,17.135,2041.1,after lifetime
toyota,CZ,TOYOTA RAV4,ICE,S1,12,-4747.3969,,,crossover before sale year (product already above benchmark at t=0)
toyota,CZ,TOYOTA SUPRA,ICE,S1,14,-8726.7828,,,crossover before sale year (product already above benchmark at t=0)
toyota,CZ,TOYOTA YARIS,HEV,S1,800,9109.0983,99.843,2123.8,after lifetime
toyota,CZ,TOYOTA YARIS,ICE,S1,727,2872.9187,32.886,2056.9,after lifetime
toyota,CZ,TOYOTA YARIS CROSS,HEV,S1,1822,6091.6867,65.072,2089.1,after lifetime
toyota,CZ,TOYOTA YARIS CROSS,ICE,S1,534,1054.9427,16.478,2040.5,after lifetime
toyota,DE,,HEV,S1,2,-37473.5648,,,crossover before sale year (product already above benchmark at t=0)
toyota,DE,FJ CRUISER,ICE,S1,9,-35081.7777,,,crossover before sale year (product already above benchmark at t=0)
toyota,DE,LAND CRUISER,ICE,S1,19,-42369.2412,,,crossover before sale year (product already above benchmark at t=0)
toyota,DE,LAND CRUISER I-FORCE MAX,HEV,S1,2,-30692.6051,,,crossover before sale year (product already above benchmark at t=0)
toyota,DE,PROACE,BEV,S1,28,10655.0506,,,never crosses: below benchmark at sale and the grid decarbonises at least as fast as the fleet benchmark
toyota,DE,PROACE,ICE,S1,2756,-18891.906,,,crossover before sale year (product already above benchmark at t=0)
toyota,DE,PROACE CITY VERSO,ICE,S1,2944,-8884.4493,,,crossover before sale year (product already above benchmark at t=0)
toyota,DE,PROACE CITY VERSO ELECTRIC,BEV,S1,67,13635.2582,,,never crosses: below benchmark at sale and the grid decarbonises at least as fast as the fleet benchmark
toyota,DE,PROACE VERSO,ICE,S1,14,-18086.6601,,,crossover before sale year (product already above benchmark at t=0)
toyota,DE,TOYOTA AYGO,HEV,S1,1,2337.2306,10.828,2034.8,within lifetime
toyota,DE,TOYOTA AYGO X,HEV,S1,2,2337.2306,10.828,2034.8,within lifetime
toyota,DE,TOYOTA AYGO X,ICE,S1,18051,-1003.3829,5.129,2029.1,within lifetime
toyota,DE,TOYOTA BZ4X,BEV,S1,1550,15661.5797,,,never crosses: below benchmark at sale and the grid decarbonises at least as fast as the fleet benchmark
toyota,DE,TOYOTA C-HR,HEV,S1,10014,-1201.2711,4.817,2028.8,within lifetime
toyota,DE,TOYOTA CAMRY,HEV,S1,52,-4363.8013,0.155,2024.2,within lifetime
toyota,DE,TOYOTA CARMY,HEV,S1,1,-725.1383,5.572,2029.6,within lifetime
toyota,DE,TOYOTA COROLLA,HEV,S1,17111,-754.1871,5.525,2029.5,within lifetime
toyota,DE,TOYOTA COROLLA,ICE,S1,4,-1844.4907,3.82,2027.8,within lifetime
toyota,DE,TOYOTA GR 86,ICE,S1,553,-20293.3793,,,crossover before sale year (product already above benchmark at t=0)
toyota,DE,TOYOTA GR YARIS,ICE,S1,2100,-19597.7412,,,crossover before sale year (product already above benchmark at t=0)
toyota,DE,TOYOTA HIGHLANDER,HEV,S1,90,-12085.0613,,,crossover before sale year (product already above benchmark at t=0)
toyota,DE,TOYOTA HIGHLANDER,ICE,S1,1,-11094.9978,,,crossover before sale year (product already above benchmark at t=0)
toyota,DE,TOYOTA LAND CRUISER,ICE,S1,972,-36663.8081,,,crossover before sale year (product already above benchmark at t=0)
toyota,DE,TOYOTA LAND CRUISER (150 SERIES),ICE,S1,538,-31388.2224,,,crossover before sale year (product already above benchmark at t=0)
toyota,DE,TOYOTA LAND CRUISER 150,ICE,S1,2,-32177.5488,,,crossover before sale year (product already above benchmark at t=0)
toyota,DE,TOYOTA LAND CRUISER 250,HEV,S1,1,-37692.3054,,,crossover before sale year (product already above benchmark at t=0)
toyota,DE,TOYOTA LANDCRUISER 300,ICE,S1,2,-41858.312,,,crossover before sale year (product already above benchmark at t=0)
toyota,DE,TOYOTA RAV4,HEV,S1,5201,-5603.9732,,,crossover before sale year (product already above benchmark at t=0)
toyota,DE,TOYOTA RAV4,ICE,S1,6,-11740.382,,,crossover before sale year (product already above benchmark at t=0)
toyota,DE,TOYOTA SUPRA,ICE,S1,219,-17117.5942,,,crossover before sale year (product already above benchmark at t=0)
toyota,DE,TOYOTA YARIS,HEV,S1,13344,2718.1455,11.537,2035.5,within lifetime
toyota,DE,TOYOTA YARIS,ICE,S1,1073,-4559.5575,,,crossover before sale year (product already above benchmark at t=0)
toyota,DE,TOYOTA YARIS CROSS,HEV,S1,16507,167.1266,7.029,2031.0,within lifetime
toyota,DE,TOYOTA YARIS CROSS,ICE,S1,1,-6147.0521,,,crossover before sale year (product already above benchmark at t=0)
toyota,DE,YARIS CROSS,HEV,S1,5,-4006.2478,0.654,2024.7,within lifetime
toyota,DK,COROLLA CROSS,ICE,S1,1,-2955.6554,3.407,2027.4,within lifetime
toyota,DK,LAND CRUISER 150,ICE,S1,13,-34111.3171,,,crossover before sale year (product already above benchmark at t=0)
toyota,DK,LAND CRUISER 250,ICE,S1,8,-38125.9192,,,crossover before sale year (product already above benchmark at t=0)
toyota,DK,PROACE,BEV,S1,41,18364.6259,,,never crosses: below benchmark at sale and the grid decarbonises at least as fast as the fleet benchmark
toyota,DK,PROACE,ICE,S1,58,-20116.4174,,,crossover before sale year (product already above benchmark at t=0)
toyota,DK,PROACE CITY VERSO,ICE,S1,57,-10511.1114,,,crossover before sale year (product already above benchmark at t=0)
toyota,DK,PROACE CITY VERSO ELECTRIC,BEV,S1,8,19014.5505,,,never crosses: below benchmark at sale and the grid decarbonises at least as fast as the fleet benchmark
toyota,DK,RAV 4,HEV,S1,1,-6653.9184,,,crossover before sale year (product already above benchmark at t=0)
toyota,DK,SIENNA,ICE,S1,1,-65001.8175,,,crossover before sale year (product already above benchmark at t=0)
toyota,DK,TOYOTA AYGO X,ICE,S1,2540,-2211.64,4.18,2028.2,within lifetime
toyota,DK,TOYOTA BZ4X,BEV,S1,1792,19622.3664,,,never crosses: below benchmark at sale and the grid decarbonises at least as fast as the fleet benchmark
toyota,DK,TOYOTA C-HR,HEV,S1,796,-2292.0568,4.095,2028.1,within lifetime
toyota,DK,TOYOTA CAMRY,HEV,S1,6,-5777.695,0.673,2024.7,within lifetime
toyota,DK,TOYOTA COROLLA,HEV,S1,2081,-2665.1307,3.706,2027.7,within lifetime
toyota,DK,TOYOTA GR 86,ICE,S1,6,-21303.8043,,,crossover before sale year (product already above benchmark at t=0)
toyota,DK,TOYOTA GR YARIS,ICE,S1,5,-22732.8696,,,crossover before sale year (product already above benchmark at t=0)
toyota,DK,TOYOTA RAV4,HEV,S1,470,-6664.1702,,,crossover before sale year (product already above benchmark at t=0)
toyota,DK,TOYOTA RAV4,ICE,S1,21,-12865.8063,,,crossover before sale year (product already above benchmark at t=0)
toyota,DK,TOYOTA SUPRA,ICE,S1,1,-21052.4527,,,crossover before sale year (product already above benchmark at t=0)
toyota,DK,TOYOTA YARIS,HEV,S1,2208,1753.1377,8.757,2032.8,within lifetime
toyota,DK,TOYOTA YARIS,ICE,S1,355,-4908.5583,1.483,2025.5,within lifetime
toyota,DK,TOYOTA YARIS CROSS,HEV,S1,2224,-953.9323,5.544,2029.5,within lifetime
toyota,EE,COROLLA,HEV,S1,5,5097.3162,16.72,2040.7,within lifetime
toyota,EE,PROACE,ICE,S1,126,-13355.6914,,,crossover before sale year (product already above benchmark at t=0)
toyota,EE,PROACE CITY VERSO,ICE,S1,97,-4020.7326,6.002,2030.0,within lifetime
toyota,EE,RAV4,HEV,S1,2,-355.5177,9.855,2033.9,within lifetime
toyota,EE,TOYOTA BZ4X,BEV,S1,81,20646.9942,,,never crosses: below benchmark at sale and the grid decarbonises at least as fast as the fleet benchmark
toyota,EE,TOYOTA C-HR,HEV,S1,382,3538.4436,14.589,2038.6,within lifetime
toyota,EE,TOYOTA CAMRY,HEV,S1,136,1824.7105,12.411,2036.4,within lifetime
toyota,EE,TOYOTA COROLLA,HEV,S1,1245,3253.353,14.215,2038.2,within lifetime
toyota,EE,TOYOTA COROLLA,ICE,S1,38,-481.42,9.714,2033.7,within lifetime
toyota,EE,TOYOTA GR YARIS,ICE,S1,46,-13850.5039,,,crossover before sale year (product already above benchmark at t=0)
toyota,EE,TOYOTA HIGHLANDER,HEV,S1,161,-6494.6679,3.66,2027.7,within lifetime
toyota,EE,TOYOTA LAND CRUISER,ICE,S1,237,-30214.8313,,,crossover before sale year (product already above benchmark at t=0)
toyota,EE,TOYOTA LAND CRUISER (150 SERIES),ICE,S1,8,-26381.9825,,,crossover before sale year (product already above benchmark at t=0)
toyota,EE,TOYOTA RAV4,HEV,S1,839,-934.9379,9.211,2033.2,within lifetime
toyota,EE,TOYOTA RAV4,ICE,S1,62,-6750.5489,3.428,2027.4,within lifetime
toyota,EE,TOYOTA YARIS,HEV,S1,203,7077.9501,19.671,2043.7,within lifetime
toyota,EE,TOYOTA YARIS,ICE,S1,51,821.7757,11.208,2035.2,within lifetime
toyota,EE,TOYOTA YARIS CROSS,HEV,S1,516,4265.0697,15.563,2039.6,within lifetime
toyota,EE,TOYOTA YARIS CROSS,ICE,S1,39,-1331.0258,8.779,2032.8,within lifetime
toyota,EE,YARIS CROSS,HEV,S1,1,4891.5489,16.43,2040.4,within lifetime
toyota,ES,LAND CRUISER,ICE,S1,1,-47598.284,,,crossover before sale year (product already above benchmark at t=0)
toyota,ES,PROACE,BEV,S1,59,28110.6776,,,never crosses: below benchmark at sale and the grid decarbonises at least as fast as the fleet benchmark
toyota,ES,PROACE,ICE,S1,1236,-25568.5701,,,crossover before sale year (product already above benchmark at t=0)
toyota,ES,PROACE CITY VERSO,ICE,S1,3949,-10866.0684,,,crossover before sale year (product already above benchmark at t=0)
toyota,ES,PROACE CITY VERSO ELECTRIC,BEV,S1,126,29430.8117,,,never crosses: below benchmark at sale and the grid decarbonises at least as fast as the fleet benchmark
toyota,ES,TOYOTA AYGO X,ICE,S1,4103,-347.6971,9.123,2033.1,within lifetime
toyota,ES,TOYOTA BZ4X,BEV,S1,354,30017.0378,,,never crosses: below benchmark at sale and the grid decarbonises at least as fast as the fleet benchmark
toyota,ES,TOYOTA C-HR,HEV,S1,16422,-315.0064,9.165,2033.2,within lifetime
toyota,ES,TOYOTA CAMRY,HEV,S1,110,-3910.7465,4.737,2028.7,within lifetime
toyota,ES,TOYOTA COROLLA,HEV,S1,22982,1507.3059,11.596,2035.6,within lifetime
toyota,ES,TOYOTA GR 86,ICE,S1,133,-26791.4913,,,crossover before sale year (product already above benchmark at t=0)
toyota,ES,TOYOTA GR YARIS,ICE,S1,453,-27866.2601,,,crossover before sale year (product already above benchmark at t=0)
toyota,ES,TOYOTA HIGHLANDER,HEV,S1,330,-15800.5669,,,crossover before sale year (product already above benchmark at t=0)
toyota,ES,TOYOTA LAND CRUISER,ICE,S1,708,-50684.723,,,crossover before sale year (product already above benchmark at t=0)
toyota,ES,TOYOTA LAND CRUISER (150 SERIES),ICE,S1,984,-42778.8958,,,crossover before sale year (product already above benchmark at t=0)
toyota,ES,TOYOTA LANDCRUISER 150,ICE,S1,1,-47598.284,,,crossover before sale year (product already above benchmark at t=0)
toyota,ES,TOYOTA LANDCRUISER(1,ICE,S1,30,-47598.284,,,crossover before sale year (product already above benchmark at t=0)
toyota,ES,TOYOTA RAV4,HEV,S1,11176,-6802.9056,1.479,2025.5,within lifetime
toyota,ES,TOYOTA RAV4,ICE,S1,8,-15061.7505,,,crossover before sale year (product already above benchmark at t=0)
toyota,ES,TOYOTA SUPRA,ICE,S1,12,-25857.0029,,,crossover before sale year (product already above benchmark at t=0)
toyota,ES,TOYOTA YARIS,HEV,S1,12734,4267.0414,15.559,2039.6,within lifetime
toyota,ES,TOYOTA YARIS,ICE,S1,2999,-2674.3118,6.209,2030.2,within lifetime
toyota,ES,TOYOTA YARIS CROSS,HEV,S1,18329,313.2238,9.988,2034.0,within lifetime
toyota,ES,TOYOTA YARIS CROSS,ICE,S1,45,-6485.0449,1.825,2025.8,within lifetime
toyota,FI,PROACE,BEV,S1,5,11333.4236,,,never crosses: below benchmark at sale and the grid decarbonises at least as fast as the fleet benchmark
toyota,FI,PROACE,ICE,S1,60,-43844.4518,,,crossover before sale year (product already above benchmark at t=0)
toyota,FI,PROACE CITY VERSO,ICE,S1,39,-30801.9192,,,crossover before sale year (product already above benchmark at t=0)
toyota,FI,PROACE CITY VERSO ELECTRIC,BEV,S1,9,11728.3438,,,never crosses: below benchmark at sale and the grid decarbonises at least as fast as the fleet benchmark
toyota,FI,RAV4,HEV,S1,1,-26263.581,,,crossover before sale year (product already above benchmark at t=0)
toyota,FI,TOYOTA AYGO X,ICE,S1,93,-19858.8853,,,crossover before sale year (product already above benchmark at t=0)
toyota,FI,TOYOTA BZ4X,BEV,S1,269,11975.3612,,,never crosses: below benchmark at sale and the grid decarbonises at least as fast as the fleet benchmark
toyota,FI,TOYOTA C-HR,HEV,S1,1087,-19487.1326,,,crossover before sale year (product already above benchmark at t=0)
toyota,FI,TOYOTA CAMRY,HEV,S1,87,-24144.1571,,,crossover before sale year (product already above benchmark at t=0)
toyota,FI,TOYOTA COROLLA,HEV,S1,3714,-18369.0857,0.162,2024.2,within lifetime
toyota,FI,TOYOTA GR YARIS,ICE,S1,31,-45565.0984,,,crossover before sale year (product already above benchmark at t=0)
toyota,FI,TOYOTA LAND CRUISER,ICE,S1,12,-68895.5066,,,crossover before sale year (product already above benchmark at t=0)
toyota,FI,TOYOTA LAND CRUISER (150 SERIES),ICE,S1,1,-60886.4157,,,crossover before sale year (product already above benchmark at t=0)
toyota,FI,TOYOTA RAV4,HEV,S1,652,-25041.5951,,,crossover before sale year (product already above benchmark at t=0)
toyota,FI,TOYOTA RAV4,ICE,S1,3,-33258.7262,,,crossover before sale year (product already above benchmark at t=0)
toyota,FI,TOYOTA SUPRA,ICE,S1,3,-38745.0857,,,crossover before sale year (product already above benchmark at t=0)
toyota,FI,TOYOTA YARIS,HEV,S1,2298,-13750.1044,1.805,2025.8,within lifetime
toyota,FI,TOYOTA YARIS,ICE,S1,69,-23329.6285,,,crossover before sale year (product already above benchmark at t=0)
toyota,FI,TOYOTA YARIS CROSS,HEV,S1,2895,-17890.8107,0.321,2024.3,within lifetime
toyota,FR,PROACE,BEV,S1,834,22579.2994,,,never crosses: below benchmark at sale and the grid decarbonises at least as fast as the fleet benchmark
toyota,FR,PROACE,ICE,S1,975,-21395.1084,,,crossover before sale year (product already above benchmark at t=0)
toyota,FR,PROACE CITY VERSO,ICE,S1,608,-9977.5585,,,crossover before sale year (product already above benchmark at t=0)
toyota,FR,PROACE CITY VERSO ELECTRIC,BEV,S1,26,22944.2527,,,never crosses: below benchmark at sale and the grid decarbonises at least as fast as the fleet benchmark
toyota,FR,PROACE OR PROACE VERSO,BEV,S1,1,22620.5321,,,never crosses: below benchmark at sale and the grid decarbonises at least as fast as the fleet benchmark
toyota,FR,TOYOTA AYGO X,ICE,S1,14791,-1546.3644,4.723,2028.7,within lifetime
toyota,FR,TOYOTA BZ4X,BEV,S1,1354,23218.4351,,,never crosses: below benchmark at sale and the grid decarbonises at least as fast as the fleet benchmark
toyota,FR,TOYOTA C-HR,HEV,S1,16091,-1791.2927,4.26,2028.3,within lifetime
toyota,FR,TOYOTA CAMRY,HEV,S1,626,-5042.2027,,,crossover before sale year (product already above benchmark at t=0)
toyota,FR,TOYOTA COROLLA,HEV,S1,13780,-563.6665,6.628,2030.6,within lifetime
toyota,FR,TOYOTA COROLLA,ICE,S1,1,-7850.7948,,,crossover before sale year (product already above benchmark at t=0)
toyota,FR,TOYOTA GR 86,ICE,S1,6,-22482.8198,,,crossover before sale year (product already above benchmark at t=0)
toyota,FR,TOYOTA GR YARIS,ICE,S1,38,-23396.278,,,crossover before sale year (product already above benchmark at t=0)
toyota,FR,TOYOTA HIGHLANDER,HEV,S1,124,-13593.754,,,crossover before sale year (product already above benchmark at t=0)
toyota,FR,TOYOTA LAND CRUISER,ICE,S1,22,-40199.7334,,,crossover before sale year (product already above benchmark at t=0)
toyota,FR,TOYOTA LAND CRUISER (150 SERIES),ICE,S1,56,-33317.8364,,,crossover before sale year (product already above benchmark at t=0)
toyota,FR,TOYOTA RAV4,HEV,S1,7238,-6556.692,,,crossover before sale year (product already above benchmark at t=0)
toyota,FR,TOYOTA SUPRA,ICE,S1,13,-13454.5461,,,crossover before sale year (product already above benchmark at t=0)
toyota,FR,TOYOTA YARIS,HEV,S1,36104,2656.0952,13.445,2037.4,within lifetime
toyota,FR,TOYOTA YARIS,ICE,S1,2406,-4691.8901,,,crossover before sale year (product already above benchmark at t=0)
toyota,FR,TOYOTA YARIS CROSS,HEV,S1,35195,-717.1762,6.325,2030.3,within lifetime
toyota,FR,TOYOTA YARIS CROSS,ICE,S1,267,-7793.0761,,,crossover before sale year (product already above benchmark at t=0)
toyota,GR,PROACE,BEV,S1,7,7816.2518,,,never crosses: below benchmark at sale and the grid decarbonises at least as fast as the fleet benchmark
toyota,GR,PROACE,ICE,S1,101,-32755.0251,,,crossover before sale year (product already above benchmark at t=0)
toyota,GR,PROACE CITY,ICE,S1,1,-20998.5183,,,crossover before sale year (product already above benchmark at t=0)
toyota,GR,PROACE CITY VERSO,ICE,S1,324,-20601.1644,,,crossover before sale year (product already above benchmark at t=0)
toyota,GR,PROACE CITY VERSO ELECTRIC,BEV,S1,9,9872.6938,,,never crosses: below benchmark at sale and the grid decarbonises at least as fast as the fleet benchmark
toyota,GR,TOYOTA AYGO X,ICE,S1,2187,-10506.5382,,,crossover before sale year (product already above benchmark at t=0)
toyota,GR,TOYOTA BZ4X,BEV,S1,36,11981.227,,,never crosses: below benchmark at sale and the grid decarbonises at least as fast as the fleet benchmark
toyota,GR,TOYOTA C-HR,HEV,S1,2695,-10274.309,,,crossover before sale year (product already above benchmark at t=0)
toyota,GR,TOYOTA COROLLA,HEV,S1,2338,-11195.6052,,,crossover before sale year (product already above benchmark at t=0)
toyota,GR,TOYOTA COROLLA,ICE,S1,160,-15356.1955,,,crossover before sale year (product already above benchmark at t=0)
toyota,GR,TOYOTA GR YARIS,ICE,S1,21,-35082.0147,,,crossover before sale year (product already above benchmark at t=0)
toyota,GR,TOYOTA LAND CRUISER,ICE,S1,11,-54113.3048,,,crossover before sale year (product already above benchmark at t=0)
toyota,GR,TOYOTA RAV4,HEV,S1,266,-16088.4012,,,crossover before sale year (product already above benchmark at t=0)
toyota,GR,TOYOTA RAV4,ICE,S1,3,-23842.3008,,,crossover before sale year (product already above benchmark at t=0)
toyota,GR,TOYOTA SUPRA,ICE,S1,2,-29271.34,,,crossover before sale year (product already above benchmark at t=0)
toyota,GR,TOYOTA YARIS,HEV,S1,4714,-5732.5456,,,crossover before sale year (product already above benchmark at t=0)
toyota,GR,TOYOTA YARIS,ICE,S1,2079,-13941.9825,,,crossover before sale year (product already above benchmark at t=0)
toyota,GR,TOYOTA YARIS CROSS,HEV,S1,7812,-8737.6936,,,crossover before sale year (product already above benchmark at t=0)
toyota,GR,TOYOTA YARIS CROSS,ICE,S1,352,-16552.1611,,,crossover before sale year (product already above benchmark at t=0)
toyota,HR,C-HR,HEV,S1,2,16887.978,74.967,2099.0,after lifetime
toyota,HR,COROLLA,HEV,S1,6,18240.9512,81.544,2105.5,after lifetime
toyota,HR,PROACE,ICE,S1,19,-8317.417,,,crossover before sale year (product already above benchmark at t=0)
toyota,HR,PROACE CITY,ICE,S1,2,8248.2368,38.202,2062.2,after lifetime
toyota,HR,PROACE CITY VERSO,ICE,S1,64,7039.1468,33.653,2057.7,after lifetime
toyota,HR,TOYOTA AYGO X,ICE,S1,120,17910.7314,79.915,2103.9,after lifetime
toyota,HR,TOYOTA BZ4X,BEV,S1,8,46077.9205,,,never crosses: below benchmark at sale and the grid decarbonises at least as fast as the fleet benchmark
toyota,HR,TOYOTA C-HR,HEV,S1,485,17952.7657,80.121,2104.1,after lifetime
toyota,HR,TOYOTA CAMRY,HEV,S1,9,12273.9499,54.322,2078.3,after lifetime
toyota,HR,TOYOTA COROLLA,HEV,S1,529,17700.7048,78.886,2102.9,after lifetime
toyota,HR,TOYOTA COROLLA,ICE,S1,554,11704.1615,51.943,2075.9,after lifetime
toyota,HR,TOYOTA GR YARIS,ICE,S1,4,-10866.9003,,,crossover before sale year (product already above benchmark at t=0)
toyota,HR,TOYOTA HIGHLANDER,HEV,S1,15,1921.9079,15.676,2039.7,within lifetime
toyota,HR,TOYOTA LAND CRUISER,ICE,S1,12,-33180.6985,,,crossover before sale year (product already above benchmark at t=0)
toyota,HR,TOYOTA RAV4,HEV,S1,288,10958.9123,48.881,2072.9,after lifetime
toyota,HR,TOYOTA RAV4,ICE,S1,3,2516.2444,17.666,2041.7,within lifetime
toyota,HR,TOYOTA SUPRA,ICE,S1,1,-9254.7803,,,crossover before sale year (product already above benchmark at t=0)
toyota,HR,TOYOTA YARIS,HEV,S1,263,23417.4249,109.447,2133.4,after lifetime
toyota,HR,TOYOTA YARIS,ICE,S1,459,13471.782,59.439,2083.4,after lifetime
toyota,HR,TOYOTA YARIS CROSS,HEV,S1,722,19669.9205,88.788,2112.8,after lifetime
toyota,HR,TOYOTA YARIS CROSS,ICE,S1,429,10626.0678,47.532,2071.5,after lifetime
toyota,HR,YARIS,HEV,S1,48,23132.5178,107.783,2131.8,after lifetime
toyota,HR,YARIS,ICE,S1,7,1492.6864,14.253,2038.3,within lifetime
toyota,HR,YARIS CROSS,HEV,S1,77,19706.1388,88.976,2113.0,after lifetime
toyota,HR,YARIS CROSS,ICE,S1,1,10397.7302,46.613,2070.6,after lifetime
toyota,HU,PROACE,BEV,S1,4,31882.2305,,,never crosses: below benchmark at sale and the grid decarbonises at least as fast as the fleet benchmark
toyota,HU,PROACE,ICE,S1,230,-25055.6405,,,crossover before sale year (product already above benchmark at t=0)
toyota,HU,PROACE CITY VERSO,ICE,S1,309,-9535.6174,,,crossover before sale year (product already above benchmark at t=0)
toyota,HU,PROACE CITY VERSO ELECTRIC,BEV,S1,12,33336.3477,,,never crosses: below benchmark at sale and the grid decarbonises at least as fast as the fleet benchmark
toyota,HU,TOYOTA AYGO X,ICE,S1,835,3017.9341,28.307,2052.3,after lifetime
toyota,HU,TOYOTA BZ4X,BEV,S1,53,34614.4266,,,never crosses: below benchmark at sale and the grid decarbonises at least as fast as the fleet benchmark
toyota,HU,TOYOTA C-HR,HEV,S1,2229,2422.345,24.76,2048.8,after lifetime
toyota,HU,TOYOTA CAMRY,HEV,S1,400,-492.8062,8.184,2032.2,within lifetime
toyota,HU,TOYOTA COROLLA,HEV,S1,3903,3278.4838,29.878,2053.9,after lifetime
toyota,HU,TOYOTA COROLLA,ICE,S1,619,-4058.6404,,,crossover before sale year (product already above benchmark at t=0)
toyota,HU,TOYOTA GR 86,ICE,S1,43,-26722.627,,,crossover before sale year (product already above benchmark at t=0)
toyota,HU,TOYOTA GR YARIS,ICE,S1,19,-24887.3991,,,crossover before sale year (product already above benchmark at t=0)
toyota,HU,TOYOTA HIGHLANDER,HEV,S1,211,-14003.2001,,,crossover before sale year (product already above benchmark at t=0)
toyota,HU,TOYOTA LAND CRUISER,ICE,S1,101,-52702.7813,,,crossover before sale year (product already above benchmark at t=0)
toyota,HU,TOYOTA LAND CRUISER (150 SERIES),ICE,S1,20,-43825.3341,,,crossover before sale year (product already above benchmark at t=0)
toyota,HU,TOYOTA RAV4,HEV,S1,1300,-4395.9985,,,crossover before sale year (product already above benchmark at t=0)
toyota,HU,TOYOTA RAV4,ICE,S1,3,-13847.1277,,,crossover before sale year (product already above benchmark at t=0)
toyota,HU,TOYOTA SUPRA,ICE,S1,5,-15300.6165,,,crossover before sale year (product already above benchmark at t=0)
toyota,HU,TOYOTA YARIS,HEV,S1,1034,8252.9833,62.252,2086.3,after lifetime
toyota,HU,TOYOTA YARIS,ICE,S1,598,-1826.2468,1.002,2025.0,within lifetime
toyota,HU,TOYOTA YARIS CROSS,HEV,S1,1859,4209.7603,35.584,2059.6,after lifetime
toyota,HU,TOYOTA YARIS CROSS,ICE,S1,267,-4783.2376,,,crossover before sale year (product already above benchmark at t=0)
toyota,IE,PROACE,ICE,S1,37,-31764.1688,,,crossover before sale year (product already above benchmark at t=0)
toyota,IE,TOYOTA AYGO X,ICE,S1,415,-4497.2194,3.915,2027.9,within lifetime
toyota,IE,TOYOTA BZ4X,BEV,S1,394,23472.1438,,,never crosses: below benchmark at sale and the grid decarbonises at least as fast as the fleet benchmark
toyota,IE,TOYOTA C-HR,HEV,S1,1916,-4724.5394,3.72,2027.7,within lifetime
toyota,IE,TOYOTA CAMRY,HEV,S1,117,-10075.8556,,,crossover before sale year (product already above benchmark at t=0)
toyota,IE,TOYOTA COROLLA,HEV,S1,4686,-4222.3399,4.152,2028.2,within lifetime
toyota,IE,TOYOTA GR 86,ICE,S1,1,-33361.2246,,,crossover before sale year (product already above benchmark at t=0)
toyota,IE,TOYOTA GR YARIS,ICE,S1,1,-32402.9911,,,crossover before sale year (product already above benchmark at t=0)
toyota,IE,TOYOTA HIGHLANDER,HEV,S1,21,-21040.8738,,,crossover before sale year (product already above benchmark at t=0)
toyota,IE,TOYOTA LAND CRUISER,ICE,S1,1,-58594.7067,,,crossover before sale year (product already above benchmark at t=0)
toyota,IE,TOYOTA RAV4,HEV,S1,2866,-11245.7598,,,crossover before sale year (product already above benchmark at t=0)
toyota,IE,TOYOTA YARIS,HEV,S1,1763,1610.3252,9.687,2033.7,within lifetime
toyota,IE,TOYOTA YARIS,ICE,S1,582,-8311.5956,0.801,2024.8,within lifetime
toyota,IE,TOYOTA YARIS CROSS,HEV,S1,3350,-2993.4241,5.237,2029.2,within lifetime
toyota,IT,IQ,ICE,S1,1,-4730.0334,,,crossover before sale year (product already above benchmark at t=0)
toyota,IT,PROACE,BEV,S1,69,11544.0526,,,never crosses: below benchmark at sale and the grid decarbonises at least as fast as the fleet benchmark
toyota,IT,PROACE,ICE,S1,463,-25364.6221,,,crossover before sale year (product already above benchmark at t=0)
toyota,IT,PROACE CITY VERSO,ICE,S1,978,-13423.6831,,,crossover before sale year (product already above benchmark at t=0)
toyota,IT,PROACE CITY VERSO ELECTRIC,BEV,S1,20,15177.2241,,,never crosses: below benchmark at sale and the grid decarbonises at least as fast as the fleet benchmark
toyota,IT,PROACE F-STYLE WAV,ICE,S1,1,-13519.9064,,,crossover before sale year (product already above benchmark at t=0)
toyota,IT,RAV4,HEV,S1,1,-10215.0756,,,crossover before sale year (product already above benchmark at t=0)
toyota,IT,RAV4,ICE,S1,1,-24636.5104,,,crossover before sale year (product already above benchmark at t=0)
toyota,IT,TOYOTA AYGO X,ICE,S1,21278,-3970.7952,,,crossover before sale year (product already above benchmark at t=0)
toyota,IT,TOYOTA BZ4X,BEV,S1,249,17054.3286,,,never crosses: below benchmark at sale and the grid decarbonises at least as fast as the fleet benchmark
toyota,IT,TOYOTA C-HR,HEV,S1,14580,-4188.4291,,,crossover before sale year (product already above benchmark at t=0)
toyota,IT,TOYOTA C-HR,ICE,S1,1,-4212.982,,,crossover before sale year (product already above benchmark at t=0)
toyota,IT,TOYOTA COROLLA,HEV,S1,8591,-4232.6434,,,crossover before sale year (product already above benchmark at t=0)
toyota,IT,TOYOTA GR 86,ICE,S1,40,-27002.0204,,,crossover before sale year (product already above benchmark at t=0)
toyota,IT,TOYOTA GR YARIS,ICE,S1,617,-29642.7826,,,crossover before sale year (product already above benchmark at t=0)
toyota,IT,TOYOTA HIGHLANDER,HEV,S1,164,-17078.4803,,,crossover before sale year (product already above benchmark at t=0)
toyota,IT,TOYOTA LAND CRUISER,ICE,S1,396,-47048.5924,,,crossover before sale year (product already above benchmark at t=0)
toyota,IT,TOYOTA LAND CRUISER (150 SERIES),ICE,S1,9,-39401.1961,,,crossover before sale year (product already above benchmark at t=0)
toyota,IT,TOYOTA RAV4,HEV,S1,4688,-9491.4028,,,crossover before sale year (product already above benchmark at t=0)
toyota,IT,TOYOTA SUPRA,ICE,S1,82,-19771.8069,,,crossover before sale year (product already above benchmark at t=0)
toyota,IT,TOYOTA YARIS,HEV,S1,31619,645.8264,9.736,2033.7,within lifetime
toyota,IT,TOYOTA YARIS,ICE,S1,31,-7223.5652,,,crossover before sale year (product already above benchmark at t=0)
toyota,IT,TOYOTA YARIS CROSS,HEV,S1,36351,-3057.4439,1.746,2025.7,within lifetime
toyota,IT,TOYOTA YARIS CROSS,ICE,S1,1,-10417.5983,,,crossover before sale year (product already above benchmark at t=0)
toyota,IT,TOYOTA YARIS CROSS VAN,HEV,S1,1,-2066.1987,3.774,2027.8,within lifetime
toyota,IT,YARIS GR,ICE,S1,1,-26446.1901,,,crossover before sale year (product already above benchmark at t=0)
toyota,LT,PROACE,BEV,S1,1,22635.1942,,,never crosses: below benchmark at sale and the grid decarbonises at least as fast as the fleet benchmark
toyota,LT,PROACE,ICE,S1,99,-38498.5099,,,crossover before sale year (product already above benchmark at t=0)
toyota,LT,PROACE CITY VERSO,ICE,S1,289,-21673.0895,,,crossover before sale year (product already above benchmark at t=0)
toyota,LT,TOYOTA BZ4X,BEV,S1,34,24473.9112,,,never crosses: below benchmark at sale and the grid decarbonises at least as fast as the fleet benchmark
toyota,LT,TOYOTA C-HR,HEV,S1,731,-10227.4145,0.373,2024.4,within lifetime
toyota,LT,TOYOTA CAMRY,HEV,S1,87,-14058.7833,,,crossover before sale year (product already above benchmark at t=0)
toyota,LT,TOYOTA COROLLA,HEV,S1,1353,-10504.7706,0.145,2024.1,within lifetime
toyota,LT,TOYOTA COROLLA,ICE,S1,1,-16448.598,,,crossover before sale year (product already above benchmark at t=0)
toyota,LT,TOYOTA GR 86,ICE,S1,2,-40223.5321,,,crossover before sale year (product already above benchmark at t=0)
toyota,LT,TOYOTA GR YARIS,ICE,S1,18,-41767.5969,,,crossover before sale year (product already above benchmark at t=0)
toyota,LT,TOYOTA HIGHLANDER,HEV,S1,130,-26909.1291,,,crossover before sale year (product already above benchmark at t=0)
toyota,LT,TOYOTA LAND CRUISER,ICE,S1,152,-65789.5224,,,crossover before sale year (product already above benchmark at t=0)
toyota,LT,TOYOTA LAND CRUISER (150 SERIES),ICE,S1,39,-59061.4505,,,crossover before sale year (product already above benchmark at t=0)
toyota,LT,TOYOTA RAV4,HEV,S1,1050,-17537.4815,,,crossover before sale year (product already above benchmark at t=0)
toyota,LT,TOYOTA RAV4,ICE,S1,66,-27113.3302,,,crossover before sale year (product already above benchmark at t=0)
toyota,LT,TOYOTA YARIS,HEV,S1,274,-3877.8115,6.141,2030.1,within lifetime
toyota,LT,TOYOTA YARIS,ICE,S1,63,-14503.2391,,,crossover before sale year (product already above benchmark at t=0)
toyota,LT,TOYOTA YARIS CROSS,HEV,S1,1318,-9052.8219,1.362,2025.4,within lifetime
toyota,LT,TOYOTA YARIS CROSS,ICE,S1,38,-18281.5114,,,crossover before sale year (product already above benchmark at t=0)
toyota,LU,LAND CRUISER,ICE,S1,1,1351.033,5.932,2029.9,within lifetime
toyota,LU,PROACE,ICE,S1,24,11031.389,11.654,2035.7,within lifetime
toyota,LU,PROACE CITY VERSO,ICE,S1,102,18795.6044,17.595,2041.6,after lifetime
toyota,LU,TOYOTA AYGO X,ICE,S1,89,25474.2878,24.358,2048.4,after lifetime
toyota,LU,TOYOTA BZ4X,BEV,S1,21,42620.9487,,,never crosses: below benchmark at sale and the grid decarbonises at least as fast as the fleet benchmark
toyota,LU,TOYOTA C-HR,HEV,S1,93,25447.1508,24.326,2048.3,after lifetime
toyota,LU,TOYOTA CAMRY,HEV,S1,11,22705.413,21.305,2045.3,after lifetime
toyota,LU,TOYOTA COROLLA,HEV,S1,244,25545.2352,24.442,2048.4,after lifetime
toyota,LU,TOYOTA GR 86,ICE,S1,15,10163.8802,11.078,2035.1,within lifetime
toyota,LU,TOYOTA GR YARIS,ICE,S1,77,11163.8231,11.744,2035.7,within lifetime
toyota,LU,TOYOTA HIGHLANDER,HEV,S1,3,16688.6853,15.822,2039.8,after lifetime
toyota,LU,TOYOTA LAND CRUISER,ICE,S1,7,-3228.5598,3.658,2027.7,within lifetime
toyota,LU,TOYOTA LAND CRUISER (150 SERIES),ICE,S1,15,1810.6399,6.173,2030.2,within lifetime
toyota,LU,TOYOTA RAV4,HEV,S1,80,21638.6111,20.231,2044.2,after lifetime
toyota,LU,TOYOTA SUPRA,ICE,S1,6,12209.1113,12.461,2036.5,after lifetime
toyota,LU,TOYOTA YARIS,HEV,S1,276,28978.0329,28.926,2052.9,after lifetime
toyota,LU,TOYOTA YARIS,ICE,S1,21,23928.942,22.603,2046.6,after lifetime
toyota,LU,TOYOTA YARIS CROSS,HEV,S1,95,26134.6706,25.151,2049.2,after lifetime
toyota,LU,TOYOTA YARIS CROSS,ICE,S1,4,21516.0357,20.11,2044.1,after lifetime
toyota,LV,LAND CRUISER,ICE,S1,1,-61601.9426,,,crossover before sale year (product already above benchmark at t=0)
toyota,LV,PROACE,ICE,S1,87,-33666.2515,,,crossover before sale year (product already above benchmark at t=0)
toyota,LV,PROACE CITY,ICE,S1,5,-22157.1801,,,crossover before sale year (product already above benchmark at t=0)
toyota,LV,PROACE CITY VERSO,ICE,S1,85,-17215.1896,,,crossover before sale year (product already above benchmark at t=0)
toyota,LV,PROACE CITY VERSO ELECTRIC,BEV,S1,1,27876.7551,,,never crosses: below benchmark at sale and the grid decarbonises at least as fast as the fleet benchmark
toyota,LV,TOYOTA BZ4X,BEV,S1,36,28518.5358,,,never crosses: below benchmark at sale and the grid decarbonises at least as fast as the fleet benchmark
toyota,LV,TOYOTA C-HR,HEV,S1,226,-5451.4732,5.445,2029.4,within lifetime
toyota,LV,TOYOTA CAMRY,HEV,S1,57,-9032.4241,2.639,2026.6,within lifetime
toyota,LV,TOYOTA COROLLA,HEV,S1,789,-5133.3242,5.708,2029.7,within lifetime
toyota,LV,TOYOTA GR 86,ICE,S1,2,-35642.569,,,crossover before sale year (product already above benchmark at t=0)
toyota,LV,TOYOTA GR YARIS,ICE,S1,11,-36163.6107,,,crossover before sale year (product already above benchmark at t=0)
toyota,LV,TOYOTA HIGHLANDER,HEV,S1,73,-22105.056,,,crossover before sale year (product already above benchmark at t=0)
toyota,LV,TOYOTA LAND CRUISER,ICE,S1,114,-61578.2757,,,crossover before sale year (product already above benchmark at t=0)
toyota,LV,TOYOTA LAND CRUISER (150 SERIES),ICE,S1,14,-54835.1767,,,crossover before sale year (product already above benchmark at t=0)
toyota,LV,TOYOTA RAV4,HEV,S1,561,-12848.1559,,,crossover before sale year (product already above benchmark at t=0)
toyota,LV,TOYOTA RAV4,ICE,S1,42,-22197.2991,,,crossover before sale year (product already above benchmark at t=0)
toyota,LV,TOYOTA YARIS,HEV,S1,123,1088.802,11.349,2035.3,within lifetime
toyota,LV,TOYOTA YARIS,ICE,S1,30,-10290.0379,1.711,2025.7,within lifetime
toyota,LV,TOYOTA YARIS CROSS,HEV,S1,460,-4334.4036,6.376,2030.4,within lifetime
toyota,LV,TOYOTA YARIS CROSS,ICE,S1,35,-13661.3851,,,crossover before sale year (product already above benchmark at t=0)
toyota,MT,AYGO X,ICE,S1,3,7579.7615,203.762,2227.8,after lifetime
toyota,MT,COROLLA,HEV,S1,2,8744.5866,239.595,2263.6,after lifetime
toyota,MT,TOYOTA AYGO X,ICE,S1,376,7687.7583,206.999,2231.0,after lifetime
toyota,MT,TOYOTA C-HR,HEV,S1,27,7622.2593,205.034,2229.0,after lifetime
toyota,MT,TOYOTA COROLLA,HEV,S1,33,8979.8892,247.09,2271.1,after lifetime
toyota,MT,TOYOTA LAND CRUISER,ICE,S1,2,-23619.7394,,,crossover before sale year (product already above benchmark at t=0)
toyota,MT,TOYOTA YARIS,HEV,S1,253,10842.8968,309.846,2333.8,after lifetime
toyota,MT,TOYOTA YARIS,ICE,S1,20,5223.5006,137.023,2161.0,after lifetime
toyota,MT,TOYOTA YARIS CROSS,HEV,S1,325,8801.1206,241.388,2265.4,after lifetime
toyota,MT,YARIS,HEV,S1,4,11017.3094,316.058,2340.1,after lifetime
toyota,NL,PROACE,BEV,S1,110,10898.583,,,never crosses: below benchmark at sale and the grid decarbonises at least as fast as the fleet benchmark
toyota,NL,PROACE CITY VERSO,ICE,S1,9,-17991.076,,,crossover before sale year (product already above benchmark at t=0)
toyota,NL,PROACE CITY VERSO ELECTRIC,BEV,S1,7,12893.538,,,never crosses: below benchmark at sale and the grid decarbonises at least as fast as the fleet benchmark
toyota,NL,TOYOTA AYGO X,ICE,S1,7871,-8815.3098,,,crossover before sale year (product already above benchmark at t=0)
toyota,NL,TOYOTA BZ4X,BEV,S1,1032,14340.2795,,,never crosses: below benchmark at sale and the grid decarbonises at least as fast as the fleet benchmark
toyota,NL,TOYOTA C-HR,HEV,S1,2053,-8962.0956,,,crossover before sale year (product already above benchmark at t=0)
toyota,NL,TOYOTA CAMRY,HEV,S1,9,-13071.3073,,,crossover before sale year (product already above benchmark at t=0)
toyota,NL,TOYOTA COROLLA,HEV,S1,5329,-9440.9734,,,crossover before sale year (product already above benchmark at t=0)
toyota,NL,TOYOTA COROLLA,ICE,S1,1,-16957.9397,,,crossover before sale year (product already above benchmark at t=0)
toyota,NL,TOYOTA GR 86,ICE,S1,2,-31407.9256,,,crossover before sale year (product already above benchmark at t=0)
toyota,NL,TOYOTA GR YARIS,ICE,S1,7,-31713.0842,,,crossover before sale year (product already above benchmark at t=0)
toyota,NL,TOYOTA HIGHLANDER,HEV,S1,62,-21567.2554,,,crossover before sale year (product already above benchmark at t=0)
toyota,NL,TOYOTA LAND CRUISER,ICE,S1,7,-51027.5887,,,crossover before sale year (product already above benchmark at t=0)
toyota,NL,TOYOTA LAND CRUISER (150 SERIES),ICE,S1,27,-43875.3986,,,crossover before sale year (product already above benchmark at t=0)
toyota,NL,TOYOTA RAV4,HEV,S1,663,-14527.1306,,,crossover before sale year (product already above benchmark at t=0)
toyota,NL,TOYOTA SUPRA,ICE,S1,3,-28517.9284,,,crossover before sale year (product already above benchmark at t=0)
toyota,NL,TOYOTA YARIS,HEV,S1,5503,-4383.0772,1.451,2025.5,within lifetime
toyota,NL,TOYOTA YARIS,ICE,S1,201,-11740.565,,,crossover before sale year (product already above benchmark at t=0)
toyota,NL,TOYOTA YARIS CROSS,HEV,S1,5660,-7735.4008,,,crossover before sale year (product already above benchmark at t=0)
toyota,NL,TOYOTA YARIS CROSS,ICE,S1,74,-14835.4504,,,crossover before sale year (product already above benchmark at t=0)
toyota,PL,AURIS-TMPL,ICE,S1,1,-20718.9437,,,"r_fleet <= 0: benchmark non-declining, no crossover"
toyota,PL,AYGO X,ICE,S1,1,4444.2221,,,"r_fleet <= 0: benchmark non-declining, no crossover"
toyota,PL,C-HR,HEV,S1,2,2779.1807,,,"r_fleet <= 0: benchmark non-declining, no crossover"
toyota,PL,C-HR,ICE,S1,9,5210.2164,,,"r_fleet <= 0: benchmark non-declining, no crossover"
toyota,PL,CAMRY,HEV,S1,3,909.916,,,"r_fleet <= 0: benchmark non-declining, no crossover"
toyota,PL,COROLLA,HEV,S1,18,5154.7273,,,"r_fleet <= 0: benchmark non-declining, no crossover"
toyota,PL,COROLLA,ICE,S1,12,3094.1321,,,"r_fleet <= 0: benchmark non-declining, no crossover"
toyota,PL,HIGHLANDER,ICE,S1,1,-10033.2158,,,"r_fleet <= 0: benchmark non-declining, no crossover"
toyota,PL,PROACE,ICE,S1,1499,-26006.2763,,,"r_fleet <= 0: benchmark non-declining, no crossover"
toyota,PL,PROACE AMF-BRUNS,ICE,S1,1,-21063.6446,,,"r_fleet <= 0: benchmark non-declining, no crossover"
toyota,PL,PROACE CITY AMF-BRUNS,ICE,S1,11,-7745.6427,,,"r_fleet <= 0: benchmark non-declining, no crossover"
toyota,PL,PROACE CITY VERSO,ICE,S1,2888,-9672.4173,,,"r_fleet <= 0: benchmark non-declining, no crossover"
toyota,PL,PROACE VERSO,ICE,S1,3,-21293.4567,,,"r_fleet <= 0: benchmark non-declining, no crossover"
toyota,PL,PROCITY VERSO,ICE,S1,1,-7275.6086,,,"r_fleet <= 0: benchmark non-declining, no crossover"
toyota,PL,RAV4,HEV,S1,8,-3091.5156,,,"r_fleet <= 0: benchmark non-declining, no crossover"
toyota,PL,RAV4,ICE,S1,5,-1484.6334,,,"r_fleet <= 0: benchmark non-declining, no crossover"
toyota,PL,TOYOTA AYGO X,ICE,S1,4400,3074.4152,,,"r_fleet <= 0: benchmark non-declining, no crossover"
toyota,PL,TOYOTA C-HR,HEV,S1,14089,2737.9982,,,"r_fleet <= 0: benchmark non-declining, no crossover"
toyota,PL,TOYOTA C-HR,ICE,S1,4,4185.6964,,,"r_fleet <= 0: benchmark non-declining, no crossover"
toyota,PL,TOYOTA CAMRY,HEV,S1,3090,-1005.6484,,,"r_fleet <= 0: benchmark non-declining, no crossover"
toyota,PL,TOYOTA COROLLA,HEV,S1,28503,4361.8503,,,"r_fleet <= 0: benchmark non-declining, no crossover"
toyota,PL,TOYOTA COROLLA,ICE,S1,5202,-4301.8394,,,"r_fleet <= 0: benchmark non-declining, no crossover"
toyota,PL,TOYOTA GR 86,ICE,S1,3,-27727.8505,,,"r_fleet <= 0: benchmark non-declining, no crossover"
toyota,PL,TOYOTA GR YARIS,ICE,S1,480,-28623.3835,,,"r_fleet <= 0: benchmark non-declining, no crossover"
toyota,PL,TOYOTA HIGHLANDER,HEV,S1,1808,-14395.7778,,,"r_fleet <= 0: benchmark non-declining, no crossover"
toyota,PL,TOYOTA HIGHLANDER,ICE,S1,4,-10981.1432,,,"r_fleet <= 0: benchmark non-declining, no crossover"
toyota,PL,TOYOTA LAND CRUISER,ICE,S1,883,-54540.6169,,,"r_fleet <= 0: benchmark non-declining, no crossover"
toyota,PL,TOYOTA LAND CRUISER (150 SERIES),ICE,S1,11,-45819.4428,,,"r_fleet <= 0: benchmark non-declining, no crossover"
toyota,PL,TOYOTA RAV4,HEV,S1,9439,-4870.9849,,,"r_fleet <= 0: benchmark non-declining, no crossover"
toyota,PL,TOYOTA RAV4,ICE,S1,159,-15182.0476,,,"r_fleet <= 0: benchmark non-declining, no crossover"
toyota,PL,TOYOTA SUPRA,ICE,S1,10,-15272.6695,,,"r_fleet <= 0: benchmark non-declining, no crossover"
toyota,PL,TOYOTA YARIS,HEV,S1,8570,9167.7249,,,"r_fleet <= 0: benchmark non-declining, no crossover"
toyota,PL,TOYOTA YARIS,ICE,S1,5132,-1644.9193,,,"r_fleet <= 0: benchmark non-declining, no crossover"
toyota,PL,TOYOTA YARIS CROSS,HEV,S1,14350,4256.2479,,,"r_fleet <= 0: benchmark non-declining, no crossover"
toyota,PL,TOYOTA YARIS CROSS,ICE,S1,1244,-5125.6746,,,"r_fleet <= 0: benchmark non-declining, no crossover"
toyota,PL,YARIS,HEV,S1,2,11190.9246,,,"r_fleet <= 0: benchmark non-declining, no crossover"
toyota,PL,YARIS,ICE,S1,2,5650.6752,,,"r_fleet <= 0: benchmark non-declining, no crossover"
toyota,PL,YARIS CROSS,HEV,S1,4,6634.5633,,,"r_fleet <= 0: benchmark non-declining, no crossover"
toyota,PT,PROACE,BEV,S1,22,25901.9784,,,never crosses: below benchmark at sale and the grid decarbonises at least as fast as the fleet benchmark
toyota,PT,PROACE,ICE,S1,256,-30557.9702,,,crossover before sale year (product already above benchmark at t=0)
toyota,PT,PROACE CITY VERSO,ICE,S1,114,-14387.4865,,,crossover before sale year (product already above benchmark at t=0)
toyota,PT,PROACE CITY VERSO ELECTRIC,BEV,S1,26,26565.5909,,,never crosses: below benchmark at sale and the grid decarbonises at least as fast as the fleet benchmark
toyota,PT,TOYOTA AYGO X,ICE,S1,964,-4462.4187,2.562,2026.6,within lifetime
toyota,PT,TOYOTA BZ4X,BEV,S1,259,26964.1153,,,never crosses: below benchmark at sale and the grid decarbonises at least as fast as the fleet benchmark
toyota,PT,TOYOTA C-HR,HEV,S1,1123,-4613.276,2.34,2026.3,within lifetime
toyota,PT,TOYOTA CAMRY,HEV,S1,4,-9126.4746,,,crossover before sale year (product already above benchmark at t=0)
toyota,PT,TOYOTA COROLLA,HEV,S1,1664,-4347.3554,2.731,2026.7,within lifetime
toyota,PT,TOYOTA GR 86,ICE,S1,3,-31780.5295,,,crossover before sale year (product already above benchmark at t=0)
toyota,PT,TOYOTA GR YARIS,ICE,S1,61,-31816.7835,,,crossover before sale year (product already above benchmark at t=0)
toyota,PT,TOYOTA HIGHLANDER,HEV,S1,4,-20090.2189,,,crossover before sale year (product already above benchmark at t=0)
toyota,PT,TOYOTA LAND CRUISER,ICE,S1,7,-55967.0198,,,crossover before sale year (product already above benchmark at t=0)
toyota,PT,TOYOTA RAV4,HEV,S1,158,-11166.467,,,crossover before sale year (product already above benchmark at t=0)
toyota,PT,TOYOTA SUPRA,ICE,S1,1,-31277.8307,,,crossover before sale year (product already above benchmark at t=0)
toyota,PT,TOYOTA YARIS,HEV,S1,2085,933.5199,11.239,2035.2,within lifetime
toyota,PT,TOYOTA YARIS,ICE,S1,107,-9756.1843,,,crossover before sale year (product already above benchmark at t=0)
toyota,PT,TOYOTA YARIS CROSS,HEV,S1,3227,-2959.6981,4.826,2028.8,within lifetime
toyota,PT,TOYOTA YARIS CROSS,ICE,S1,31,-11750.8133,,,crossover before sale year (product already above benchmark at t=0)
toyota,RO,PROACE,BEV,S1,10,19132.403,,,never crosses: below benchmark at sale and the grid decarbonises at least as fast as the fleet benchmark
toyota,RO,PROACE,ICE,S1,111,-37910.4736,,,crossover before sale year (product already above benchmark at t=0)
toyota,RO,PROACE CITY VERSO,ICE,S1,35,-19614.7911,,,crossover before sale year (product already above benchmark at t=0)
toyota,RO,PROACE CITY VERSO ELECTRIC,BEV,S1,18,22539.3437,,,never crosses: below benchmark at sale and the grid decarbonises at least as fast as the fleet benchmark
toyota,RO,TOYOTA AYGO X,ICE,S1,391,-7502.0374,,,crossover before sale year (product already above benchmark at t=0)
toyota,RO,TOYOTA BZ4X,BEV,S1,48,24710.8863,,,never crosses: below benchmark at sale and the grid decarbonises at least as fast as the fleet benchmark
toyota,RO,TOYOTA C-HR,HEV,S1,1799,-8991.0613,,,crossover before sale year (product already above benchmark at t=0)
toyota,RO,TOYOTA CAMRY,HEV,S1,284,-12923.8071,,,crossover before sale year (product already above benchmark at t=0)
toyota,RO,TOYOTA COROLLA,HEV,S1,3561,-6492.8025,,,crossover before sale year (product already above benchmark at t=0)
toyota,RO,TOYOTA COROLLA,ICE,S1,203,-15104.0567,,,crossover before sale year (product already above benchmark at t=0)
toyota,RO,TOYOTA GR YARIS,ICE,S1,12,-35676.0578,,,crossover before sale year (product already above benchmark at t=0)
toyota,RO,TOYOTA HIGHLANDER,HEV,S1,321,-25745.8751,,,crossover before sale year (product already above benchmark at t=0)
toyota,RO,TOYOTA LAND CRUISER,ICE,S1,23,-67826.5262,,,crossover before sale year (product already above benchmark at t=0)
toyota,RO,TOYOTA LAND CRUISER (150 SERIES),ICE,S1,114,-59189.9734,,,crossover before sale year (product already above benchmark at t=0)
toyota,RO,TOYOTA RAV4,HEV,S1,2357,-15651.7459,,,crossover before sale year (product already above benchmark at t=0)
toyota,RO,TOYOTA RAV4,ICE,S1,11,-25994.9175,,,crossover before sale year (product already above benchmark at t=0)
toyota,RO,TOYOTA SUPRA,ICE,S1,7,-33833.7033,,,crossover before sale year (product already above benchmark at t=0)
toyota,RO,TOYOTA YARIS,HEV,S1,784,-631.2701,8.379,2032.4,within lifetime
toyota,RO,TOYOTA YARIS,ICE,S1,164,-12601.0973,,,crossover before sale year (product already above benchmark at t=0)
toyota,RO,TOYOTA YARIS CROSS,HEV,S1,1880,-5722.6387,,,crossover before sale year (product already above benchmark at t=0)
toyota,RO,TOYOTA YARIS CROSS,ICE,S1,80,-16137.0104,,,crossover before sale year (product already above benchmark at t=0)
toyota,SE,PROACE,BEV,S1,27,22161.6435,127.26,2151.3,after lifetime
toyota,SE,PROACE,ICE,S1,292,-25175.2606,,,crossover before sale year (product already above benchmark at t=0)
toyota,SE,PROACE CITY VERSO ELECTRIC,BEV,S1,11,22466.5185,136.482,2160.5,after lifetime
toyota,SE,TOYOTA AYGO X,ICE,S1,448,-4164.4542,2.891,2026.9,within lifetime
toyota,SE,TOYOTA BZ4X,BEV,S1,531,22786.8963,148.768,2172.8,after lifetime
toyota,SE,TOYOTA C-HR,HEV,S1,1217,-4527.8177,2.555,2026.6,within lifetime
toyota,SE,TOYOTA CAMRY,HEV,S1,138,-7503.7866,,,crossover before sale year (product already above benchmark at t=0)
toyota,SE,TOYOTA COROLLA,HEV,S1,6113,-4843.4304,2.266,2026.3,within lifetime
toyota,SE,TOYOTA GR YARIS,ICE,S1,74,-27935.7875,,,crossover before sale year (product already above benchmark at t=0)
toyota,SE,TOYOTA LAND CRUISER,ICE,S1,103,-47083.0014,,,crossover before sale year (product already above benchmark at t=0)
toyota,SE,TOYOTA RAV4,HEV,S1,3808,-9755.1286,,,crossover before sale year (product already above benchmark at t=0)
toyota,SE,TOYOTA SUPRA,ICE,S1,7,-25252.0755,,,crossover before sale year (product already above benchmark at t=0)
toyota,SE,TOYOTA YARIS,HEV,S1,2750,678.892,7.848,2031.8,within lifetime
toyota,SE,TOYOTA YARIS CROSS,HEV,S1,3137,-3398.7861,3.615,2027.6,within lifetime
toyota,SI,PROACE,BEV,S1,4,36005.1662,,,never crosses: below benchmark at sale and the grid decarbonises at least as fast as the fleet benchmark
toyota,SI,PROACE,ICE,S1,53,-12312.8646,,,crossover before sale year (product already above benchmark at t=0)
toyota,SI,PROACE CITY VERSO,ICE,S1,192,2099.2396,12.115,2036.1,within lifetime
toyota,SI,PROACE CITY VERSO ELECTRIC,BEV,S1,2,39624.1973,,,never crosses: below benchmark at sale and the grid decarbonises at least as fast as the fleet benchmark
toyota,SI,TOYOTA AYGO X,ICE,S1,26,13461.6,36.174,2060.2,after lifetime
toyota,SI,TOYOTA BZ4X,BEV,S1,22,40773.7719,,,never crosses: below benchmark at sale and the grid decarbonises at least as fast as the fleet benchmark
toyota,SI,TOYOTA C-HR,HEV,S1,362,13562.4722,36.422,2060.4,after lifetime
toyota,SI,TOYOTA CAMRY,HEV,S1,4,8102.7049,23.963,2048.0,after lifetime
toyota,SI,TOYOTA COROLLA,HEV,S1,717,13212.7534,35.565,2059.6,after lifetime
toyota,SI,TOYOTA COROLLA,ICE,S1,131,7172.1215,22.013,2046.0,after lifetime
toyota,SI,TOYOTA GR 86 /,ICE,S1,1,-14272.3016,,,crossover before sale year (product already above benchmark at t=0)
toyota,SI,TOYOTA GR YARIS,ICE,S1,25,-13765.4121,,,crossover before sale year (product already above benchmark at t=0)
toyota,SI,TOYOTA HIGHLANDER,HEV,S1,28,-2515.0998,4.029,2028.0,within lifetime
toyota,SI,TOYOTA LAND CRUISER,ICE,S1,30,-38040.473,,,crossover before sale year (product already above benchmark at t=0)
toyota,SI,TOYOTA LAND CRUISER (150 SERIES),ICE,S1,3,-29726.2492,,,crossover before sale year (product already above benchmark at t=0)
toyota,SI,TOYOTA RAV4,HEV,S1,244,6595.7527,20.827,2044.8,after lifetime
toyota,SI,TOYOTA RAV4,ICE,S1,6,-2321.2385,4.353,2028.4,within lifetime
toyota,SI,TOYOTA SUPRA,ICE,S1,3,-12108.7489,,,crossover before sale year (product already above benchmark at t=0)
toyota,SI,TOYOTA YARIS,HEV,S1,184,19387.3574,52.145,2076.1,after lifetime
toyota,SI,TOYOTA YARIS,ICE,S1,296,9049.5907,25.995,2050.0,after lifetime
toyota,SI,TOYOTA YARIS CROSS,HEV,S1,573,15265.3398,40.72,2064.7,after lifetime
toyota,SI,TOYOTA YARIS CROSS,ICE,S1,385,6156.6117,19.935,2043.9,after lifetime
toyota,SK,COROLLA,HEV,S1,1,-2829.9934,2.673,2026.7,within lifetime
toyota,SK,PROACE,BEV,S1,2,23675.5017,,,never crosses: below benchmark at sale and the grid decarbonises at least as fast as the fleet benchmark
toyota,SK,PROACE,ICE,S1,383,-23124.087,,,crossover before sale year (product already above benchmark at t=0)
toyota,SK,PROACE CITY VERSO,ICE,S1,884,-11709.8165,,,crossover before sale year (product already above benchmark at t=0)
toyota,SK,PROACE CITY VERSO ELECTRIC,BEV,S1,13,24306.6393,,,never crosses: below benchmark at sale and the grid decarbonises at least as fast as the fleet benchmark
toyota,SK,TOYOTA AYGO X,ICE,S1,218,-1782.0428,4.677,2028.7,within lifetime
toyota,SK,TOYOTA BZ4X,BEV,S1,36,24841.0413,,,never crosses: below benchmark at sale and the grid decarbonises at least as fast as the fleet benchmark
toyota,SK,TOYOTA C-HR,HEV,S1,1143,-2460.1921,3.372,2027.4,within lifetime
toyota,SK,TOYOTA CAMRY,HEV,S1,105,-5033.0817,,,crossover before sale year (product already above benchmark at t=0)
toyota,SK,TOYOTA COROLLA,HEV,S1,2166,-1358.9897,5.506,2029.5,within lifetime
toyota,SK,TOYOTA COROLLA,ICE,S1,364,-6843.7428,,,crossover before sale year (product already above benchmark at t=0)
toyota,SK,TOYOTA GR 86,ICE,S1,87,-24819.2657,,,crossover before sale year (product already above benchmark at t=0)
toyota,SK,TOYOTA GR YARIS,ICE,S1,55,-23599.645,,,crossover before sale year (product already above benchmark at t=0)
toyota,SK,TOYOTA HIGHLANDER,HEV,S1,209,-14623.7841,,,crossover before sale year (product already above benchmark at t=0)
toyota,SK,TOYOTA LAND CRUISER,ICE,S1,128,-44963.8449,,,crossover before sale year (product already above benchmark at t=0)
toyota,SK,TOYOTA LAND CRUISER (150 SERIES),ICE,S1,28,-38117.5421,,,crossover before sale year (product already above benchmark at t=0)
toyota,SK,TOYOTA RAV4,HEV,S1,979,-7638.1199,,,crossover before sale year (product already above benchmark at t=0)
toyota,SK,TOYOTA RAV4,ICE,S1,65,-15237.8647,,,crossover before sale year (product already above benchmark at t=0)
toyota,SK,TOYOTA SUPRA,ICE,S1,12,-20328.4938,,,crossover before sale year (product already above benchmark at t=0)
toyota,SK,TOYOTA YARIS,HEV,S1,652,2620.4749,13.984,2038.0,within lifetime
toyota,SK,TOYOTA YARIS,ICE,S1,307,-5401.2988,,,crossover before sale year (product already above benchmark at t=0)
toyota,SK,TOYOTA YARIS CROSS,HEV,S1,1048,-1403.7822,5.418,2029.4,within lifetime
toyota,SK,TOYOTA YARIS CROSS,ICE,S1,146,-7757.8379,,,crossover before sale year (product already above benchmark at t=0)
toyota,AT,GR YARIS 16,ICE,S2,1,-13829.2374,,,crossover before sale year (product already above benchmark at t=0)
toyota,AT,PROACE,BEV,S2,13,21296.2831,44.159,2068.2,after lifetime
toyota,AT,PROACE,ICE,S2,348,-15835.0304,,,crossover before sale year (product already above benchmark at t=0)
toyota,AT,PROACE CITY VERSO,ICE,S2,298,-5092.4268,2.594,2026.6,within lifetime
toyota,AT,PROACE CITY VERSO ELECTRIC,BEV,S2,20,22435.87,50.056,2074.1,after lifetime
toyota,AT,SIENNA XLE HYBRID,HEV,S2,1,-12968.7514,,,crossover before sale year (product already above benchmark at t=0)
toyota,AT,TOYOTA AYGO X,ICE,S2,536,2673.8784,9.007,2033.0,within lifetime
toyota,AT,TOYOTA BZ4X,BEV,S2,77,23100.4792,54.376,2078.4,after lifetime
toyota,AT,TOYOTA C-HR,HEV,S2,972,1964.898,8.339,2032.3,within lifetime
toyota,AT,TOYOTA CAMRY,HEV,S2,103,-1086.5717,5.674,2029.7,within lifetime
toyota,AT,TOYOTA COROLLA,HEV,S2,2496,2195.6952,8.554,2032.6,within lifetime
toyota,AT,TOYOTA COROLLA,ICE,S2,1,-2626.4581,4.439,2028.4,within lifetime
toyota,AT,TOYOTA GR 86,ICE,S2,31,-16748.0785,,,crossover before sale year (product already above benchmark at t=0)
toyota,AT,TOYOTA GR YARIS,ICE,S2,122,-17004.299,,,crossover before sale year (product already above benchmark at t=0)
toyota,AT,TOYOTA HIGHLANDER,HEV,S2,118,-8388.9949,0.342,2024.3,within lifetime
toyota,AT,TOYOTA LAND CRUISER,ICE,S2,197,-33752.3463,,,crossover before sale year (product already above benchmark at t=0)
toyota,AT,TOYOTA LAND CRUISER (150 SERIES),ICE,S2,63,-27668.5693,,,crossover before sale year (product already above benchmark at t=0)
toyota,AT,TOYOTA RAV4,HEV,S2,1345,-2126.0573,4.833,2028.8,within lifetime
toyota,AT,TOYOTA SUPRA,ICE,S2,12,-14547.3571,,,crossover before sale year (product already above benchmark at t=0)
toyota,AT,TOYOTA YARIS,HEV,S2,1309,5973.1377,12.402,2036.4,within lifetime
toyota,AT,TOYOTA YARIS,ICE,S2,226,-892.4618,5.834,2029.8,within lifetime
toyota,AT,TOYOTA YARIS CROSS,HEV,S2,2421,3263.7238,9.577,2033.6,within lifetime
toyota,AT,TOYOTA YARIS CROSS,ICE,S2,58,-2411.0201,4.608,2028.6,within lifetime
toyota,BE,PROACE,BEV,S2,6,14791.7103,32.969,2057.0,after lifetime
toyota,BE,PROACE,ICE,S2,548,-25400.2523,,,crossover before sale year (product already above benchmark at t=0)
toyota,BE,PROACE CITY VERSO,ICE,S2,923,-14527.0548,,,crossover before sale year (product already above benchmark at t=0)
toyota,BE,PROACE CITY VERSO ELECTRIC,BEV,S2,5,16495.0776,39.87,2063.9,after lifetime
toyota,BE,TOYOTA AYGO X,ICE,S2,2879,-5334.2662,1.097,2025.1,within lifetime
toyota,BE,TOYOTA BZ4X,BEV,S2,804,17303.7216,44.072,2068.1,after lifetime
toyota,BE,TOYOTA C-HR,HEV,S2,2189,-5630.0479,0.847,2024.8,within lifetime
toyota,BE,TOYOTA CAMRY,HEV,S2,153,-9488.6029,,,crossover before sale year (product already above benchmark at t=0)
toyota,BE,TOYOTA COROLLA,HEV,S2,5169,-5618.7136,0.857,2024.9,within lifetime
toyota,BE,TOYOTA GR 86,ICE,S2,54,-27040.1351,,,crossover before sale year (product already above benchmark at t=0)
toyota,BE,TOYOTA GR YARIS,ICE,S2,185,-25428.8576,,,crossover before sale year (product already above benchmark at t=0)
toyota,BE,TOYOTA HIGHLANDER,HEV,S2,68,-17739.4823,,,crossover before sale year (product already above benchmark at t=0)
toyota,BE,TOYOTA LAND CRUISER,ICE,S2,37,-45931.1286,,,crossover before sale year (product already above benchmark at t=0)
toyota,BE,TOYOTA LAND CRUISER (150 SERIES),ICE,S2,59,-38767.864,,,crossover before sale year (product already above benchmark at t=0)
toyota,BE,TOYOTA RAV4,HEV,S2,1426,-10798.2679,,,crossover before sale year (product already above benchmark at t=0)
toyota,BE,TOYOTA SUPRA,ICE,S2,19,-21160.2634,,,crossover before sale year (product already above benchmark at t=0)
toyota,BE,TOYOTA YARIS,HEV,S2,3355,-791.334,5.317,2029.3,within lifetime
toyota,BE,TOYOTA YARIS,ICE,S2,360,-7772.0259,,,crossover before sale year (product already above benchmark at t=0)
toyota,BE,TOYOTA YARIS CROSS,HEV,S2,4445,-4311.5811,1.98,2026.0,within lifetime
toyota,BE,TOYOTA YARIS CROSS,ICE,S2,38,-10979.1056,,,crossover before sale year (product already above benchmark at t=0)
toyota,BG,PROACE,ICE,S2,40,-25166.2916,,,crossover before sale year (product already above benchmark at t=0)
toyota,BG,PROACE CITY VERSO,ICE,S2,34,-13471.8051,,,crossover before sale year (product already above benchmark at t=0)
toyota,BG,TOYOTA AYGO X,ICE,S2,156,-3060.6918,5.341,2029.3,within lifetime
toyota,BG,TOYOTA BZ4X,BEV,S2,28,15896.2271,30.075,2054.1,after lifetime
toyota,BG,TOYOTA C-HR,HEV,S2,724,-4013.3414,4.6,2028.6,within lifetime
toyota,BG,TOYOTA CAMRY,HEV,S2,109,-6677.4196,2.646,2026.6,within lifetime
toyota,BG,TOYOTA COROLLA,HEV,S2,1487,-2390.3217,5.879,2029.9,within lifetime
toyota,BG,TOYOTA COROLLA,ICE,S2,318,-8562.9196,1.359,2025.4,within lifetime
toyota,BG,TOYOTA GR YARIS,ICE,S2,4,-26006.5001,,,crossover before sale year (product already above benchmark at t=0)
toyota,BG,TOYOTA HIGHLANDER,HEV,S2,120,-16341.5144,,,crossover before sale year (product already above benchmark at t=0)
toyota,BG,TOYOTA LAND CRUISER,ICE,S2,63,-46605.464,,,crossover before sale year (product already above benchmark at t=0)
toyota,BG,TOYOTA LAND CRUISER (150 SERIES),ICE,S2,84,-40293.1201,,,crossover before sale year (product already above benchmark at t=0)
toyota,BG,TOYOTA LAND CRUISER 150 SERIES,ICE,S2,1,-40548.5693,,,crossover before sale year (product already above benchmark at t=0)
toyota,BG,TOYOTA RAV4,HEV,S2,388,-8882.5845,1.148,2025.1,within lifetime
toyota,BG,TOYOTA RAV4,ICE,S2,18,-16965.2884,,,crossover before sale year (product already above benchmark at t=0)
toyota,BG,TOYOTA YARIS,HEV,S2,501,2103.6262,9.854,2033.9,within lifetime
toyota,BG,TOYOTA YARIS,ICE,S2,227,-6746.6216,2.597,2026.6,within lifetime
toyota,BG,TOYOTA YARIS CROSS,HEV,S2,454,-1983.5351,6.211,2030.2,within lifetime
toyota,BG,TOYOTA YARIS CROSS,ICE,S2,205,-9290.9279,0.881,2024.9,within lifetime
toyota,CY,PROACE,ICE,S2,1,-29947.105,,,crossover before sale year (product already above benchmark at t=0)
toyota,CY,TOYOTA RAV4,HEV,S2,6,-10995.6101,1.86,2025.9,within lifetime
toyota,CZ,C-HR,HEV,S2,1,-1613.3562,5.381,2029.4,within lifetime
toyota,CZ,GR YARIS,ICE,S2,2,-15298.9175,,,crossover before sale year (product already above benchmark at t=0)
toyota,CZ,PROACE,BEV,S2,13,2460.8062,9.805,2033.8,within lifetime
toyota,CZ,PROACE,ICE,S2,1202,-17944.0041,,,crossover before sale year (product already above benchmark at t=0)
toyota,CZ,PROACE CITY VERSO,ICE,S2,2046,-8798.5813,,,crossover before sale year (product already above benchmark at t=0)
toyota,CZ,PROACE CITY VERSO ELECTRIC,BEV,S2,70,6916.5859,15.909,2039.9,within lifetime
toyota,CZ,TOYOTA AYGO X,ICE,S2,885,-1161.8964,5.83,2029.8,within lifetime
toyota,CZ,TOYOTA BZ4X,BEV,S2,100,10251.626,21.884,2045.9,after lifetime
toyota,CZ,TOYOTA C-HR,HEV,S2,1126,-1525.0941,5.468,2029.5,within lifetime
toyota,CZ,TOYOTA CAMRY,HEV,S2,470,-3782.3818,3.338,2027.3,within lifetime
toyota,CZ,TOYOTA COROLLA,HEV,S2,3997,-735.2204,6.263,2030.3,within lifetime
toyota,CZ,TOYOTA COROLLA,ICE,S2,837,-5330.6535,1.985,2026.0,within lifetime
toyota,CZ,TOYOTA GR 86,ICE,S2,63,-19189.9814,,,crossover before sale year (product already above benchmark at t=0)
toyota,CZ,TOYOTA GR YARIS,ICE,S2,205,-19302.807,,,crossover before sale year (product already above benchmark at t=0)
toyota,CZ,TOYOTA HIGHLANDER,HEV,S2,397,-11307.456,,,crossover before sale year (product already above benchmark at t=0)
toyota,CZ,TOYOTA LAND CRUISER,ICE,S2,302,-34816.1537,,,crossover before sale year (product already above benchmark at t=0)
toyota,CZ,TOYOTA LAND CRUISER (150 SERIES),ICE,S2,79,-29771.4407,,,crossover before sale year (product already above benchmark at t=0)
toyota,CZ,TOYOTA RAV4,HEV,S2,2724,-5745.442,1.636,2025.6,within lifetime
toyota,CZ,TOYOTA RAV4,ICE,S2,12,-11623.0435,,,crossover before sale year (product already above benchmark at t=0)
toyota,CZ,TOYOTA SUPRA,ICE,S2,14,-15602.4295,,,crossover before sale year (product already above benchmark at t=0)
toyota,CZ,TOYOTA YARIS,HEV,S2,800,2233.4516,9.534,2033.5,within lifetime
toyota,CZ,TOYOTA YARIS,ICE,S2,727,-4002.728,3.14,2027.1,within lifetime
toyota,CZ,TOYOTA YARIS CROSS,HEV,S2,1822,-783.96,6.213,2030.2,within lifetime
toyota,CZ,TOYOTA YARIS CROSS,ICE,S2,534,-5820.704,1.573,2025.6,within lifetime
toyota,DE,,HEV,S2,2,-39885.8993,,,crossover before sale year (product already above benchmark at t=0)
toyota,DE,FJ CRUISER,ICE,S2,9,-37494.1123,,,crossover before sale year (product already above benchmark at t=0)
toyota,DE,LAND CRUISER,ICE,S2,19,-44781.5757,,,crossover before sale year (product already above benchmark at t=0)
toyota,DE,LAND CRUISER I-FORCE MAX,HEV,S2,2,-33104.9397,,,crossover before sale year (product already above benchmark at t=0)
toyota,DE,PROACE,BEV,S2,28,4487.6168,12.222,2036.2,within lifetime
toyota,DE,PROACE,ICE,S2,2756,-21304.2405,,,crossover before sale year (product already above benchmark at t=0)
toyota,DE,PROACE CITY VERSO,ICE,S2,2944,-11296.7838,,,crossover before sale year (product already above benchmark at t=0)
toyota,DE,PROACE CITY VERSO ELECTRIC,BEV,S2,67,8398.4623,18.634,2042.6,after lifetime
toyota,DE,PROACE VERSO,ICE,S2,14,-20498.9946,,,crossover before sale year (product already above benchmark at t=0)
toyota,DE,TOYOTA AYGO,HEV,S2,1,-75.104,6.504,2030.5,within lifetime
toyota,DE,TOYOTA AYGO X,HEV,S2,2,-75.104,6.504,2030.5,within lifetime
toyota,DE,TOYOTA AYGO X,ICE,S2,18051,-3415.7175,3.08,2027.1,within lifetime
toyota,DE,TOYOTA BZ4X,BEV,S2,1550,11057.549,24.345,2048.3,after lifetime
toyota,DE,TOYOTA C-HR,HEV,S2,10014,-3613.6056,2.893,2026.9,within lifetime
toyota,DE,TOYOTA CAMRY,HEV,S2,52,-6776.1358,0.093,2024.1,within lifetime
toyota,DE,TOYOTA CARMY,HEV,S2,1,-3137.4729,3.347,2027.3,within lifetime
toyota,DE,TOYOTA COROLLA,HEV,S2,17111,-3166.5216,3.319,2027.3,within lifetime
toyota,DE,TOYOTA COROLLA,ICE,S2,4,-4256.8252,2.295,2026.3,within lifetime
toyota,DE,TOYOTA GR 86,ICE,S2,553,-22705.7139,,,crossover before sale year (product already above benchmark at t=0)
toyota,DE,TOYOTA GR YARIS,ICE,S2,2100,-22010.0757,,,crossover before sale year (product already above benchmark at t=0)
toyota,DE,TOYOTA HIGHLANDER,HEV,S2,90,-14497.3958,,,crossover before sale year (product already above benchmark at t=0)
toyota,DE,TOYOTA HIGHLANDER,ICE,S2,1,-13507.3323,,,crossover before sale year (product already above benchmark at t=0)
toyota,DE,TOYOTA LAND CRUISER,ICE,S2,972,-39076.1426,,,crossover before sale year (product already above benchmark at t=0)
toyota,DE,TOYOTA LAND CRUISER (150 SERIES),ICE,S2,538,-33800.5569,,,crossover before sale year (product already above benchmark at t=0)
toyota,DE,TOYOTA LAND CRUISER 150,ICE,S2,2,-34589.8833,,,crossover before sale year (product already above benchmark at t=0)
toyota,DE,TOYOTA LAND CRUISER 250,HEV,S2,1,-40104.64,,,crossover before sale year (product already above benchmark at t=0)
toyota,DE,TOYOTA LANDCRUISER 300,ICE,S2,2,-44270.6466,,,crossover before sale year (product already above benchmark at t=0)
toyota,DE,TOYOTA RAV4,HEV,S2,5201,-8016.3077,,,crossover before sale year (product already above benchmark at t=0)
toyota,DE,TOYOTA RAV4,ICE,S2,6,-14152.7165,,,crossover before sale year (product already above benchmark at t=0)
toyota,DE,TOYOTA SUPRA,ICE,S2,219,-19529.9287,,,crossover before sale year (product already above benchmark at t=0)
toyota,DE,TOYOTA YARIS,HEV,S2,13344,305.8109,6.929,2030.9,within lifetime
toyota,DE,TOYOTA YARIS,ICE,S2,1073,-6971.8921,,,crossover before sale year (product already above benchmark at t=0)
toyota,DE,TOYOTA YARIS CROSS,HEV,S2,16507,-2245.2079,4.222,2028.2,within lifetime
toyota,DE,TOYOTA YARIS CROSS,ICE,S2,1,-8559.3867,,,crossover before sale year (product already above benchmark at t=0)
toyota,DE,YARIS CROSS,HEV,S2,5,-6418.5824,0.393,2024.4,within lifetime
toyota,DK,COROLLA CROSS,ICE,S2,1,-3569.3473,3.051,2027.1,within lifetime
toyota,DK,LAND CRUISER 150,ICE,S2,13,-34725.0089,,,crossover before sale year (product already above benchmark at t=0)
toyota,DK,LAND CRUISER 250,ICE,S2,8,-38739.6111,,,crossover before sale year (product already above benchmark at t=0)
toyota,DK,PROACE,BEV,S2,41,14989.8186,34.779,2058.8,after lifetime
toyota,DK,PROACE,ICE,S2,58,-20730.1093,,,crossover before sale year (product already above benchmark at t=0)
toyota,DK,PROACE CITY VERSO,ICE,S2,57,-11124.8032,,,crossover before sale year (product already above benchmark at t=0)
toyota,DK,PROACE CITY VERSO ELECTRIC,BEV,S2,8,16193.6649,39.821,2063.8,after lifetime
toyota,DK,RAV 4,HEV,S2,1,-7267.6103,,,crossover before sale year (product already above benchmark at t=0)
toyota,DK,SIENNA,ICE,S2,1,-65615.5094,,,crossover before sale year (product already above benchmark at t=0)
toyota,DK,TOYOTA AYGO X,ICE,S2,2540,-2825.3319,3.744,2027.7,within lifetime
toyota,DK,TOYOTA BZ4X,BEV,S2,1792,17319.5138,45.843,2069.8,after lifetime
toyota,DK,TOYOTA C-HR,HEV,S2,796,-2905.7486,3.668,2027.7,within lifetime
toyota,DK,TOYOTA CAMRY,HEV,S2,6,-6391.3869,0.602,2024.6,within lifetime
toyota,DK,TOYOTA COROLLA,HEV,S2,2081,-3278.8226,3.319,2027.3,within lifetime
toyota,DK,TOYOTA GR 86,ICE,S2,6,-21917.4962,,,crossover before sale year (product already above benchmark at t=0)
toyota,DK,TOYOTA GR YARIS,ICE,S2,5,-23346.5615,,,crossover before sale year (product already above benchmark at t=0)
toyota,DK,TOYOTA RAV4,HEV,S2,470,-7277.8621,,,crossover before sale year (product already above benchmark at t=0)
toyota,DK,TOYOTA RAV4,ICE,S2,21,-13479.4982,,,crossover before sale year (product already above benchmark at t=0)
toyota,DK,TOYOTA SUPRA,ICE,S2,1,-21666.1446,,,crossover before sale year (product already above benchmark at t=0)
toyota,DK,TOYOTA YARIS,HEV,S2,2208,1139.4458,7.844,2031.8,within lifetime
toyota,DK,TOYOTA YARIS,ICE,S2,355,-5522.2502,1.329,2025.3,within lifetime
toyota,DK,TOYOTA YARIS CROSS,HEV,S2,2224,-1567.6242,4.965,2029.0,within lifetime
toyota,EE,COROLLA,HEV,S2,5,2695.1206,12.777,2036.8,within lifetime
toyota,EE,PROACE,ICE,S2,126,-15757.887,,,crossover before sale year (product already above benchmark at t=0)
toyota,EE,PROACE CITY VERSO,ICE,S2,97,-6422.9282,4.587,2028.6,within lifetime
toyota,EE,RAV4,HEV,S2,2,-2757.7133,7.531,2031.5,within lifetime
toyota,EE,TOYOTA BZ4X,BEV,S2,81,14511.4754,31.704,2055.7,after lifetime
toyota,EE,TOYOTA C-HR,HEV,S2,382,1136.248,11.148,2035.1,within lifetime
toyota,EE,TOYOTA CAMRY,HEV,S2,136,-577.4851,9.484,2033.5,within lifetime
toyota,EE,TOYOTA COROLLA,HEV,S2,1245,851.1574,10.863,2034.9,within lifetime
toyota,EE,TOYOTA COROLLA,ICE,S2,38,-2883.6156,7.423,2031.4,within lifetime
toyota,EE,TOYOTA GR YARIS,ICE,S2,46,-16252.6995,,,crossover before sale year (product already above benchmark at t=0)
toyota,EE,TOYOTA HIGHLANDER,HEV,S2,161,-8896.8635,2.797,2026.8,within lifetime
toyota,EE,TOYOTA LAND CRUISER,ICE,S2,237,-32617.0269,,,crossover before sale year (product already above benchmark at t=0)
toyota,EE,TOYOTA LAND CRUISER (150 SERIES),ICE,S2,8,-28784.178,,,crossover before sale year (product already above benchmark at t=0)
toyota,EE,TOYOTA RAV4,HEV,S2,839,-3337.1335,7.039,2031.0,within lifetime
toyota,EE,TOYOTA RAV4,ICE,S2,62,-9152.7445,2.62,2026.6,within lifetime
toyota,EE,TOYOTA YARIS,HEV,S2,203,4675.7545,15.032,2039.0,within lifetime
toyota,EE,TOYOTA YARIS,ICE,S2,51,-1580.4198,8.564,2032.6,within lifetime
toyota,EE,TOYOTA YARIS CROSS,HEV,S2,516,1862.8741,11.893,2035.9,within lifetime
toyota,EE,TOYOTA YARIS CROSS,ICE,S2,39,-3733.2214,6.709,2030.7,within lifetime
toyota,EE,YARIS CROSS,HEV,S2,1,2489.3533,12.555,2036.6,within lifetime
toyota,ES,LAND CRUISER,ICE,S2,1,-53192.5345,,,crossover before sale year (product already above benchmark at t=0)
toyota,ES,PROACE,BEV,S2,59,17424.4037,32.029,2056.0,after lifetime
toyota,ES,PROACE,ICE,S2,1236,-31162.8206,,,crossover before sale year (product already above benchmark at t=0)
toyota,ES,PROACE CITY VERSO,ICE,S2,3949,-16460.3189,,,crossover before sale year (product already above benchmark at t=0)
toyota,ES,PROACE CITY VERSO ELECTRIC,BEV,S2,126,20138.6587,39.232,2063.2,after lifetime
toyota,ES,TOYOTA AYGO X,ICE,S2,4103,-5941.9476,4.763,2028.8,within lifetime
toyota,ES,TOYOTA BZ4X,BEV,S2,354,21343.9661,43.357,2067.4,after lifetime
toyota,ES,TOYOTA C-HR,HEV,S2,16422,-5909.2569,4.786,2028.8,within lifetime
toyota,ES,TOYOTA CAMRY,HEV,S2,110,-9504.997,2.474,2026.5,within lifetime
toyota,ES,TOYOTA COROLLA,HEV,S2,22982,-4086.9446,6.055,2030.1,within lifetime
toyota,ES,TOYOTA GR 86,ICE,S2,133,-32385.7418,,,crossover before sale year (product already above benchmark at t=0)
toyota,ES,TOYOTA GR YARIS,ICE,S2,453,-33460.5106,,,crossover before sale year (product already above benchmark at t=0)
toyota,ES,TOYOTA HIGHLANDER,HEV,S2,330,-21394.8174,,,crossover before sale year (product already above benchmark at t=0)
toyota,ES,TOYOTA LAND CRUISER,ICE,S2,708,-56278.9735,,,crossover before sale year (product already above benchmark at t=0)
toyota,ES,TOYOTA LAND CRUISER (150 SERIES),ICE,S2,984,-48373.1463,,,crossover before sale year (product already above benchmark at t=0)
toyota,ES,TOYOTA LANDCRUISER 150,ICE,S2,1,-53192.5345,,,crossover before sale year (product already above benchmark at t=0)
toyota,ES,TOYOTA LANDCRUISER(1,ICE,S2,30,-53192.5345,,,crossover before sale year (product already above benchmark at t=0)
toyota,ES,TOYOTA RAV4,HEV,S2,11176,-12397.1561,0.772,2024.8,within lifetime
toyota,ES,TOYOTA RAV4,ICE,S2,8,-20656.001,,,crossover before sale year (product already above benchmark at t=0)
toyota,ES,TOYOTA SUPRA,ICE,S2,12,-31451.2534,,,crossover before sale year (product already above benchmark at t=0)
toyota,ES,TOYOTA YARIS,HEV,S2,12734,-1327.2091,8.124,2032.1,within lifetime
toyota,ES,TOYOTA YARIS,ICE,S2,2999,-8268.5623,3.242,2027.2,within lifetime
toyota,ES,TOYOTA YARIS CROSS,HEV,S2,18329,-5281.0267,5.215,2029.2,within lifetime
toyota,ES,TOYOTA YARIS CROSS,ICE,S2,45,-12079.2954,0.953,2025.0,within lifetime
toyota,FI,PROACE,BEV,S2,5,15647.909,44.921,2068.9,after lifetime
toyota,FI,PROACE,ICE,S2,60,-36764.0671,,,crossover before sale year (product already above benchmark at t=0)
toyota,FI,PROACE CITY VERSO,ICE,S2,39,-23721.5345,,,crossover before sale year (product already above benchmark at t=0)
toyota,FI,PROACE CITY VERSO ELECTRIC,BEV,S2,9,16746.6505,51.533,2075.5,after lifetime
toyota,FI,RAV4,HEV,S2,1,-19183.1963,,,crossover before sale year (product already above benchmark at t=0)
toyota,FI,TOYOTA AYGO X,ICE,S2,93,-12778.5006,,,crossover before sale year (product already above benchmark at t=0)
toyota,FI,TOYOTA BZ4X,BEV,S2,269,17433.8987,56.94,2080.9,after lifetime
toyota,FI,TOYOTA C-HR,HEV,S2,1087,-12406.7479,,,crossover before sale year (product already above benchmark at t=0)
toyota,FI,TOYOTA CAMRY,HEV,S2,87,-17063.7724,,,crossover before sale year (product already above benchmark at t=0)
toyota,FI,TOYOTA COROLLA,HEV,S2,3714,-11288.701,0.356,2024.4,within lifetime
toyota,FI,TOYOTA GR YARIS,ICE,S2,31,-38484.7137,,,crossover before sale year (product already above benchmark at t=0)
toyota,FI,TOYOTA LAND CRUISER,ICE,S2,12,-61815.1219,,,crossover before sale year (product already above benchmark at t=0)
toyota,FI,TOYOTA LAND CRUISER (150 SERIES),ICE,S2,1,-53806.031,,,crossover before sale year (product already above benchmark at t=0)
toyota,FI,TOYOTA RAV4,HEV,S2,652,-17961.2104,,,crossover before sale year (product already above benchmark at t=0)
toyota,FI,TOYOTA RAV4,ICE,S2,3,-26178.3415,,,crossover before sale year (product already above benchmark at t=0)
toyota,FI,TOYOTA SUPRA,ICE,S2,3,-31664.701,,,crossover before sale year (product already above benchmark at t=0)
toyota,FI,TOYOTA YARIS,HEV,S2,2298,-6669.7197,3.957,2028.0,within lifetime
toyota,FI,TOYOTA YARIS,ICE,S2,69,-16249.2438,,,crossover before sale year (product already above benchmark at t=0)
toyota,FI,TOYOTA YARIS CROSS,HEV,S2,2895,-10810.426,0.703,2024.7,within lifetime
toyota,FR,PROACE,BEV,S2,834,18315.9232,59.776,2083.8,after lifetime
toyota,FR,PROACE,ICE,S2,975,-25227.4708,,,crossover before sale year (product already above benchmark at t=0)
toyota,FR,PROACE CITY VERSO,ICE,S2,608,-13809.921,,,crossover before sale year (product already above benchmark at t=0)
toyota,FR,PROACE CITY VERSO ELECTRIC,BEV,S2,26,18781.84,65.785,2089.8,after lifetime
toyota,FR,PROACE OR PROACE VERSO,BEV,S2,1,18368.5628,60.38,2084.4,after lifetime
toyota,FR,TOYOTA AYGO X,ICE,S2,14791,-5378.7269,2.179,2026.2,within lifetime
toyota,FR,TOYOTA BZ4X,BEV,S2,1354,19131.8745,71.664,2095.7,after lifetime
toyota,FR,TOYOTA C-HR,HEV,S2,16091,-5623.6552,1.965,2026.0,within lifetime
toyota,FR,TOYOTA CAMRY,HEV,S2,626,-8874.5651,,,crossover before sale year (product already above benchmark at t=0)
toyota,FR,TOYOTA COROLLA,HEV,S2,13780,-4396.029,3.057,2027.1,within lifetime
toyota,FR,TOYOTA COROLLA,ICE,S2,1,-11683.1572,,,crossover before sale year (product already above benchmark at t=0)
toyota,FR,TOYOTA GR 86,ICE,S2,6,-26315.1823,,,crossover before sale year (product already above benchmark at t=0)
toyota,FR,TOYOTA GR YARIS,ICE,S2,38,-27228.6405,,,crossover before sale year (product already above benchmark at t=0)
toyota,FR,TOYOTA HIGHLANDER,HEV,S2,124,-17426.1165,,,crossover before sale year (product already above benchmark at t=0)
toyota,FR,TOYOTA LAND CRUISER,ICE,S2,22,-44032.0959,,,crossover before sale year (product already above benchmark at t=0)
toyota,FR,TOYOTA LAND CRUISER (150 SERIES),ICE,S2,56,-37150.1989,,,crossover before sale year (product already above benchmark at t=0)
toyota,FR,TOYOTA RAV4,HEV,S2,7238,-10389.0544,,,crossover before sale year (product already above benchmark at t=0)
toyota,FR,TOYOTA SUPRA,ICE,S2,13,-17286.9085,,,crossover before sale year (product already above benchmark at t=0)
toyota,FR,TOYOTA YARIS,HEV,S2,36104,-1176.2673,6.202,2030.2,within lifetime
toyota,FR,TOYOTA YARIS,ICE,S2,2406,-8524.2526,,,crossover before sale year (product already above benchmark at t=0)
toyota,FR,TOYOTA YARIS CROSS,HEV,S2,35195,-4549.5387,2.918,2026.9,within lifetime
toyota,FR,TOYOTA YARIS CROSS,ICE,S2,267,-11625.4386,,,crossover before sale year (product already above benchmark at t=0)
toyota,GR,PROACE,BEV,S2,7,-3089.1898,3.68,2027.7,within lifetime
toyota,GR,PROACE,ICE,S2,101,-35829.8001,,,crossover before sale year (product already above benchmark at t=0)
toyota,GR,PROACE CITY,ICE,S2,1,-24073.2933,,,crossover before sale year (product already above benchmark at t=0)
toyota,GR,PROACE CITY VERSO,ICE,S2,324,-23675.9393,,,crossover before sale year (product already above benchmark at t=0)
toyota,GR,PROACE CITY VERSO ELECTRIC,BEV,S2,9,542.5168,8.737,2032.7,within lifetime
toyota,GR,TOYOTA AYGO X,ICE,S2,2187,-13581.3131,,,crossover before sale year (product already above benchmark at t=0)
toyota,GR,TOYOTA BZ4X,BEV,S2,36,4266.2174,15.461,2039.5,within lifetime
toyota,GR,TOYOTA C-HR,HEV,S2,2695,-13349.0839,,,crossover before sale year (product already above benchmark at t=0)
toyota,GR,TOYOTA COROLLA,HEV,S2,2338,-14270.3801,,,crossover before sale year (product already above benchmark at t=0)
toyota,GR,TOYOTA COROLLA,ICE,S2,160,-18430.9704,,,crossover before sale year (product already above benchmark at t=0)
toyota,GR,TOYOTA GR YARIS,ICE,S2,21,-38156.7897,,,crossover before sale year (product already above benchmark at t=0)
toyota,GR,TOYOTA LAND CRUISER,ICE,S2,11,-57188.0797,,,crossover before sale year (product already above benchmark at t=0)
toyota,GR,TOYOTA RAV4,HEV,S2,266,-19163.1761,,,crossover before sale year (product already above benchmark at t=0)
toyota,GR,TOYOTA RAV4,ICE,S2,3,-26917.0757,,,crossover before sale year (product already above benchmark at t=0)
toyota,GR,TOYOTA SUPRA,ICE,S2,2,-32346.1149,,,crossover before sale year (product already above benchmark at t=0)
toyota,GR,TOYOTA YARIS,HEV,S2,4714,-8807.3205,,,crossover before sale year (product already above benchmark at t=0)
toyota,GR,TOYOTA YARIS,ICE,S2,2079,-17016.7574,,,crossover before sale year (product already above benchmark at t=0)
toyota,GR,TOYOTA YARIS CROSS,HEV,S2,7812,-11812.4686,,,crossover before sale year (product already above benchmark at t=0)
toyota,GR,TOYOTA YARIS CROSS,ICE,S2,352,-19626.936,,,crossover before sale year (product already above benchmark at t=0)
toyota,HR,C-HR,HEV,S2,2,2308.7981,10.218,2034.2,within lifetime
toyota,HR,COROLLA,HEV,S2,6,3661.7713,11.115,2035.1,within lifetime
toyota,HR,PROACE,ICE,S2,19,-22896.5968,,,crossover before sale year (product already above benchmark at t=0)
toyota,HR,PROACE CITY,ICE,S2,2,-6330.943,5.207,2029.2,within lifetime
toyota,HR,PROACE CITY VERSO,ICE,S2,64,-7540.033,4.587,2028.6,within lifetime
toyota,HR,TOYOTA AYGO X,ICE,S2,120,3331.5515,10.893,2034.9,within lifetime
toyota,HR,TOYOTA BZ4X,BEV,S2,8,29088.0508,43.572,2067.6,after lifetime
toyota,HR,TOYOTA C-HR,HEV,S2,485,3373.5858,10.921,2034.9,within lifetime
toyota,HR,TOYOTA CAMRY,HEV,S2,9,-2305.2299,7.404,2031.4,within lifetime
toyota,HR,TOYOTA COROLLA,HEV,S2,529,3121.525,10.753,2034.8,within lifetime
toyota,HR,TOYOTA COROLLA,ICE,S2,554,-2875.0183,7.08,2031.1,within lifetime
toyota,HR,TOYOTA GR YARIS,ICE,S2,4,-25446.0802,,,crossover before sale year (product already above benchmark at t=0)
toyota,HR,TOYOTA HIGHLANDER,HEV,S2,15,-12657.272,2.137,2026.1,within lifetime
toyota,HR,TOYOTA LAND CRUISER,ICE,S2,12,-47759.8784,,,crossover before sale year (product already above benchmark at t=0)
toyota,HR,TOYOTA RAV4,HEV,S2,288,-3620.2676,6.663,2030.7,within lifetime
toyota,HR,TOYOTA RAV4,ICE,S2,3,-12062.9355,2.408,2026.4,within lifetime
toyota,HR,TOYOTA SUPRA,ICE,S2,1,-23833.9602,,,crossover before sale year (product already above benchmark at t=0)
toyota,HR,TOYOTA YARIS,HEV,S2,263,8838.2451,14.918,2038.9,within lifetime
toyota,HR,TOYOTA YARIS,ICE,S2,459,-1107.3978,8.102,2032.1,within lifetime
toyota,HR,TOYOTA YARIS CROSS,HEV,S2,722,5090.7406,12.102,2036.1,within lifetime
toyota,HR,TOYOTA YARIS CROSS,ICE,S2,429,-3953.1121,6.479,2030.5,within lifetime
toyota,HR,YARIS,HEV,S2,48,8553.3379,14.691,2038.7,within lifetime
toyota,HR,YARIS,ICE,S2,7,-13086.4935,1.943,2025.9,within lifetime
toyota,HR,YARIS CROSS,HEV,S2,77,5126.9589,12.128,2036.1,within lifetime
toyota,HR,YARIS CROSS,ICE,S2,1,-4181.4497,6.354,2030.4,within lifetime
toyota,HU,PROACE,BEV,S2,4,13566.588,26.194,2050.2,after lifetime
toyota,HU,PROACE,ICE,S2,230,-37907.2382,,,crossover before sale year (product already above benchmark at t=0)
toyota,HU,PROACE CITY VERSO,ICE,S2,309,-22387.2151,,,crossover before sale year (product already above benchmark at t=0)
toyota,HU,PROACE CITY VERSO ELECTRIC,BEV,S2,12,16086.4644,31.079,2055.1,after lifetime
toyota,HU,TOYOTA AYGO X,ICE,S2,835,-9833.6636,2.922,2026.9,within lifetime
toyota,HU,TOYOTA BZ4X,BEV,S2,53,18301.2796,36.472,2060.5,after lifetime
toyota,HU,TOYOTA C-HR,HEV,S2,2229,-10429.2527,2.556,2026.6,within lifetime
toyota,HU,TOYOTA CAMRY,HEV,S2,400,-13344.4039,0.845,2024.8,within lifetime
toyota,HU,TOYOTA COROLLA,HEV,S2,3903,-9573.1139,3.084,2027.1,within lifetime
toyota,HU,TOYOTA COROLLA,ICE,S2,619,-16910.2381,,,crossover before sale year (product already above benchmark at t=0)
toyota,HU,TOYOTA GR 86,ICE,S2,43,-39574.2247,,,crossover before sale year (product already above benchmark at t=0)
toyota,HU,TOYOTA GR YARIS,ICE,S2,19,-37738.9969,,,crossover before sale year (product already above benchmark at t=0)
toyota,HU,TOYOTA HIGHLANDER,HEV,S2,211,-26854.7978,,,crossover before sale year (product already above benchmark at t=0)
toyota,HU,TOYOTA LAND CRUISER,ICE,S2,101,-65554.379,,,crossover before sale year (product already above benchmark at t=0)
toyota,HU,TOYOTA LAND CRUISER (150 SERIES),ICE,S2,20,-56676.9319,,,crossover before sale year (product already above benchmark at t=0)
toyota,HU,TOYOTA RAV4,HEV,S2,1300,-17247.5962,,,crossover before sale year (product already above benchmark at t=0)
toyota,HU,TOYOTA RAV4,ICE,S2,3,-26698.7254,,,crossover before sale year (product already above benchmark at t=0)
toyota,HU,TOYOTA SUPRA,ICE,S2,5,-28152.2142,,,crossover before sale year (product already above benchmark at t=0)
toyota,HU,TOYOTA YARIS,HEV,S2,1034,-4598.6144,6.427,2030.4,within lifetime
toyota,HU,TOYOTA YARIS,ICE,S2,598,-14677.8445,0.103,2024.1,within lifetime
toyota,HU,TOYOTA YARIS CROSS,HEV,S2,1859,-8641.8374,3.674,2027.7,within lifetime
toyota,HU,TOYOTA YARIS CROSS,ICE,S2,267,-17634.8353,,,crossover before sale year (product already above benchmark at t=0)
toyota,IE,PROACE,ICE,S2,37,-34214.0018,,,crossover before sale year (product already above benchmark at t=0)
toyota,IE,TOYOTA AYGO X,ICE,S2,415,-6947.0524,2.927,2026.9,within lifetime
toyota,IE,TOYOTA BZ4X,BEV,S2,394,17390.9431,29.662,2053.7,after lifetime
toyota,IE,TOYOTA C-HR,HEV,S2,1916,-7174.3724,2.781,2026.8,within lifetime
toyota,IE,TOYOTA CAMRY,HEV,S2,117,-12525.6887,,,crossover before sale year (product already above benchmark at t=0)
toyota,IE,TOYOTA COROLLA,HEV,S2,4686,-6672.173,3.104,2027.1,within lifetime
toyota,IE,TOYOTA GR 86,ICE,S2,1,-35811.0576,,,crossover before sale year (product already above benchmark at t=0)
toyota,IE,TOYOTA GR YARIS,ICE,S2,1,-34852.8242,,,crossover before sale year (product already above benchmark at t=0)
toyota,IE,TOYOTA HIGHLANDER,HEV,S2,21,-23490.7068,,,crossover before sale year (product already above benchmark at t=0)
toyota,IE,TOYOTA LAND CRUISER,ICE,S2,1,-61044.5397,,,crossover before sale year (product already above benchmark at t=0)
toyota,IE,TOYOTA RAV4,HEV,S2,2866,-13695.5929,,,crossover before sale year (product already above benchmark at t=0)
toyota,IE,TOYOTA YARIS,HEV,S2,1763,-839.5078,7.242,2031.2,within lifetime
toyota,IE,TOYOTA YARIS,ICE,S2,582,-10761.4286,0.599,2024.6,within lifetime
toyota,IE,TOYOTA YARIS CROSS,HEV,S2,3350,-5443.2572,3.915,2027.9,within lifetime
toyota,IT,IQ,ICE,S2,1,-9206.0243,,,crossover before sale year (product already above benchmark at t=0)
toyota,IT,PROACE,BEV,S2,69,3573.5574,12.335,2036.3,within lifetime
toyota,IT,PROACE,ICE,S2,463,-29840.613,,,crossover before sale year (product already above benchmark at t=0)
toyota,IT,PROACE CITY VERSO,ICE,S2,978,-17899.674,,,crossover before sale year (product already above benchmark at t=0)
toyota,IT,PROACE CITY VERSO ELECTRIC,BEV,S2,20,8187.9348,19.756,2043.8,after lifetime
toyota,IT,PROACE F-STYLE WAV,ICE,S2,1,-17995.8973,,,crossover before sale year (product already above benchmark at t=0)
toyota,IT,RAV4,HEV,S2,1,-14691.0665,,,crossover before sale year (product already above benchmark at t=0)
toyota,IT,RAV4,ICE,S2,1,-29112.5013,,,crossover before sale year (product already above benchmark at t=0)
toyota,IT,TOYOTA AYGO X,ICE,S2,21278,-8446.7861,,,crossover before sale year (product already above benchmark at t=0)
toyota,IT,TOYOTA BZ4X,BEV,S2,249,10571.9865,24.828,2048.8,after lifetime
toyota,IT,TOYOTA C-HR,HEV,S2,14580,-8664.42,,,crossover before sale year (product already above benchmark at t=0)
toyota,IT,TOYOTA C-HR,ICE,S2,1,-8688.9729,,,crossover before sale year (product already above benchmark at t=0)
toyota,IT,TOYOTA COROLLA,HEV,S2,8591,-8708.6343,,,crossover before sale year (product already above benchmark at t=0)
toyota,IT,TOYOTA GR 86,ICE,S2,40,-31478.0113,,,crossover before sale year (product already above benchmark at t=0)
toyota,IT,TOYOTA GR YARIS,ICE,S2,617,-34118.7735,,,crossover before sale year (product already above benchmark at t=0)
toyota,IT,TOYOTA HIGHLANDER,HEV,S2,164,-21554.4712,,,crossover before sale year (product already above benchmark at t=0)
toyota,IT,TOYOTA LAND CRUISER,ICE,S2,396,-51524.5833,,,crossover before sale year (product already above benchmark at t=0)
toyota,IT,TOYOTA LAND CRUISER (150 SERIES),ICE,S2,9,-43877.187,,,crossover before sale year (product already above benchmark at t=0)
toyota,IT,TOYOTA RAV4,HEV,S2,4688,-13967.3937,,,crossover before sale year (product already above benchmark at t=0)
toyota,IT,TOYOTA SUPRA,ICE,S2,82,-24247.7978,,,crossover before sale year (product already above benchmark at t=0)
toyota,IT,TOYOTA YARIS,HEV,S2,31619,-3830.1645,3.962,2028.0,within lifetime
toyota,IT,TOYOTA YARIS,ICE,S2,31,-11699.5561,,,crossover before sale year (product already above benchmark at t=0)
toyota,IT,TOYOTA YARIS CROSS,HEV,S2,36351,-7533.4348,0.71,2024.7,within lifetime
toyota,IT,TOYOTA YARIS CROSS,ICE,S2,1,-14893.5892,,,crossover before sale year (product already above benchmark at t=0)
toyota,IT,TOYOTA YARIS CROSS VAN,HEV,S2,1,-6542.1896,1.536,2025.5,within lifetime
toyota,IT,YARIS GR,ICE,S2,1,-30922.1811,,,crossover before sale year (product already above benchmark at t=0)
toyota,LT,PROACE,BEV,S2,1,15138.6659,32.508,2056.5,after lifetime
toyota,LT,PROACE,ICE,S2,99,-41274.0262,,,crossover before sale year (product already above benchmark at t=0)
toyota,LT,PROACE CITY VERSO,ICE,S2,289,-24448.6058,,,crossover before sale year (product already above benchmark at t=0)
toyota,LT,TOYOTA BZ4X,BEV,S2,34,19087.9533,45.848,2069.8,after lifetime
toyota,LT,TOYOTA C-HR,HEV,S2,731,-13002.9308,0.275,2024.3,within lifetime
toyota,LT,TOYOTA CAMRY,HEV,S2,87,-16834.2996,,,crossover before sale year (product already above benchmark at t=0)
toyota,LT,TOYOTA COROLLA,HEV,S2,1353,-13280.287,0.106,2024.1,within lifetime
toyota,LT,TOYOTA COROLLA,ICE,S2,1,-19224.1143,,,crossover before sale year (product already above benchmark at t=0)
toyota,LT,TOYOTA GR 86,ICE,S2,2,-42999.0484,,,crossover before sale year (product already above benchmark at t=0)
toyota,LT,TOYOTA GR YARIS,ICE,S2,18,-44543.1132,,,crossover before sale year (product already above benchmark at t=0)
toyota,LT,TOYOTA HIGHLANDER,HEV,S2,130,-29684.6454,,,crossover before sale year (product already above benchmark at t=0)
toyota,LT,TOYOTA LAND CRUISER,ICE,S2,152,-68565.0387,,,crossover before sale year (product already above benchmark at t=0)
toyota,LT,TOYOTA LAND CRUISER (150 SERIES),ICE,S2,39,-61836.9668,,,crossover before sale year (product already above benchmark at t=0)
toyota,LT,TOYOTA RAV4,HEV,S2,1050,-20312.9978,,,crossover before sale year (product already above benchmark at t=0)
toyota,LT,TOYOTA RAV4,ICE,S2,66,-29888.8465,,,crossover before sale year (product already above benchmark at t=0)
toyota,LT,TOYOTA YARIS,HEV,S2,274,-6653.3278,4.517,2028.5,within lifetime
toyota,LT,TOYOTA YARIS,ICE,S2,63,-17278.7554,,,crossover before sale year (product already above benchmark at t=0)
toyota,LT,TOYOTA YARIS CROSS,HEV,S2,1318,-11828.3382,1.001,2025.0,within lifetime
toyota,LT,TOYOTA YARIS CROSS,ICE,S2,38,-21057.0278,,,crossover before sale year (product already above benchmark at t=0)
toyota,LU,LAND CRUISER,ICE,S2,1,1317.4679,5.911,2029.9,within lifetime
toyota,LU,PROACE,ICE,S2,24,10997.824,11.615,2035.6,within lifetime
toyota,LU,PROACE CITY VERSO,ICE,S2,102,18762.0394,17.535,2041.5,after lifetime
toyota,LU,TOYOTA AYGO X,ICE,S2,89,25440.7228,24.275,2048.3,after lifetime
toyota,LU,TOYOTA BZ4X,BEV,S2,21,41652.1929,66.562,2090.6,after lifetime
toyota,LU,TOYOTA C-HR,HEV,S2,93,25413.5858,24.243,2048.2,after lifetime
toyota,LU,TOYOTA CAMRY,HEV,S2,11,22671.8479,21.232,2045.2,after lifetime
toyota,LU,TOYOTA COROLLA,HEV,S2,244,25511.6702,24.358,2048.4,after lifetime
toyota,LU,TOYOTA GR 86,ICE,S2,15,10130.3152,11.04,2035.0,within lifetime
toyota,LU,TOYOTA GR YARIS,ICE,S2,77,11130.2581,11.704,2035.7,within lifetime
toyota,LU,TOYOTA HIGHLANDER,HEV,S2,3,16655.1203,15.768,2039.8,after lifetime
toyota,LU,TOYOTA LAND CRUISER,ICE,S2,7,-3262.1248,3.646,2027.6,within lifetime
toyota,LU,TOYOTA LAND CRUISER (150 SERIES),ICE,S2,15,1777.0749,6.152,2030.2,within lifetime
toyota,LU,TOYOTA RAV4,HEV,S2,80,21605.046,20.162,2044.2,after lifetime
toyota,LU,TOYOTA SUPRA,ICE,S2,6,12175.5463,12.418,2036.4,after lifetime
toyota,LU,TOYOTA YARIS,HEV,S2,276,28944.4678,28.828,2052.8,after lifetime
toyota,LU,TOYOTA YARIS,ICE,S2,21,23895.3769,22.526,2046.5,after lifetime
toyota,LU,TOYOTA YARIS CROSS,HEV,S2,95,26101.1056,25.065,2049.1,after lifetime
toyota,LU,TOYOTA YARIS CROSS,ICE,S2,4,21482.4706,20.042,2044.0,after lifetime
toyota,LV,LAND CRUISER,ICE,S2,1,-64886.8833,,,crossover before sale year (product already above benchmark at t=0)
toyota,LV,PROACE,ICE,S2,87,-36951.1922,,,crossover before sale year (product already above benchmark at t=0)
toyota,LV,PROACE CITY,ICE,S2,5,-25442.1207,,,crossover before sale year (product already above benchmark at t=0)
toyota,LV,PROACE CITY VERSO,ICE,S2,85,-20500.1303,,,crossover before sale year (product already above benchmark at t=0)
toyota,LV,PROACE CITY VERSO ELECTRIC,BEV,S2,1,21543.5218,41.783,2065.8,after lifetime
toyota,LV,TOYOTA BZ4X,BEV,S2,36,22685.9488,45.823,2069.8,after lifetime
toyota,LV,TOYOTA C-HR,HEV,S2,226,-8736.4139,4.011,2028.0,within lifetime
toyota,LV,TOYOTA CAMRY,HEV,S2,57,-12317.3647,1.944,2025.9,within lifetime
toyota,LV,TOYOTA COROLLA,HEV,S2,789,-8418.2648,4.204,2028.2,within lifetime
toyota,LV,TOYOTA GR 86,ICE,S2,2,-38927.5096,,,crossover before sale year (product already above benchmark at t=0)
toyota,LV,TOYOTA GR YARIS,ICE,S2,11,-39448.5513,,,crossover before sale year (product already above benchmark at t=0)
toyota,LV,TOYOTA HIGHLANDER,HEV,S2,73,-25389.9966,,,crossover before sale year (product already above benchmark at t=0)
toyota,LV,TOYOTA LAND CRUISER,ICE,S2,114,-64863.2164,,,crossover before sale year (product already above benchmark at t=0)
toyota,LV,TOYOTA LAND CRUISER (150 SERIES),ICE,S2,14,-58120.1174,,,crossover before sale year (product already above benchmark at t=0)
toyota,LV,TOYOTA RAV4,HEV,S2,561,-16133.0966,,,crossover before sale year (product already above benchmark at t=0)
toyota,LV,TOYOTA RAV4,ICE,S2,42,-25482.2398,,,crossover before sale year (product already above benchmark at t=0)
toyota,LV,TOYOTA YARIS,HEV,S2,123,-2196.1386,8.36,2032.4,within lifetime
toyota,LV,TOYOTA YARIS,ICE,S2,30,-13574.9785,1.261,2025.3,within lifetime
toyota,LV,TOYOTA YARIS CROSS,HEV,S2,460,-7619.3442,4.697,2028.7,within lifetime
toyota,LV,TOYOTA YARIS CROSS,ICE,S2,35,-16946.3257,,,crossover before sale year (product already above benchmark at t=0)
toyota,MT,AYGO X,ICE,S2,3,-1990.1248,7.356,2031.4,within lifetime
toyota,MT,COROLLA,HEV,S2,2,-825.2996,8.649,2032.6,within lifetime
toyota,MT,TOYOTA AYGO X,ICE,S2,376,-1882.128,7.473,2031.5,within lifetime
toyota,MT,TOYOTA C-HR,HEV,S2,27,-1947.627,7.402,2031.4,within lifetime
toyota,MT,TOYOTA COROLLA,HEV,S2,33,-589.9971,8.92,2032.9,within lifetime
toyota,MT,TOYOTA LAND CRUISER,ICE,S2,2,-33189.6257,,,crossover before sale year (product already above benchmark at t=0)
toyota,MT,TOYOTA YARIS,HEV,S2,253,1273.0106,11.186,2035.2,within lifetime
toyota,MT,TOYOTA YARIS,ICE,S2,20,-4346.3856,4.947,2028.9,within lifetime
toyota,MT,TOYOTA YARIS CROSS,HEV,S2,325,-768.7657,8.714,2032.7,within lifetime
toyota,MT,YARIS,HEV,S2,4,1447.4231,11.41,2035.4,within lifetime
toyota,NL,PROACE,BEV,S2,110,3691.7943,12.247,2036.2,within lifetime
toyota,NL,PROACE CITY VERSO,ICE,S2,9,-18868.3518,,,crossover before sale year (product already above benchmark at t=0)
toyota,NL,PROACE CITY VERSO ELECTRIC,BEV,S2,7,7299.681,18.869,2042.9,after lifetime
toyota,NL,TOYOTA AYGO X,ICE,S2,7871,-9692.5856,,,crossover before sale year (product already above benchmark at t=0)
toyota,NL,TOYOTA BZ4X,BEV,S2,1032,9916.1206,25.286,2049.3,after lifetime
toyota,NL,TOYOTA C-HR,HEV,S2,2053,-9839.3713,,,crossover before sale year (product already above benchmark at t=0)
toyota,NL,TOYOTA CAMRY,HEV,S2,9,-13948.583,,,crossover before sale year (product already above benchmark at t=0)
toyota,NL,TOYOTA COROLLA,HEV,S2,5329,-10318.2491,,,crossover before sale year (product already above benchmark at t=0)
toyota,NL,TOYOTA COROLLA,ICE,S2,1,-17835.2155,,,crossover before sale year (product already above benchmark at t=0)
toyota,NL,TOYOTA GR 86,ICE,S2,2,-32285.2014,,,crossover before sale year (product already above benchmark at t=0)
toyota,NL,TOYOTA GR YARIS,ICE,S2,7,-32590.3599,,,crossover before sale year (product already above benchmark at t=0)
toyota,NL,TOYOTA HIGHLANDER,HEV,S2,62,-22444.5312,,,crossover before sale year (product already above benchmark at t=0)
toyota,NL,TOYOTA LAND CRUISER,ICE,S2,7,-51904.8645,,,crossover before sale year (product already above benchmark at t=0)
toyota,NL,TOYOTA LAND CRUISER (150 SERIES),ICE,S2,27,-44752.6743,,,crossover before sale year (product already above benchmark at t=0)
toyota,NL,TOYOTA RAV4,HEV,S2,663,-15404.4063,,,crossover before sale year (product already above benchmark at t=0)
toyota,NL,TOYOTA SUPRA,ICE,S2,3,-29395.2042,,,crossover before sale year (product already above benchmark at t=0)
toyota,NL,TOYOTA YARIS,HEV,S2,5503,-5260.3529,1.215,2025.2,within lifetime
toyota,NL,TOYOTA YARIS,ICE,S2,201,-12617.8407,,,crossover before sale year (product already above benchmark at t=0)
toyota,NL,TOYOTA YARIS CROSS,HEV,S2,5660,-8612.6765,,,crossover before sale year (product already above benchmark at t=0)
toyota,NL,TOYOTA YARIS CROSS,ICE,S2,74,-15712.7262,,,crossover before sale year (product already above benchmark at t=0)
toyota,PL,AURIS-TMPL,ICE,S2,1,-38495.0619,,,crossover before sale year (product already above benchmark at t=0)
toyota,PL,AYGO X,ICE,S2,1,-13331.8962,0.226,2024.2,within lifetime
toyota,PL,C-HR,HEV,S2,2,-14996.9376,,,crossover before sale year (product already above benchmark at t=0)
toyota,PL,C-HR,ICE,S2,9,-12565.9018,0.703,2024.7,within lifetime
toyota,PL,CAMRY,HEV,S2,3,-16866.2023,,,crossover before sale year (product already above benchmark at t=0)
toyota,PL,COROLLA,HEV,S2,18,-12621.391,0.668,2024.7,within lifetime
toyota,PL,COROLLA,ICE,S2,12,-14681.9862,,,crossover before sale year (product already above benchmark at t=0)
toyota,PL,HIGHLANDER,ICE,S2,1,-27809.334,,,crossover before sale year (product already above benchmark at t=0)
toyota,PL,PROACE,ICE,S2,1499,-43782.3946,,,crossover before sale year (product already above benchmark at t=0)
toyota,PL,PROACE AMF-BRUNS,ICE,S2,1,-38839.7629,,,crossover before sale year (product already above benchmark at t=0)
toyota,PL,PROACE CITY AMF-BRUNS,ICE,S2,11,-25521.761,,,crossover before sale year (product already above benchmark at t=0)
toyota,PL,PROACE CITY VERSO,ICE,S2,2888,-27448.5356,,,crossover before sale year (product already above benchmark at t=0)
toyota,PL,PROACE VERSO,ICE,S2,3,-39069.5749,,,crossover before sale year (product already above benchmark at t=0)
toyota,PL,PROCITY VERSO,ICE,S2,1,-25051.7268,,,crossover before sale year (product already above benchmark at t=0)
toyota,PL,RAV4,HEV,S2,8,-20867.6338,,,crossover before sale year (product already above benchmark at t=0)
toyota,PL,RAV4,ICE,S2,5,-19260.7517,,,crossover before sale year (product already above benchmark at t=0)
toyota,PL,TOYOTA AYGO X,ICE,S2,4400,-14701.7031,,,crossover before sale year (product already above benchmark at t=0)
toyota,PL,TOYOTA C-HR,HEV,S2,14089,-15038.1201,,,crossover before sale year (product already above benchmark at t=0)
toyota,PL,TOYOTA C-HR,ICE,S2,4,-13590.4219,0.067,2024.1,within lifetime
toyota,PL,TOYOTA CAMRY,HEV,S2,3090,-18781.7667,,,crossover before sale year (product already above benchmark at t=0)
toyota,PL,TOYOTA COROLLA,HEV,S2,28503,-13414.268,0.175,2024.2,within lifetime
toyota,PL,TOYOTA COROLLA,ICE,S2,5202,-22077.9577,,,crossover before sale year (product already above benchmark at t=0)
toyota,PL,TOYOTA GR 86,ICE,S2,3,-45503.9688,,,crossover before sale year (product already above benchmark at t=0)
toyota,PL,TOYOTA GR YARIS,ICE,S2,480,-46399.5017,,,crossover before sale year (product already above benchmark at t=0)
toyota,PL,TOYOTA HIGHLANDER,HEV,S2,1808,-32171.8961,,,crossover before sale year (product already above benchmark at t=0)
toyota,PL,TOYOTA HIGHLANDER,ICE,S2,4,-28757.2615,,,crossover before sale year (product already above benchmark at t=0)
toyota,PL,TOYOTA LAND CRUISER,ICE,S2,883,-72316.7352,,,crossover before sale year (product already above benchmark at t=0)
toyota,PL,TOYOTA LAND CRUISER (150 SERIES),ICE,S2,11,-63595.5611,,,crossover before sale year (product already above benchmark at t=0)
toyota,PL,TOYOTA RAV4,HEV,S2,9439,-22647.1032,,,crossover before sale year (product already above benchmark at t=0)
toyota,PL,TOYOTA RAV4,ICE,S2,159,-32958.1658,,,crossover before sale year (product already above benchmark at t=0)
toyota,PL,TOYOTA SUPRA,ICE,S2,10,-33048.7877,,,crossover before sale year (product already above benchmark at t=0)
toyota,PL,TOYOTA YARIS,HEV,S2,8570,-8608.3933,3.342,2027.3,within lifetime
toyota,PL,TOYOTA YARIS,ICE,S2,5132,-19421.0376,,,crossover before sale year (product already above benchmark at t=0)
toyota,PL,TOYOTA YARIS CROSS,HEV,S2,14350,-13519.8704,0.11,2024.1,within lifetime
toyota,PL,TOYOTA YARIS CROSS,ICE,S2,1244,-22901.7928,,,crossover before sale year (product already above benchmark at t=0)
toyota,PL,YARIS,HEV,S2,2,-6585.1937,4.822,2028.8,within lifetime
toyota,PL,YARIS,ICE,S2,2,-12125.443,0.982,2025.0,within lifetime
toyota,PL,YARIS CROSS,HEV,S2,4,-11141.5549,1.617,2025.6,within lifetime
toyota,PT,PROACE,BEV,S2,22,15882.3218,35.463,2059.5,after lifetime
toyota,PT,PROACE,ICE,S2,256,-35936.7731,,,crossover before sale year (product already above benchmark at t=0)
toyota,PT,PROACE CITY VERSO,ICE,S2,114,-19766.2894,,,crossover before sale year (product already above benchmark at t=0)
toyota,PT,PROACE CITY VERSO ELECTRIC,BEV,S2,26,17758.6065,42.282,2066.3,after lifetime
toyota,PT,TOYOTA AYGO X,ICE,S2,964,-9841.2215,1.19,2025.2,within lifetime
toyota,PT,TOYOTA BZ4X,BEV,S2,259,18885.3861,47.658,2071.7,after lifetime
toyota,PT,TOYOTA C-HR,HEV,S2,1123,-9992.0789,1.087,2025.1,within lifetime
toyota,PT,TOYOTA CAMRY,HEV,S2,4,-14505.2774,,,crossover before sale year (product already above benchmark at t=0)
toyota,PT,TOYOTA COROLLA,HEV,S2,1664,-9726.1582,1.269,2025.3,within lifetime
toyota,PT,TOYOTA GR 86,ICE,S2,3,-37159.3324,,,crossover before sale year (product already above benchmark at t=0)
toyota,PT,TOYOTA GR YARIS,ICE,S2,61,-37195.5863,,,crossover before sale year (product already above benchmark at t=0)
toyota,PT,TOYOTA HIGHLANDER,HEV,S2,4,-25469.0217,,,crossover before sale year (product already above benchmark at t=0)
toyota,PT,TOYOTA LAND CRUISER,ICE,S2,7,-61345.8226,,,crossover before sale year (product already above benchmark at t=0)
toyota,PT,TOYOTA RAV4,HEV,S2,158,-16545.2699,,,crossover before sale year (product already above benchmark at t=0)
toyota,PT,TOYOTA SUPRA,ICE,S2,1,-36656.6335,,,crossover before sale year (product already above benchmark at t=0)
toyota,PT,TOYOTA YARIS,HEV,S2,2085,-4445.2829,5.223,2029.2,within lifetime
toyota,PT,TOYOTA YARIS,ICE,S2,107,-15134.9872,,,crossover before sale year (product already above benchmark at t=0)
toyota,PT,TOYOTA YARIS CROSS,HEV,S2,3227,-8338.5009,2.243,2026.2,within lifetime
toyota,PT,TOYOTA YARIS CROSS,ICE,S2,31,-17129.6162,,,crossover before sale year (product already above benchmark at t=0)
toyota,RO,PROACE,BEV,S2,10,-35.2006,10.819,2034.8,within lifetime
toyota,RO,PROACE,ICE,S2,111,-48783.0198,,,crossover before sale year (product already above benchmark at t=0)
toyota,RO,PROACE CITY VERSO,ICE,S2,35,-30487.3373,,,crossover before sale year (product already above benchmark at t=0)
toyota,RO,PROACE CITY VERSO ELECTRIC,BEV,S2,18,5571.8629,17.758,2041.8,within lifetime
toyota,RO,TOYOTA AYGO X,ICE,S2,391,-18374.5836,,,crossover before sale year (product already above benchmark at t=0)
toyota,RO,TOYOTA BZ4X,BEV,S2,48,9145.7369,23.645,2047.6,within lifetime
toyota,RO,TOYOTA C-HR,HEV,S2,1799,-19863.6074,,,crossover before sale year (product already above benchmark at t=0)
toyota,RO,TOYOTA CAMRY,HEV,S2,284,-23796.3533,,,crossover before sale year (product already above benchmark at t=0)
toyota,RO,TOYOTA COROLLA,HEV,S2,3561,-17365.3487,,,crossover before sale year (product already above benchmark at t=0)
toyota,RO,TOYOTA COROLLA,ICE,S2,203,-25976.6029,,,crossover before sale year (product already above benchmark at t=0)
toyota,RO,TOYOTA GR YARIS,ICE,S2,12,-46548.604,,,crossover before sale year (product already above benchmark at t=0)
toyota,RO,TOYOTA HIGHLANDER,HEV,S2,321,-36618.4212,,,crossover before sale year (product already above benchmark at t=0)
toyota,RO,TOYOTA LAND CRUISER,ICE,S2,23,-78699.0724,,,crossover before sale year (product already above benchmark at t=0)
toyota,RO,TOYOTA LAND CRUISER (150 SERIES),ICE,S2,114,-70062.5195,,,crossover before sale year (product already above benchmark at t=0)
toyota,RO,TOYOTA RAV4,HEV,S2,2357,-26524.2921,,,crossover before sale year (product already above benchmark at t=0)
toyota,RO,TOYOTA RAV4,ICE,S2,11,-36867.4637,,,crossover before sale year (product already above benchmark at t=0)
toyota,RO,TOYOTA SUPRA,ICE,S2,7,-44706.2495,,,crossover before sale year (product already above benchmark at t=0)
toyota,RO,TOYOTA YARIS,HEV,S2,784,-11503.8163,1.061,2025.1,within lifetime
toyota,RO,TOYOTA YARIS,ICE,S2,164,-23473.6434,,,crossover before sale year (product already above benchmark at t=0)
toyota,RO,TOYOTA YARIS CROSS,HEV,S2,1880,-16595.1849,,,crossover before sale year (product already above benchmark at t=0)
toyota,RO,TOYOTA YARIS CROSS,ICE,S2,80,-27009.5566,,,crossover before sale year (product already above benchmark at t=0)
toyota,SE,PROACE,BEV,S2,27,21017.5608,63.596,2087.6,after lifetime
toyota,SE,PROACE,ICE,S2,292,-26112.2442,,,crossover before sale year (product already above benchmark at t=0)
toyota,SE,PROACE CITY VERSO ELECTRIC,BEV,S2,11,21360.7685,68.205,2092.2,after lifetime
toyota,SE,TOYOTA AYGO X,ICE,S2,448,-5101.4379,2.497,2026.5,within lifetime
toyota,SE,TOYOTA BZ4X,BEV,S2,531,21721.4282,74.345,2098.3,after lifetime
toyota,SE,TOYOTA C-HR,HEV,S2,1217,-5464.8013,2.206,2026.2,within lifetime
toyota,SE,TOYOTA CAMRY,HEV,S2,138,-8440.7703,,,crossover before sale year (product already above benchmark at t=0)
toyota,SE,TOYOTA COROLLA,HEV,S2,6113,-5780.4141,1.957,2026.0,within lifetime
toyota,SE,TOYOTA GR YARIS,ICE,S2,74,-28872.7711,,,crossover before sale year (product already above benchmark at t=0)
toyota,SE,TOYOTA LAND CRUISER,ICE,S2,103,-48019.985,,,crossover before sale year (product already above benchmark at t=0)
toyota,SE,TOYOTA RAV4,HEV,S2,3808,-10692.1123,,,crossover before sale year (product already above benchmark at t=0)
toyota,SE,TOYOTA SUPRA,ICE,S2,7,-26189.0592,,,crossover before sale year (product already above benchmark at t=0)
toyota,SE,TOYOTA YARIS,HEV,S2,2750,-258.0916,6.777,2030.8,within lifetime
toyota,SE,TOYOTA YARIS CROSS,HEV,S2,3137,-4335.7697,3.122,2027.1,within lifetime
toyota,SI,PROACE,BEV,S2,4,20771.7866,26.48,2050.5,after lifetime
toyota,SI,PROACE,ICE,S2,53,-22881.0444,,,crossover before sale year (product already above benchmark at t=0)
toyota,SI,PROACE CITY VERSO,ICE,S2,192,-8468.9401,3.262,2027.3,within lifetime
toyota,SI,PROACE CITY VERSO ELECTRIC,BEV,S2,2,25854.0723,34.954,2059.0,after lifetime
toyota,SI,TOYOTA AYGO X,ICE,S2,26,2893.4203,9.74,2033.7,within lifetime
toyota,SI,TOYOTA BZ4X,BEV,S2,22,27468.4453,38.486,2062.5,after lifetime
toyota,SI,TOYOTA C-HR,HEV,S2,362,2994.2924,9.807,2033.8,within lifetime
toyota,SI,TOYOTA CAMRY,HEV,S2,4,-2465.4749,6.452,2030.5,within lifetime
toyota,SI,TOYOTA COROLLA,HEV,S2,717,2644.5737,9.576,2033.6,within lifetime
toyota,SI,TOYOTA COROLLA,ICE,S2,131,-3396.0582,5.927,2029.9,within lifetime
toyota,SI,TOYOTA GR 86 /,ICE,S2,1,-24840.4813,,,crossover before sale year (product already above benchmark at t=0)
toyota,SI,TOYOTA GR YARIS,ICE,S2,25,-24333.5918,,,crossover before sale year (product already above benchmark at t=0)
toyota,SI,TOYOTA HIGHLANDER,HEV,S2,28,-13083.2796,1.085,2025.1,within lifetime
toyota,SI,TOYOTA LAND CRUISER,ICE,S2,30,-48608.6527,,,crossover before sale year (product already above benchmark at t=0)
toyota,SI,TOYOTA LAND CRUISER (150 SERIES),ICE,S2,3,-40294.4289,,,crossover before sale year (product already above benchmark at t=0)
toyota,SI,TOYOTA RAV4,HEV,S2,244,-3972.4271,5.608,2029.6,within lifetime
toyota,SI,TOYOTA RAV4,ICE,S2,6,-12889.4182,1.172,2025.2,within lifetime
toyota,SI,TOYOTA SUPRA,ICE,S2,3,-22676.9287,,,crossover before sale year (product already above benchmark at t=0)
toyota,SI,TOYOTA YARIS,HEV,S2,184,8819.1777,14.04,2038.0,within lifetime
toyota,SI,TOYOTA YARIS,ICE,S2,296,-1518.589,6.999,2031.0,within lifetime
toyota,SI,TOYOTA YARIS CROSS,HEV,S2,573,4697.1601,10.964,2035.0,within lifetime
toyota,SI,TOYOTA YARIS CROSS,ICE,S2,385,-4411.568,5.368,2029.4,within lifetime
toyota,SK,COROLLA,HEV,S2,1,-7769.5854,1.078,2025.1,within lifetime
toyota,SK,PROACE,BEV,S2,2,16632.0801,39.874,2063.9,after lifetime
toyota,SK,PROACE,ICE,S2,383,-28063.679,,,crossover before sale year (product already above benchmark at t=0)
toyota,SK,PROACE CITY VERSO,ICE,S2,884,-16649.4085,,,crossover before sale year (product already above benchmark at t=0)
toyota,SK,PROACE CITY VERSO ELECTRIC,BEV,S2,13,17678.3548,44.823,2068.8,after lifetime
toyota,SK,TOYOTA AYGO X,ICE,S2,218,-6721.6347,1.887,2025.9,within lifetime
toyota,SK,TOYOTA BZ4X,BEV,S2,36,18564.2652,50.078,2074.1,after lifetime
toyota,SK,TOYOTA C-HR,HEV,S2,1143,-7399.7841,1.36,2025.4,within lifetime
toyota,SK,TOYOTA CAMRY,HEV,S2,105,-9972.6737,,,crossover before sale year (product already above benchmark at t=0)
toyota,SK,TOYOTA COROLLA,HEV,S2,2166,-6298.5817,2.222,2026.2,within lifetime
toyota,SK,TOYOTA COROLLA,ICE,S2,364,-11783.3348,,,crossover before sale year (product already above benchmark at t=0)
toyota,SK,TOYOTA GR 86,ICE,S2,87,-29758.8577,,,crossover before sale year (product already above benchmark at t=0)
toyota,SK,TOYOTA GR YARIS,ICE,S2,55,-28539.237,,,crossover before sale year (product already above benchmark at t=0)
toyota,SK,TOYOTA HIGHLANDER,HEV,S2,209,-19563.3761,,,crossover before sale year (product already above benchmark at t=0)
toyota,SK,TOYOTA LAND CRUISER,ICE,S2,128,-49903.4369,,,crossover before sale year (product already above benchmark at t=0)
toyota,SK,TOYOTA LAND CRUISER (150 SERIES),ICE,S2,28,-43057.1341,,,crossover before sale year (product already above benchmark at t=0)
toyota,SK,TOYOTA RAV4,HEV,S2,979,-12577.7119,,,crossover before sale year (product already above benchmark at t=0)
toyota,SK,TOYOTA RAV4,ICE,S2,65,-20177.4567,,,crossover before sale year (product already above benchmark at t=0)
toyota,SK,TOYOTA SUPRA,ICE,S2,12,-25268.0857,,,crossover before sale year (product already above benchmark at t=0)
toyota,SK,TOYOTA YARIS,HEV,S2,652,-2319.1171,5.643,2029.6,within lifetime
toyota,SK,TOYOTA YARIS,ICE,S2,307,-10340.8908,,,crossover before sale year (product already above benchmark at t=0)
toyota,SK,TOYOTA YARIS CROSS,HEV,S2,1048,-6343.3742,2.186,2026.2,within lifetime
toyota,SK,TOYOTA YARIS CROSS,ICE,S2,146,-12697.4299,,,crossover before sale year (product already above benchmark at t=0)
toyota,AT,GR YARIS 16,ICE,S3,1,-24688.0364,,,crossover before sale year (product already above benchmark at t=0)
toyota,AT,PROACE,BEV,S3,13,12537.751,35.241,2059.2,after lifetime
toyota,AT,PROACE,ICE,S3,348,-26693.8294,,,crossover before sale year (product already above benchmark at t=0)
toyota,AT,PROACE CITY VERSO,ICE,S3,298,-15951.2259,0.794,2024.8,within lifetime
toyota,AT,PROACE CITY VERSO ELECTRIC,BEV,S3,20,13193.4203,39.946,2063.9,after lifetime
toyota,AT,SIENNA XLE HYBRID,HEV,S3,1,-23827.5504,,,crossover before sale year (product already above benchmark at t=0)
toyota,AT,TOYOTA AYGO X,ICE,S3,536,-8184.9207,2.756,2026.8,within lifetime
toyota,AT,TOYOTA BZ4X,BEV,S3,77,13575.8079,43.394,2067.4,after lifetime
toyota,AT,TOYOTA C-HR,HEV,S3,972,-8893.9011,2.552,2026.6,within lifetime
toyota,AT,TOYOTA CAMRY,HEV,S3,103,-11945.3707,1.736,2025.7,within lifetime
toyota,AT,TOYOTA COROLLA,HEV,S3,2496,-8663.1038,2.618,2026.6,within lifetime
toyota,AT,TOYOTA COROLLA,ICE,S3,1,-13485.2572,1.359,2025.4,within lifetime
toyota,AT,TOYOTA GR 86,ICE,S3,31,-27606.8775,,,crossover before sale year (product already above benchmark at t=0)
toyota,AT,TOYOTA GR YARIS,ICE,S3,122,-27863.098,,,crossover before sale year (product already above benchmark at t=0)
toyota,AT,TOYOTA HIGHLANDER,HEV,S3,118,-19247.794,0.105,2024.1,within lifetime
toyota,AT,TOYOTA LAND CRUISER,ICE,S3,197,-44611.1453,,,crossover before sale year (product already above benchmark at t=0)
toyota,AT,TOYOTA LAND CRUISER (150 SERIES),ICE,S3,63,-38527.3683,,,crossover before sale year (product already above benchmark at t=0)
toyota,AT,TOYOTA RAV4,HEV,S3,1345,-12984.8563,1.479,2025.5,within lifetime
toyota,AT,TOYOTA SUPRA,ICE,S3,12,-25406.1561,,,crossover before sale year (product already above benchmark at t=0)
toyota,AT,TOYOTA YARIS,HEV,S3,1309,-4885.6613,3.795,2027.8,within lifetime
toyota,AT,TOYOTA YARIS,ICE,S3,226,-11751.2608,1.785,2025.8,within lifetime
toyota,AT,TOYOTA YARIS CROSS,HEV,S3,2421,-7595.0752,2.931,2026.9,within lifetime
toyota,AT,TOYOTA YARIS CROSS,ICE,S3,58,-13269.8191,1.41,2025.4,within lifetime
toyota,BE,PROACE,BEV,S3,6,8973.7192,26.31,2050.3,after lifetime
toyota,BE,PROACE,ICE,S3,548,-33824.7939,,,crossover before sale year (product already above benchmark at t=0)
toyota,BE,PROACE CITY VERSO,ICE,S3,923,-22951.5964,,,crossover before sale year (product already above benchmark at t=0)
toyota,BE,PROACE CITY VERSO ELECTRIC,BEV,S3,5,9989.006,31.817,2055.8,after lifetime
toyota,BE,TOYOTA AYGO X,ICE,S3,2879,-13758.8078,0.336,2024.3,within lifetime
toyota,BE,TOYOTA BZ4X,BEV,S3,804,10470.9958,35.171,2059.2,after lifetime
toyota,BE,TOYOTA C-HR,HEV,S3,2189,-14054.5895,0.259,2024.3,within lifetime
toyota,BE,TOYOTA CAMRY,HEV,S3,153,-17913.1445,,,crossover before sale year (product already above benchmark at t=0)
toyota,BE,TOYOTA COROLLA,HEV,S3,5169,-14043.2552,0.262,2024.3,within lifetime
toyota,BE,TOYOTA GR 86,ICE,S3,54,-35464.6767,,,crossover before sale year (product already above benchmark at t=0)
toyota,BE,TOYOTA GR YARIS,ICE,S3,185,-33853.3992,,,crossover before sale year (product already above benchmark at t=0)
toyota,BE,TOYOTA HIGHLANDER,HEV,S3,68,-26164.0239,,,crossover before sale year (product already above benchmark at t=0)
toyota,BE,TOYOTA LAND CRUISER,ICE,S3,37,-54355.6702,,,crossover before sale year (product already above benchmark at t=0)
toyota,BE,TOYOTA LAND CRUISER (150 SERIES),ICE,S3,59,-47192.4056,,,crossover before sale year (product already above benchmark at t=0)
toyota,BE,TOYOTA RAV4,HEV,S3,1426,-19222.8095,,,crossover before sale year (product already above benchmark at t=0)
toyota,BE,TOYOTA SUPRA,ICE,S3,19,-29584.805,,,crossover before sale year (product already above benchmark at t=0)
toyota,BE,TOYOTA YARIS,HEV,S3,3355,-9215.8757,1.627,2025.6,within lifetime
toyota,BE,TOYOTA YARIS,ICE,S3,360,-16196.5675,,,crossover before sale year (product already above benchmark at t=0)
toyota,BE,TOYOTA YARIS CROSS,HEV,S3,4445,-12736.1227,0.606,2024.6,within lifetime
toyota,BE,TOYOTA YARIS CROSS,ICE,S3,38,-19403.6472,,,crossover before sale year (product already above benchmark at t=0)
toyota,BG,PROACE,ICE,S3,40,-36804.832,,,crossover before sale year (product already above benchmark at t=0)
toyota,BG,PROACE CITY VERSO,ICE,S3,34,-25110.3455,,,crossover before sale year (product already above benchmark at t=0)
toyota,BG,TOYOTA AYGO X,ICE,S3,156,-14699.2322,1.635,2025.6,within lifetime
toyota,BG,TOYOTA BZ4X,BEV,S3,28,8813.5673,24.001,2048.0,after lifetime
toyota,BG,TOYOTA C-HR,HEV,S3,724,-15651.8818,1.408,2025.4,within lifetime
toyota,BG,TOYOTA CAMRY,HEV,S3,109,-18315.96,0.81,2024.8,within lifetime
toyota,BG,TOYOTA COROLLA,HEV,S3,1487,-14028.8621,1.799,2025.8,within lifetime
toyota,BG,TOYOTA COROLLA,ICE,S3,318,-20201.46,0.416,2024.4,within lifetime
toyota,BG,TOYOTA GR YARIS,ICE,S3,4,-37645.0405,,,crossover before sale year (product already above benchmark at t=0)
toyota,BG,TOYOTA HIGHLANDER,HEV,S3,120,-27980.0548,,,crossover before sale year (product already above benchmark at t=0)
toyota,BG,TOYOTA LAND CRUISER,ICE,S3,63,-58244.0044,,,crossover before sale year (product already above benchmark at t=0)
toyota,BG,TOYOTA LAND CRUISER (150 SERIES),ICE,S3,84,-51931.6605,,,crossover before sale year (product already above benchmark at t=0)
toyota,BG,TOYOTA LAND CRUISER 150 SERIES,ICE,S3,1,-52187.1097,,,crossover before sale year (product already above benchmark at t=0)
toyota,BG,TOYOTA RAV4,HEV,S3,388,-20521.1249,0.351,2024.4,within lifetime
toyota,BG,TOYOTA RAV4,ICE,S3,18,-28603.8288,,,crossover before sale year (product already above benchmark at t=0)
toyota,BG,TOYOTA YARIS,HEV,S3,501,-9534.9142,3.015,2027.0,within lifetime
toyota,BG,TOYOTA YARIS,ICE,S3,227,-18385.162,0.795,2024.8,within lifetime
toyota,BG,TOYOTA YARIS CROSS,HEV,S3,454,-13622.0754,1.901,2025.9,within lifetime
toyota,BG,TOYOTA YARIS CROSS,ICE,S3,205,-20929.4683,0.27,2024.3,within lifetime
toyota,CY,PROACE,ICE,S3,1,-44086.7175,,,crossover before sale year (product already above benchmark at t=0)
toyota,CY,TOYOTA RAV4,HEV,S3,6,-25135.2226,0.569,2024.6,within lifetime
toyota,CZ,C-HR,HEV,S3,1,-10735.8182,1.647,2025.6,within lifetime
toyota,CZ,GR YARIS,ICE,S3,2,-24421.3795,,,crossover before sale year (product already above benchmark at t=0)
toyota,CZ,PROACE,BEV,S3,13,1674.2271,7.824,2031.8,within lifetime
toyota,CZ,PROACE,ICE,S3,1202,-27066.4661,,,crossover before sale year (product already above benchmark at t=0)
toyota,CZ,PROACE CITY VERSO,ICE,S3,2046,-17921.0433,,,crossover before sale year (product already above benchmark at t=0)
toyota,CZ,PROACE CITY VERSO ELECTRIC,BEV,S3,70,4150.4146,12.696,2036.7,within lifetime
toyota,CZ,TOYOTA AYGO X,ICE,S3,885,-10284.3583,1.784,2025.8,within lifetime
toyota,CZ,TOYOTA BZ4X,BEV,S3,100,6003.7793,17.465,2041.5,after lifetime
toyota,CZ,TOYOTA C-HR,HEV,S3,1126,-10647.5561,1.673,2025.7,within lifetime
toyota,CZ,TOYOTA CAMRY,HEV,S3,470,-12904.8438,1.021,2025.0,within lifetime
toyota,CZ,TOYOTA COROLLA,HEV,S3,3997,-9857.6823,1.917,2025.9,within lifetime
toyota,CZ,TOYOTA COROLLA,ICE,S3,837,-14453.1155,0.607,2024.6,within lifetime
toyota,CZ,TOYOTA GR 86,ICE,S3,63,-28312.4434,,,crossover before sale year (product already above benchmark at t=0)
toyota,CZ,TOYOTA GR YARIS,ICE,S3,205,-28425.2689,,,crossover before sale year (product already above benchmark at t=0)
toyota,CZ,TOYOTA HIGHLANDER,HEV,S3,397,-20429.9179,,,crossover before sale year (product already above benchmark at t=0)
toyota,CZ,TOYOTA LAND CRUISER,ICE,S3,302,-43938.6157,,,crossover before sale year (product already above benchmark at t=0)
toyota,CZ,TOYOTA LAND CRUISER (150 SERIES),ICE,S3,79,-38893.9027,,,crossover before sale year (product already above benchmark at t=0)
toyota,CZ,TOYOTA RAV4,HEV,S3,2724,-14867.9039,0.501,2024.5,within lifetime
toyota,CZ,TOYOTA RAV4,ICE,S3,12,-20745.5055,,,crossover before sale year (product already above benchmark at t=0)
toyota,CZ,TOYOTA SUPRA,ICE,S3,14,-24724.8914,,,crossover before sale year (product already above benchmark at t=0)
toyota,CZ,TOYOTA YARIS,HEV,S3,800,-6889.0104,2.917,2026.9,within lifetime
toyota,CZ,TOYOTA YARIS,ICE,S3,727,-13125.1899,0.961,2025.0,within lifetime
toyota,CZ,TOYOTA YARIS CROSS,HEV,S3,1822,-9906.4219,1.901,2025.9,within lifetime
toyota,CZ,TOYOTA YARIS CROSS,ICE,S3,534,-14943.1659,0.481,2024.5,within lifetime
toyota,DE,,HEV,S3,2,-48272.5186,,,crossover before sale year (product already above benchmark at t=0)
toyota,DE,FJ CRUISER,ICE,S3,9,-45880.7316,,,crossover before sale year (product already above benchmark at t=0)
toyota,DE,LAND CRUISER,ICE,S3,19,-53168.195,,,crossover before sale year (product already above benchmark at t=0)
toyota,DE,LAND CRUISER I-FORCE MAX,HEV,S3,2,-41491.559,,,crossover before sale year (product already above benchmark at t=0)
toyota,DE,PROACE,BEV,S3,28,2801.9312,9.754,2033.8,within lifetime
toyota,DE,PROACE,ICE,S3,2756,-29690.8598,,,crossover before sale year (product already above benchmark at t=0)
toyota,DE,PROACE CITY VERSO,ICE,S3,2944,-19683.4031,,,crossover before sale year (product already above benchmark at t=0)
toyota,DE,PROACE CITY VERSO ELECTRIC,BEV,S3,67,5052.0636,14.871,2038.9,within lifetime
toyota,DE,PROACE VERSO,ICE,S3,14,-28885.6139,,,crossover before sale year (product already above benchmark at t=0)
toyota,DE,TOYOTA AYGO,HEV,S3,1,-8461.7233,1.99,2026.0,within lifetime
toyota,DE,TOYOTA AYGO X,HEV,S3,2,-8461.7233,1.99,2026.0,within lifetime
toyota,DE,TOYOTA AYGO X,ICE,S3,18051,-11802.3368,0.943,2024.9,within lifetime
toyota,DE,TOYOTA BZ4X,BEV,S3,1550,6581.9877,19.428,2043.4,after lifetime
toyota,DE,TOYOTA C-HR,HEV,S3,10014,-12000.2249,0.885,2024.9,within lifetime
toyota,DE,TOYOTA CAMRY,HEV,S3,52,-15162.7551,0.028,2024.0,within lifetime
toyota,DE,TOYOTA CARMY,HEV,S3,1,-11524.0921,1.024,2025.0,within lifetime
toyota,DE,TOYOTA COROLLA,HEV,S3,17111,-11553.1409,1.016,2025.0,within lifetime
toyota,DE,TOYOTA COROLLA,ICE,S3,4,-12643.4445,0.702,2024.7,within lifetime
toyota,DE,TOYOTA GR 86,ICE,S3,553,-31092.3331,,,crossover before sale year (product already above benchmark at t=0)
toyota,DE,TOYOTA GR YARIS,ICE,S3,2100,-30396.695,,,crossover before sale year (product already above benchmark at t=0)
toyota,DE,TOYOTA HIGHLANDER,HEV,S3,90,-22884.0151,,,crossover before sale year (product already above benchmark at t=0)
toyota,DE,TOYOTA HIGHLANDER,ICE,S3,1,-21893.9516,,,crossover before sale year (product already above benchmark at t=0)
toyota,DE,TOYOTA LAND CRUISER,ICE,S3,972,-47462.7619,,,crossover before sale year (product already above benchmark at t=0)
toyota,DE,TOYOTA LAND CRUISER (150 SERIES),ICE,S3,538,-42187.1762,,,crossover before sale year (product already above benchmark at t=0)
toyota,DE,TOYOTA LAND CRUISER 150,ICE,S3,2,-42976.5026,,,crossover before sale year (product already above benchmark at t=0)
toyota,DE,TOYOTA LAND CRUISER 250,HEV,S3,1,-48491.2592,,,crossover before sale year (product already above benchmark at t=0)
toyota,DE,TOYOTA LANDCRUISER 300,ICE,S3,2,-52657.2658,,,crossover before sale year (product already above benchmark at t=0)
toyota,DE,TOYOTA RAV4,HEV,S3,5201,-16402.927,,,crossover before sale year (product already above benchmark at t=0)
toyota,DE,TOYOTA RAV4,ICE,S3,6,-22539.3358,,,crossover before sale year (product already above benchmark at t=0)
toyota,DE,TOYOTA SUPRA,ICE,S3,219,-27916.548,,,crossover before sale year (product already above benchmark at t=0)
toyota,DE,TOYOTA YARIS,HEV,S3,13344,-8080.8083,2.12,2026.1,within lifetime
toyota,DE,TOYOTA YARIS,ICE,S3,1073,-15358.5113,,,crossover before sale year (product already above benchmark at t=0)
toyota,DE,TOYOTA YARIS CROSS,HEV,S3,16507,-10631.8272,1.292,2025.3,within lifetime
toyota,DE,TOYOTA YARIS CROSS,ICE,S3,1,-16946.0059,,,crossover before sale year (product already above benchmark at t=0)
toyota,DE,YARIS CROSS,HEV,S3,5,-14805.2016,0.12,2024.1,within lifetime
toyota,DK,COROLLA CROSS,ICE,S3,1,-12255.0616,0.934,2024.9,within lifetime
toyota,DK,LAND CRUISER 150,ICE,S3,13,-43410.7232,,,crossover before sale year (product already above benchmark at t=0)
toyota,DK,LAND CRUISER 250,ICE,S3,8,-47425.3254,,,crossover before sale year (product already above benchmark at t=0)
toyota,DK,PROACE,BEV,S3,41,8852.2907,27.755,2051.8,after lifetime
toyota,DK,PROACE,ICE,S3,58,-29415.8236,,,crossover before sale year (product already above benchmark at t=0)
toyota,DK,PROACE CITY VERSO,ICE,S3,57,-19810.5175,,,crossover before sale year (product already above benchmark at t=0)
toyota,DK,PROACE CITY VERSO ELECTRIC,BEV,S3,8,9544.9321,31.778,2055.8,after lifetime
toyota,DK,RAV 4,HEV,S3,1,-15953.3245,,,crossover before sale year (product already above benchmark at t=0)
toyota,DK,SIENNA,ICE,S3,1,-74301.2237,,,crossover before sale year (product already above benchmark at t=0)
toyota,DK,TOYOTA AYGO X,ICE,S3,2540,-11511.0462,1.146,2025.1,within lifetime
toyota,DK,TOYOTA BZ4X,BEV,S3,1792,10192.6971,36.584,2060.6,after lifetime
toyota,DK,TOYOTA C-HR,HEV,S3,796,-11591.4629,1.122,2025.1,within lifetime
toyota,DK,TOYOTA CAMRY,HEV,S3,6,-15077.1012,0.184,2024.2,within lifetime
toyota,DK,TOYOTA COROLLA,HEV,S3,2081,-11964.5369,1.016,2025.0,within lifetime
toyota,DK,TOYOTA GR 86,ICE,S3,6,-30603.2104,,,crossover before sale year (product already above benchmark at t=0)
toyota,DK,TOYOTA GR YARIS,ICE,S3,5,-32032.2758,,,crossover before sale year (product already above benchmark at t=0)
toyota,DK,TOYOTA RAV4,HEV,S3,470,-15963.5763,,,crossover before sale year (product already above benchmark at t=0)
toyota,DK,TOYOTA RAV4,ICE,S3,21,-22165.2125,,,crossover before sale year (product already above benchmark at t=0)
toyota,DK,TOYOTA SUPRA,ICE,S3,1,-30351.8589,,,crossover before sale year (product already above benchmark at t=0)
toyota,DK,TOYOTA YARIS,HEV,S3,2208,-7546.2684,2.4,2026.4,within lifetime
toyota,DK,TOYOTA YARIS,ICE,S3,355,-14207.9645,0.407,2024.4,within lifetime
toyota,DK,TOYOTA YARIS CROSS,HEV,S3,2224,-10253.3385,1.519,2025.5,within lifetime
toyota,EE,COROLLA,HEV,S3,5,-9404.4993,3.91,2027.9,within lifetime
toyota,EE,PROACE,ICE,S3,126,-27857.507,,,crossover before sale year (product already above benchmark at t=0)
toyota,EE,PROACE CITY VERSO,ICE,S3,97,-18522.5482,1.404,2025.4,within lifetime
toyota,EE,RAV4,HEV,S3,2,-14857.3333,2.305,2026.3,within lifetime
toyota,EE,TOYOTA BZ4X,BEV,S3,81,7405.3625,25.301,2049.3,after lifetime
toyota,EE,TOYOTA C-HR,HEV,S3,382,-10963.372,3.411,2027.4,within lifetime
toyota,EE,TOYOTA CAMRY,HEV,S3,136,-12677.1051,2.902,2026.9,within lifetime
toyota,EE,TOYOTA COROLLA,HEV,S3,1245,-11248.4626,3.324,2027.3,within lifetime
toyota,EE,TOYOTA COROLLA,ICE,S3,38,-14983.2355,2.272,2026.3,within lifetime
toyota,EE,TOYOTA GR YARIS,ICE,S3,46,-28352.3194,,,crossover before sale year (product already above benchmark at t=0)
toyota,EE,TOYOTA HIGHLANDER,HEV,S3,161,-20996.4835,0.856,2024.9,within lifetime
toyota,EE,TOYOTA LAND CRUISER,ICE,S3,237,-44716.6469,,,crossover before sale year (product already above benchmark at t=0)
toyota,EE,TOYOTA LAND CRUISER (150 SERIES),ICE,S3,8,-40883.798,,,crossover before sale year (product already above benchmark at t=0)
toyota,EE,TOYOTA RAV4,HEV,S3,839,-15436.7534,2.154,2026.2,within lifetime
toyota,EE,TOYOTA RAV4,ICE,S3,62,-21252.3645,0.802,2024.8,within lifetime
toyota,EE,TOYOTA YARIS,HEV,S3,203,-7423.8654,4.6,2028.6,within lifetime
toyota,EE,TOYOTA YARIS,ICE,S3,51,-13680.0398,2.621,2026.6,within lifetime
toyota,EE,TOYOTA YARIS CROSS,HEV,S3,516,-10236.7458,3.639,2027.6,within lifetime
toyota,EE,TOYOTA YARIS CROSS,ICE,S3,39,-15832.8414,2.053,2026.1,within lifetime
toyota,EE,YARIS CROSS,HEV,S3,1,-9610.2666,3.842,2027.8,within lifetime
toyota,ES,LAND CRUISER,ICE,S3,1,-66724.4768,,,crossover before sale year (product already above benchmark at t=0)
toyota,ES,PROACE,BEV,S3,59,9133.4274,25.561,2049.6,after lifetime
toyota,ES,PROACE,ICE,S3,1236,-44694.7629,,,crossover before sale year (product already above benchmark at t=0)
toyota,ES,PROACE CITY VERSO,ICE,S3,3949,-29992.2612,,,crossover before sale year (product already above benchmark at t=0)
toyota,ES,PROACE CITY VERSO ELECTRIC,BEV,S3,126,10412.7831,31.308,2055.3,after lifetime
toyota,ES,TOYOTA AYGO X,ICE,S3,4103,-19473.8899,1.458,2025.5,within lifetime
toyota,ES,TOYOTA BZ4X,BEV,S3,354,10980.9011,34.6,2058.6,after lifetime
toyota,ES,TOYOTA C-HR,HEV,S3,16422,-19441.1992,1.464,2025.5,within lifetime
toyota,ES,TOYOTA CAMRY,HEV,S3,110,-23036.9393,0.757,2024.8,within lifetime
toyota,ES,TOYOTA COROLLA,HEV,S3,22982,-17618.8869,1.853,2025.9,within lifetime
toyota,ES,TOYOTA GR 86,ICE,S3,133,-45917.6842,,,crossover before sale year (product already above benchmark at t=0)
toyota,ES,TOYOTA GR YARIS,ICE,S3,453,-46992.4529,,,crossover before sale year (product already above benchmark at t=0)
toyota,ES,TOYOTA HIGHLANDER,HEV,S3,330,-34926.7597,,,crossover before sale year (product already above benchmark at t=0)
toyota,ES,TOYOTA LAND CRUISER,ICE,S3,708,-69810.9158,,,crossover before sale year (product already above benchmark at t=0)
toyota,ES,TOYOTA LAND CRUISER (150 SERIES),ICE,S3,984,-61905.0886,,,crossover before sale year (product already above benchmark at t=0)
toyota,ES,TOYOTA LANDCRUISER 150,ICE,S3,1,-66724.4768,,,crossover before sale year (product already above benchmark at t=0)
toyota,ES,TOYOTA LANDCRUISER(1,ICE,S3,30,-66724.4768,,,crossover before sale year (product already above benchmark at t=0)
toyota,ES,TOYOTA RAV4,HEV,S3,11176,-25929.0984,0.236,2024.2,within lifetime
toyota,ES,TOYOTA RAV4,ICE,S3,8,-34187.9434,,,crossover before sale year (product already above benchmark at t=0)
toyota,ES,TOYOTA SUPRA,ICE,S3,12,-44983.1957,,,crossover before sale year (product already above benchmark at t=0)
toyota,ES,TOYOTA YARIS,HEV,S3,12734,-14859.1514,2.486,2026.5,within lifetime
toyota,ES,TOYOTA YARIS,ICE,S3,2999,-21800.5047,0.992,2025.0,within lifetime
toyota,ES,TOYOTA YARIS CROSS,HEV,S3,18329,-18812.969,1.596,2025.6,within lifetime
toyota,ES,TOYOTA YARIS CROSS,ICE,S3,45,-25611.2378,0.292,2024.3,within lifetime
toyota,FI,PROACE,BEV,S3,5,7635.7873,35.849,2059.8,after lifetime
toyota,FI,PROACE,ICE,S3,60,-47237.6778,,,crossover before sale year (product already above benchmark at t=0)
toyota,FI,PROACE CITY VERSO,ICE,S3,39,-34195.1452,,,crossover before sale year (product already above benchmark at t=0)
toyota,FI,PROACE CITY VERSO ELECTRIC,BEV,S3,9,8108.1689,41.125,2065.1,after lifetime
toyota,FI,RAV4,HEV,S3,1,-29656.807,,,crossover before sale year (product already above benchmark at t=0)
toyota,FI,TOYOTA AYGO X,ICE,S3,93,-23252.1113,,,crossover before sale year (product already above benchmark at t=0)
toyota,FI,TOYOTA BZ4X,BEV,S3,269,8403.6373,45.44,2069.4,after lifetime
toyota,FI,TOYOTA C-HR,HEV,S3,1087,-22880.3586,,,crossover before sale year (product already above benchmark at t=0)
toyota,FI,TOYOTA CAMRY,HEV,S3,87,-27537.3831,,,crossover before sale year (product already above benchmark at t=0)
toyota,FI,TOYOTA COROLLA,HEV,S3,3714,-21762.3117,0.109,2024.1,within lifetime
toyota,FI,TOYOTA GR YARIS,ICE,S3,31,-48958.3244,,,crossover before sale year (product already above benchmark at t=0)
toyota,FI,TOYOTA LAND CRUISER,ICE,S3,12,-72288.7325,,,crossover before sale year (product already above benchmark at t=0)
toyota,FI,TOYOTA LAND CRUISER (150 SERIES),ICE,S3,1,-64279.6417,,,crossover before sale year (product already above benchmark at t=0)
toyota,FI,TOYOTA RAV4,HEV,S3,652,-28434.821,,,crossover before sale year (product already above benchmark at t=0)
toyota,FI,TOYOTA RAV4,ICE,S3,3,-36651.9522,,,crossover before sale year (product already above benchmark at t=0)
toyota,FI,TOYOTA SUPRA,ICE,S3,3,-42138.3117,,,crossover before sale year (product already above benchmark at t=0)
toyota,FI,TOYOTA YARIS,HEV,S3,2298,-17143.3304,1.211,2025.2,within lifetime
toyota,FI,TOYOTA YARIS,ICE,S3,69,-26722.8545,,,crossover before sale year (product already above benchmark at t=0)
toyota,FI,TOYOTA YARIS CROSS,HEV,S3,2895,-21284.0367,0.215,2024.2,within lifetime
toyota,FR,PROACE,BEV,S3,834,10206.0437,47.703,2071.7,after lifetime
toyota,FR,PROACE,ICE,S3,975,-34258.0843,,,crossover before sale year (product already above benchmark at t=0)
toyota,FR,PROACE CITY VERSO,ICE,S3,608,-22840.5344,,,crossover before sale year (product already above benchmark at t=0)
toyota,FR,PROACE CITY VERSO ELECTRIC,BEV,S3,26,10456.2816,52.499,2076.5,after lifetime
toyota,FR,PROACE OR PROACE VERSO,BEV,S3,1,10234.3158,48.185,2072.2,after lifetime
toyota,FR,TOYOTA AYGO X,ICE,S3,14791,-14409.3404,0.667,2024.7,within lifetime
toyota,FR,TOYOTA BZ4X,BEV,S3,1354,10644.2805,57.191,2081.2,after lifetime
toyota,FR,TOYOTA C-HR,HEV,S3,16091,-14654.2686,0.601,2024.6,within lifetime
toyota,FR,TOYOTA CAMRY,HEV,S3,626,-17905.1786,,,crossover before sale year (product already above benchmark at t=0)
toyota,FR,TOYOTA COROLLA,HEV,S3,13780,-13426.6425,0.936,2024.9,within lifetime
toyota,FR,TOYOTA COROLLA,ICE,S3,1,-20713.7707,,,crossover before sale year (product already above benchmark at t=0)
toyota,FR,TOYOTA GR 86,ICE,S3,6,-35345.7958,,,crossover before sale year (product already above benchmark at t=0)
toyota,FR,TOYOTA GR YARIS,ICE,S3,38,-36259.254,,,crossover before sale year (product already above benchmark at t=0)
toyota,FR,TOYOTA HIGHLANDER,HEV,S3,124,-26456.73,,,crossover before sale year (product already above benchmark at t=0)
toyota,FR,TOYOTA LAND CRUISER,ICE,S3,22,-53062.7093,,,crossover before sale year (product already above benchmark at t=0)
toyota,FR,TOYOTA LAND CRUISER (150 SERIES),ICE,S3,56,-46180.8124,,,crossover before sale year (product already above benchmark at t=0)
toyota,FR,TOYOTA RAV4,HEV,S3,7238,-19419.6679,,,crossover before sale year (product already above benchmark at t=0)
toyota,FR,TOYOTA SUPRA,ICE,S3,13,-26317.522,,,crossover before sale year (product already above benchmark at t=0)
toyota,FR,TOYOTA YARIS,HEV,S3,36104,-10206.8808,1.898,2025.9,within lifetime
toyota,FR,TOYOTA YARIS,ICE,S3,2406,-17554.8661,,,crossover before sale year (product already above benchmark at t=0)
toyota,FR,TOYOTA YARIS CROSS,HEV,S3,35195,-13580.1521,0.893,2024.9,within lifetime
toyota,FR,TOYOTA YARIS CROSS,ICE,S3,267,-20656.0521,,,crossover before sale year (product already above benchmark at t=0)
toyota,GR,PROACE,BEV,S3,7,-1275.8186,2.937,2026.9,within lifetime
toyota,GR,PROACE,ICE,S3,101,-42693.1227,,,crossover before sale year (product already above benchmark at t=0)
toyota,GR,PROACE CITY,ICE,S3,1,-30936.6159,,,crossover before sale year (product already above benchmark at t=0)
toyota,GR,PROACE CITY VERSO,ICE,S3,324,-30539.262,,,crossover before sale year (product already above benchmark at t=0)
toyota,GR,PROACE CITY VERSO ELECTRIC,BEV,S3,9,610.4314,6.972,2031.0,within lifetime
toyota,GR,TOYOTA AYGO X,ICE,S3,2187,-20444.6358,,,crossover before sale year (product already above benchmark at t=0)
toyota,GR,TOYOTA BZ4X,BEV,S3,36,2544.4615,12.339,2036.3,within lifetime
toyota,GR,TOYOTA C-HR,HEV,S3,2695,-20212.4066,,,crossover before sale year (product already above benchmark at t=0)
toyota,GR,TOYOTA COROLLA,HEV,S3,2338,-21133.7028,,,crossover before sale year (product already above benchmark at t=0)
toyota,GR,TOYOTA COROLLA,ICE,S3,160,-25294.2931,,,crossover before sale year (product already above benchmark at t=0)
toyota,GR,TOYOTA GR YARIS,ICE,S3,21,-45020.1123,,,crossover before sale year (product already above benchmark at t=0)
toyota,GR,TOYOTA LAND CRUISER,ICE,S3,11,-64051.4024,,,crossover before sale year (product already above benchmark at t=0)
toyota,GR,TOYOTA RAV4,HEV,S3,266,-26026.4988,,,crossover before sale year (product already above benchmark at t=0)
toyota,GR,TOYOTA RAV4,ICE,S3,3,-33780.3984,,,crossover before sale year (product already above benchmark at t=0)
toyota,GR,TOYOTA SUPRA,ICE,S3,2,-39209.4376,,,crossover before sale year (product already above benchmark at t=0)
toyota,GR,TOYOTA YARIS,HEV,S3,4714,-15670.6432,,,crossover before sale year (product already above benchmark at t=0)
toyota,GR,TOYOTA YARIS,ICE,S3,2079,-23880.0801,,,crossover before sale year (product already above benchmark at t=0)
toyota,GR,TOYOTA YARIS CROSS,HEV,S3,7812,-18675.7912,,,crossover before sale year (product already above benchmark at t=0)
toyota,GR,TOYOTA YARIS CROSS,ICE,S3,352,-26490.2587,,,crossover before sale year (product already above benchmark at t=0)
toyota,HR,C-HR,HEV,S3,2,-15571.6659,3.127,2027.1,within lifetime
toyota,HR,COROLLA,HEV,S3,6,-14218.6927,3.401,2027.4,within lifetime
toyota,HR,PROACE,ICE,S3,19,-40777.0608,,,crossover before sale year (product already above benchmark at t=0)
toyota,HR,PROACE CITY,ICE,S3,2,-24211.407,1.593,2025.6,within lifetime
toyota,HR,PROACE CITY VERSO,ICE,S3,64,-25420.497,1.404,2025.4,within lifetime
toyota,HR,TOYOTA AYGO X,ICE,S3,120,-14548.9124,3.333,2027.3,within lifetime
toyota,HR,TOYOTA BZ4X,BEV,S3,8,15252.4058,34.772,2058.8,after lifetime
toyota,HR,TOYOTA C-HR,HEV,S3,485,-14506.8782,3.342,2027.3,within lifetime
toyota,HR,TOYOTA CAMRY,HEV,S3,9,-20185.6939,2.266,2026.3,within lifetime
toyota,HR,TOYOTA COROLLA,HEV,S3,529,-14758.939,3.29,2027.3,within lifetime
toyota,HR,TOYOTA COROLLA,ICE,S3,554,-20755.4823,2.167,2026.2,within lifetime
toyota,HR,TOYOTA GR YARIS,ICE,S3,4,-43326.5442,,,crossover before sale year (product already above benchmark at t=0)
toyota,HR,TOYOTA HIGHLANDER,HEV,S3,15,-30537.736,0.654,2024.7,within lifetime
toyota,HR,TOYOTA LAND CRUISER,ICE,S3,12,-65640.3424,,,crossover before sale year (product already above benchmark at t=0)
toyota,HR,TOYOTA RAV4,HEV,S3,288,-21500.7316,2.039,2026.0,within lifetime
toyota,HR,TOYOTA RAV4,ICE,S3,3,-29943.3995,0.737,2024.7,within lifetime
toyota,HR,TOYOTA SUPRA,ICE,S3,1,-41714.4242,,,crossover before sale year (product already above benchmark at t=0)
toyota,HR,TOYOTA YARIS,HEV,S3,263,-9042.2189,4.565,2028.6,within lifetime
toyota,HR,TOYOTA YARIS,ICE,S3,459,-18987.8618,2.479,2026.5,within lifetime
toyota,HR,TOYOTA YARIS CROSS,HEV,S3,722,-12789.7234,3.703,2027.7,within lifetime
toyota,HR,TOYOTA YARIS CROSS,ICE,S3,429,-21833.5761,1.983,2026.0,within lifetime
toyota,HR,YARIS,HEV,S3,48,-9327.1261,4.496,2028.5,within lifetime
toyota,HR,YARIS,ICE,S3,7,-30966.9575,0.595,2024.6,within lifetime
toyota,HR,YARIS CROSS,HEV,S3,77,-12753.5051,3.711,2027.7,within lifetime
toyota,HR,YARIS CROSS,ICE,S3,1,-22061.9137,1.944,2025.9,within lifetime
toyota,HU,PROACE,BEV,S3,4,7111.7311,20.904,2044.9,within lifetime
toyota,HU,PROACE,ICE,S3,230,-51557.1536,,,crossover before sale year (product already above benchmark at t=0)
toyota,HU,PROACE CITY VERSO,ICE,S3,309,-36037.1305,,,crossover before sale year (product already above benchmark at t=0)
toyota,HU,PROACE CITY VERSO ELECTRIC,BEV,S3,12,8228.2149,24.802,2048.8,after lifetime
toyota,HU,TOYOTA AYGO X,ICE,S3,835,-23483.579,0.894,2024.9,within lifetime
toyota,HU,TOYOTA BZ4X,BEV,S3,53,9209.535,29.106,2053.1,after lifetime
toyota,HU,TOYOTA C-HR,HEV,S3,2229,-24079.1681,0.782,2024.8,within lifetime
toyota,HU,TOYOTA CAMRY,HEV,S3,400,-26994.3193,0.259,2024.3,within lifetime
toyota,HU,TOYOTA COROLLA,HEV,S3,3903,-23223.0293,0.944,2024.9,within lifetime
toyota,HU,TOYOTA COROLLA,ICE,S3,619,-30560.1535,,,crossover before sale year (product already above benchmark at t=0)
toyota,HU,TOYOTA GR 86,ICE,S3,43,-53224.1401,,,crossover before sale year (product already above benchmark at t=0)
toyota,HU,TOYOTA GR YARIS,ICE,S3,19,-51388.9123,,,crossover before sale year (product already above benchmark at t=0)
toyota,HU,TOYOTA HIGHLANDER,HEV,S3,211,-40504.7132,,,crossover before sale year (product already above benchmark at t=0)
toyota,HU,TOYOTA LAND CRUISER,ICE,S3,101,-79204.2944,,,crossover before sale year (product already above benchmark at t=0)
toyota,HU,TOYOTA LAND CRUISER (150 SERIES),ICE,S3,20,-70326.8473,,,crossover before sale year (product already above benchmark at t=0)
toyota,HU,TOYOTA RAV4,HEV,S3,1300,-30897.5116,,,crossover before sale year (product already above benchmark at t=0)
toyota,HU,TOYOTA RAV4,ICE,S3,3,-40348.6408,,,crossover before sale year (product already above benchmark at t=0)
toyota,HU,TOYOTA SUPRA,ICE,S3,5,-41802.1296,,,crossover before sale year (product already above benchmark at t=0)
toyota,HU,TOYOTA YARIS,HEV,S3,1034,-18248.5298,1.967,2026.0,within lifetime
toyota,HU,TOYOTA YARIS,ICE,S3,598,-28327.7599,0.032,2024.0,within lifetime
toyota,HU,TOYOTA YARIS CROSS,HEV,S3,1859,-22291.7528,1.124,2025.1,within lifetime
toyota,HU,TOYOTA YARIS CROSS,ICE,S3,267,-31284.7507,,,crossover before sale year (product already above benchmark at t=0)
toyota,IE,PROACE,ICE,S3,37,-47088.9321,,,crossover before sale year (product already above benchmark at t=0)
toyota,IE,TOYOTA AYGO X,ICE,S3,415,-19821.9827,0.896,2024.9,within lifetime
toyota,IE,TOYOTA BZ4X,BEV,S3,394,9649.1044,23.672,2047.7,after lifetime
toyota,IE,TOYOTA C-HR,HEV,S3,1916,-20049.3027,0.851,2024.9,within lifetime
toyota,IE,TOYOTA CAMRY,HEV,S3,117,-25400.6189,,,crossover before sale year (product already above benchmark at t=0)
toyota,IE,TOYOTA COROLLA,HEV,S3,4686,-19547.1033,0.95,2024.9,within lifetime
toyota,IE,TOYOTA GR 86,ICE,S3,1,-48685.9879,,,crossover before sale year (product already above benchmark at t=0)
toyota,IE,TOYOTA GR YARIS,ICE,S3,1,-47727.7544,,,crossover before sale year (product already above benchmark at t=0)
toyota,IE,TOYOTA HIGHLANDER,HEV,S3,21,-36365.6371,,,crossover before sale year (product already above benchmark at t=0)
toyota,IE,TOYOTA LAND CRUISER,ICE,S3,1,-73919.47,,,crossover before sale year (product already above benchmark at t=0)
toyota,IE,TOYOTA RAV4,HEV,S3,2866,-26570.5231,,,crossover before sale year (product already above benchmark at t=0)
toyota,IE,TOYOTA YARIS,HEV,S3,1763,-13714.4381,2.216,2026.2,within lifetime
toyota,IE,TOYOTA YARIS,ICE,S3,582,-23636.3589,0.183,2024.2,within lifetime
toyota,IE,TOYOTA YARIS CROSS,HEV,S3,3350,-18318.1875,1.198,2025.2,within lifetime
toyota,IT,IQ,ICE,S3,1,-18382.4688,,,crossover before sale year (product already above benchmark at t=0)
toyota,IT,PROACE,BEV,S3,69,2295.4711,9.844,2033.8,within lifetime
toyota,IT,PROACE,ICE,S3,463,-39017.0576,,,crossover before sale year (product already above benchmark at t=0)
toyota,IT,PROACE CITY VERSO,ICE,S3,978,-27076.1185,,,crossover before sale year (product already above benchmark at t=0)
toyota,IT,PROACE CITY VERSO ELECTRIC,BEV,S3,20,4692.1045,15.766,2039.8,within lifetime
toyota,IT,PROACE F-STYLE WAV,ICE,S3,1,-27172.3418,,,crossover before sale year (product already above benchmark at t=0)
toyota,IT,RAV4,HEV,S3,1,-23867.5111,,,crossover before sale year (product already above benchmark at t=0)
toyota,IT,RAV4,ICE,S3,1,-38288.9458,,,crossover before sale year (product already above benchmark at t=0)
toyota,IT,TOYOTA AYGO X,ICE,S3,21278,-17623.2306,,,crossover before sale year (product already above benchmark at t=0)
toyota,IT,TOYOTA BZ4X,BEV,S3,249,5930.3426,19.814,2043.8,after lifetime
toyota,IT,TOYOTA C-HR,HEV,S3,14580,-17840.8646,,,crossover before sale year (product already above benchmark at t=0)
toyota,IT,TOYOTA C-HR,ICE,S3,1,-17865.4175,,,crossover before sale year (product already above benchmark at t=0)
toyota,IT,TOYOTA COROLLA,HEV,S3,8591,-17885.0788,,,crossover before sale year (product already above benchmark at t=0)
toyota,IT,TOYOTA GR 86,ICE,S3,40,-40654.4558,,,crossover before sale year (product already above benchmark at t=0)
toyota,IT,TOYOTA GR YARIS,ICE,S3,617,-43295.218,,,crossover before sale year (product already above benchmark at t=0)
toyota,IT,TOYOTA HIGHLANDER,HEV,S3,164,-30730.9158,,,crossover before sale year (product already above benchmark at t=0)
toyota,IT,TOYOTA LAND CRUISER,ICE,S3,396,-60701.0279,,,crossover before sale year (product already above benchmark at t=0)
toyota,IT,TOYOTA LAND CRUISER (150 SERIES),ICE,S3,9,-53053.6316,,,crossover before sale year (product already above benchmark at t=0)
toyota,IT,TOYOTA RAV4,HEV,S3,4688,-23143.8382,,,crossover before sale year (product already above benchmark at t=0)
toyota,IT,TOYOTA SUPRA,ICE,S3,82,-33424.2424,,,crossover before sale year (product already above benchmark at t=0)
toyota,IT,TOYOTA YARIS,HEV,S3,31619,-13006.6091,1.212,2025.2,within lifetime
toyota,IT,TOYOTA YARIS,ICE,S3,31,-20876.0007,,,crossover before sale year (product already above benchmark at t=0)
toyota,IT,TOYOTA YARIS CROSS,HEV,S3,36351,-16709.8793,0.217,2024.2,within lifetime
toyota,IT,TOYOTA YARIS CROSS,ICE,S3,1,-24070.0337,,,crossover before sale year (product already above benchmark at t=0)
toyota,IT,TOYOTA YARIS CROSS VAN,HEV,S3,1,-15718.6342,0.47,2024.5,within lifetime
toyota,IT,YARIS GR,ICE,S3,1,-40098.6256,,,crossover before sale year (product already above benchmark at t=0)
toyota,LT,PROACE,BEV,S3,1,7703.824,25.942,2049.9,after lifetime
toyota,LT,PROACE,ICE,S3,99,-53628.7418,,,crossover before sale year (product already above benchmark at t=0)
toyota,LT,PROACE CITY VERSO,ICE,S3,289,-36803.3214,,,crossover before sale year (product already above benchmark at t=0)
toyota,LT,TOYOTA BZ4X,BEV,S3,34,9453.6382,36.588,2060.6,after lifetime
toyota,LT,TOYOTA C-HR,HEV,S3,731,-25357.6464,0.084,2024.1,within lifetime
toyota,LT,TOYOTA CAMRY,HEV,S3,87,-29189.0152,,,crossover before sale year (product already above benchmark at t=0)
toyota,LT,TOYOTA COROLLA,HEV,S3,1353,-25635.0025,0.033,2024.0,within lifetime
toyota,LT,TOYOTA COROLLA,ICE,S3,1,-31578.8298,,,crossover before sale year (product already above benchmark at t=0)
toyota,LT,TOYOTA GR 86,ICE,S3,2,-55353.764,,,crossover before sale year (product already above benchmark at t=0)
toyota,LT,TOYOTA GR YARIS,ICE,S3,18,-56897.8287,,,crossover before sale year (product already above benchmark at t=0)
toyota,LT,TOYOTA HIGHLANDER,HEV,S3,130,-42039.3609,,,crossover before sale year (product already above benchmark at t=0)
toyota,LT,TOYOTA LAND CRUISER,ICE,S3,152,-80919.7543,,,crossover before sale year (product already above benchmark at t=0)
toyota,LT,TOYOTA LAND CRUISER (150 SERIES),ICE,S3,39,-74191.6823,,,crossover before sale year (product already above benchmark at t=0)
toyota,LT,TOYOTA RAV4,HEV,S3,1050,-32667.7133,,,crossover before sale year (product already above benchmark at t=0)
toyota,LT,TOYOTA RAV4,ICE,S3,66,-42243.5621,,,crossover before sale year (product already above benchmark at t=0)
toyota,LT,TOYOTA YARIS,HEV,S3,274,-19008.0433,1.382,2025.4,within lifetime
toyota,LT,TOYOTA YARIS,ICE,S3,63,-29633.471,,,crossover before sale year (product already above benchmark at t=0)
toyota,LT,TOYOTA YARIS CROSS,HEV,S3,1318,-24183.0537,0.306,2024.3,within lifetime
toyota,LT,TOYOTA YARIS CROSS,ICE,S3,38,-33411.7433,,,crossover before sale year (product already above benchmark at t=0)
toyota,LU,LAND CRUISER,ICE,S3,1,-14643.8188,1.809,2025.8,within lifetime
toyota,LU,PROACE,ICE,S3,24,-4963.4627,3.554,2027.6,within lifetime
toyota,LU,PROACE CITY VERSO,ICE,S3,102,2800.7527,5.366,2029.4,within lifetime
toyota,LU,TOYOTA AYGO X,ICE,S3,89,9479.4361,7.428,2031.4,within lifetime
toyota,LU,TOYOTA BZ4X,BEV,S3,21,26741.4273,53.119,2077.1,after lifetime
toyota,LU,TOYOTA C-HR,HEV,S3,93,9452.299,7.419,2031.4,within lifetime
toyota,LU,TOYOTA CAMRY,HEV,S3,11,6710.5612,6.497,2030.5,within lifetime
toyota,LU,TOYOTA COROLLA,HEV,S3,244,9550.3835,7.454,2031.5,within lifetime
toyota,LU,TOYOTA GR 86,ICE,S3,15,-5830.9715,3.378,2027.4,within lifetime
toyota,LU,TOYOTA GR YARIS,ICE,S3,77,-4831.0287,3.581,2027.6,within lifetime
toyota,LU,TOYOTA HIGHLANDER,HEV,S3,3,693.8336,4.825,2028.8,within lifetime
toyota,LU,TOYOTA LAND CRUISER,ICE,S3,7,-19223.4115,1.116,2025.1,within lifetime
toyota,LU,TOYOTA LAND CRUISER (150 SERIES),ICE,S3,15,-14184.2118,1.883,2025.9,within lifetime
toyota,LU,TOYOTA RAV4,HEV,S3,80,5643.7593,6.17,2030.2,within lifetime
toyota,LU,TOYOTA SUPRA,ICE,S3,6,-3785.7404,3.8,2027.8,within lifetime
toyota,LU,TOYOTA YARIS,HEV,S3,276,12983.1811,8.822,2032.8,within lifetime
toyota,LU,TOYOTA YARIS,ICE,S3,21,7934.0902,6.893,2030.9,within lifetime
toyota,LU,TOYOTA YARIS CROSS,HEV,S3,95,10139.8189,7.67,2031.7,within lifetime
toyota,LU,TOYOTA YARIS CROSS,ICE,S3,4,5521.1839,6.133,2030.1,within lifetime
toyota,LV,LAND CRUISER,ICE,S3,1,-79574.5873,,,crossover before sale year (product already above benchmark at t=0)
toyota,LV,PROACE,ICE,S3,87,-51638.8962,,,crossover before sale year (product already above benchmark at t=0)
toyota,LV,PROACE CITY,ICE,S3,5,-40129.8248,,,crossover before sale year (product already above benchmark at t=0)
toyota,LV,PROACE CITY VERSO,ICE,S3,85,-35187.8343,,,crossover before sale year (product already above benchmark at t=0)
toyota,LV,PROACE CITY VERSO ELECTRIC,BEV,S3,1,10729.7684,33.345,2057.3,after lifetime
toyota,LV,TOYOTA BZ4X,BEV,S3,36,11235.9445,36.568,2060.6,after lifetime
toyota,LV,TOYOTA C-HR,HEV,S3,226,-23424.1179,1.227,2025.2,within lifetime
toyota,LV,TOYOTA CAMRY,HEV,S3,57,-27005.0688,0.595,2024.6,within lifetime
toyota,LV,TOYOTA COROLLA,HEV,S3,789,-23105.9689,1.287,2025.3,within lifetime
toyota,LV,TOYOTA GR 86,ICE,S3,2,-53615.2137,,,crossover before sale year (product already above benchmark at t=0)
toyota,LV,TOYOTA GR YARIS,ICE,S3,11,-54136.2554,,,crossover before sale year (product already above benchmark at t=0)
toyota,LV,TOYOTA HIGHLANDER,HEV,S3,73,-40077.7007,,,crossover before sale year (product already above benchmark at t=0)
toyota,LV,TOYOTA LAND CRUISER,ICE,S3,114,-79550.9205,,,crossover before sale year (product already above benchmark at t=0)
toyota,LV,TOYOTA LAND CRUISER (150 SERIES),ICE,S3,14,-72807.8215,,,crossover before sale year (product already above benchmark at t=0)
toyota,LV,TOYOTA RAV4,HEV,S3,561,-30820.8007,,,crossover before sale year (product already above benchmark at t=0)
toyota,LV,TOYOTA RAV4,ICE,S3,42,-40169.9438,,,crossover before sale year (product already above benchmark at t=0)
toyota,LV,TOYOTA YARIS,HEV,S3,123,-16883.8427,2.558,2026.6,within lifetime
toyota,LV,TOYOTA YARIS,ICE,S3,30,-28262.6826,0.386,2024.4,within lifetime
toyota,LV,TOYOTA YARIS CROSS,HEV,S3,460,-22307.0483,1.437,2025.4,within lifetime
toyota,LV,TOYOTA YARIS CROSS,ICE,S3,35,-31634.0298,,,crossover before sale year (product already above benchmark at t=0)
toyota,MT,AYGO X,ICE,S3,3,-11530.114,2.251,2026.3,within lifetime
toyota,MT,COROLLA,HEV,S3,2,-10365.2889,2.647,2026.6,within lifetime
toyota,MT,TOYOTA AYGO X,ICE,S3,376,-11422.1172,2.287,2026.3,within lifetime
toyota,MT,TOYOTA C-HR,HEV,S3,27,-11487.6162,2.265,2026.3,within lifetime
toyota,MT,TOYOTA COROLLA,HEV,S3,33,-10129.9863,2.73,2026.7,within lifetime
toyota,MT,TOYOTA LAND CRUISER,ICE,S3,2,-42729.6149,,,crossover before sale year (product already above benchmark at t=0)
toyota,MT,TOYOTA YARIS,HEV,S3,253,-8266.9786,3.423,2027.4,within lifetime
toyota,MT,TOYOTA YARIS,ICE,S3,20,-13886.3748,1.514,2025.5,within lifetime
toyota,MT,TOYOTA YARIS CROSS,HEV,S3,325,-10308.7549,2.667,2026.7,within lifetime
toyota,MT,YARIS,HEV,S3,4,-8092.5661,3.492,2027.5,within lifetime
toyota,NL,PROACE,BEV,S3,110,2309.5653,9.773,2033.8,within lifetime
toyota,NL,PROACE CITY VERSO,ICE,S3,9,-26540.705,,,crossover before sale year (product already above benchmark at t=0)
toyota,NL,PROACE CITY VERSO ELECTRIC,BEV,S3,7,4314.5576,15.058,2039.1,within lifetime
toyota,NL,TOYOTA AYGO X,ICE,S3,7871,-17364.9388,,,crossover before sale year (product already above benchmark at t=0)
toyota,NL,TOYOTA BZ4X,BEV,S3,1032,5768.5781,20.179,2044.2,after lifetime
toyota,NL,TOYOTA C-HR,HEV,S3,2053,-17511.7246,,,crossover before sale year (product already above benchmark at t=0)
toyota,NL,TOYOTA CAMRY,HEV,S3,9,-21620.9363,,,crossover before sale year (product already above benchmark at t=0)
toyota,NL,TOYOTA COROLLA,HEV,S3,5329,-17990.6024,,,crossover before sale year (product already above benchmark at t=0)
toyota,NL,TOYOTA COROLLA,ICE,S3,1,-25507.5687,,,crossover before sale year (product already above benchmark at t=0)
toyota,NL,TOYOTA GR 86,ICE,S3,2,-39957.5546,,,crossover before sale year (product already above benchmark at t=0)
toyota,NL,TOYOTA GR YARIS,ICE,S3,7,-40262.7132,,,crossover before sale year (product already above benchmark at t=0)
toyota,NL,TOYOTA HIGHLANDER,HEV,S3,62,-30116.8844,,,crossover before sale year (product already above benchmark at t=0)
toyota,NL,TOYOTA LAND CRUISER,ICE,S3,7,-59577.2177,,,crossover before sale year (product already above benchmark at t=0)
toyota,NL,TOYOTA LAND CRUISER (150 SERIES),ICE,S3,27,-52425.0276,,,crossover before sale year (product already above benchmark at t=0)
toyota,NL,TOYOTA RAV4,HEV,S3,663,-23076.7596,,,crossover before sale year (product already above benchmark at t=0)
toyota,NL,TOYOTA SUPRA,ICE,S3,3,-37067.5574,,,crossover before sale year (product already above benchmark at t=0)
toyota,NL,TOYOTA YARIS,HEV,S3,5503,-12932.7062,0.372,2024.4,within lifetime
toyota,NL,TOYOTA YARIS,ICE,S3,201,-20290.194,,,crossover before sale year (product already above benchmark at t=0)
toyota,NL,TOYOTA YARIS CROSS,HEV,S3,5660,-16285.0298,,,crossover before sale year (product already above benchmark at t=0)
toyota,NL,TOYOTA YARIS CROSS,ICE,S3,74,-23385.0794,,,crossover before sale year (product already above benchmark at t=0)
toyota,PL,AURIS-TMPL,ICE,S3,1,-50668.6316,,,crossover before sale year (product already above benchmark at t=0)
toyota,PL,AYGO X,ICE,S3,1,-25505.4658,0.069,2024.1,within lifetime
toyota,PL,C-HR,HEV,S3,2,-27170.5072,,,crossover before sale year (product already above benchmark at t=0)
toyota,PL,C-HR,ICE,S3,9,-24739.4715,0.215,2024.2,within lifetime
toyota,PL,CAMRY,HEV,S3,3,-29039.7719,,,crossover before sale year (product already above benchmark at t=0)
toyota,PL,COROLLA,HEV,S3,18,-24794.9606,0.204,2024.2,within lifetime
toyota,PL,COROLLA,ICE,S3,12,-26855.5558,,,crossover before sale year (product already above benchmark at t=0)
toyota,PL,HIGHLANDER,ICE,S3,1,-39982.9037,,,crossover before sale year (product already above benchmark at t=0)
toyota,PL,PROACE,ICE,S3,1499,-55955.9642,,,crossover before sale year (product already above benchmark at t=0)
toyota,PL,PROACE AMF-BRUNS,ICE,S3,1,-51013.3325,,,crossover before sale year (product already above benchmark at t=0)
toyota,PL,PROACE CITY AMF-BRUNS,ICE,S3,11,-37695.3306,,,crossover before sale year (product already above benchmark at t=0)
toyota,PL,PROACE CITY VERSO,ICE,S3,2888,-39622.1052,,,crossover before sale year (product already above benchmark at t=0)
toyota,PL,PROACE VERSO,ICE,S3,3,-51243.1446,,,crossover before sale year (product already above benchmark at t=0)
toyota,PL,PROCITY VERSO,ICE,S3,1,-37225.2965,,,crossover before sale year (product already above benchmark at t=0)
toyota,PL,RAV4,HEV,S3,8,-33041.2035,,,crossover before sale year (product already above benchmark at t=0)
toyota,PL,RAV4,ICE,S3,5,-31434.3213,,,crossover before sale year (product already above benchmark at t=0)
toyota,PL,TOYOTA AYGO X,ICE,S3,4400,-26875.2727,,,crossover before sale year (product already above benchmark at t=0)
toyota,PL,TOYOTA C-HR,HEV,S3,14089,-27211.6897,,,crossover before sale year (product already above benchmark at t=0)
toyota,PL,TOYOTA C-HR,ICE,S3,4,-25763.9915,0.02,2024.0,within lifetime
toyota,PL,TOYOTA CAMRY,HEV,S3,3090,-30955.3363,,,crossover before sale year (product already above benchmark at t=0)
toyota,PL,TOYOTA COROLLA,HEV,S3,28503,-25587.8376,0.054,2024.1,within lifetime
toyota,PL,TOYOTA COROLLA,ICE,S3,5202,-34251.5273,,,crossover before sale year (product already above benchmark at t=0)
toyota,PL,TOYOTA GR 86,ICE,S3,3,-57677.5384,,,crossover before sale year (product already above benchmark at t=0)
toyota,PL,TOYOTA GR YARIS,ICE,S3,480,-58573.0714,,,crossover before sale year (product already above benchmark at t=0)
toyota,PL,TOYOTA HIGHLANDER,HEV,S3,1808,-44345.4657,,,crossover before sale year (product already above benchmark at t=0)
toyota,PL,TOYOTA HIGHLANDER,ICE,S3,4,-40930.8311,,,crossover before sale year (product already above benchmark at t=0)
toyota,PL,TOYOTA LAND CRUISER,ICE,S3,883,-84490.3048,,,crossover before sale year (product already above benchmark at t=0)
toyota,PL,TOYOTA LAND CRUISER (150 SERIES),ICE,S3,11,-75769.1307,,,crossover before sale year (product already above benchmark at t=0)
toyota,PL,TOYOTA RAV4,HEV,S3,9439,-34820.6728,,,crossover before sale year (product already above benchmark at t=0)
toyota,PL,TOYOTA RAV4,ICE,S3,159,-45131.7355,,,crossover before sale year (product already above benchmark at t=0)
toyota,PL,TOYOTA SUPRA,ICE,S3,10,-45222.3574,,,crossover before sale year (product already above benchmark at t=0)
toyota,PL,TOYOTA YARIS,HEV,S3,8570,-20781.963,1.023,2025.0,within lifetime
toyota,PL,TOYOTA YARIS,ICE,S3,5132,-31594.6072,,,crossover before sale year (product already above benchmark at t=0)
toyota,PL,TOYOTA YARIS CROSS,HEV,S3,14350,-25693.44,0.034,2024.0,within lifetime
toyota,PL,TOYOTA YARIS CROSS,ICE,S3,1244,-35075.3625,,,crossover before sale year (product already above benchmark at t=0)
toyota,PL,YARIS,HEV,S3,2,-18758.7633,1.475,2025.5,within lifetime
toyota,PL,YARIS,ICE,S3,2,-24299.0127,0.3,2024.3,within lifetime
toyota,PL,YARIS CROSS,HEV,S3,4,-23315.1246,0.495,2024.5,within lifetime
toyota,PT,PROACE,BEV,S3,22,8262.6169,28.301,2052.3,after lifetime
toyota,PT,PROACE,ICE,S3,256,-47352.4586,,,crossover before sale year (product already above benchmark at t=0)
toyota,PT,PROACE CITY VERSO,ICE,S3,114,-31181.9749,,,crossover before sale year (product already above benchmark at t=0)
toyota,PT,PROACE CITY VERSO ELECTRIC,BEV,S3,26,9146.998,33.742,2057.7,after lifetime
toyota,PT,TOYOTA AYGO X,ICE,S3,964,-21256.907,0.364,2024.4,within lifetime
toyota,PT,TOYOTA BZ4X,BEV,S3,259,9678.102,38.033,2062.0,after lifetime
toyota,PT,TOYOTA C-HR,HEV,S3,1123,-21407.7644,0.333,2024.3,within lifetime
toyota,PT,TOYOTA CAMRY,HEV,S3,4,-25920.9629,,,crossover before sale year (product already above benchmark at t=0)
toyota,PT,TOYOTA COROLLA,HEV,S3,1664,-21141.8437,0.388,2024.4,within lifetime
toyota,PT,TOYOTA GR 86,ICE,S3,3,-48575.0179,,,crossover before sale year (product already above benchmark at t=0)
toyota,PT,TOYOTA GR YARIS,ICE,S3,61,-48611.2718,,,crossover before sale year (product already above benchmark at t=0)
toyota,PT,TOYOTA HIGHLANDER,HEV,S3,4,-36884.7072,,,crossover before sale year (product already above benchmark at t=0)
toyota,PT,TOYOTA LAND CRUISER,ICE,S3,7,-72761.5081,,,crossover before sale year (product already above benchmark at t=0)
toyota,PT,TOYOTA RAV4,HEV,S3,158,-27960.9554,,,crossover before sale year (product already above benchmark at t=0)
toyota,PT,TOYOTA SUPRA,ICE,S3,1,-48072.319,,,crossover before sale year (product already above benchmark at t=0)
toyota,PT,TOYOTA YARIS,HEV,S3,2085,-15860.9684,1.598,2025.6,within lifetime
toyota,PT,TOYOTA YARIS,ICE,S3,107,-26550.6727,,,crossover before sale year (product already above benchmark at t=0)
toyota,PT,TOYOTA YARIS CROSS,HEV,S3,3227,-19754.1864,0.686,2024.7,within lifetime
toyota,PT,TOYOTA YARIS CROSS,ICE,S3,31,-28545.3017,,,crossover before sale year (product already above benchmark at t=0)
toyota,RO,PROACE,BEV,S3,10,1027.9061,8.634,2032.6,within lifetime
toyota,RO,PROACE,ICE,S3,111,-60036.1051,,,crossover before sale year (product already above benchmark at t=0)
toyota,RO,PROACE CITY VERSO,ICE,S3,35,-41740.4226,,,crossover before sale year (product already above benchmark at t=0)
toyota,RO,PROACE CITY VERSO ELECTRIC,BEV,S3,18,3368.3093,14.172,2038.2,within lifetime
toyota,RO,TOYOTA AYGO X,ICE,S3,391,-29627.6688,,,crossover before sale year (product already above benchmark at t=0)
toyota,RO,TOYOTA BZ4X,BEV,S3,48,4860.0539,18.87,2042.9,within lifetime
toyota,RO,TOYOTA C-HR,HEV,S3,1799,-31116.6927,,,crossover before sale year (product already above benchmark at t=0)
toyota,RO,TOYOTA CAMRY,HEV,S3,284,-35049.4385,,,crossover before sale year (product already above benchmark at t=0)
toyota,RO,TOYOTA COROLLA,HEV,S3,3561,-28618.434,,,crossover before sale year (product already above benchmark at t=0)
toyota,RO,TOYOTA COROLLA,ICE,S3,203,-37229.6881,,,crossover before sale year (product already above benchmark at t=0)
toyota,RO,TOYOTA GR YARIS,ICE,S3,12,-57801.6892,,,crossover before sale year (product already above benchmark at t=0)
toyota,RO,TOYOTA HIGHLANDER,HEV,S3,321,-47871.5065,,,crossover before sale year (product already above benchmark at t=0)
toyota,RO,TOYOTA LAND CRUISER,ICE,S3,23,-89952.1577,,,crossover before sale year (product already above benchmark at t=0)
toyota,RO,TOYOTA LAND CRUISER (150 SERIES),ICE,S3,114,-81315.6048,,,crossover before sale year (product already above benchmark at t=0)
toyota,RO,TOYOTA RAV4,HEV,S3,2357,-37777.3773,,,crossover before sale year (product already above benchmark at t=0)
toyota,RO,TOYOTA RAV4,ICE,S3,11,-48120.549,,,crossover before sale year (product already above benchmark at t=0)
toyota,RO,TOYOTA SUPRA,ICE,S3,7,-55959.3347,,,crossover before sale year (product already above benchmark at t=0)
toyota,RO,TOYOTA YARIS,HEV,S3,784,-22756.9016,0.325,2024.3,within lifetime
toyota,RO,TOYOTA YARIS,ICE,S3,164,-34726.7287,,,crossover before sale year (product already above benchmark at t=0)
toyota,RO,TOYOTA YARIS CROSS,HEV,S3,1880,-27848.2702,,,crossover before sale year (product already above benchmark at t=0)
toyota,RO,TOYOTA YARIS CROSS,ICE,S3,80,-38262.6418,,,crossover before sale year (product already above benchmark at t=0)
toyota,SE,PROACE,BEV,S3,27,12010.4931,50.752,2074.8,after lifetime
toyota,SE,PROACE,ICE,S3,292,-35943.1036,,,crossover before sale year (product already above benchmark at t=0)
toyota,SE,PROACE CITY VERSO ELECTRIC,BEV,S3,11,12201.2221,54.43,2078.4,after lifetime
toyota,SE,TOYOTA AYGO X,ICE,S3,448,-14932.2972,0.764,2024.8,within lifetime
toyota,SE,TOYOTA BZ4X,BEV,S3,531,12401.6497,59.33,2083.3,after lifetime
toyota,SE,TOYOTA C-HR,HEV,S3,1217,-15295.6606,0.675,2024.7,within lifetime
toyota,SE,TOYOTA CAMRY,HEV,S3,138,-18271.6296,,,crossover before sale year (product already above benchmark at t=0)
toyota,SE,TOYOTA COROLLA,HEV,S3,6113,-15611.2734,0.599,2024.6,within lifetime
toyota,SE,TOYOTA GR YARIS,ICE,S3,74,-38703.6305,,,crossover before sale year (product already above benchmark at t=0)
toyota,SE,TOYOTA LAND CRUISER,ICE,S3,103,-57850.8444,,,crossover before sale year (product already above benchmark at t=0)
toyota,SE,TOYOTA RAV4,HEV,S3,3808,-20522.9716,,,crossover before sale year (product already above benchmark at t=0)
toyota,SE,TOYOTA SUPRA,ICE,S3,7,-36019.9185,,,crossover before sale year (product already above benchmark at t=0)
toyota,SE,TOYOTA YARIS,HEV,S3,2750,-10088.951,2.074,2026.1,within lifetime
toyota,SE,TOYOTA YARIS CROSS,HEV,S3,3137,-14166.629,0.955,2025.0,within lifetime
toyota,SI,PROACE,BEV,S3,4,11600.622,21.132,2045.1,after lifetime
toyota,SI,PROACE,ICE,S3,53,-39839.8827,,,crossover before sale year (product already above benchmark at t=0)
toyota,SI,PROACE CITY VERSO,ICE,S3,192,-25427.7784,0.998,2025.0,within lifetime
toyota,SI,PROACE CITY VERSO ELECTRIC,BEV,S3,2,14240.2794,27.895,2051.9,after lifetime
toyota,SI,TOYOTA AYGO X,ICE,S3,26,-14065.418,2.981,2027.0,within lifetime
toyota,SI,TOYOTA BZ4X,BEV,S3,22,15078.7588,30.713,2054.7,after lifetime
toyota,SI,TOYOTA C-HR,HEV,S3,362,-13964.5459,3.001,2027.0,within lifetime
toyota,SI,TOYOTA CAMRY,HEV,S3,4,-19424.3132,1.974,2026.0,within lifetime
toyota,SI,TOYOTA COROLLA,HEV,S3,717,-14314.2646,2.93,2026.9,within lifetime
toyota,SI,TOYOTA COROLLA,ICE,S3,131,-20354.8965,1.814,2025.8,within lifetime
toyota,SI,TOYOTA GR 86 /,ICE,S3,1,-41799.3196,,,crossover before sale year (product already above benchmark at t=0)
toyota,SI,TOYOTA GR YARIS,ICE,S3,25,-41292.4301,,,crossover before sale year (product already above benchmark at t=0)
toyota,SI,TOYOTA HIGHLANDER,HEV,S3,28,-30042.1179,0.332,2024.3,within lifetime
toyota,SI,TOYOTA LAND CRUISER,ICE,S3,30,-65567.491,,,crossover before sale year (product already above benchmark at t=0)
toyota,SI,TOYOTA LAND CRUISER (150 SERIES),ICE,S3,3,-57253.2672,,,crossover before sale year (product already above benchmark at t=0)
toyota,SI,TOYOTA RAV4,HEV,S3,244,-20931.2654,1.716,2025.7,within lifetime
toyota,SI,TOYOTA RAV4,ICE,S3,6,-29848.2565,0.359,2024.4,within lifetime
toyota,SI,TOYOTA SUPRA,ICE,S3,3,-39635.767,,,crossover before sale year (product already above benchmark at t=0)
toyota,SI,TOYOTA YARIS,HEV,S3,184,-8139.6606,4.297,2028.3,within lifetime
toyota,SI,TOYOTA YARIS,ICE,S3,296,-18477.4273,2.142,2026.1,within lifetime
toyota,SI,TOYOTA YARIS CROSS,HEV,S3,573,-12261.6782,3.355,2027.4,within lifetime
toyota,SI,TOYOTA YARIS CROSS,ICE,S3,385,-21370.4063,1.643,2025.6,within lifetime
toyota,SK,COROLLA,HEV,S3,1,-17829.8581,0.33,2024.3,within lifetime
toyota,SK,PROACE,BEV,S3,2,9120.1806,31.821,2055.8,after lifetime
toyota,SK,PROACE,ICE,S3,383,-38123.9517,,,crossover before sale year (product already above benchmark at t=0)
toyota,SK,PROACE CITY VERSO,ICE,S3,884,-26709.6812,,,crossover before sale year (product already above benchmark at t=0)
toyota,SK,PROACE CITY VERSO ELECTRIC,BEV,S3,13,9663.5989,35.77,2059.8,after lifetime
toyota,SK,TOYOTA AYGO X,ICE,S3,218,-16781.9074,0.577,2024.6,within lifetime
toyota,SK,TOYOTA BZ4X,BEV,S3,36,10123.7265,39.964,2064.0,after lifetime
toyota,SK,TOYOTA C-HR,HEV,S3,1143,-17460.0568,0.416,2024.4,within lifetime
toyota,SK,TOYOTA CAMRY,HEV,S3,105,-20032.9464,,,crossover before sale year (product already above benchmark at t=0)
toyota,SK,TOYOTA COROLLA,HEV,S3,2166,-16358.8544,0.68,2024.7,within lifetime
toyota,SK,TOYOTA COROLLA,ICE,S3,364,-21843.6075,,,crossover before sale year (product already above benchmark at t=0)
toyota,SK,TOYOTA GR 86,ICE,S3,87,-39819.1304,,,crossover before sale year (product already above benchmark at t=0)
toyota,SK,TOYOTA GR YARIS,ICE,S3,55,-38599.5097,,,crossover before sale year (product already above benchmark at t=0)
toyota,SK,TOYOTA HIGHLANDER,HEV,S3,209,-29623.6488,,,crossover before sale year (product already above benchmark at t=0)
toyota,SK,TOYOTA LAND CRUISER,ICE,S3,128,-59963.7096,,,crossover before sale year (product already above benchmark at t=0)
toyota,SK,TOYOTA LAND CRUISER (150 SERIES),ICE,S3,28,-53117.4068,,,crossover before sale year (product already above benchmark at t=0)
toyota,SK,TOYOTA RAV4,HEV,S3,979,-22637.9846,,,crossover before sale year (product already above benchmark at t=0)
toyota,SK,TOYOTA RAV4,ICE,S3,65,-30237.7294,,,crossover before sale year (product already above benchmark at t=0)
toyota,SK,TOYOTA SUPRA,ICE,S3,12,-35328.3585,,,crossover before sale year (product already above benchmark at t=0)
toyota,SK,TOYOTA YARIS,HEV,S3,652,-12379.3898,1.727,2025.7,within lifetime
toyota,SK,TOYOTA YARIS,ICE,S3,307,-20401.1635,,,crossover before sale year (product already above benchmark at t=0)
toyota,SK,TOYOTA YARIS CROSS,HEV,S3,1048,-16403.6469,0.669,2024.7,within lifetime
toyota,SK,TOYOTA YARIS CROSS,ICE,S3,146,-22757.7026,,,crossover before sale year (product already above benchmark at t=0)
